id,Layer,node_count,HR_total,EPR_total,WR_total,UR_total
0,1,784,.000000000000000,.000000000000000,-24.77941287312256,24.77941287312256
0,2,256,-49.55882574624427,99.11765149248853,-52.64522864924707,3.086402903002788
0,3,10,-55.73163155224903,111.4632631044981,-27.86581577612450,-27.86581577612453
1,1,784,.000000000000000,.000000000000000,-24.77941287312254,24.77941287312254
1,2,256,-49.55882574624434,99.11765149248868,-41.78252209633754,-7.776303649906781
1,3,10,-34.00621844642997,68.01243689285994,-17.00310922321498,-17.00310922321498
2,1,784,.000000000000000,.000000000000000,-24.77941287312258,24.77941287312258
2,2,256,-49.55882574624430,99.11765149248860,-41.73900186998760,-7.819823876256712
2,3,10,-33.91917799373005,67.83835598746010,-16.95958899686503,-16.95958899686502
3,1,784,.000000000000000,.000000000000000,-24.77941287312256,24.77941287312256
3,2,256,-49.55882574624436,99.11765149248872,-41.71697281491776,-7.841852931326547
3,3,10,-33.87511988359040,67.75023976718080,-16.93755994179520,-16.93755994179520
4,1,784,.000000000000000,.000000000000000,-24.77941287312251,24.77941287312251
4,2,256,-49.55882574624428,99.11765149248856,-41.78387670488945,-7.774949041354885
4,3,10,-34.00892766353370,68.01785532706739,-17.00446383176685,-17.00446383176685
5,1,784,.000000000000000,.000000000000000,-24.77941287312256,24.77941287312256
5,2,256,-49.55882574624430,99.11765149248860,-41.78544494614000,-7.773380800104301
5,3,10,-34.01206414603487,68.02412829206975,-17.00603207301744,-17.00603207301742
6,1,784,.000000000000000,.000000000000000,-24.77941287312257,24.77941287312257
6,2,256,-49.55882574624429,99.11765149248858,-41.78282685674584,-7.775998889498464
6,3,10,-34.00682796724655,68.01365593449310,-17.00341398362328,-17.00341398362327
7,1,784,.000000000000000,.000000000000000,-24.77941287312257,24.77941287312257
7,2,256,-49.55882574624432,99.11765149248865,-41.79348400073575,-7.765341745508543
7,3,10,-34.02814225522639,68.05628451045278,-17.01407112761320,-17.01407112761320
8,1,784,.000000000000000,.000000000000000,-24.77941287312260,24.77941287312260
8,2,256,-49.55882574624428,99.11765149248856,-41.71100086933030,-7.847824876914009
8,3,10,-33.86317599241548,67.72635198483097,-16.93158799620775,-16.93158799620774
9,1,784,.000000000000000,.000000000000000,-24.77941287312253,24.77941287312253
9,2,256,-49.55882574624430,99.11765149248860,-41.84139082356752,-7.717434922676791
9,3,10,-34.12395590088990,68.24791180177981,-17.06197795044496,-17.06197795044495
10,1,784,.000000000000000,.000000000000000,-24.77941287312253,24.77941287312253
10,2,256,-49.55882574624432,99.11765149248863,-41.71039712283986,-7.848428623404464
10,3,10,-33.86196849943458,67.72393699886916,-16.93098424971729,-16.93098424971728
11,1,784,.000000000000000,.000000000000000,-24.77941287312257,24.77941287312257
11,2,256,-49.55882574624433,99.11765149248866,-41.71928926088719,-7.839536485357092
11,3,10,-33.87975277552929,67.75950555105858,-16.93987638776465,-16.93987638776465
12,1,784,.000000000000000,.000000000000000,-24.77941287312256,24.77941287312256
12,2,256,-49.55882574624431,99.11765149248862,-41.69889660146577,-7.859929144778536
12,3,10,-33.83896745668640,67.67793491337279,-16.91948372834320,-16.91948372834320
13,1,784,.000000000000000,.000000000000000,-24.77941287312257,24.77941287312257
13,2,256,-49.55882574624431,99.11765149248862,-41.71406067840732,-7.844765067836977
13,3,10,-33.86929561056950,67.73859122113900,-16.93464780528475,-16.93464780528475
14,1,784,.000000000000000,.000000000000000,-24.77941287312258,24.77941287312258
14,2,256,-49.55882574624427,99.11765149248853,-41.72491837357962,-7.833907372664665
14,3,10,-33.89101100091409,67.78202200182818,-16.94550550045705,-16.94550550045704
15,1,784,.000000000000000,.000000000000000,-24.77941287312256,24.77941287312256
15,2,256,-49.55882574624433,99.11765149248866,-41.74767792943811,-7.811147816806190
15,3,10,-33.93653011263110,67.87306022526219,-16.96826505631555,-16.96826505631555
16,1,784,.000000000000000,.000000000000000,-24.77941287312258,24.77941287312258
16,2,256,-49.55882574624429,99.11765149248858,-41.77224573092455,-7.786580015319810
16,3,10,-33.98566571560389,67.97133143120779,-16.99283285780194,-16.99283285780194
17,1,784,.000000000000000,.000000000000000,-24.77941287312252,24.77941287312252
17,2,256,-49.55882574624429,99.11765149248858,-41.75279922777344,-7.806026518470879
17,3,10,-33.94677270930173,67.89354541860345,-16.97338635465086,-16.97338635465087
18,1,784,.000000000000000,.000000000000000,-24.77941287312254,24.77941287312254
18,2,256,-49.55882574624430,99.11765149248860,-41.71008679993948,-7.848738946304851
18,3,10,-33.86134785363376,67.72269570726752,-16.93067392681689,-16.93067392681687
19,1,784,.000000000000000,.000000000000000,-24.77941287312259,24.77941287312259
19,2,256,-49.55882574624432,99.11765149248863,-41.83554345356088,-7.723282292683422
19,3,10,-34.11226116087664,68.22452232175328,-17.05613058043832,-17.05613058043833
20,1,784,.000000000000000,.000000000000000,-24.77941287312258,24.77941287312258
20,2,256,-49.55882574624429,99.11765149248858,-41.74088825881191,-7.817937487432393
20,3,10,-33.92295077137871,67.84590154275742,-16.96147538568935,-16.96147538568935
21,1,784,.000000000000000,.000000000000000,-24.77941287312257,24.77941287312257
21,2,256,-49.55882574624431,99.11765149248862,-41.76192151954719,-7.796904226697105
21,3,10,-33.96501729284930,67.93003458569859,-16.98250864642465,-16.98250864642464
22,1,784,.000000000000000,.000000000000000,-24.77941287312256,24.77941287312256
22,2,256,-49.55882574624428,99.11765149248856,-41.66590438821856,-7.892921358025744
22,3,10,-33.77298303019203,67.54596606038406,-16.88649151509602,-16.88649151509602
23,1,784,.000000000000000,.000000000000000,-24.77941287312256,24.77941287312256
23,2,256,-49.55882574624430,99.11765149248859,-41.76968132944423,-7.789144416800070
23,3,10,-33.98053691264334,67.96107382528668,-16.99026845632167,-16.99026845632166
24,1,784,.000000000000000,.000000000000000,-24.77941287312256,24.77941287312256
24,2,256,-49.55882574624430,99.11765149248859,-41.73403537905219,-7.824790367192094
24,3,10,-33.90924501185928,67.81849002371857,-16.95462250592964,-16.95462250592964
25,1,784,.000000000000000,.000000000000000,-24.77941287312257,24.77941287312257
25,2,256,-49.55882574624430,99.11765149248860,-41.78340907057682,-7.775416675667462
25,3,10,-34.00799239490857,68.01598478981714,-17.00399619745428,-17.00399619745428
26,1,784,.000000000000000,.000000000000000,-24.77941287312254,24.77941287312254
26,2,256,-49.55882574624430,99.11765149248860,-41.81258216679802,-7.746243579446303
26,3,10,-34.06633858735089,68.13267717470178,-17.03316929367545,-17.03316929367544
27,1,784,.000000000000000,.000000000000000,-24.77941287312260,24.77941287312260
27,2,256,-49.55882574624429,99.11765149248858,-41.76468640968063,-7.794139336563691
27,3,10,-33.97054707311612,67.94109414623223,-16.98527353655805,-16.98527353655805
28,1,784,.000000000000000,.000000000000000,-24.77941287312257,24.77941287312257
28,2,256,-49.55882574624430,99.11765149248859,-41.72713290129314,-7.831692844951155
28,3,10,-33.89544005634116,67.79088011268232,-16.94772002817058,-16.94772002817058
29,1,784,.000000000000000,.000000000000000,-24.77941287312257,24.77941287312257
29,2,256,-49.55882574624431,99.11765149248862,-41.77690514228095,-7.781920603963337
29,3,10,-33.99498453831681,67.98996907663361,-16.99749226915840,-16.99749226915841
30,1,784,.000000000000000,.000000000000000,-24.77941287312258,24.77941287312258
30,2,256,-49.55882574624431,99.11765149248862,-41.74173697900424,-7.817088767240072
30,3,10,-33.92464821176333,67.84929642352667,-16.96232410588166,-16.96232410588167
31,1,784,.000000000000000,.000000000000000,-24.77941287312257,24.77941287312257
31,2,256,-49.55882574624435,99.11765149248869,-41.80574528895422,-7.753080457290086
31,3,10,-34.05266483166331,68.10532966332663,-17.02633241583166,-17.02633241583166
32,1,784,.000000000000000,.000000000000000,-24.77941287312255,24.77941287312255
32,2,256,-49.55882574624428,99.11765149248856,-41.74158540748234,-7.817240338761957
32,3,10,-33.92434506871956,67.84869013743912,-16.96217253435978,-16.96217253435978
33,1,784,.000000000000000,.000000000000000,-24.77941287312252,24.77941287312252
33,2,256,-49.55882574624435,99.11765149248869,-41.71752898739561,-7.841296758848673
33,3,10,-33.87623222854614,67.75246445709229,-16.93811611427306,-16.93811611427308
34,1,784,.000000000000000,.000000000000000,-24.77941287312255,24.77941287312255
34,2,256,-49.55882574624431,99.11765149248862,-41.69845920426267,-7.860366541981635
34,3,10,-33.83809266228020,67.67618532456039,-16.91904633114010,-16.91904633114009
35,1,784,.000000000000000,.000000000000000,-24.77941287312260,24.77941287312260
35,2,256,-49.55882574624429,99.11765149248858,-41.76721578370377,-7.791609962540562
35,3,10,-33.97560582116239,67.95121164232478,-16.98780291058119,-16.98780291058119
36,1,784,.000000000000000,.000000000000000,-24.77941287312255,24.77941287312255
36,2,256,-49.55882574624430,99.11765149248859,-41.71764304024438,-7.841182705999919
36,3,10,-33.87646033424366,67.75292066848732,-16.93823016712183,-16.93823016712184
37,1,784,.000000000000000,.000000000000000,-24.77941287312258,24.77941287312258
37,2,256,-49.55882574624432,99.11765149248863,-41.73458987811001,-7.824235868134296
37,3,10,-33.91035400997494,67.82070801994988,-16.95517700498747,-16.95517700498747
38,1,784,.000000000000000,.000000000000000,-24.77941287312258,24.77941287312258
38,2,256,-49.55882574624432,99.11765149248865,-41.75431280452561,-7.804512941718675
38,3,10,-33.94979986280615,67.89959972561230,-16.97489993140307,-16.97489993140308
39,1,784,.000000000000000,.000000000000000,-24.77941287312256,24.77941287312256
39,2,256,-49.55882574624428,99.11765149248856,-41.72519594733017,-7.833629798914128
39,3,10,-33.89156614841523,67.78313229683046,-16.94578307420761,-16.94578307420762
40,1,784,.000000000000000,.000000000000000,-24.77941287312256,24.77941287312256
40,2,256,-49.55882574624430,99.11765149248859,-41.70986856091701,-7.848957185327292
40,3,10,-33.86091137558893,67.72182275117785,-16.93045568779446,-16.93045568779446
41,1,784,.000000000000000,.000000000000000,-24.77941287312257,24.77941287312257
41,2,256,-49.55882574624432,99.11765149248863,-41.78506981246250,-7.773755933781805
41,3,10,-34.01131387867991,68.02262775735981,-17.00565693933995,-17.00565693933995
42,1,784,.000000000000000,.000000000000000,-24.77941287312258,24.77941287312258
42,2,256,-49.55882574624427,99.11765149248853,-41.78134789716855,-7.777477849075744
42,3,10,-34.00387004809202,68.00774009618404,-17.00193502404601,-17.00193502404601
43,1,784,.000000000000000,.000000000000000,-24.77941287312255,24.77941287312255
43,2,256,-49.55882574624430,99.11765149248860,-41.78139665025864,-7.777429095985692
43,3,10,-34.00396755427207,68.00793510854413,-17.00198377713604,-17.00198377713603
44,1,784,.000000000000000,.000000000000000,-24.77941287312259,24.77941287312259
44,2,256,-49.55882574624430,99.11765149248860,-41.76674149514548,-7.792084251098842
44,3,10,-33.97465724404582,67.94931448809163,-16.98732862202291,-16.98732862202291
45,1,784,.000000000000000,.000000000000000,-24.77941287312253,24.77941287312253
45,2,256,-49.55882574624429,99.11765149248858,-41.69279040591848,-7.866035340325799
45,3,10,-33.82675506559186,67.65351013118372,-16.91337753279593,-16.91337753279593
46,1,784,.000000000000000,.000000000000000,-24.77941287312253,24.77941287312253
46,2,256,-49.55882574624432,99.11765149248863,-41.75623760487298,-7.802588141371317
46,3,10,-33.95364946350085,67.90729892700169,-16.97682473175042,-16.97682473175042
47,1,784,.000000000000000,.000000000000000,-24.77941287312259,24.77941287312259
47,2,256,-49.55882574624434,99.11765149248868,-41.77603552171894,-7.782790224525383
47,3,10,-33.99324529719271,67.98649059438542,-16.99662264859635,-16.99662264859635
48,1,784,.000000000000000,.000000000000000,-24.77941287312256,24.77941287312256
48,2,256,-49.55882574624430,99.11765149248859,-41.79114303003137,-7.767682716212936
48,3,10,-34.02346031381761,68.04692062763522,-17.01173015690880,-17.01173015690880
49,1,784,.000000000000000,.000000000000000,-24.77941287312257,24.77941287312257
49,2,256,-49.55882574624431,99.11765149248862,-41.74755566629743,-7.811270079946882
49,3,10,-33.93628558634975,67.87257117269949,-16.96814279317487,-16.96814279317487
50,1,784,.000000000000000,.000000000000000,-24.77941287312255,24.77941287312255
50,2,256,-49.55882574624427,99.11765149248853,-41.77689355584894,-7.781932190395372
50,3,10,-33.99496136545276,67.98992273090552,-16.99748068272638,-16.99748068272638
51,1,784,.000000000000000,.000000000000000,-24.77941287312254,24.77941287312254
51,2,256,-49.55882574624432,99.11765149248865,-41.72248946542260,-7.836336280821716
51,3,10,-33.88615318460006,67.77230636920012,-16.94307659230003,-16.94307659230003
52,1,784,.000000000000000,.000000000000000,-24.77941287312257,24.77941287312257
52,2,256,-49.55882574624432,99.11765149248865,-41.77157978585181,-7.787245960392509
52,3,10,-33.98433382545849,67.96866765091698,-16.99216691272925,-16.99216691272925
53,1,784,.000000000000000,.000000000000000,-24.77941287312252,24.77941287312252
53,2,256,-49.55882574624432,99.11765149248865,-41.68893233678714,-7.869893409457149
53,3,10,-33.81903892732921,67.63807785465842,-16.90951946366461,-16.90951946366460
54,1,784,.000000000000000,.000000000000000,-24.77941287312260,24.77941287312260
54,2,256,-49.55882574624430,99.11765149248860,-41.77425790241779,-7.784567843826506
54,3,10,-33.98969005859045,67.97938011718090,-16.99484502929523,-16.99484502929523
55,1,784,.000000000000000,.000000000000000,-24.77941287312257,24.77941287312257
55,2,256,-49.55882574624430,99.11765149248860,-41.71523894137480,-7.843586804869474
55,3,10,-33.87165213650453,67.74330427300906,-16.93582606825227,-16.93582606825226
56,1,784,.000000000000000,.000000000000000,-24.77941287312255,24.77941287312255
56,2,256,-49.55882574624433,99.11765149248866,-41.73781491100297,-7.821010835241323
56,3,10,-33.91680407576084,67.83360815152169,-16.95840203788042,-16.95840203788041
57,1,784,.000000000000000,.000000000000000,-24.77941287312255,24.77941287312255
57,2,256,-49.55882574624433,99.11765149248866,-41.71776255160896,-7.841063194635352
57,3,10,-33.87669935697279,67.75339871394559,-16.93834967848640,-16.93834967848640
58,1,784,.000000000000000,.000000000000000,-24.77941287312256,24.77941287312256
58,2,256,-49.55882574624430,99.11765149248860,-41.71342034912211,-7.845405397122192
58,3,10,-33.86801495199911,67.73602990399822,-16.93400747599955,-16.93400747599956
59,1,784,.000000000000000,.000000000000000,-24.77941287312257,24.77941287312257
59,2,256,-49.55882574624427,99.11765149248855,-41.72412721705997,-7.834698529184329
59,3,10,-33.88942868787480,67.77885737574961,-16.94471434393741,-16.94471434393740
60,1,784,.000000000000000,.000000000000000,-24.77941287312255,24.77941287312255
60,2,256,-49.55882574624435,99.11765149248869,-41.73504870625163,-7.823777039992676
60,3,10,-33.91127166625812,67.82254333251623,-16.95563583312906,-16.95563583312906
61,1,784,.000000000000000,.000000000000000,-24.77941287312258,24.77941287312258
61,2,256,-49.55882574624430,99.11765149248860,-41.82691455226664,-7.731911193977667
61,3,10,-34.09500335828815,68.19000671657629,-17.04750167914407,-17.04750167914407
62,1,784,.000000000000000,.000000000000000,-24.77941287312257,24.77941287312257
62,2,256,-49.55882574624431,99.11765149248862,-41.70120364126527,-7.857622104979054
62,3,10,-33.84358153628540,67.68716307257080,-16.92179076814270,-16.92179076814270
63,1,784,.000000000000000,.000000000000000,-24.77941287312255,24.77941287312255
63,2,256,-49.55882574624434,99.11765149248868,-41.72313942077566,-7.835686325468641
63,3,10,-33.88745309530621,67.77490619061243,-16.94372654765311,-16.94372654765311
64,1,784,.000000000000000,.000000000000000,-24.77941287312258,24.77941287312258
64,2,256,-49.55882574624430,99.11765149248860,-41.76026226427600,-7.798563481968290
64,3,10,-33.96169878230692,67.92339756461384,-16.98084939115346,-16.98084939115346
65,1,784,.000000000000000,.000000000000000,-24.77941287312256,24.77941287312256
65,2,256,-49.55882574624430,99.11765149248860,-41.67420162601545,-7.884624120228854
65,3,10,-33.78957750578580,67.57915501157160,-16.89478875289290,-16.89478875289289
66,1,784,.000000000000000,.000000000000000,-24.77941287312258,24.77941287312258
66,2,256,-49.55882574624430,99.11765149248859,-41.73186812223907,-7.826957624005225
66,3,10,-33.90491049823304,67.80982099646609,-16.95245524911652,-16.95245524911652
67,1,784,.000000000000000,.000000000000000,-24.77941287312254,24.77941287312254
67,2,256,-49.55882574624432,99.11765149248865,-41.71661172567988,-7.842214020564439
67,3,10,-33.87439770511462,67.74879541022923,-16.93719885255731,-16.93719885255731
68,1,784,.000000000000000,.000000000000000,-24.77941287312254,24.77941287312254
68,2,256,-49.55882574624432,99.11765149248865,-41.70301567483270,-7.855810071411630
68,3,10,-33.84720560342024,67.69441120684048,-16.92360280171012,-16.92360280171013
69,1,784,.000000000000000,.000000000000000,-24.77941287312257,24.77941287312257
69,2,256,-49.55882574624435,99.11765149248869,-41.72759326559055,-7.831232480653795
69,3,10,-33.89636078493591,67.79272156987182,-16.94818039246795,-16.94818039246796
70,1,784,.000000000000000,.000000000000000,-24.77941287312255,24.77941287312255
70,2,256,-49.55882574624429,99.11765149248858,-41.70222861271511,-7.856597133529195
70,3,10,-33.84563147918509,67.69126295837019,-16.92281573959255,-16.92281573959255
71,1,784,.000000000000000,.000000000000000,-24.77941287312256,24.77941287312256
71,2,256,-49.55882574624430,99.11765149248860,-41.67976041639559,-7.879065329848745
71,3,10,-33.80069508654600,67.60139017309200,-16.90034754327300,-16.90034754327300
72,1,784,.000000000000000,.000000000000000,-24.77941287312256,24.77941287312256
72,2,256,-49.55882574624430,99.11765149248860,-41.74603641394898,-7.812789332295317
72,3,10,-33.93324708165286,67.86649416330572,-16.96662354082643,-16.96662354082643
73,1,784,.000000000000000,.000000000000000,-24.77941287312258,24.77941287312258
73,2,256,-49.55882574624430,99.11765149248860,-41.76051592693058,-7.798309819313754
73,3,10,-33.96220610761598,67.92441221523195,-16.98110305380798,-16.98110305380799
74,1,784,.000000000000000,.000000000000000,-24.77941287312254,24.77941287312254
74,2,256,-49.55882574624431,99.11765149248862,-41.71679562228142,-7.842030123962900
74,3,10,-33.87476549831769,67.74953099663537,-16.93738274915884,-16.93738274915885
75,1,784,.000000000000000,.000000000000000,-24.77941287312255,24.77941287312255
75,2,256,-49.55882574624431,99.11765149248862,-41.74183494577372,-7.816990800470588
75,3,10,-33.92484414530229,67.84968829060458,-16.96242207265115,-16.96242207265114
76,1,784,.000000000000000,.000000000000000,-24.77941287312257,24.77941287312257
76,2,256,-49.55882574624430,99.11765149248859,-41.72256977690378,-7.836255969340571
76,3,10,-33.88631380756235,67.77262761512470,-16.94315690378118,-16.94315690378117
77,1,784,.000000000000000,.000000000000000,-24.77941287312255,24.77941287312255
77,2,256,-49.55882574624427,99.11765149248853,-41.72206654372637,-7.836759202517916
77,3,10,-33.88530734120767,67.77061468241534,-16.94265367060383,-16.94265367060384
78,1,784,.000000000000000,.000000000000000,-24.77941287312257,24.77941287312257
78,2,256,-49.55882574624432,99.11765149248863,-41.75913156973736,-7.799694176506992
78,3,10,-33.95943739322954,67.91887478645907,-16.97971869661477,-16.97971869661477
79,1,784,.000000000000000,.000000000000000,-24.77941287312255,24.77941287312255
79,2,256,-49.55882574624431,99.11765149248862,-41.78607708293588,-7.772748663308398
79,3,10,-34.01332841962672,68.02665683925343,-17.00666420981335,-17.00666420981335
80,1,784,.000000000000000,.000000000000000,-24.77941287312256,24.77941287312256
80,2,256,-49.55882574624427,99.11765149248855,-41.74619767233899,-7.812628073905293
80,3,10,-33.93356959843290,67.86713919686579,-16.96678479921645,-16.96678479921645
81,1,784,.000000000000000,.000000000000000,-24.77941287312260,24.77941287312260
81,2,256,-49.55882574624432,99.11765149248865,-41.68807338290461,-7.870752363339705
81,3,10,-33.81732101956409,67.63464203912818,-16.90866050978205,-16.90866050978205
82,1,784,.000000000000000,.000000000000000,-24.77941287312257,24.77941287312257
82,2,256,-49.55882574624435,99.11765149248870,-41.75661792828320,-7.802207817961114
82,3,10,-33.95441011032127,67.90882022064254,-16.97720505516063,-16.97720505516064
83,1,784,.000000000000000,.000000000000000,-24.77941287312256,24.77941287312256
83,2,256,-49.55882574624432,99.11765149248863,-41.76626600421882,-7.792559742025470
83,3,10,-33.97370626219254,67.94741252438507,-16.98685313109627,-16.98685313109626
84,1,784,.000000000000000,.000000000000000,-24.77941287312256,24.77941287312256
84,2,256,-49.55882574624432,99.11765149248863,-41.73982321565147,-7.819002530592839
84,3,10,-33.92082068505786,67.84164137011572,-16.96041034252892,-16.96041034252894
85,1,784,.000000000000000,.000000000000000,-24.77941287312258,24.77941287312258
85,2,256,-49.55882574624430,99.11765149248859,-41.81209297817706,-7.746732768067260
85,3,10,-34.06536021010898,68.13072042021795,-17.03268010505449,-17.03268010505449
86,1,784,.000000000000000,.000000000000000,-24.77941287312256,24.77941287312256
86,2,256,-49.55882574624431,99.11765149248862,-41.73739924168107,-7.821426504563240
86,3,10,-33.91597273711700,67.83194547423399,-16.95798636855849,-16.95798636855850
87,1,784,.000000000000000,.000000000000000,-24.77941287312255,24.77941287312255
87,2,256,-49.55882574624430,99.11765149248859,-41.76782950882378,-7.790996237420487
87,3,10,-33.97683327140250,67.95366654280501,-16.98841663570125,-16.98841663570125
88,1,784,.000000000000000,.000000000000000,-24.77941287312256,24.77941287312256
88,2,256,-49.55882574624432,99.11765149248863,-41.80647678016440,-7.752348966079906
88,3,10,-34.05412781408366,68.10825562816733,-17.02706390704183,-17.02706390704183
89,1,784,.000000000000000,.000000000000000,-24.77941287312257,24.77941287312257
89,2,256,-49.55882574624432,99.11765149248863,-41.83116331698683,-7.727662429257458
89,3,10,-34.10350088772857,68.20700177545714,-17.05175044386428,-17.05175044386429
90,1,784,.000000000000000,.000000000000000,-24.77941287312260,24.77941287312260
90,2,256,-49.55882574624431,99.11765149248862,-41.85327619010846,-7.705549556135855
90,3,10,-34.14772663397179,68.29545326794357,-17.07386331698589,-17.07386331698589
91,1,784,.000000000000000,.000000000000000,-24.77941287312255,24.77941287312255
91,2,256,-49.55882574624432,99.11765149248863,-41.79468316821616,-7.764142578028152
91,3,10,-34.03054059018717,68.06108118037434,-17.01527029509359,-17.01527029509359
92,1,784,.000000000000000,.000000000000000,-24.77941287312253,24.77941287312253
92,2,256,-49.55882574624430,99.11765149248859,-41.78590013072529,-7.772925615519002
92,3,10,-34.01297451520550,68.02594903041100,-17.00648725760275,-17.00648725760275
93,1,784,.000000000000000,.000000000000000,-24.77941287312257,24.77941287312257
93,2,256,-49.55882574624433,99.11765149248866,-41.75358503576889,-7.805240710475411
93,3,10,-33.94834432529268,67.89668865058536,-16.97417216264634,-16.97417216264634
94,1,784,.000000000000000,.000000000000000,-24.77941287312258,24.77941287312258
94,2,256,-49.55882574624429,99.11765149248858,-41.72571090025230,-7.833114845991993
94,3,10,-33.89259605425949,67.78519210851897,-16.94629802712975,-16.94629802712974
95,1,784,.000000000000000,.000000000000000,-24.77941287312255,24.77941287312255
95,2,256,-49.55882574624432,99.11765149248865,-41.73167404185279,-7.827151704391540
95,3,10,-33.90452233746041,67.80904467492081,-16.95226116873020,-16.95226116873020
96,1,784,.000000000000000,.000000000000000,-24.77941287312258,24.77941287312258
96,2,256,-49.55882574624434,99.11765149248868,-41.66610814805036,-7.892717598193918
96,3,10,-33.77339054985566,67.54678109971131,-16.88669527492783,-16.88669527492783
97,1,784,.000000000000000,.000000000000000,-24.77941287312258,24.77941287312258
97,2,256,-49.55882574624433,99.11765149248866,-41.72406417167512,-7.834761574569178
97,3,10,-33.88930259710512,67.77860519421024,-16.94465129855256,-16.94465129855256
98,1,784,.000000000000000,.000000000000000,-24.77941287312256,24.77941287312256
98,2,256,-49.55882574624434,99.11765149248868,-41.77459631805904,-7.784229428185308
98,3,10,-33.99036688987289,67.98073377974578,-16.99518344493644,-16.99518344493644
99,1,784,.000000000000000,.000000000000000,-24.77941287312253,24.77941287312253
99,2,256,-49.55882574624431,99.11765149248862,-41.69336242153231,-7.865463324712008
99,3,10,-33.82789909681947,67.65579819363894,-16.91394954840974,-16.91394954840974
100,1,784,.000000000000000,.000000000000000,-24.77941287312257,24.77941287312257
100,2,256,-49.55882574624430,99.11765149248860,-41.78463820946908,-7.774187536775234
100,3,10,-34.01045067269303,68.02090134538605,-17.00522533634652,-17.00522533634651
101,1,784,.000000000000000,.000000000000000,-24.77941287312256,24.77941287312256
101,2,256,-49.55882574624432,99.11765149248865,-41.67783843777482,-7.880987308469508
101,3,10,-33.79685112930448,67.59370225860896,-16.89842556465224,-16.89842556465224
102,1,784,.000000000000000,.000000000000000,-24.77941287312257,24.77941287312257
102,2,256,-49.55882574624430,99.11765149248859,-41.81347658958148,-7.745349156662798
102,3,10,-34.06812743291788,68.13625486583575,-17.03406371645894,-17.03406371645893
103,1,784,.000000000000000,.000000000000000,-24.77941287312257,24.77941287312257
103,2,256,-49.55882574624433,99.11765149248866,-41.68380794164089,-7.875017804603394
103,3,10,-33.80879013703670,67.61758027407339,-16.90439506851835,-16.90439506851834
104,1,784,.000000000000000,.000000000000000,-24.77941287312258,24.77941287312258
104,2,256,-49.55882574624434,99.11765149248868,-41.74959334276240,-7.809232403481948
104,3,10,-33.94036093927961,67.88072187855923,-16.97018046963981,-16.97018046963980
105,1,784,.000000000000000,.000000000000000,-24.77941287312258,24.77941287312258
105,2,256,-49.55882574624432,99.11765149248865,-41.78732616773711,-7.771499578507188
105,3,10,-34.01582658922912,68.03165317845824,-17.00791329461456,-17.00791329461456
106,1,784,.000000000000000,.000000000000000,-24.77941287312258,24.77941287312258
106,2,256,-49.55882574624432,99.11765149248863,-41.76652800599582,-7.792297740248497
106,3,10,-33.97423026574650,67.94846053149300,-16.98711513287325,-16.98711513287325
107,1,784,.000000000000000,.000000000000000,-24.77941287312257,24.77941287312257
107,2,256,-49.55882574624434,99.11765149248868,-41.78684780037938,-7.771977945864956
107,3,10,-34.01486985451361,68.02973970902723,-17.00743492725681,-17.00743492725681
108,1,784,.000000000000000,.000000000000000,-24.77941287312255,24.77941287312255
108,2,256,-49.55882574624431,99.11765149248862,-41.76142445093016,-7.797401295314198
108,3,10,-33.96402315561510,67.92804631123019,-16.98201157780755,-16.98201157780754
109,1,784,.000000000000000,.000000000000000,-24.77941287312260,24.77941287312260
109,2,256,-49.55882574624432,99.11765149248865,-41.75933420086195,-7.799491545382361
109,3,10,-33.95984265547877,67.91968531095755,-16.97992132773939,-16.97992132773938
110,1,784,.000000000000000,.000000000000000,-24.77941287312258,24.77941287312258
110,2,256,-49.55882574624432,99.11765149248863,-41.75511217365495,-7.803713572589372
110,3,10,-33.95139860106476,67.90279720212952,-16.97569930053238,-16.97569930053238
111,1,784,.000000000000000,.000000000000000,-24.77941287312258,24.77941287312258
111,2,256,-49.55882574624432,99.11765149248863,-41.72423650024047,-7.834589246003862
111,3,10,-33.88964725423576,67.77929450847152,-16.94482362711788,-16.94482362711788
112,1,784,.000000000000000,.000000000000000,-24.77941287312256,24.77941287312256
112,2,256,-49.55882574624428,99.11765149248856,-41.75428796953334,-7.804537776710959
112,3,10,-33.94975019282155,67.89950038564309,-16.97487509641077,-16.97487509641077
113,1,784,.000000000000000,.000000000000000,-24.77941287312255,24.77941287312255
113,2,256,-49.55882574624433,99.11765149248866,-41.77743292752458,-7.781392818719761
113,3,10,-33.99604010880397,67.99208021760795,-16.99802005440199,-16.99802005440199
114,1,784,.000000000000000,.000000000000000,-24.77941287312256,24.77941287312256
114,2,256,-49.55882574624430,99.11765149248860,-41.66053781502747,-7.898287931216821
114,3,10,-33.76224988380984,67.52449976761967,-16.88112494190491,-16.88112494190493
115,1,784,.000000000000000,.000000000000000,-24.77941287312258,24.77941287312258
115,2,256,-49.55882574624432,99.11765149248863,-41.81193738279099,-7.746888363453333
115,3,10,-34.06504901933683,68.13009803867367,-17.03252450966842,-17.03252450966842
116,1,784,.000000000000000,.000000000000000,-24.77941287312260,24.77941287312260
116,2,256,-49.55882574624427,99.11765149248855,-41.76757948069299,-7.791246265551336
116,3,10,-33.97633321514081,67.95266643028161,-16.98816660757040,-16.98816660757041
117,1,784,.000000000000000,.000000000000000,-24.77941287312255,24.77941287312255
117,2,256,-49.55882574624431,99.11765149248862,-41.72501944740735,-7.833806298836953
117,3,10,-33.89121314856961,67.78242629713922,-16.94560657428481,-16.94560657428480
118,1,784,.000000000000000,.000000000000000,-24.77941287312257,24.77941287312257
118,2,256,-49.55882574624430,99.11765149248859,-41.81319909565100,-7.745626650593303
118,3,10,-34.06757244505688,68.13514489011375,-17.03378622252843,-17.03378622252843
119,1,784,.000000000000000,.000000000000000,-24.77941287312257,24.77941287312257
119,2,256,-49.55882574624432,99.11765149248863,-41.79037263935292,-7.768453106891375
119,3,10,-34.02191953246075,68.04383906492150,-17.01095976623037,-17.01095976623038
120,1,784,.000000000000000,.000000000000000,-24.77941287312258,24.77941287312258
120,2,256,-49.55882574624432,99.11765149248863,-41.74085905545587,-7.817966690788420
120,3,10,-33.92289236466668,67.84578472933336,-16.96144618233334,-16.96144618233334
121,1,784,.000000000000000,.000000000000000,-24.77941287312255,24.77941287312255
121,2,256,-49.55882574624426,99.11765149248852,-41.76989174739222,-7.788933998852083
121,3,10,-33.98095774853932,67.96191549707865,-16.99047887426966,-16.99047887426967
122,1,784,.000000000000000,.000000000000000,-24.77941287312256,24.77941287312256
122,2,256,-49.55882574624431,99.11765149248862,-41.80925548777226,-7.749570258472097
122,3,10,-34.05968522929930,68.11937045859861,-17.02984261464965,-17.02984261464966
123,1,784,.000000000000000,.000000000000000,-24.77941287312256,24.77941287312256
123,2,256,-49.55882574624425,99.11765149248851,-41.78278125604009,-7.776044490204194
123,3,10,-34.00673676583507,68.01347353167014,-17.00336838291754,-17.00336838291753
124,1,784,.000000000000000,.000000000000000,-24.77941287312258,24.77941287312258
124,2,256,-49.55882574624434,99.11765149248868,-41.85927743030118,-7.699548315943090
124,3,10,-34.15972911435730,68.31945822871461,-17.07986455717866,-17.07986455717866
125,1,784,.000000000000000,.000000000000000,-24.77941287312257,24.77941287312257
125,2,256,-49.55882574624429,99.11765149248858,-41.74261296633502,-7.816212779909301
125,3,10,-33.92640018642489,67.85280037284977,-16.96320009321244,-16.96320009321245
126,1,784,.000000000000000,.000000000000000,-24.77941287312257,24.77941287312257
126,2,256,-49.55882574624432,99.11765149248863,-41.75032036522671,-7.808505381017606
126,3,10,-33.94181498420826,67.88362996841651,-16.97090749210413,-16.97090749210413
127,1,784,.000000000000000,.000000000000000,-24.77941287312259,24.77941287312259
127,2,256,-49.55882574624432,99.11765149248863,-41.81243419702499,-7.746391549219300
127,3,10,-34.06604264780487,68.13208529560974,-17.03302132390243,-17.03302132390244
128,1,784,.000000000000000,.000000000000000,-24.77941287312256,24.77941287312256
128,2,256,-49.55882574624429,99.11765149248858,-41.69775502357975,-7.861070722664555
128,3,10,-33.83668430091437,67.67336860182874,-16.91834215045719,-16.91834215045719
129,1,784,.000000000000000,.000000000000000,-24.77941287312255,24.77941287312255
129,2,256,-49.55882574624434,99.11765149248868,-41.81782032747017,-7.741005418774141
129,3,10,-34.07681490869523,68.15362981739045,-17.03840745434762,-17.03840745434761
130,1,784,.000000000000000,.000000000000000,-24.77941287312257,24.77941287312257
130,2,256,-49.55882574624427,99.11765149248855,-41.74259934856072,-7.816226397683563
130,3,10,-33.92637295087634,67.85274590175268,-16.96318647543817,-16.96318647543817
131,1,784,.000000000000000,.000000000000000,-24.77941287312260,24.77941287312260
131,2,256,-49.55882574624430,99.11765149248859,-41.72934947842730,-7.829476267817015
131,3,10,-33.89987321060948,67.79974642121897,-16.94993660530475,-16.94993660530474
132,1,784,.000000000000000,.000000000000000,-24.77941287312259,24.77941287312259
132,2,256,-49.55882574624427,99.11765149248855,-41.78555921362965,-7.773266532614635
132,3,10,-34.01229268101419,68.02458536202839,-17.00614634050710,-17.00614634050710
133,1,784,.000000000000000,.000000000000000,-24.77941287312257,24.77941287312257
133,2,256,-49.55882574624429,99.11765149248858,-41.69309865107990,-7.865727095164413
133,3,10,-33.82737155591465,67.65474311182929,-16.91368577795732,-16.91368577795733
134,1,784,.000000000000000,.000000000000000,-24.77941287312257,24.77941287312257
134,2,256,-49.55882574624427,99.11765149248855,-41.79354007210935,-7.765285674134981
134,3,10,-34.02825439797351,68.05650879594702,-17.01412719898675,-17.01412719898676
135,1,784,.000000000000000,.000000000000000,-24.77941287312258,24.77941287312258
135,2,256,-49.55882574624429,99.11765149248858,-41.73951654320674,-7.819309203037571
135,3,10,-33.92020734016833,67.84041468033666,-16.96010367008417,-16.96010367008416
136,1,784,.000000000000000,.000000000000000,-24.77941287312256,24.77941287312256
136,2,256,-49.55882574624429,99.11765149248858,-41.70356089237355,-7.855264853870776
136,3,10,-33.84829603850195,67.69659207700390,-16.92414801925097,-16.92414801925098
137,1,784,.000000000000000,.000000000000000,-24.77941287312259,24.77941287312259
137,2,256,-49.55882574624434,99.11765149248868,-41.71358075057103,-7.845244995673254
137,3,10,-33.86833575489697,67.73667150979394,-16.93416787744848,-16.93416787744849
138,1,784,.000000000000000,.000000000000000,-24.77941287312257,24.77941287312257
138,2,256,-49.55882574624429,99.11765149248858,-41.71556346729007,-7.843262278954197
138,3,10,-33.87230118833509,67.74460237667019,-16.93615059416754,-16.93615059416755
139,1,784,.000000000000000,.000000000000000,-24.77941287312257,24.77941287312257
139,2,256,-49.55882574624431,99.11765149248862,-41.77242338388137,-7.786402362362943
139,3,10,-33.98602102151763,67.97204204303526,-16.99301051075881,-16.99301051075881
140,1,784,.000000000000000,.000000000000000,-24.77941287312262,24.77941287312262
140,2,256,-49.55882574624430,99.11765149248859,-41.73257731345618,-7.826248432788138
140,3,10,-33.90632888066722,67.81265776133445,-16.95316444033361,-16.95316444033361
141,1,784,.000000000000000,.000000000000000,-24.77941287312258,24.77941287312258
141,2,256,-49.55882574624432,99.11765149248865,-41.75352549489300,-7.805300251351309
141,3,10,-33.94822524354085,67.89645048708169,-16.97411262177042,-16.97411262177042
142,1,784,.000000000000000,.000000000000000,-24.77941287312255,24.77941287312255
142,2,256,-49.55882574624428,99.11765149248856,-41.81049289698852,-7.748332849255769
142,3,10,-34.06216004773195,68.12432009546390,-17.03108002386598,-17.03108002386598
143,1,784,.000000000000000,.000000000000000,-24.77941287312257,24.77941287312257
143,2,256,-49.55882574624430,99.11765149248859,-41.80626004487917,-7.752565701365124
143,3,10,-34.05369434351326,68.10738868702651,-17.02684717175663,-17.02684717175663
144,1,784,.000000000000000,.000000000000000,-24.77941287312255,24.77941287312255
144,2,256,-49.55882574624430,99.11765149248860,-41.76041174124153,-7.798414005002805
144,3,10,-33.96199773623788,67.92399547247575,-16.98099886811895,-16.98099886811893
145,1,784,.000000000000000,.000000000000000,-24.77941287312258,24.77941287312258
145,2,256,-49.55882574624432,99.11765149248865,-41.75333427270136,-7.805491473542963
145,3,10,-33.94784279915754,67.89568559831508,-16.97392139957877,-16.97392139957877
146,1,784,.000000000000000,.000000000000000,-24.77941287312257,24.77941287312257
146,2,256,-49.55882574624431,99.11765149248862,-41.83756195403681,-7.721263792207515
146,3,10,-34.11629816182848,68.23259632365696,-17.05814908091424,-17.05814908091423
147,1,784,.000000000000000,.000000000000000,-24.77941287312259,24.77941287312259
147,2,256,-49.55882574624433,99.11765149248866,-41.76572646134161,-7.793099284902672
147,3,10,-33.97262717643813,67.94525435287626,-16.98631358821906,-16.98631358821907
148,1,784,.000000000000000,.000000000000000,-24.77941287312256,24.77941287312256
148,2,256,-49.55882574624432,99.11765149248863,-41.77162867206196,-7.787197074182364
148,3,10,-33.98443159787878,67.96886319575756,-16.99221579893939,-16.99221579893939
149,1,784,.000000000000000,.000000000000000,-24.77941287312256,24.77941287312256
149,2,256,-49.55882574624435,99.11765149248870,-41.78238991476367,-7.776435831480661
149,3,10,-34.00595408328216,68.01190816656433,-17.00297704164108,-17.00297704164108
150,1,784,.000000000000000,.000000000000000,-24.77941287312256,24.77941287312256
150,2,256,-49.55882574624432,99.11765149248865,-41.72697968932452,-7.831846056919785
150,3,10,-33.89513363240391,67.79026726480782,-16.94756681620196,-16.94756681620195
151,1,784,.000000000000000,.000000000000000,-24.77941287312256,24.77941287312256
151,2,256,-49.55882574624432,99.11765149248863,-41.86115383123357,-7.697671915010710
151,3,10,-34.16348191622209,68.32696383244418,-17.08174095811104,-17.08174095811105
152,1,784,.000000000000000,.000000000000000,-24.77941287312255,24.77941287312255
152,2,256,-49.55882574624436,99.11765149248872,-41.73711813974272,-7.821707606501600
152,3,10,-33.91541053324033,67.83082106648065,-16.95770526662016,-16.95770526662017
153,1,784,.000000000000000,.000000000000000,-24.77941287312255,24.77941287312255
153,2,256,-49.55882574624432,99.11765149248863,-41.77797719652747,-7.780848549716853
153,3,10,-33.99712864680981,67.99425729361961,-16.99856432340490,-16.99856432340491
154,1,784,.000000000000000,.000000000000000,-24.77941287312256,24.77941287312256
154,2,256,-49.55882574624432,99.11765149248865,-41.75212214479407,-7.806703601450208
154,3,10,-33.94541854334305,67.89083708668610,-16.97270927167153,-16.97270927167153
155,1,784,.000000000000000,.000000000000000,-24.77941287312255,24.77941287312255
155,2,256,-49.55882574624428,99.11765149248856,-41.68903495247036,-7.869790793773901
155,3,10,-33.81924415869570,67.63848831739141,-16.90962207934784,-16.90962207934786
156,1,784,.000000000000000,.000000000000000,-24.77941287312257,24.77941287312257
156,2,256,-49.55882574624435,99.11765149248869,-41.78219863385450,-7.776627112389806
156,3,10,-34.00557152146389,68.01114304292778,-17.00278576073194,-17.00278576073195
157,1,784,.000000000000000,.000000000000000,-24.77941287312257,24.77941287312257
157,2,256,-49.55882574624432,99.11765149248863,-41.64974388007371,-7.909081866170615
157,3,10,-33.74066201390223,67.48132402780446,-16.87033100695112,-16.87033100695112
158,1,784,.000000000000000,.000000000000000,-24.77941287312255,24.77941287312255
158,2,256,-49.55882574624432,99.11765149248863,-41.80937121967590,-7.749454526568414
158,3,10,-34.05991669310666,68.11983338621332,-17.02995834655333,-17.02995834655333
159,1,784,.000000000000000,.000000000000000,-24.77941287312261,24.77941287312261
159,2,256,-49.55882574624432,99.11765149248865,-41.79066215727040,-7.768163588973888
159,3,10,-34.02249856829570,68.04499713659139,-17.01124928414785,-17.01124928414784
160,1,784,.000000000000000,.000000000000000,-24.77941287312257,24.77941287312257
160,2,256,-49.55882574624433,99.11765149248866,-41.72027162753279,-7.838554118711528
160,3,10,-33.88171750882044,67.76343501764089,-16.94085875441023,-16.94085875441022
161,1,784,.000000000000000,.000000000000000,-24.77941287312259,24.77941287312259
161,2,256,-49.55882574624432,99.11765149248863,-41.72464985268979,-7.834175893554509
161,3,10,-33.89047395913448,67.78094791826895,-16.94523697956724,-16.94523697956723
162,1,784,.000000000000000,.000000000000000,-24.77941287312257,24.77941287312257
162,2,256,-49.55882574624431,99.11765149248862,-41.70901924212664,-7.849806504117661
162,3,10,-33.85921273800815,67.71842547601629,-16.92960636900408,-16.92960636900407
163,1,784,.000000000000000,.000000000000000,-24.77941287312256,24.77941287312256
163,2,256,-49.55882574624435,99.11765149248869,-41.79387167451073,-7.764954071733614
163,3,10,-34.02891760277625,68.05783520555249,-17.01445880138813,-17.01445880138812
164,1,784,.000000000000000,.000000000000000,-24.77941287312256,24.77941287312256
164,2,256,-49.55882574624431,99.11765149248862,-41.70449996820833,-7.854325778035987
164,3,10,-33.85017419017154,67.70034838034309,-16.92508709508577,-16.92508709508576
165,1,784,.000000000000000,.000000000000000,-24.77941287312255,24.77941287312255
165,2,256,-49.55882574624434,99.11765149248868,-41.72851229835014,-7.830313447894185
165,3,10,-33.89819885045515,67.79639770091029,-16.94909942522757,-16.94909942522757
166,1,784,.000000000000000,.000000000000000,-24.77941287312256,24.77941287312256
166,2,256,-49.55882574624431,99.11765149248862,-41.76200663332664,-7.796819112917704
166,3,10,-33.96518752040810,67.93037504081620,-16.98259376020405,-16.98259376020405
167,1,784,.000000000000000,.000000000000000,-24.77941287312256,24.77941287312256
167,2,256,-49.55882574624432,99.11765149248863,-41.71389534945154,-7.844930396792743
167,3,10,-33.86896495265803,67.73792990531605,-16.93448247632901,-16.93448247632902
168,1,784,.000000000000000,.000000000000000,-24.77941287312255,24.77941287312255
168,2,256,-49.55882574624430,99.11765149248860,-41.71029240853233,-7.848533337711980
168,3,10,-33.86175907081952,67.72351814163903,-16.93087953540975,-16.93087953540976
169,1,784,.000000000000000,.000000000000000,-24.77941287312256,24.77941287312256
169,2,256,-49.55882574624432,99.11765149248865,-41.70259311975475,-7.856232626489626
169,3,10,-33.84636049326428,67.69272098652856,-16.92318024663213,-16.92318024663215
170,1,784,.000000000000000,.000000000000000,-24.77941287312260,24.77941287312260
170,2,256,-49.55882574624428,99.11765149248856,-41.76436229325292,-7.794463452991393
170,3,10,-33.96989884026070,67.93979768052141,-16.98494942013035,-16.98494942013036
171,1,784,.000000000000000,.000000000000000,-24.77941287312254,24.77941287312254
171,2,256,-49.55882574624434,99.11765149248868,-41.80230006606164,-7.756525680182688
171,3,10,-34.04577438587813,68.09154877175625,-17.02288719293907,-17.02288719293906
172,1,784,.000000000000000,.000000000000000,-24.77941287312258,24.77941287312258
172,2,256,-49.55882574624435,99.11765149248870,-41.80124808577455,-7.757577660469795
172,3,10,-34.04367042530392,68.08734085060784,-17.02183521265196,-17.02183521265196
173,1,784,.000000000000000,.000000000000000,-24.77941287312256,24.77941287312256
173,2,256,-49.55882574624431,99.11765149248862,-41.70828844950948,-7.850537296734827
173,3,10,-33.85775115277382,67.71550230554764,-16.92887557638691,-16.92887557638691
174,1,784,.000000000000000,.000000000000000,-24.77941287312256,24.77941287312256
174,2,256,-49.55882574624434,99.11765149248868,-41.69979559777348,-7.859030148470851
174,3,10,-33.84076544930183,67.68153089860367,-16.92038272465091,-16.92038272465092
175,1,784,.000000000000000,.000000000000000,-24.77941287312257,24.77941287312257
175,2,256,-49.55882574624427,99.11765149248855,-41.69028006958736,-7.868545676656899
175,3,10,-33.82173439292970,67.64346878585940,-16.91086719646484,-16.91086719646486
176,1,784,.000000000000000,.000000000000000,-24.77941287312260,24.77941287312260
176,2,256,-49.55882574624430,99.11765149248860,-41.74968216117781,-7.809143585066520
176,3,10,-33.94053857611043,67.88107715222087,-16.97026928805522,-16.97026928805522
177,1,784,.000000000000000,.000000000000000,-24.77941287312257,24.77941287312257
177,2,256,-49.55882574624432,99.11765149248865,-41.84133562847085,-7.717490117773453
177,3,10,-34.12384551069658,68.24769102139315,-17.06192275534828,-17.06192275534829
178,1,784,.000000000000000,.000000000000000,-24.77941287312257,24.77941287312257
178,2,256,-49.55882574624431,99.11765149248862,-41.77147013043289,-7.787355615811457
178,3,10,-33.98411451462059,67.96822902924117,-16.99205725731030,-16.99205725731029
179,1,784,.000000000000000,.000000000000000,-24.77941287312254,24.77941287312254
179,2,256,-49.55882574624432,99.11765149248863,-41.70358043174365,-7.855245314500694
179,3,10,-33.84833511724209,67.69667023448419,-16.92416755862105,-16.92416755862105
180,1,784,.000000000000000,.000000000000000,-24.77941287312256,24.77941287312256
180,2,256,-49.55882574624434,99.11765149248868,-41.65295951450636,-7.905866231737977
180,3,10,-33.74709328276753,67.49418656553506,-16.87354664138376,-16.87354664138377
181,1,784,.000000000000000,.000000000000000,-24.77941287312260,24.77941287312260
181,2,256,-49.55882574624430,99.11765149248859,-41.79889794774610,-7.759927798498224
181,3,10,-34.03897014924706,68.07794029849413,-17.01948507462353,-17.01948507462353
182,1,784,.000000000000000,.000000000000000,-24.77941287312258,24.77941287312258
182,2,256,-49.55882574624435,99.11765149248869,-41.73984601041911,-7.818979735825200
182,3,10,-33.92086627459308,67.84173254918616,-16.96043313729654,-16.96043313729654
183,1,784,.000000000000000,.000000000000000,-24.77941287312255,24.77941287312255
183,2,256,-49.55882574624430,99.11765149248859,-41.74555255973579,-7.813273186508509
183,3,10,-33.93227937322648,67.86455874645296,-16.96613968661324,-16.96613968661324
184,1,784,.000000000000000,.000000000000000,-24.77941287312255,24.77941287312255
184,2,256,-49.55882574624432,99.11765149248863,-41.80993337388006,-7.748892372364243
184,3,10,-34.06104100151506,68.12208200303012,-17.03052050075752,-17.03052050075753
185,1,784,.000000000000000,.000000000000000,-24.77941287312254,24.77941287312254
185,2,256,-49.55882574624429,99.11765149248858,-41.73502475273685,-7.823800993507418
185,3,10,-33.91122375922865,67.82244751845730,-16.95561187961432,-16.95561187961433
186,1,784,.000000000000000,.000000000000000,-24.77941287312257,24.77941287312257
186,2,256,-49.55882574624430,99.11765149248859,-41.73593373188631,-7.822892014357991
186,3,10,-33.91304171752749,67.82608343505498,-16.95652085876375,-16.95652085876374
187,1,784,.000000000000000,.000000000000000,-24.77941287312258,24.77941287312258
187,2,256,-49.55882574624427,99.11765149248853,-41.69043906090992,-7.868386685334390
187,3,10,-33.82205237557471,67.64410475114941,-16.91102618778736,-16.91102618778736
188,1,784,.000000000000000,.000000000000000,-24.77941287312256,24.77941287312256
188,2,256,-49.55882574624430,99.11765149248860,-41.75888555090422,-7.799940195340106
188,3,10,-33.95894535556329,67.91789071112657,-16.97947267778164,-16.97947267778164
189,1,784,.000000000000000,.000000000000000,-24.77941287312258,24.77941287312258
189,2,256,-49.55882574624432,99.11765149248863,-41.71377056773327,-7.845055178511048
189,3,10,-33.86871538922142,67.73743077844284,-16.93435769461071,-16.93435769461071
190,1,784,.000000000000000,.000000000000000,-24.77941287312256,24.77941287312256
190,2,256,-49.55882574624430,99.11765149248860,-41.75604051135792,-7.802785234886363
190,3,10,-33.95325527647075,67.90651055294150,-16.97662763823537,-16.97662763823537
191,1,784,.000000000000000,.000000000000000,-24.77941287312259,24.77941287312259
191,2,256,-49.55882574624432,99.11765149248863,-41.77424974708038,-7.784575999163953
191,3,10,-33.98967374791561,67.97934749583122,-16.99483687395781,-16.99483687395780
192,1,784,.000000000000000,.000000000000000,-24.77941287312258,24.77941287312258
192,2,256,-49.55882574624431,99.11765149248862,-41.71423776899324,-7.844587977251109
192,3,10,-33.86964979174130,67.73929958348259,-16.93482489587065,-16.93482489587065
193,1,784,.000000000000000,.000000000000000,-24.77941287312260,24.77941287312260
193,2,256,-49.55882574624434,99.11765149248868,-41.80663226208419,-7.752193484160125
193,3,10,-34.05443877792325,68.10887755584650,-17.02721938896163,-17.02721938896162
194,1,784,.000000000000000,.000000000000000,-24.77941287312254,24.77941287312254
194,2,256,-49.55882574624429,99.11765149248858,-41.79651235936173,-7.762313386882595
194,3,10,-34.03419897247829,68.06839794495657,-17.01709948623915,-17.01709948623914
195,1,784,.000000000000000,.000000000000000,-24.77941287312257,24.77941287312257
195,2,256,-49.55882574624431,99.11765149248862,-41.81466257702756,-7.744163169216709
195,3,10,-34.07049940781008,68.14099881562015,-17.03524970390504,-17.03524970390504
196,1,784,.000000000000000,.000000000000000,-24.77941287312258,24.77941287312258
196,2,256,-49.55882574624429,99.11765149248858,-41.85212883142380,-7.706696914820498
196,3,10,-34.14543191660250,68.29086383320499,-17.07271595830125,-17.07271595830125
197,1,784,.000000000000000,.000000000000000,-24.77941287312251,24.77941287312251
197,2,256,-49.55882574624433,99.11765149248866,-41.73006769426663,-7.828758051977649
197,3,10,-33.90130964228819,67.80261928457638,-16.95065482114410,-16.95065482114409
198,1,784,.000000000000000,.000000000000000,-24.77941287312255,24.77941287312255
198,2,256,-49.55882574624434,99.11765149248868,-41.80483002734182,-7.753995718902447
198,3,10,-34.05083430843857,68.10166861687713,-17.02541715421929,-17.02541715421928
199,1,784,.000000000000000,.000000000000000,-24.77941287312255,24.77941287312255
199,2,256,-49.55882574624427,99.11765149248853,-41.72043393618160,-7.838391810062721
199,3,10,-33.88204212611803,67.76408425223606,-16.94102106305902,-16.94102106305901
200,1,784,.000000000000000,.000000000000000,-24.77941287312256,24.77941287312256
200,2,256,-49.55882574624430,99.11765149248859,-41.77824039735638,-7.780585348887930
200,3,10,-33.99765504846765,67.99531009693530,-16.99882752423382,-16.99882752423382
201,1,784,.000000000000000,.000000000000000,-24.77941287312256,24.77941287312256
201,2,256,-49.55882574624427,99.11765149248855,-41.71767927056080,-7.841146475683517
201,3,10,-33.87653279487644,67.75306558975288,-16.93826639743822,-16.93826639743822
202,1,784,.000000000000000,.000000000000000,-24.77941287312256,24.77941287312256
202,2,256,-49.55882574624435,99.11765149248869,-41.74672139441039,-7.812104351833919
202,3,10,-33.93461704257564,67.86923408515128,-16.96730852128782,-16.96730852128782
203,1,784,.000000000000000,.000000000000000,-24.77941287312257,24.77941287312257
203,2,256,-49.55882574624431,99.11765149248862,-41.72380574101680,-7.835020005227482
203,3,10,-33.88878573578849,67.77757147157698,-16.94439286789425,-16.94439286789424
204,1,784,.000000000000000,.000000000000000,-24.77941287312256,24.77941287312256
204,2,256,-49.55882574624432,99.11765149248863,-41.76901357886397,-7.789812167380327
204,3,10,-33.97920141148282,67.95840282296564,-16.98960070574141,-16.98960070574141
205,1,784,.000000000000000,.000000000000000,-24.77941287312254,24.77941287312254
205,2,256,-49.55882574624430,99.11765149248860,-41.80839136724562,-7.750434378998665
205,3,10,-34.05795698824614,68.11591397649228,-17.02897849412307,-17.02897849412307
206,1,784,.000000000000000,.000000000000000,-24.77941287312256,24.77941287312256
206,2,256,-49.55882574624429,99.11765149248858,-41.71799070682710,-7.840835039417192
206,3,10,-33.87715566740913,67.75431133481825,-16.93857783370457,-16.93857783370456
207,1,784,.000000000000000,.000000000000000,-24.77941287312257,24.77941287312257
207,2,256,-49.55882574624434,99.11765149248868,-41.79686288610068,-7.761962860143672
207,3,10,-34.03490002595613,68.06980005191227,-17.01745001297807,-17.01745001297806
208,1,784,.000000000000000,.000000000000000,-24.77941287312256,24.77941287312256
208,2,256,-49.55882574624427,99.11765149248853,-41.76739360604267,-7.791432140201657
208,3,10,-33.97596146584017,67.95192293168034,-16.98798073292009,-16.98798073292009
209,1,784,.000000000000000,.000000000000000,-24.77941287312255,24.77941287312255
209,2,256,-49.55882574624430,99.11765149248860,-41.80865467454964,-7.750171071694709
209,3,10,-34.05848360285410,68.11696720570819,-17.02924180142704,-17.02924180142705
210,1,784,.000000000000000,.000000000000000,-24.77941287312256,24.77941287312256
210,2,256,-49.55882574624430,99.11765149248859,-41.72295270950139,-7.835873036742941
210,3,10,-33.88707967275761,67.77415934551522,-16.94353983637881,-16.94353983637880
211,1,784,.000000000000000,.000000000000000,-24.77941287312257,24.77941287312257
211,2,256,-49.55882574624431,99.11765149248862,-41.82477058118710,-7.734055165057188
211,3,10,-34.09071541612913,68.18143083225826,-17.04535770806456,-17.04535770806456
212,1,784,.000000000000000,.000000000000000,-24.77941287312255,24.77941287312255
212,2,256,-49.55882574624432,99.11765149248863,-41.82900653879418,-7.729819207450131
212,3,10,-34.09918733134324,68.19837466268649,-17.04959366567162,-17.04959366567162
213,1,784,.000000000000000,.000000000000000,-24.77941287312260,24.77941287312260
213,2,256,-49.55882574624431,99.11765149248862,-41.82243634289674,-7.736389403347597
213,3,10,-34.08604693954828,68.17209387909655,-17.04302346977413,-17.04302346977414
214,1,784,.000000000000000,.000000000000000,-24.77941287312258,24.77941287312258
214,2,256,-49.55882574624431,99.11765149248862,-41.74759793429753,-7.811227811946778
214,3,10,-33.93637012234995,67.87274024469990,-16.96818506117497,-16.96818506117497
215,1,784,.000000000000000,.000000000000000,-24.77941287312258,24.77941287312258
215,2,256,-49.55882574624430,99.11765149248860,-41.74720476974191,-7.811620976502401
215,3,10,-33.93558379323868,67.87116758647737,-16.96779189661934,-16.96779189661934
216,1,784,.000000000000000,.000000000000000,-24.77941287312259,24.77941287312259
216,2,256,-49.55882574624430,99.11765149248859,-41.79735748325326,-7.761468262991011
216,3,10,-34.03588922026145,68.07177844052291,-17.01794461013073,-17.01794461013073
217,1,784,.000000000000000,.000000000000000,-24.77941287312256,24.77941287312256
217,2,256,-49.55882574624430,99.11765149248859,-41.78221189946206,-7.776613846782275
217,3,10,-34.00559805267892,68.01119610535784,-17.00279902633946,-17.00279902633945
218,1,784,.000000000000000,.000000000000000,-24.77941287312254,24.77941287312254
218,2,256,-49.55882574624432,99.11765149248863,-41.83987679448853,-7.718948951755783
218,3,10,-34.12092784273190,68.24185568546380,-17.06046392136596,-17.06046392136595
219,1,784,.000000000000000,.000000000000000,-24.77941287312257,24.77941287312257
219,2,256,-49.55882574624429,99.11765149248858,-41.75974675112510,-7.799078995119209
219,3,10,-33.96066775600507,67.92133551201013,-16.98033387800254,-16.98033387800253
220,1,784,.000000000000000,.000000000000000,-24.77941287312255,24.77941287312255
220,2,256,-49.55882574624428,99.11765149248856,-41.75100661785507,-7.807819128389255
220,3,10,-33.94318748946497,67.88637497892994,-16.97159374473248,-16.97159374473248
221,1,784,.000000000000000,.000000000000000,-24.77941287312258,24.77941287312258
221,2,256,-49.55882574624427,99.11765149248855,-41.80591852711844,-7.752907219125821
221,3,10,-34.05301130799181,68.10602261598362,-17.02650565399590,-17.02650565399590
222,1,784,.000000000000000,.000000000000000,-24.77941287312257,24.77941287312257
222,2,256,-49.55882574624432,99.11765149248865,-41.72069750410834,-7.838128242136011
222,3,10,-33.88256926197148,67.76513852394297,-16.94128463098574,-16.94128463098574
223,1,784,.000000000000000,.000000000000000,-24.77941287312256,24.77941287312256
223,2,256,-49.55882574624430,99.11765149248860,-41.73941569030720,-7.819410055937082
223,3,10,-33.92000563436932,67.84001126873864,-16.96000281718466,-16.96000281718466
224,1,784,.000000000000000,.000000000000000,-24.77941287312259,24.77941287312259
224,2,256,-49.55882574624432,99.11765149248863,-41.74508067740587,-7.813745068838471
224,3,10,-33.93133560856658,67.86267121713315,-16.96566780428328,-16.96566780428329
225,1,784,.000000000000000,.000000000000000,-24.77941287312255,24.77941287312255
225,2,256,-49.55882574624435,99.11765149248870,-41.74719063380564,-7.811635112438684
225,3,10,-33.93555552136613,67.87111104273227,-16.96777776068307,-16.96777776068306
226,1,784,.000000000000000,.000000000000000,-24.77941287312255,24.77941287312255
226,2,256,-49.55882574624430,99.11765149248860,-41.77072851373092,-7.788097232513403
226,3,10,-33.98263128121668,67.96526256243337,-16.99131564060834,-16.99131564060834
227,1,784,.000000000000000,.000000000000000,-24.77941287312255,24.77941287312255
227,2,256,-49.55882574624431,99.11765149248862,-41.76581023194895,-7.793015514295356
227,3,10,-33.97279471765277,67.94558943530554,-16.98639735882639,-16.98639735882638
228,1,784,.000000000000000,.000000000000000,-24.77941287312255,24.77941287312255
228,2,256,-49.55882574624432,99.11765149248865,-41.74752121240415,-7.811304533840185
228,3,10,-33.93621667856314,67.87243335712628,-16.96810833928157,-16.96810833928157
229,1,784,.000000000000000,.000000000000000,-24.77941287312258,24.77941287312258
229,2,256,-49.55882574624427,99.11765149248853,-41.74029902774051,-7.818526718503785
229,3,10,-33.92177230923591,67.84354461847182,-16.96088615461796,-16.96088615461796
230,1,784,.000000000000000,.000000000000000,-24.77941287312257,24.77941287312257
230,2,256,-49.55882574624432,99.11765149248865,-41.69076839098943,-7.868057355254884
230,3,10,-33.82271103573374,67.64542207146748,-16.91135551786687,-16.91135551786687
231,1,784,.000000000000000,.000000000000000,-24.77941287312255,24.77941287312255
231,2,256,-49.55882574624435,99.11765149248869,-41.78342681286922,-7.775398933375100
231,3,10,-34.00802787949332,68.01605575898664,-17.00401393974666,-17.00401393974666
232,1,784,.000000000000000,.000000000000000,-24.77941287312256,24.77941287312256
232,2,256,-49.55882574624427,99.11765149248855,-41.74171092441749,-7.817114821826833
232,3,10,-33.92459610258982,67.84919220517963,-16.96229805129490,-16.96229805129491
233,1,784,.000000000000000,.000000000000000,-24.77941287312257,24.77941287312257
233,2,256,-49.55882574624432,99.11765149248863,-41.72840011789637,-7.830425628347939
233,3,10,-33.89797448954761,67.79594897909521,-16.94898724477381,-16.94898724477380
234,1,784,.000000000000000,.000000000000000,-24.77941287312257,24.77941287312257
234,2,256,-49.55882574624432,99.11765149248865,-41.74815821307251,-7.810667533171801
234,3,10,-33.93749067989989,67.87498135979979,-16.96874533994994,-16.96874533994994
235,1,784,.000000000000000,.000000000000000,-24.77941287312260,24.77941287312260
235,2,256,-49.55882574624431,99.11765149248862,-41.74498658423317,-7.813839162011146
235,3,10,-33.93114742222119,67.86229484444237,-16.96557371111060,-16.96557371111059
236,1,784,.000000000000000,.000000000000000,-24.77941287312257,24.77941287312257
236,2,256,-49.55882574624429,99.11765149248858,-41.74232878716753,-7.816496959076757
236,3,10,-33.92583182808995,67.85166365617991,-16.96291591404498,-16.96291591404497
237,1,784,.000000000000000,.000000000000000,-24.77941287312253,24.77941287312253
237,2,256,-49.55882574624430,99.11765149248859,-41.79861207479254,-7.760213671451796
237,3,10,-34.03839840333988,68.07679680667977,-17.01919920166994,-17.01919920166994
238,1,784,.000000000000000,.000000000000000,-24.77941287312256,24.77941287312256
238,2,256,-49.55882574624432,99.11765149248865,-41.69381489050440,-7.865010855739905
238,3,10,-33.82880403476366,67.65760806952733,-16.91440201738184,-16.91440201738183
239,1,784,.000000000000000,.000000000000000,-24.77941287312260,24.77941287312260
239,2,256,-49.55882574624434,99.11765149248868,-41.72545297063517,-7.833372775609193
239,3,10,-33.89208019502515,67.78416039005030,-16.94604009751258,-16.94604009751258
240,1,784,.000000000000000,.000000000000000,-24.77941287312257,24.77941287312257
240,2,256,-49.55882574624433,99.11765149248866,-41.79166233793094,-7.767163408313375
240,3,10,-34.02449892961673,68.04899785923347,-17.01224946480836,-17.01224946480837
241,1,784,.000000000000000,.000000000000000,-24.77941287312254,24.77941287312254
241,2,256,-49.55882574624428,99.11765149248856,-41.80364361999728,-7.755182126246963
241,3,10,-34.04846149374953,68.09692298749906,-17.02423074687476,-17.02423074687477
242,1,784,.000000000000000,.000000000000000,-24.77941287312255,24.77941287312255
242,2,256,-49.55882574624433,99.11765149248866,-41.71691011759105,-7.841915628653280
242,3,10,-33.87499448893693,67.74998897787387,-16.93749724446847,-16.93749724446846
243,1,784,.000000000000000,.000000000000000,-24.77941287312256,24.77941287312256
243,2,256,-49.55882574624433,99.11765149248866,-41.74516960027452,-7.813656145969810
243,3,10,-33.93151345430389,67.86302690860778,-16.96575672715195,-16.96575672715195
244,1,784,.000000000000000,.000000000000000,-24.77941287312255,24.77941287312255
244,2,256,-49.55882574624432,99.11765149248863,-41.80417075917814,-7.754654987066162
244,3,10,-34.04951577211116,68.09903154422233,-17.02475788605557,-17.02475788605558
245,1,784,.000000000000000,.000000000000000,-24.77941287312257,24.77941287312257
245,2,256,-49.55882574624430,99.11765149248860,-41.76633176319824,-7.792493983046042
245,3,10,-33.97383778015141,67.94767556030281,-16.98691889007570,-16.98691889007571
246,1,784,.000000000000000,.000000000000000,-24.77941287312256,24.77941287312256
246,2,256,-49.55882574624431,99.11765149248862,-41.74340582874927,-7.815419917495031
246,3,10,-33.92798591125343,67.85597182250686,-16.96399295562671,-16.96399295562671
247,1,784,.000000000000000,.000000000000000,-24.77941287312258,24.77941287312258
247,2,256,-49.55882574624431,99.11765149248862,-41.72851209376709,-7.830313652477209
247,3,10,-33.89819844128908,67.79639688257816,-16.94909922064454,-16.94909922064454
248,1,784,.000000000000000,.000000000000000,-24.77941287312256,24.77941287312256
248,2,256,-49.55882574624430,99.11765149248859,-41.74402765508074,-7.814798091163574
248,3,10,-33.92922956391637,67.85845912783273,-16.96461478195818,-16.96461478195819
249,1,784,.000000000000000,.000000000000000,-24.77941287312256,24.77941287312256
249,2,256,-49.55882574624435,99.11765149248869,-41.83912532993052,-7.719700416313767
249,3,10,-34.11942491361597,68.23884982723193,-17.05971245680798,-17.05971245680799
250,1,784,.000000000000000,.000000000000000,-24.77941287312255,24.77941287312255
250,2,256,-49.55882574624430,99.11765149248859,-41.75972743859344,-7.799098307650863
250,3,10,-33.96062913094172,67.92125826188344,-16.98031456547087,-16.98031456547085
251,1,784,.000000000000000,.000000000000000,-24.77941287312259,24.77941287312259
251,2,256,-49.55882574624432,99.11765149248865,-41.83757203507300,-7.721253711171316
251,3,10,-34.11631832390087,68.23263664780174,-17.05815916195044,-17.05815916195044
252,1,784,.000000000000000,.000000000000000,-24.77941287312251,24.77941287312251
252,2,256,-49.55882574624433,99.11765149248866,-41.77729984838425,-7.781525897860049
252,3,10,-33.99577395052339,67.99154790104679,-16.99788697526170,-16.99788697526170
253,1,784,.000000000000000,.000000000000000,-24.77941287312253,24.77941287312253
253,2,256,-49.55882574624431,99.11765149248862,-41.68176140199992,-7.877064344244350
253,3,10,-33.80469705775477,67.60939411550953,-16.90234852887738,-16.90234852887738
254,1,784,.000000000000000,.000000000000000,-24.77941287312255,24.77941287312255
254,2,256,-49.55882574624435,99.11765149248869,-41.80074907743963,-7.758076668804658
254,3,10,-34.04267240863420,68.08534481726841,-17.02133620431710,-17.02133620431710
255,1,784,.000000000000000,.000000000000000,-24.77941287312256,24.77941287312256
255,2,256,-49.55882574624435,99.11765149248869,-41.73376584825149,-7.825059897992840
255,3,10,-33.90870595025784,67.81741190051568,-16.95435297512892,-16.95435297512892
256,1,784,.000000000000000,.000000000000000,-24.77941287312257,24.77941287312257
256,2,256,-49.55882574624430,99.11765149248860,-41.74583499267869,-7.812990753565653
256,3,10,-33.93284423911222,67.86568847822444,-16.96642211955611,-16.96642211955612
257,1,784,.000000000000000,.000000000000000,-24.77941287312256,24.77941287312256
257,2,256,-49.55882574624433,99.11765149248866,-41.72055784485978,-7.838267901384582
257,3,10,-33.88228994347433,67.76457988694867,-16.94114497173717,-16.94114497173716
258,1,784,.000000000000000,.000000000000000,-24.77941287312255,24.77941287312255
258,2,256,-49.55882574624436,99.11765149248872,-41.72137602555379,-7.837449720690558
258,3,10,-33.88392630486240,67.76785260972480,-16.94196315243120,-16.94196315243120
259,1,784,.000000000000000,.000000000000000,-24.77941287312258,24.77941287312258
259,2,256,-49.55882574624427,99.11765149248855,-41.81314920472996,-7.745676541514347
259,3,10,-34.06747266321481,68.13494532642962,-17.03373633160740,-17.03373633160741
260,1,784,.000000000000000,.000000000000000,-24.77941287312254,24.77941287312254
260,2,256,-49.55882574624431,99.11765149248862,-41.71592799329932,-7.842897752944971
260,3,10,-33.87303024035354,67.74606048070709,-16.93651512017678,-16.93651512017676
261,1,784,.000000000000000,.000000000000000,-24.77941287312256,24.77941287312256
261,2,256,-49.55882574624430,99.11765149248860,-41.74297182990450,-7.815853916339765
261,3,10,-33.92711791356393,67.85423582712787,-16.96355895678197,-16.96355895678196
262,1,784,.000000000000000,.000000000000000,-24.77941287312261,24.77941287312261
262,2,256,-49.55882574624430,99.11765149248860,-41.82035350962553,-7.738472236618797
262,3,10,-34.08188127300589,68.16376254601178,-17.04094063650295,-17.04094063650295
263,1,784,.000000000000000,.000000000000000,-24.77941287312258,24.77941287312258
263,2,256,-49.55882574624430,99.11765149248860,-41.72663095527720,-7.832194790967115
263,3,10,-33.89443616430928,67.78887232861857,-16.94721808215464,-16.94721808215464
264,1,784,.000000000000000,.000000000000000,-24.77941287312260,24.77941287312260
264,2,256,-49.55882574624432,99.11765149248865,-41.76293081187518,-7.795894934369134
264,3,10,-33.96703587750522,67.93407175501044,-16.98351793875261,-16.98351793875261
265,1,784,.000000000000000,.000000000000000,-24.77941287312256,24.77941287312256
265,2,256,-49.55882574624427,99.11765149248853,-41.82523846769757,-7.733587278546764
265,3,10,-34.09165118914996,68.18330237829991,-17.04582559457497,-17.04582559457498
266,1,784,.000000000000000,.000000000000000,-24.77941287312255,24.77941287312255
266,2,256,-49.55882574624432,99.11765149248863,-41.72914728835621,-7.829678457888095
266,3,10,-33.89946883046730,67.79893766093460,-16.94973441523365,-16.94973441523366
267,1,784,.000000000000000,.000000000000000,-24.77941287312258,24.77941287312258
267,2,256,-49.55882574624431,99.11765149248862,-41.82966489495924,-7.729160851285059
267,3,10,-34.10050404367341,68.20100808734682,-17.05025202183671,-17.05025202183671
268,1,784,.000000000000000,.000000000000000,-24.77941287312255,24.77941287312255
268,2,256,-49.55882574624430,99.11765149248860,-41.79549288882285,-7.763332857421465
268,3,10,-34.03216003140059,68.06432006280119,-17.01608001570029,-17.01608001570030
269,1,784,.000000000000000,.000000000000000,-24.77941287312255,24.77941287312255
269,2,256,-49.55882574624430,99.11765149248860,-41.73879931299915,-7.820026433245173
269,3,10,-33.91877287975316,67.83754575950633,-16.95938643987657,-16.95938643987658
270,1,784,.000000000000000,.000000000000000,-24.77941287312257,24.77941287312257
270,2,256,-49.55882574624434,99.11765149248868,-41.72087033117437,-7.837955415069932
270,3,10,-33.88291491610362,67.76582983220723,-16.94145745805181,-16.94145745805181
271,1,784,.000000000000000,.000000000000000,-24.77941287312259,24.77941287312259
271,2,256,-49.55882574624430,99.11765149248860,-41.75681328989892,-7.802012456345385
271,3,10,-33.95480083355271,67.90960166710542,-16.97740041677636,-16.97740041677636
272,1,784,.000000000000000,.000000000000000,-24.77941287312255,24.77941287312255
272,2,256,-49.55882574624427,99.11765149248855,-41.77322138979822,-7.785604356446098
272,3,10,-33.98761703335130,67.97523406670260,-16.99380851667565,-16.99380851667566
273,1,784,.000000000000000,.000000000000000,-24.77941287312254,24.77941287312254
273,2,256,-49.55882574624430,99.11765149248860,-41.80045503836880,-7.758370707875520
273,3,10,-34.04208433049248,68.08416866098496,-17.02104216524624,-17.02104216524623
274,1,784,.000000000000000,.000000000000000,-24.77941287312261,24.77941287312261
274,2,256,-49.55882574624431,99.11765149248862,-41.77053095678927,-7.788294789455075
274,3,10,-33.98223616733335,67.96447233466671,-16.99111808366668,-16.99111808366668
275,1,784,.000000000000000,.000000000000000,-24.77941287312257,24.77941287312257
275,2,256,-49.55882574624433,99.11765149248866,-41.73105071030301,-7.827775035941300
275,3,10,-33.90327567436087,67.80655134872174,-16.95163783718044,-16.95163783718043
276,1,784,.000000000000000,.000000000000000,-24.77941287312261,24.77941287312261
276,2,256,-49.55882574624432,99.11765149248863,-41.72358819069747,-7.835237555546882
276,3,10,-33.88835063514976,67.77670127029951,-16.94417531757487,-16.94417531757488
277,1,784,.000000000000000,.000000000000000,-24.77941287312257,24.77941287312257
277,2,256,-49.55882574624429,99.11765149248858,-41.74389631423495,-7.814929432009371
277,3,10,-33.92896688222474,67.85793376444948,-16.96448344111237,-16.96448344111237
278,1,784,.000000000000000,.000000000000000,-24.77941287312255,24.77941287312255
278,2,256,-49.55882574624427,99.11765149248855,-41.71991768776443,-7.838908058479882
278,3,10,-33.88100962928372,67.76201925856743,-16.94050481464186,-16.94050481464186
279,1,784,.000000000000000,.000000000000000,-24.77941287312258,24.77941287312258
279,2,256,-49.55882574624432,99.11765149248865,-41.80166509661860,-7.757160649625710
279,3,10,-34.04450444699206,68.08900889398413,-17.02225222349603,-17.02225222349603
280,1,784,.000000000000000,.000000000000000,-24.77941287312255,24.77941287312255
280,2,256,-49.55882574624433,99.11765149248866,-41.76175053857023,-7.797075207674045
280,3,10,-33.96467533089540,67.92935066179079,-16.98233766544769,-16.98233766544770
281,1,784,.000000000000000,.000000000000000,-24.77941287312257,24.77941287312257
281,2,256,-49.55882574624428,99.11765149248856,-41.76414902470362,-7.794676721540714
281,3,10,-33.96947230316207,67.93894460632414,-16.98473615158104,-16.98473615158104
282,1,784,.000000000000000,.000000000000000,-24.77941287312258,24.77941287312258
282,2,256,-49.55882574624431,99.11765149248862,-41.73559906064241,-7.823226685601873
282,3,10,-33.91237237503972,67.82474475007943,-16.95618618751986,-16.95618618751986
283,1,784,.000000000000000,.000000000000000,-24.77941287312256,24.77941287312256
283,2,256,-49.55882574624432,99.11765149248863,-41.84066663146174,-7.718159114782570
283,3,10,-34.12250751667835,68.24501503335669,-17.06125375833917,-17.06125375833917
284,1,784,.000000000000000,.000000000000000,-24.77941287312254,24.77941287312254
284,2,256,-49.55882574624432,99.11765149248863,-41.79960515662915,-7.759220589615175
284,3,10,-34.04038456701314,68.08076913402628,-17.02019228350657,-17.02019228350657
285,1,784,.000000000000000,.000000000000000,-24.77941287312259,24.77941287312259
285,2,256,-49.55882574624430,99.11765149248859,-41.74634137659298,-7.812484369651328
285,3,10,-33.93385700694083,67.86771401388165,-16.96692850347041,-16.96692850347041
286,1,784,.000000000000000,.000000000000000,-24.77941287312257,24.77941287312257
286,2,256,-49.55882574624433,99.11765149248866,-41.73424639519946,-7.824579351044889
286,3,10,-33.90966704415370,67.81933408830740,-16.95483352207685,-16.95483352207685
287,1,784,.000000000000000,.000000000000000,-24.77941287312262,24.77941287312262
287,2,256,-49.55882574624432,99.11765149248865,-41.71240463654878,-7.846421109695544
287,3,10,-33.86598352685238,67.73196705370475,-16.93299176342619,-16.93299176342618
288,1,784,.000000000000000,.000000000000000,-24.77941287312255,24.77941287312255
288,2,256,-49.55882574624433,99.11765149248866,-41.82365157484559,-7.735174171398722
288,3,10,-34.08847740344605,68.17695480689210,-17.04423870172302,-17.04423870172302
289,1,784,.000000000000000,.000000000000000,-24.77941287312255,24.77941287312255
289,2,256,-49.55882574624430,99.11765149248859,-41.67965495080670,-7.879170795437649
289,3,10,-33.80048415536820,67.60096831073641,-16.90024207768410,-16.90024207768410
290,1,784,.000000000000000,.000000000000000,-24.77941287312258,24.77941287312258
290,2,256,-49.55882574624433,99.11765149248866,-41.82240670829197,-7.736419037952350
290,3,10,-34.08598767033881,68.17197534067762,-17.04299383516941,-17.04299383516940
291,1,784,.000000000000000,.000000000000000,-24.77941287312257,24.77941287312257
291,2,256,-49.55882574624430,99.11765149248860,-41.71666875236444,-7.842156993879861
291,3,10,-33.87451175848376,67.74902351696753,-16.93725587924189,-16.93725587924188
292,1,784,.000000000000000,.000000000000000,-24.77941287312255,24.77941287312255
292,2,256,-49.55882574624427,99.11765149248855,-41.82082839789557,-7.737997348348729
292,3,10,-34.08283104954604,68.16566209909207,-17.04141552477302,-17.04141552477302
293,1,784,.000000000000000,.000000000000000,-24.77941287312256,24.77941287312256
293,2,256,-49.55882574624432,99.11765149248863,-41.73781570053728,-7.821010045707024
293,3,10,-33.91680565482947,67.83361130965893,-16.95840282741473,-16.95840282741473
294,1,784,.000000000000000,.000000000000000,-24.77941287312256,24.77941287312256
294,2,256,-49.55882574624428,99.11765149248856,-41.73777910004455,-7.821046646199751
294,3,10,-33.91673245384396,67.83346490768793,-16.95836622692199,-16.95836622692199
295,1,784,.000000000000000,.000000000000000,-24.77941287312256,24.77941287312256
295,2,256,-49.55882574624431,99.11765149248862,-41.77947949897514,-7.779346247269151
295,3,10,-34.00013325170518,68.00026650341036,-17.00006662585259,-17.00006662585259
296,1,784,.000000000000000,.000000000000000,-24.77941287312258,24.77941287312258
296,2,256,-49.55882574624431,99.11765149248862,-41.72370479621007,-7.835120950034223
296,3,10,-33.88858384617503,67.77716769235006,-16.94429192308752,-16.94429192308752
297,1,784,.000000000000000,.000000000000000,-24.77941287312256,24.77941287312256
297,2,256,-49.55882574624432,99.11765149248865,-41.75267967333120,-7.806146072913110
297,3,10,-33.94653360041725,67.89306720083449,-16.97326680020863,-16.97326680020862
298,1,784,.000000000000000,.000000000000000,-24.77941287312257,24.77941287312257
298,2,256,-49.55882574624430,99.11765149248860,-41.67890124757884,-7.879924498665479
298,3,10,-33.79897674891252,67.59795349782503,-16.89948837445626,-16.89948837445625
299,1,784,.000000000000000,.000000000000000,-24.77941287312256,24.77941287312256
299,2,256,-49.55882574624435,99.11765149248869,-41.82589145164867,-7.732934294595638
299,3,10,-34.09295715705222,68.18591431410444,-17.04647857852611,-17.04647857852610
300,1,784,.000000000000000,.000000000000000,-24.77941287312254,24.77941287312254
300,2,256,-49.55882574624432,99.11765149248865,-41.78535101618082,-7.773474730063480
300,3,10,-34.01187628611652,68.02375257223304,-17.00593814305826,-17.00593814305826
301,1,784,.000000000000000,.000000000000000,-24.77941287312258,24.77941287312258
301,2,256,-49.55882574624430,99.11765149248860,-41.81767393697565,-7.741151809268650
301,3,10,-34.07652212770621,68.15304425541242,-17.03826106385311,-17.03826106385310
302,1,784,.000000000000000,.000000000000000,-24.77941287312258,24.77941287312258
302,2,256,-49.55882574624432,99.11765149248865,-41.72465234251165,-7.834173403732652
302,3,10,-33.89047893877816,67.78095787755632,-16.94523946938908,-16.94523946938908
303,1,784,.000000000000000,.000000000000000,-24.77941287312260,24.77941287312260
303,2,256,-49.55882574624432,99.11765149248865,-41.84648870439705,-7.712337041847258
303,3,10,-34.13415166254899,68.26830332509797,-17.06707583127449,-17.06707583127449
304,1,784,.000000000000000,.000000000000000,-24.77941287312257,24.77941287312257
304,2,256,-49.55882574624432,99.11765149248863,-41.77575529270332,-7.783070453540960
304,3,10,-33.99268483916156,67.98536967832311,-16.99634241958077,-16.99634241958078
305,1,784,.000000000000000,.000000000000000,-24.77941287312259,24.77941287312259
305,2,256,-49.55882574624435,99.11765149248869,-41.75527455276154,-7.803551193482786
305,3,10,-33.95172335927794,67.90344671855588,-16.97586167963897,-16.97586167963898
306,1,784,.000000000000000,.000000000000000,-24.77941287312259,24.77941287312259
306,2,256,-49.55882574624431,99.11765149248862,-41.76194338463268,-7.796882361611631
306,3,10,-33.96506102302023,67.93012204604045,-16.98253051151011,-16.98253051151011
307,1,784,.000000000000000,.000000000000000,-24.77941287312257,24.77941287312257
307,2,256,-49.55882574624426,99.11765149248852,-41.80549638153529,-7.753329364709020
307,3,10,-34.05216701682544,68.10433403365087,-17.02608350841272,-17.02608350841271
308,1,784,.000000000000000,.000000000000000,-24.77941287312260,24.77941287312260
308,2,256,-49.55882574624427,99.11765149248853,-41.73026479759911,-7.828560948645211
308,3,10,-33.90170384895309,67.80340769790618,-16.95085192447655,-16.95085192447654
309,1,784,.000000000000000,.000000000000000,-24.77941287312257,24.77941287312257
309,2,256,-49.55882574624430,99.11765149248859,-41.73939889610568,-7.819426850138633
309,3,10,-33.91997204596620,67.83994409193241,-16.95998602298310,-16.95998602298311
310,1,784,.000000000000000,.000000000000000,-24.77941287312256,24.77941287312256
310,2,256,-49.55882574624437,99.11765149248873,-41.74351415975999,-7.815311586484343
310,3,10,-33.92820257327482,67.85640514654963,-16.96410128663741,-16.96410128663740
311,1,784,.000000000000000,.000000000000000,-24.77941287312254,24.77941287312254
311,2,256,-49.55882574624429,99.11765149248858,-41.72692753872062,-7.831898207523672
311,3,10,-33.89502933119613,67.79005866239227,-16.94751466559807,-16.94751466559806
312,1,784,.000000000000000,.000000000000000,-24.77941287312256,24.77941287312256
312,2,256,-49.55882574624434,99.11765149248868,-41.69108608669688,-7.867739659547444
312,3,10,-33.82334642714862,67.64669285429724,-16.91167321357430,-16.91167321357431
313,1,784,.000000000000000,.000000000000000,-24.77941287312254,24.77941287312254
313,2,256,-49.55882574624433,99.11765149248866,-41.73030004459927,-7.828525701645058
313,3,10,-33.90177434295337,67.80354868590675,-16.95088717147669,-16.95088717147668
314,1,784,.000000000000000,.000000000000000,-24.77941287312259,24.77941287312259
314,2,256,-49.55882574624434,99.11765149248868,-41.74952510503687,-7.809300641207471
314,3,10,-33.94022446382855,67.88044892765710,-16.97011223191428,-16.97011223191427
315,1,784,.000000000000000,.000000000000000,-24.77941287312258,24.77941287312258
315,2,256,-49.55882574624430,99.11765149248860,-41.75419925201292,-7.804626494231377
315,3,10,-33.94957275778074,67.89914551556147,-16.97478637889037,-16.97478637889036
316,1,784,.000000000000000,.000000000000000,-24.77941287312253,24.77941287312253
316,2,256,-49.55882574624430,99.11765149248860,-41.76192559562089,-7.796900150623416
316,3,10,-33.96502544499666,67.93005088999332,-16.98251272249833,-16.98251272249834
317,1,784,.000000000000000,.000000000000000,-24.77941287312257,24.77941287312257
317,2,256,-49.55882574624436,99.11765149248872,-41.75773706154981,-7.801088684694510
317,3,10,-33.95664837685450,67.91329675370901,-16.97832418842725,-16.97832418842725
318,1,784,.000000000000000,.000000000000000,-24.77941287312255,24.77941287312255
318,2,256,-49.55882574624427,99.11765149248855,-41.75357814749778,-7.805247598746527
318,3,10,-33.94833054875042,67.89666109750084,-16.97416527437521,-16.97416527437522
319,1,784,.000000000000000,.000000000000000,-24.77941287312259,24.77941287312259
319,2,256,-49.55882574624431,99.11765149248862,-41.72530064914912,-7.833525097095158
319,3,10,-33.89177555205315,67.78355110410631,-16.94588777602658,-16.94588777602658
320,1,784,.000000000000000,.000000000000000,-24.77941287312258,24.77941287312258
320,2,256,-49.55882574624430,99.11765149248859,-41.74602072913345,-7.812805017110874
320,3,10,-33.93321571202173,67.86643142404347,-16.96660785601087,-16.96660785601086
321,1,784,.000000000000000,.000000000000000,-24.77941287312256,24.77941287312256
321,2,256,-49.55882574624434,99.11765149248868,-41.76651383882481,-7.792311907419523
321,3,10,-33.97420193140447,67.94840386280895,-16.98710096570223,-16.98710096570224
322,1,784,.000000000000000,.000000000000000,-24.77941287312256,24.77941287312256
322,2,256,-49.55882574624433,99.11765149248866,-41.72434700965903,-7.834478736585287
322,3,10,-33.88986827307291,67.77973654614583,-16.94493413653646,-16.94493413653646
323,1,784,.000000000000000,.000000000000000,-24.77941287312253,24.77941287312253
323,2,256,-49.55882574624437,99.11765149248873,-41.71090733477302,-7.847918411471308
323,3,10,-33.86298892330089,67.72597784660178,-16.93149446165044,-16.93149446165044
324,1,784,.000000000000000,.000000000000000,-24.77941287312255,24.77941287312255
324,2,256,-49.55882574624435,99.11765149248870,-41.75676856924440,-7.802057176999924
324,3,10,-33.95471139224366,67.90942278448732,-16.97735569612183,-16.97735569612183
325,1,784,.000000000000000,.000000000000000,-24.77941287312255,24.77941287312255
325,2,256,-49.55882574624429,99.11765149248858,-41.72274778501004,-7.836077961234272
325,3,10,-33.88666982377494,67.77333964754988,-16.94333491188747,-16.94333491188747
326,1,784,.000000000000000,.000000000000000,-24.77941287312253,24.77941287312253
326,2,256,-49.55882574624432,99.11765149248863,-41.78614735634527,-7.772678389899055
326,3,10,-34.01346896644539,68.02693793289077,-17.00673448322270,-17.00673448322269
327,1,784,.000000000000000,.000000000000000,-24.77941287312251,24.77941287312251
327,2,256,-49.55882574624432,99.11765149248865,-41.76669359765192,-7.792132148592418
327,3,10,-33.97456144905868,67.94912289811737,-16.98728072452934,-16.98728072452935
328,1,784,.000000000000000,.000000000000000,-24.77941287312256,24.77941287312256
328,2,256,-49.55882574624432,99.11765149248865,-41.79228790959970,-7.766537836644618
328,3,10,-34.02575007295426,68.05150014590852,-17.01287503647713,-17.01287503647713
329,1,784,.000000000000000,.000000000000000,-24.77941287312258,24.77941287312258
329,2,256,-49.55882574624435,99.11765149248869,-41.72972113616161,-7.829104610082687
329,3,10,-33.90061652607813,67.80123305215626,-16.95030826303906,-16.95030826303907
330,1,784,.000000000000000,.000000000000000,-24.77941287312260,24.77941287312260
330,2,256,-49.55882574624432,99.11765149248863,-41.71887590639200,-7.839949839852296
330,3,10,-33.87892606653893,67.75785213307786,-16.93946303326947,-16.93946303326947
331,1,784,.000000000000000,.000000000000000,-24.77941287312256,24.77941287312256
331,2,256,-49.55882574624431,99.11765149248862,-41.72633881111743,-7.832486935126895
331,3,10,-33.89385187598966,67.78770375197932,-16.94692593799484,-16.94692593799483
332,1,784,.000000000000000,.000000000000000,-24.77941287312256,24.77941287312256
332,2,256,-49.55882574624433,99.11765149248866,-41.78645231418582,-7.772373432058508
332,3,10,-34.01407888212650,68.02815776425301,-17.00703944106325,-17.00703944106326
333,1,784,.000000000000000,.000000000000000,-24.77941287312257,24.77941287312257
333,2,256,-49.55882574624430,99.11765149248859,-41.71983718637432,-7.838988559870014
333,3,10,-33.88084862650351,67.76169725300701,-16.94042431325175,-16.94042431325176
334,1,784,.000000000000000,.000000000000000,-24.77941287312253,24.77941287312253
334,2,256,-49.55882574624433,99.11765149248866,-41.75470590172809,-7.804119844516190
334,3,10,-33.95058605721113,67.90117211442225,-16.97529302860556,-16.97529302860556
335,1,784,.000000000000000,.000000000000000,-24.77941287312259,24.77941287312259
335,2,256,-49.55882574624429,99.11765149248858,-41.68773172899619,-7.871094017248088
335,3,10,-33.81663771174728,67.63327542349457,-16.90831885587364,-16.90831885587365
336,1,784,.000000000000000,.000000000000000,-24.77941287312256,24.77941287312256
336,2,256,-49.55882574624429,99.11765149248858,-41.84885529397675,-7.709970452267531
336,3,10,-34.13888484170842,68.27776968341684,-17.06944242085421,-17.06944242085421
337,1,784,.000000000000000,.000000000000000,-24.77941287312256,24.77941287312256
337,2,256,-49.55882574624428,99.11765149248856,-41.69955777127235,-7.859267974971939
337,3,10,-33.84028979629960,67.68057959259920,-16.92014489814980,-16.92014489814980
338,1,784,.000000000000000,.000000000000000,-24.77941287312257,24.77941287312257
338,2,256,-49.55882574624433,99.11765149248866,-41.76739603527005,-7.791429710974245
338,3,10,-33.97596632429500,67.95193264859000,-16.98798316214750,-16.98798316214750
339,1,784,.000000000000000,.000000000000000,-24.77941287312257,24.77941287312257
339,2,256,-49.55882574624430,99.11765149248859,-41.74782415873360,-7.811001587510702
339,3,10,-33.93682257122208,67.87364514244416,-16.96841128561104,-16.96841128561104
340,1,784,.000000000000000,.000000000000000,-24.77941287312254,24.77941287312254
340,2,256,-49.55882574624431,99.11765149248862,-41.73617212121979,-7.822653625024537
340,3,10,-33.91351849619442,67.82703699238884,-16.95675924809721,-16.95675924809721
341,1,784,.000000000000000,.000000000000000,-24.77941287312259,24.77941287312259
341,2,256,-49.55882574624432,99.11765149248865,-41.74748660796927,-7.811339138275050
341,3,10,-33.93614746969337,67.87229493938673,-16.96807373484669,-16.96807373484668
342,1,784,.000000000000000,.000000000000000,-24.77941287312256,24.77941287312256
342,2,256,-49.55882574624434,99.11765149248868,-41.68289337169472,-7.875932374549613
342,3,10,-33.80696099714425,67.61392199428850,-16.90348049857213,-16.90348049857212
343,1,784,.000000000000000,.000000000000000,-24.77941287312257,24.77941287312257
343,2,256,-49.55882574624429,99.11765149248858,-41.77340994417044,-7.785415802073847
343,3,10,-33.98799414209580,67.97598828419160,-16.99399707104790,-16.99399707104790
344,1,784,.000000000000000,.000000000000000,-24.77941287312258,24.77941287312258
344,2,256,-49.55882574624430,99.11765149248859,-41.77142974009779,-7.787396006146548
344,3,10,-33.98403373395040,67.96806746790081,-16.99201686697520,-16.99201686697520
345,1,784,.000000000000000,.000000000000000,-24.77941287312256,24.77941287312256
345,2,256,-49.55882574624432,99.11765149248865,-41.70552669304220,-7.853299053202110
345,3,10,-33.85222763983928,67.70445527967856,-16.92611381991964,-16.92611381991964
346,1,784,.000000000000000,.000000000000000,-24.77941287312256,24.77941287312256
346,2,256,-49.55882574624431,99.11765149248862,-41.73453192971987,-7.824293816524429
346,3,10,-33.91023811319464,67.82047622638927,-16.95511905659732,-16.95511905659732
347,1,784,.000000000000000,.000000000000000,-24.77941287312260,24.77941287312260
347,2,256,-49.55882574624431,99.11765149248862,-41.80495035428919,-7.753875391955133
347,3,10,-34.05107496233323,68.10214992466646,-17.02553748116662,-17.02553748116661
348,1,784,.000000000000000,.000000000000000,-24.77941287312256,24.77941287312256
348,2,256,-49.55882574624430,99.11765149248859,-41.70799297733632,-7.850832768907992
348,3,10,-33.85716020842756,67.71432041685512,-16.92858010421378,-16.92858010421378
349,1,784,.000000000000000,.000000000000000,-24.77941287312256,24.77941287312256
349,2,256,-49.55882574624431,99.11765149248862,-41.74379960505170,-7.815026141192636
349,3,10,-33.92877346385826,67.85754692771653,-16.96438673192913,-16.96438673192913
350,1,784,.000000000000000,.000000000000000,-24.77941287312254,24.77941287312254
350,2,256,-49.55882574624432,99.11765149248865,-41.73579248340499,-7.823033262839316
350,3,10,-33.91275922056488,67.82551844112976,-16.95637961028244,-16.95637961028244
351,1,784,.000000000000000,.000000000000000,-24.77941287312261,24.77941287312261
351,2,256,-49.55882574624432,99.11765149248863,-41.81906193517502,-7.739763811069281
351,3,10,-34.07929812410492,68.15859624820983,-17.03964906205246,-17.03964906205245
352,1,784,.000000000000000,.000000000000000,-24.77941287312257,24.77941287312257
352,2,256,-49.55882574624431,99.11765149248862,-41.78214293965018,-7.776682806594104
352,3,10,-34.00546013305527,68.01092026611055,-17.00273006652764,-17.00273006652763
353,1,784,.000000000000000,.000000000000000,-24.77941287312256,24.77941287312256
353,2,256,-49.55882574624432,99.11765149248865,-41.74507233580752,-7.813753410436801
353,3,10,-33.93131892536991,67.86263785073982,-16.96565946268495,-16.96565946268496
354,1,784,.000000000000000,.000000000000000,-24.77941287312258,24.77941287312258
354,2,256,-49.55882574624432,99.11765149248863,-41.79835533469470,-7.760470411549585
354,3,10,-34.03788492314430,68.07576984628859,-17.01894246157214,-17.01894246157215
355,1,784,.000000000000000,.000000000000000,-24.77941287312252,24.77941287312252
355,2,256,-49.55882574624431,99.11765149248862,-41.65106387517449,-7.907761871069832
355,3,10,-33.74330200410384,67.48660400820768,-16.87165100205191,-16.87165100205192
356,1,784,.000000000000000,.000000000000000,-24.77941287312253,24.77941287312253
356,2,256,-49.55882574624431,99.11765149248862,-41.72685950884348,-7.831966237400835
356,3,10,-33.89489327144187,67.78978654288373,-16.94744663572093,-16.94744663572094
357,1,784,.000000000000000,.000000000000000,-24.77941287312255,24.77941287312255
357,2,256,-49.55882574624431,99.11765149248862,-41.69575871711734,-7.863067029126967
357,3,10,-33.83269168798955,67.66538337597910,-16.91634584399477,-16.91634584399478
358,1,784,.000000000000000,.000000000000000,-24.77941287312259,24.77941287312259
358,2,256,-49.55882574624427,99.11765149248855,-41.70822321226825,-7.850602533976076
358,3,10,-33.85762067829135,67.71524135658269,-16.92881033914567,-16.92881033914568
359,1,784,.000000000000000,.000000000000000,-24.77941287312258,24.77941287312258
359,2,256,-49.55882574624427,99.11765149248855,-41.80391482255394,-7.754910923690378
359,3,10,-34.04900389886274,68.09800779772547,-17.02450194943137,-17.02450194943137
360,1,784,.000000000000000,.000000000000000,-24.77941287312256,24.77941287312256
360,2,256,-49.55882574624432,99.11765149248865,-41.71613318102440,-7.842692565219918
360,3,10,-33.87344061580369,67.74688123160738,-16.93672030790185,-16.93672030790184
361,1,784,.000000000000000,.000000000000000,-24.77941287312257,24.77941287312257
361,2,256,-49.55882574624430,99.11765149248859,-41.69014122822107,-7.868684518023255
361,3,10,-33.82145671019699,67.64291342039398,-16.91072835509850,-16.91072835509849
362,1,784,.000000000000000,.000000000000000,-24.77941287312257,24.77941287312257
362,2,256,-49.55882574624429,99.11765149248858,-41.73457867159787,-7.824247074646433
362,3,10,-33.91033159695063,67.82066319390127,-16.95516579847532,-16.95516579847531
363,1,784,.000000000000000,.000000000000000,-24.77941287312255,24.77941287312255
363,2,256,-49.55882574624431,99.11765149248862,-41.76708579794374,-7.791739948300514
363,3,10,-33.97534584964243,67.95069169928486,-16.98767292482122,-16.98767292482121
364,1,784,.000000000000000,.000000000000000,-24.77941287312257,24.77941287312257
364,2,256,-49.55882574624430,99.11765149248859,-41.74981520832674,-7.809010537917562
364,3,10,-33.94080467040833,67.88160934081665,-16.97040233520416,-16.97040233520416
365,1,784,.000000000000000,.000000000000000,-24.77941287312258,24.77941287312258
365,2,256,-49.55882574624433,99.11765149248866,-41.79015918778699,-7.768666558457319
365,3,10,-34.02149262932888,68.04298525865777,-17.01074631466443,-17.01074631466444
366,1,784,.000000000000000,.000000000000000,-24.77941287312258,24.77941287312258
366,2,256,-49.55882574624433,99.11765149248866,-41.77354370012829,-7.785282046116055
366,3,10,-33.98826165401138,67.97652330802276,-16.99413082700569,-16.99413082700569
367,1,784,.000000000000000,.000000000000000,-24.77941287312254,24.77941287312254
367,2,256,-49.55882574624433,99.11765149248866,-41.73807934573392,-7.820746400510366
367,3,10,-33.91733294522275,67.83466589044551,-16.95866647261138,-16.95866647261137
368,1,784,.000000000000000,.000000000000000,-24.77941287312256,24.77941287312256
368,2,256,-49.55882574624432,99.11765149248865,-41.73637751738602,-7.822448228858301
368,3,10,-33.91392928852691,67.82785857705382,-16.95696464426345,-16.95696464426345
369,1,784,.000000000000000,.000000000000000,-24.77941287312261,24.77941287312261
369,2,256,-49.55882574624431,99.11765149248862,-41.67886041720067,-7.879965329043617
369,3,10,-33.79889508815626,67.59779017631253,-16.89944754407814,-16.89944754407814
370,1,784,.000000000000000,.000000000000000,-24.77941287312259,24.77941287312259
370,2,256,-49.55882574624426,99.11765149248852,-41.77244266059222,-7.786383085652045
370,3,10,-33.98605957493940,67.97211914987881,-16.99302978746969,-16.99302978746970
371,1,784,.000000000000000,.000000000000000,-24.77941287312256,24.77941287312256
371,2,256,-49.55882574624430,99.11765149248860,-41.70966620740094,-7.849159538843375
371,3,10,-33.86050666855673,67.72101333711346,-16.93025333427837,-16.93025333427837
372,1,784,.000000000000000,.000000000000000,-24.77941287312255,24.77941287312255
372,2,256,-49.55882574624427,99.11765149248855,-41.82815549410624,-7.730670252138013
372,3,10,-34.09748524196740,68.19497048393480,-17.04874262098370,-17.04874262098370
373,1,784,.000000000000000,.000000000000000,-24.77941287312258,24.77941287312258
373,2,256,-49.55882574624429,99.11765149248858,-41.68235140576749,-7.876474340476821
373,3,10,-33.80587706528983,67.61175413057965,-16.90293853264492,-16.90293853264492
374,1,784,.000000000000000,.000000000000000,-24.77941287312258,24.77941287312258
374,2,256,-49.55882574624430,99.11765149248859,-41.76833494349171,-7.790490802752602
374,3,10,-33.97784414073830,67.95568828147660,-16.98892207036915,-16.98892207036915
375,1,784,.000000000000000,.000000000000000,-24.77941287312260,24.77941287312260
375,2,256,-49.55882574624429,99.11765149248858,-41.73160347543990,-7.827222270804439
375,3,10,-33.90438120463461,67.80876240926922,-16.95219060231730,-16.95219060231731
376,1,784,.000000000000000,.000000000000000,-24.77941287312257,24.77941287312257
376,2,256,-49.55882574624428,99.11765149248856,-41.76020267711976,-7.798623069124554
376,3,10,-33.96157960799440,67.92315921598880,-16.98078980399720,-16.98078980399720
377,1,784,.000000000000000,.000000000000000,-24.77941287312255,24.77941287312255
377,2,256,-49.55882574624431,99.11765149248862,-41.74001597612557,-7.818809770118770
377,3,10,-33.92120620600593,67.84241241201187,-16.96060310300297,-16.96060310300297
378,1,784,.000000000000000,.000000000000000,-24.77941287312254,24.77941287312254
378,2,256,-49.55882574624432,99.11765149248863,-41.74884815368238,-7.809977592561939
378,3,10,-33.93887056111961,67.87774112223921,-16.96943528055980,-16.96943528055980
379,1,784,.000000000000000,.000000000000000,-24.77941287312254,24.77941287312254
379,2,256,-49.55882574624431,99.11765149248862,-41.80323941027948,-7.755586335964806
379,3,10,-34.04765307431386,68.09530614862773,-17.02382653715693,-17.02382653715693
380,1,784,.000000000000000,.000000000000000,-24.77941287312258,24.77941287312258
380,2,256,-49.55882574624431,99.11765149248862,-41.82155233956939,-7.737273406674939
380,3,10,-34.08427893289365,68.16855786578729,-17.04213946644682,-17.04213946644682
381,1,784,.000000000000000,.000000000000000,-24.77941287312260,24.77941287312260
381,2,256,-49.55882574624427,99.11765149248853,-41.83529557209192,-7.723530174152388
381,3,10,-34.11176539793873,68.22353079587745,-17.05588269896936,-17.05588269896936
382,1,784,.000000000000000,.000000000000000,-24.77941287312255,24.77941287312255
382,2,256,-49.55882574624431,99.11765149248862,-41.70990810356303,-7.848917642681311
382,3,10,-33.86099046088087,67.72198092176174,-16.93049523044043,-16.93049523044043
383,1,784,.000000000000000,.000000000000000,-24.77941287312252,24.77941287312252
383,2,256,-49.55882574624428,99.11765149248856,-41.74686794703577,-7.811957799208526
383,3,10,-33.93491014782641,67.86982029565281,-16.96745507391321,-16.96745507391319
384,1,784,.000000000000000,.000000000000000,-24.77941287312256,24.77941287312256
384,2,256,-49.55882574624434,99.11765149248868,-41.77795348391668,-7.780872262327611
384,3,10,-33.99708122158827,67.99416244317653,-16.99854061079413,-16.99854061079414
385,1,784,.000000000000000,.000000000000000,-24.77941287312253,24.77941287312253
385,2,256,-49.55882574624435,99.11765149248869,-41.76017206805800,-7.798653678186337
385,3,10,-33.96151838987083,67.92303677974166,-16.98075919493542,-16.98075919493541
386,1,784,.000000000000000,.000000000000000,-24.77941287312258,24.77941287312258
386,2,256,-49.55882574624435,99.11765149248869,-41.66852528205534,-7.890300464188979
386,3,10,-33.77822481786554,67.55644963573108,-16.88911240893277,-16.88911240893277
387,1,784,.000000000000000,.000000000000000,-24.77941287312254,24.77941287312254
387,2,256,-49.55882574624430,99.11765149248860,-41.73264362048535,-7.826182125758960
387,3,10,-33.90646149472556,67.81292298945112,-16.95323074736278,-16.95323074736278
388,1,784,.000000000000000,.000000000000000,-24.77941287312258,24.77941287312258
388,2,256,-49.55882574624428,99.11765149248856,-41.71974113721490,-7.839084609029424
388,3,10,-33.88065652818464,67.76131305636927,-16.94032826409231,-16.94032826409232
389,1,784,.000000000000000,.000000000000000,-24.77941287312257,24.77941287312257
389,2,256,-49.55882574624429,99.11765149248858,-41.79366129588503,-7.765164450359282
389,3,10,-34.02849684552491,68.05699369104983,-17.01424842276246,-17.01424842276246
390,1,784,.000000000000000,.000000000000000,-24.77941287312257,24.77941287312257
390,2,256,-49.55882574624432,99.11765149248865,-41.76967436722741,-7.789151379016927
390,3,10,-33.98052298820967,67.96104597641934,-16.99026149410483,-16.99026149410484
391,1,784,.000000000000000,.000000000000000,-24.77941287312256,24.77941287312256
391,2,256,-49.55882574624432,99.11765149248863,-41.82511012600094,-7.733715620243357
391,3,10,-34.09139450575676,68.18278901151352,-17.04569725287838,-17.04569725287838
392,1,784,.000000000000000,.000000000000000,-24.77941287312257,24.77941287312257
392,2,256,-49.55882574624430,99.11765149248860,-41.79392668402733,-7.764899062216981
392,3,10,-34.02902762180955,68.05805524361909,-17.01451381090477,-17.01451381090477
393,1,784,.000000000000000,.000000000000000,-24.77941287312256,24.77941287312256
393,2,256,-49.55882574624432,99.11765149248863,-41.79092223792894,-7.767903508315340
393,3,10,-34.02301872961281,68.04603745922562,-17.01150936480640,-17.01150936480640
394,1,784,.000000000000000,.000000000000000,-24.77941287312260,24.77941287312260
394,2,256,-49.55882574624426,99.11765149248852,-41.70701604303879,-7.851809703205524
394,3,10,-33.85520633983240,67.71041267966480,-16.92760316991620,-16.92760316991619
395,1,784,.000000000000000,.000000000000000,-24.77941287312256,24.77941287312256
395,2,256,-49.55882574624437,99.11765149248873,-41.70495308383692,-7.853872662407425
395,3,10,-33.85108042142864,67.70216084285728,-16.92554021071432,-16.92554021071432
396,1,784,.000000000000000,.000000000000000,-24.77941287312257,24.77941287312257
396,2,256,-49.55882574624429,99.11765149248858,-41.82001084389798,-7.738814902346338
396,3,10,-34.08119594155080,68.16239188310159,-17.04059797077540,-17.04059797077540
397,1,784,.000000000000000,.000000000000000,-24.77941287312264,24.77941287312264
397,2,256,-49.55882574624431,99.11765149248862,-41.83799524233848,-7.720830503905875
397,3,10,-34.11716473843176,68.23432947686352,-17.05858236921588,-17.05858236921588
398,1,784,.000000000000000,.000000000000000,-24.77941287312256,24.77941287312256
398,2,256,-49.55882574624431,99.11765149248862,-41.74860622451850,-7.810219521725819
398,3,10,-33.93838670279190,67.87677340558380,-16.96919335139595,-16.96919335139595
399,1,784,.000000000000000,.000000000000000,-24.77941287312257,24.77941287312257
399,2,256,-49.55882574624432,99.11765149248865,-41.74428320975678,-7.814542536487526
399,3,10,-33.92974067326843,67.85948134653687,-16.96487033663421,-16.96487033663422
400,1,784,.000000000000000,.000000000000000,-24.77941287312253,24.77941287312253
400,2,256,-49.55882574624433,99.11765149248866,-41.80763349499501,-7.751192251249304
400,3,10,-34.05644124374488,68.11288248748976,-17.02822062187244,-17.02822062187244
401,1,784,.000000000000000,.000000000000000,-24.77941287312256,24.77941287312256
401,2,256,-49.55882574624430,99.11765149248860,-41.75712098553204,-7.801704760712270
401,3,10,-33.95541622481894,67.91083244963788,-16.97770811240947,-16.97770811240947
402,1,784,.000000000000000,.000000000000000,-24.77941287312259,24.77941287312259
402,2,256,-49.55882574624432,99.11765149248863,-41.79560334164812,-7.763222404596218
402,3,10,-34.03238093705107,68.06476187410215,-17.01619046852553,-17.01619046852554
403,1,784,.000000000000000,.000000000000000,-24.77941287312256,24.77941287312256
403,2,256,-49.55882574624430,99.11765149248860,-41.76379210600619,-7.795033640238126
403,3,10,-33.96875846576725,67.93751693153450,-16.98437923288363,-16.98437923288363
404,1,784,.000000000000000,.000000000000000,-24.77941287312258,24.77941287312258
404,2,256,-49.55882574624434,99.11765149248868,-41.80002834949071,-7.758797396753576
404,3,10,-34.04123095273632,68.08246190547264,-17.02061547636817,-17.02061547636816
405,1,784,.000000000000000,.000000000000000,-24.77941287312260,24.77941287312260
405,2,256,-49.55882574624432,99.11765149248863,-41.77828346283923,-7.780542283405089
405,3,10,-33.99774117943330,67.99548235886660,-16.99887058971666,-16.99887058971665
406,1,784,.000000000000000,.000000000000000,-24.77941287312255,24.77941287312255
406,2,256,-49.55882574624430,99.11765149248859,-41.71938280255112,-7.839442943693206
406,3,10,-33.87993985885708,67.75987971771416,-16.93996992942854,-16.93996992942854
407,1,784,.000000000000000,.000000000000000,-24.77941287312257,24.77941287312257
407,2,256,-49.55882574624433,99.11765149248866,-41.72949351767417,-7.829332228570151
407,3,10,-33.90016128910321,67.80032257820642,-16.95008064455162,-16.95008064455161
408,1,784,.000000000000000,.000000000000000,-24.77941287312255,24.77941287312255
408,2,256,-49.55882574624428,99.11765149248856,-41.73174179068665,-7.827083955557640
408,3,10,-33.90465783512819,67.80931567025638,-16.95232891756410,-16.95232891756410
409,1,784,.000000000000000,.000000000000000,-24.77941287312257,24.77941287312257
409,2,256,-49.55882574624437,99.11765149248875,-41.68966150821835,-7.869164238025915
409,3,10,-33.82049727019164,67.64099454038328,-16.91024863509582,-16.91024863509581
410,1,784,.000000000000000,.000000000000000,-24.77941287312256,24.77941287312256
410,2,256,-49.55882574624429,99.11765149248858,-41.76803502127873,-7.790790724965571
410,3,10,-33.97724429631233,67.95448859262466,-16.98862214815616,-16.98862214815617
411,1,784,.000000000000000,.000000000000000,-24.77941287312258,24.77941287312258
411,2,256,-49.55882574624425,99.11765149248849,-41.80642856342849,-7.752397182815811
411,3,10,-34.05403138061188,68.10806276122376,-17.02701569030593,-17.02701569030595
412,1,784,.000000000000000,.000000000000000,-24.77941287312253,24.77941287312253
412,2,256,-49.55882574624435,99.11765149248869,-41.74902178892909,-7.809803957315210
412,3,10,-33.93921783161309,67.87843566322618,-16.96960891580654,-16.96960891580655
413,1,784,.000000000000000,.000000000000000,-24.77941287312255,24.77941287312255
413,2,256,-49.55882574624425,99.11765149248851,-41.76914706332477,-7.789678682919515
413,3,10,-33.97946838040445,67.95893676080890,-16.98973419020222,-16.98973419020222
414,1,784,.000000000000000,.000000000000000,-24.77941287312254,24.77941287312254
414,2,256,-49.55882574624431,99.11765149248862,-41.80761635901219,-7.751209387232159
414,3,10,-34.05640697177918,68.11281394355835,-17.02820348588959,-17.02820348588959
415,1,784,.000000000000000,.000000000000000,-24.77941287312256,24.77941287312256
415,2,256,-49.55882574624427,99.11765149248855,-41.76691965252712,-7.791906093717145
415,3,10,-33.97501355880917,67.95002711761835,-16.98750677940459,-16.98750677940459
416,1,784,.000000000000000,.000000000000000,-24.77941287312255,24.77941287312255
416,2,256,-49.55882574624431,99.11765149248862,-41.72396122384378,-7.834864522400544
416,3,10,-33.88909670144240,67.77819340288481,-16.94454835072121,-16.94454835072120
417,1,784,.000000000000000,.000000000000000,-24.77941287312258,24.77941287312258
417,2,256,-49.55882574624430,99.11765149248859,-41.79149158298933,-7.767334163254985
417,3,10,-34.02415741973353,68.04831483946705,-17.01207870986676,-17.01207870986677
418,1,784,.000000000000000,.000000000000000,-24.77941287312256,24.77941287312256
418,2,256,-49.55882574624430,99.11765149248860,-41.76315651431195,-7.795669231932357
418,3,10,-33.96748728237876,67.93497456475751,-16.98374364118938,-16.98374364118937
419,1,784,.000000000000000,.000000000000000,-24.77941287312253,24.77941287312253
419,2,256,-49.55882574624427,99.11765149248853,-41.82545213756826,-7.733373608676044
419,3,10,-34.09207852889140,68.18415705778280,-17.04603926444570,-17.04603926444571
420,1,784,.000000000000000,.000000000000000,-24.77941287312256,24.77941287312256
420,2,256,-49.55882574624428,99.11765149248856,-41.68395305991108,-7.874872686333204
420,3,10,-33.80908037357709,67.61816074715418,-16.90454018678854,-16.90454018678855
421,1,784,.000000000000000,.000000000000000,-24.77941287312255,24.77941287312255
421,2,256,-49.55882574624432,99.11765149248865,-41.78644175362718,-7.772383992617169
421,3,10,-34.01405776100918,68.02811552201837,-17.00702888050459,-17.00702888050459
422,1,784,.000000000000000,.000000000000000,-24.77941287312255,24.77941287312255
422,2,256,-49.55882574624431,99.11765149248862,-41.78872627138489,-7.770099474859420
422,3,10,-34.01862679652463,68.03725359304926,-17.00931339826232,-17.00931339826231
423,1,784,.000000000000000,.000000000000000,-24.77941287312256,24.77941287312256
423,2,256,-49.55882574624432,99.11765149248863,-41.77892400597949,-7.779901740264822
423,3,10,-33.99902226571385,67.99804453142771,-16.99951113285693,-16.99951113285693
424,1,784,.000000000000000,.000000000000000,-24.77941287312257,24.77941287312257
424,2,256,-49.55882574624434,99.11765149248868,-41.73341114505796,-7.825414601186361
424,3,10,-33.90799654387078,67.81599308774156,-16.95399827193539,-16.95399827193539
425,1,784,.000000000000000,.000000000000000,-24.77941287312258,24.77941287312258
425,2,256,-49.55882574624432,99.11765149248865,-41.85856466012459,-7.700261086119741
425,3,10,-34.15830357400402,68.31660714800805,-17.07915178700201,-17.07915178700201
426,1,784,.000000000000000,.000000000000000,-24.77941287312257,24.77941287312257
426,2,256,-49.55882574624430,99.11765149248860,-41.72742983369154,-7.831395912552793
426,3,10,-33.89603392113790,67.79206784227580,-16.94801696056895,-16.94801696056895
427,1,784,.000000000000000,.000000000000000,-24.77941287312257,24.77941287312257
427,2,256,-49.55882574624430,99.11765149248859,-41.72220629315166,-7.836619453092636
427,3,10,-33.88558684005820,67.77117368011639,-16.94279342002910,-16.94279342002910
428,1,784,.000000000000000,.000000000000000,-24.77941287312259,24.77941287312259
428,2,256,-49.55882574624434,99.11765149248868,-41.76593844885743,-7.792887297386890
428,3,10,-33.97305115146974,67.94610230293948,-16.98652557573487,-16.98652557573488
429,1,784,.000000000000000,.000000000000000,-24.77941287312256,24.77941287312256
429,2,256,-49.55882574624432,99.11765149248863,-41.73388357033868,-7.824942175905646
429,3,10,-33.90894139443222,67.81788278886444,-16.95447069721611,-16.95447069721611
430,1,784,.000000000000000,.000000000000000,-24.77941287312256,24.77941287312256
430,2,256,-49.55882574624432,99.11765149248863,-41.72988206632721,-7.828943679917074
430,3,10,-33.90093838640935,67.80187677281870,-16.95046919320468,-16.95046919320468
431,1,784,.000000000000000,.000000000000000,-24.77941287312254,24.77941287312254
431,2,256,-49.55882574624430,99.11765149248859,-41.78640204722365,-7.772423699020697
431,3,10,-34.01397834820212,68.02795669640423,-17.00698917410105,-17.00698917410106
432,1,784,.000000000000000,.000000000000000,-24.77941287312257,24.77941287312257
432,2,256,-49.55882574624433,99.11765149248866,-41.79873383109233,-7.760091915152017
432,3,10,-34.03864191593946,68.07728383187893,-17.01932095796974,-17.01932095796973
433,1,784,.000000000000000,.000000000000000,-24.77941287312256,24.77941287312256
433,2,256,-49.55882574624429,99.11765149248858,-41.75391787727259,-7.804907868971696
433,3,10,-33.94901000830011,67.89802001660023,-16.97450500415006,-16.97450500415006
434,1,784,.000000000000000,.000000000000000,-24.77941287312257,24.77941287312257
434,2,256,-49.55882574624432,99.11765149248865,-41.76726646036010,-7.791559285884201
434,3,10,-33.97570717447505,67.95141434895011,-16.98785358723753,-16.98785358723753
435,1,784,.000000000000000,.000000000000000,-24.77941287312258,24.77941287312258
435,2,256,-49.55882574624430,99.11765149248860,-41.72384470524815,-7.834981040996144
435,3,10,-33.88886366425119,67.77772732850238,-16.94443183212560,-16.94443183212559
436,1,784,.000000000000000,.000000000000000,-24.77941287312255,24.77941287312255
436,2,256,-49.55882574624432,99.11765149248863,-41.72204090294175,-7.836784843302586
436,3,10,-33.88525605963834,67.77051211927667,-16.94262802981917,-16.94262802981917
437,1,784,.000000000000000,.000000000000000,-24.77941287312253,24.77941287312253
437,2,256,-49.55882574624432,99.11765149248865,-41.72371412033892,-7.835111625905390
437,3,10,-33.88860249443269,67.77720498886538,-16.94430124721635,-16.94430124721634
438,1,784,.000000000000000,.000000000000000,-24.77941287312255,24.77941287312255
438,2,256,-49.55882574624430,99.11765149248859,-41.77038840798831,-7.788437338255974
438,3,10,-33.98195106973152,67.96390213946304,-16.99097553486576,-16.99097553486575
439,1,784,.000000000000000,.000000000000000,-24.77941287312255,24.77941287312255
439,2,256,-49.55882574624434,99.11765149248868,-41.74348568287972,-7.815340063364610
439,3,10,-33.92814561951428,67.85629123902856,-16.96407280975714,-16.96407280975715
440,1,784,.000000000000000,.000000000000000,-24.77941287312260,24.77941287312260
440,2,256,-49.55882574624432,99.11765149248863,-41.74327298270632,-7.815552763537974
440,3,10,-33.92772021916755,67.85544043833511,-16.96386010958378,-16.96386010958377
441,1,784,.000000000000000,.000000000000000,-24.77941287312256,24.77941287312256
441,2,256,-49.55882574624430,99.11765149248860,-41.76150407890405,-7.797321667340249
441,3,10,-33.96418241156300,67.92836482312600,-16.98209120578149,-16.98209120578150
442,1,784,.000000000000000,.000000000000000,-24.77941287312256,24.77941287312256
442,2,256,-49.55882574624430,99.11765149248859,-41.82963892826632,-7.729186817977981
442,3,10,-34.10045211028752,68.20090422057504,-17.05022605514376,-17.05022605514375
443,1,784,.000000000000000,.000000000000000,-24.77941287312256,24.77941287312256
443,2,256,-49.55882574624435,99.11765149248870,-41.61165373204075,-7.947172014203540
443,3,10,-33.66448171783644,67.32896343567289,-16.83224085891822,-16.83224085891822
444,1,784,.000000000000000,.000000000000000,-24.77941287312257,24.77941287312257
444,2,256,-49.55882574624428,99.11765149248856,-41.79228139551019,-7.766544350734090
444,3,10,-34.02573704477529,68.05147408955058,-17.01286852238765,-17.01286852238764
445,1,784,.000000000000000,.000000000000000,-24.77941287312253,24.77941287312253
445,2,256,-49.55882574624430,99.11765149248859,-41.79745367745249,-7.761372068791765
445,3,10,-34.03608160865996,68.07216321731991,-17.01804080432998,-17.01804080432998
446,1,784,.000000000000000,.000000000000000,-24.77941287312255,24.77941287312255
446,2,256,-49.55882574624432,99.11765149248863,-41.73397559942739,-7.824850146816942
446,3,10,-33.90912545260963,67.81825090521926,-16.95456272630481,-16.95456272630481
447,1,784,.000000000000000,.000000000000000,-24.77941287312258,24.77941287312258
447,2,256,-49.55882574624435,99.11765149248870,-41.74200727310729,-7.816818473137023
447,3,10,-33.92518879996948,67.85037759993897,-16.96259439998474,-16.96259439998475
448,1,784,.000000000000000,.000000000000000,-24.77941287312255,24.77941287312255
448,2,256,-49.55882574624427,99.11765149248855,-41.72732961696070,-7.831496129283548
448,3,10,-33.89583348767637,67.79166697535274,-16.94791674383819,-16.94791674383819
449,1,784,.000000000000000,.000000000000000,-24.77941287312255,24.77941287312255
449,2,256,-49.55882574624429,99.11765149248858,-41.74980733280911,-7.809018413435180
449,3,10,-33.94078891937311,67.88157783874622,-16.97039445968655,-16.97039445968656
450,1,784,.000000000000000,.000000000000000,-24.77941287312257,24.77941287312257
450,2,256,-49.55882574624437,99.11765149248875,-41.76308121584062,-7.795744530403709
450,3,10,-33.96733668543607,67.93467337087215,-16.98366834271804,-16.98366834271804
451,1,784,.000000000000000,.000000000000000,-24.77941287312256,24.77941287312256
451,2,256,-49.55882574624430,99.11765149248860,-41.76665658663249,-7.792169159611806
451,3,10,-33.97448742701987,67.94897485403973,-16.98724371350993,-16.98724371350993
452,1,784,.000000000000000,.000000000000000,-24.77941287312258,24.77941287312258
452,2,256,-49.55882574624430,99.11765149248860,-41.80736084250923,-7.751464903735060
452,3,10,-34.05589593877336,68.11179187754672,-17.02794796938668,-17.02794796938668
453,1,784,.000000000000000,.000000000000000,-24.77941287312259,24.77941287312259
453,2,256,-49.55882574624428,99.11765149248856,-41.80151919558519,-7.757306550659121
453,3,10,-34.04421264492526,68.08842528985052,-17.02210632246263,-17.02210632246263
454,1,784,.000000000000000,.000000000000000,-24.77941287312258,24.77941287312258
454,2,256,-49.55882574624429,99.11765149248858,-41.78380201231778,-7.775023733926536
454,3,10,-34.00877827839042,68.01755655678083,-17.00438913919521,-17.00438913919521
455,1,784,.000000000000000,.000000000000000,-24.77941287312257,24.77941287312257
455,2,256,-49.55882574624428,99.11765149248856,-41.76723077248391,-7.791594973760413
455,3,10,-33.97563579872266,67.95127159744531,-16.98781789936134,-16.98781789936132
456,1,784,.000000000000000,.000000000000000,-24.77941287312255,24.77941287312255
456,2,256,-49.55882574624432,99.11765149248863,-41.79301964966248,-7.765806096581810
456,3,10,-34.02721355307987,68.05442710615974,-17.01360677653993,-17.01360677653994
457,1,784,.000000000000000,.000000000000000,-24.77941287312256,24.77941287312256
457,2,256,-49.55882574624430,99.11765149248860,-41.72912005936239,-7.829705686881924
457,3,10,-33.89941437247964,67.79882874495928,-16.94970718623982,-16.94970718623982
458,1,784,.000000000000000,.000000000000000,-24.77941287312259,24.77941287312259
458,2,256,-49.55882574624434,99.11765149248868,-41.77429771230273,-7.784528033941617
458,3,10,-33.98976967836028,67.97953935672055,-16.99488483918013,-16.99488483918014
459,1,784,.000000000000000,.000000000000000,-24.77941287312255,24.77941287312255
459,2,256,-49.55882574624427,99.11765149248855,-41.72401453268749,-7.834811213556785
459,3,10,-33.88920331912990,67.77840663825980,-16.94460165956495,-16.94460165956495
460,1,784,.000000000000000,.000000000000000,-24.77941287312255,24.77941287312255
460,2,256,-49.55882574624433,99.11765149248866,-41.71917622108715,-7.839649525157180
460,3,10,-33.87952669592914,67.75905339185829,-16.93976334796457,-16.93976334796458
461,1,784,.000000000000000,.000000000000000,-24.77941287312257,24.77941287312257
461,2,256,-49.55882574624430,99.11765149248860,-41.74242494488399,-7.816400801360326
461,3,10,-33.92602414352283,67.85204828704566,-16.96301207176142,-16.96301207176142
462,1,784,.000000000000000,.000000000000000,-24.77941287312257,24.77941287312257
462,2,256,-49.55882574624432,99.11765149248863,-41.67147861987554,-7.887347126368777
462,3,10,-33.78413149350591,67.56826298701182,-16.89206574675296,-16.89206574675295
463,1,784,.000000000000000,.000000000000000,-24.77941287312256,24.77941287312256
463,2,256,-49.55882574624430,99.11765149248860,-41.70519747506309,-7.853628271181189
463,3,10,-33.85156920388111,67.70313840776221,-16.92578460194055,-16.92578460194056
464,1,784,.000000000000000,.000000000000000,-24.77941287312253,24.77941287312253
464,2,256,-49.55882574624432,99.11765149248863,-41.73015938857142,-7.828666357672904
464,3,10,-33.90149303089770,67.80298606179539,-16.95074651544885,-16.95074651544885
465,1,784,.000000000000000,.000000000000000,-24.77941287312255,24.77941287312255
465,2,256,-49.55882574624430,99.11765149248859,-41.72912348054498,-7.829702265699292
465,3,10,-33.89942121484488,67.79884242968976,-16.94971060742244,-16.94971060742244
466,1,784,.000000000000000,.000000000000000,-24.77941287312255,24.77941287312255
466,2,256,-49.55882574624433,99.11765149248866,-41.73784150073987,-7.820984245504430
466,3,10,-33.91685725523463,67.83371451046926,-16.95842862761732,-16.95842862761732
467,1,784,.000000000000000,.000000000000000,-24.77941287312257,24.77941287312257
467,2,256,-49.55882574624432,99.11765149248865,-41.70847372666965,-7.850352019574671
467,3,10,-33.85812170709416,67.71624341418831,-16.92906085354707,-16.92906085354708
468,1,784,.000000000000000,.000000000000000,-24.77941287312255,24.77941287312255
468,2,256,-49.55882574624434,99.11765149248868,-41.71303033812035,-7.845795408123952
468,3,10,-33.86723492999560,67.73446985999119,-16.93361746499779,-16.93361746499779
469,1,784,.000000000000000,.000000000000000,-24.77941287312259,24.77941287312259
469,2,256,-49.55882574624431,99.11765149248862,-41.79639340183055,-7.762432344413772
469,3,10,-34.03396105741593,68.06792211483186,-17.01698052870797,-17.01698052870796
470,1,784,.000000000000000,.000000000000000,-24.77941287312256,24.77941287312256
470,2,256,-49.55882574624430,99.11765149248860,-41.80234596711905,-7.756479779125257
470,3,10,-34.04586618799298,68.09173237598596,-17.02293309399649,-17.02293309399649
471,1,784,.000000000000000,.000000000000000,-24.77941287312255,24.77941287312255
471,2,256,-49.55882574624434,99.11765149248868,-41.73537001652393,-7.823455729720354
471,3,10,-33.91191428680278,67.82382857360557,-16.95595714340139,-16.95595714340139
472,1,784,.000000000000000,.000000000000000,-24.77941287312256,24.77941287312256
472,2,256,-49.55882574624427,99.11765149248855,-41.77984546753441,-7.778980278709903
472,3,10,-34.00086518882365,68.00173037764731,-17.00043259441183,-17.00043259441183
473,1,784,.000000000000000,.000000000000000,-24.77941287312256,24.77941287312256
473,2,256,-49.55882574624431,99.11765149248862,-41.86478253439294,-7.694043211851354
473,3,10,-34.17073932254075,68.34147864508151,-17.08536966127038,-17.08536966127038
474,1,784,.000000000000000,.000000000000000,-24.77941287312253,24.77941287312253
474,2,256,-49.55882574624436,99.11765149248872,-41.77790236161762,-7.780923384626688
474,3,10,-33.99697897699008,67.99395795398016,-16.99848948849505,-16.99848948849504
475,1,784,.000000000000000,.000000000000000,-24.77941287312256,24.77941287312256
475,2,256,-49.55882574624430,99.11765149248860,-41.71146463085864,-7.847361115385664
475,3,10,-33.86410351547214,67.72820703094428,-16.93205175773607,-16.93205175773607
476,1,784,.000000000000000,.000000000000000,-24.77941287312258,24.77941287312258
476,2,256,-49.55882574624435,99.11765149248870,-41.77263566674542,-7.786190079498924
476,3,10,-33.98644558724563,67.97289117449127,-16.99322279362282,-16.99322279362281
477,1,784,.000000000000000,.000000000000000,-24.77941287312257,24.77941287312257
477,2,256,-49.55882574624430,99.11765149248860,-41.83284429142991,-7.725981454814401
477,3,10,-34.10686283661471,68.21372567322942,-17.05343141830736,-17.05343141830735
478,1,784,.000000000000000,.000000000000000,-24.77941287312256,24.77941287312256
478,2,256,-49.55882574624433,99.11765149248866,-41.73194714366348,-7.826878602580811
478,3,10,-33.90506854108187,67.81013708216375,-16.95253427054093,-16.95253427054094
479,1,784,.000000000000000,.000000000000000,-24.77941287312256,24.77941287312256
479,2,256,-49.55882574624435,99.11765149248870,-41.76833143683147,-7.790494309412872
479,3,10,-33.97783712741777,67.95567425483554,-16.98891856370889,-16.98891856370889
480,1,784,.000000000000000,.000000000000000,-24.77941287312256,24.77941287312256
480,2,256,-49.55882574624432,99.11765149248863,-41.74623973731305,-7.812586008931310
480,3,10,-33.93365372838088,67.86730745676176,-16.96682686419044,-16.96682686419044
481,1,784,.000000000000000,.000000000000000,-24.77941287312256,24.77941287312256
481,2,256,-49.55882574624433,99.11765149248866,-41.74924823098595,-7.809577515258340
481,3,10,-33.93967071572679,67.87934143145358,-16.96983535786340,-16.96983535786340
482,1,784,.000000000000000,.000000000000000,-24.77941287312260,24.77941287312260
482,2,256,-49.55882574624434,99.11765149248868,-41.75408874235355,-7.804737003890790
482,3,10,-33.94935173846193,67.89870347692386,-16.97467586923096,-16.97467586923096
483,1,784,.000000000000000,.000000000000000,-24.77941287312254,24.77941287312254
483,2,256,-49.55882574624430,99.11765149248859,-41.80882222996505,-7.750003516279281
483,3,10,-34.05881871368489,68.11763742736977,-17.02940935684245,-17.02940935684245
484,1,784,.000000000000000,.000000000000000,-24.77941287312253,24.77941287312253
484,2,256,-49.55882574624432,99.11765149248863,-41.81319376034156,-7.745631985902756
484,3,10,-34.06756177443800,68.13512354887600,-17.03378088721900,-17.03378088721900
485,1,784,.000000000000000,.000000000000000,-24.77941287312256,24.77941287312256
485,2,256,-49.55882574624432,99.11765149248863,-41.71843425812322,-7.840391488121082
485,3,10,-33.87804277000135,67.75608554000270,-16.93902138500068,-16.93902138500068
486,1,784,.000000000000000,.000000000000000,-24.77941287312256,24.77941287312256
486,2,256,-49.55882574624436,99.11765149248872,-41.75632949545118,-7.802496250793100
486,3,10,-33.95383324465730,67.90766648931461,-16.97691662232865,-16.97691662232866
487,1,784,.000000000000000,.000000000000000,-24.77941287312258,24.77941287312258
487,2,256,-49.55882574624426,99.11765149248852,-41.67279347006569,-7.886032276178606
487,3,10,-33.78676119388629,67.57352238777257,-16.89338059694315,-16.89338059694314
488,1,784,.000000000000000,.000000000000000,-24.77941287312260,24.77941287312260
488,2,256,-49.55882574624430,99.11765149248859,-41.71496849051204,-7.843857255732261
488,3,10,-33.87111123477897,67.74222246955793,-16.93555561738949,-16.93555561738948
489,1,784,.000000000000000,.000000000000000,-24.77941287312256,24.77941287312256
489,2,256,-49.55882574624429,99.11765149248858,-41.74226662398328,-7.816559122261056
489,3,10,-33.92570750172137,67.85141500344274,-16.96285375086068,-16.96285375086069
490,1,784,.000000000000000,.000000000000000,-24.77941287312255,24.77941287312255
490,2,256,-49.55882574624431,99.11765149248862,-41.74243051761562,-7.816395228628710
490,3,10,-33.92603528898609,67.85207057797219,-16.96301764449305,-16.96301764449304
491,1,784,.000000000000000,.000000000000000,-24.77941287312254,24.77941287312254
491,2,256,-49.55882574624434,99.11765149248868,-41.67997747007678,-7.878848276167530
491,3,10,-33.80112919390841,67.60225838781682,-16.90056459695422,-16.90056459695420
492,1,784,.000000000000000,.000000000000000,-24.77941287312257,24.77941287312257
492,2,256,-49.55882574624430,99.11765149248860,-41.73921380787963,-7.819611938364664
492,3,10,-33.91960186951417,67.83920373902835,-16.95980093475708,-16.95980093475709
493,1,784,.000000000000000,.000000000000000,-24.77941287312252,24.77941287312252
493,2,256,-49.55882574624429,99.11765149248858,-41.67588012856671,-7.882945617677590
493,3,10,-33.79293451088830,67.58586902177660,-16.89646725544415,-16.89646725544415
494,1,784,.000000000000000,.000000000000000,-24.77941287312256,24.77941287312256
494,2,256,-49.55882574624428,99.11765149248856,-41.72174147006654,-7.837084276177754
494,3,10,-33.88465719388797,67.76931438777595,-16.94232859694398,-16.94232859694399
495,1,784,.000000000000000,.000000000000000,-24.77941287312258,24.77941287312258
495,2,256,-49.55882574624433,99.11765149248866,-41.81424762611228,-7.744578120132053
495,3,10,-34.06966950597939,68.13933901195878,-17.03483475298970,-17.03483475298970
496,1,784,.000000000000000,.000000000000000,-24.77941287312254,24.77941287312254
496,2,256,-49.55882574624431,99.11765149248862,-41.70060756117660,-7.858218185067688
496,3,10,-33.84238937610812,67.68477875221625,-16.92119468805406,-16.92119468805406
497,1,784,.000000000000000,.000000000000000,-24.77941287312255,24.77941287312255
497,2,256,-49.55882574624430,99.11765149248859,-41.77094277709639,-7.787882969147914
497,3,10,-33.98305980794767,67.96611961589534,-16.99152990397383,-16.99152990397383
498,1,784,.000000000000000,.000000000000000,-24.77941287312252,24.77941287312252
498,2,256,-49.55882574624432,99.11765149248865,-41.72673608998070,-7.832089656263606
498,3,10,-33.89464643371628,67.78929286743256,-16.94732321685813,-16.94732321685814
499,1,784,.000000000000000,.000000000000000,-24.77941287312258,24.77941287312258
499,2,256,-49.55882574624430,99.11765149248860,-41.74972754332178,-7.809098202922564
499,3,10,-33.94062934039841,67.88125868079682,-16.97031467019920,-16.97031467019921
500,1,784,.000000000000000,.000000000000000,-24.77941287312257,24.77941287312257
500,2,256,-49.55882574624432,99.11765149248865,-41.72462104362416,-7.834204702620141
500,3,10,-33.89041634100320,67.78083268200641,-16.94520817050160,-16.94520817050160
501,1,784,.000000000000000,.000000000000000,-24.77941287312257,24.77941287312257
501,2,256,-49.55882574624430,99.11765149248859,-41.78985924574962,-7.768966500494680
501,3,10,-34.02089274525411,68.04178549050822,-17.01044637262706,-17.01044637262705
502,1,784,.000000000000000,.000000000000000,-24.77941287312257,24.77941287312257
502,2,256,-49.55882574624435,99.11765149248869,-41.73973571905528,-7.819090027189015
502,3,10,-33.92064569186546,67.84129138373092,-16.96032284593273,-16.96032284593273
503,1,784,.000000000000000,.000000000000000,-24.77941287312255,24.77941287312255
503,2,256,-49.55882574624428,99.11765149248856,-41.77146153428143,-7.787364211962857
503,3,10,-33.98409732231775,67.96819464463550,-16.99204866115889,-16.99204866115887
504,1,784,.000000000000000,.000000000000000,-24.77941287312260,24.77941287312260
504,2,256,-49.55882574624430,99.11765149248859,-41.76740331649095,-7.791422429753346
504,3,10,-33.97598088673678,67.95196177347356,-16.98799044336839,-16.98799044336839
505,1,784,.000000000000000,.000000000000000,-24.77941287312257,24.77941287312257
505,2,256,-49.55882574624430,99.11765149248860,-41.79959703031496,-7.759228715929340
505,3,10,-34.04036831438482,68.08073662876964,-17.02018415719240,-17.02018415719241
506,1,784,.000000000000000,.000000000000000,-24.77941287312256,24.77941287312256
506,2,256,-49.55882574624435,99.11765149248869,-41.77131465610127,-7.787511090143023
506,3,10,-33.98380356595744,67.96760713191489,-16.99190178297872,-16.99190178297873
507,1,784,.000000000000000,.000000000000000,-24.77941287312259,24.77941287312259
507,2,256,-49.55882574624430,99.11765149248859,-41.71384053281774,-7.844985213426567
507,3,10,-33.86885531939035,67.73771063878070,-16.93442765969517,-16.93442765969517
508,1,784,.000000000000000,.000000000000000,-24.77941287312255,24.77941287312255
508,2,256,-49.55882574624437,99.11765149248875,-41.74139143562933,-7.817434310614970
508,3,10,-33.92395712501352,67.84791425002703,-16.96197856250676,-16.96197856250676
509,1,784,.000000000000000,.000000000000000,-24.77941287312256,24.77941287312256
509,2,256,-49.55882574624432,99.11765149248865,-41.70003893370536,-7.858786812538928
509,3,10,-33.84125212116567,67.68250424233133,-16.92062606058283,-16.92062606058283
510,1,784,.000000000000000,.000000000000000,-24.77941287312255,24.77941287312255
510,2,256,-49.55882574624427,99.11765149248855,-41.72261008624182,-7.836215660002487
510,3,10,-33.88639442623852,67.77278885247703,-16.94319721311926,-16.94319721311927
511,1,784,.000000000000000,.000000000000000,-24.77941287312255,24.77941287312255
511,2,256,-49.55882574624430,99.11765149248859,-41.70749200591138,-7.851333740332899
511,3,10,-33.85615826557768,67.71231653115535,-16.92807913278884,-16.92807913278883
512,1,784,.000000000000000,.000000000000000,-24.77941287312258,24.77941287312258
512,2,256,-49.55882574624433,99.11765149248866,-41.70596785074466,-7.852857895499659
512,3,10,-33.85310995524416,67.70621991048833,-16.92655497762208,-16.92655497762208
513,1,784,.000000000000000,.000000000000000,-24.77941287312263,24.77941287312263
513,2,256,-49.55882574624430,99.11765149248859,-41.71091891452512,-7.847906831719168
513,3,10,-33.86301208280512,67.72602416561024,-16.93150604140257,-16.93150604140256
514,1,784,.000000000000000,.000000000000000,-24.77941287312256,24.77941287312256
514,2,256,-49.55882574624429,99.11765149248858,-41.70753254493599,-7.851293201308299
514,3,10,-33.85623934362690,67.71247868725379,-16.92811967181345,-16.92811967181346
515,1,784,.000000000000000,.000000000000000,-24.77941287312259,24.77941287312259
515,2,256,-49.55882574624430,99.11765149248860,-41.69070658379756,-7.868119162446736
515,3,10,-33.82258742135006,67.64517484270011,-16.91129371067503,-16.91129371067503
516,1,784,.000000000000000,.000000000000000,-24.77941287312258,24.77941287312258
516,2,256,-49.55882574624435,99.11765149248869,-41.64077254985729,-7.918053196387013
516,3,10,-33.72271935346950,67.44543870693900,-16.86135967673475,-16.86135967673474
517,1,784,.000000000000000,.000000000000000,-24.77941287312256,24.77941287312256
517,2,256,-49.55882574624436,99.11765149248872,-41.75971282275131,-7.799112923493007
517,3,10,-33.96059989925750,67.92119979851499,-16.98029994962875,-16.98029994962875
518,1,784,.000000000000000,.000000000000000,-24.77941287312256,24.77941287312256
518,2,256,-49.55882574624435,99.11765149248870,-41.77520502702301,-7.783620719221283
518,3,10,-33.99158430780092,67.98316861560184,-16.99579215390046,-16.99579215390046
519,1,784,.000000000000000,.000000000000000,-24.77941287312256,24.77941287312256
519,2,256,-49.55882574624430,99.11765149248859,-41.80769413568463,-7.751131610559699
519,3,10,-34.05656252512406,68.11312505024812,-17.02828126256203,-17.02828126256203
520,1,784,.000000000000000,.000000000000000,-24.77941287312257,24.77941287312257
520,2,256,-49.55882574624431,99.11765149248862,-41.69747321210146,-7.861352534142846
520,3,10,-33.83612067795780,67.67224135591560,-16.91806033897890,-16.91806033897890
521,1,784,.000000000000000,.000000000000000,-24.77941287312256,24.77941287312256
521,2,256,-49.55882574624427,99.11765149248853,-41.83073671700581,-7.728089029238493
521,3,10,-34.10264768776651,68.20529537553301,-17.05132384388325,-17.05132384388326
522,1,784,.000000000000000,.000000000000000,-24.77941287312257,24.77941287312257
522,2,256,-49.55882574624427,99.11765149248853,-41.75696030820564,-7.801865438038684
522,3,10,-33.95509487016613,67.91018974033226,-16.97754743508306,-16.97754743508306
523,1,784,.000000000000000,.000000000000000,-24.77941287312259,24.77941287312259
523,2,256,-49.55882574624422,99.11765149248845,-41.78874122777076,-7.770084518473545
523,3,10,-34.01865670929640,68.03731341859280,-17.00932835464820,-17.00932835464820
524,1,784,.000000000000000,.000000000000000,-24.77941287312257,24.77941287312257
524,2,256,-49.55882574624432,99.11765149248865,-41.81367238135351,-7.745153364890824
524,3,10,-34.06851901646185,68.13703803292370,-17.03425950823093,-17.03425950823092
525,1,784,.000000000000000,.000000000000000,-24.77941287312253,24.77941287312253
525,2,256,-49.55882574624432,99.11765149248863,-41.69253252792552,-7.866293218318808
525,3,10,-33.82623930960587,67.65247861921173,-16.91311965480294,-16.91311965480294
526,1,784,.000000000000000,.000000000000000,-24.77941287312257,24.77941287312257
526,2,256,-49.55882574624434,99.11765149248868,-41.73764834329845,-7.821177402945867
526,3,10,-33.91647094035177,67.83294188070354,-16.95823547017588,-16.95823547017589
527,1,784,.000000000000000,.000000000000000,-24.77941287312257,24.77941287312257
527,2,256,-49.55882574624429,99.11765149248858,-41.76911345756706,-7.789712288677267
527,3,10,-33.97940116888896,67.95880233777791,-16.98970058444448,-16.98970058444447
528,1,784,.000000000000000,.000000000000000,-24.77941287312257,24.77941287312257
528,2,256,-49.55882574624435,99.11765149248869,-41.70916098109089,-7.849664765153419
528,3,10,-33.85949621593667,67.71899243187333,-16.92974810796834,-16.92974810796833
529,1,784,.000000000000000,.000000000000000,-24.77941287312258,24.77941287312258
529,2,256,-49.55882574624431,99.11765149248862,-41.77083602813224,-7.787989718112047
529,3,10,-33.98284631001940,67.96569262003881,-16.99142315500971,-16.99142315500970
530,1,784,.000000000000000,.000000000000000,-24.77941287312255,24.77941287312255
530,2,256,-49.55882574624435,99.11765149248870,-41.77294232272560,-7.785883423518716
530,3,10,-33.98705889920609,67.97411779841218,-16.99352944960305,-16.99352944960305
531,1,784,.000000000000000,.000000000000000,-24.77941287312257,24.77941287312257
531,2,256,-49.55882574624430,99.11765149248860,-41.74645155893859,-7.812374187305751
531,3,10,-33.93407737163199,67.86815474326399,-16.96703868581600,-16.96703868581599
532,1,784,.000000000000000,.000000000000000,-24.77941287312255,24.77941287312255
532,2,256,-49.55882574624429,99.11765149248858,-41.76192001672201,-7.796905729522289
532,3,10,-33.96501428719891,67.93002857439782,-16.98250714359945,-16.98250714359946
533,1,784,.000000000000000,.000000000000000,-24.77941287312255,24.77941287312255
533,2,256,-49.55882574624430,99.11765149248860,-41.71058664005912,-7.848239106185217
533,3,10,-33.86234753387305,67.72469506774610,-16.93117376693652,-16.93117376693652
534,1,784,.000000000000000,.000000000000000,-24.77941287312253,24.77941287312253
534,2,256,-49.55882574624429,99.11765149248858,-41.74613611764924,-7.812689628595082
534,3,10,-33.93344648905334,67.86689297810668,-16.96672324452667,-16.96672324452667
535,1,784,.000000000000000,.000000000000000,-24.77941287312256,24.77941287312256
535,2,256,-49.55882574624431,99.11765149248862,-41.73317119479717,-7.825654551447122
535,3,10,-33.90751664334925,67.81503328669851,-16.95375832167463,-16.95375832167462
536,1,784,.000000000000000,.000000000000000,-24.77941287312254,24.77941287312254
536,2,256,-49.55882574624432,99.11765149248865,-41.80169719117634,-7.757128555067985
536,3,10,-34.04456863610751,68.08913727221503,-17.02228431805377,-17.02228431805375
537,1,784,.000000000000000,.000000000000000,-24.77941287312257,24.77941287312257
537,2,256,-49.55882574624427,99.11765149248855,-41.76454132003582,-7.794284426208471
537,3,10,-33.97025689382654,67.94051378765309,-16.98512844691327,-16.98512844691328
538,1,784,.000000000000000,.000000000000000,-24.77941287312257,24.77941287312257
538,2,256,-49.55882574624428,99.11765149248856,-41.83181416563471,-7.727011580609623
538,3,10,-34.10480258502425,68.20960517004850,-17.05240129251212,-17.05240129251213
539,1,784,.000000000000000,.000000000000000,-24.77941287312256,24.77941287312256
539,2,256,-49.55882574624434,99.11765149248868,-41.73219555935155,-7.826630186892769
539,3,10,-33.90556537245794,67.81113074491589,-16.95278268622897,-16.95278268622897
540,1,784,.000000000000000,.000000000000000,-24.77941287312260,24.77941287312260
540,2,256,-49.55882574624430,99.11765149248859,-41.74302428346693,-7.815801462777394
540,3,10,-33.92722282068871,67.85444564137742,-16.96361141034436,-16.96361141034436
541,1,784,.000000000000000,.000000000000000,-24.77941287312259,24.77941287312259
541,2,256,-49.55882574624431,99.11765149248862,-41.71719649379078,-7.841629252453554
541,3,10,-33.87556724133638,67.75113448267277,-16.93778362066820,-16.93778362066818
542,1,784,.000000000000000,.000000000000000,-24.77941287312256,24.77941287312256
542,2,256,-49.55882574624430,99.11765149248859,-41.72501896739485,-7.833806778849434
542,3,10,-33.89121218854464,67.78242437708927,-16.94560609427232,-16.94560609427232
543,1,784,.000000000000000,.000000000000000,-24.77941287312255,24.77941287312255
543,2,256,-49.55882574624430,99.11765149248859,-41.78213057065913,-7.776695175585186
543,3,10,-34.00543539507314,68.01087079014627,-17.00271769753657,-17.00271769753656
544,1,784,.000000000000000,.000000000000000,-24.77941287312255,24.77941287312255
544,2,256,-49.55882574624434,99.11765149248868,-41.76421424110358,-7.794611505140716
544,3,10,-33.96960273596208,67.93920547192415,-16.98480136798104,-16.98480136798104
545,1,784,.000000000000000,.000000000000000,-24.77941287312257,24.77941287312257
545,2,256,-49.55882574624431,99.11765149248862,-41.76338515087514,-7.795440595369213
545,3,10,-33.96794455550506,67.93588911101011,-16.98397227775252,-16.98397227775252
546,1,784,.000000000000000,.000000000000000,-24.77941287312252,24.77941287312252
546,2,256,-49.55882574624433,99.11765149248866,-41.64292453298343,-7.915901213260854
546,3,10,-33.72702331972178,67.45404663944356,-16.86351165986089,-16.86351165986089
547,1,784,.000000000000000,.000000000000000,-24.77941287312258,24.77941287312258
547,2,256,-49.55882574624431,99.11765149248862,-41.73599640164382,-7.822829344600493
547,3,10,-33.91316705704250,67.82633411408500,-16.95658352852125,-16.95658352852125
548,1,784,.000000000000000,.000000000000000,-24.77941287312255,24.77941287312255
548,2,256,-49.55882574624431,99.11765149248862,-41.76112048945542,-7.797705256788898
548,3,10,-33.96341523266570,67.92683046533141,-16.98170761633285,-16.98170761633285
549,1,784,.000000000000000,.000000000000000,-24.77941287312258,24.77941287312258
549,2,256,-49.55882574624430,99.11765149248859,-41.82201052302308,-7.736815223221250
549,3,10,-34.08519529980099,68.17039059960197,-17.04259764990049,-17.04259764990049
550,1,784,.000000000000000,.000000000000000,-24.77941287312255,24.77941287312255
550,2,256,-49.55882574624432,99.11765149248865,-41.84472559255011,-7.714100153694206
550,3,10,-34.13062543885510,68.26125087771020,-17.06531271942755,-17.06531271942755
551,1,784,.000000000000000,.000000000000000,-24.77941287312257,24.77941287312257
551,2,256,-49.55882574624434,99.11765149248868,-41.75133109172683,-7.807494654517474
551,3,10,-33.94383643720854,67.88767287441708,-16.97191821860427,-16.97191821860427
552,1,784,.000000000000000,.000000000000000,-24.77941287312254,24.77941287312254
552,2,256,-49.55882574624430,99.11765149248860,-41.73214032261678,-7.826685423627548
552,3,10,-33.90545489898842,67.81090979797685,-16.95272744949420,-16.95272744949422
553,1,784,.000000000000000,.000000000000000,-24.77941287312254,24.77941287312254
553,2,256,-49.55882574624430,99.11765149248860,-41.77250282926746,-7.786322916976857
553,3,10,-33.98617991228978,67.97235982457957,-16.99308995614489,-16.99308995614490
554,1,784,.000000000000000,.000000000000000,-24.77941287312257,24.77941287312257
554,2,256,-49.55882574624431,99.11765149248862,-41.82907471752217,-7.729751028722129
554,3,10,-34.09932368879925,68.19864737759849,-17.04966184439962,-17.04966184439963
555,1,784,.000000000000000,.000000000000000,-24.77941287312257,24.77941287312257
555,2,256,-49.55882574624431,99.11765149248862,-41.75146611281535,-7.807359633428921
555,3,10,-33.94410647938562,67.88821295877123,-16.97205323969281,-16.97205323969281
556,1,784,.000000000000000,.000000000000000,-24.77941287312258,24.77941287312258
556,2,256,-49.55882574624426,99.11765149248852,-41.71073755615925,-7.848088190085059
556,3,10,-33.86264936607336,67.72529873214673,-16.93132468303669,-16.93132468303668
557,1,784,.000000000000000,.000000000000000,-24.77941287312262,24.77941287312262
557,2,256,-49.55882574624436,99.11765149248872,-41.76953066393550,-7.789295082308824
557,3,10,-33.98023558162585,67.96047116325170,-16.99011779081293,-16.99011779081292
558,1,784,.000000000000000,.000000000000000,-24.77941287312257,24.77941287312257
558,2,256,-49.55882574624427,99.11765149248855,-41.78997114662928,-7.768854599615078
558,3,10,-34.02111654701332,68.04223309402664,-17.01055827350666,-17.01055827350666
559,1,784,.000000000000000,.000000000000000,-24.77941287312256,24.77941287312256
559,2,256,-49.55882574624432,99.11765149248863,-41.79458577394804,-7.764239972296274
559,3,10,-34.03034580165094,68.06069160330188,-17.01517290082547,-17.01517290082547
560,1,784,.000000000000000,.000000000000000,-24.77941287312257,24.77941287312257
560,2,256,-49.55882574624434,99.11765149248868,-41.74487317118446,-7.813952575059870
560,3,10,-33.93092059612374,67.86184119224748,-16.96546029806187,-16.96546029806187
561,1,784,.000000000000000,.000000000000000,-24.77941287312257,24.77941287312257
561,2,256,-49.55882574624433,99.11765149248866,-41.79810890213666,-7.760716844107701
561,3,10,-34.03739205802807,68.07478411605614,-17.01869602901404,-17.01869602901403
562,1,784,.000000000000000,.000000000000000,-24.77941287312257,24.77941287312257
562,2,256,-49.55882574624431,99.11765149248862,-41.69045437796460,-7.868371368279721
562,3,10,-33.82208300968408,67.64416601936816,-16.91104150484204,-16.91104150484204
563,1,784,.000000000000000,.000000000000000,-24.77941287312258,24.77941287312258
563,2,256,-49.55882574624432,99.11765149248865,-41.77637014854794,-7.782455597696353
563,3,10,-33.99391455085080,67.98782910170159,-16.99695727542539,-16.99695727542541
564,1,784,.000000000000000,.000000000000000,-24.77941287312256,24.77941287312256
564,2,256,-49.55882574624432,99.11765149248863,-41.73191744416060,-7.826908302083748
564,3,10,-33.90500914207602,67.81001828415204,-16.95250457103800,-16.95250457103801
565,1,784,.000000000000000,.000000000000000,-24.77941287312257,24.77941287312257
565,2,256,-49.55882574624430,99.11765149248859,-41.78475286678126,-7.774072879463020
565,3,10,-34.01067998731744,68.02135997463488,-17.00533999365872,-17.00533999365872
566,1,784,.000000000000000,.000000000000000,-24.77941287312257,24.77941287312257
566,2,256,-49.55882574624432,99.11765149248865,-41.74294443973229,-7.815881306512029
566,3,10,-33.92706313321946,67.85412626643891,-16.96353156660973,-16.96353156660973
567,1,784,.000000000000000,.000000000000000,-24.77941287312259,24.77941287312259
567,2,256,-49.55882574624435,99.11765149248869,-41.73855810603117,-7.820267640213145
567,3,10,-33.91829046581720,67.83658093163440,-16.95914523290860,-16.95914523290860
568,1,784,.000000000000000,.000000000000000,-24.77941287312257,24.77941287312257
568,2,256,-49.55882574624434,99.11765149248868,-41.77192546014647,-7.786900286097847
568,3,10,-33.98502517404785,67.97005034809570,-16.99251258702392,-16.99251258702392
569,1,784,.000000000000000,.000000000000000,-24.77941287312255,24.77941287312255
569,2,256,-49.55882574624432,99.11765149248863,-41.68222043764199,-7.876605308602303
569,3,10,-33.80561512903889,67.61123025807778,-16.90280756451945,-16.90280756451945
570,1,784,.000000000000000,.000000000000000,-24.77941287312255,24.77941287312255
570,2,256,-49.55882574624432,99.11765149248865,-41.79116547365754,-7.767660272586761
570,3,10,-34.02350520106999,68.04701040213997,-17.01175260053499,-17.01175260053499
571,1,784,.000000000000000,.000000000000000,-24.77941287312258,24.77941287312258
571,2,256,-49.55882574624432,99.11765149248863,-41.75726595325633,-7.801559792988010
571,3,10,-33.95570616026750,67.91141232053501,-16.97785308013375,-16.97785308013375
572,1,784,.000000000000000,.000000000000000,-24.77941287312253,24.77941287312253
572,2,256,-49.55882574624434,99.11765149248868,-41.68725031062728,-7.871575435617001
572,3,10,-33.81567487500946,67.63134975001891,-16.90783743750473,-16.90783743750473
573,1,784,.000000000000000,.000000000000000,-24.77941287312257,24.77941287312257
573,2,256,-49.55882574624432,99.11765149248865,-41.65413558050583,-7.904690165738482
573,3,10,-33.74944541476653,67.49889082953307,-16.87472270738326,-16.87472270738327
574,1,784,.000000000000000,.000000000000000,-24.77941287312254,24.77941287312254
574,2,256,-49.55882574624429,99.11765149248858,-41.75950362441696,-7.799322121827323
574,3,10,-33.96018150258887,67.92036300517773,-16.98009075129443,-16.98009075129444
575,1,784,.000000000000000,.000000000000000,-24.77941287312255,24.77941287312255
575,2,256,-49.55882574624430,99.11765149248860,-41.72385237735853,-7.834973368885815
575,3,10,-33.88887900847189,67.77775801694378,-16.94443950423595,-16.94443950423594
576,1,784,.000000000000000,.000000000000000,-24.77941287312255,24.77941287312255
576,2,256,-49.55882574624432,99.11765149248865,-41.76464767794261,-7.794178068301671
576,3,10,-33.97046960964013,67.94093921928027,-16.98523480482006,-16.98523480482007
577,1,784,.000000000000000,.000000000000000,-24.77941287312257,24.77941287312257
577,2,256,-49.55882574624428,99.11765149248856,-41.80410657262886,-7.754719173615409
577,3,10,-34.04938739901264,68.09877479802529,-17.02469369950633,-17.02469369950632
578,1,784,.000000000000000,.000000000000000,-24.77941287312258,24.77941287312258
578,2,256,-49.55882574624432,99.11765149248865,-41.70514131386616,-7.853684432378179
578,3,10,-33.85145688148714,67.70291376297428,-16.92572844074357,-16.92572844074357
579,1,784,.000000000000000,.000000000000000,-24.77941287312257,24.77941287312257
579,2,256,-49.55882574624432,99.11765149248865,-41.73831909204879,-7.820506654195515
579,3,10,-33.91781243785245,67.83562487570491,-16.95890621892622,-16.95890621892623
580,1,784,.000000000000000,.000000000000000,-24.77941287312256,24.77941287312256
580,2,256,-49.55882574624432,99.11765149248863,-41.77135076861386,-7.787474977630435
580,3,10,-33.98387579098262,67.96775158196523,-16.99193789549131,-16.99193789549130
581,1,784,.000000000000000,.000000000000000,-24.77941287312258,24.77941287312258
581,2,256,-49.55882574624433,99.11765149248866,-41.79169790791317,-7.767127838331168
581,3,10,-34.02457006958117,68.04914013916235,-17.01228503479059,-17.01228503479059
582,1,784,.000000000000000,.000000000000000,-24.77941287312255,24.77941287312255
582,2,256,-49.55882574624432,99.11765149248865,-41.83901978286851,-7.719805963375791
582,3,10,-34.11921381949190,68.23842763898379,-17.05960690974596,-17.05960690974594
583,1,784,.000000000000000,.000000000000000,-24.77941287312255,24.77941287312255
583,2,256,-49.55882574624430,99.11765149248859,-41.74858924846290,-7.810236497781374
583,3,10,-33.93835275068076,67.87670550136151,-16.96917637534037,-16.96917637534039
584,1,784,.000000000000000,.000000000000000,-24.77941287312254,24.77941287312254
584,2,256,-49.55882574624437,99.11765149248873,-41.75112458829787,-7.807701157946460
584,3,10,-33.94342343035061,67.88684686070121,-16.97171171517530,-16.97171171517530
585,1,784,.000000000000000,.000000000000000,-24.77941287312259,24.77941287312259
585,2,256,-49.55882574624435,99.11765149248869,-41.68241103170549,-7.876414714538821
585,3,10,-33.80599631716586,67.61199263433171,-16.90299815858293,-16.90299815858293
586,1,784,.000000000000000,.000000000000000,-24.77941287312256,24.77941287312256
586,2,256,-49.55882574624430,99.11765149248859,-41.84838229137213,-7.710443454872174
586,3,10,-34.13793883649915,68.27587767299829,-17.06896941824957,-17.06896941824958
587,1,784,.000000000000000,.000000000000000,-24.77941287312257,24.77941287312257
587,2,256,-49.55882574624429,99.11765149248858,-41.71921717578457,-7.839608570459717
587,3,10,-33.87960860532404,67.75921721064807,-16.93980430266202,-16.93980430266202
588,1,784,.000000000000000,.000000000000000,-24.77941287312259,24.77941287312259
588,2,256,-49.55882574624432,99.11765149248863,-41.77341289218445,-7.785412854059824
588,3,10,-33.98800003812384,67.97600007624769,-16.99400001906192,-16.99400001906192
589,1,784,.000000000000000,.000000000000000,-24.77941287312256,24.77941287312256
589,2,256,-49.55882574624428,99.11765149248856,-41.74143137059959,-7.817394375644710
589,3,10,-33.92403699495406,67.84807398990813,-16.96201849747703,-16.96201849747703
590,1,784,.000000000000000,.000000000000000,-24.77941287312255,24.77941287312255
590,2,256,-49.55882574624432,99.11765149248863,-41.79416191105747,-7.764663835186809
590,3,10,-34.02949807586985,68.05899615173969,-17.01474903793493,-17.01474903793492
591,1,784,.000000000000000,.000000000000000,-24.77941287312260,24.77941287312260
591,2,256,-49.55882574624431,99.11765149248862,-41.74268832331893,-7.816137422925391
591,3,10,-33.92655090039270,67.85310180078540,-16.96327545019635,-16.96327545019635
592,1,784,.000000000000000,.000000000000000,-24.77941287312257,24.77941287312257
592,2,256,-49.55882574624432,99.11765149248863,-41.75593619310450,-7.802889553139826
592,3,10,-33.95304663996384,67.90609327992769,-16.97652331998192,-16.97652331998193
593,1,784,.000000000000000,.000000000000000,-24.77941287312262,24.77941287312262
593,2,256,-49.55882574624431,99.11765149248862,-41.72006531879141,-7.838760427452882
593,3,10,-33.88130489133768,67.76260978267537,-16.94065244566884,-16.94065244566884
594,1,784,.000000000000000,.000000000000000,-24.77941287312256,24.77941287312256
594,2,256,-49.55882574624434,99.11765149248868,-41.79559773481308,-7.763228011431251
594,3,10,-34.03236972338100,68.06473944676199,-17.01618486169050,-17.01618486169050
595,1,784,.000000000000000,.000000000000000,-24.77941287312259,24.77941287312259
595,2,256,-49.55882574624434,99.11765149248868,-41.72391865161541,-7.834907094628903
595,3,10,-33.88901155698570,67.77802311397140,-16.94450577849285,-16.94450577849285
596,1,784,.000000000000000,.000000000000000,-24.77941287312262,24.77941287312262
596,2,256,-49.55882574624430,99.11765149248860,-41.75031019345646,-7.808515552787846
596,3,10,-33.94179464066779,67.88358928133557,-16.97089732033389,-16.97089732033389
597,1,784,.000000000000000,.000000000000000,-24.77941287312258,24.77941287312258
597,2,256,-49.55882574624430,99.11765149248860,-41.75927574134454,-7.799550004899801
597,3,10,-33.95972573644391,67.91945147288783,-16.97986286822195,-16.97986286822196
598,1,784,.000000000000000,.000000000000000,-24.77941287312256,24.77941287312256
598,2,256,-49.55882574624432,99.11765149248865,-41.73243692520664,-7.826388821037646
598,3,10,-33.90604810416818,67.81209620833636,-16.95302405208409,-16.95302405208409
599,1,784,.000000000000000,.000000000000000,-24.77941287312259,24.77941287312259
599,2,256,-49.55882574624432,99.11765149248865,-41.74844271845667,-7.810383027787656
599,3,10,-33.93805969066819,67.87611938133638,-16.96902984533410,-16.96902984533409
600,1,784,.000000000000000,.000000000000000,-24.77941287312258,24.77941287312258
600,2,256,-49.55882574624432,99.11765149248863,-41.70920935626796,-7.849616389976412
600,3,10,-33.85959296629068,67.71918593258137,-16.92979648314534,-16.92979648314534
601,1,784,.000000000000000,.000000000000000,-24.77941287312258,24.77941287312258
601,2,256,-49.55882574624432,99.11765149248865,-41.69350569602640,-7.865320050217938
601,3,10,-33.82818564580762,67.65637129161524,-16.91409282290381,-16.91409282290381
602,1,784,.000000000000000,.000000000000000,-24.77941287312257,24.77941287312257
602,2,256,-49.55882574624435,99.11765149248869,-41.74986575692578,-7.808959989318565
602,3,10,-33.94090576760641,67.88181153521282,-16.97045288380321,-16.97045288380320
603,1,784,.000000000000000,.000000000000000,-24.77941287312255,24.77941287312255
603,2,256,-49.55882574624428,99.11765149248856,-41.82840086607612,-7.730424880168193
603,3,10,-34.09797598590708,68.19595197181415,-17.04898799295353,-17.04898799295354
604,1,784,.000000000000000,.000000000000000,-24.77941287312256,24.77941287312256
604,2,256,-49.55882574624432,99.11765149248863,-41.81055269500091,-7.748273051243395
604,3,10,-34.06227964375671,68.12455928751342,-17.03113982187836,-17.03113982187836
605,1,784,.000000000000000,.000000000000000,-24.77941287312257,24.77941287312257
605,2,256,-49.55882574624436,99.11765149248872,-41.76457328307573,-7.794252463168585
605,3,10,-33.97032081990637,67.94064163981274,-16.98516040995318,-16.98516040995319
606,1,784,.000000000000000,.000000000000000,-24.77941287312258,24.77941287312258
606,2,256,-49.55882574624430,99.11765149248859,-41.72374486319392,-7.835080883050362
606,3,10,-33.88866398014277,67.77732796028553,-16.94433199007139,-16.94433199007138
607,1,784,.000000000000000,.000000000000000,-24.77941287312254,24.77941287312254
607,2,256,-49.55882574624431,99.11765149248862,-41.70408116326296,-7.854744582981350
607,3,10,-33.84933658028077,67.69867316056154,-16.92466829014039,-16.92466829014038
608,1,784,.000000000000000,.000000000000000,-24.77941287312258,24.77941287312258
608,2,256,-49.55882574624435,99.11765149248870,-41.74133012283419,-7.817495623410123
608,3,10,-33.92383449942327,67.84766899884654,-16.96191724971164,-16.96191724971164
609,1,784,.000000000000000,.000000000000000,-24.77941287312257,24.77941287312257
609,2,256,-49.55882574624432,99.11765149248863,-41.77237948655964,-7.786446259684663
609,3,10,-33.98593322687418,67.97186645374836,-16.99296661343709,-16.99296661343709
610,1,784,.000000000000000,.000000000000000,-24.77941287312258,24.77941287312258
610,2,256,-49.55882574624434,99.11765149248868,-41.78241894492101,-7.776406801323290
610,3,10,-34.00601214359689,68.01202428719378,-17.00300607179845,-17.00300607179845
611,1,784,.000000000000000,.000000000000000,-24.77941287312259,24.77941287312259
611,2,256,-49.55882574624428,99.11765149248856,-41.79245833451886,-7.766367411725441
611,3,10,-34.02609092279258,68.05218184558515,-17.01304546139630,-17.01304546139629
612,1,784,.000000000000000,.000000000000000,-24.77941287312251,24.77941287312251
612,2,256,-49.55882574624434,99.11765149248868,-41.77837206516424,-7.780453681080048
612,3,10,-33.99791838408341,67.99583676816681,-16.99895919204171,-16.99895919204170
613,1,784,.000000000000000,.000000000000000,-24.77941287312255,24.77941287312255
613,2,256,-49.55882574624427,99.11765149248853,-41.64513402952083,-7.913691716723461
613,3,10,-33.73144231279657,67.46288462559313,-16.86572115639828,-16.86572115639828
614,1,784,.000000000000000,.000000000000000,-24.77941287312252,24.77941287312252
614,2,256,-49.55882574624433,99.11765149248866,-41.73507686461596,-7.823748881628388
614,3,10,-33.91132798298674,67.82265596597348,-16.95566399149337,-16.95566399149337
615,1,784,.000000000000000,.000000000000000,-24.77941287312252,24.77941287312252
615,2,256,-49.55882574624428,99.11765149248856,-41.74312471808907,-7.815701028155237
615,3,10,-33.92742368993298,67.85484737986596,-16.96371184496649,-16.96371184496649
616,1,784,.000000000000000,.000000000000000,-24.77941287312258,24.77941287312258
616,2,256,-49.55882574624430,99.11765149248860,-41.77288493869556,-7.785940807548766
616,3,10,-33.98694413114596,67.97388826229192,-16.99347206557298,-16.99347206557298
617,1,784,.000000000000000,.000000000000000,-24.77941287312255,24.77941287312255
617,2,256,-49.55882574624432,99.11765149248863,-41.77198375805993,-7.786841988184361
617,3,10,-33.98514176987474,67.97028353974949,-16.99257088493737,-16.99257088493737
618,1,784,.000000000000000,.000000000000000,-24.77941287312256,24.77941287312256
618,2,256,-49.55882574624434,99.11765149248868,-41.68967461770966,-7.869151128534616
618,3,10,-33.82052348917427,67.64104697834854,-16.91026174458713,-16.91026174458714
619,1,784,.000000000000000,.000000000000000,-24.77941287312255,24.77941287312255
619,2,256,-49.55882574624432,99.11765149248865,-41.75393677735275,-7.804888968891566
619,3,10,-33.94904780846036,67.89809561692071,-16.97452390423017,-16.97452390423018
620,1,784,.000000000000000,.000000000000000,-24.77941287312256,24.77941287312256
620,2,256,-49.55882574624432,99.11765149248863,-41.73434249060754,-7.824483255636789
620,3,10,-33.90985923496990,67.81971846993980,-16.95492961748496,-16.95492961748495
621,1,784,.000000000000000,.000000000000000,-24.77941287312258,24.77941287312258
621,2,256,-49.55882574624430,99.11765149248860,-41.75852526604707,-7.800300480197247
621,3,10,-33.95822478584902,67.91644957169804,-16.97911239292451,-16.97911239292452
622,1,784,.000000000000000,.000000000000000,-24.77941287312255,24.77941287312255
622,2,256,-49.55882574624428,99.11765149248856,-41.79055045734275,-7.768275288901517
622,3,10,-34.02227516844045,68.04455033688090,-17.01113758422022,-17.01113758422022
623,1,784,.000000000000000,.000000000000000,-24.77941287312259,24.77941287312259
623,2,256,-49.55882574624430,99.11765149248860,-41.76961746539982,-7.789208280844515
623,3,10,-33.98040918455448,67.96081836910896,-16.99020459227723,-16.99020459227724
624,1,784,.000000000000000,.000000000000000,-24.77941287312256,24.77941287312256
624,2,256,-49.55882574624432,99.11765149248863,-41.67692788766903,-7.881897858575311
624,3,10,-33.79503002909289,67.59006005818578,-16.89751501454644,-16.89751501454645
625,1,784,.000000000000000,.000000000000000,-24.77941287312255,24.77941287312255
625,2,256,-49.55882574624434,99.11765149248868,-41.74346310813923,-7.815362638105103
625,3,10,-33.92810047003329,67.85620094006659,-16.96405023501665,-16.96405023501665
626,1,784,.000000000000000,.000000000000000,-24.77941287312257,24.77941287312257
626,2,256,-49.55882574624430,99.11765149248860,-41.72077723912754,-7.838048507116731
626,3,10,-33.88272873201003,67.76545746402006,-16.94136436600501,-16.94136436600501
627,1,784,.000000000000000,.000000000000000,-24.77941287312255,24.77941287312255
627,2,256,-49.55882574624432,99.11765149248865,-41.86353187293266,-7.695293873311665
627,3,10,-34.16823799962017,68.33647599924033,-17.08411899981008,-17.08411899981008
628,1,784,.000000000000000,.000000000000000,-24.77941287312258,24.77941287312258
628,2,256,-49.55882574624432,99.11765149248865,-41.79867919213726,-7.760146554107070
628,3,10,-34.03853263802936,68.07706527605872,-17.01926631901468,-17.01926631901468
629,1,784,.000000000000000,.000000000000000,-24.77941287312254,24.77941287312254
629,2,256,-49.55882574624427,99.11765149248855,-41.76095468646220,-7.797871059782095
629,3,10,-33.96308362667929,67.92616725335857,-16.98154181333964,-16.98154181333965
630,1,784,.000000000000000,.000000000000000,-24.77941287312254,24.77941287312254
630,2,256,-49.55882574624427,99.11765149248855,-41.79048575155454,-7.768339994689772
630,3,10,-34.02214575686394,68.04429151372788,-17.01107287843196,-17.01107287843198
631,1,784,.000000000000000,.000000000000000,-24.77941287312257,24.77941287312257
631,2,256,-49.55882574624429,99.11765149248858,-41.83088832427244,-7.727937421971847
631,3,10,-34.10295090229978,68.20590180459956,-17.05147545114989,-17.05147545114989
632,1,784,.000000000000000,.000000000000000,-24.77941287312259,24.77941287312259
632,2,256,-49.55882574624432,99.11765149248863,-41.78429065285191,-7.774535093392394
632,3,10,-34.00975555945869,68.01951111891738,-17.00487777972934,-17.00487777972935
633,1,784,.000000000000000,.000000000000000,-24.77941287312258,24.77941287312258
633,2,256,-49.55882574624430,99.11765149248860,-41.69778443400363,-7.861041312240691
633,3,10,-33.83674312176211,67.67348624352422,-16.91837156088105,-16.91837156088105
634,1,784,.000000000000000,.000000000000000,-24.77941287312258,24.77941287312258
634,2,256,-49.55882574624431,99.11765149248862,-41.76341494398942,-7.795410802254868
634,3,10,-33.96800414173376,67.93600828346752,-16.98400207086688,-16.98400207086688
635,1,784,.000000000000000,.000000000000000,-24.77941287312258,24.77941287312258
635,2,256,-49.55882574624432,99.11765149248863,-41.74120988238130,-7.817615863863028
635,3,10,-33.92359401851746,67.84718803703493,-16.96179700925873,-16.96179700925873
636,1,784,.000000000000000,.000000000000000,-24.77941287312253,24.77941287312253
636,2,256,-49.55882574624433,99.11765149248866,-41.76728227161844,-7.791543474625865
636,3,10,-33.97573879699177,67.95147759398354,-16.98786939849589,-16.98786939849589
637,1,784,.000000000000000,.000000000000000,-24.77941287312259,24.77941287312259
637,2,256,-49.55882574624431,99.11765149248862,-41.71073335001500,-7.848092396229284
637,3,10,-33.86264095378494,67.72528190756988,-16.93132047689247,-16.93132047689247
638,1,784,.000000000000000,.000000000000000,-24.77941287312258,24.77941287312258
638,2,256,-49.55882574624433,99.11765149248866,-41.73565868344327,-7.823167062801061
638,3,10,-33.91249162064139,67.82498324128278,-16.95624581032069,-16.95624581032069
639,1,784,.000000000000000,.000000000000000,-24.77941287312258,24.77941287312258
639,2,256,-49.55882574624432,99.11765149248865,-41.79247567845059,-7.766350067793737
639,3,10,-34.02612561065604,68.05225122131208,-17.01306280532802,-17.01306280532802
640,1,784,.000000000000000,.000000000000000,-24.77941287312254,24.77941287312254
640,2,256,-49.55882574624432,99.11765149248863,-41.77487441284683,-7.783951333397488
640,3,10,-33.99092307944853,67.98184615889706,-16.99546153972426,-16.99546153972427
641,1,784,.000000000000000,.000000000000000,-24.77941287312256,24.77941287312256
641,2,256,-49.55882574624429,99.11765149248858,-41.75098930982156,-7.807836436422744
641,3,10,-33.94315287339799,67.88630574679598,-16.97157643669900,-16.97157643669900
642,1,784,.000000000000000,.000000000000000,-24.77941287312255,24.77941287312255
642,2,256,-49.55882574624434,99.11765149248868,-41.65714668573359,-7.901679060510751
642,3,10,-33.75546762522201,67.51093525044402,-16.87773381261101,-16.87773381261100
643,1,784,.000000000000000,.000000000000000,-24.77941287312257,24.77941287312257
643,2,256,-49.55882574624429,99.11765149248858,-41.84611210385038,-7.712713642393924
643,3,10,-34.13339846145563,68.26679692291127,-17.06669923072782,-17.06669923072782
644,1,784,.000000000000000,.000000000000000,-24.77941287312257,24.77941287312257
644,2,256,-49.55882574624431,99.11765149248862,-41.76924200350803,-7.789583742736245
644,3,10,-33.97965826077100,67.95931652154201,-16.98982913038550,-16.98982913038551
645,1,784,.000000000000000,.000000000000000,-24.77941287312256,24.77941287312256
645,2,256,-49.55882574624428,99.11765149248856,-41.75569077881882,-7.803134967425487
645,3,10,-33.95255581139253,67.90511162278506,-16.97627790569626,-16.97627790569626
646,1,784,.000000000000000,.000000000000000,-24.77941287312256,24.77941287312256
646,2,256,-49.55882574624430,99.11765149248860,-41.82391508900432,-7.734910657240002
646,3,10,-34.08900443176348,68.17800886352695,-17.04450221588174,-17.04450221588174
647,1,784,.000000000000000,.000000000000000,-24.77941287312255,24.77941287312255
647,2,256,-49.55882574624434,99.11765149248868,-41.79147046095238,-7.767355285291928
647,3,10,-34.02411517565961,68.04823035131922,-17.01205758782980,-17.01205758782980
648,1,784,.000000000000000,.000000000000000,-24.77941287312255,24.77941287312255
648,2,256,-49.55882574624428,99.11765149248856,-41.76068361844934,-7.798142127794960
648,3,10,-33.96254149065356,67.92508298130711,-16.98127074532678,-16.98127074532678
649,1,784,.000000000000000,.000000000000000,-24.77941287312255,24.77941287312255
649,2,256,-49.55882574624432,99.11765149248863,-41.75061524993608,-7.808210496308227
649,3,10,-33.94240475362706,67.88480950725412,-16.97120237681353,-16.97120237681353
650,1,784,.000000000000000,.000000000000000,-24.77941287312253,24.77941287312253
650,2,256,-49.55882574624434,99.11765149248868,-41.71560940634991,-7.843216339894425
650,3,10,-33.87239306645466,67.74478613290931,-16.93619653322733,-16.93619653322733
651,1,784,.000000000000000,.000000000000000,-24.77941287312255,24.77941287312255
651,2,256,-49.55882574624430,99.11765149248860,-41.75886051275015,-7.799965233494179
651,3,10,-33.95889527925517,67.91779055851033,-16.97944763962759,-16.97944763962758
652,1,784,.000000000000000,.000000000000000,-24.77941287312255,24.77941287312255
652,2,256,-49.55882574624434,99.11765149248868,-41.74002130395244,-7.818804442291912
652,3,10,-33.92121686165966,67.84243372331932,-16.96060843082984,-16.96060843082983
653,1,784,.000000000000000,.000000000000000,-24.77941287312256,24.77941287312256
653,2,256,-49.55882574624428,99.11765149248856,-41.78442050989543,-7.774405236348884
653,3,10,-34.01001527354573,68.02003054709145,-17.00500763677286,-17.00500763677287
654,1,784,.000000000000000,.000000000000000,-24.77941287312259,24.77941287312259
654,2,256,-49.55882574624432,99.11765149248863,-41.70904419856051,-7.849781547683789
654,3,10,-33.85926265087591,67.71852530175182,-16.92963132543796,-16.92963132543795
655,1,784,.000000000000000,.000000000000000,-24.77941287312255,24.77941287312255
655,2,256,-49.55882574624436,99.11765149248872,-41.71975791711349,-7.839067829130818
655,3,10,-33.88069008798188,67.76138017596375,-16.94034504399094,-16.94034504399093
656,1,784,.000000000000000,.000000000000000,-24.77941287312255,24.77941287312255
656,2,256,-49.55882574624437,99.11765149248873,-41.69303975423215,-7.865785992012173
656,3,10,-33.82725376221913,67.65450752443826,-16.91362688110957,-16.91362688110956
657,1,784,.000000000000000,.000000000000000,-24.77941287312257,24.77941287312257
657,2,256,-49.55882574624432,99.11765149248865,-41.80498920151433,-7.753836544729965
657,3,10,-34.05115265678359,68.10230531356717,-17.02557632839178,-17.02557632839180
658,1,784,.000000000000000,.000000000000000,-24.77941287312253,24.77941287312253
658,2,256,-49.55882574624430,99.11765149248860,-41.87490255987408,-7.683923186370220
658,3,10,-34.19097937350307,68.38195874700614,-17.09548968675153,-17.09548968675153
659,1,784,.000000000000000,.000000000000000,-24.77941287312256,24.77941287312256
659,2,256,-49.55882574624438,99.11765149248876,-41.68292261041834,-7.875903135825979
659,3,10,-33.80701947459156,67.61403894918311,-16.90350973729578,-16.90350973729578
660,1,784,.000000000000000,.000000000000000,-24.77941287312254,24.77941287312254
660,2,256,-49.55882574624432,99.11765149248865,-41.72039320622191,-7.838432540022414
660,3,10,-33.88196066619867,67.76392133239733,-16.94098033309933,-16.94098033309933
661,1,784,.000000000000000,.000000000000000,-24.77941287312258,24.77941287312258
661,2,256,-49.55882574624428,99.11765149248856,-41.79360230303339,-7.765223443210879
661,3,10,-34.02837885982171,68.05675771964343,-17.01418942991085,-17.01418942991086
662,1,784,.000000000000000,.000000000000000,-24.77941287312258,24.77941287312258
662,2,256,-49.55882574624432,99.11765149248865,-41.72310626816950,-7.835719478074807
662,3,10,-33.88738679009386,67.77477358018773,-16.94369339504693,-16.94369339504693
663,1,784,.000000000000000,.000000000000000,-24.77941287312255,24.77941287312255
663,2,256,-49.55882574624434,99.11765149248868,-41.71632103466695,-7.842504711577392
663,3,10,-33.87381632308871,67.74763264617742,-16.93690816154435,-16.93690816154436
664,1,784,.000000000000000,.000000000000000,-24.77941287312260,24.77941287312260
664,2,256,-49.55882574624432,99.11765149248865,-41.75162927633927,-7.807196469905073
664,3,10,-33.94443280643335,67.88886561286670,-16.97221640321668,-16.97221640321667
665,1,784,.000000000000000,.000000000000000,-24.77941287312255,24.77941287312255
665,2,256,-49.55882574624433,99.11765149248866,-41.68242368203666,-7.876402064207669
665,3,10,-33.80602161782818,67.61204323565636,-16.90301080891409,-16.90301080891408
666,1,784,.000000000000000,.000000000000000,-24.77941287312258,24.77941287312258
666,2,256,-49.55882574624429,99.11765149248858,-41.75294140262827,-7.805884343616038
666,3,10,-33.94705705901143,67.89411411802286,-16.97352852950571,-16.97352852950571
667,1,784,.000000000000000,.000000000000000,-24.77941287312255,24.77941287312255
667,2,256,-49.55882574624427,99.11765149248853,-41.79862312523682,-7.760202621007518
667,3,10,-34.03842050422845,68.07684100845691,-17.01921025211422,-17.01921025211424
668,1,784,.000000000000000,.000000000000000,-24.77941287312255,24.77941287312255
668,2,256,-49.55882574624433,99.11765149248866,-41.78456236297341,-7.774263383270930
668,3,10,-34.01029897970166,68.02059795940332,-17.00514948985083,-17.00514948985083
669,1,784,.000000000000000,.000000000000000,-24.77941287312256,24.77941287312256
669,2,256,-49.55882574624432,99.11765149248865,-41.73033749846625,-7.828488247778087
669,3,10,-33.90184925068734,67.80369850137468,-16.95092462534367,-16.95092462534367
670,1,784,.000000000000000,.000000000000000,-24.77941287312256,24.77941287312256
670,2,256,-49.55882574624432,99.11765149248863,-41.67173872660260,-7.887087019641705
670,3,10,-33.78465170696008,67.56930341392015,-16.89232585348004,-16.89232585348003
671,1,784,.000000000000000,.000000000000000,-24.77941287312255,24.77941287312255
671,2,256,-49.55882574624430,99.11765149248859,-41.71678481800420,-7.842040928240077
671,3,10,-33.87474388976334,67.74948777952669,-16.93737194488168,-16.93737194488168
672,1,784,.000000000000000,.000000000000000,-24.77941287312255,24.77941287312255
672,2,256,-49.55882574624432,99.11765149248865,-41.74485904509309,-7.813966701151208
672,3,10,-33.93089234394105,67.86178468788211,-16.96544617197053,-16.96544617197053
673,1,784,.000000000000000,.000000000000000,-24.77941287312255,24.77941287312255
673,2,256,-49.55882574624433,99.11765149248866,-41.77258849914151,-7.786237247102831
673,3,10,-33.98635125203784,67.97270250407567,-16.99317562601892,-16.99317562601891
674,1,784,.000000000000000,.000000000000000,-24.77941287312259,24.77941287312259
674,2,256,-49.55882574624431,99.11765149248862,-41.74516201297370,-7.813663733270609
674,3,10,-33.93149827970228,67.86299655940455,-16.96574913985114,-16.96574913985114
675,1,784,.000000000000000,.000000000000000,-24.77941287312253,24.77941287312253
675,2,256,-49.55882574624430,99.11765149248859,-41.69367229952403,-7.865153446720270
675,3,10,-33.82851885280295,67.65703770560590,-16.91425942640147,-16.91425942640148
676,1,784,.000000000000000,.000000000000000,-24.77941287312255,24.77941287312255
676,2,256,-49.55882574624428,99.11765149248856,-41.72252225321500,-7.836303493029308
676,3,10,-33.88621876018487,67.77243752036973,-16.94310938009244,-16.94310938009243
677,1,784,.000000000000000,.000000000000000,-24.77941287312260,24.77941287312260
677,2,256,-49.55882574624432,99.11765149248863,-41.69679509882592,-7.862030647418361
677,3,10,-33.83476445140673,67.66952890281347,-16.91738222570337,-16.91738222570336
678,1,784,.000000000000000,.000000000000000,-24.77941287312256,24.77941287312256
678,2,256,-49.55882574624435,99.11765149248869,-41.77754559938389,-7.781280146860428
678,3,10,-33.99626545252266,67.99253090504533,-16.99813272626132,-16.99813272626134
679,1,784,.000000000000000,.000000000000000,-24.77941287312259,24.77941287312259
679,2,256,-49.55882574624431,99.11765149248862,-41.79474820454300,-7.764077541701274
679,3,10,-34.03067066284090,68.06134132568179,-17.01533533142045,-17.01533533142045
680,1,784,.000000000000000,.000000000000000,-24.77941287312257,24.77941287312257
680,2,256,-49.55882574624428,99.11765149248856,-41.73126690597702,-7.827558840267333
680,3,10,-33.90370806570884,67.80741613141768,-16.95185403285442,-16.95185403285442
681,1,784,.000000000000000,.000000000000000,-24.77941287312255,24.77941287312255
681,2,256,-49.55882574624435,99.11765149248870,-41.77555467620201,-7.783271070042304
681,3,10,-33.99228360615890,67.98456721231780,-16.99614180307945,-16.99614180307945
682,1,784,.000000000000000,.000000000000000,-24.77941287312255,24.77941287312255
682,2,256,-49.55882574624435,99.11765149248869,-41.73943219038883,-7.819393555855495
682,3,10,-33.92003863453247,67.84007726906495,-16.96001931726623,-16.96001931726624
683,1,784,.000000000000000,.000000000000000,-24.77941287312255,24.77941287312255
683,2,256,-49.55882574624433,99.11765149248866,-41.76258090599453,-7.796244840249784
683,3,10,-33.96633606574392,67.93267213148783,-16.98316803287195,-16.98316803287196
684,1,784,.000000000000000,.000000000000000,-24.77941287312256,24.77941287312256
684,2,256,-49.55882574624427,99.11765149248855,-41.74548532651920,-7.813340419725113
684,3,10,-33.93214490679328,67.86428981358655,-16.96607245339664,-16.96607245339663
685,1,784,.000000000000000,.000000000000000,-24.77941287312254,24.77941287312254
685,2,256,-49.55882574624432,99.11765149248863,-41.73726011351935,-7.821565632724967
685,3,10,-33.91569448079355,67.83138896158709,-16.95784724039677,-16.95784724039677
686,1,784,.000000000000000,.000000000000000,-24.77941287312255,24.77941287312255
686,2,256,-49.55882574624429,99.11765149248858,-41.72847062346025,-7.830355122784060
686,3,10,-33.89811550067539,67.79623100135078,-16.94905775033769,-16.94905775033770
687,1,784,.000000000000000,.000000000000000,-24.77941287312256,24.77941287312256
687,2,256,-49.55882574624432,99.11765149248865,-41.74139044814446,-7.817435298099880
687,3,10,-33.92395515004372,67.84791030008745,-16.96197757502187,-16.96197757502186
688,1,784,.000000000000000,.000000000000000,-24.77941287312256,24.77941287312256
688,2,256,-49.55882574624432,99.11765149248865,-41.79724005632640,-7.761585689917901
688,3,10,-34.03565436640769,68.07130873281538,-17.01782718320385,-17.01782718320385
689,1,784,.000000000000000,.000000000000000,-24.77941287312253,24.77941287312253
689,2,256,-49.55882574624427,99.11765149248853,-41.71052837600375,-7.848297370240561
689,3,10,-33.86223100576237,67.72446201152474,-16.93111550288117,-16.93111550288119
690,1,784,.000000000000000,.000000000000000,-24.77941287312263,24.77941287312263
690,2,256,-49.55882574624431,99.11765149248862,-41.70920455960601,-7.849621186638275
690,3,10,-33.85958337296694,67.71916674593388,-16.92979168648347,-16.92979168648347
691,1,784,.000000000000000,.000000000000000,-24.77941287312256,24.77941287312256
691,2,256,-49.55882574624433,99.11765149248866,-41.72159468980213,-7.837231056442157
691,3,10,-33.88436363335918,67.76872726671836,-16.94218181667959,-16.94218181667959
692,1,784,.000000000000000,.000000000000000,-24.77941287312255,24.77941287312255
692,2,256,-49.55882574624433,99.11765149248866,-41.74581119527342,-7.813014550970890
692,3,10,-33.93279664430172,67.86559328860345,-16.96639832215086,-16.96639832215086
693,1,784,.000000000000000,.000000000000000,-24.77941287312254,24.77941287312254
693,2,256,-49.55882574624430,99.11765149248860,-41.79409927287600,-7.764726473368320
693,3,10,-34.02937279950685,68.05874559901370,-17.01468639975342,-17.01468639975343
694,1,784,.000000000000000,.000000000000000,-24.77941287312256,24.77941287312256
694,2,256,-49.55882574624432,99.11765149248865,-41.71115060803400,-7.847675138210310
694,3,10,-33.86347546982287,67.72695093964575,-16.93173773491144,-16.93173773491144
695,1,784,.000000000000000,.000000000000000,-24.77941287312257,24.77941287312257
695,2,256,-49.55882574624430,99.11765149248859,-41.73448368862515,-7.824342057619131
695,3,10,-33.91014163100521,67.82028326201042,-16.95507081550261,-16.95507081550260
696,1,784,.000000000000000,.000000000000000,-24.77941287312254,24.77941287312254
696,2,256,-49.55882574624432,99.11765149248865,-41.71396066953431,-7.844865076710029
696,3,10,-33.86909559282344,67.73819118564688,-16.93454779641172,-16.93454779641172
697,1,784,.000000000000000,.000000000000000,-24.77941287312259,24.77941287312259
697,2,256,-49.55882574624433,99.11765149248866,-41.75206709334146,-7.806758652902842
697,3,10,-33.94530844043783,67.89061688087565,-16.97265422021891,-16.97265422021891
698,1,784,.000000000000000,.000000000000000,-24.77941287312253,24.77941287312253
698,2,256,-49.55882574624435,99.11765149248869,-41.81169023015585,-7.747135516088462
698,3,10,-34.06455471406660,68.12910942813321,-17.03227735703330,-17.03227735703330
699,1,784,.000000000000000,.000000000000000,-24.77941287312256,24.77941287312256
699,2,256,-49.55882574624429,99.11765149248858,-41.75721755223636,-7.801608194007982
699,3,10,-33.95560935822753,67.91121871645507,-16.97780467911377,-16.97780467911376
700,1,784,.000000000000000,.000000000000000,-24.77941287312257,24.77941287312257
700,2,256,-49.55882574624432,99.11765149248865,-41.79494481199880,-7.763880934245510
700,3,10,-34.03106387775247,68.06212775550493,-17.01553193887624,-17.01553193887624
701,1,784,.000000000000000,.000000000000000,-24.77941287312253,24.77941287312253
701,2,256,-49.55882574624434,99.11765149248868,-41.74374159939027,-7.815084146854030
701,3,10,-33.92865745253542,67.85731490507084,-16.96432872626772,-16.96432872626770
702,1,784,.000000000000000,.000000000000000,-24.77941287312257,24.77941287312257
702,2,256,-49.55882574624432,99.11765149248865,-41.67975983555841,-7.879065910685875
702,3,10,-33.80069392487179,67.60138784974357,-16.90034696243589,-16.90034696243589
703,1,784,.000000000000000,.000000000000000,-24.77941287312255,24.77941287312255
703,2,256,-49.55882574624433,99.11765149248866,-41.74236599811119,-7.816459748133123
703,3,10,-33.92590624997725,67.85181249995449,-16.96295312498862,-16.96295312498863
704,1,784,.000000000000000,.000000000000000,-24.77941287312259,24.77941287312259
704,2,256,-49.55882574624433,99.11765149248866,-41.82090306883306,-7.737922677411258
704,3,10,-34.08298039142098,68.16596078284196,-17.04149019571049,-17.04149019571049
705,1,784,.000000000000000,.000000000000000,-24.77941287312257,24.77941287312257
705,2,256,-49.55882574624435,99.11765149248870,-41.72301837738782,-7.835807368856499
705,3,10,-33.88721100853050,67.77442201706100,-16.94360550426526,-16.94360550426525
706,1,784,.000000000000000,.000000000000000,-24.77941287312253,24.77941287312253
706,2,256,-49.55882574624429,99.11765149248858,-41.72507922807224,-7.833746518172112
706,3,10,-33.89133270989928,67.78266541979856,-16.94566635494964,-16.94566635494964
707,1,784,.000000000000000,.000000000000000,-24.77941287312257,24.77941287312257
707,2,256,-49.55882574624430,99.11765149248860,-41.73048204681326,-7.828343699431078
707,3,10,-33.90213834738133,67.80427669476266,-16.95106917369066,-16.95106917369067
708,1,784,.000000000000000,.000000000000000,-24.77941287312258,24.77941287312258
708,2,256,-49.55882574624432,99.11765149248865,-41.78824371269697,-7.770582033547320
708,3,10,-34.01766167914884,68.03532335829769,-17.00883083957443,-17.00883083957442
709,1,784,.000000000000000,.000000000000000,-24.77941287312255,24.77941287312255
709,2,256,-49.55882574624429,99.11765149248858,-41.77757127035436,-7.781254475889959
709,3,10,-33.99631679446359,67.99263358892718,-16.99815839723179,-16.99815839723179
710,1,784,.000000000000000,.000000000000000,-24.77941287312256,24.77941287312256
710,2,256,-49.55882574624434,99.11765149248868,-41.73802280659118,-7.820802939653107
710,3,10,-33.91721986693727,67.83443973387453,-16.95860993346864,-16.95860993346863
711,1,784,.000000000000000,.000000000000000,-24.77941287312256,24.77941287312256
711,2,256,-49.55882574624426,99.11765149248852,-41.75222720401138,-7.806598542232902
711,3,10,-33.94562866177768,67.89125732355535,-16.97281433088884,-16.97281433088884
712,1,784,.000000000000000,.000000000000000,-24.77941287312258,24.77941287312258
712,2,256,-49.55882574624433,99.11765149248866,-41.72424349709842,-7.834582249145932
712,3,10,-33.88966124795166,67.77932249590332,-16.94483062397584,-16.94483062397582
713,1,784,.000000000000000,.000000000000000,-24.77941287312257,24.77941287312257
713,2,256,-49.55882574624435,99.11765149248869,-41.77184535129346,-7.786980394950883
713,3,10,-33.98486495634171,67.96972991268342,-16.99243247817086,-16.99243247817085
714,1,784,.000000000000000,.000000000000000,-24.77941287312255,24.77941287312255
714,2,256,-49.55882574624432,99.11765149248865,-41.84768846149650,-7.711137284747822
714,3,10,-34.13655117674785,68.27310235349570,-17.06827558837393,-17.06827558837393
715,1,784,.000000000000000,.000000000000000,-24.77941287312259,24.77941287312259
715,2,256,-49.55882574624428,99.11765149248856,-41.74854345104387,-7.810282295200436
715,3,10,-33.93826115584264,67.87652231168528,-16.96913057792132,-16.96913057792132
716,1,784,.000000000000000,.000000000000000,-24.77941287312254,24.77941287312254
716,2,256,-49.55882574624430,99.11765149248860,-41.76991422505309,-7.788911521191211
716,3,10,-33.98100270386104,67.96200540772209,-16.99050135193053,-16.99050135193052
717,1,784,.000000000000000,.000000000000000,-24.77941287312256,24.77941287312256
717,2,256,-49.55882574624429,99.11765149248858,-41.72031776469882,-7.838507981545500
717,3,10,-33.88180978315251,67.76361956630501,-16.94090489157625,-16.94090489157626
718,1,784,.000000000000000,.000000000000000,-24.77941287312258,24.77941287312258
718,2,256,-49.55882574624429,99.11765149248858,-41.70818218067767,-7.850643565566640
718,3,10,-33.85753861511021,67.71507723022042,-16.92876930755511,-16.92876930755510
719,1,784,.000000000000000,.000000000000000,-24.77941287312256,24.77941287312256
719,2,256,-49.55882574624430,99.11765149248860,-41.77081018264281,-7.788015563601484
719,3,10,-33.98279461904050,67.96558923808101,-16.99139730952025,-16.99139730952025
720,1,784,.000000000000000,.000000000000000,-24.77941287312256,24.77941287312256
720,2,256,-49.55882574624432,99.11765149248865,-41.77489425297138,-7.783931493272917
720,3,10,-33.99096275969766,67.98192551939532,-16.99548137984883,-16.99548137984883
721,1,784,.000000000000000,.000000000000000,-24.77941287312257,24.77941287312257
721,2,256,-49.55882574624430,99.11765149248859,-41.75469571910107,-7.804130027143225
721,3,10,-33.95056569195704,67.90113138391408,-16.97528284597851,-16.97528284597852
722,1,784,.000000000000000,.000000000000000,-24.77941287312253,24.77941287312253
722,2,256,-49.55882574624430,99.11765149248860,-41.73085239779486,-7.827973348449443
722,3,10,-33.90287904934457,67.80575809868914,-16.95143952467228,-16.95143952467229
723,1,784,.000000000000000,.000000000000000,-24.77941287312258,24.77941287312258
723,2,256,-49.55882574624430,99.11765149248860,-41.82886749515841,-7.729958251085887
723,3,10,-34.09890924407172,68.19781848814344,-17.04945462203586,-17.04945462203586
724,1,784,.000000000000000,.000000000000000,-24.77941287312256,24.77941287312256
724,2,256,-49.55882574624430,99.11765149248860,-41.79007887278545,-7.768746873458857
724,3,10,-34.02133199932577,68.04266399865153,-17.01066599966288,-17.01066599966288
725,1,784,.000000000000000,.000000000000000,-24.77941287312256,24.77941287312256
725,2,256,-49.55882574624435,99.11765149248870,-41.72441727464278,-7.834408471601554
725,3,10,-33.89000880304039,67.78001760608079,-16.94500440152020,-16.94500440152020
726,1,784,.000000000000000,.000000000000000,-24.77941287312256,24.77941287312256
726,2,256,-49.55882574624435,99.11765149248869,-41.72771467777001,-7.831111068474307
726,3,10,-33.89660360929489,67.79320721858979,-16.94830180464744,-16.94830180464745
727,1,784,.000000000000000,.000000000000000,-24.77941287312260,24.77941287312260
727,2,256,-49.55882574624435,99.11765149248869,-41.75298571633133,-7.805840029913002
727,3,10,-33.94714568641749,67.89429137283499,-16.97357284320875,-16.97357284320875
728,1,784,.000000000000000,.000000000000000,-24.77941287312256,24.77941287312256
728,2,256,-49.55882574624432,99.11765149248863,-41.75842912033882,-7.800396625905517
728,3,10,-33.95803249443245,67.91606498886490,-16.97901624721623,-16.97901624721622
729,1,784,.000000000000000,.000000000000000,-24.77941287312257,24.77941287312257
729,2,256,-49.55882574624434,99.11765149248868,-41.76896915216649,-7.789856594077832
729,3,10,-33.97911255808782,67.95822511617564,-16.98955627904391,-16.98955627904390
730,1,784,.000000000000000,.000000000000000,-24.77941287312257,24.77941287312257
730,2,256,-49.55882574624428,99.11765149248856,-41.73972139358056,-7.819104352663741
730,3,10,-33.92061704091599,67.84123408183198,-16.96030852045800,-16.96030852045800
731,1,784,.000000000000000,.000000000000000,-24.77941287312253,24.77941287312253
731,2,256,-49.55882574624428,99.11765149248856,-41.78485854362192,-7.773967202622380
731,3,10,-34.01089134099872,68.02178268199744,-17.00544567049936,-17.00544567049936
732,1,784,.000000000000000,.000000000000000,-24.77941287312251,24.77941287312251
732,2,256,-49.55882574624432,99.11765149248865,-41.83299579959139,-7.725829946652910
732,3,10,-34.10716585293765,68.21433170587530,-17.05358292646882,-17.05358292646882
733,1,784,.000000000000000,.000000000000000,-24.77941287312258,24.77941287312258
733,2,256,-49.55882574624434,99.11765149248868,-41.80261820580542,-7.756207540438853
733,3,10,-34.04641066536577,68.09282133073154,-17.02320533268288,-17.02320533268288
734,1,784,.000000000000000,.000000000000000,-24.77941287312259,24.77941287312259
734,2,256,-49.55882574624428,99.11765149248856,-41.78393005161378,-7.774895694630525
734,3,10,-34.00903435698244,68.01806871396488,-17.00451717849122,-17.00451717849122
735,1,784,.000000000000000,.000000000000000,-24.77941287312257,24.77941287312257
735,2,256,-49.55882574624431,99.11765149248862,-41.78533716413779,-7.773488582106487
735,3,10,-34.01184858203049,68.02369716406098,-17.00592429101524,-17.00592429101524
736,1,784,.000000000000000,.000000000000000,-24.77941287312256,24.77941287312256
736,2,256,-49.55882574624432,99.11765149248863,-41.76883084522279,-7.789994901021547
736,3,10,-33.97883594420036,67.95767188840072,-16.98941797210018,-16.98941797210018
737,1,784,.000000000000000,.000000000000000,-24.77941287312257,24.77941287312257
737,2,256,-49.55882574624431,99.11765149248862,-41.77619151610541,-7.782634230138902
737,3,10,-33.99355728596566,67.98711457193131,-16.99677864298283,-16.99677864298283
738,1,784,.000000000000000,.000000000000000,-24.77941287312254,24.77941287312254
738,2,256,-49.55882574624428,99.11765149248856,-41.73843243480493,-7.820393311439325
738,3,10,-33.91803912336481,67.83607824672963,-16.95901956168241,-16.95901956168241
739,1,784,.000000000000000,.000000000000000,-24.77941287312255,24.77941287312255
739,2,256,-49.55882574624432,99.11765149248865,-41.76990135270774,-7.788924393536580
739,3,10,-33.98097695917035,67.96195391834070,-16.99048847958518,-16.99048847958517
740,1,784,.000000000000000,.000000000000000,-24.77941287312257,24.77941287312257
740,2,256,-49.55882574624430,99.11765149248860,-41.80516446155126,-7.753661284693061
740,3,10,-34.05150317685735,68.10300635371470,-17.02575158842867,-17.02575158842868
741,1,784,.000000000000000,.000000000000000,-24.77941287312258,24.77941287312258
741,2,256,-49.55882574624430,99.11765149248859,-41.80639287012472,-7.752432876119567
741,3,10,-34.05395999400434,68.10791998800867,-17.02697999700217,-17.02697999700217
742,1,784,.000000000000000,.000000000000000,-24.77941287312258,24.77941287312258
742,2,256,-49.55882574624433,99.11765149248866,-41.73139762357690,-7.827428122667411
742,3,10,-33.90396950090869,67.80793900181739,-16.95198475045434,-16.95198475045435
743,1,784,.000000000000000,.000000000000000,-24.77941287312252,24.77941287312252
743,2,256,-49.55882574624429,99.11765149248858,-41.73629505789159,-7.822530688352732
743,3,10,-33.91376436953802,67.82752873907604,-16.95688218476902,-16.95688218476901
744,1,784,.000000000000000,.000000000000000,-24.77941287312255,24.77941287312255
744,2,256,-49.55882574624431,99.11765149248862,-41.73327255113598,-7.825553195108335
744,3,10,-33.90771935602683,67.81543871205366,-16.95385967801342,-16.95385967801341
745,1,784,.000000000000000,.000000000000000,-24.77941287312260,24.77941287312260
745,2,256,-49.55882574624427,99.11765149248855,-41.80855473678749,-7.750271009456839
745,3,10,-34.05828372732986,68.11656745465972,-17.02914186366493,-17.02914186366493
746,1,784,.000000000000000,.000000000000000,-24.77941287312258,24.77941287312258
746,2,256,-49.55882574624433,99.11765149248866,-41.75280425757982,-7.806021488664502
746,3,10,-33.94678276891450,67.89356553782901,-16.97339138445725,-16.97339138445725
747,1,784,.000000000000000,.000000000000000,-24.77941287312254,24.77941287312254
747,2,256,-49.55882574624429,99.11765149248858,-41.81874362715482,-7.740082119089496
747,3,10,-34.07866150806449,68.15732301612897,-17.03933075403224,-17.03933075403225
748,1,784,.000000000000000,.000000000000000,-24.77941287312252,24.77941287312252
748,2,256,-49.55882574624430,99.11765149248859,-41.75965491382264,-7.799170832421662
748,3,10,-33.96048408140014,67.92096816280028,-16.98024204070008,-16.98024204070006
749,1,784,.000000000000000,.000000000000000,-24.77941287312257,24.77941287312257
749,2,256,-49.55882574624428,99.11765149248856,-41.74443104520442,-7.814394701039914
749,3,10,-33.93003634416365,67.86007268832729,-16.96501817208182,-16.96501817208183
750,1,784,.000000000000000,.000000000000000,-24.77941287312257,24.77941287312257
750,2,256,-49.55882574624430,99.11765149248859,-41.81882640616845,-7.739999340075856
750,3,10,-34.07882706609180,68.15765413218359,-17.03941353304590,-17.03941353304590
751,1,784,.000000000000000,.000000000000000,-24.77941287312254,24.77941287312254
751,2,256,-49.55882574624430,99.11765149248860,-41.80753690853764,-7.751288837706663
751,3,10,-34.05624807083016,68.11249614166033,-17.02812403541509,-17.02812403541508
752,1,784,.000000000000000,.000000000000000,-24.77941287312256,24.77941287312256
752,2,256,-49.55882574624428,99.11765149248856,-41.72631659766121,-7.832509148583078
752,3,10,-33.89380744907731,67.78761489815462,-16.94690372453866,-16.94690372453865
753,1,784,.000000000000000,.000000000000000,-24.77941287312253,24.77941287312253
753,2,256,-49.55882574624432,99.11765149248863,-41.71623373380721,-7.842592012437122
753,3,10,-33.87364172136926,67.74728344273852,-16.93682086068463,-16.93682086068463
754,1,784,.000000000000000,.000000000000000,-24.77941287312257,24.77941287312257
754,2,256,-49.55882574624433,99.11765149248866,-41.86091742593381,-7.697908320310503
754,3,10,-34.16300910562251,68.32601821124501,-17.08150455281126,-17.08150455281124
755,1,784,.000000000000000,.000000000000000,-24.77941287312253,24.77941287312253
755,2,256,-49.55882574624433,99.11765149248866,-41.75144366498014,-7.807382081264187
755,3,10,-33.94406158371513,67.88812316743027,-16.97203079185757,-16.97203079185756
756,1,784,.000000000000000,.000000000000000,-24.77941287312258,24.77941287312258
756,2,256,-49.55882574624434,99.11765149248868,-41.76986061830436,-7.788965127939985
756,3,10,-33.98089549036354,67.96179098072709,-16.99044774518178,-16.99044774518177
757,1,784,.000000000000000,.000000000000000,-24.77941287312258,24.77941287312258
757,2,256,-49.55882574624428,99.11765149248856,-41.81430447424875,-7.744521271995536
757,3,10,-34.06978320225242,68.13956640450485,-17.03489160112622,-17.03489160112622
758,1,784,.000000000000000,.000000000000000,-24.77941287312261,24.77941287312261
758,2,256,-49.55882574624430,99.11765149248860,-41.74129822892579,-7.817527517318522
758,3,10,-33.92377071160646,67.84754142321292,-16.96188535580323,-16.96188535580323
759,1,784,.000000000000000,.000000000000000,-24.77941287312256,24.77941287312256
759,2,256,-49.55882574624427,99.11765149248855,-41.69628984830225,-7.862535897942053
759,3,10,-33.83375395035934,67.66750790071868,-16.91687697517968,-16.91687697517966
760,1,784,.000000000000000,.000000000000000,-24.77941287312259,24.77941287312259
760,2,256,-49.55882574624429,99.11765149248858,-41.81509601005316,-7.743729736191137
760,3,10,-34.07136627386122,68.14273254772245,-17.03568313693061,-17.03568313693061
761,1,784,.000000000000000,.000000000000000,-24.77941287312258,24.77941287312258
761,2,256,-49.55882574624435,99.11765149248869,-41.77913009794418,-7.779695648300124
761,3,10,-33.99943444964324,67.99886889928648,-16.99971722482162,-16.99971722482162
762,1,784,.000000000000000,.000000000000000,-24.77941287312255,24.77941287312255
762,2,256,-49.55882574624436,99.11765149248872,-41.69627712879051,-7.862548617453852
762,3,10,-33.83372851133581,67.66745702267163,-16.91686425566790,-16.91686425566791
763,1,784,.000000000000000,.000000000000000,-24.77941287312258,24.77941287312258
763,2,256,-49.55882574624429,99.11765149248858,-41.82177347900160,-7.737052267242728
763,3,10,-34.08472121175806,68.16944242351612,-17.04236060587902,-17.04236060587903
764,1,784,.000000000000000,.000000000000000,-24.77941287312255,24.77941287312255
764,2,256,-49.55882574624433,99.11765149248866,-41.71269441942351,-7.846131326820770
764,3,10,-33.86656309260192,67.73312618520384,-16.93328154630096,-16.93328154630096
765,1,784,.000000000000000,.000000000000000,-24.77941287312257,24.77941287312257
765,2,256,-49.55882574624431,99.11765149248862,-41.78635465415709,-7.772471092087224
765,3,10,-34.01388356206904,68.02776712413808,-17.00694178103452,-17.00694178103452
766,1,784,.000000000000000,.000000000000000,-24.77941287312261,24.77941287312261
766,2,256,-49.55882574624435,99.11765149248869,-41.78735576441765,-7.771469981826608
766,3,10,-34.01588578259027,68.03177156518055,-17.00794289129514,-17.00794289129513
767,1,784,.000000000000000,.000000000000000,-24.77941287312255,24.77941287312255
767,2,256,-49.55882574624429,99.11765149248858,-41.76865628920199,-7.790169457042327
767,3,10,-33.97848683215882,67.95697366431764,-16.98924341607940,-16.98924341607941
768,1,784,.000000000000000,.000000000000000,-24.77941287312256,24.77941287312256
768,2,256,-49.55882574624427,99.11765149248855,-41.76015624501464,-7.798669501229623
768,3,10,-33.96148674378421,67.92297348756841,-16.98074337189211,-16.98074337189210
769,1,784,.000000000000000,.000000000000000,-24.77941287312257,24.77941287312257
769,2,256,-49.55882574624429,99.11765149248858,-41.74173708540838,-7.817088660835926
769,3,10,-33.92464842457162,67.84929684914324,-16.96232421228581,-16.96232421228581
770,1,784,.000000000000000,.000000000000000,-24.77941287312258,24.77941287312258
770,2,256,-49.55882574624432,99.11765149248863,-41.72803648467062,-7.830789261573674
770,3,10,-33.89724722309613,67.79449444619226,-16.94862361154807,-16.94862361154806
771,1,784,.000000000000000,.000000000000000,-24.77941287312255,24.77941287312255
771,2,256,-49.55882574624432,99.11765149248865,-41.72193406752591,-7.836891678718391
771,3,10,-33.88504238880671,67.77008477761342,-16.94252119440335,-16.94252119440335
772,1,784,.000000000000000,.000000000000000,-24.77941287312257,24.77941287312257
772,2,256,-49.55882574624432,99.11765149248863,-41.78512207361096,-7.773703672633335
772,3,10,-34.01141840097680,68.02283680195360,-17.00570920048841,-17.00570920048840
773,1,784,.000000000000000,.000000000000000,-24.77941287312260,24.77941287312260
773,2,256,-49.55882574624430,99.11765149248860,-41.73046826097327,-7.828357485271043
773,3,10,-33.90211077570142,67.80422155140285,-16.95105538785071,-16.95105538785071
774,1,784,.000000000000000,.000000000000000,-24.77941287312256,24.77941287312256
774,2,256,-49.55882574624428,99.11765149248856,-41.78869017724833,-7.770135568995970
774,3,10,-34.01855460825158,68.03710921650317,-17.00927730412579,-17.00927730412580
775,1,784,.000000000000000,.000000000000000,-24.77941287312255,24.77941287312255
775,2,256,-49.55882574624435,99.11765149248870,-41.72390976509827,-7.834915981146072
775,3,10,-33.88899378395136,67.77798756790271,-16.94449689197568,-16.94449689197567
776,1,784,.000000000000000,.000000000000000,-24.77941287312253,24.77941287312253
776,2,256,-49.55882574624431,99.11765149248862,-41.67301820249145,-7.885807543752847
776,3,10,-33.78721065873779,67.57442131747558,-16.89360532936889,-16.89360532936890
777,1,784,.000000000000000,.000000000000000,-24.77941287312254,24.77941287312254
777,2,256,-49.55882574624434,99.11765149248868,-41.82235501366368,-7.736470732580647
777,3,10,-34.08588428108224,68.17176856216447,-17.04294214054111,-17.04294214054113
778,1,784,.000000000000000,.000000000000000,-24.77941287312253,24.77941287312253
778,2,256,-49.55882574624434,99.11765149248868,-41.80297756540161,-7.755848180842684
778,3,10,-34.04712938455808,68.09425876911617,-17.02356469227905,-17.02356469227903
779,1,784,.000000000000000,.000000000000000,-24.77941287312255,24.77941287312255
779,2,256,-49.55882574624431,99.11765149248862,-41.72506497144505,-7.833760774799264
779,3,10,-33.89130419664496,67.78260839328992,-16.94565209832248,-16.94565209832248
780,1,784,.000000000000000,.000000000000000,-24.77941287312257,24.77941287312257
780,2,256,-49.55882574624431,99.11765149248862,-41.72448028929288,-7.834345456951475
780,3,10,-33.89013483234055,67.78026966468110,-16.94506741617028,-16.94506741617028
781,1,784,.000000000000000,.000000000000000,-24.77941287312259,24.77941287312259
781,2,256,-49.55882574624430,99.11765149248860,-41.71404620672337,-7.844779539520928
781,3,10,-33.86926666720164,67.73853333440327,-16.93463333360081,-16.93463333360082
782,1,784,.000000000000000,.000000000000000,-24.77941287312256,24.77941287312256
782,2,256,-49.55882574624428,99.11765149248856,-41.71638147001915,-7.842444276225159
782,3,10,-33.87393719379318,67.74787438758635,-16.93696859689658,-16.93696859689659
783,1,784,.000000000000000,.000000000000000,-24.77941287312258,24.77941287312258
783,2,256,-49.55882574624432,99.11765149248865,-41.74431680169271,-7.814508944551623
783,3,10,-33.92980785714024,67.85961571428048,-16.96490392857012,-16.96490392857012
784,1,784,.000000000000000,.000000000000000,-24.77941287312255,24.77941287312255
784,2,256,-49.55882574624432,99.11765149248863,-41.72745014436486,-7.831375601879437
784,3,10,-33.89607454248461,67.79214908496921,-16.94803727124231,-16.94803727124230
785,1,784,.000000000000000,.000000000000000,-24.77941287312257,24.77941287312257
785,2,256,-49.55882574624430,99.11765149248859,-41.76119736745180,-7.797628378792505
785,3,10,-33.96356898865850,67.92713797731700,-16.98178449432925,-16.98178449432925
786,1,784,.000000000000000,.000000000000000,-24.77941287312256,24.77941287312256
786,2,256,-49.55882574624433,99.11765149248866,-41.74374982064653,-7.815075925597774
786,3,10,-33.92867389504794,67.85734779009589,-16.96433694752397,-16.96433694752398
787,1,784,.000000000000000,.000000000000000,-24.77941287312254,24.77941287312254
787,2,256,-49.55882574624428,99.11765149248856,-41.77650078976644,-7.782324956477846
787,3,10,-33.99417583328778,67.98835166657555,-16.99708791664389,-16.99708791664388
788,1,784,.000000000000000,.000000000000000,-24.77941287312258,24.77941287312258
788,2,256,-49.55882574624429,99.11765149248858,-41.75768957295755,-7.801136173286811
788,3,10,-33.95655339966986,67.91310679933972,-16.97827669983493,-16.97827669983493
789,1,784,.000000000000000,.000000000000000,-24.77941287312255,24.77941287312255
789,2,256,-49.55882574624434,99.11765149248868,-41.80954731846880,-7.749278427775475
789,3,10,-34.06026889069254,68.12053778138508,-17.03013444534627,-17.03013444534627
790,1,784,.000000000000000,.000000000000000,-24.77941287312257,24.77941287312257
790,2,256,-49.55882574624431,99.11765149248862,-41.78012491431010,-7.778700831934191
790,3,10,-34.00142408237513,68.00284816475026,-17.00071204118757,-17.00071204118757
791,1,784,.000000000000000,.000000000000000,-24.77941287312255,24.77941287312255
791,2,256,-49.55882574624432,99.11765149248865,-41.72141123370871,-7.837414512535622
791,3,10,-33.88399672117227,67.76799344234455,-16.94199836058614,-16.94199836058614
792,1,784,.000000000000000,.000000000000000,-24.77941287312256,24.77941287312256
792,2,256,-49.55882574624432,99.11765149248865,-41.69618477878176,-7.862640967462581
792,3,10,-33.83354381131836,67.66708762263673,-16.91677190565918,-16.91677190565918
793,1,784,.000000000000000,.000000000000000,-24.77941287312255,24.77941287312255
793,2,256,-49.55882574624430,99.11765149248859,-41.74247789802659,-7.816347848217696
793,3,10,-33.92613004980803,67.85226009961606,-16.96306502490402,-16.96306502490402
794,1,784,.000000000000000,.000000000000000,-24.77941287312258,24.77941287312258
794,2,256,-49.55882574624433,99.11765149248866,-41.72644038754051,-7.832385358703816
794,3,10,-33.89405502883584,67.78811005767169,-16.94702751441793,-16.94702751441792
795,1,784,.000000000000000,.000000000000000,-24.77941287312257,24.77941287312257
795,2,256,-49.55882574624430,99.11765149248859,-41.79001628524237,-7.768809461001961
795,3,10,-34.02120682423956,68.04241364847913,-17.01060341211978,-17.01060341211978
796,1,784,.000000000000000,.000000000000000,-24.77941287312255,24.77941287312255
796,2,256,-49.55882574624433,99.11765149248866,-41.73445842249291,-7.824367323751430
796,3,10,-33.91009109874064,67.82018219748129,-16.95504554937033,-16.95504554937031
797,1,784,.000000000000000,.000000000000000,-24.77941287312257,24.77941287312257
797,2,256,-49.55882574624433,99.11765149248866,-41.72876406637636,-7.830061679867942
797,3,10,-33.89870238650761,67.79740477301522,-16.94935119325380,-16.94935119325381
798,1,784,.000000000000000,.000000000000000,-24.77941287312259,24.77941287312259
798,2,256,-49.55882574624433,99.11765149248866,-41.79529727786170,-7.763528468382591
798,3,10,-34.03176880947832,68.06353761895663,-17.01588440473916,-17.01588440473916
799,1,784,.000000000000000,.000000000000000,-24.77941287312255,24.77941287312255
799,2,256,-49.55882574624432,99.11765149248863,-41.80440280753065,-7.754422938713683
799,3,10,-34.04997986881612,68.09995973763225,-17.02498993440806,-17.02498993440807
800,1,784,.000000000000000,.000000000000000,-24.77941287312254,24.77941287312254
800,2,256,-49.55882574624433,99.11765149248866,-41.76280748672797,-7.796018259516361
800,3,10,-33.96678922721078,67.93357845442156,-16.98339461360539,-16.98339461360539
801,1,784,.000000000000000,.000000000000000,-24.77941287312256,24.77941287312256
801,2,256,-49.55882574624432,99.11765149248863,-41.73871379018350,-7.820111956060803
801,3,10,-33.91860183412189,67.83720366824379,-16.95930091706095,-16.95930091706095
802,1,784,.000000000000000,.000000000000000,-24.77941287312257,24.77941287312257
802,2,256,-49.55882574624432,99.11765149248863,-41.75057403556641,-7.808251710677886
802,3,10,-33.94232232488771,67.88464464977542,-16.97116116244386,-16.97116116244386
803,1,784,.000000000000000,.000000000000000,-24.77941287312255,24.77941287312255
803,2,256,-49.55882574624429,99.11765149248858,-41.73872451835108,-7.820101227893224
803,3,10,-33.91862329045702,67.83724658091404,-16.95931164522851,-16.95931164522851
804,1,784,.000000000000000,.000000000000000,-24.77941287312256,24.77941287312256
804,2,256,-49.55882574624432,99.11765149248865,-41.76424926955946,-7.794576476684842
804,3,10,-33.96967279287382,67.93934558574763,-16.98483639643691,-16.98483639643691
805,1,784,.000000000000000,.000000000000000,-24.77941287312260,24.77941287312260
805,2,256,-49.55882574624433,99.11765149248866,-41.71646255815141,-7.842363188092914
805,3,10,-33.87409937005767,67.74819874011534,-16.93704968502884,-16.93704968502884
806,1,784,.000000000000000,.000000000000000,-24.77941287312257,24.77941287312257
806,2,256,-49.55882574624430,99.11765149248860,-41.74534045988791,-7.813485286356401
806,3,10,-33.93185517353071,67.86371034706143,-16.96592758676535,-16.96592758676535
807,1,784,.000000000000000,.000000000000000,-24.77941287312255,24.77941287312255
807,2,256,-49.55882574624430,99.11765149248860,-41.79042803511150,-7.768397711132806
807,3,10,-34.02203032397787,68.04406064795573,-17.01101516198894,-17.01101516198893
808,1,784,.000000000000000,.000000000000000,-24.77941287312258,24.77941287312258
808,2,256,-49.55882574624427,99.11765149248855,-41.76832148594140,-7.790504260302874
808,3,10,-33.97781722563771,67.95563445127542,-16.98890861281886,-16.98890861281885
809,1,784,.000000000000000,.000000000000000,-24.77941287312256,24.77941287312256
809,2,256,-49.55882574624433,99.11765149248866,-41.73066734307314,-7.828158403171161
809,3,10,-33.90250893990117,67.80501787980235,-16.95125446995058,-16.95125446995058
810,1,784,.000000000000000,.000000000000000,-24.77941287312256,24.77941287312256
810,2,256,-49.55882574624432,99.11765149248865,-41.78208599583330,-7.776739750411023
810,3,10,-34.00534624542146,68.01069249084293,-17.00267312271073,-17.00267312271073
811,1,784,.000000000000000,.000000000000000,-24.77941287312255,24.77941287312255
811,2,256,-49.55882574624431,99.11765149248862,-41.78914824654406,-7.769677499700264
811,3,10,-34.01947074684300,68.03894149368600,-17.00973537342150,-17.00973537342150
812,1,784,.000000000000000,.000000000000000,-24.77941287312257,24.77941287312257
812,2,256,-49.55882574624426,99.11765149248852,-41.72367408061506,-7.835151665629243
812,3,10,-33.88852241498495,67.77704482996990,-16.94426120749247,-16.94426120749248
813,1,784,.000000000000000,.000000000000000,-24.77941287312255,24.77941287312255
813,2,256,-49.55882574624427,99.11765149248853,-41.74849938473701,-7.810326361507300
813,3,10,-33.93817302322888,67.87634604645777,-16.96908651161445,-16.96908651161444
814,1,784,.000000000000000,.000000000000000,-24.77941287312260,24.77941287312260
814,2,256,-49.55882574624431,99.11765149248862,-41.70901851090008,-7.849807235344210
814,3,10,-33.85921127555505,67.71842255111009,-16.92960563777752,-16.92960563777753
815,1,784,.000000000000000,.000000000000000,-24.77941287312257,24.77941287312257
815,2,256,-49.55882574624433,99.11765149248866,-41.71757000231529,-7.841255743928984
815,3,10,-33.87631425838548,67.75262851677097,-16.93815712919275,-16.93815712919274
816,1,784,.000000000000000,.000000000000000,-24.77941287312256,24.77941287312256
816,2,256,-49.55882574624428,99.11765149248856,-41.81032658665351,-7.748499159590811
816,3,10,-34.06182742706187,68.12365485412374,-17.03091371353094,-17.03091371353094
817,1,784,.000000000000000,.000000000000000,-24.77941287312257,24.77941287312257
817,2,256,-49.55882574624424,99.11765149248848,-41.66080582599500,-7.898019920249323
817,3,10,-33.76278590574483,67.52557181148967,-16.88139295287242,-16.88139295287242
818,1,784,.000000000000000,.000000000000000,-24.77941287312256,24.77941287312256
818,2,256,-49.55882574624431,99.11765149248862,-41.78976626891865,-7.769059477325686
818,3,10,-34.02070679159214,68.04141358318428,-17.01035339579606,-17.01035339579607
819,1,784,.000000000000000,.000000000000000,-24.77941287312258,24.77941287312258
819,2,256,-49.55882574624430,99.11765149248860,-41.79057973991117,-7.768246006333150
819,3,10,-34.02233373357716,68.04466746715433,-17.01116686678859,-17.01116686678857
820,1,784,.000000000000000,.000000000000000,-24.77941287312256,24.77941287312256
820,2,256,-49.55882574624434,99.11765149248868,-41.69798648790535,-7.860839258338998
820,3,10,-33.83714722956553,67.67429445913106,-16.91857361478277,-16.91857361478277
821,1,784,.000000000000000,.000000000000000,-24.77941287312257,24.77941287312257
821,2,256,-49.55882574624429,99.11765149248858,-41.69221983662280,-7.866605909621487
821,3,10,-33.82561392700050,67.65122785400101,-16.91280696350025,-16.91280696350025
822,1,784,.000000000000000,.000000000000000,-24.77941287312257,24.77941287312257
822,2,256,-49.55882574624429,99.11765149248858,-41.69008351096773,-7.868742235276568
822,3,10,-33.82134127569034,67.64268255138067,-16.91067063784516,-16.91067063784516
823,1,784,.000000000000000,.000000000000000,-24.77941287312257,24.77941287312257
823,2,256,-49.55882574624431,99.11765149248862,-41.82038730877944,-7.738438437464883
823,3,10,-34.08194887131373,68.16389774262746,-17.04097443565687,-17.04097443565686
824,1,784,.000000000000000,.000000000000000,-24.77941287312257,24.77941287312257
824,2,256,-49.55882574624435,99.11765149248870,-41.78037053364157,-7.778455212602731
824,3,10,-34.00191532103801,68.00383064207603,-17.00095766051901,-17.00095766051901
825,1,784,.000000000000000,.000000000000000,-24.77941287312251,24.77941287312251
825,2,256,-49.55882574624430,99.11765149248859,-41.76236476287384,-7.796460983370451
825,3,10,-33.96590377950260,67.93180755900519,-16.98295188975129,-16.98295188975131
826,1,784,.000000000000000,.000000000000000,-24.77941287312257,24.77941287312257
826,2,256,-49.55882574624433,99.11765149248866,-41.69095598874685,-7.867869757497473
826,3,10,-33.82308623124852,67.64617246249703,-16.91154311562426,-16.91154311562425
827,1,784,.000000000000000,.000000000000000,-24.77941287312256,24.77941287312256
827,2,256,-49.55882574624432,99.11765149248863,-41.73964003953676,-7.819185706707514
827,3,10,-33.92045433282847,67.84090866565694,-16.96022716641424,-16.96022716641424
828,1,784,.000000000000000,.000000000000000,-24.77941287312255,24.77941287312255
828,2,256,-49.55882574624436,99.11765149248872,-41.73552672974806,-7.823299016496255
828,3,10,-33.91222771325099,67.82445542650198,-16.95611385662549,-16.95611385662550
829,1,784,.000000000000000,.000000000000000,-24.77941287312255,24.77941287312255
829,2,256,-49.55882574624432,99.11765149248863,-41.73775650567966,-7.821069240564660
829,3,10,-33.91668726511417,67.83337453022834,-16.95834363255709,-16.95834363255709
830,1,784,.000000000000000,.000000000000000,-24.77941287312257,24.77941287312257
830,2,256,-49.55882574624431,99.11765149248862,-41.71487534713265,-7.843950399111666
830,3,10,-33.87092494802022,67.74184989604043,-16.93546247401011,-16.93546247401012
831,1,784,.000000000000000,.000000000000000,-24.77941287312257,24.77941287312257
831,2,256,-49.55882574624430,99.11765149248859,-41.79598166769348,-7.762844078550808
831,3,10,-34.03313758914186,68.06627517828372,-17.01656879457093,-17.01656879457092
832,1,784,.000000000000000,.000000000000000,-24.77941287312255,24.77941287312255
832,2,256,-49.55882574624435,99.11765149248869,-41.76561519487976,-7.793210551364602
832,3,10,-33.97240464351430,67.94480928702860,-16.98620232175715,-16.98620232175715
833,1,784,.000000000000000,.000000000000000,-24.77941287312255,24.77941287312255
833,2,256,-49.55882574624429,99.11765149248858,-41.59761551512191,-7.961210231122375
833,3,10,-33.63640528399873,67.27281056799747,-16.81820264199937,-16.81820264199937
834,1,784,.000000000000000,.000000000000000,-24.77941287312258,24.77941287312258
834,2,256,-49.55882574624435,99.11765149248870,-41.81761587593768,-7.741209870306643
834,3,10,-34.07640600563023,68.15281201126047,-17.03820300281512,-17.03820300281512
835,1,784,.000000000000000,.000000000000000,-24.77941287312255,24.77941287312255
835,2,256,-49.55882574624432,99.11765149248865,-41.77960872689022,-7.779217019354091
835,3,10,-34.00039170753533,68.00078341507066,-17.00019585376766,-17.00019585376767
836,1,784,.000000000000000,.000000000000000,-24.77941287312256,24.77941287312256
836,2,256,-49.55882574624432,99.11765149248863,-41.77694158302477,-7.781884163219527
836,3,10,-33.99505741980443,67.99011483960885,-16.99752870990222,-16.99752870990221
837,1,784,.000000000000000,.000000000000000,-24.77941287312254,24.77941287312254
837,2,256,-49.55882574624428,99.11765149248856,-41.80298375757746,-7.755841988666842
837,3,10,-34.04714176890980,68.09428353781959,-17.02357088445489,-17.02357088445490
838,1,784,.000000000000000,.000000000000000,-24.77941287312255,24.77941287312255
838,2,256,-49.55882574624430,99.11765149248860,-41.75933377294804,-7.799491973296289
838,3,10,-33.95984179965093,67.91968359930186,-16.97992089982547,-16.97992089982547
839,1,784,.000000000000000,.000000000000000,-24.77941287312259,24.77941287312259
839,2,256,-49.55882574624431,99.11765149248862,-41.78210581344825,-7.776719932796057
839,3,10,-34.00538588065137,68.01077176130273,-17.00269294032569,-17.00269294032568
840,1,784,.000000000000000,.000000000000000,-24.77941287312257,24.77941287312257
840,2,256,-49.55882574624433,99.11765149248866,-41.81167604250029,-7.747149703744024
840,3,10,-34.06452633875544,68.12905267751088,-17.03226316937773,-17.03226316937772
841,1,784,.000000000000000,.000000000000000,-24.77941287312256,24.77941287312256
841,2,256,-49.55882574624435,99.11765149248870,-41.71336656667316,-7.845459179571182
841,3,10,-33.86790738710114,67.73581477420228,-16.93395369355057,-16.93395369355057
842,1,784,.000000000000000,.000000000000000,-24.77941287312258,24.77941287312258
842,2,256,-49.55882574624430,99.11765149248860,-41.71229074405945,-7.846535002184874
842,3,10,-33.86575574187376,67.73151148374751,-16.93287787093688,-16.93287787093687
843,1,784,.000000000000000,.000000000000000,-24.77941287312258,24.77941287312258
843,2,256,-49.55882574624432,99.11765149248863,-41.80298668530569,-7.755839060938637
843,3,10,-34.04714762436623,68.09429524873245,-17.02357381218312,-17.02357381218311
844,1,784,.000000000000000,.000000000000000,-24.77941287312258,24.77941287312258
844,2,256,-49.55882574624428,99.11765149248856,-41.76152957945463,-7.797296166789669
844,3,10,-33.96423341266413,67.92846682532826,-16.98211670633206,-16.98211670633206
845,1,784,.000000000000000,.000000000000000,-24.77941287312256,24.77941287312256
845,2,256,-49.55882574624434,99.11765149248868,-41.76743310285821,-7.791392643386092
845,3,10,-33.97604045947133,67.95208091894266,-16.98802022973566,-16.98802022973567
846,1,784,.000000000000000,.000000000000000,-24.77941287312262,24.77941287312262
846,2,256,-49.55882574624428,99.11765149248856,-41.74742438705429,-7.811401359190016
846,3,10,-33.93602302786345,67.87204605572690,-16.96801151393173,-16.96801151393172
847,1,784,.000000000000000,.000000000000000,-24.77941287312259,24.77941287312259
847,2,256,-49.55882574624430,99.11765149248859,-41.77856917526032,-7.780256570984016
847,3,10,-33.99831260427550,67.99662520855100,-16.99915630213775,-16.99915630213775
848,1,784,.000000000000000,.000000000000000,-24.77941287312254,24.77941287312254
848,2,256,-49.55882574624432,99.11765149248863,-41.79467330998019,-7.764152436264125
848,3,10,-34.03052087371525,68.06104174743051,-17.01526043685762,-17.01526043685763
849,1,784,.000000000000000,.000000000000000,-24.77941287312256,24.77941287312256
849,2,256,-49.55882574624435,99.11765149248869,-41.74511016327583,-7.813715582968522
849,3,10,-33.93139458030649,67.86278916061298,-16.96569729015324,-16.96569729015325
850,1,784,.000000000000000,.000000000000000,-24.77941287312253,24.77941287312253
850,2,256,-49.55882574624434,99.11765149248868,-41.68868673751405,-7.870139008730257
850,3,10,-33.81854772878300,67.63709545756601,-16.90927386439150,-16.90927386439149
851,1,784,.000000000000000,.000000000000000,-24.77941287312257,24.77941287312257
851,2,256,-49.55882574624428,99.11765149248856,-41.71957814324757,-7.839247602996733
851,3,10,-33.88033054025002,67.76066108050004,-16.94016527012501,-16.94016527012501
852,1,784,.000000000000000,.000000000000000,-24.77941287312257,24.77941287312257
852,2,256,-49.55882574624432,99.11765149248865,-41.82085973020699,-7.737966016037325
852,3,10,-34.08289371416885,68.16578742833769,-17.04144685708443,-17.04144685708442
853,1,784,.000000000000000,.000000000000000,-24.77941287312257,24.77941287312257
853,2,256,-49.55882574624434,99.11765149248868,-41.69995715888092,-7.858868587363408
853,3,10,-33.84108857151670,67.68217714303340,-16.92054428575835,-16.92054428575835
854,1,784,.000000000000000,.000000000000000,-24.77941287312255,24.77941287312255
854,2,256,-49.55882574624430,99.11765149248860,-41.80431869238087,-7.754507053863455
854,3,10,-34.04981163851659,68.09962327703319,-17.02490581925829,-17.02490581925830
855,1,784,.000000000000000,.000000000000000,-24.77941287312257,24.77941287312257
855,2,256,-49.55882574624435,99.11765149248869,-41.75778367923748,-7.801042067006819
855,3,10,-33.95674161222986,67.91348322445972,-16.97837080611493,-16.97837080611493
856,1,784,.000000000000000,.000000000000000,-24.77941287312255,24.77941287312255
856,2,256,-49.55882574624436,99.11765149248872,-41.66032938298364,-7.898496363260689
856,3,10,-33.76183301972213,67.52366603944427,-16.88091650986107,-16.88091650986106
857,1,784,.000000000000000,.000000000000000,-24.77941287312259,24.77941287312259
857,2,256,-49.55882574624431,99.11765149248862,-41.73324819023980,-7.825577556004483
857,3,10,-33.90767063423451,67.81534126846903,-16.95383531711726,-16.95383531711725
858,1,784,.000000000000000,.000000000000000,-24.77941287312257,24.77941287312257
858,2,256,-49.55882574624432,99.11765149248865,-41.76136121095938,-7.797464535284903
858,3,10,-33.96389667567369,67.92779335134738,-16.98194833783684,-16.98194833783685
859,1,784,.000000000000000,.000000000000000,-24.77941287312258,24.77941287312258
859,2,256,-49.55882574624431,99.11765149248862,-41.78278515498259,-7.776040591261756
859,3,10,-34.00674456372001,68.01348912744002,-17.00337228186001,-17.00337228186000
860,1,784,.000000000000000,.000000000000000,-24.77941287312256,24.77941287312256
860,2,256,-49.55882574624427,99.11765149248853,-41.72338914417259,-7.835436602071740
860,3,10,-33.88795254210001,67.77590508420002,-16.94397627105000,-16.94397627105000
861,1,784,.000000000000000,.000000000000000,-24.77941287312258,24.77941287312258
861,2,256,-49.55882574624430,99.11765149248859,-41.70052495043451,-7.858300795809831
861,3,10,-33.84222415462379,67.68444830924759,-16.92111207731190,-16.92111207731189
862,1,784,.000000000000000,.000000000000000,-24.77941287312253,24.77941287312253
862,2,256,-49.55882574624430,99.11765149248860,-41.64148349094373,-7.917342255300572
862,3,10,-33.72414123564235,67.44828247128470,-16.86207061782117,-16.86207061782118
863,1,784,.000000000000000,.000000000000000,-24.77941287312256,24.77941287312256
863,2,256,-49.55882574624427,99.11765149248855,-41.86559565509028,-7.693230091154006
863,3,10,-34.17236556393544,68.34473112787087,-17.08618278196772,-17.08618278196771
864,1,784,.000000000000000,.000000000000000,-24.77941287312257,24.77941287312257
864,2,256,-49.55882574624430,99.11765149248860,-41.76287598072878,-7.795949765515510
864,3,10,-33.96692621521249,67.93385243042498,-16.98346310760624,-16.98346310760624
865,1,784,.000000000000000,.000000000000000,-24.77941287312256,24.77941287312256
865,2,256,-49.55882574624431,99.11765149248862,-41.72009591241618,-7.838729833828136
865,3,10,-33.88136607858724,67.76273215717448,-16.94068303929362,-16.94068303929362
866,1,784,.000000000000000,.000000000000000,-24.77941287312254,24.77941287312254
866,2,256,-49.55882574624429,99.11765149248858,-41.73389722912160,-7.824928517122707
866,3,10,-33.90896871199809,67.81793742399617,-16.95448435599904,-16.95448435599904
867,1,784,.000000000000000,.000000000000000,-24.77941287312257,24.77941287312257
867,2,256,-49.55882574624433,99.11765149248866,-41.80429658660787,-7.754529159636435
867,3,10,-34.04976742697061,68.09953485394122,-17.02488371348531,-17.02488371348531
868,1,784,.000000000000000,.000000000000000,-24.77941287312256,24.77941287312256
868,2,256,-49.55882574624432,99.11765149248865,-41.77900570140305,-7.779820044841244
868,3,10,-33.99918565656100,67.99837131312199,-16.99959282828049,-16.99959282828049
869,1,784,.000000000000000,.000000000000000,-24.77941287312258,24.77941287312258
869,2,256,-49.55882574624432,99.11765149248863,-41.72318427467417,-7.835641471570148
869,3,10,-33.88754280310322,67.77508560620643,-16.94377140155160,-16.94377140155161
870,1,784,.000000000000000,.000000000000000,-24.77941287312260,24.77941287312260
870,2,256,-49.55882574624432,99.11765149248865,-41.70448846124840,-7.854337284995892
870,3,10,-33.85015117625171,67.70030235250343,-16.92507558812586,-16.92507558812585
871,1,784,.000000000000000,.000000000000000,-24.77941287312255,24.77941287312255
871,2,256,-49.55882574624435,99.11765149248869,-41.71600363898417,-7.842822107260133
871,3,10,-33.87318153172324,67.74636306344648,-16.93659076586163,-16.93659076586161
872,1,784,.000000000000000,.000000000000000,-24.77941287312255,24.77941287312255
872,2,256,-49.55882574624432,99.11765149248865,-41.78938689190338,-7.769438854340974
872,3,10,-34.01994803756157,68.03989607512314,-17.00997401878078,-17.00997401878078
873,1,784,.000000000000000,.000000000000000,-24.77941287312257,24.77941287312257
873,2,256,-49.55882574624430,99.11765149248860,-41.76304496515882,-7.795780781085485
873,3,10,-33.96726418407248,67.93452836814495,-16.98363209203624,-16.98363209203624
874,1,784,.000000000000000,.000000000000000,-24.77941287312256,24.77941287312256
874,2,256,-49.55882574624434,99.11765149248868,-41.80473174764672,-7.754093998597601
874,3,10,-34.05063774904829,68.10127549809658,-17.02531887452415,-17.02531887452414
875,1,784,.000000000000000,.000000000000000,-24.77941287312255,24.77941287312255
875,2,256,-49.55882574624430,99.11765149248860,-41.77021521381512,-7.788610532429196
875,3,10,-33.98160468138511,67.96320936277023,-16.99080234069255,-16.99080234069256
876,1,784,.000000000000000,.000000000000000,-24.77941287312259,24.77941287312259
876,2,256,-49.55882574624431,99.11765149248862,-41.76221014025583,-7.796615605988483
876,3,10,-33.96559453426653,67.93118906853306,-16.98279726713326,-16.98279726713326
877,1,784,.000000000000000,.000000000000000,-24.77941287312255,24.77941287312255
877,2,256,-49.55882574624423,99.11765149248846,-41.72725659583713,-7.831569150407176
877,3,10,-33.89568744542913,67.79137489085826,-16.94784372271457,-16.94784372271457
878,1,784,.000000000000000,.000000000000000,-24.77941287312256,24.77941287312256
878,2,256,-49.55882574624430,99.11765149248859,-41.70094460091055,-7.857881145333718
878,3,10,-33.84306345557602,67.68612691115204,-16.92153172778801,-16.92153172778801
879,1,784,.000000000000000,.000000000000000,-24.77941287312260,24.77941287312260
879,2,256,-49.55882574624430,99.11765149248860,-41.78352459352521,-7.775301152719080
879,3,10,-34.00822344080534,68.01644688161068,-17.00411172040267,-17.00411172040268
880,1,784,.000000000000000,.000000000000000,-24.77941287312258,24.77941287312258
880,2,256,-49.55882574624433,99.11765149248866,-41.73532522916471,-7.823500517079617
880,3,10,-33.91182471208429,67.82364942416858,-16.95591235604214,-16.95591235604214
881,1,784,.000000000000000,.000000000000000,-24.77941287312256,24.77941287312256
881,2,256,-49.55882574624430,99.11765149248859,-41.75661842913999,-7.802207317104314
881,3,10,-33.95441111203485,67.90882222406971,-16.97720555601742,-16.97720555601743
882,1,784,.000000000000000,.000000000000000,-24.77941287312255,24.77941287312255
882,2,256,-49.55882574624433,99.11765149248866,-41.78460857967022,-7.774217166574095
882,3,10,-34.01039141309533,68.02078282619065,-17.00519570654766,-17.00519570654766
883,1,784,.000000000000000,.000000000000000,-24.77941287312260,24.77941287312260
883,2,256,-49.55882574624428,99.11765149248856,-41.71356273477510,-7.845263011469197
883,3,10,-33.86829972330510,67.73659944661020,-16.93414986165255,-16.93414986165255
884,1,784,.000000000000000,.000000000000000,-24.77941287312256,24.77941287312256
884,2,256,-49.55882574624430,99.11765149248859,-41.77107653832998,-7.787749207914327
884,3,10,-33.98332733041484,67.96665466082968,-16.99166366520742,-16.99166366520741
885,1,784,.000000000000000,.000000000000000,-24.77941287312256,24.77941287312256
885,2,256,-49.55882574624432,99.11765149248865,-41.74759221756324,-7.811233528681106
885,3,10,-33.93635868888130,67.87271737776260,-16.96817934444065,-16.96817934444065
886,1,784,.000000000000000,.000000000000000,-24.77941287312257,24.77941287312257
886,2,256,-49.55882574624428,99.11765149248856,-41.73996833431048,-7.818857411933796
886,3,10,-33.92111092237586,67.84222184475172,-16.96055546118793,-16.96055546118793
887,1,784,.000000000000000,.000000000000000,-24.77941287312258,24.77941287312258
887,2,256,-49.55882574624429,99.11765149248858,-41.76030576637717,-7.798519979867170
887,3,10,-33.96178578650920,67.92357157301839,-16.98089289325459,-16.98089289325460
888,1,784,.000000000000000,.000000000000000,-24.77941287312257,24.77941287312257
888,2,256,-49.55882574624430,99.11765149248860,-41.75453392331201,-7.804291822932321
888,3,10,-33.95024210037885,67.90048420075770,-16.97512105018943,-16.97512105018942
889,1,784,.000000000000000,.000000000000000,-24.77941287312256,24.77941287312256
889,2,256,-49.55882574624432,99.11765149248863,-41.74210177851820,-7.816723967726110
889,3,10,-33.92537781079129,67.85075562158258,-16.96268890539564,-16.96268890539564
890,1,784,.000000000000000,.000000000000000,-24.77941287312257,24.77941287312257
890,2,256,-49.55882574624438,99.11765149248876,-41.68447391986590,-7.874351826378401
890,3,10,-33.81012209348671,67.62024418697342,-16.90506104674336,-16.90506104674336
891,1,784,.000000000000000,.000000000000000,-24.77941287312256,24.77941287312256
891,2,256,-49.55882574624431,99.11765149248862,-41.68235906360282,-7.876466682641484
891,3,10,-33.80589238096051,67.61178476192103,-16.90294619048026,-16.90294619048026
892,1,784,.000000000000000,.000000000000000,-24.77941287312259,24.77941287312259
892,2,256,-49.55882574624431,99.11765149248862,-41.74725650858504,-7.811569237659267
892,3,10,-33.93568727092495,67.87137454184990,-16.96784363546248,-16.96784363546248
893,1,784,.000000000000000,.000000000000000,-24.77941287312257,24.77941287312257
893,2,256,-49.55882574624429,99.11765149248858,-41.72333954300039,-7.835486203243915
893,3,10,-33.88785333975566,67.77570667951132,-16.94392666987783,-16.94392666987783
894,1,784,.000000000000000,.000000000000000,-24.77941287312255,24.77941287312255
894,2,256,-49.55882574624430,99.11765149248859,-41.67361726267827,-7.885208483566057
894,3,10,-33.78840877911139,67.57681755822277,-16.89420438955569,-16.89420438955570
895,1,784,.000000000000000,.000000000000000,-24.77941287312260,24.77941287312260
895,2,256,-49.55882574624428,99.11765149248856,-41.76872837272247,-7.790097373521829
895,3,10,-33.97863099919983,67.95726199839966,-16.98931549959991,-16.98931549959992
896,1,784,.000000000000000,.000000000000000,-24.77941287312259,24.77941287312259
896,2,256,-49.55882574624432,99.11765149248863,-41.71078401796768,-7.848041728276659
896,3,10,-33.86274228969020,67.72548457938041,-16.93137114484509,-16.93137114484510
897,1,784,.000000000000000,.000000000000000,-24.77941287312253,24.77941287312253
897,2,256,-49.55882574624433,99.11765149248866,-41.72783465088250,-7.830991095361790
897,3,10,-33.89684355551990,67.79368711103980,-16.94842177775995,-16.94842177775995
898,1,784,.000000000000000,.000000000000000,-24.77941287312255,24.77941287312255
898,2,256,-49.55882574624432,99.11765149248863,-41.76364059850400,-7.795185147740295
898,3,10,-33.96845545076290,67.93691090152581,-16.98422772538145,-16.98422772538146
899,1,784,.000000000000000,.000000000000000,-24.77941287312257,24.77941287312257
899,2,256,-49.55882574624432,99.11765149248865,-41.71079384160070,-7.848031904643614
899,3,10,-33.86276193695625,67.72552387391251,-16.93138096847813,-16.93138096847813
900,1,784,.000000000000000,.000000000000000,-24.77941287312256,24.77941287312256
900,2,256,-49.55882574624431,99.11765149248862,-41.83998671106480,-7.718839035179468
900,3,10,-34.12114767588458,68.24229535176916,-17.06057383794229,-17.06057383794229
901,1,784,.000000000000000,.000000000000000,-24.77941287312255,24.77941287312255
901,2,256,-49.55882574624426,99.11765149248852,-41.74160705461724,-7.817218691627050
901,3,10,-33.92438836298938,67.84877672597875,-16.96219418149470,-16.96219418149468
902,1,784,.000000000000000,.000000000000000,-24.77941287312255,24.77941287312255
902,2,256,-49.55882574624429,99.11765149248858,-41.73311618450359,-7.825709561740665
902,3,10,-33.90740662276214,67.81481324552428,-16.95370331138107,-16.95370331138106
903,1,784,.000000000000000,.000000000000000,-24.77941287312256,24.77941287312256
903,2,256,-49.55882574624427,99.11765149248853,-41.80045115299911,-7.758374593245208
903,3,10,-34.04207655975306,68.08415311950611,-17.02103827987653,-17.02103827987654
904,1,784,.000000000000000,.000000000000000,-24.77941287312255,24.77941287312255
904,2,256,-49.55882574624430,99.11765149248860,-41.74085849062338,-7.817967255620943
904,3,10,-33.92289123500164,67.84578247000327,-16.96144561750081,-16.96144561750082
905,1,784,.000000000000000,.000000000000000,-24.77941287312257,24.77941287312257
905,2,256,-49.55882574624430,99.11765149248860,-41.76608114593638,-7.792744600307923
905,3,10,-33.97333654562765,67.94667309125531,-16.98666827281382,-16.98666827281383
906,1,784,.000000000000000,.000000000000000,-24.77941287312258,24.77941287312258
906,2,256,-49.55882574624432,99.11765149248865,-41.78445369464988,-7.774372051594439
906,3,10,-34.01008164305465,68.02016328610931,-17.00504082152732,-17.00504082152733
907,1,784,.000000000000000,.000000000000000,-24.77941287312258,24.77941287312258
907,2,256,-49.55882574624430,99.11765149248860,-41.72547634300640,-7.833349403237913
907,3,10,-33.89212693976766,67.78425387953531,-16.94606346988383,-16.94606346988382
908,1,784,.000000000000000,.000000000000000,-24.77941287312256,24.77941287312256
908,2,256,-49.55882574624432,99.11765149248865,-41.73528641920656,-7.823539327037746
908,3,10,-33.91174709216801,67.82349418433601,-16.95587354608400,-16.95587354608400
909,1,784,.000000000000000,.000000000000000,-24.77941287312256,24.77941287312256
909,2,256,-49.55882574624432,99.11765149248865,-41.76067157541586,-7.798154170828460
909,3,10,-33.96251740458659,67.92503480917318,-16.98125870229329,-16.98125870229330
910,1,784,.000000000000000,.000000000000000,-24.77941287312255,24.77941287312255
910,2,256,-49.55882574624429,99.11765149248858,-41.81922785119706,-7.739597895047288
910,3,10,-34.07962995614894,68.15925991229788,-17.03981497807447,-17.03981497807447
911,1,784,.000000000000000,.000000000000000,-24.77941287312257,24.77941287312257
911,2,256,-49.55882574624422,99.11765149248845,-41.66329061935090,-7.895535126893387
911,3,10,-33.76775549245670,67.53551098491340,-16.88387774622835,-16.88387774622835
912,1,784,.000000000000000,.000000000000000,-24.77941287312255,24.77941287312255
912,2,256,-49.55882574624425,99.11765149248851,-41.71600091790177,-7.842824828342508
912,3,10,-33.87317608955843,67.74635217911685,-16.93658804477922,-16.93658804477922
913,1,784,.000000000000000,.000000000000000,-24.77941287312253,24.77941287312253
913,2,256,-49.55882574624432,99.11765149248865,-41.67498165554036,-7.883844090703922
913,3,10,-33.79113756483564,67.58227512967127,-16.89556878241782,-16.89556878241781
914,1,784,.000000000000000,.000000000000000,-24.77941287312258,24.77941287312258
914,2,256,-49.55882574624429,99.11765149248858,-41.73118419465481,-7.827641551589477
914,3,10,-33.90354264306451,67.80708528612902,-16.95177132153227,-16.95177132153226
915,1,784,.000000000000000,.000000000000000,-24.77941287312256,24.77941287312256
915,2,256,-49.55882574624429,99.11765149248858,-41.77786002141328,-7.780965724831055
915,3,10,-33.99689429658139,67.99378859316278,-16.99844714829070,-16.99844714829069
916,1,784,.000000000000000,.000000000000000,-24.77941287312252,24.77941287312252
916,2,256,-49.55882574624433,99.11765149248866,-41.75854481562595,-7.800280930618364
916,3,10,-33.95826388500675,67.91652777001350,-16.97913194250338,-16.97913194250338
917,1,784,.000000000000000,.000000000000000,-24.77941287312258,24.77941287312258
917,2,256,-49.55882574624433,99.11765149248866,-41.84845248278092,-7.710373263463406
917,3,10,-34.13807921931671,68.27615843863342,-17.06903960965835,-17.06903960965835
918,1,784,.000000000000000,.000000000000000,-24.77941287312255,24.77941287312255
918,2,256,-49.55882574624432,99.11765149248865,-41.76865707711056,-7.790168669133759
918,3,10,-33.97848840797599,67.95697681595199,-16.98924420398799,-16.98924420398800
919,1,784,.000000000000000,.000000000000000,-24.77941287312255,24.77941287312255
919,2,256,-49.55882574624432,99.11765149248863,-41.77922912344623,-7.779596622798111
919,3,10,-33.99963250064727,67.99926500129453,-16.99981625032364,-16.99981625032363
920,1,784,.000000000000000,.000000000000000,-24.77941287312255,24.77941287312255
920,2,256,-49.55882574624434,99.11765149248868,-41.71604091973369,-7.842784826510637
920,3,10,-33.87325609322221,67.74651218644442,-16.93662804661111,-16.93662804661110
921,1,784,.000000000000000,.000000000000000,-24.77941287312253,24.77941287312253
921,2,256,-49.55882574624432,99.11765149248865,-41.72762608029952,-7.831199665944780
921,3,10,-33.89642641435394,67.79285282870788,-16.94821320717697,-16.94821320717697
922,1,784,.000000000000000,.000000000000000,-24.77941287312260,24.77941287312260
922,2,256,-49.55882574624432,99.11765149248863,-41.68905373848133,-7.869772007762952
922,3,10,-33.81928173071759,67.63856346143518,-16.90964086535880,-16.90964086535879
923,1,784,.000000000000000,.000000000000000,-24.77941287312257,24.77941287312257
923,2,256,-49.55882574624430,99.11765149248859,-41.79366115399655,-7.765164592247724
923,3,10,-34.02849656174804,68.05699312349607,-17.01424828087402,-17.01424828087401
924,1,784,.000000000000000,.000000000000000,-24.77941287312257,24.77941287312257
924,2,256,-49.55882574624428,99.11765149248856,-41.72236492082733,-7.836460825416979
924,3,10,-33.88590409540954,67.77180819081909,-16.94295204770477,-16.94295204770478
925,1,784,.000000000000000,.000000000000000,-24.77941287312255,24.77941287312255
925,2,256,-49.55882574624428,99.11765149248856,-41.76147992562941,-7.797345820614935
925,3,10,-33.96413410501364,67.92826821002728,-16.98206705250682,-16.98206705250682
926,1,784,.000000000000000,.000000000000000,-24.77941287312258,24.77941287312258
926,2,256,-49.55882574624435,99.11765149248870,-41.73755885224983,-7.821266893994472
926,3,10,-33.91629195825455,67.83258391650911,-16.95814597912727,-16.95814597912728
927,1,784,.000000000000000,.000000000000000,-24.77941287312256,24.77941287312256
927,2,256,-49.55882574624430,99.11765149248859,-41.80869869697043,-7.750127049273857
927,3,10,-34.05857164769576,68.11714329539151,-17.02928582384788,-17.02928582384788
928,1,784,.000000000000000,.000000000000000,-24.77941287312254,24.77941287312254
928,2,256,-49.55882574624433,99.11765149248866,-41.74992078515513,-7.808904961089175
928,3,10,-33.94101582406516,67.88203164813032,-16.97050791203258,-16.97050791203258
929,1,784,.000000000000000,.000000000000000,-24.77941287312256,24.77941287312256
929,2,256,-49.55882574624426,99.11765149248852,-41.74454647083287,-7.814279275411403
929,3,10,-33.93026719542065,67.86053439084129,-16.96513359771033,-16.96513359771032
930,1,784,.000000000000000,.000000000000000,-24.77941287312260,24.77941287312260
930,2,256,-49.55882574624431,99.11765149248862,-41.73502168489389,-7.823804061350426
930,3,10,-33.91121762354264,67.82243524708528,-16.95560881177132,-16.95560881177132
931,1,784,.000000000000000,.000000000000000,-24.77941287312257,24.77941287312257
931,2,256,-49.55882574624428,99.11765149248856,-41.69498299803231,-7.863842748211968
931,3,10,-33.83114024981954,67.66228049963908,-16.91557012490977,-16.91557012490976
932,1,784,.000000000000000,.000000000000000,-24.77941287312258,24.77941287312258
932,2,256,-49.55882574624435,99.11765149248870,-41.80130547653889,-7.757520269705394
932,3,10,-34.04378520683272,68.08757041366543,-17.02189260341636,-17.02189260341636
933,1,784,.000000000000000,.000000000000000,-24.77941287312257,24.77941287312257
933,2,256,-49.55882574624429,99.11765149248858,-41.72486436766436,-7.833961378579939
933,3,10,-33.89090298908361,67.78180597816721,-16.94545149454180,-16.94545149454180
934,1,784,.000000000000000,.000000000000000,-24.77941287312258,24.77941287312258
934,2,256,-49.55882574624427,99.11765149248855,-41.76772229025474,-7.791103455989561
934,3,10,-33.97661883426439,67.95323766852879,-16.98830941713220,-16.98830941713219
935,1,784,.000000000000000,.000000000000000,-24.77941287312255,24.77941287312255
935,2,256,-49.55882574624432,99.11765149248863,-41.85940035861739,-7.699425387626890
935,3,10,-34.15997497098969,68.31994994197939,-17.07998748549485,-17.07998748549484
936,1,784,.000000000000000,.000000000000000,-24.77941287312254,24.77941287312254
936,2,256,-49.55882574624430,99.11765149248859,-41.81878167940113,-7.740044066843184
936,3,10,-34.07873761255716,68.15747522511431,-17.03936880627857,-17.03936880627858
937,1,784,.000000000000000,.000000000000000,-24.77941287312255,24.77941287312255
937,2,256,-49.55882574624430,99.11765149248859,-41.67510596823474,-7.883719778009584
937,3,10,-33.79138619022434,67.58277238044867,-16.89569309511217,-16.89569309511217
938,1,784,.000000000000000,.000000000000000,-24.77941287312255,24.77941287312255
938,2,256,-49.55882574624431,99.11765149248862,-41.81227430464035,-7.746551441603942
938,3,10,-34.06572286303559,68.13144572607118,-17.03286143151779,-17.03286143151779
939,1,784,.000000000000000,.000000000000000,-24.77941287312256,24.77941287312256
939,2,256,-49.55882574624430,99.11765149248860,-41.75866932385746,-7.800156422386841
939,3,10,-33.95851290146982,67.91702580293963,-16.97925645073491,-16.97925645073490
940,1,784,.000000000000000,.000000000000000,-24.77941287312256,24.77941287312256
940,2,256,-49.55882574624427,99.11765149248853,-41.73245398290968,-7.826371763334604
940,3,10,-33.90608221957426,67.81216443914852,-16.95304110978713,-16.95304110978713
941,1,784,.000000000000000,.000000000000000,-24.77941287312255,24.77941287312255
941,2,256,-49.55882574624430,99.11765149248859,-41.74934366647469,-7.809482079769639
941,3,10,-33.93986158670423,67.87972317340845,-16.96993079335212,-16.96993079335211
942,1,784,.000000000000000,.000000000000000,-24.77941287312253,24.77941287312253
942,2,256,-49.55882574624429,99.11765149248858,-41.76778862571467,-7.791037120529617
942,3,10,-33.97675150518425,67.95350301036851,-16.98837575259212,-16.98837575259213
943,1,784,.000000000000000,.000000000000000,-24.77941287312258,24.77941287312258
943,2,256,-49.55882574624430,99.11765149248859,-41.69751545022528,-7.861310296019069
943,3,10,-33.83620515420537,67.67241030841073,-16.91810257710268,-16.91810257710268
944,1,784,.000000000000000,.000000000000000,-24.77941287312258,24.77941287312258
944,2,256,-49.55882574624432,99.11765149248863,-41.70359703951501,-7.855228706729332
944,3,10,-33.84836833278484,67.69673666556967,-16.92418416639242,-16.92418416639241
945,1,784,.000000000000000,.000000000000000,-24.77941287312258,24.77941287312258
945,2,256,-49.55882574624432,99.11765149248863,-41.70608192559263,-7.852743820651676
945,3,10,-33.85333810494014,67.70667620988029,-16.92666905247007,-16.92666905247007
946,1,784,.000000000000000,.000000000000000,-24.77941287312259,24.77941287312259
946,2,256,-49.55882574624429,99.11765149248858,-41.76230067298570,-7.796525073258580
946,3,10,-33.96577559972626,67.93155119945251,-16.98288779986313,-16.98288779986313
947,1,784,.000000000000000,.000000000000000,-24.77941287312255,24.77941287312255
947,2,256,-49.55882574624432,99.11765149248863,-41.72259412213620,-7.836231624108136
947,3,10,-33.88636249802720,67.77272499605441,-16.94318124901361,-16.94318124901361
948,1,784,.000000000000000,.000000000000000,-24.77941287312257,24.77941287312257
948,2,256,-49.55882574624428,99.11765149248856,-41.81042477007753,-7.748400976166796
948,3,10,-34.06202379390991,68.12404758781982,-17.03101189695495,-17.03101189695495
949,1,784,.000000000000000,.000000000000000,-24.77941287312258,24.77941287312258
949,2,256,-49.55882574624432,99.11765149248865,-41.74874436768807,-7.810081378556278
949,3,10,-33.93866298913095,67.87732597826189,-16.96933149456547,-16.96933149456548
950,1,784,.000000000000000,.000000000000000,-24.77941287312256,24.77941287312256
950,2,256,-49.55882574624431,99.11765149248862,-41.71762145989938,-7.841204286344933
950,3,10,-33.87641717355361,67.75283434710721,-16.93820858677681,-16.93820858677681
951,1,784,.000000000000000,.000000000000000,-24.77941287312258,24.77941287312258
951,2,256,-49.55882574624434,99.11765149248868,-41.82273277114726,-7.736092975097048
951,3,10,-34.08663979604938,68.17327959209877,-17.04331989802469,-17.04331989802468
952,1,784,.000000000000000,.000000000000000,-24.77941287312258,24.77941287312258
952,2,256,-49.55882574624430,99.11765149248860,-41.75218885871332,-7.806636887530994
952,3,10,-33.94555197118153,67.89110394236306,-16.97277598559076,-16.97277598559076
953,1,784,.000000000000000,.000000000000000,-24.77941287312260,24.77941287312260
953,2,256,-49.55882574624428,99.11765149248856,-41.77108699038514,-7.787738755859153
953,3,10,-33.98334823452519,67.96669646905038,-16.99167411726259,-16.99167411726260
954,1,784,.000000000000000,.000000000000000,-24.77941287312256,24.77941287312256
954,2,256,-49.55882574624433,99.11765149248866,-41.73623304384439,-7.822592702399930
954,3,10,-33.91364034144362,67.82728068288725,-16.95682017072181,-16.95682017072182
955,1,784,.000000000000000,.000000000000000,-24.77941287312258,24.77941287312258
955,2,256,-49.55882574624432,99.11765149248863,-41.67519539122419,-7.883630355020092
955,3,10,-33.79156503620329,67.58313007240658,-16.89578251810164,-16.89578251810164
956,1,784,.000000000000000,.000000000000000,-24.77941287312257,24.77941287312257
956,2,256,-49.55882574624430,99.11765149248859,-41.70777480059876,-7.851050945645508
956,3,10,-33.85672385495246,67.71344770990491,-16.92836192747623,-16.92836192747623
957,1,784,.000000000000000,.000000000000000,-24.77941287312257,24.77941287312257
957,2,256,-49.55882574624430,99.11765149248859,-41.74831442059523,-7.810511325649075
957,3,10,-33.93780309494528,67.87560618989056,-16.96890154747264,-16.96890154747264
958,1,784,.000000000000000,.000000000000000,-24.77941287312255,24.77941287312255
958,2,256,-49.55882574624425,99.11765149248849,-41.84659313973773,-7.712232606506584
958,3,10,-34.13436053323031,68.26872106646061,-17.06718026661515,-17.06718026661516
959,1,784,.000000000000000,.000000000000000,-24.77941287312257,24.77941287312257
959,2,256,-49.55882574624431,99.11765149248862,-41.74479711520213,-7.814028631042141
959,3,10,-33.93076848415921,67.86153696831842,-16.96538424207960,-16.96538424207960
960,1,784,.000000000000000,.000000000000000,-24.77941287312258,24.77941287312258
960,2,256,-49.55882574624431,99.11765149248862,-41.78631000892052,-7.772515737323829
960,3,10,-34.01379427159581,68.02758854319163,-17.00689713579791,-17.00689713579790
961,1,784,.000000000000000,.000000000000000,-24.77941287312253,24.77941287312253
961,2,256,-49.55882574624431,99.11765149248862,-41.78680425471592,-7.772021491528432
961,3,10,-34.01478276318667,68.02956552637333,-17.00739138159333,-17.00739138159334
962,1,784,.000000000000000,.000000000000000,-24.77941287312256,24.77941287312256
962,2,256,-49.55882574624429,99.11765149248858,-41.69669656872039,-7.862129177523924
962,3,10,-33.83456739119563,67.66913478239125,-16.91728369559782,-16.91728369559781
963,1,784,.000000000000000,.000000000000000,-24.77941287312256,24.77941287312256
963,2,256,-49.55882574624432,99.11765149248863,-41.71389083475199,-7.844934911492305
963,3,10,-33.86895592325888,67.73791184651776,-16.93447796162944,-16.93447796162944
964,1,784,.000000000000000,.000000000000000,-24.77941287312258,24.77941287312258
964,2,256,-49.55882574624430,99.11765149248859,-41.77636599339689,-7.782459752847390
964,3,10,-33.99390624054868,67.98781248109735,-16.99695312027434,-16.99695312027433
965,1,784,.000000000000000,.000000000000000,-24.77941287312260,24.77941287312260
965,2,256,-49.55882574624432,99.11765149248863,-41.75645422828010,-7.802371517964206
965,3,10,-33.95408271031509,67.90816542063018,-16.97704135515754,-16.97704135515755
966,1,784,.000000000000000,.000000000000000,-24.77941287312253,24.77941287312253
966,2,256,-49.55882574624432,99.11765149248865,-41.78434246691501,-7.774483279329309
966,3,10,-34.00985918758487,68.01971837516975,-17.00492959379244,-17.00492959379244
967,1,784,.000000000000000,.000000000000000,-24.77941287312258,24.77941287312258
967,2,256,-49.55882574624430,99.11765149248860,-41.77377711043302,-7.785048635811297
967,3,10,-33.98872847462091,67.97745694924181,-16.99436423731046,-16.99436423731045
968,1,784,.000000000000000,.000000000000000,-24.77941287312255,24.77941287312255
968,2,256,-49.55882574624435,99.11765149248870,-41.76182437815129,-7.797001368093039
968,3,10,-33.96482301005742,67.92964602011484,-16.98241150502871,-16.98241150502871
969,1,784,.000000000000000,.000000000000000,-24.77941287312258,24.77941287312258
969,2,256,-49.55882574624435,99.11765149248870,-41.74322592235689,-7.815599823887427
969,3,10,-33.92762609846863,67.85525219693726,-16.96381304923432,-16.96381304923431
970,1,784,.000000000000000,.000000000000000,-24.77941287312258,24.77941287312258
970,2,256,-49.55882574624431,99.11765149248862,-41.72386938155067,-7.834956364693634
970,3,10,-33.88891301685621,67.77782603371242,-16.94445650842810,-16.94445650842810
971,1,784,.000000000000000,.000000000000000,-24.77941287312253,24.77941287312253
971,2,256,-49.55882574624432,99.11765149248865,-41.78520177360977,-7.773623972634537
971,3,10,-34.01157780097441,68.02315560194883,-17.00578890048721,-17.00578890048721
972,1,784,.000000000000000,.000000000000000,-24.77941287312254,24.77941287312254
972,2,256,-49.55882574624431,99.11765149248862,-41.74404376449775,-7.814781981746538
972,3,10,-33.92926178275039,67.85852356550079,-16.96463089137519,-16.96463089137519
973,1,784,.000000000000000,.000000000000000,-24.77941287312256,24.77941287312256
973,2,256,-49.55882574624431,99.11765149248862,-41.73173652425196,-7.827089221992360
973,3,10,-33.90464730225877,67.80929460451753,-16.95232365112939,-16.95232365112938
974,1,784,.000000000000000,.000000000000000,-24.77941287312256,24.77941287312256
974,2,256,-49.55882574624435,99.11765149248869,-41.73022990266747,-7.828595843576844
974,3,10,-33.90163405908979,67.80326811817959,-16.95081702954490,-16.95081702954489
975,1,784,.000000000000000,.000000000000000,-24.77941287312260,24.77941287312260
975,2,256,-49.55882574624433,99.11765149248866,-41.78263509125934,-7.776190654984989
975,3,10,-34.00644443627351,68.01288887254702,-17.00322221813676,-17.00322221813676
976,1,784,.000000000000000,.000000000000000,-24.77941287312256,24.77941287312256
976,2,256,-49.55882574624430,99.11765149248860,-41.79924198853497,-7.759583757709339
976,3,10,-34.03965823082480,68.07931646164960,-17.01982911541240,-17.01982911541240
977,1,784,.000000000000000,.000000000000000,-24.77941287312256,24.77941287312256
977,2,256,-49.55882574624430,99.11765149248859,-41.74851741482608,-7.810308331418241
977,3,10,-33.93820908340700,67.87641816681401,-16.96910454170350,-16.96910454170350
978,1,784,.000000000000000,.000000000000000,-24.77941287312257,24.77941287312257
978,2,256,-49.55882574624430,99.11765149248859,-41.66943677966701,-7.889388966577323
978,3,10,-33.78004781308886,67.56009562617771,-16.89002390654442,-16.89002390654443
979,1,784,.000000000000000,.000000000000000,-24.77941287312256,24.77941287312256
979,2,256,-49.55882574624432,99.11765149248863,-41.77300373920849,-7.785822007035843
979,3,10,-33.98718173217181,67.97436346434363,-16.99359086608591,-16.99359086608591
980,1,784,.000000000000000,.000000000000000,-24.77941287312260,24.77941287312260
980,2,256,-49.55882574624431,99.11765149248862,-41.78070206386089,-7.778123682383432
980,3,10,-34.00257838147662,68.00515676295325,-17.00128919073831,-17.00128919073831
981,1,784,.000000000000000,.000000000000000,-24.77941287312255,24.77941287312255
981,2,256,-49.55882574624429,99.11765149248858,-41.70979516446310,-7.849030581781228
981,3,10,-33.86076458268103,67.72152916536206,-16.93038229134051,-16.93038229134052
982,1,784,.000000000000000,.000000000000000,-24.77941287312258,24.77941287312258
982,2,256,-49.55882574624432,99.11765149248865,-41.79149573113821,-7.767330015106116
982,3,10,-34.02416571603126,68.04833143206253,-17.01208285801563,-17.01208285801563
983,1,784,.000000000000000,.000000000000000,-24.77941287312256,24.77941287312256
983,2,256,-49.55882574624430,99.11765149248859,-41.77748180707635,-7.781343939168008
983,3,10,-33.99613786790751,67.99227573581501,-16.99806893395375,-16.99806893395375
984,1,784,.000000000000000,.000000000000000,-24.77941287312256,24.77941287312256
984,2,256,-49.55882574624432,99.11765149248863,-41.77630650091537,-7.782519245328970
984,3,10,-33.99378725558557,67.98757451117115,-16.99689362779279,-16.99689362779278
985,1,784,.000000000000000,.000000000000000,-24.77941287312253,24.77941287312253
985,2,256,-49.55882574624428,99.11765149248856,-41.71641989613734,-7.842405850106967
985,3,10,-33.87401404602952,67.74802809205904,-16.93700702301476,-16.93700702301476
986,1,784,.000000000000000,.000000000000000,-24.77941287312258,24.77941287312258
986,2,256,-49.55882574624433,99.11765149248866,-41.70374747883186,-7.855078267412456
986,3,10,-33.84866921141858,67.69733842283716,-16.92433460570929,-16.92433460570929
987,1,784,.000000000000000,.000000000000000,-24.77941287312253,24.77941287312253
987,2,256,-49.55882574624435,99.11765149248869,-41.77211189159033,-7.786713854654039
987,3,10,-33.98539803693545,67.97079607387090,-16.99269901846772,-16.99269901846773
988,1,784,.000000000000000,.000000000000000,-24.77941287312256,24.77941287312256
988,2,256,-49.55882574624428,99.11765149248856,-41.75600926107393,-7.802816485170387
988,3,10,-33.95319277590273,67.90638555180546,-16.97659638795136,-16.97659638795136
989,1,784,.000000000000000,.000000000000000,-24.77941287312258,24.77941287312258
989,2,256,-49.55882574624436,99.11765149248872,-41.75635334727016,-7.802472398974163
989,3,10,-33.95388094829521,67.90776189659042,-16.97694047414760,-16.97694047414760
990,1,784,.000000000000000,.000000000000000,-24.77941287312255,24.77941287312255
990,2,256,-49.55882574624428,99.11765149248856,-41.77576635964069,-7.783059386603652
990,3,10,-33.99270697303620,67.98541394607240,-16.99635348651810,-16.99635348651810
991,1,784,.000000000000000,.000000000000000,-24.77941287312257,24.77941287312257
991,2,256,-49.55882574624430,99.11765149248860,-41.80016981724698,-7.758655928997322
991,3,10,-34.04151388824882,68.08302777649764,-17.02075694412441,-17.02075694412441
992,1,784,.000000000000000,.000000000000000,-24.77941287312256,24.77941287312256
992,2,256,-49.55882574624428,99.11765149248856,-41.71780857972328,-7.841017166521039
992,3,10,-33.87679141320142,67.75358282640283,-16.93839570660071,-16.93839570660070
993,1,784,.000000000000000,.000000000000000,-24.77941287312259,24.77941287312259
993,2,256,-49.55882574624433,99.11765149248866,-41.79667991160129,-7.762145834643049
993,3,10,-34.03453407695743,68.06906815391486,-17.01726703847871,-17.01726703847872
994,1,784,.000000000000000,.000000000000000,-24.77941287312256,24.77941287312256
994,2,256,-49.55882574624427,99.11765149248855,-41.75162539107284,-7.807200355171477
994,3,10,-33.94442503590053,67.88885007180106,-16.97221251795027,-16.97221251795026
995,1,784,.000000000000000,.000000000000000,-24.77941287312257,24.77941287312257
995,2,256,-49.55882574624433,99.11765149248866,-41.71433906749392,-7.844486678750396
995,3,10,-33.86985238874271,67.73970477748541,-16.93492619437136,-16.93492619437135
996,1,784,.000000000000000,.000000000000000,-24.77941287312256,24.77941287312256
996,2,256,-49.55882574624433,99.11765149248866,-41.71205889863469,-7.846766847609631
996,3,10,-33.86529205102424,67.73058410204848,-16.93264602551212,-16.93264602551212
997,1,784,.000000000000000,.000000000000000,-24.77941287312256,24.77941287312256
997,2,256,-49.55882574624435,99.11765149248869,-41.72290061200310,-7.835925134241209
997,3,10,-33.88697547776109,67.77395095552218,-16.94348773888054,-16.94348773888055
998,1,784,.000000000000000,.000000000000000,-24.77941287312257,24.77941287312257
998,2,256,-49.55882574624428,99.11765149248856,-41.71080589178194,-7.848019854462384
998,3,10,-33.86278603731872,67.72557207463744,-16.93139301865937,-16.93139301865936
999,1,784,.000000000000000,.000000000000000,-24.77941287312258,24.77941287312258
999,2,256,-49.55882574624430,99.11765149248859,-41.76529749019387,-7.793528256050441
999,3,10,-33.97176923414258,67.94353846828515,-16.98588461707129,-16.98588461707129
1000,1,784,.000000000000000,.000000000000000,-24.77941287312258,24.77941287312258
1000,2,256,-49.55882574624428,99.11765149248856,-41.76938294059039,-7.789442805653938
1000,3,10,-33.97994013493560,67.95988026987119,-16.98997006746780,-16.98997006746779
