shuffle_id,max_real_part,total_entropy,total_heat,total_work,total_internal
1,-1.000000000000000,11675.26120608879,-583.7630603044397,-583.7630603044398,.2659357346693810E-13
2,-1.000000000000000,11910.42118895488,-595.5210594477437,-595.5210594477436,-.8060219158778636E-13
3,-1.000000000000000,11631.33940448962,-581.5669702244810,-581.5669702244807,-.2490027498427971E-13
4,-1.000000000000000,11765.19691575428,-588.2598457877141,-588.2598457877141,-.4538036613155327E-13
5,-1.000000000000000,12378.81120099283,-618.9405600496416,-618.9405600496418,.8072123698632527E-13
6,-1.000000000000000,13857.26393941698,-692.8631969708491,-692.8631969708495,-.4772571227107392E-13
7,-1.000000000000000,12859.06607155940,-642.9533035779701,-642.9533035779704,.2886727501868113E-13
8,-1.000000000000000,11762.30599594295,-588.1152997971471,-588.1152997971473,-.1190714193910480E-13
9,-1.000000000000000,12017.71055496457,-600.8855277482286,-600.8855277482286,.1629169347171222E-12
10,-1.000000000000000,12327.26910862950,-616.3634554314754,-616.3634554314752,.1790234627208065E-13
11,-1.000000000000000,12236.91241738634,-611.8456208693170,-611.8456208693169,-.3546295201939387E-13
12,-1.000000000000000,11948.40645557886,-597.4203227789430,-597.4203227789433,.4191091917959966E-13
13,-1.000000000000000,11609.89001475632,-580.4945007378159,-580.4945007378158,-.5662137425588298E-13
14,-1.000000000000000,11807.21241016965,-590.3606205084825,-590.3606205084822,-.9382772336863354E-13
15,-1.000000000000000,11806.90338970555,-590.3451694852776,-590.3451694852776,-.8812395257962180E-15
16,-1.000000000000000,11716.95148112273,-585.8475740561365,-585.8475740561363,-.8556219968647305E-13
17,-1.000000000000000,12221.92557632163,-611.0962788160813,-611.0962788160812,-.1356867634742798E-12
18,-1.000000000000000,12115.88935304245,-605.7944676521228,-605.7944676521228,-.4699014885967828E-13
19,-1.000000000000000,12160.59712792173,-608.0298563960863,-608.0298563960863,.2901845430614003E-13
20,-1.000000000000000,13280.91277847398,-664.0456389236991,-664.0456389236991,-.2318145675417327E-12
21,-1.000000000000000,12377.13067257963,-618.8565336289818,-618.8565336289817,-.3725839081702986E-13
22,-1.000000000000000,11799.11751915190,-589.9558759575950,-589.9558759575953,.1559107440455556E-12
23,-1.000000000000000,11805.69864366423,-590.2849321832115,-590.2849321832115,-.1085399131683928E-12
24,-1.000000000000000,12188.89576779514,-609.4447883897570,-609.4447883897572,-.4626941191299139E-13
25,-1.000000000000000,12205.43314603977,-610.2716573019887,-610.2716573019887,-.6548147440943453E-14
26,-1.000000000000000,12133.08552678314,-606.6542763391571,-606.6542763391570,-.1001421168211891E-12
27,-1.000000000000000,12393.78512270427,-619.6892561352132,-619.6892561352137,.1879243288760435E-12
28,-1.000000000000000,11637.49418533996,-581.8747092669980,-581.8747092669979,-.8923417560424696E-14
29,-1.000000000000000,11805.85057466269,-590.2925287331344,-590.2925287331343,.1280417286954327E-12
30,-1.000000000000000,12183.06375402611,-609.1531877013055,-609.1531877013056,.8570921750106208E-13
31,-1.000000000000000,11848.35483707992,-592.4177418539964,-592.4177418539961,-.9434857409229558E-13
32,-1.000000000000000,12724.20614350976,-636.2103071754880,-636.2103071754881,.5329070518200751E-13
33,-1.000000000000000,12167.45274681575,-608.3726373407876,-608.3726373407875,.5756593118855236E-13
34,-1.000000000000000,12233.93521476440,-611.6967607382198,-611.6967607382202,.1713473113396091E-13
35,-1.000000000000000,12110.75160364522,-605.5375801822612,-605.5375801822612,.7966977771944883E-13
36,-1.000000000000000,11795.55404952211,-589.7777024761051,-589.7777024761051,.5628050109285354E-13
37,-1.000000000000000,11998.81217787978,-599.9406088939892,-599.9406088939893,.7871481244592360E-13
38,-1.000000000000000,12130.90546109533,-606.5452730547664,-606.5452730547668,.6539831610280489E-13
39,-1.000000000000000,11535.03805093198,-576.7519025465994,-576.7519025465995,.1005708035839263E-12
40,-1.000000000000000,12310.83161217916,-615.5415806089577,-615.5415806089578,-.8604228440844963E-13
41,-1.000000000000000,12283.67205414724,-614.1836027073617,-614.1836027073617,-.6300624084965012E-13
42,-1.000000000000000,11909.22888314226,-595.4614441571134,-595.4614441571134,-.1287858708565182E-13
43,-1.000000000000000,12158.29892746210,-607.9149463731050,-607.9149463731048,-.4347563975493074E-13
44,-1.000000000000000,11955.43201868544,-597.7716009342719,-597.7716009342721,-.2394369696002291E-13
45,-1.000000000000000,11472.90738675059,-573.6453693375294,-573.6453693375294,-.1286363559888006E-12
46,-1.000000000000000,11896.29862791687,-594.8149313958437,-594.8149313958434,-.2452157671795768E-13
47,-1.000000000000000,11754.06664995851,-587.7033324979259,-587.7033324979258,.1337450878264321E-13
48,-1.000000000000000,11719.38242324007,-585.9691211620037,-585.9691211620037,.8170310402625530E-14
49,-1.000000000000000,12076.97614712606,-603.8488073563032,-603.8488073563034,.8747776808482044E-14
50,-1.000000000000000,11797.47019293888,-589.8735096469444,-589.8735096469446,.8213568714054986E-13
51,-1.000000000000000,12018.67251375064,-600.9336256875323,-600.9336256875321,.1117462242530842E-12
52,-1.000000000000000,11356.70896001063,-567.8354480005316,-567.8354480005319,.1781257433219885E-13
53,-1.000000000000000,11293.07212747411,-564.6536063737057,-564.6536063737052,-.6159135701455654E-13
54,-1.000000000000000,12123.66131977733,-606.1830659888662,-606.1830659888665,-.3708144902248023E-13
55,-1.000000000000000,12287.67245507569,-614.3836227537846,-614.3836227537846,-.1056984361147428E-12
56,-1.000000000000000,12547.04030087194,-627.3520150435970,-627.3520150435971,.7682743330406083E-13
57,-1.000000000000000,11942.85947186316,-597.1429735931583,-597.1429735931582,.6532393983377238E-13
58,-1.000000000000000,11849.76925102930,-592.4884625514654,-592.4884625514651,-.2351080484810919E-12
59,-1.000000000000000,11757.47632020131,-587.8738160100653,-587.8738160100653,-.3619327060278010E-13
60,-1.000000000000000,11294.70949298860,-564.7354746494301,-564.7354746494301,.6363407861081395E-14
61,-1.000000000000000,12117.21044946280,-605.8605224731401,-605.8605224731399,-.4162729189127745E-13
62,-1.000000000000000,13219.85690528683,-660.9928452643413,-660.9928452643419,.2382538610845586E-12
63,-1.000000000000000,11949.24029904151,-597.4620149520755,-597.4620149520756,.1908334601452566E-12
64,-1.000000000000000,13239.47520928027,-661.9737604640137,-661.9737604640138,-.9409140133698202E-13
65,-1.000000000000000,11652.84191689153,-582.6420958445763,-582.6420958445766,-.8427189068099805E-13
66,-1.000000000000000,12135.76664368019,-606.7883321840096,-606.7883321840096,-.8174624172019307E-13
67,-1.000000000000000,11898.53907620862,-594.9269538104310,-594.9269538104309,.5374607009445143E-13
68,-1.000000000000000,11672.74749915821,-583.6373749579105,-583.6373749579105,.2284552890830308E-13
69,-1.000000000000000,11410.46130521185,-570.5230652605924,-570.5230652605924,.2282896094385478E-13
70,-1.000000000000000,11548.77712564424,-577.4388562822123,-577.4388562822122,.1127570259384925E-12
71,-1.000000000000000,12095.45305919752,-604.7726529598758,-604.7726529598757,.1026895582456611E-12
72,-1.000000000000000,13087.45784147267,-654.3728920736336,-654.3728920736336,.9356751484723702E-13
73,-1.000000000000000,11690.18573982457,-584.5092869912286,-584.5092869912280,-.2639978215418851E-12
74,-1.000000000000000,12451.77383276736,-622.5886916383682,-622.5886916383682,-.9577061366172757E-13
75,-1.000000000000000,13598.52591937012,-679.9262959685059,-679.9262959685059,.6949996134153480E-13
76,-1.000000000000000,11647.43752568997,-582.3718762844986,-582.3718762844987,.2951024841157945E-13
77,-1.000000000000000,12586.24650760195,-629.3123253800976,-629.3123253800977,-.3451926244846248E-13
78,-1.000000000000000,13339.23635495257,-666.9618177476284,-666.9618177476284,.3969047313034935E-13
79,-1.000000000000000,12608.28975807424,-630.4144879037120,-630.4144879037124,.2425837308805967E-12
80,-1.000000000000000,13436.01840390991,-671.8009201954956,-671.8009201954956,.7202350966063059E-13
81,-1.000000000000000,12304.09188783002,-615.2045943915009,-615.2045943915009,-.1568190022283034E-12
82,-1.000000000000000,12083.36136135328,-604.1680680676639,-604.1680680676639,.6456987722280871E-13
83,-1.000000000000000,11971.85715192389,-598.5928575961949,-598.5928575961949,.3330669073875470E-15
84,-1.000000000000000,11875.42557770468,-593.7712788852340,-593.7712788852340,-.1165601903191371E-12
85,-1.000000000000000,12122.18118003394,-606.1090590016973,-606.1090590016976,-.3492823367231938E-14
86,-1.000000000000000,11290.00941883611,-564.5004709418055,-564.5004709418054,-.1603877493937624E-12
87,-1.000000000000000,11516.49955466464,-575.8249777332319,-575.8249777332321,.9397416350675255E-13
88,-1.000000000000000,11996.06437798559,-599.8032188992800,-599.8032188992801,.2274404622970572E-12
89,-1.000000000000000,11534.27633829501,-576.7138169147507,-576.7138169147509,.1454669718015111E-12
90,-1.000000000000000,12254.68461634708,-612.7342308173537,-612.7342308173535,-.6720505431995726E-13
91,-1.000000000000000,12018.77979084606,-600.9389895423030,-600.9389895423029,-.6591949208711867E-13
92,-1.000000000000000,11932.85351221524,-596.6426756107620,-596.6426756107622,-.8252467177498335E-13
93,-1.000000000000000,11776.96078638638,-588.8480393193190,-588.8480393193190,.4007192467726643E-13
94,-1.000000000000000,12884.68009640121,-644.2340048200608,-644.2340048200606,.2106651196193197E-14
95,-1.000000000000000,12100.05064086658,-605.0025320433285,-605.0025320433288,.1162024036022169E-12
96,-1.000000000000000,11451.15122741715,-572.5575613708575,-572.5575613708571,-.1289472001397840E-12
97,-1.000000000000000,11838.31054579685,-591.9155272898427,-591.9155272898424,-.6242228955954943E-13
98,-1.000000000000000,12002.20914956256,-600.1104574781282,-600.1104574781282,-.7313420702370621E-13
99,-1.000000000000000,12461.97181427326,-623.0985907136629,-623.0985907136630,.1479372180313021E-13
100,-1.000000000000000,11936.22832313324,-596.8114161566622,-596.8114161566619,-.1898481372109018E-13
101,-1.000000000000000,11936.35079560509,-596.8175397802544,-596.8175397802546,.7541189894766376E-13
102,-1.000000000000000,12728.48336667058,-636.4241683335288,-636.4241683335287,.1421085471520200E-13
103,-1.000000000000000,12701.54910805689,-635.0774554028444,-635.0774554028445,.1117370085346181E-12
104,-1.000000000000000,13146.30001801394,-657.3150009006972,-657.3150009006971,.1931788062847772E-13
105,-1.000000000000000,12857.05613332483,-642.8528066662416,-642.8528066662416,-.3042388377123460E-13
106,-1.000000000000000,12030.28047754608,-601.5140238773040,-601.5140238773039,-.1225686219186173E-12
107,-1.000000000000000,12592.86365981204,-629.6431829906020,-629.6431829906023,.7050436623412537E-13
108,-1.000000000000000,12097.45131649763,-604.8725658248818,-604.8725658248816,-.8664892199373487E-13
109,-1.000000000000000,12159.76081441291,-607.9880407206456,-607.9880407206457,-.8469960843804358E-13
110,-1.000000000000000,12398.67352960759,-619.9336764803794,-619.9336764803797,.1488391908060647E-12
111,-1.000000000000000,12316.34234459967,-615.8171172299839,-615.8171172299836,-.8222589276130066E-13
112,-1.000000000000000,12144.62998398451,-607.2314991992257,-607.2314991992258,-.5775935285612377E-13
113,-1.000000000000000,11950.99167617565,-597.5495838087824,-597.5495838087827,-.1142558270217364E-12
114,-1.000000000000000,11793.15997172276,-589.6579985861380,-589.6579985861379,-.7939368563622540E-14
115,-1.000000000000000,11802.08876480688,-590.1044382403443,-590.1044382403441,-.9184138367347716E-13
116,-1.000000000000000,11773.49074203264,-588.6745371016319,-588.6745371016322,.3924291447354733E-13
117,-1.000000000000000,11604.33643910831,-580.2168219554152,-580.2168219554154,-.2968025131222518E-13
118,-1.000000000000000,12181.97441001440,-609.0987205007199,-609.0987205007201,.1819603495656352E-12
119,-1.000000000000000,11822.27189003882,-591.1135945019411,-591.1135945019411,-.1965094753586527E-13
120,-1.000000000000000,11576.06341572762,-578.8031707863810,-578.8031707863811,-.8678669762007818E-13
121,-1.000000000000000,11598.75792858143,-579.9378964290714,-579.9378964290714,.4127398004941758E-13
122,-1.000000000000000,12681.93270388538,-634.0966351942692,-634.0966351942691,.2374709044856982E-13
123,-1.000000000000000,12052.88809596853,-602.6444047984263,-602.6444047984264,.1278473854560147E-12
124,-1.000000000000000,11893.84657227235,-594.6923286136177,-594.6923286136176,-.2656902475806078E-13
125,-1.000000000000000,13362.82588468928,-668.1412942344639,-668.1412942344638,-.7557149350745362E-13
126,-1.000000000000000,13572.81988570482,-678.6409942852412,-678.6409942852413,-.2468148552697098E-13
127,-1.000000000000000,11973.01336487468,-598.6506682437339,-598.6506682437338,.1067631446709802E-12
128,-1.000000000000000,11977.88967868780,-598.8944839343901,-598.8944839343905,.1111333247649782E-12
129,-1.000000000000000,12751.92909160784,-637.5964545803922,-637.5964545803921,-.6332261104358139E-13
130,-1.000000000000000,12111.71384427660,-605.5856922138303,-605.5856922138300,-.1190575416032402E-12
131,-1.000000000000000,11795.10091028765,-589.7550455143823,-589.7550455143823,.7703229330455197E-13
132,-1.000000000000000,12017.71960814620,-600.8859804073098,-600.8859804073098,.2080445733222691E-13
133,-1.000000000000000,12199.72424101581,-609.9862120507906,-609.9862120507906,.2309263891220326E-13
134,-1.000000000000000,12188.43891142990,-609.4219455714950,-609.4219455714949,.4027745536903311E-13
135,-1.000000000000000,11699.88614031873,-584.9943070159366,-584.9943070159362,-.6791811037187845E-13
136,-1.000000000000000,12948.55205788665,-647.4276028943328,-647.4276028943328,-.1207597390140425E-12
137,-1.000000000000000,11668.28802738496,-583.4144013692483,-583.4144013692480,.2812192752971177E-13
138,-1.000000000000000,11779.27245147439,-588.9636225737197,-588.9636225737196,-.7239694954641607E-13
139,-1.000000000000000,11710.54501529189,-585.5272507645943,-585.5272507645944,.1627257356640044E-12
140,-1.000000000000000,12522.50401824257,-626.1252009121281,-626.1252009121282,-.9795186580244253E-13
141,-1.000000000000000,11838.94873033387,-591.9474365166936,-591.9474365166936,-.1397504415861146E-12
142,-1.000000000000000,12421.66779216326,-621.0833896081632,-621.0833896081633,-.6119265521815215E-13
143,-1.000000000000000,14409.07809376042,-720.4539046880211,-720.4539046880213,.1124100812432971E-14
144,-1.000000000000000,13425.97320396017,-671.2986601980086,-671.2986601980084,.1958572193316854E-12
145,-1.000000000000000,12140.34639724167,-607.0173198620836,-607.0173198620837,-.2505539382197629E-13
146,-1.000000000000000,11593.79318375148,-579.6896591875739,-579.6896591875739,.2019326546254252E-13
147,-1.000000000000000,12469.41218831727,-623.4706094158635,-623.4706094158634,-.3373256535210700E-13
148,-1.000000000000000,11367.73920668138,-568.3869603340690,-568.3869603340690,.3447242491461111E-13
149,-1.000000000000000,12716.12501828149,-635.8062509140746,-635.8062509140746,.2971581314348271E-13
150,-1.000000000000000,11807.48884257868,-590.3744421289340,-590.3744421289341,.2442490654175344E-14
151,-1.000000000000000,12709.34673387406,-635.4673366937029,-635.4673366937031,.3562710022830817E-13
152,-1.000000000000000,11440.98734303710,-572.0493671518550,-572.0493671518549,-.1197464707686918E-13
153,-1.000000000000000,11973.29654471259,-598.6648272356297,-598.6648272356297,-.9819922652809510E-13
154,-1.000000000000000,11281.75385125372,-564.0876925626864,-564.0876925626862,.1378064329315976E-13
155,-1.000000000000000,12070.14053160516,-603.5070265802580,-603.5070265802583,.1783638883291749E-12
156,-1.000000000000000,12401.65576119334,-620.0827880596669,-620.0827880596669,.3191891195797325E-14
157,-1.000000000000000,11590.48469765872,-579.5242348829360,-579.5242348829362,.2427658768455743E-13
158,-1.000000000000000,11810.71135475435,-590.5355677377177,-590.5355677377175,.5737023269641872E-13
159,-1.000000000000000,12365.95733892274,-618.2978669461372,-618.2978669461370,.5302702721365904E-13
160,-1.000000000000000,11769.06608098244,-588.4533040491219,-588.4533040491218,-.1095512569548873E-12
161,-1.000000000000000,11366.24281425906,-568.3121407129532,-568.3121407129534,.1462718834943644E-13
162,-1.000000000000000,12329.70424860804,-616.4852124304019,-616.4852124304020,-.7549516567451064E-13
163,-1.000000000000000,12232.48361858379,-611.6241809291892,-611.6241809291892,.5727453745513677E-13
164,-1.000000000000000,11847.00063452756,-592.3500317263780,-592.3500317263779,.2364775042451583E-13
165,-1.000000000000000,12905.71230171222,-645.2856150856113,-645.2856150856114,.8756884106730922E-14
166,-1.000000000000000,11849.68399546216,-592.4841997731078,-592.4841997731078,-.7167530458040972E-13
167,-1.000000000000000,11801.79337768647,-590.0896688843235,-590.0896688843236,-.7142537903899286E-13
168,-1.000000000000000,12109.90851059777,-605.4954255298885,-605.4954255298886,.3512164517549543E-13
169,-1.000000000000000,12044.02334266822,-602.2011671334110,-602.2011671334111,.6632693526353872E-13
170,-1.000000000000000,11664.78795867059,-583.2393979335300,-583.2393979335300,-.2245426067304379E-13
171,-1.000000000000000,11425.52760836827,-571.2763804184133,-571.2763804184136,-.5661530272371706E-13
172,-1.000000000000000,11778.93874379013,-588.9469371895066,-588.9469371895068,.1692569695510571E-12
173,-1.000000000000000,11536.40261605935,-576.8201308029675,-576.8201308029672,-.7926753871345671E-13
174,-1.000000000000000,12964.88507758939,-648.2442538794694,-648.2442538794694,-.1468550758429443E-12
175,-1.000000000000000,13748.87389538700,-687.4436947693499,-687.4436947693503,.1727507026316744E-12
176,-1.000000000000000,11564.13494927611,-578.2067474638058,-578.2067474638056,.6850076061937216E-13
177,-1.000000000000000,11734.27923024624,-586.7139615123122,-586.7139615123119,-.1365574320288943E-12
178,-1.000000000000000,11992.38672271564,-599.6193361357821,-599.6193361357820,-.1860211745925711E-13
179,-1.000000000000000,11706.68757002873,-585.3343785014366,-585.3343785014365,-.2420286193682841E-13
180,-1.000000000000000,11920.96827278684,-596.0484136393418,-596.0484136393418,.9653736143810931E-14
181,-1.000000000000000,12167.39689646498,-608.3698448232491,-608.3698448232493,.1830636336963565E-12
182,-1.000000000000000,14060.36803267384,-703.0184016336924,-703.0184016336924,.2790539609283382E-12
183,-1.000000000000000,12843.11201588983,-642.1556007944916,-642.1556007944919,.8656270145124267E-13
184,-1.000000000000000,12893.16290015323,-644.6581450076613,-644.6581450076612,-.1478955846678787E-12
185,-1.000000000000000,12345.30308316669,-617.2651541583344,-617.2651541583342,.7679213532356638E-13
186,-1.000000000000000,13466.10596037618,-673.3052980188090,-673.3052980188094,.2253752739989068E-13
187,-1.000000000000000,12622.58472049996,-631.1292360249979,-631.1292360249979,-.2731148640577885E-13
188,-1.000000000000000,11710.82317762031,-585.5411588810155,-585.5411588810153,-.2607636329088336E-13
189,-1.000000000000000,11317.79215423959,-565.8896077119791,-565.8896077119795,-.4496186409297387E-14
190,-1.000000000000000,12206.91824904088,-610.3459124520440,-610.3459124520438,-.1378530536250144E-13
191,-1.000000000000000,12049.08272055316,-602.4541360276581,-602.4541360276584,-.8382270572093731E-13
192,-1.000000000000000,12152.98435689968,-607.6492178449837,-607.6492178449838,.4475586568020162E-13
193,-1.000000000000000,12007.91545923918,-600.3957729619590,-600.3957729619590,.2286127016859485E-13
194,-1.000000000000000,11777.73462126006,-588.8867310630035,-588.8867310630035,.6284816417290173E-13
195,-1.000000000000000,12302.70954689278,-615.1354773446388,-615.1354773446390,.2796374243274613E-13
196,-1.000000000000000,11643.64554988762,-582.1822774943807,-582.1822774943810,-.1902171996304158E-12
197,-1.000000000000000,12170.36880954935,-608.5184404774676,-608.5184404774673,.2796265823057364E-14
198,-1.000000000000000,12000.94817813973,-600.0474089069867,-600.0474089069867,.1943996179309959E-13
199,-1.000000000000000,11793.80551336894,-589.6902756684470,-589.6902756684472,-.3188862301269150E-13
200,-1.000000000000000,12441.30140472452,-622.0650702362263,-622.0650702362260,-.5782527234821089E-13
201,-1.000000000000000,11822.30516645283,-591.1152583226416,-591.1152583226418,.7452288027127996E-13
202,-1.000000000000000,12006.06100380087,-600.3030501900435,-600.3030501900437,-.3108624468950438E-13
203,-1.000000000000000,11911.78941366594,-595.5894706832969,-595.5894706832968,.1092181900474998E-13
204,-1.000000000000000,11615.49249439394,-580.7746247196972,-580.7746247196970,-.9105970098569965E-13
205,-1.000000000000000,11991.30930808042,-599.5654654040212,-599.5654654040212,-.5455358387251863E-13
206,-1.000000000000000,12939.79650469893,-646.9898252349466,-646.9898252349464,-.1350031197944190E-12
207,-1.000000000000000,11660.82658180407,-583.0413290902036,-583.0413290902036,-.3941291737419306E-13
208,-1.000000000000000,12482.64979640723,-624.1324898203617,-624.1324898203618,-.5874641051395457E-14
209,-1.000000000000000,11706.53612653194,-585.3268063265972,-585.3268063265973,.2172339998857131E-13
210,-1.000000000000000,11609.46336568832,-580.4731682844159,-580.4731682844161,-.6931434592960528E-13
211,-1.000000000000000,11455.83817868977,-572.7919089344889,-572.7919089344888,.1238913485690496E-12
212,-1.000000000000000,12264.10939500194,-613.2054697500973,-613.2054697500974,-.7536473615316064E-13
213,-1.000000000000000,11789.18980954399,-589.4594904771997,-589.4594904771997,-.1511854877400687E-13
214,-1.000000000000000,11981.93851270533,-599.0969256352663,-599.0969256352663,-.7934972123813111E-13
215,-1.000000000000000,11856.77434078388,-592.8387170391937,-592.8387170391937,-.4793474644992912E-13
216,-1.000000000000000,11936.62360403967,-596.8311802019834,-596.8311802019834,-.1025938435226213E-12
217,-1.000000000000000,12142.94778237999,-607.1473891189994,-607.1473891189993,-.6333822355486518E-13
218,-1.000000000000000,11458.33691265231,-572.9168456326156,-572.9168456326151,-.8544189856158984E-13
219,-1.000000000000000,12434.53506157518,-621.7267530787591,-621.7267530787591,-.6422640197456531E-13
220,-1.000000000000000,11549.10962332880,-577.4554811664400,-577.4554811664400,.2942091015256665E-13
221,-1.000000000000000,12495.91289201220,-624.7956446006096,-624.7956446006100,.1785334033388430E-13
222,-1.000000000000000,11609.79887560310,-580.4899437801546,-580.4899437801549,.1057253243286205E-12
223,-1.000000000000000,12023.84422885157,-601.1922114425782,-601.1922114425785,-.1095651347426951E-13
224,-1.000000000000000,12129.97559484282,-606.4987797421410,-606.4987797421410,-.5332651095875385E-13
225,-1.000000000000000,11738.50843518694,-586.9254217593472,-586.9254217593470,.5581646256302975E-13
226,-1.000000000000000,13091.69558862167,-654.5847794310837,-654.5847794310838,.5823987125896934E-13
227,-1.000000000000000,12226.73220223601,-611.3366101118007,-611.3366101118008,-.3967217721868865E-13
228,-1.000000000000000,12131.96648738381,-606.5983243691905,-606.5983243691905,.1349588843457816E-12
229,-1.000000000000000,12149.95308855008,-607.4976544275041,-607.4976544275045,.1180999742445010E-13
230,-1.000000000000000,12607.35031030425,-630.3675155152125,-630.3675155152123,.1865174681370263E-13
231,-1.000000000000000,12801.70201275847,-640.0851006379238,-640.0851006379237,-.1251565582942316E-12
232,-1.000000000000000,12072.60628715030,-603.6303143575149,-603.6303143575150,-.1125142730720730E-12
233,-1.000000000000000,11722.95998727827,-586.1479993639134,-586.1479993639138,.3778878251980977E-14
234,-1.000000000000000,11786.25171948957,-589.3125859744788,-589.3125859744788,.1166844398881040E-12
235,-1.000000000000000,12381.24628469698,-619.0623142348492,-619.0623142348493,-.9834171779861400E-13
236,-1.000000000000000,11553.45262768594,-577.6726313842971,-577.6726313842972,.3946815747488119E-13
237,-1.000000000000000,13219.86535460209,-660.9932677301044,-660.9932677301045,.6217248937900877E-14
238,-1.000000000000000,11622.71723757767,-581.1358618788835,-581.1358618788835,-.9634522471951889E-13
239,-1.000000000000000,12228.65429711816,-611.4327148559080,-611.4327148559082,-.7205347429817266E-13
240,-1.000000000000000,11797.25810396819,-589.8629051984100,-589.8629051984099,-.2423690588504446E-13
241,-1.000000000000000,12269.38795839775,-613.4693979198878,-613.4693979198879,.8216764399958387E-13
242,-1.000000000000000,12051.94359017032,-602.5971795085160,-602.5971795085160,-.8151321956827162E-13
243,-1.000000000000000,12128.82180817594,-606.4410904087969,-606.4410904087969,.2595169884517896E-12
244,-1.000000000000000,12185.51741275613,-609.2758706378065,-609.2758706378066,.1342970873396965E-12
245,-1.000000000000000,13173.68547878684,-658.6842739393418,-658.6842739393419,.1281197370417431E-12
246,-1.000000000000000,12028.07999330960,-601.4039996654801,-601.4039996654803,-.4300078630843640E-13
247,-1.000000000000000,11803.38522739198,-590.1692613695989,-590.1692613695991,-.3774411339030337E-13
248,-1.000000000000000,11885.37460527346,-594.2687302636732,-594.2687302636731,.2246602426661526E-14
249,-1.000000000000000,12039.16527540019,-601.9582637700096,-601.9582637700095,-.3641531520770513E-13
250,-1.000000000000000,12062.68225872561,-603.1341129362806,-603.1341129362806,.2420286193682841E-13
251,-1.000000000000000,11831.71562999106,-591.5857814995528,-591.5857814995531,-.2070609309012816E-13
252,-1.000000000000000,12028.60883994504,-601.4304419972519,-601.4304419972518,.7438494264988549E-14
253,-1.000000000000000,11815.79972618664,-590.7899863093320,-590.7899863093322,.6935164248433878E-13
254,-1.000000000000000,11854.43306601449,-592.7216533007246,-592.7216533007248,.4726774527341604E-13
255,-1.000000000000000,11975.40313615909,-598.7701568079544,-598.7701568079545,.5603850716795478E-13
256,-1.000000000000000,11789.91625875074,-589.4958129375372,-589.4958129375370,.7437630121975760E-13
257,-1.000000000000000,12613.88588700618,-630.6942943503091,-630.6942943503090,.7612568344791959E-13
258,-1.000000000000000,12012.07879045143,-600.6039395225717,-600.6039395225715,-.1493943857511226E-12
259,-1.000000000000000,11637.78143877048,-581.8890719385239,-581.8890719385239,.1261485346723871E-12
260,-1.000000000000000,12170.30853638478,-608.5154268192389,-608.5154268192388,-.6148553210625837E-13
261,-1.000000000000000,14019.91264545481,-700.9956322727406,-700.9956322727404,-.1232591502822733E-12
262,-1.000000000000000,12043.56634002789,-602.1783170013941,-602.1783170013940,-.2842170943040401E-13
263,-1.000000000000000,11992.75259624377,-599.6376298121886,-599.6376298121886,.3994932639903026E-14
264,-1.000000000000000,12337.73576947295,-616.8867884736471,-616.8867884736472,-.2378045677042806E-13
265,-1.000000000000000,11608.17241807674,-580.4086209038369,-580.4086209038369,.1821849962557742E-13
266,-1.000000000000000,12206.97665457352,-610.3488327286760,-610.3488327286760,.1409048659001266E-12
267,-1.000000000000000,11908.75339622575,-595.4376698112873,-595.4376698112873,-.3306883965200095E-14
268,-1.000000000000000,12254.81543595740,-612.7407717978700,-612.7407717978700,.3784646207538600E-13
269,-1.000000000000000,12438.41225375963,-621.9206126879815,-621.9206126879817,-.6963180032570904E-13
270,-1.000000000000000,12594.58032072238,-629.7290160361191,-629.7290160361192,.1618486465996497E-12
271,-1.000000000000000,12484.35621147728,-624.2178105738640,-624.2178105738640,-.1288621986894611E-12
272,-1.000000000000000,12053.88271243701,-602.6941356218505,-602.6941356218501,.6314523556816276E-13
273,-1.000000000000000,12025.08027829286,-601.2540139146431,-601.2540139146429,-.5125240509773477E-14
274,-1.000000000000000,11877.95459052454,-593.8977295262271,-593.8977295262270,-.9903189379656396E-13
275,-1.000000000000000,11704.98515650717,-585.2492578253587,-585.2492578253587,.1554312234475219E-13
276,-1.000000000000000,11482.67374632524,-574.1336873162622,-574.1336873162621,-.1900869869495003E-12
277,-1.000000000000000,11728.00382693653,-586.4001913468262,-586.4001913468263,-.3989863994746656E-14
278,-1.000000000000000,11729.91471844776,-586.4957359223879,-586.4957359223880,-.5622715834596725E-13
279,-1.000000000000000,12060.64331461466,-603.0321657307334,-603.0321657307330,-.5588064733164089E-13
280,-1.000000000000000,11749.49117698335,-587.4745588491672,-587.4745588491672,-.1256594654719390E-12
281,-1.000000000000000,11863.36777786035,-593.1683888930175,-593.1683888930177,-.1208896488806793E-12
282,-1.000000000000000,13601.38547113150,-680.0692735565748,-680.0692735565747,-.2091660178393795E-12
283,-1.000000000000000,12157.11819741237,-607.8559098706186,-607.8559098706183,-.1214624917571933E-13
284,-1.000000000000000,12163.48445479453,-608.1742227397268,-608.1742227397268,.4549090393116996E-13
285,-1.000000000000000,11811.55867023363,-590.5779335116819,-590.5779335116816,.8219035125883387E-13
286,-1.000000000000000,12287.88696181144,-614.3943480905721,-614.3943480905723,.1492139745096210E-12
287,-1.000000000000000,12419.77879117254,-620.9889395586271,-620.9889395586271,.7242123567507974E-13
288,-1.000000000000000,13202.38362697155,-660.1191813485779,-660.1191813485780,-.1361757928641794E-13
289,-1.000000000000000,11753.89752114754,-587.6948760573769,-587.6948760573767,-.5817568649035820E-13
290,-1.000000000000000,12320.07838714596,-616.0039193572977,-616.0039193572978,-.5707760653006488E-13
291,-1.000000000000000,12299.21972825073,-614.9609864125365,-614.9609864125367,.2029831381103464E-12
292,-1.000000000000000,11799.09329376489,-589.9546646882446,-589.9546646882444,-.1086908341108028E-12
293,-1.000000000000000,11841.43257367689,-592.0716286838443,-592.0716286838447,.2751965322289607E-13
294,-1.000000000000000,12227.74724127594,-611.3873620637969,-611.3873620637968,-.1044338227007557E-12
295,-1.000000000000000,12145.60237082439,-607.2801185412193,-607.2801185412194,-.2242650509742816E-13
296,-1.000000000000000,12031.56097267898,-601.5780486339493,-601.5780486339493,.7785883483074629E-13
297,-1.000000000000000,11444.84252119749,-572.2421260598745,-572.2421260598740,.6743755819632121E-13
298,-1.000000000000000,11562.51355994392,-578.1256779971962,-578.1256779971961,-.8718302772423026E-13
299,-1.000000000000000,12326.36159652098,-616.3180798260488,-616.3180798260488,.1216735046050132E-12
300,-1.000000000000000,11967.32615413382,-598.3663077066910,-598.3663077066909,-.7327471962526033E-14
301,-1.000000000000000,11958.13214975856,-597.9066074879280,-597.9066074879277,-.7970013538027843E-13
302,-1.000000000000000,11910.39602272352,-595.5198011361759,-595.5198011361758,-.3095180362011618E-14
303,-1.000000000000000,12066.69439679615,-603.3347198398076,-603.3347198398077,-.2386892766770288E-13
304,-1.000000000000000,13557.75321577889,-677.8876607889447,-677.8876607889447,.2977154113514846E-13
305,-1.000000000000000,12094.69447908994,-604.7347239544971,-604.7347239544971,.9443400922348744E-13
306,-1.000000000000000,11970.08823130824,-598.5044115654121,-598.5044115654123,.8384612448786299E-13
307,-1.000000000000000,11504.02824171268,-575.2014120856337,-575.2014120856338,.5823119764158946E-13
308,-1.000000000000000,13498.87803761476,-674.9439018807377,-674.9439018807377,-.2842170943040401E-13
309,-1.000000000000000,11639.38473311518,-581.9692366557593,-581.9692366557593,-.1049160758270773E-13
310,-1.000000000000000,11577.30192879501,-578.8650964397509,-578.8650964397508,-.9735485495836107E-13
311,-1.000000000000000,11733.62002209010,-586.6810011045053,-586.6810011045053,.2234670781753323E-13
312,-1.000000000000000,12261.64413273772,-613.0822066368861,-613.0822066368862,.1533773108519654E-12
313,-1.000000000000000,12161.24538227023,-608.0622691135118,-608.0622691135115,.1203898092327904E-14
314,-1.000000000000000,13685.38850788185,-684.2694253940925,-684.2694253940927,.5428378016189561E-13
315,-1.000000000000000,11831.43916805862,-591.5719584029309,-591.5719584029308,.4094435294282883E-13
316,-1.000000000000000,11822.34393417282,-591.1171967086410,-591.1171967086410,.9836155700430459E-13
317,-1.000000000000000,11855.94373258924,-592.7971866294621,-592.7971866294624,.1204231484495943E-12
318,-1.000000000000000,12968.22408977597,-648.4112044887987,-648.4112044887987,-.4618527782440651E-13
319,-1.000000000000000,11380.06774378490,-569.0033871892448,-569.0033871892446,-.7735999341118571E-13
320,-1.000000000000000,13419.96868958078,-670.9984344790388,-670.9984344790390,-.1207922650792170E-12
321,-1.000000000000000,12004.99414892623,-600.2497074463116,-600.2497074463115,-.5031663697892610E-13
322,-1.000000000000000,11919.74691729355,-595.9873458646776,-595.9873458646775,.2209343819004062E-13
323,-1.000000000000000,11996.75604519742,-599.8378022598710,-599.8378022598708,-.1123918666467993E-12
324,-1.000000000000000,12146.18337556251,-607.3091687781255,-607.3091687781255,-.1024806189344959E-13
325,-1.000000000000000,11734.37342538024,-586.7186712690121,-586.7186712690120,.6783733731002828E-13
326,-1.000000000000000,12198.84016871181,-609.9420084355909,-609.9420084355909,.1515454428613339E-13
327,-1.000000000000000,11587.17048866049,-579.3585244330245,-579.3585244330245,-.9808191177668611E-13
328,-1.000000000000000,11425.40798275974,-571.2703991379871,-571.2703991379871,-.1402220353718953E-13
329,-1.000000000000000,12434.53760890385,-621.7268804451925,-621.7268804451927,.9463783923191471E-13
330,-1.000000000000000,12211.41703682670,-610.5708518413346,-610.5708518413350,-.3237687895563113E-13
331,-1.000000000000000,12216.40730225487,-610.8203651127437,-610.8203651127437,-.9228728892196614E-15
332,-1.000000000000000,11853.66928409179,-592.6834642045898,-592.6834642045898,.6872974411820110E-13
333,-1.000000000000000,11875.56490959235,-593.7782454796177,-593.7782454796176,-.3416711358283919E-13
334,-1.000000000000000,11747.60505553053,-587.3802527765265,-587.3802527765267,.9058639255377088E-13
335,-1.000000000000000,12223.49030744980,-611.1745153724905,-611.1745153724904,-.1288874059664550E-12
336,-1.000000000000000,11196.00868295257,-559.8004341476284,-559.8004341476284,.5789986545767789E-13
337,-1.000000000000000,11767.71805643008,-588.3859028215041,-588.3859028215040,-.6422862458901890E-13
338,-1.000000000000000,11808.72902033187,-590.4364510165935,-590.4364510165935,.1354107527062193E-13
339,-1.000000000000000,12679.36328112444,-633.9681640562223,-633.9681640562221,-.3774758283725532E-13
340,-1.000000000000000,12132.05120226684,-606.6025601133420,-606.6025601133420,-.6491595455626609E-13
341,-1.000000000000000,11854.29875307732,-592.7149376538663,-592.7149376538662,-.1657051232339946E-13
342,-1.000000000000000,12044.19807028461,-602.2099035142304,-602.2099035142302,-.7379513666805337E-13
343,-1.000000000000000,16882.59293518319,-844.1296467591595,-844.1296467591598,.2630073554234745E-12
344,-1.000000000000000,11559.06586349174,-577.9532931745872,-577.9532931745869,.4214705841276700E-13
345,-1.000000000000000,12737.83325335916,-636.8916626679578,-636.8916626679579,-.9638123632527140E-13
346,-1.000000000000000,12000.82819691837,-600.0414098459183,-600.0414098459185,-.7143244329377296E-13
347,-1.000000000000000,11937.41115548666,-596.8705577743331,-596.8705577743332,.1261907245364569E-12
348,-1.000000000000000,12438.35653566679,-621.9178267833396,-621.9178267833394,.5506706202140776E-13
349,-1.000000000000000,11978.05215690651,-598.9026078453255,-598.9026078453254,-.1401218550911576E-12
350,-1.000000000000000,12203.85451230549,-610.1927256152745,-610.1927256152744,-.9005643453185996E-13
351,-1.000000000000000,12991.82171931947,-649.5910859659735,-649.5910859659738,.2739475313262574E-13
352,-1.000000000000000,12001.44765225152,-600.0723826125763,-600.0723826125762,-.2660024978062836E-13
353,-1.000000000000000,12253.75374742983,-612.6876873714912,-612.6876873714913,.8924805339205477E-13
354,-1.000000000000000,12385.92248518599,-619.2961242592997,-619.2961242592999,-.1794120407794253E-12
355,-1.000000000000000,12848.74827438753,-642.4374137193765,-642.4374137193768,.1033895191682177E-12
356,-1.000000000000000,12913.91310805377,-645.6956554026888,-645.6956554026887,.1532842863055661E-12
357,-1.000000000000000,13058.44225147175,-652.9221125735875,-652.9221125735876,.1183714584684914E-12
358,-1.000000000000000,11846.77436185631,-592.3387180928158,-592.3387180928158,-.4559456890545262E-13
359,-1.000000000000000,15229.23393713984,-761.4616968569918,-761.4616968569920,.7579353811237866E-13
360,-1.000000000000000,11594.34981844954,-579.7174909224769,-579.7174909224768,.1608475248067627E-12
361,-1.000000000000000,11700.97871168863,-585.0489355844314,-585.0489355844317,-.5497392905479126E-13
362,-1.000000000000000,12158.69419074654,-607.9347095373272,-607.9347095373272,.4668487818548783E-13
363,-1.000000000000000,12980.53703641370,-649.0268518206848,-649.0268518206849,-.1115774139748282E-12
364,-1.000000000000000,11922.19916255157,-596.1099581275786,-596.1099581275787,.2034353588364901E-13
365,-1.000000000000000,11485.63552356648,-574.2817761783240,-574.2817761783243,.1042796682100696E-13
366,-1.000000000000000,11818.74047729438,-590.9370238647191,-590.9370238647188,.4113029361541010E-14
367,-1.000000000000000,11708.78206402586,-585.4391032012929,-585.4391032012927,-.8906113693751827E-13
368,-1.000000000000000,12030.55326583109,-601.5276632915546,-601.5276632915550,.1552542816529723E-12
369,-1.000000000000000,11742.55352035412,-587.1276760177064,-587.1276760177061,-.4597624364555131E-13
370,-1.000000000000000,11396.96218698422,-569.8481093492111,-569.8481093492112,.1265468171874826E-12
371,-1.000000000000000,11600.42083679178,-580.0210418395889,-580.0210418395892,.6724975394264976E-13
372,-1.000000000000000,12537.55958010608,-626.8779790053042,-626.8779790053042,-.1742434592878067E-12
373,-1.000000000000000,11870.34792199406,-593.5173960997031,-593.5173960997031,.6059275260358876E-13
374,-1.000000000000000,13926.94277052744,-696.3471385263716,-696.3471385263721,.2635782217486060E-12
375,-1.000000000000000,11906.38237395440,-595.3191186977203,-595.3191186977201,.7127628091148537E-14
376,-1.000000000000000,12098.13192921841,-604.9065964609205,-604.9065964609207,.8926138907877634E-13
377,-1.000000000000000,11793.98317794921,-589.6991588974605,-589.6991588974604,.2069091425971337E-14
378,-1.000000000000000,11771.57345415765,-588.5786727078828,-588.5786727078826,-.1135445903965859E-12
379,-1.000000000000000,11808.67032396151,-590.4335161980755,-590.4335161980754,.2146509966299837E-12
380,-1.000000000000000,12399.28288211592,-619.9641441057958,-619.9641441057955,-.1035144192584880E-12
381,-1.000000000000000,11648.73669301024,-582.4368346505119,-582.4368346505119,.5040412531798211E-13
382,-1.000000000000000,12033.40605021026,-601.6703025105132,-601.6703025105134,.7464515117128201E-13
383,-1.000000000000000,11890.55016220546,-594.5275081102729,-594.5275081102727,-.1405838247430077E-12
384,-1.000000000000000,11601.24117591376,-580.0620587956879,-580.0620587956879,-.3762268274698499E-13
385,-1.000000000000000,11646.71803174567,-582.3359015872835,-582.3359015872830,.1488826423257095E-13
386,-1.000000000000000,12558.54023975419,-627.9270119877095,-627.9270119877095,.3486100297322992E-13
387,-1.000000000000000,11582.85649076942,-579.1428245384714,-579.1428245384715,.8788109129298505E-14
388,-1.000000000000000,11889.31438046016,-594.4657190230079,-594.4657190230078,.1623566664682267E-13
389,-1.000000000000000,11905.63399532093,-595.2816997660462,-595.2816997660465,.5007963377215256E-13
390,-1.000000000000000,12199.88230240254,-609.9941151201268,-609.9941151201267,-.4781244844487276E-13
391,-1.000000000000000,11670.72110769910,-583.5360553849551,-583.5360553849551,-.8972027764828083E-13
392,-1.000000000000000,12039.98802105412,-601.9994010527063,-601.9994010527064,-.5920611223508843E-13
393,-1.000000000000000,12303.34588176177,-615.1672940880887,-615.1672940880886,.7060462105376239E-13
394,-1.000000000000000,11891.02409075071,-594.5512045375355,-594.5512045375355,-.1738171238885311E-13
395,-1.000000000000000,11957.31415792707,-597.8657078963532,-597.8657078963532,-.5042494199969383E-13
396,-1.000000000000000,11924.43123634486,-596.2215618172432,-596.2215618172436,.2448041769298470E-12
397,-1.000000000000000,11954.39908494583,-597.7199542472920,-597.7199542472918,.1589369911722538E-13
398,-1.000000000000000,11858.02445340456,-592.9012226702276,-592.9012226702276,-.3270300696911477E-13
399,-1.000000000000000,12501.06129806292,-625.0530649031464,-625.0530649031463,.6422640197456531E-13
400,-1.000000000000000,11579.17898113548,-578.9589490567739,-578.9589490567739,.1301736496372996E-13
401,-1.000000000000000,11981.33782812034,-599.0668914060167,-599.0668914060165,-.9443578460454488E-13
402,-1.000000000000000,12135.46426557594,-606.7732132787971,-606.7732132787968,-.4443429131584242E-13
403,-1.000000000000000,12552.92050395769,-627.6460251978847,-627.6460251978850,.8709732154249528E-13
404,-1.000000000000000,12180.40123825717,-609.0200619128585,-609.0200619128586,-.5151434834260726E-13
405,-1.000000000000000,12054.19680600251,-602.7098403001254,-602.7098403001255,.4882465959310522E-13
406,-1.000000000000000,11645.96503886962,-582.2982519434810,-582.2982519434809,-.5328751356186226E-13
407,-1.000000000000000,12122.80607470139,-606.1403037350697,-606.1403037350696,.6243963679430919E-13
408,-1.000000000000000,11980.59551640782,-599.0297758203907,-599.0297758203907,-.5218048215738236E-13
409,-1.000000000000000,13366.75036896404,-668.3375184482021,-668.3375184482021,-.2131628207280301E-13
410,-1.000000000000000,12253.26313391065,-612.6631566955325,-612.6631566955324,.9023039477043526E-13
411,-1.000000000000000,11852.37547509526,-592.6187737547632,-592.6187737547632,-.1027863774996640E-12
412,-1.000000000000000,11903.73321713281,-595.1866608566404,-595.1866608566403,.1362833457196899E-12
413,-1.000000000000000,12568.73172842007,-628.4365864210035,-628.4365864210035,.5076408043924729E-13
414,-1.000000000000000,11894.37986558667,-594.7189932793335,-594.7189932793337,-.2492103745588281E-13
415,-1.000000000000000,11669.79405944641,-583.4897029723206,-583.4897029723206,-.1201035798592542E-13
416,-1.000000000000000,11576.62281872210,-578.8311409361053,-578.8311409361052,.4052520038294594E-13
417,-1.000000000000000,12325.53859388719,-616.2769296943594,-616.2769296943596,.1400268789808479E-13
418,-1.000000000000000,12023.63539886492,-601.1817699432462,-601.1817699432457,-.7521934464183033E-13
419,-1.000000000000000,11605.75637964857,-580.2878189824288,-580.2878189824289,-.1630415095467408E-13
420,-1.000000000000000,11639.83721525352,-581.9918607626759,-581.9918607626759,-.4800142488353698E-14
421,-1.000000000000000,12032.10561664046,-601.6052808320231,-601.6052808320231,-.1337107508048163E-12
422,-1.000000000000000,11628.20935345022,-581.4104676725109,-581.4104676725109,-.1023842469138891E-12
423,-1.000000000000000,11925.80919335068,-596.2904596675344,-596.2904596675340,-.2266301160408143E-12
424,-1.000000000000000,11766.26589958294,-588.3132949791474,-588.3132949791474,.5699271349995927E-13
425,-1.000000000000000,11896.02574261470,-594.8012871307351,-594.8012871307349,-.1945449010221090E-13
426,-1.000000000000000,11875.78145383710,-593.7890726918553,-593.7890726918552,-.6283862319378386E-13
427,-1.000000000000000,11744.76873872741,-587.2384369363701,-587.2384369363704,-.1026151819766286E-12
428,-1.000000000000000,12091.12710517848,-604.5563552589241,-604.5563552589240,-.1407762795224698E-12
429,-1.000000000000000,11974.22885646835,-598.7114428234173,-598.7114428234177,.5728750807065808E-13
430,-1.000000000000000,12377.92738607993,-618.8963693039966,-618.8963693039965,.8477940571793852E-13
431,-1.000000000000000,13061.72887067537,-653.0864435337686,-653.0864435337685,-.5046858113713637E-13
432,-1.000000000000000,12080.35381383006,-604.0176906915033,-604.0176906915029,-.9678607741647749E-13
433,-1.000000000000000,11487.64354774763,-574.3821773873817,-574.3821773873817,.2567324802930731E-13
434,-1.000000000000000,11571.53397876597,-578.5766989382983,-578.5766989382980,-.1266722576847732E-12
435,-1.000000000000000,12583.85215833184,-629.1926079165919,-629.1926079165919,-.6886852199627924E-14
436,-1.000000000000000,11366.93458008577,-568.3467290042885,-568.3467290042882,-.3612872436285872E-13
437,-1.000000000000000,12524.05881524227,-626.2029407621134,-626.2029407621136,-.7937053791984283E-13
438,-1.000000000000000,12964.91727475434,-648.2458637377171,-648.2458637377167,-.1556338506691641E-13
439,-1.000000000000000,11864.80590510890,-593.2402952554447,-593.2402952554447,.1330251013509365E-12
440,-1.000000000000000,13059.60700325931,-652.9803501629654,-652.9803501629655,.1225784339482783E-12
441,-1.000000000000000,12233.99967705001,-611.6999838525010,-611.6999838525006,-.5565426591802591E-13
442,-1.000000000000000,12258.82502206737,-612.9412511033684,-612.9412511033685,-.6660244119996266E-13
443,-1.000000000000000,12768.40676474295,-638.4203382371479,-638.4203382371479,.8612555113529652E-13
444,-1.000000000000000,11635.99518042101,-581.7997590210502,-581.7997590210507,.7856736095046557E-13
445,-1.000000000000000,11785.87377330907,-589.2936886654535,-589.2936886654538,.5271901892898306E-13
446,-1.000000000000000,11628.41397351227,-581.4206986756135,-581.4206986756136,-.1421085471520200E-13
447,-1.000000000000000,12082.34967212165,-604.1174836060825,-604.1174836060825,.1412481243079355E-12
448,-1.000000000000000,11935.40953923018,-596.7704769615092,-596.7704769615094,-.2336271367336940E-13
449,-1.000000000000000,11637.93142660908,-581.8965713304541,-581.8965713304541,.8872416690230978E-13
450,-1.000000000000000,12422.38807559262,-621.1194037796308,-621.1194037796308,.1166289287368727E-12
451,-1.000000000000000,11910.82664892804,-595.5413324464024,-595.5413324464022,.7150877112671594E-13
452,-1.000000000000000,12124.88168626660,-606.2440843133302,-606.2440843133302,.8455906195517157E-13
453,-1.000000000000000,11539.23928817627,-576.9619644088133,-576.9619644088131,-.1180167075176541E-12
454,-1.000000000000000,11816.36676091811,-590.8183380459054,-590.8183380459056,-.7364711596645479E-13
455,-1.000000000000000,12616.26397523814,-630.8131987619068,-630.8131987619066,-.8171241461241152E-13
456,-1.000000000000000,11995.21497757990,-599.7607488789945,-599.7607488789945,-.1217113432608330E-12
457,-1.000000000000000,11719.59993493381,-585.9799967466909,-585.9799967466911,.8235602412705323E-13
458,-1.000000000000000,11832.16911803745,-591.6084559018727,-591.6084559018728,.1609500835560163E-13
459,-1.000000000000000,12095.85637246463,-604.7928186232315,-604.7928186232316,.4440892098500626E-13
460,-1.000000000000000,12321.49012944379,-616.0745064721896,-616.0745064721897,.2446529307267853E-13
461,-1.000000000000000,11999.57655499334,-599.9788277496669,-599.9788277496667,.1055396276015280E-13
462,-1.000000000000000,13381.64073458357,-669.0820367291785,-669.0820367291786,-.3074209452540860E-12
463,-1.000000000000000,11938.15572837320,-596.9077864186601,-596.9077864186602,-.2128009682529630E-13
464,-1.000000000000000,11777.28620162295,-588.8643100811476,-588.8643100811474,-.6412839009817262E-14
465,-1.000000000000000,11226.74982596309,-561.3374912981544,-561.3374912981548,-.6893271354115396E-13
466,-1.000000000000000,12200.80892760745,-610.0404463803728,-610.0404463803729,.6167288901792745E-13
467,-1.000000000000000,11757.95054956500,-587.8975274782498,-587.8975274782499,-.2346077653055760E-13
468,-1.000000000000000,12545.42357442044,-627.2711787210222,-627.2711787210225,-.6029674508170949E-13
469,-1.000000000000000,11208.69654526004,-560.4348272630018,-560.4348272630017,-.7701098873186263E-13
470,-1.000000000000000,11955.91348188469,-597.7956740942348,-597.7956740942349,.4645589468665889E-13
471,-1.000000000000000,12705.88157525388,-635.2940787626941,-635.2940787626937,.7771561172376096E-15
472,-1.000000000000000,11741.74002183754,-587.0870010918769,-587.0870010918769,.1315236371961064E-12
473,-1.000000000000000,12890.03076199991,-644.5015380999955,-644.5015380999956,-.2191649639549098E-13
474,-1.000000000000000,12340.92502296051,-617.0462511480256,-617.0462511480259,-.6065871868248798E-14
475,-1.000000000000000,11746.25011929085,-587.3125059645425,-587.3125059645427,.7299716386910404E-13
476,-1.000000000000000,12172.99460126479,-608.6497300632395,-608.6497300632393,-.3763656053479281E-13
477,-1.000000000000000,11698.51989285858,-584.9259946429291,-584.9259946429295,.1373068325705162E-12
478,-1.000000000000000,11994.25157149246,-599.7125785746227,-599.7125785746226,-.5323269697764775E-13
479,-1.000000000000000,12358.64390679579,-617.9321953397892,-617.9321953397898,.1221245327087672E-12
480,-1.000000000000000,11926.00004799390,-596.3000023996950,-596.3000023996951,-.7220049211276169E-13
481,-1.000000000000000,11729.52861264658,-586.4764306323292,-586.4764306323290,.3007663562648588E-13
482,-1.000000000000000,11505.44886485790,-575.2724432428951,-575.2724432428952,.8384097452754369E-13
483,-1.000000000000000,11899.00173014516,-594.9500865072582,-594.9500865072581,-.1128449276296267E-12
484,-1.000000000000000,11762.75595867603,-588.1377979338017,-588.1377979338017,.5044575868140555E-13
485,-1.000000000000000,11888.87344766412,-594.4436723832061,-594.4436723832059,.4860250656796294E-13
486,-1.000000000000000,11651.39030049134,-582.5695150245668,-582.5695150245668,.6970986288212799E-14
487,-1.000000000000000,11402.73062972393,-570.1365314861965,-570.1365314861964,-.1274718178234657E-12
488,-1.000000000000000,11632.18049122991,-581.6090245614955,-581.6090245614952,.3042566995196212E-13
489,-1.000000000000000,12373.83184582153,-618.6915922910766,-618.6915922910766,.7994906819908110E-15
490,-1.000000000000000,12160.78097635596,-608.0390488177982,-608.0390488177981,.4196643033083092E-13
491,-1.000000000000000,11848.48180328076,-592.4240901640380,-592.4240901640381,.7752132269445156E-13
492,-1.000000000000000,12075.31854859084,-603.7659274295421,-603.7659274295422,.7905786078956159E-13
493,-1.000000000000000,11659.57929295857,-582.9789646479286,-582.9789646479287,-.7698374815227893E-13
494,-1.000000000000000,11447.56800974104,-572.3784004870521,-572.3784004870519,-.8416005861503796E-13
495,-1.000000000000000,12133.22982249877,-606.6614911249384,-606.6614911249386,.2173260198510369E-12
496,-1.000000000000000,12178.11161108796,-608.9055805543976,-608.9055805543975,-.2032766316384382E-12
497,-1.000000000000000,11679.08922823692,-583.9544614118458,-583.9544614118462,-.9620733029680473E-13
498,-1.000000000000000,13344.25806174556,-667.2129030872784,-667.2129030872785,.1705617526555347E-12
499,-1.000000000000000,11971.04722683708,-598.5523613418536,-598.5523613418538,-.3920501483135538E-13
500,-1.000000000000000,11807.48912056461,-590.3744560282305,-590.3744560282304,.4441932932586212E-13
501,-1.000000000000000,12106.25625376725,-605.3128126883627,-605.3128126883622,-.2699641403572936E-12
502,-1.000000000000000,11592.76360949789,-579.6381804748943,-579.6381804748944,-.1557390352205541E-13
503,-1.000000000000000,12216.54234751690,-610.8271173758451,-610.8271173758454,.7036038418561930E-13
504,-1.000000000000000,12012.11233850849,-600.6056169254244,-600.6056169254241,-.7811459812323562E-13
505,-1.000000000000000,13485.91797238264,-674.2958986191322,-674.2958986191321,.7535638779643250E-14
506,-1.000000000000000,12079.46379841187,-603.9731899205933,-603.9731899205934,.6160111483410891E-13
507,-1.000000000000000,11741.21181506474,-587.0605907532371,-587.0605907532367,-.1146305272925474E-12
508,-1.000000000000000,12226.27852699223,-611.3139263496111,-611.3139263496112,.4137315490204685E-14
509,-1.000000000000000,11744.16116625625,-587.2080583128126,-587.2080583128123,-.5949285570468402E-13
510,-1.000000000000000,13447.75022891012,-672.3875114455060,-672.3875114455060,-.1231237334309299E-12
511,-1.000000000000000,11731.26403047531,-586.5632015237655,-586.5632015237655,.1191715996717857E-12
512,-1.000000000000000,13357.89346521071,-667.8946732605353,-667.8946732605352,.2486899575160351E-13
513,-1.000000000000000,11834.05503448935,-591.7027517244672,-591.7027517244675,-.1242127060929743E-13
514,-1.000000000000000,11314.33339631535,-565.7166698157673,-565.7166698157673,.7920573918962504E-13
515,-1.000000000000000,11420.80469872370,-571.0402349361854,-571.0402349361855,.1185510023482550E-12
516,-1.000000000000000,11994.82858540571,-599.7414292702857,-599.7414292702858,.2804673334448957E-13
517,-1.000000000000000,11902.68172108214,-595.1340860541073,-595.1340860541071,-.1225547441308095E-12
518,-1.000000000000000,12550.22921118198,-627.5114605590994,-627.5114605590995,.6292188992063075E-13
519,-1.000000000000000,12446.47225185003,-622.3236125925019,-622.3236125925022,.9023836365640303E-13
520,-1.000000000000000,12046.49542605120,-602.3247713025603,-602.3247713025604,.8530936373984943E-13
521,-1.000000000000000,12231.60336533132,-611.5801682665658,-611.5801682665657,.1644951536095007E-13
522,-1.000000000000000,12708.33647294055,-635.4168236470280,-635.4168236470277,-.2167883927928216E-13
523,-1.000000000000000,13180.16349219403,-659.0081746097015,-659.0081746097012,-.2231843182487481E-12
524,-1.000000000000000,11812.57742727902,-590.6288713639511,-590.6288713639511,.1013772399360846E-13
525,-1.000000000000000,12796.73316408844,-639.8366582044222,-639.8366582044223,.1175367888141352E-12
526,-1.000000000000000,12006.30626171074,-600.3153130855371,-600.3153130855368,-.1023629965513084E-12
527,-1.000000000000000,12434.69853133182,-621.7349265665908,-621.7349265665912,.5684341886080801E-13
528,-1.000000000000000,14092.38601962888,-704.6193009814442,-704.6193009814442,.4773959005888173E-13
529,-1.000000000000000,12093.94001899362,-604.6970009496808,-604.6970009496810,-.6225251705186535E-15
530,-1.000000000000000,14049.24000333412,-702.4620001667056,-702.4620001667057,-.3814364189086428E-13
531,-1.000000000000000,12614.12131657239,-630.7060658286197,-630.7060658286194,-.1409606481019010E-12
532,-1.000000000000000,11537.86484770105,-576.8932423850525,-576.8932423850525,-.1163280490814808E-12
533,-1.000000000000000,12200.99888235492,-610.0499441177461,-610.0499441177461,.1438293928401890E-12
534,-1.000000000000000,12309.71902783671,-615.4859513918359,-615.4859513918357,-.1154631945610163E-13
535,-1.000000000000000,12244.31531901929,-612.2157659509646,-612.2157659509646,.5306866057708248E-13
536,-1.000000000000000,12322.51742582255,-616.1258712911274,-616.1258712911273,-.9766493169749424E-13
537,-1.000000000000000,11578.02724349870,-578.9013621749350,-578.9013621749350,.7295899995263255E-13
538,-1.000000000000000,14011.17161789312,-700.5585808946561,-700.5585808946566,.3604798751166705E-12
539,-1.000000000000000,12136.07976641827,-606.8039883209138,-606.8039883209135,-.2656208586415687E-13
540,-1.000000000000000,11772.88417235621,-588.6442086178105,-588.6442086178106,.5927853778724341E-14
541,-1.000000000000000,11747.07345256532,-587.3536726282659,-587.3536726282659,-.3699124340172943E-13
542,-1.000000000000000,11569.63890237819,-578.4819451189096,-578.4819451189098,.3431976924872515E-13
543,-1.000000000000000,13856.10943570288,-692.8054717851439,-692.8054717851439,-.1960442713114935E-12
544,-1.000000000000000,12133.05080724425,-606.6525403622127,-606.6525403622126,.1795162177851246E-13
545,-1.000000000000000,13836.68253375773,-691.8341266878869,-691.8341266878867,.4296563105299356E-13
546,-1.000000000000000,12121.54130090683,-606.0770650453413,-606.0770650453413,.4363913744254155E-14
547,-1.000000000000000,12356.86983452115,-617.8434917260576,-617.8434917260574,-.1241986114647320E-12
548,-1.000000000000000,11456.29755771089,-572.8148778855448,-572.8148778855449,-.8849908653130178E-13
549,-1.000000000000000,14341.65974386449,-717.0829871932245,-717.0829871932248,.3401723347451480E-12
550,-1.000000000000000,12017.25013514032,-600.8625067570160,-600.8625067570160,.1580957587066223E-12
551,-1.000000000000000,12246.02303017949,-612.3011515089745,-612.3011515089747,.1256633685997599E-13
552,-1.000000000000000,12119.52513598800,-605.9762567993998,-605.9762567993999,.5972999872483342E-13
553,-1.000000000000000,12092.04599459482,-604.6022997297410,-604.6022997297410,.4092695149796044E-13
554,-1.000000000000000,12627.36605518782,-631.3683027593908,-631.3683027593909,-.4688176930001120E-13
555,-1.000000000000000,12202.81559734301,-610.1407798671504,-610.1407798671504,-.1583052265663465E-12
556,-1.000000000000000,11487.40224882297,-574.3701124411483,-574.3701124411486,-.1093049262212986E-13
557,-1.000000000000000,11765.01171010058,-588.2505855050291,-588.2505855050291,.7580936746409694E-13
558,-1.000000000000000,11893.87866619800,-594.6939333098996,-594.6939333098995,-.4589731372739436E-13
559,-1.000000000000000,12796.67862295430,-639.8339311477147,-639.8339311477148,.9919842725025774E-13
560,-1.000000000000000,12295.00330717761,-614.7501653588806,-614.7501653588810,-.2206730891768371E-14
561,-1.000000000000000,12037.56634365959,-601.8783171829795,-601.8783171829797,.1382227665658320E-13
562,-1.000000000000000,12018.90317057228,-600.9451585286141,-600.9451585286140,-.2881189007535902E-13
563,-1.000000000000000,11612.94146393377,-580.6470731966884,-580.6470731966884,.7256695244706179E-13
564,-1.000000000000000,12029.93635801118,-601.4968179005592,-601.4968179005589,-.2333450815385218E-12
565,-1.000000000000000,11581.02402717255,-579.0512013586275,-579.0512013586273,-.5007279313407054E-13
566,-1.000000000000000,11883.52547728891,-594.1762738644456,-594.1762738644459,.1143695157839169E-12
567,-1.000000000000000,12195.45795023837,-609.7728975119185,-609.7728975119187,-.1033201302291786E-13
568,-1.000000000000000,11998.66531428836,-599.9332657144182,-599.9332657144184,.1154631945610163E-13
569,-1.000000000000000,12917.41730299894,-645.8708651499472,-645.8708651499471,-.3264055692397960E-13
570,-1.000000000000000,12277.23463266636,-613.8617316333182,-613.8617316333184,.1227490331601189E-12
571,-1.000000000000000,11748.54651198930,-587.4273255994652,-587.4273255994651,-.9951070119285609E-13
572,-1.000000000000000,11977.61547479638,-598.8807737398189,-598.8807737398186,-.3494257563418229E-13
573,-1.000000000000000,11392.37246542936,-569.6186232714680,-569.6186232714678,.4130029651605582E-13
574,-1.000000000000000,12131.22434991128,-606.5612174955641,-606.5612174955638,-.6548211137821086E-13
575,-1.000000000000000,12216.65447478847,-610.8327237394233,-610.8327237394233,.3688705157295358E-13
576,-1.000000000000000,11613.88017826913,-580.6940089134565,-580.6940089134564,.8490430580820885E-13
577,-1.000000000000000,11868.76236145995,-593.4381180729976,-593.4381180729974,.2347514543865614E-13
578,-1.000000000000000,12558.63118347368,-627.9315591736844,-627.9315591736843,-.1764395921033390E-12
579,-1.000000000000000,11324.04519407844,-566.2022597039221,-566.2022597039223,.9920243879829593E-13
580,-1.000000000000000,11763.93653658078,-588.1968268290390,-588.1968268290389,-.1462718834943644E-13
581,-1.000000000000000,11694.66982129457,-584.7334910647286,-584.7334910647285,-.5415806691999592E-13
582,-1.000000000000000,12156.93590450330,-607.8467952251650,-607.8467952251654,.1691910500589699E-12
583,-1.000000000000000,11483.69978646209,-574.1849893231046,-574.1849893231044,.4933553565678039E-13
584,-1.000000000000000,11864.89970408728,-593.2449852043640,-593.2449852043637,-.9078848783872218E-13
585,-1.000000000000000,12324.30513651241,-616.2152568256206,-616.2152568256208,.2708166942652981E-13
586,-1.000000000000000,12035.55336020194,-601.7776680100973,-601.7776680100973,-.6040089709993682E-13
587,-1.000000000000000,13282.73035274630,-664.1365176373149,-664.1365176373148,.3197442310920451E-13
588,-1.000000000000000,11901.70717866498,-595.0853589332489,-595.0853589332492,-.1701330049064254E-13
589,-1.000000000000000,12519.76193227239,-625.9880966136194,-625.9880966136197,.1306858267435818E-12
590,-1.000000000000000,11656.82151369402,-582.8410756847010,-582.8410756847007,.6634970350916092E-13
591,-1.000000000000000,11698.97970045907,-584.9489850229538,-584.9489850229540,.6416048248247819E-13
592,-1.000000000000000,11439.25578705022,-571.9627893525109,-571.9627893525108,.2753938570243530E-13
593,-1.000000000000000,12293.93285363690,-614.6966426818450,-614.6966426818450,.2470811370173381E-13
594,-1.000000000000000,11802.17409914154,-590.1087049570768,-590.1087049570768,.3663735981263017E-13
595,-1.000000000000000,12258.02933442901,-612.9014667214503,-612.9014667214506,.2908090435127519E-13
596,-1.000000000000000,11698.99661196023,-584.9498305980117,-584.9498305980118,.1821459649775647E-13
597,-1.000000000000000,11672.04636062616,-583.6023180313080,-583.6023180313081,.8550824707586474E-14
598,-1.000000000000000,11589.92128285275,-579.4960641426372,-579.4960641426374,-.8596855866072062E-14
599,-1.000000000000000,13767.12636049475,-688.3563180247373,-688.3563180247373,-.2110363445139481E-12
600,-1.000000000000000,12353.99613559235,-617.6998067796179,-617.6998067796178,-.6792483242534786E-13
601,-1.000000000000000,11840.89318856669,-592.0446594283351,-592.0446594283349,.1899782414716000E-13
602,-1.000000000000000,12211.91795341768,-610.5958976708841,-610.5958976708844,.1002531391236516E-12
603,-1.000000000000000,12145.53176844620,-607.2765884223099,-607.2765884223099,.6756396928476321E-13
604,-1.000000000000000,11893.84755722575,-594.6923778612876,-594.6923778612877,-.8223977054910847E-13
605,-1.000000000000000,11729.78185549996,-586.4890927749979,-586.4890927749977,-.2056479986300985E-12
606,-1.000000000000000,12172.81936475423,-608.6409682377113,-608.6409682377115,.1298376824891007E-13
607,-1.000000000000000,11706.79427913450,-585.3397139567251,-585.3397139567249,.7776147347565709E-13
608,-1.000000000000000,13262.32508701389,-663.1162543506947,-663.1162543506947,.1244560010604800E-12
609,-1.000000000000000,12062.07134982670,-603.1035674913352,-603.1035674913351,-.2364428097756388E-14
610,-1.000000000000000,11819.86572605310,-590.9932863026553,-590.9932863026551,-.3246361512942997E-13
611,-1.000000000000000,11926.52888757190,-596.3264443785952,-596.3264443785953,-.2933567492115034E-13
612,-1.000000000000000,11782.64031751477,-589.1320158757383,-589.1320158757381,-.1626580814484413E-12
613,-1.000000000000000,12343.49133396119,-617.1745666980594,-617.1745666980592,-.1162692988762593E-13
614,-1.000000000000000,12001.80872024279,-600.0904360121397,-600.0904360121397,.5906971960178975E-13
615,-1.000000000000000,12079.31388481434,-603.9656942407173,-603.9656942407174,-.2567390744445674E-13
616,-1.000000000000000,11976.33764794336,-598.8168823971681,-598.8168823971681,-.1448135417868790E-12
617,-1.000000000000000,11503.70877327519,-575.1854386637592,-575.1854386637593,.7112019306809714E-13
618,-1.000000000000000,12162.79286208137,-608.1396431040686,-608.1396431040685,-.7510311816893989E-13
619,-1.000000000000000,12610.01333257987,-630.5006666289935,-630.5006666289935,.6029161545018091E-13
620,-1.000000000000000,12056.97859997894,-602.8489299989471,-602.8489299989473,-.6729857183953181E-13
621,-1.000000000000000,11717.29188577756,-585.8645942888779,-585.8645942888779,.1332267629550188E-14
622,-1.000000000000000,11893.09580736147,-594.6547903680738,-594.6547903680738,.4962696920074450E-13
623,-1.000000000000000,12225.50440253237,-611.2752201266184,-611.2752201266186,.1418865025470950E-12
624,-1.000000000000000,11843.08911846779,-592.1544559233894,-592.1544559233893,.5373479439185758E-13
625,-1.000000000000000,11401.33516197751,-570.0667580988751,-570.0667580988753,-.1059937727865279E-13
626,-1.000000000000000,11597.14410784603,-579.8572053923016,-579.8572053923016,-.9656338229024897E-13
627,-1.000000000000000,12023.35155881262,-601.1675779406313,-601.1675779406313,.7531822387996101E-13
628,-1.000000000000000,12152.53432626447,-607.6267163132233,-607.6267163132233,-.5514122145000577E-13
629,-1.000000000000000,13460.62675302859,-673.0313376514298,-673.0313376514299,.9592326932761353E-13
630,-1.000000000000000,13919.36088456259,-695.9680442281298,-695.9680442281300,.1065814103640150E-12
631,-1.000000000000000,13722.45935274820,-686.1229676374103,-686.1229676374102,.4263256414560601E-13
632,-1.000000000000000,11901.24027939257,-595.0620139696281,-595.0620139696283,-.8760093345161479E-13
633,-1.000000000000000,12289.11845996838,-614.4559229984191,-614.4559229984192,.5669661788665348E-13
634,-1.000000000000000,11475.54855121579,-573.7774275607894,-573.7774275607896,.1435080353162643E-12
635,-1.000000000000000,11586.28504298147,-579.3142521490739,-579.3142521490737,-.2491062911502695E-14
636,-1.000000000000000,11873.00056183140,-593.6500280915697,-593.6500280915698,.1540434446667405E-13
637,-1.000000000000000,11612.04958445850,-580.6024792229254,-580.6024792229255,-.1826880660638075E-13
638,-1.000000000000000,11704.75457821257,-585.2377289106288,-585.2377289106287,.5160092188608023E-13
639,-1.000000000000000,12962.43845994093,-648.1219229970468,-648.1219229970467,-.2269018306577664E-13
640,-1.000000000000000,11828.10860498729,-591.4054302493643,-591.4054302493644,.5080658116440873E-13
641,-1.000000000000000,13565.66495308416,-678.2832476542081,-678.2832476542080,.8537615059367454E-13
642,-1.000000000000000,12120.45323626637,-606.0226618133187,-606.0226618133187,.7449596495234800E-13
643,-1.000000000000000,12282.32612228985,-614.1163061144927,-614.1163061144927,-.3893239897134748E-13
644,-1.000000000000000,11868.59303759480,-593.4296518797398,-593.4296518797397,-.1158448337257312E-13
645,-1.000000000000000,11704.78177778253,-585.2390888891265,-585.2390888891264,-.5153050295497730E-14
646,-1.000000000000000,12522.35439903749,-626.1177199518745,-626.1177199518744,.5892067568439088E-13
647,-1.000000000000000,11891.25296889229,-594.5626484446144,-594.5626484446146,-.6057654378111010E-14
648,-1.000000000000000,12256.80428088070,-612.8402140440355,-612.8402140440357,.2008393451546908E-12
649,-1.000000000000000,12974.50000347039,-648.7250001735193,-648.7250001735192,-.1447730824111204E-12
650,-1.000000000000000,12026.44354337208,-601.3221771686038,-601.3221771686040,-.2444144062488385E-14
651,-1.000000000000000,12381.02993409229,-619.0514967046147,-619.0514967046147,.2073556136636314E-12
652,-1.000000000000000,14042.89794733502,-702.1448973667510,-702.1448973667508,-.2349231920106831E-12
653,-1.000000000000000,11731.59791184085,-586.5798955920427,-586.5798955920427,.1242755898189785E-13
654,-1.000000000000000,11897.40745991329,-594.8703729956643,-594.8703729956643,-.2046626756957437E-13
655,-1.000000000000000,11470.76825175621,-573.5384125878107,-573.5384125878106,.3723063524141423E-13
656,-1.000000000000000,11720.29226269242,-586.0146131346213,-586.0146131346213,-.2343354256841880E-13
657,-1.000000000000000,12159.45812668357,-607.9729063341782,-607.9729063341782,-.5032972194389529E-13
658,-1.000000000000000,11453.38427241884,-572.6692136209419,-572.6692136209421,-.4218847493575595E-13
659,-1.000000000000000,12162.43632557203,-608.1218162786013,-608.1218162786013,.1357475330060476E-13
660,-1.000000000000000,12003.28008364473,-600.1640041822366,-600.1640041822367,.4858440039168244E-13
661,-1.000000000000000,11637.52178027010,-581.8760890135047,-581.8760890135052,.1178369467974560E-12
662,-1.000000000000000,12081.62230318187,-604.0811151590935,-604.0811151590937,.5388348001431975E-13
663,-1.000000000000000,12311.77147697047,-615.5885738485237,-615.5885738485238,.1110550453681247E-12
664,-1.000000000000000,12950.54137408667,-647.5270687043337,-647.5270687043337,.1100890212324401E-12
665,-1.000000000000000,11367.02583506162,-568.3512917530811,-568.3512917530810,-.8094913628298173E-13
666,-1.000000000000000,12122.95278543078,-606.1476392715392,-606.1476392715390,-.6394884621840902E-13
667,-1.000000000000000,12328.82862137240,-616.4414310686199,-616.4414310686200,.7448208716454019E-13
668,-1.000000000000000,11892.35322195089,-594.6176610975447,-594.6176610975443,-.4068446968208406E-13
669,-1.000000000000000,11848.87599657373,-592.4437998286865,-592.4437998286862,-.1587536525848865E-12
670,-1.000000000000000,12157.45452705231,-607.8727263526158,-607.8727263526158,.1117310996327781E-14
671,-1.000000000000000,11852.82881491512,-592.6414407457560,-592.6414407457561,.3577693696854567E-13
672,-1.000000000000000,11901.03795619307,-595.0518978096533,-595.0518978096533,-.3039906380005591E-14
673,-1.000000000000000,11808.21149401106,-590.4105747005528,-590.4105747005530,.5596911822891570E-13
674,-1.000000000000000,12993.52261236880,-649.6761306184399,-649.6761306184400,-.2400514411814852E-13
675,-1.000000000000000,11968.35974925697,-598.4179874628484,-598.4179874628481,.1643130076445232E-13
676,-1.000000000000000,11977.59675600673,-598.8798378003364,-598.8798378003361,-.9350679952557783E-13
677,-1.000000000000000,11914.26924644283,-595.7134623221413,-595.7134623221416,.2819966482547898E-13
678,-1.000000000000000,12392.90231380476,-619.6451156902381,-619.6451156902382,-.6351662902234767E-13
679,-1.000000000000000,12140.33898827173,-607.0169494135865,-607.0169494135864,-.1234151669748940E-12
680,-1.000000000000000,11999.41399862400,-599.9706999311998,-599.9706999311999,.1533473868720048E-13
681,-1.000000000000000,11786.18321471264,-589.3091607356322,-589.3091607356321,.2789435349370706E-14
682,-1.000000000000000,12238.88115587600,-611.9440577938002,-611.9440577938000,-.1797867410502363E-12
683,-1.000000000000000,12559.21795184147,-627.9608975920731,-627.9608975920733,.8926193117986259E-13
684,-1.000000000000000,12124.03162559401,-606.2015812797006,-606.2015812797008,-.9908740494779522E-13
685,-1.000000000000000,11871.97226526550,-593.5986132632748,-593.5986132632748,-.7785438960183910E-13
686,-1.000000000000000,12323.33646912439,-616.1668234562194,-616.1668234562190,-.4790612351257550E-13
687,-1.000000000000000,12350.45016115933,-617.5225080579665,-617.5225080579667,.9843211315474498E-13
688,-1.000000000000000,11970.36237987409,-598.5181189937047,-598.5181189937047,-.4433129210945630E-13
689,-1.000000000000000,13183.72708462044,-659.1863542310218,-659.1863542310219,.1456612608308205E-12
690,-1.000000000000000,11623.52794525739,-581.1763972628694,-581.1763972628694,-.1450575770611806E-13
691,-1.000000000000000,11932.71737383925,-596.6358686919626,-596.6358686919626,-.3057276654061525E-13
692,-1.000000000000000,13776.71122506213,-688.8355612531067,-688.8355612531066,.1075806110861777E-12
693,-1.000000000000000,12331.87773777567,-616.5938868887836,-616.5938868887835,-.1451471592656822E-13
694,-1.000000000000000,12207.46412970040,-610.3732064850201,-610.3732064850201,.2325917236589703E-13
695,-1.000000000000000,12581.96929581219,-629.0984647906095,-629.0984647906093,.2779460689383839E-14
696,-1.000000000000000,12074.17146961046,-603.7085734805231,-603.7085734805230,.8534839501805891E-15
697,-1.000000000000000,12063.28087010191,-603.1640435050957,-603.1640435050961,.1032507412901396E-12
698,-1.000000000000000,14120.87338723496,-706.0436693617480,-706.0436693617480,-.1218985307659126E-12
699,-1.000000000000000,12354.01674422546,-617.7008372112731,-617.7008372112732,.1006321762031526E-12
700,-1.000000000000000,11980.74904104194,-599.0374520520973,-599.0374520520973,-.7166489623955385E-13
701,-1.000000000000000,11660.66403841330,-583.0332019206649,-583.0332019206649,.9306097559225179E-13
702,-1.000000000000000,11874.68497395632,-593.7342486978163,-593.7342486978163,-.1101618796184312E-12
703,-1.000000000000000,12186.50074083067,-609.3250370415338,-609.3250370415342,.9811595980124821E-13
704,-1.000000000000000,12203.60200392708,-610.1801001963539,-610.1801001963541,-.1010580508165049E-12
705,-1.000000000000000,11948.03473091821,-597.4017365459106,-597.4017365459105,-.3134276692351445E-13
706,-1.000000000000000,11809.72330587878,-590.4861652939393,-590.4861652939389,-.2643892049736252E-13
707,-1.000000000000000,13145.55888031645,-657.2779440158221,-657.2779440158224,.1900701818158268E-12
708,-1.000000000000000,12166.03785445701,-608.3018927228510,-608.3018927228508,-.4951448322534913E-13
709,-1.000000000000000,11652.04432595702,-582.6022162978512,-582.6022162978513,-.6439293542825908E-14
710,-1.000000000000000,12054.99339566016,-602.7496697830082,-602.7496697830081,-.3121374686498868E-13
711,-1.000000000000000,11587.28579859245,-579.3642899296221,-579.3642899296224,.7322073990959771E-13
712,-1.000000000000000,12627.89254183334,-631.3946270916668,-631.3946270916670,-.6367129046225273E-13
713,-1.000000000000000,13990.31571909789,-699.5157859548948,-699.5157859548947,.6425068810322898E-13
714,-1.000000000000000,11589.24167533319,-579.4620837666596,-579.4620837666597,.1310927278189156E-12
715,-1.000000000000000,12635.34755346761,-631.7673776733803,-631.7673776733806,-.7169959070907339E-13
716,-1.000000000000000,12112.60345165109,-605.6301725825546,-605.6301725825545,-.6901129786986843E-13
717,-1.000000000000000,11655.70942799525,-582.7854713997624,-582.7854713997626,.1129235593921862E-12
718,-1.000000000000000,11804.12455921167,-590.2062279605835,-590.2062279605835,.1003789065756600E-12
719,-1.000000000000000,11708.22516071982,-585.4112580359916,-585.4112580359918,.6387405998543004E-13
720,-1.000000000000000,12005.80586290502,-600.2902931452509,-600.2902931452509,-.2795333409189027E-13
721,-1.000000000000000,12061.65034455597,-603.0825172277990,-603.0825172277989,-.4049972163189253E-13
722,-1.000000000000000,12422.24088583025,-621.1120442915126,-621.1120442915123,-.3386874114497118E-13
723,-1.000000000000000,12327.77440342707,-616.3887201713533,-616.3887201713534,.9947598300641403E-13
724,-1.000000000000000,12238.11484500554,-611.9057422502768,-611.9057422502768,-.1585661059378372E-12
725,-1.000000000000000,11759.04721917343,-587.9523609586715,-587.9523609586718,.1398840082395686E-12
726,-1.000000000000000,12103.66940117674,-605.1834700588371,-605.1834700588370,-.7580492223518975E-13
727,-1.000000000000000,14042.33543618732,-702.1167718093658,-702.1167718093654,-.7388967909749411E-13
728,-1.000000000000000,11659.93641183371,-582.9968205916853,-582.9968205916855,.1438313444040995E-12
729,-1.000000000000000,13802.76960302316,-690.1384801511581,-690.1384801511581,.1314504061156185E-12
730,-1.000000000000000,12131.73385157566,-606.5866925787831,-606.5866925787830,.4794743161534720E-13
731,-1.000000000000000,12240.70033761814,-612.0350168809071,-612.0350168809067,-.1054683684137414E-12
732,-1.000000000000000,13492.73020358332,-674.6365101791657,-674.6365101791662,.2343561000643646E-12
733,-1.000000000000000,12172.41807975714,-608.6209039878568,-608.6209039878567,.2775557561562891E-15
734,-1.000000000000000,11843.38237864187,-592.1691189320934,-592.1691189320933,.7657094495136865E-13
735,-1.000000000000000,11805.80503574958,-590.2902517874790,-590.2902517874788,.6741829317036263E-13
736,-1.000000000000000,12291.98223976795,-614.5991119883973,-614.5991119883976,-.4146682996974960E-13
737,-1.000000000000000,11583.78203824747,-579.1891019123734,-579.1891019123736,-.4356674555994623E-13
738,-1.000000000000000,12504.22856611131,-625.2114283055652,-625.2114283055655,.1530997550958091E-12
739,-1.000000000000000,11894.61187944965,-594.7305939724826,-594.7305939724830,-.1588217946914272E-13
740,-1.000000000000000,12084.02299720431,-604.2011498602157,-604.2011498602157,-.3841274087007518E-14
741,-1.000000000000000,11646.41500918013,-582.3207504590066,-582.3207504590063,-.4068559009491504E-13
742,-1.000000000000000,12077.20803246291,-603.8604016231454,-603.8604016231457,.4352074256530614E-13
743,-1.000000000000000,11632.57215564186,-581.6286077820927,-581.6286077820929,.1830179887848948E-12
744,-1.000000000000000,11702.94985455147,-585.1474927275735,-585.1474927275732,-.9567110423108413E-13
745,-1.000000000000000,12451.96736781697,-622.5983683908482,-622.5983683908485,.1259565910773086E-12
746,-1.000000000000000,12044.76168631019,-602.2380843155097,-602.2380843155095,.5284661597215745E-13
747,-1.000000000000000,12076.84614595698,-603.8423072978491,-603.8423072978487,.7105427357601002E-13
748,-1.000000000000000,12248.73068485252,-612.4365342426261,-612.4365342426262,.1240172701810543E-13
749,-1.000000000000000,12007.96637532618,-600.3983187663092,-600.3983187663090,.1418587469714794E-12
750,-1.000000000000000,12639.63219432911,-631.9816097164552,-631.9816097164552,.9336281747707176E-14
751,-1.000000000000000,12809.74782207848,-640.4873911039241,-640.4873911039242,-.1853096669168774E-13
752,-1.000000000000000,11455.00159125421,-572.7500795627108,-572.7500795627107,-.4174438572590589E-13
753,-1.000000000000000,12107.19935701811,-605.3599678509056,-605.3599678509057,.1713629238508929E-12
754,-1.000000000000000,12078.23532175857,-603.9117660879281,-603.9117660879283,-.6400435736964027E-13
755,-1.000000000000000,12667.24598868575,-633.3622994342877,-633.3622994342876,-.1826052330178296E-12
756,-1.000000000000000,12117.57587174087,-605.8787935870438,-605.8787935870436,-.8754108549169359E-13
757,-1.000000000000000,11660.65918568681,-583.0329592843406,-583.0329592843407,.5228022875725102E-13
758,-1.000000000000000,11488.90064125532,-574.4450320627661,-574.4450320627659,.2528359466236196E-13
759,-1.000000000000000,11414.27917552658,-570.7139587763292,-570.7139587763293,-.1004751837285767E-13
760,-1.000000000000000,11578.88936198032,-578.9444680990158,-578.9444680990155,-.1280798112967413E-12
761,-1.000000000000000,13901.18509881714,-695.0592549408572,-695.0592549408569,-.8715250743307479E-13
762,-1.000000000000000,13025.01749301948,-651.2508746509741,-651.2508746509742,-.2248201624865942E-13
763,-1.000000000000000,11722.31607001000,-586.1158035005001,-586.1158035005002,-.2953193245502916E-13
764,-1.000000000000000,11764.15363165760,-588.2076815828799,-588.2076815828799,-.1305292679498748E-13
765,-1.000000000000000,11646.74331717545,-582.3371658587724,-582.3371658587722,-.3066047172010575E-13
766,-1.000000000000000,11870.71867053721,-593.5359335268606,-593.5359335268604,-.1177703767840654E-12
767,-1.000000000000000,11288.40010937763,-564.4200054688813,-564.4200054688813,.2535471832487701E-13
768,-1.000000000000000,12333.53835363447,-616.6769176817238,-616.6769176817240,.1320147875565059E-12
769,-1.000000000000000,11896.80597282313,-594.8402986411567,-594.8402986411566,.7011752289898254E-13
770,-1.000000000000000,12134.88086341994,-606.7440431709972,-606.7440431709970,-.3776552638320996E-13
771,-1.000000000000000,11622.87322472647,-581.1436612363234,-581.1436612363232,-.8404388296412435E-13
772,-1.000000000000000,13282.43168284533,-664.1215841422663,-664.1215841422660,-.1563194018672220E-12
773,-1.000000000000000,11699.49318117101,-584.9746590585506,-584.9746590585505,-.2784469025794364E-13
774,-1.000000000000000,11814.79068786177,-590.7395343930882,-590.7395343930881,-.2102484852883890E-13
775,-1.000000000000000,11881.29613929653,-594.0648069648269,-594.0648069648265,-.1476757897824615E-12
776,-1.000000000000000,12642.28396983193,-632.1141984915968,-632.1141984915968,-.2185429029584463E-13
777,-1.000000000000000,11929.15795177482,-596.4578975887410,-596.4578975887412,.1409150574005480E-12
778,-1.000000000000000,11834.30898493994,-591.7154492469970,-591.7154492469971,-.2205872000359856E-13
779,-1.000000000000000,11845.34698785884,-592.2673493929422,-592.2673493929422,.1942729695647225E-13
780,-1.000000000000000,11848.79053891337,-592.4395269456684,-592.4395269456685,.8056844579516775E-13
781,-1.000000000000000,11666.58179035210,-583.3290895176048,-583.3290895176048,-.6868334026521872E-13
782,-1.000000000000000,12061.79686018254,-603.0898430091271,-603.0898430091273,.1341927396568583E-12
783,-1.000000000000000,11854.07175643252,-592.7035878216259,-592.7035878216259,-.1601677232683507E-12
784,-1.000000000000000,11668.89585982840,-583.4447929914199,-583.4447929914199,.6582109459897674E-13
785,-1.000000000000000,11882.98168399851,-594.1490841999254,-594.1490841999254,-.2642330798607873E-13
786,-1.000000000000000,11902.49002529312,-595.1245012646561,-595.1245012646560,-.9253708910250680E-13
787,-1.000000000000000,12008.46317708955,-600.4231588544775,-600.4231588544775,.2131628207280301E-13
788,-1.000000000000000,11818.96766964024,-590.9483834820120,-590.9483834820121,.1595945597898663E-12
789,-1.000000000000000,12089.32701790855,-604.4663508954275,-604.4663508954276,.2024814980939281E-13
790,-1.000000000000000,11558.35273129981,-577.9176365649903,-577.9176365649902,-.3587408148320037E-13
791,-1.000000000000000,11664.48549623830,-583.2242748119149,-583.2242748119147,-.1131109095275917E-12
792,-1.000000000000000,12186.19419973802,-609.3097099869008,-609.3097099869012,.1025846074753645E-12
793,-1.000000000000000,12396.93457061111,-619.8467285305557,-619.8467285305557,-.7822301834048417E-14
794,-1.000000000000000,11721.81483200349,-586.0907416001746,-586.0907416001745,-.8698597397938101E-13
795,-1.000000000000000,12409.96892678744,-620.4984463393720,-620.4984463393720,-.8221028025001687E-13
796,-1.000000000000000,11929.33341000918,-596.4666705004591,-596.4666705004593,.1004251422926023E-12
797,-1.000000000000000,12885.42467676035,-644.2712338380178,-644.2712338380178,.1398898358262457E-12
798,-1.000000000000000,11964.03487823905,-598.2017439119525,-598.2017439119527,-.1635670765498531E-13
799,-1.000000000000000,12245.01957897889,-612.2509789489442,-612.2509789489444,.4872556351454005E-13
800,-1.000000000000000,12163.93347521942,-608.1966737609710,-608.1966737609712,.1109798017373542E-12
801,-1.000000000000000,11834.03600616257,-591.7018003081287,-591.7018003081283,-.5204777581147013E-13
802,-1.000000000000000,11699.77077140939,-584.9885385704697,-584.9885385704695,-.1207367539279858E-12
803,-1.000000000000000,12323.34791627298,-616.1673958136491,-616.1673958136491,-.3363455347571431E-13
804,-1.000000000000000,12075.59469356379,-603.7797346781894,-603.7797346781896,-.2366336293579963E-13
805,-1.000000000000000,12159.24243054506,-607.9621215272527,-607.9621215272529,.2358956942543483E-13
806,-1.000000000000000,12616.62278375790,-630.8311391878952,-630.8311391878951,.2675637489346627E-13
807,-1.000000000000000,12522.47428708080,-626.1237143540397,-626.1237143540400,.5212497100615110E-13
808,-1.000000000000000,12584.69031185042,-629.2345155925208,-629.2345155925209,.7071925510471200E-14
809,-1.000000000000000,11678.73080236021,-583.9365401180105,-583.9365401180108,.7202219506549645E-14
810,-1.000000000000000,12057.44916114435,-602.8724580572174,-602.8724580572176,-.4171131755964508E-13
811,-1.000000000000000,12193.66265553645,-609.6831327768223,-609.6831327768226,.1259548021437240E-12
812,-1.000000000000000,12128.50865650752,-606.4254328253762,-606.4254328253763,-.2868538739875248E-13
813,-1.000000000000000,12076.01913091714,-603.8009565458569,-603.8009565458570,.6498274141009119E-13
814,-1.000000000000000,11395.19616876945,-569.7598084384725,-569.7598084384730,.8604228440844963E-14
815,-1.000000000000000,11374.53661453890,-568.7268307269453,-568.7268307269451,-.2405887988832234E-13
816,-1.000000000000000,12060.45573300936,-603.0227866504681,-603.0227866504679,.7062530898646613E-13
817,-1.000000000000000,11649.78058267097,-582.4890291335488,-582.4890291335489,-.6088402351722699E-13
818,-1.000000000000000,11935.68766938731,-596.7843834693657,-596.7843834693658,.3396835899583187E-13
819,-1.000000000000000,12494.41604219490,-624.7208021097450,-624.7208021097451,.1010858063921205E-12
820,-1.000000000000000,13543.42849995167,-677.1714249975832,-677.1714249975832,-.1305648297811324E-12
821,-1.000000000000000,13071.11560457263,-653.5557802286312,-653.5557802286313,.1790234627208065E-13
822,-1.000000000000000,11813.47705996516,-590.6738529982583,-590.6738529982581,.9973987781519700E-13
823,-1.000000000000000,12166.77386661682,-608.3386933308411,-608.3386933308410,-.1149295502517189E-12
824,-1.000000000000000,11770.68591439862,-588.5342957199309,-588.5342957199308,-.5837908281791648E-13
825,-1.000000000000000,12283.00345989168,-614.1501729945837,-614.1501729945840,-.4796163466380676E-13
826,-1.000000000000000,11545.44754601938,-577.2723773009693,-577.2723773009692,-.5795364188543317E-13
827,-1.000000000000000,11968.23180639974,-598.4115903199872,-598.4115903199870,-.9936496070395151E-13
828,-1.000000000000000,11963.88634784578,-598.1943173922891,-598.1943173922890,.3514053927770534E-13
829,-1.000000000000000,12317.12823079773,-615.8564115398866,-615.8564115398866,-.1488045797692905E-12
830,-1.000000000000000,12309.27998478144,-615.4639992390720,-615.4639992390720,-.7586466177489370E-13
831,-1.000000000000000,11646.61365579360,-582.3306827896799,-582.3306827896799,.6300515664747763E-14
832,-1.000000000000000,11654.01532242552,-582.7007661212762,-582.7007661212760,-.1291233965453401E-15
833,-1.000000000000000,11564.97948699139,-578.2489743495696,-578.2489743495695,.6091916860827447E-13
834,-1.000000000000000,12028.83393073869,-601.4416965369345,-601.4416965369346,-.1620990668083078E-14
835,-1.000000000000000,11683.06218902214,-584.1531094511070,-584.1531094511068,-.6139035948430488E-13
836,-1.000000000000000,13350.81381821661,-667.5406909108303,-667.5406909108304,-.4144601328803788E-13
837,-1.000000000000000,12025.53220991498,-601.2766104957493,-601.2766104957489,.9769962616701378E-13
838,-1.000000000000000,13033.63189952690,-651.6815949763451,-651.6815949763452,.3313587467655344E-13
839,-1.000000000000000,11979.05482965811,-598.9527414829054,-598.9527414829055,.3690190514271663E-14
840,-1.000000000000000,12146.12342852865,-607.3061714264326,-607.3061714264326,.3522486122231605E-13
841,-1.000000000000000,13123.19317290341,-656.1596586451706,-656.1596586451708,.5417888360170764E-13
842,-1.000000000000000,12076.53068150408,-603.8265340752041,-603.8265340752042,.1007648825490648E-12
843,-1.000000000000000,11793.87334910059,-589.6936674550296,-589.6936674550296,.1643930217648526E-12
844,-1.000000000000000,12968.98708589985,-648.4493542949924,-648.4493542949922,-.1538699723191428E-13
845,-1.000000000000000,12555.93123263759,-627.7965616318797,-627.7965616318794,.2088948588760409E-13
846,-1.000000000000000,11904.55087931126,-595.2275439655630,-595.2275439655629,.7983197436445266E-13
847,-1.000000000000000,11796.87152456580,-589.8435762282903,-589.8435762282902,.1966031504263555E-12
848,-1.000000000000000,11783.95630073500,-589.1978150367497,-589.1978150367499,.1531066939897130E-13
849,-1.000000000000000,12183.87796290234,-609.1938981451171,-609.1938981451170,-.1479719125008216E-12
850,-1.000000000000000,11732.02056319004,-586.6010281595020,-586.6010281595018,-.3771982726163969E-13
851,-1.000000000000000,11816.38867319905,-590.8194336599526,-590.8194336599528,.3870891472804947E-13
852,-1.000000000000000,12112.58853065213,-605.6294265326065,-605.6294265326069,.9684874430204715E-13
853,-1.000000000000000,11309.21982940145,-565.4609914700725,-565.4609914700725,.1514066649832557E-13
854,-1.000000000000000,12377.49199812244,-618.8745999061217,-618.8745999061218,-.3103073353827313E-13
855,-1.000000000000000,11629.59015400236,-581.4795077001179,-581.4795077001180,-.1922879173596459E-12
856,-1.000000000000000,11389.12775739897,-569.4563878699488,-569.4563878699488,.9037215420448774E-13
857,-1.000000000000000,11909.91188167266,-595.4955940836334,-595.4955940836330,-.1160476337420946E-12
858,-1.000000000000000,11845.15862070673,-592.2579310353365,-592.2579310353366,-.4701794509287538E-13
859,-1.000000000000000,12317.99508635063,-615.8997543175313,-615.8997543175313,.2509104035652854E-13
860,-1.000000000000000,12657.86084398188,-632.8930421990938,-632.8930421990938,.8171241461241152E-13
861,-1.000000000000000,12028.73190837129,-601.4365954185648,-601.4365954185648,.5092063923295420E-13
862,-1.000000000000000,11749.22797781210,-587.4613988906053,-587.4613988906051,-.1051988357536615E-12
863,-1.000000000000000,11790.07653560762,-589.5038267803807,-589.5038267803808,-.9804689612286088E-13
864,-1.000000000000000,11582.51089810423,-579.1255449052115,-579.1255449052117,-.1389242453714301E-14
865,-1.000000000000000,13212.27703418491,-660.6138517092456,-660.6138517092455,.9603776107702799E-13
866,-1.000000000000000,15793.08296462994,-789.6541482314972,-789.6541482314974,.8623857921177813E-13
867,-1.000000000000000,11819.16220995600,-590.9581104977995,-590.9581104977995,-.1123545700920658E-12
868,-1.000000000000000,11828.43329144475,-591.4216645722375,-591.4216645722374,-.1777137464964440E-12
869,-1.000000000000000,12715.80378469561,-635.7901892347809,-635.7901892347805,.8346188323793413E-14
870,-1.000000000000000,11102.84000900346,-555.1420004501734,-555.1420004501731,.7180367411763200E-13
871,-1.000000000000000,11727.37524460318,-586.3687622301588,-586.3687622301588,.1030286966852145E-12
872,-1.000000000000000,12092.33974631639,-604.6169873158195,-604.6169873158192,-.1060905310541586E-12
873,-1.000000000000000,11786.57258077501,-589.3286290387503,-589.3286290387503,.6459936752190032E-13
874,-1.000000000000000,11757.95955939644,-587.8979779698220,-587.8979779698224,.7670253321379050E-13
875,-1.000000000000000,11950.67337797149,-597.5336688985745,-597.5336688985744,-.7022160630754115E-13
876,-1.000000000000000,12617.86843585787,-630.8934217928935,-630.8934217928936,.3619124788810206E-13
877,-1.000000000000000,12177.10631146667,-608.8553155733333,-608.8553155733333,-.2547614896819539E-13
878,-1.000000000000000,11545.53270076330,-577.2766350381651,-577.2766350381654,.1434386463772253E-12
879,-1.000000000000000,11907.67998881128,-595.3839994405639,-595.3839994405637,-.1182390771218418E-12
880,-1.000000000000000,11582.32465830582,-579.1162329152913,-579.1162329152912,-.3243585955381434E-13
881,-1.000000000000000,11981.16121120761,-599.0580605603803,-599.0580605603802,.4163336342344337E-13
882,-1.000000000000000,12404.20908761258,-620.2104543806292,-620.2104543806291,-.1606614147275920E-13
883,-1.000000000000000,12300.04366239278,-615.0021831196390,-615.0021831196389,-.9934457770310878E-13
884,-1.000000000000000,11807.75146957464,-590.3875734787318,-590.3875734787318,-.6190410868373714E-13
885,-1.000000000000000,12128.99035610334,-606.4495178051669,-606.4495178051667,-.8593126210598712E-13
886,-1.000000000000000,12171.89220064998,-608.5946100324988,-608.5946100324987,-.5832176240430989E-13
887,-1.000000000000000,12001.16955482412,-600.0584777412059,-600.0584777412058,.4742387038625395E-13
888,-1.000000000000000,12115.92043430306,-605.7960217151528,-605.7960217151531,.1761039231107375E-12
889,-1.000000000000000,15020.81002839861,-751.0405014199306,-751.0405014199306,.8686393347234062E-13
890,-1.000000000000000,12055.12669564156,-602.7563347820783,-602.7563347820782,-.1101558080862652E-12
891,-1.000000000000000,12155.30111901864,-607.7650559509322,-607.7650559509322,-.9792167077193881E-13
892,-1.000000000000000,11717.32431374451,-585.8662156872257,-585.8662156872255,.2325917236589703E-13
893,-1.000000000000000,12105.53038443862,-605.2765192219309,-605.2765192219310,-.9769962616701378E-14
894,-1.000000000000000,11878.83171788967,-593.9415858944834,-593.9415858944834,-.4109047778616811E-13
895,-1.000000000000000,12235.32961029710,-611.7664805148546,-611.7664805148547,.7385758671318854E-13
896,-1.000000000000000,13409.89781983429,-670.4948909917143,-670.4948909917144,.1776356839400250E-13
897,-1.000000000000000,11863.03326727651,-593.1516633638253,-593.1516633638253,-.8333134529636688E-13
898,-1.000000000000000,11675.52576251202,-583.7762881256010,-583.7762881256014,.2997602166487923E-13
899,-1.000000000000000,11992.74949289712,-599.6374746448562,-599.6374746448563,.4568914691027715E-13
900,-1.000000000000000,12327.50807241900,-616.3754036209499,-616.3754036209498,-.2153832667772804E-13
901,-1.000000000000000,11521.68352393378,-576.0841761966890,-576.0841761966890,.2887111123089925E-13
902,-1.000000000000000,11609.22385432530,-580.4611927162650,-580.4611927162653,-.7578659921847475E-13
903,-1.000000000000000,12657.93338475680,-632.8966692378403,-632.8966692378401,.6044427111606687E-14
904,-1.000000000000000,12501.24790544010,-625.0623952720049,-625.0623952720049,-.4694161725993240E-13
905,-1.000000000000000,12102.83232042393,-605.1416160211963,-605.1416160211965,.8022749131697537E-13
906,-1.000000000000000,12016.17333749897,-600.8086668749487,-600.8086668749484,-.7578724973977824E-13
907,-1.000000000000000,12192.26811486713,-609.6134057433563,-609.6134057433568,-.6200335384010103E-13
908,-1.000000000000000,12197.90294534855,-609.8951472674274,-609.8951472674274,-.8265610418334290E-13
909,-1.000000000000000,13334.13155375372,-666.7065776876866,-666.7065776876868,.3207460338994217E-12
910,-1.000000000000000,11884.60084662476,-594.2300423312382,-594.2300423312380,-.5157909892922717E-13
911,-1.000000000000000,12016.92283517429,-600.8461417587143,-600.8461417587146,.6458722445756848E-13
912,-1.000000000000000,12103.61677400287,-605.1808387001431,-605.1808387001431,-.1677141498596102E-13
913,-1.000000000000000,11892.12922219490,-594.6064611097453,-594.6064611097453,.8135159212940835E-13
914,-1.000000000000000,11610.95595944248,-580.5477979721237,-580.5477979721237,-.4803449304979779E-13
915,-1.000000000000000,11922.14612833602,-596.1073064168013,-596.1073064168012,-.3208544541166702E-13
916,-1.000000000000000,12036.35300566832,-601.8176502834161,-601.8176502834160,-.2254273157031861E-13
917,-1.000000000000000,12111.06336155341,-605.5531680776709,-605.5531680776708,-.4391192270913891E-13
918,-1.000000000000000,11765.16047587576,-588.2580237937881,-588.2580237937877,.6578071420904053E-14
919,-1.000000000000000,11851.01510413152,-592.5507552065764,-592.5507552065762,.3131305978398835E-13
920,-1.000000000000000,12264.08904157624,-613.2044520788119,-613.2044520788120,-.5882989408123596E-13
921,-1.000000000000000,12083.10345924754,-604.1551729623772,-604.1551729623773,-.6568010024743387E-13
922,-1.000000000000000,13629.06010893251,-681.4530054466251,-681.4530054466252,-.3380976054678797E-14
923,-1.000000000000000,11808.63404817828,-590.4317024089142,-590.4317024089146,.7471800955727304E-13
924,-1.000000000000000,13017.95487216623,-650.8977436083113,-650.8977436083113,.4024558464266192E-13
925,-1.000000000000000,11787.51497756471,-589.3757488782358,-589.3757488782355,-.9658550001456767E-13
926,-1.000000000000000,12020.20197427967,-601.0100987139832,-601.0100987139836,.1787632541994100E-13
927,-1.000000000000000,12350.29698955816,-617.5148494779082,-617.5148494779082,-.5382380739021864E-13
928,-1.000000000000000,12082.53194862371,-604.1265974311860,-604.1265974311859,-.1814520755871740E-13
929,-1.000000000000000,12379.26360930332,-618.9631804651660,-618.9631804651658,-.6894484982922222E-13
930,-1.000000000000000,11879.42257512938,-593.9711287564692,-593.9711287564692,-.1593170040337100E-13
931,-1.000000000000000,11380.19032880145,-569.0095164400725,-569.0095164400728,.2203629412869364E-12
932,-1.000000000000000,12495.76515413630,-624.7882577068148,-624.7882577068151,-.1179611963664229E-13
933,-1.000000000000000,11739.77723290248,-586.9888616451240,-586.9888616451238,.3426425809749389E-13
934,-1.000000000000000,14443.56959717294,-722.1784798586469,-722.1784798586466,-.2700062395888381E-12
935,-1.000000000000000,11741.27963474188,-587.0639817370943,-587.0639817370941,.1105040538240676E-13
936,-1.000000000000000,12726.63715596298,-636.3318577981489,-636.3318577981487,-.2899687868290757E-13
937,-1.000000000000000,11955.23826089716,-597.7619130448578,-597.7619130448581,.1046424231987420E-12
938,-1.000000000000000,12418.63315058636,-620.9316575293179,-620.9316575293178,-.1095790125305030E-12
939,-1.000000000000000,12082.81860811513,-604.1409304057562,-604.1409304057564,-.1044372921477077E-12
940,-1.000000000000000,11749.44089609882,-587.4720448049407,-587.4720448049409,.1197375532058231E-12
941,-1.000000000000000,11784.61351140370,-589.2306755701849,-589.2306755701851,.1129131510513304E-13
942,-1.000000000000000,11463.62527652617,-573.1812638263085,-573.1812638263086,-.1380701108999460E-12
943,-1.000000000000000,11862.40434372825,-593.1202171864129,-593.1202171864126,-.1201781729687212E-12
944,-1.000000000000000,11758.99583834325,-587.9497919171629,-587.9497919171627,-.7833317328120870E-13
945,-1.000000000000000,11787.75359861671,-589.3876799308356,-589.3876799308355,-.6535050278699828E-13
946,-1.000000000000000,11452.08495528614,-572.6042477643067,-572.6042477643067,.1810183947181798E-14
947,-1.000000000000000,13280.84047707131,-664.0420238535656,-664.0420238535655,-.3999123081299683E-13
948,-1.000000000000000,11606.25808269938,-580.3129041349691,-580.3129041349691,-.5435047214803063E-13
949,-1.000000000000000,11534.60493409445,-576.7302467047227,-576.7302467047227,.3288948974278227E-13
950,-1.000000000000000,11849.31829424284,-592.4659147121421,-592.4659147121422,.5109801470837283E-13
951,-1.000000000000000,13169.70763562648,-658.4853817813241,-658.4853817813239,-.6369904603786836E-14
952,-1.000000000000000,11440.59877585185,-572.0299387925927,-572.0299387925927,-.7028091216637611E-13
953,-1.000000000000000,13786.08647281132,-689.3043236405663,-689.3043236405661,-.6007651651542337E-13
954,-1.000000000000000,12260.31586325768,-613.0157931628842,-613.0157931628841,.3785860513971784E-13
955,-1.000000000000000,11981.27977721060,-599.0639888605299,-599.0639888605300,.3936716404251417E-13
956,-1.000000000000000,13277.38426961803,-663.8692134809015,-663.8692134809017,.9592326932761353E-13
957,-1.000000000000000,12148.91284323459,-607.4456421617293,-607.4456421617296,.1042800557276430E-12
958,-1.000000000000000,12226.47957838524,-611.3239789192619,-611.3239789192621,.1345963271393025E-12
959,-1.000000000000000,12178.07124071036,-608.9035620355178,-608.9035620355179,.1246294734080777E-12
960,-1.000000000000000,12027.09479597395,-601.3547397986979,-601.3547397986980,.4440892098500626E-13
961,-1.000000000000000,11786.98674182294,-589.3493370911468,-589.3493370911466,.3360490054629683E-13
962,-1.000000000000000,12177.84784071888,-608.8923920359438,-608.8923920359439,.4221623051137158E-13
963,-1.000000000000000,14325.29086681145,-716.2645433405727,-716.2645433405726,.2715420932813267E-13
964,-1.000000000000000,11466.44226101031,-573.3221130505152,-573.3221130505153,.1691008444382192E-13
965,-1.000000000000000,11839.94097517437,-591.9970487587183,-591.9970487587182,-.1022463228450218E-12
966,-1.000000000000000,11800.01900226885,-590.0009501134429,-590.0009501134427,.3049262494182726E-13
967,-1.000000000000000,11755.08102878232,-587.7540514391160,-587.7540514391159,-.8393286066166183E-13
968,-1.000000000000000,12010.98285747148,-600.5491428735738,-600.5491428735739,-.4982209171047400E-13
969,-1.000000000000000,11942.42921236438,-597.1214606182193,-597.1214606182192,.7183343546726673E-13
970,-1.000000000000000,11572.12055698359,-578.6060278491796,-578.6060278491797,.1451443132349794E-13
971,-1.000000000000000,11265.18998073039,-563.2594990365195,-563.2594990365200,.3369310039302853E-13
972,-1.000000000000000,12187.32815221253,-609.3664076106267,-609.3664076106263,-.5951134225169741E-13
973,-1.000000000000000,12032.90159735151,-601.6450798675756,-601.6450798675755,-.1290178901214301E-13
974,-1.000000000000000,12206.29301437031,-610.3146507185153,-610.3146507185156,.3021281141935006E-13
975,-1.000000000000000,11927.24191931231,-596.3620959656153,-596.3620959656156,-.4129856179257985E-13
976,-1.000000000000000,11969.21968943678,-598.4609844718391,-598.4609844718389,-.1704461224938392E-12
977,-1.000000000000000,12087.08018331621,-604.3540091658107,-604.3540091658108,-.3516631430500183E-13
978,-1.000000000000000,12032.19290684230,-601.6096453421151,-601.6096453421154,.8035499349245967E-13
979,-1.000000000000000,11990.66465017179,-599.5332325085897,-599.5332325085899,.4255295998922305E-13
980,-1.000000000000000,11717.22032092963,-585.8610160464816,-585.8610160464820,-.1039875108764521E-12
981,-1.000000000000000,11944.26537919830,-597.2132689599154,-597.2132689599150,-.8603361079106975E-14
982,-1.000000000000000,11684.66426494710,-584.2332132473548,-584.2332132473554,.2531308496145357E-13
983,-1.000000000000000,12045.17977975764,-602.2589889878823,-602.2589889878819,-.1650408914846421E-12
984,-1.000000000000000,11669.48239110669,-583.4741195553347,-583.4741195553346,.5375962262160749E-14
985,-1.000000000000000,11983.92322336753,-599.1961611683768,-599.1961611683769,-.4946043574705072E-13
986,-1.000000000000000,13403.59970453127,-670.1799852265634,-670.1799852265632,-.3454539172081939E-15
987,-1.000000000000000,11880.67060108575,-594.0335300542876,-594.0335300542874,.4078616784586320E-13
988,-1.000000000000000,11548.80239618973,-577.4401198094863,-577.4401198094865,.9499519226796593E-13
989,-1.000000000000000,11600.65116668039,-580.0325583340194,-580.0325583340194,-.1176836406102666E-13
990,-1.000000000000000,12308.34817640599,-615.4174088202990,-615.4174088202991,-.3375077994860476E-13
991,-1.000000000000000,11337.82523272000,-566.8912616359999,-566.8912616360001,.6198157492896123E-13
992,-1.000000000000000,12552.42650774750,-627.6213253873750,-627.6213253873755,.2763067552535858E-12
993,-1.000000000000000,12343.04561207789,-617.1522806038946,-617.1522806038946,-.1415616755762183E-12
994,-1.000000000000000,11986.67957930284,-599.3339789651419,-599.3339789651418,.5327465898985473E-13
995,-1.000000000000000,12046.96370731222,-602.3481853656111,-602.3481853656111,-.1184191633640808E-12
996,-1.000000000000000,12390.71125869118,-619.5355629345593,-619.5355629345590,-.4171589831382383E-13
997,-1.000000000000000,12192.94522973098,-609.6472614865489,-609.6472614865488,-.1172438882091065E-12
998,-1.000000000000000,12070.20131547780,-603.5100657738900,-603.5100657738899,.3041847101894340E-13
999,-1.000000000000000,11809.74652204709,-590.4873261023549,-590.4873261023549,.1230838212384552E-12
1000,-1.000000000000000,12131.22983182251,-606.5614915911256,-606.5614915911252,.4879430193227563E-13
