id,Layer,node_count,HR_total,EPR_total,WR_total,UR_total
0,1,784,.000000000000000,.000000000000000,-24.77941287312256,24.77941287312256
0,2,256,-49.55882574624427,99.11765149248853,-52.64522864924707,3.086402903002788
0,3,10,-55.73163155224903,111.4632631044981,-27.86581577612450,-27.86581577612453
1,1,784,.000000000000000,.000000000000000,-25.46527010437192,25.46527010437192
1,2,256,-50.93054020874302,101.8610804174860,-50.45310057704017,-.4774396317028619
1,3,10,-49.97566094533650,99.95132189067300,-24.98783047266824,-24.98783047266826
2,1,784,.000000000000000,.000000000000000,-25.57521989563465,25.57521989563465
2,2,256,-51.15043979126850,102.3008795825370,-50.66422842319557,-.4862113680729980
2,3,10,-50.17801705512167,100.3560341102433,-25.08900852756084,-25.08900852756084
3,1,784,.000000000000000,.000000000000000,-25.34313702564215,25.34313702564215
3,2,256,-50.68627405128341,101.3725481025668,-50.98855632080864,.3022822695251707
3,3,10,-51.29083859033292,102.5816771806658,-25.64541929516646,-25.64541929516646
4,1,784,.000000000000000,.000000000000000,-25.66659394297815,25.66659394297815
4,2,256,-51.33318788595546,102.6663757719109,-50.47092857516612,-.8622593107893795
4,3,10,-49.60866926437588,99.21733852875175,-24.80433463218793,-24.80433463218793
5,1,784,.000000000000000,.000000000000000,-25.48852691948192,25.48852691948192
5,2,256,-50.97705383896304,101.9541076779261,-50.70120410646273,-.2758497325002500
5,3,10,-50.42535437396166,100.8507087479233,-25.21267718698083,-25.21267718698082
6,1,784,.000000000000000,.000000000000000,-25.44287835198262,25.44287835198262
6,2,256,-50.88575670396440,101.7715134079288,-50.51764457311057,-.3681121308537949
6,3,10,-50.14953244225595,100.2990648845119,-25.07476622112797,-25.07476622112797
7,1,784,.000000000000000,.000000000000000,-25.40708262778177,25.40708262778177
7,2,256,-50.81416525556269,101.6283305111254,-50.77493261508633,-.3923264047636287E-01
7,3,10,-50.73569997460913,101.4713999492183,-25.36784998730457,-25.36784998730457
8,1,784,.000000000000000,.000000000000000,-25.31557586781060,25.31557586781060
8,2,256,-50.63115173562033,101.2623034712407,-50.91637630396676,.2852245683464315
8,3,10,-51.20160087231233,102.4032017446247,-25.60080043615617,-25.60080043615616
9,1,784,.000000000000000,.000000000000000,-25.47175882078644,25.47175882078644
9,2,256,-50.94351764157197,101.8870352831439,-51.01208086097115,.6856321939918877E-01
9,3,10,-51.08064408036948,102.1612881607390,-25.54032204018474,-25.54032204018473
10,1,784,.000000000000000,.000000000000000,-25.34020945045560,25.34020945045560
10,2,256,-50.68041890091040,101.3608378018208,-50.58401418546339,-.9640471544696666E-01
10,3,10,-50.48760947001560,100.9752189400312,-25.24380473500780,-25.24380473500780
11,1,784,.000000000000000,.000000000000000,-25.45375079051234,25.45375079051234
11,2,256,-50.90750158102374,101.8150031620475,-50.77771496753955,-.1297866134842092
11,3,10,-50.64792835405449,101.2958567081090,-25.32396417702725,-25.32396417702724
12,1,784,.000000000000000,.000000000000000,-25.49275722050018,25.49275722050018
12,2,256,-50.98551444099956,101.9710288819991,-50.50838399362004,-.4771304473795254
12,3,10,-50.03125354623968,100.0625070924794,-25.01562677311983,-25.01562677311984
13,1,784,.000000000000000,.000000000000000,-25.41557434698089,25.41557434698089
13,2,256,-50.83114869396096,101.6622973879219,-50.72795182559027,-.1031968683707080
13,3,10,-50.62475495721876,101.2495099144375,-25.31237747860938,-25.31237747860938
14,1,784,.000000000000000,.000000000000000,-25.40842433590285,25.40842433590285
14,2,256,-50.81684867180492,101.6336973436098,-50.82294083462442,.6092162819495421E-02
14,3,10,-50.82903299744306,101.6580659948861,-25.41451649872154,-25.41451649872152
15,1,784,.000000000000000,.000000000000000,-25.40513010601199,25.40513010601199
15,2,256,-50.81026021202317,101.6205204240463,-50.58129252159108,-.2289676904320927
15,3,10,-50.35232483115815,100.7046496623163,-25.17616241557907,-25.17616241557908
16,1,784,.000000000000000,.000000000000000,-25.48450967256367,25.48450967256367
16,2,256,-50.96901934512657,101.9380386902531,-50.56001094685108,-.4090083982755022
16,3,10,-50.15100254857470,100.3020050971494,-25.07550127428735,-25.07550127428734
17,1,784,.000000000000000,.000000000000000,-25.47915582513698,25.47915582513698
17,2,256,-50.95831165027315,101.9166233005463,-50.57389496935465,-.3844166809184776
17,3,10,-50.18947828843537,100.3789565768707,-25.09473914421767,-25.09473914421769
18,1,784,.000000000000000,.000000000000000,-25.33642379283083,25.33642379283083
18,2,256,-50.67284758566085,101.3456951713217,-50.78576148175308,.1129138960922583
18,3,10,-50.89867537784450,101.7973507556890,-25.44933768892224,-25.44933768892226
19,1,784,.000000000000000,.000000000000000,-25.59266178828227,25.59266178828227
19,2,256,-51.18532357656370,102.3706471531274,-50.48531388177833,-.7000096947853104
19,3,10,-49.78530418699223,99.57060837398446,-24.89265209349611,-24.89265209349612
20,1,784,.000000000000000,.000000000000000,-25.60904563074070,25.60904563074070
20,2,256,-51.21809126148055,102.4361825229611,-50.68247413071116,-.5356171307694048
20,3,10,-50.14685699994089,100.2937139998818,-25.07342849997044,-25.07342849997046
21,1,784,.000000000000000,.000000000000000,-25.42776944175052,25.42776944175052
21,2,256,-50.85553888350019,101.7110777670004,-50.53568728692292,-.3198515965772766
21,3,10,-50.21583569034483,100.4316713806897,-25.10791784517242,-25.10791784517242
22,1,784,.000000000000000,.000000000000000,-25.31770302367658,25.31770302367658
22,2,256,-50.63540604735240,101.2708120947048,-50.79132647922597,.1559204318735989
22,3,10,-50.94724691109876,101.8944938221975,-25.47362345554937,-25.47362345554938
23,1,784,.000000000000000,.000000000000000,-25.55845250518103,25.55845250518103
23,2,256,-51.11690501036121,102.2338100207224,-50.62084780037672,-.4960572099844494
23,3,10,-50.12479059039147,100.2495811807829,-25.06239529519573,-25.06239529519574
24,1,784,.000000000000000,.000000000000000,-25.60672468457797,25.60672468457797
24,2,256,-51.21344936915518,102.4268987383104,-50.54232579342839,-.6711235757268145
24,3,10,-49.87120221770073,99.74240443540145,-24.93560110885036,-24.93560110885037
25,1,784,.000000000000000,.000000000000000,-25.54433163933414,25.54433163933414
25,2,256,-51.08866327866745,102.1773265573349,-50.65596175353910,-.4327015251283373
25,3,10,-50.22326022840991,100.4465204568198,-25.11163011420496,-25.11163011420495
26,1,784,.000000000000000,.000000000000000,-25.35827684345288,25.35827684345288
26,2,256,-50.71655368690497,101.4331073738099,-50.86458631133588,.1480326244309757
26,3,10,-51.01261893576605,102.0252378715321,-25.50630946788302,-25.50630946788303
27,1,784,.000000000000000,.000000000000000,-25.20434639918308,25.20434639918308
27,2,256,-50.40869279836534,100.8173855967307,-51.17113181119428,.7624390128290041
27,3,10,-51.93357082402246,103.8671416480449,-25.96678541201123,-25.96678541201123
28,1,784,.000000000000000,.000000000000000,-25.34487120581062,25.34487120581062
28,2,256,-50.68974241162045,101.3794848232409,-50.72662550783223,.3688309621180743E-01
28,3,10,-50.76350860404325,101.5270172080865,-25.38175430202162,-25.38175430202163
29,1,784,.000000000000000,.000000000000000,-25.36634173800514,25.36634173800514
29,2,256,-50.73268347600944,101.4653669520189,-50.78498656741753,.5230309140815506E-01
29,3,10,-50.83728965882489,101.6745793176498,-25.41864482941243,-25.41864482941244
30,1,784,.000000000000000,.000000000000000,-25.50923577617367,25.50923577617367
30,2,256,-51.01847155234652,102.0369431046930,-50.65705073434881,-.3614208179976752
30,3,10,-50.29562991635034,100.5912598327007,-25.14781495817516,-25.14781495817519
31,1,784,.000000000000000,.000000000000000,-25.44241761673182,25.44241761673182
31,2,256,-50.88483523346288,101.7696704669258,-50.57223311889351,-.3126021145693460
31,3,10,-50.25963100432335,100.5192620086467,-25.12981550216167,-25.12981550216167
32,1,784,.000000000000000,.000000000000000,-25.61725740207295,25.61725740207295
32,2,256,-51.23451480414505,102.4690296082901,-50.52523338484821,-.7092814192968725
32,3,10,-49.81595196555043,99.63190393110085,-24.90797598277522,-24.90797598277521
33,1,784,.000000000000000,.000000000000000,-25.51046906559793,25.51046906559793
33,2,256,-51.02093813119505,102.0418762623901,-50.57944910826025,-.4414890229347629
33,3,10,-50.13796008532466,100.2759201706493,-25.06898004266233,-25.06898004266234
34,1,784,.000000000000000,.000000000000000,-25.49914778982520,25.49914778982520
34,2,256,-50.99829557964964,101.9965911592993,-50.62242019730417,-.3758753823454561
34,3,10,-50.24654481495791,100.4930896299158,-25.12327240747896,-25.12327240747895
35,1,784,.000000000000000,.000000000000000,-25.42905675252652,25.42905675252652
35,2,256,-50.85811350505218,101.7162270101044,-50.74794255491741,-.1101709501347833
35,3,10,-50.63777160478173,101.2755432095635,-25.31888580239087,-25.31888580239086
36,1,784,.000000000000000,.000000000000000,-25.51507854559247,25.51507854559247
36,2,256,-51.03015709118406,102.0603141823681,-50.71341557764885,-.3167415135352043
36,3,10,-50.39667406411282,100.7933481282256,-25.19833703205641,-25.19833703205640
37,1,784,.000000000000000,.000000000000000,-25.52628305916889,25.52628305916889
37,2,256,-51.05256611833698,102.1051322366740,-50.48759829776996,-.5649678205669738
37,3,10,-49.92263047720220,99.84526095440441,-24.96131523860110,-24.96131523860110
38,1,784,.000000000000000,.000000000000000,-25.46200070170254,25.46200070170254
38,2,256,-50.92400140340423,101.8480028068085,-50.69529591721410,-.2287054861901281
38,3,10,-50.46659043102314,100.9331808620463,-25.23329521551156,-25.23329521551159
39,1,784,.000000000000000,.000000000000000,-25.32884403161712,25.32884403161712
39,2,256,-50.65768806323334,101.3153761264667,-50.90961963911564,.2519315758822569
39,3,10,-51.16155121499703,102.3231024299941,-25.58077560749852,-25.58077560749851
40,1,784,.000000000000000,.000000000000000,-25.64192762894665,25.64192762894665
40,2,256,-51.28385525789248,102.5677105157850,-50.73419456639710,-.5496606914954173
40,3,10,-50.18453387490079,100.3690677498016,-25.09226693745039,-25.09226693745040
41,1,784,.000000000000000,.000000000000000,-25.39063410196313,25.39063410196313
41,2,256,-50.78126820392538,101.5625364078508,-50.84172159596848,.6045339204313564E-01
41,3,10,-50.90217498801082,101.8043499760216,-25.45108749400540,-25.45108749400542
42,1,784,.000000000000000,.000000000000000,-25.66697724500477,25.66697724500477
42,2,256,-51.33395449000871,102.6679089800174,-50.65674833879768,-.6772061512110691
42,3,10,-49.97954218758577,99.95908437517154,-24.98977109379289,-24.98977109379289
43,1,784,.000000000000000,.000000000000000,-25.44014049820628,25.44014049820628
43,2,256,-50.88028099641177,101.7605619928235,-50.95114325021290,.7086225380117278E-01
43,3,10,-51.02200550401324,102.0440110080265,-25.51100275200662,-25.51100275200663
44,1,784,.000000000000000,.000000000000000,-25.51865621848862,25.51865621848862
44,2,256,-51.03731243697645,102.0746248739529,-50.52653470413060,-.5107777328458031
44,3,10,-50.01575697128398,100.0315139425680,-25.00787848564199,-25.00787848564199
45,1,784,.000000000000000,.000000000000000,-25.41740457697361,25.41740457697361
45,2,256,-50.83480915394632,101.6696183078926,-50.56608704709072,-.2687221068556054
45,3,10,-50.29736494023427,100.5947298804685,-25.14868247011714,-25.14868247011715
46,1,784,.000000000000000,.000000000000000,-25.39264009626394,25.39264009626394
46,2,256,-50.78528019252699,101.5705603850540,-50.53340971643427,-.2518704760927278
46,3,10,-50.28153924034072,100.5630784806814,-25.14076962017035,-25.14076962017037
47,1,784,.000000000000000,.000000000000000,-25.41867571262489,25.41867571262489
47,2,256,-50.83735142524897,101.6747028504979,-50.84659857163071,.9247146381731020E-02
47,3,10,-50.85584571801164,101.7116914360233,-25.42792285900582,-25.42792285900582
48,1,784,.000000000000000,.000000000000000,-25.46105705287489,25.46105705287489
48,2,256,-50.92211410574891,101.8442282114978,-50.59979028793253,-.3223238178163988
48,3,10,-50.27746647011529,100.5549329402306,-25.13873323505764,-25.13873323505765
49,1,784,.000000000000000,.000000000000000,-25.34812026437186,25.34812026437186
49,2,256,-50.69624052874283,101.3924810574857,-50.62547402340544,-.7076650533741799E-01
49,3,10,-50.55470751806720,101.1094150361344,-25.27735375903359,-25.27735375903359
50,1,784,.000000000000000,.000000000000000,-25.56188898487248,25.56188898487248
50,2,256,-51.12377796974408,102.2475559394882,-50.55535113781593,-.5684268319281438
50,3,10,-49.98692430588696,99.97384861177392,-24.99346215294349,-24.99346215294347
51,1,784,.000000000000000,.000000000000000,-25.48943593718264,25.48943593718264
51,2,256,-50.97887187436448,101.9577437487290,-50.60552751351649,-.3733443608479771
51,3,10,-50.23218315266770,100.4643663053354,-25.11609157633385,-25.11609157633385
52,1,784,.000000000000000,.000000000000000,-25.49758866009016,25.49758866009016
52,2,256,-50.99517732017940,101.9903546403588,-50.59348875830482,-.4016885618745771
52,3,10,-50.19180019642943,100.3836003928589,-25.09590009821472,-25.09590009821471
53,1,784,.000000000000000,.000000000000000,-25.49133043670552,25.49133043670552
53,2,256,-50.98266087341022,101.9653217468204,-50.73597876324023,-.2466821101700535
53,3,10,-50.48929665306930,100.9785933061386,-25.24464832653464,-25.24464832653466
54,1,784,.000000000000000,.000000000000000,-25.49225828632380,25.49225828632380
54,2,256,-50.98451657264680,101.9690331452936,-50.20212726477223,-.7823893078745646
54,3,10,-49.41973795689684,98.83947591379368,-24.70986897844842,-24.70986897844842
55,1,784,.000000000000000,.000000000000000,-25.40759679711317,25.40759679711317
55,2,256,-50.81519359422551,101.6303871884510,-50.79640437253504,-.1878922169046898E-01
55,3,10,-50.77761515084372,101.5552303016874,-25.38880757542187,-25.38880757542185
56,1,784,.000000000000000,.000000000000000,-25.27733332266608,25.27733332266608
56,2,256,-50.55466664533130,101.1093332906626,-50.67128329974834,.1166166544170385
56,3,10,-50.78789995416454,101.5757999083291,-25.39394997708228,-25.39394997708226
57,1,784,.000000000000000,.000000000000000,-25.32612420130952,25.32612420130952
57,2,256,-50.65224840261818,101.3044968052364,-50.90365161237279,.2514032097546581
57,3,10,-51.15505482212664,102.3101096442533,-25.57752741106332,-25.57752741106332
58,1,784,.000000000000000,.000000000000000,-25.50810032843463,25.50810032843463
58,2,256,-51.01620065686841,102.0324013137368,-50.60150442268674,-.4146962341816754
58,3,10,-50.18680818850423,100.3736163770085,-25.09340409425212,-25.09340409425212
59,1,784,.000000000000000,.000000000000000,-25.40458178661010,25.40458178661010
59,2,256,-50.80916357321935,101.6183271464387,-50.82003932579683,.1087575257749500E-01
59,3,10,-50.83091507837348,101.6618301567470,-25.41545753918675,-25.41545753918673
60,1,784,.000000000000000,.000000000000000,-25.47416667574459,25.47416667574459
60,2,256,-50.94833335148833,101.8966667029767,-50.77244060463288,-.1758927468554299
60,3,10,-50.59654785777661,101.1930957155532,-25.29827392888831,-25.29827392888830
61,1,784,.000000000000000,.000000000000000,-25.54205502464279,25.54205502464279
61,2,256,-51.08411004928477,102.1682200985695,-50.67295711176128,-.4111529375235488
61,3,10,-50.26180417423681,100.5236083484736,-25.13090208711841,-25.13090208711840
62,1,784,.000000000000000,.000000000000000,-25.59775543873947,25.59775543873947
62,2,256,-51.19551087747813,102.3910217549563,-50.74631147918009,-.4491993982980036
62,3,10,-50.29711208088122,100.5942241617624,-25.14855604044061,-25.14855604044060
63,1,784,.000000000000000,.000000000000000,-25.41301558787456,25.41301558787456
63,2,256,-50.82603117574825,101.6520623514965,-50.67296014025748,-.1530710354907921
63,3,10,-50.51988910476582,101.0397782095316,-25.25994455238291,-25.25994455238291
64,1,784,.000000000000000,.000000000000000,-25.42932439185621,25.42932439185621
64,2,256,-50.85864878371160,101.7172975674232,-50.39212821665230,-.4665205670593127
64,3,10,-49.92560764959210,99.85121529918420,-24.96280382479606,-24.96280382479604
65,1,784,.000000000000000,.000000000000000,-25.60572005895928,25.60572005895928
65,2,256,-51.21144011791771,102.4228802358354,-50.45817330254508,-.7532668153726642
65,3,10,-49.70490648717156,99.40981297434311,-24.85245324358578,-24.85245324358578
66,1,784,.000000000000000,.000000000000000,-25.47681569724207,25.47681569724207
66,2,256,-50.95363139448335,101.9072627889667,-50.71415672278940,-.2394746716939381
66,3,10,-50.47468205109465,100.9493641021893,-25.23734102554731,-25.23734102554734
67,1,784,.000000000000000,.000000000000000,-25.62454868670570,25.62454868670570
67,2,256,-51.24909737341044,102.4981947468209,-50.39924389197908,-.8498534814313728
67,3,10,-49.54939041054687,99.09878082109374,-24.77469520527343,-24.77469520527344
68,1,784,.000000000000000,.000000000000000,-25.24742038542219,25.24742038542219
68,2,256,-50.49484077084346,100.9896815416869,-50.71731266546104,.2224718946175842
68,3,10,-50.93978456007780,101.8795691201556,-25.46989228003890,-25.46989228003890
69,1,784,.000000000000000,.000000000000000,-25.39159701158828,25.39159701158828
69,2,256,-50.78319402317562,101.5663880463512,-50.68359750444231,-.9959651873329911E-01
69,3,10,-50.58400098570817,101.1680019714163,-25.29200049285410,-25.29200049285406
70,1,784,.000000000000000,.000000000000000,-25.38802500229609,25.38802500229609
70,2,256,-50.77605000459142,101.5521000091828,-50.81421050397348,.3816049938203974E-01
70,3,10,-50.85237100335463,101.7047420067093,-25.42618550167732,-25.42618550167732
71,1,784,.000000000000000,.000000000000000,-25.42311258119530,25.42311258119530
71,2,256,-50.84622516238981,101.6924503247796,-50.55931401196366,-.2869111504261512
71,3,10,-50.27240286153666,100.5448057230733,-25.13620143076833,-25.13620143076833
72,1,784,.000000000000000,.000000000000000,-25.50834181047925,25.50834181047925
72,2,256,-51.01668362095760,102.0333672419152,-50.66076449086165,-.3559191300959531
72,3,10,-50.30484536076484,100.6096907215297,-25.15242268038243,-25.15242268038242
73,1,784,.000000000000000,.000000000000000,-25.37272422435158,25.37272422435158
73,2,256,-50.74544844870233,101.4908968974047,-50.72002714796368,-.2542130073862891E-01
73,3,10,-50.69460584722423,101.3892116944485,-25.34730292361211,-25.34730292361212
74,1,784,.000000000000000,.000000000000000,-25.42576152760402,25.42576152760402
74,2,256,-50.85152305520716,101.7030461104143,-50.45052313455504,-.4009999206521675
74,3,10,-50.04952321390201,100.0990464278040,-25.02476160695100,-25.02476160695100
75,1,784,.000000000000000,.000000000000000,-25.51297766656894,25.51297766656894
75,2,256,-51.02595533313701,102.0519106662740,-50.63147305888585,-.3944822742512281
75,3,10,-50.23699078463378,100.4739815692676,-25.11849539231688,-25.11849539231689
76,1,784,.000000000000000,.000000000000000,-25.37286533336858,25.37286533336858
76,2,256,-50.74573066673626,101.4914613334725,-50.67646217780786,-.6926848892840759E-01
76,3,10,-50.60719368887862,101.2143873777572,-25.30359684443931,-25.30359684443931
77,1,784,.000000000000000,.000000000000000,-25.36527208980824,25.36527208980824
77,2,256,-50.73054417961562,101.4610883592312,-51.01927092204235,.2887267424266768
77,3,10,-51.30799766446819,102.6159953289364,-25.65399883223410,-25.65399883223409
78,1,784,.000000000000000,.000000000000000,-25.41492734963870,25.41492734963870
78,2,256,-50.82985469927655,101.6597093985531,-50.81092095358620,-.1893374569036353E-01
78,3,10,-50.79198720789499,101.5839744157900,-25.39599360394750,-25.39599360394750
79,1,784,.000000000000000,.000000000000000,-25.26510354051031,25.26510354051031
79,2,256,-50.53020708101975,101.0604141620395,-50.94497896695759,.4147718859378635
79,3,10,-51.35975085289461,102.7195017057892,-25.67987542644731,-25.67987542644731
80,1,784,.000000000000000,.000000000000000,-25.25730877745746,25.25730877745746
80,2,256,-50.51461755491405,101.0292351098281,-50.78014262552183,.2655250706077213
80,3,10,-51.04566769612866,102.0913353922573,-25.52283384806434,-25.52283384806433
81,1,784,.000000000000000,.000000000000000,-25.58119061458561,25.58119061458561
81,2,256,-51.16238122917026,102.3247624583405,-50.55444432875954,-.6079369004107466
81,3,10,-49.94650742834799,99.89301485669597,-24.97325371417399,-24.97325371417399
82,1,784,.000000000000000,.000000000000000,-25.31444270367567,25.31444270367567
82,2,256,-50.62888540735050,101.2577708147010,-50.67928913918087,.5040373183036909E-01
82,3,10,-50.72969287101039,101.4593857420208,-25.36484643550520,-25.36484643550520
83,1,784,.000000000000000,.000000000000000,-25.43305949041527,25.43305949041527
83,2,256,-50.86611898082965,101.7322379616593,-50.67229399996742,-.1938249808622282
83,3,10,-50.47846901910437,100.9569380382087,-25.23923450955218,-25.23923450955219
84,1,784,.000000000000000,.000000000000000,-25.29002152281797,25.29002152281797
84,2,256,-50.58004304563507,101.1600860912701,-50.94503557494824,.3649925293131520
84,3,10,-51.31002810426057,102.6200562085211,-25.65501405213027,-25.65501405213030
85,1,784,.000000000000000,.000000000000000,-25.51397601011410,25.51397601011410
85,2,256,-51.02795202022737,102.0559040404547,-50.44962770669344,-.5783243135339137
85,3,10,-49.87130339315872,99.74260678631744,-24.93565169657935,-24.93565169657937
86,1,784,.000000000000000,.000000000000000,-25.44911413284165,25.44911413284165
86,2,256,-50.89822826568244,101.7964565313649,-50.43772196139176,-.4605063042906974
86,3,10,-49.97721565710022,99.95443131420045,-24.98860782855011,-24.98860782855011
87,1,784,.000000000000000,.000000000000000,-25.44883124167638,25.44883124167638
87,2,256,-50.89766248335195,101.7953249667039,-50.43575902526932,-.4619034580826276
87,3,10,-49.97385556718582,99.94771113437163,-24.98692778359291,-24.98692778359291
88,1,784,.000000000000000,.000000000000000,-25.45544223811751,25.45544223811751
88,2,256,-50.91088447623411,101.8217689524682,-50.86521174456249,-.4567273167160775E-01
88,3,10,-50.81953901289007,101.6390780257801,-25.40976950644504,-25.40976950644503
89,1,784,.000000000000000,.000000000000000,-25.56816366997063,25.56816366997063
89,2,256,-51.13632733994032,102.2726546798806,-50.59046591689690,-.5458614230434256
89,3,10,-50.04460449385265,100.0892089877053,-25.02230224692632,-25.02230224692633
90,1,784,.000000000000000,.000000000000000,-25.57420378020244,25.57420378020244
90,2,256,-51.14840756040390,102.2968151208078,-50.74172001561399,-.4066875447899791
90,3,10,-50.33503247082312,100.6700649416462,-25.16751623541156,-25.16751623541155
91,1,784,.000000000000000,.000000000000000,-25.33916564291830,25.33916564291830
91,2,256,-50.67833128583582,101.3566625716716,-50.73603137477384,.5770008893805278E-01
91,3,10,-50.79373146371107,101.5874629274221,-25.39686573185553,-25.39686573185555
92,1,784,.000000000000000,.000000000000000,-25.62750777651802,25.62750777651802
92,2,256,-51.25501555303521,102.5100311060704,-50.35294348670693,-.9020720663282573
92,3,10,-49.45087142037782,98.90174284075565,-24.72543571018891,-24.72543571018890
93,1,784,.000000000000000,.000000000000000,-25.67049988392115,25.67049988392115
93,2,256,-51.34099976784147,102.6819995356829,-50.44559483989404,-.8954049279474057
93,3,10,-49.55018991194583,99.10037982389166,-24.77509495597291,-24.77509495597291
94,1,784,.000000000000000,.000000000000000,-25.42056238937576,25.42056238937576
94,2,256,-50.84112477875072,101.6822495575014,-50.65988615955965,-.1812386191911126
94,3,10,-50.47864754036768,100.9572950807354,-25.23932377018384,-25.23932377018383
95,1,784,.000000000000000,.000000000000000,-25.44150149354538,25.44150149354538
95,2,256,-50.88300298708995,101.7660059741799,-50.73520523714136,-.1477977499486025
95,3,10,-50.58740748719190,101.1748149743838,-25.29370374359595,-25.29370374359594
96,1,784,.000000000000000,.000000000000000,-25.34843415628741,25.34843415628741
96,2,256,-50.69686831257394,101.3937366251479,-50.78516064967802,.8829233710414633E-01
96,3,10,-50.87345298678133,101.7469059735627,-25.43672649339066,-25.43672649339067
97,1,784,.000000000000000,.000000000000000,-25.31772328527599,25.31772328527599
97,2,256,-50.63544657055110,101.2708931411022,-50.66128184127749,.2583527072637826E-01
97,3,10,-50.68711711200302,101.3742342240060,-25.34355855600152,-25.34355855600150
98,1,784,.000000000000000,.000000000000000,-25.46280979594801,25.46280979594801
98,2,256,-50.92561959189515,101.8512391837903,-50.57408888092846,-.3515307109666987
98,3,10,-50.22255816996092,100.4451163399218,-25.11127908498046,-25.11127908498046
99,1,784,.000000000000000,.000000000000000,-25.52770165807781,25.52770165807781
99,2,256,-51.05540331615483,102.1108066323097,-50.31433449595747,-.7410688201973347
99,3,10,-49.57326567575931,99.14653135151862,-24.78663283787966,-24.78663283787965
100,1,784,.000000000000000,.000000000000000,-25.40073913074868,25.40073913074868
100,2,256,-50.80147826149653,101.6029565229931,-50.88597504297256,.8449678147602341E-01
100,3,10,-50.97047182444775,101.9409436488955,-25.48523591222388,-25.48523591222387
101,1,784,.000000000000000,.000000000000000,-25.51297262765182,25.51297262765182
101,2,256,-51.02594525530282,102.0518905106056,-50.68773390263117,-.3382113526716235
101,3,10,-50.34952254995871,100.6990450999174,-25.17476127497935,-25.17476127497936
102,1,784,.000000000000000,.000000000000000,-25.69574540235634,25.69574540235634
102,2,256,-51.39149080471180,102.7829816094236,-50.32005155257915,-1.071439252132657
102,3,10,-49.24861230044561,98.49722460089123,-24.62430615022281,-24.62430615022280
103,1,784,.000000000000000,.000000000000000,-25.40200990756963,25.40200990756963
103,2,256,-50.80401981513841,101.6080396302768,-50.92274369191055,.1187238767721254
103,3,10,-51.04146756868187,102.0829351373637,-25.52073378434093,-25.52073378434093
104,1,784,.000000000000000,.000000000000000,-25.42708270617147,25.42708270617147
104,2,256,-50.85416541234218,101.7083308246844,-50.59854022148257,-.2556251908595786
104,3,10,-50.34291503062216,100.6858300612443,-25.17145751531108,-25.17145751531108
105,1,784,.000000000000000,.000000000000000,-25.61050435378482,25.61050435378482
105,2,256,-51.22100870756885,102.4420174151377,-50.60933480191685,-.6116739056519545
105,3,10,-49.99766089626411,99.99532179252822,-24.99883044813205,-24.99883044813205
106,1,784,.000000000000000,.000000000000000,-25.50442576674103,25.50442576674103
106,2,256,-51.00885153348124,102.0177030669625,-50.73078270968205,-.2780688237991408
106,3,10,-50.45271388588210,100.9054277717642,-25.22635694294104,-25.22635694294106
107,1,784,.000000000000000,.000000000000000,-25.47645297829452,25.47645297829452
107,2,256,-50.95290595658820,101.9058119131764,-50.67637758205586,-.2765283745323110
107,3,10,-50.39984920752274,100.7996984150455,-25.19992460376137,-25.19992460376137
108,1,784,.000000000000000,.000000000000000,-25.45633278048884,25.45633278048884
108,2,256,-50.91266556097693,101.8253311219539,-50.44103336583050,-.4716321951464028
108,3,10,-49.96940117068323,99.93880234136647,-24.98470058534162,-24.98470058534161
109,1,784,.000000000000000,.000000000000000,-25.20705528416055,25.20705528416055
109,2,256,-50.41411056832023,100.8282211366405,-50.72892758406789,.3148170157476164
109,3,10,-51.04374459981466,102.0874891996293,-25.52187229990732,-25.52187229990735
110,1,784,.000000000000000,.000000000000000,-25.36310165029245,25.36310165029245
110,2,256,-50.72620330058415,101.4524066011683,-50.91239301508529,.1861897145011739
110,3,10,-51.09858272958567,102.1971654591713,-25.54929136479283,-25.54929136479284
111,1,784,.000000000000000,.000000000000000,-25.56900987650451,25.56900987650451
111,2,256,-51.13801975300824,102.2760395060165,-50.51399669997721,-.6240230530309677
111,3,10,-49.88997364694544,99.77994729389088,-24.94498682347272,-24.94498682347271
112,1,784,.000000000000000,.000000000000000,-25.53515763043905,25.53515763043905
112,2,256,-51.07031526087734,102.1406305217547,-50.40874177985845,-.6615734810189038
112,3,10,-49.74716829883872,99.49433659767743,-24.87358414941934,-24.87358414941937
113,1,784,.000000000000000,.000000000000000,-25.25978089253155,25.25978089253155
113,2,256,-50.51956178506229,101.0391235701246,-50.60173677672572,.8217499166341097E-01
113,3,10,-50.68391176838826,101.3678235367765,-25.34195588419413,-25.34195588419413
114,1,784,.000000000000000,.000000000000000,-25.44215152066921,25.44215152066921
114,2,256,-50.88430304133758,101.7686060826752,-50.71217679186701,-.1721262494705941
114,3,10,-50.54005054239559,101.0801010847912,-25.27002527119779,-25.27002527119781
115,1,784,.000000000000000,.000000000000000,-25.55630707170646,25.55630707170646
115,2,256,-51.11261414341206,102.2252282868241,-50.53759611785662,-.5750180255554582
115,3,10,-49.96257809230032,99.92515618460064,-24.98128904615016,-24.98128904615017
116,1,784,.000000000000000,.000000000000000,-25.46291606324056,25.46291606324056
116,2,256,-50.92583212648036,101.8516642529607,-50.68778157331001,-.2380505531703360
116,3,10,-50.44973102013881,100.8994620402776,-25.22486551006941,-25.22486551006940
117,1,784,.000000000000000,.000000000000000,-25.57798154468826,25.57798154468826
117,2,256,-51.15596308937568,102.3119261787514,-50.27221220272558,-.8837508866501221
117,3,10,-49.38846131607458,98.77692263214917,-24.69423065803729,-24.69423065803730
118,1,784,.000000000000000,.000000000000000,-25.45112208925332,25.45112208925332
118,2,256,-50.90224417850581,101.8044883570116,-50.71871756618653,-.1835266123192640
118,3,10,-50.53519095386639,101.0703819077328,-25.26759547693320,-25.26759547693320
119,1,784,.000000000000000,.000000000000000,-25.38111015121067,25.38111015121067
119,2,256,-50.76222030242047,101.5244406048409,-50.82860218196952,.6638187954901073E-01
119,3,10,-50.89498406151769,101.7899681230354,-25.44749203075885,-25.44749203075884
120,1,784,.000000000000000,.000000000000000,-25.36199202493448,25.36199202493448
120,2,256,-50.72398404986814,101.4479680997363,-50.67262441589435,-.5135963397379127E-01
120,3,10,-50.62126478191971,101.2425295638394,-25.31063239095985,-25.31063239095986
121,1,784,.000000000000000,.000000000000000,-25.38422770276500,25.38422770276500
121,2,256,-50.76845540552917,101.5369108110583,-50.73449744480220,-.3395796072695146E-01
121,3,10,-50.70053948407443,101.4010789681489,-25.35026974203722,-25.35026974203722
122,1,784,.000000000000000,.000000000000000,-25.59218380099933,25.59218380099933
122,2,256,-51.18436760199783,102.3687352039957,-50.63830149831794,-.5460661036798696
122,3,10,-50.09223539463725,100.1844707892745,-25.04611769731862,-25.04611769731862
123,1,784,.000000000000000,.000000000000000,-25.52165305227276,25.52165305227276
123,2,256,-51.04330610454466,102.0866122090893,-50.56225091895170,-.4810551855929207
123,3,10,-50.08119573335797,100.1623914667159,-25.04059786667899,-25.04059786667898
124,1,784,.000000000000000,.000000000000000,-25.42969544407534,25.42969544407534
124,2,256,-50.85939088814983,101.7187817762997,-50.69719932806549,-.1621915600843287
124,3,10,-50.53500776798032,101.0700155359606,-25.26750388399017,-25.26750388399015
125,1,784,.000000000000000,.000000000000000,-25.52464439006001,25.52464439006001
125,2,256,-51.04928878011921,102.0985775602384,-50.77340944232520,-.2758793377940028
125,3,10,-50.49753010453033,100.9950602090607,-25.24876505226517,-25.24876505226516
126,1,784,.000000000000000,.000000000000000,-25.30410998405215,25.30410998405215
126,2,256,-50.60821996810340,101.2164399362068,-51.21528464817433,.6070646800709791
126,3,10,-51.82234932824450,103.6446986564890,-25.91117466412225,-25.91117466412224
127,1,784,.000000000000000,.000000000000000,-25.40333460677672,25.40333460677672
127,2,256,-50.80666921355262,101.6133384271052,-50.94062581070342,.1339565971508554
127,3,10,-51.07458240785346,102.1491648157069,-25.53729120392673,-25.53729120392672
128,1,784,.000000000000000,.000000000000000,-25.51049314844698,25.51049314844698
128,2,256,-51.02098629689311,102.0419725937862,-50.57222844975158,-.4487578471414767
128,3,10,-50.12347060260927,100.2469412052185,-25.06173530130464,-25.06173530130463
129,1,784,.000000000000000,.000000000000000,-25.48386742621031,25.48386742621031
129,2,256,-50.96773485241974,101.9354697048395,-50.60249614826811,-.3652387041516332
129,3,10,-50.23725744411561,100.4745148882312,-25.11862872205781,-25.11862872205780
130,1,784,.000000000000000,.000000000000000,-25.41719418098877,25.41719418098877
130,2,256,-50.83438836197672,101.6687767239534,-50.82001013075940,-.1437823121731808E-01
130,3,10,-50.80563189954125,101.6112637990825,-25.40281594977062,-25.40281594977063
131,1,784,.000000000000000,.000000000000000,-25.37541712315140,25.37541712315140
131,2,256,-50.75083424630203,101.5016684926041,-50.86279587331666,.1119616270146186
131,3,10,-50.97475750033039,101.9495150006608,-25.48737875016520,-25.48737875016519
132,1,784,.000000000000000,.000000000000000,-25.49347024834764,25.49347024834764
132,2,256,-50.98694049669443,101.9738809933889,-50.49953763387714,-.4874028628173700
132,3,10,-50.01213477105890,100.0242695421178,-25.00606738552946,-25.00606738552944
133,1,784,.000000000000000,.000000000000000,-25.41881182514461,25.41881182514461
133,2,256,-50.83762365028834,101.6752473005767,-50.81846478629540,-.1915886399290021E-01
133,3,10,-50.79930592230169,101.5986118446034,-25.39965296115085,-25.39965296115085
134,1,784,.000000000000000,.000000000000000,-25.47478494846418,25.47478494846418
134,2,256,-50.94956989692754,101.8991397938551,-50.53544432453693,-.4141255723905710
134,3,10,-50.12131875214554,100.2426375042911,-25.06065937607277,-25.06065937607277
135,1,784,.000000000000000,.000000000000000,-25.66491281873778,25.66491281873778
135,2,256,-51.32982563747466,102.6596512749493,-50.42834586037539,-.9014797770992883
135,3,10,-49.52686608327522,99.05373216655045,-24.76343304163762,-24.76343304163760
136,1,784,.000000000000000,.000000000000000,-25.44690433613448,25.44690433613448
136,2,256,-50.89380867226812,101.7876173445362,-50.72514213568876,-.1686665365794173
136,3,10,-50.55647559910848,101.1129511982170,-25.27823779955424,-25.27823779955425
137,1,784,.000000000000000,.000000000000000,-25.53282574021707,25.53282574021707
137,2,256,-51.06565148043331,102.1313029608666,-50.22467892325341,-.8409725571799088
137,3,10,-49.38370636607267,98.76741273214533,-24.69185318303633,-24.69185318303633
138,1,784,.000000000000000,.000000000000000,-25.40246802437169,25.40246802437169
138,2,256,-50.80493604874254,101.6098720974851,-50.73683417511786,-.6810187362463468E-01
138,3,10,-50.66873230149243,101.3374646029849,-25.33436615074622,-25.33436615074622
139,1,784,.000000000000000,.000000000000000,-25.60191014465383,25.60191014465383
139,2,256,-51.20382028930684,102.4076405786137,-50.23817509768701,-.9656451916198271
139,3,10,-49.27252990606632,98.54505981213265,-24.63626495303316,-24.63626495303316
140,1,784,.000000000000000,.000000000000000,-25.59788810939212,25.59788810939212
140,2,256,-51.19577621878351,102.3915524375670,-50.71863210995537,-.4771441088280906
140,3,10,-50.24148800112643,100.4829760022529,-25.12074400056321,-25.12074400056322
141,1,784,.000000000000000,.000000000000000,-25.43472534704795,25.43472534704795
141,2,256,-50.86945069409517,101.7389013881903,-50.63962028670075,-.2298304073943668
141,3,10,-50.40978987930561,100.8195797586112,-25.20489493965280,-25.20489493965281
142,1,784,.000000000000000,.000000000000000,-25.35748720056661,25.35748720056661
142,2,256,-50.71497440113237,101.4299488022647,-50.59845289400126,-.1165215071310877
142,3,10,-50.48193138686933,100.9638627737387,-25.24096569343467,-25.24096569343467
143,1,784,.000000000000000,.000000000000000,-25.41261330522079,25.41261330522079
143,2,256,-50.82522661044075,101.6504532208815,-50.75070027355268,-.7452633688807919E-01
143,3,10,-50.67617393666380,101.3523478733276,-25.33808696833190,-25.33808696833191
144,1,784,.000000000000000,.000000000000000,-25.29895862528546,25.29895862528546
144,2,256,-50.59791725057003,101.1958345011401,-50.84487491726480,.2469576666947058
144,3,10,-51.09183258395861,102.1836651679172,-25.54591629197931,-25.54591629197930
145,1,784,.000000000000000,.000000000000000,-25.36464497679096,25.36464497679096
145,2,256,-50.72928995358107,101.4585799071621,-50.67444674019113,-.5484321338991489E-01
145,3,10,-50.61960352680033,101.2392070536007,-25.30980176340018,-25.30980176340015
146,1,784,.000000000000000,.000000000000000,-25.39214287151907,25.39214287151907
146,2,256,-50.78428574303724,101.5685714860745,-50.71058259162006,-.7370315141721236E-01
146,3,10,-50.63687944020197,101.2737588804039,-25.31843972010099,-25.31843972010099
147,1,784,.000000000000000,.000000000000000,-25.23536374809543,25.23536374809543
147,2,256,-50.47072749619003,100.9414549923801,-50.74468441887711,.2739569226871054
147,3,10,-51.01864134156340,102.0372826831268,-25.50932067078170,-25.50932067078170
148,1,784,.000000000000000,.000000000000000,-25.55015898942010,25.55015898942010
148,2,256,-51.10031797883946,102.2006359576789,-50.49890774935084,-.6014102294885558
148,3,10,-49.89749751986145,99.79499503972291,-24.94874875993073,-24.94874875993073
149,1,784,.000000000000000,.000000000000000,-25.75189217522615,25.75189217522615
149,2,256,-51.50378435045143,103.0075687009029,-50.31616346452105,-1.187620885930412
149,3,10,-49.12854257858974,98.25708515717949,-24.56427128929488,-24.56427128929488
150,1,784,.000000000000000,.000000000000000,-25.26284552016975,25.26284552016975
150,2,256,-50.52569104033865,101.0513820806773,-50.90705547119057,.3813644308519824
150,3,10,-51.28841990204178,102.5768398040836,-25.64420995102088,-25.64420995102089
151,1,784,.000000000000000,.000000000000000,-25.50870083172653,25.50870083172653
151,2,256,-51.01740166345231,102.0348033269046,-50.60027820581537,-.4171234576368803
151,3,10,-50.18315474817771,100.3663094963554,-25.09157737408884,-25.09157737408886
152,1,784,.000000000000000,.000000000000000,-25.66377525271545,25.66377525271545
152,2,256,-51.32755050543010,102.6551010108602,-50.34451941281534,-.9830310926147170
152,3,10,-49.36148832019983,98.72297664039965,-24.68074416009991,-24.68074416009992
153,1,784,.000000000000000,.000000000000000,-25.43032290464880,25.43032290464880
153,2,256,-50.86064580929688,101.7212916185938,-50.77722667547858,-.8341913381828429E-01
153,3,10,-50.69380754165947,101.3876150833189,-25.34690377082974,-25.34690377082972
154,1,784,.000000000000000,.000000000000000,-25.31688903559277,25.31688903559277
154,2,256,-50.63377807118464,101.2675561423693,-50.83895699322793,.2051789220433082
154,3,10,-51.04413591527045,102.0882718305409,-25.52206795763522,-25.52206795763523
155,1,784,.000000000000000,.000000000000000,-25.32573434244816,25.32573434244816
155,2,256,-50.65146868489551,101.3029373697910,-50.53368045701068,-.1177882278848094
155,3,10,-50.41589222912505,100.8317844582501,-25.20794611456253,-25.20794611456252
156,1,784,.000000000000000,.000000000000000,-25.18485657558821,25.18485657558821
156,2,256,-50.36971315117553,100.7394263023511,-50.86035777100123,.4906446198256892
156,3,10,-51.35100239082605,102.7020047816521,-25.67550119541303,-25.67550119541302
157,1,784,.000000000000000,.000000000000000,-25.20538025199007,25.20538025199007
157,2,256,-50.41076050397935,100.8215210079587,-51.11526394640885,.7045034424295609
157,3,10,-51.81976738883757,103.6395347776751,-25.90988369441879,-25.90988369441878
158,1,784,.000000000000000,.000000000000000,-25.36685517706069,25.36685517706069
158,2,256,-50.73371035412060,101.4674207082412,-50.89319921686137,.1594888627407889
158,3,10,-51.05268807960130,102.1053761592026,-25.52634403980066,-25.52634403980063
159,1,784,.000000000000000,.000000000000000,-25.44181446299937,25.44181446299937
159,2,256,-50.88362892599785,101.7672578519957,-50.73072451040490,-.1529044155929382
159,3,10,-50.57782009481115,101.1556401896223,-25.28891004740558,-25.28891004740558
160,1,784,.000000000000000,.000000000000000,-25.40630624008621,25.40630624008621
160,2,256,-50.81261248017164,101.6252249603433,-50.55391811888453,-.2586943612870847
160,3,10,-50.29522375759659,100.5904475151932,-25.14761187879829,-25.14761187879830
161,1,784,.000000000000000,.000000000000000,-25.38523465280113,25.38523465280113
161,2,256,-50.77046930560140,101.5409386112028,-50.76527652309999,-.5192782501483820E-02
161,3,10,-50.76008374059762,101.5201674811952,-25.38004187029881,-25.38004187029880
162,1,784,.000000000000000,.000000000000000,-25.66744291566419,25.66744291566419
162,2,256,-51.33488583132758,102.6697716626552,-50.52397622782385,-.8109096035037764
162,3,10,-49.71306662431919,99.42613324863838,-24.85653331215960,-24.85653331215959
163,1,784,.000000000000000,.000000000000000,-25.42324498308220,25.42324498308220
163,2,256,-50.84648996616356,101.6929799323271,-50.81415842353559,-.3233154262797156E-01
163,3,10,-50.78182688090676,101.5636537618135,-25.39091344045338,-25.39091344045339
164,1,784,.000000000000000,.000000000000000,-25.38596768285160,25.38596768285160
164,2,256,-50.77193536570240,101.5438707314048,-50.69263605195257,-.7929931374978139E-01
164,3,10,-50.61333673820197,101.2266734764039,-25.30666836910099,-25.30666836910098
165,1,784,.000000000000000,.000000000000000,-25.60819352479296,25.60819352479296
165,2,256,-51.21638704958505,102.4327740991701,-50.57458827744529,-.6417987721397810
165,3,10,-49.93278950530463,99.86557901060925,-24.96639475265232,-24.96639475265232
166,1,784,.000000000000000,.000000000000000,-25.62033497893359,25.62033497893359
166,2,256,-51.24066995786635,102.4813399157327,-50.31222983774397,-.9284401201223548
166,3,10,-49.38378971762081,98.76757943524161,-24.69189485881041,-24.69189485881039
167,1,784,.000000000000000,.000000000000000,-25.59042456536870,25.59042456536870
167,2,256,-51.18084913073657,102.3616982614731,-50.51544366815352,-.6654054625830896
167,3,10,-49.85003820556955,99.70007641113911,-24.92501910278478,-24.92501910278478
168,1,784,.000000000000000,.000000000000000,-25.45087200819111,25.45087200819111
168,2,256,-50.90174401638134,101.8034880327627,-50.58573975263004,-.3160042637512510
168,3,10,-50.26973548887798,100.5394709777560,-25.13486774443900,-25.13486774443899
169,1,784,.000000000000000,.000000000000000,-25.58122860580185,25.58122860580185
169,2,256,-51.16245721160288,102.3249144232058,-50.42641451922209,-.7360426923807993
169,3,10,-49.69037182684046,99.38074365368092,-24.84518591342023,-24.84518591342023
170,1,784,.000000000000000,.000000000000000,-25.55841721525577,25.55841721525577
170,2,256,-51.11683443051069,102.2336688610214,-50.33863310319289,-.7782013273177839
170,3,10,-49.56043177587429,99.12086355174858,-24.78021588793714,-24.78021588793716
171,1,784,.000000000000000,.000000000000000,-25.55028937776818,25.55028937776818
171,2,256,-51.10057875553555,102.2011575110711,-50.58944482025866,-.5111339352768451
171,3,10,-50.07831088498105,100.1566217699621,-25.03915544249050,-25.03915544249054
172,1,784,.000000000000000,.000000000000000,-25.42346000019967,25.42346000019967
172,2,256,-50.84692000039848,101.6938400007970,-50.86085403248178,.1393403208331211E-01
172,3,10,-50.87478806456426,101.7495761291285,-25.43739403228213,-25.43739403228212
173,1,784,.000000000000000,.000000000000000,-25.39690902729344,25.39690902729344
173,2,256,-50.79381805458611,101.5876361091722,-51.03168860220277,.2378705476166356
173,3,10,-51.26955914981855,102.5391182996371,-25.63477957490927,-25.63477957490928
174,1,784,.000000000000000,.000000000000000,-25.56480708101244,25.56480708101244
174,2,256,-51.12961416202404,102.2592283240481,-50.53995360249844,-.5896605595255777
174,3,10,-49.95029304297206,99.90058608594411,-24.97514652148603,-24.97514652148603
175,1,784,.000000000000000,.000000000000000,-25.58816658677173,25.58816658677173
175,2,256,-51.17633317354259,102.3526663470852,-50.40679561818200,-.7695375553606145
175,3,10,-49.63725806282059,99.27451612564117,-24.81862903141029,-24.81862903141031
176,1,784,.000000000000000,.000000000000000,-25.52824820915968,25.52824820915968
176,2,256,-51.05649641831855,102.1129928366371,-50.69615114524544,-.3603452730731351
176,3,10,-50.33580587217148,100.6716117443430,-25.16790293608573,-25.16790293608575
177,1,784,.000000000000000,.000000000000000,-25.29839361446940,25.29839361446940
177,2,256,-50.59678722893797,101.1935744578759,-50.82554616951535,.2287589405773992
177,3,10,-51.05430511009192,102.1086102201838,-25.52715255504596,-25.52715255504596
178,1,784,.000000000000000,.000000000000000,-25.65388922730837,25.65388922730837
178,2,256,-51.30777845461591,102.6155569092318,-50.34659243946029,-.9611860151556575
178,3,10,-49.38540642430374,98.77081284860748,-24.69270321215188,-24.69270321215186
179,1,784,.000000000000000,.000000000000000,-25.49067916555290,25.49067916555290
179,2,256,-50.98135833110494,101.9627166622099,-50.53134048952030,-.4500178415846215
179,3,10,-50.08132264793488,100.1626452958698,-25.04066132396743,-25.04066132396746
180,1,784,.000000000000000,.000000000000000,-25.55836054986742,25.55836054986742
180,2,256,-51.11672109973407,102.2334421994681,-50.48930260112961,-.6274184986045115
180,3,10,-49.86188410252421,99.72376820504843,-24.93094205126211,-24.93094205126211
181,1,784,.000000000000000,.000000000000000,-25.74446491391805,25.74446491391805
181,2,256,-51.48892982783521,102.9778596556704,-50.43540741300919,-1.053522414826023
181,3,10,-49.38188499818236,98.76376999636473,-24.69094249909118,-24.69094249909118
182,1,784,.000000000000000,.000000000000000,-25.40567583477808,25.40567583477808
182,2,256,-50.81135166955525,101.6227033391105,-50.63922773999258,-.1721239295626880
182,3,10,-50.46710381042901,100.9342076208580,-25.23355190521452,-25.23355190521449
183,1,784,.000000000000000,.000000000000000,-25.48037044959285,25.48037044959285
183,2,256,-50.96074089918486,101.9214817983697,-50.62755998134723,-.3331809178376643
183,3,10,-50.29437906350869,100.5887581270174,-25.14718953175434,-25.14718953175435
184,1,784,.000000000000000,.000000000000000,-25.56956286484180,25.56956286484180
184,2,256,-51.13912572968271,102.2782514593654,-50.62311735371222,-.5160083759705013
184,3,10,-50.10710897774089,100.2142179554818,-25.05355448887045,-25.05355448887044
185,1,784,.000000000000000,.000000000000000,-25.43692222991394,25.43692222991394
185,2,256,-50.87384445982713,101.7476889196543,-50.44439454785960,-.4294499119675409
185,3,10,-50.01494463589121,100.0298892717824,-25.00747231794561,-25.00747231794561
186,1,784,.000000000000000,.000000000000000,-25.51643548006349,25.51643548006349
186,2,256,-51.03287096012623,102.0657419202525,-50.50179737797822,-.5310735821478954
186,3,10,-49.97072379582956,99.94144759165911,-24.98536189791478,-24.98536189791478
187,1,784,.000000000000000,.000000000000000,-25.39822401661735,25.39822401661735
187,2,256,-50.79644803323385,101.5928960664677,-50.64637802235021,-.1500700108836372
187,3,10,-50.49630801146572,100.9926160229314,-25.24815400573286,-25.24815400573286
188,1,784,.000000000000000,.000000000000000,-25.49674613587075,25.49674613587075
188,2,256,-50.99349227174065,101.9869845434813,-50.54867398332676,-.4448182884139041
188,3,10,-50.10385569491206,100.2077113898241,-25.05192784745602,-25.05192784745604
189,1,784,.000000000000000,.000000000000000,-25.68237934721574,25.68237934721574
189,2,256,-51.36475869443057,102.7295173888611,-50.29041331464239,-1.074345379788196
189,3,10,-49.21606793485334,98.43213586970668,-24.60803396742667,-24.60803396742667
190,1,784,.000000000000000,.000000000000000,-25.31551994061946,25.31551994061946
190,2,256,-50.63103988123812,101.2620797624762,-50.82121072390269,.1901708426645500
190,3,10,-51.01138156656636,102.0227631331327,-25.50569078328318,-25.50569078328318
191,1,784,.000000000000000,.000000000000000,-25.35351534658258,25.35351534658258
191,2,256,-50.70703069316434,101.4140613863287,-50.94659428506053,.2395635918962015
191,3,10,-51.18615787695589,102.3723157539118,-25.59307893847794,-25.59307893847795
192,1,784,.000000000000000,.000000000000000,-25.38971112844957,25.38971112844957
192,2,256,-50.77942225689823,101.5588445137965,-50.80527209966059,.2584984276235289E-01
192,3,10,-50.83112194242209,101.6622438848442,-25.41556097121104,-25.41556097121104
193,1,784,.000000000000000,.000000000000000,-25.39163646751162,25.39163646751162
193,2,256,-50.78327293502247,101.5665458700449,-50.46265120348787,-.3206217315345939
193,3,10,-50.14202947195245,100.2840589439049,-25.07101473597622,-25.07101473597623
194,1,784,.000000000000000,.000000000000000,-25.34844318992909,25.34844318992909
194,2,256,-50.69688637985744,101.3937727597149,-50.90417149474965,.2072851148922739
194,3,10,-51.11145660964113,102.2229132192823,-25.55572830482056,-25.55572830482057
195,1,784,.000000000000000,.000000000000000,-25.71587108989834,25.71587108989834
195,2,256,-51.43174217979585,102.8634843595917,-50.38842425246698,-1.043317927328859
195,3,10,-49.34510632513729,98.69021265027457,-24.67255316256865,-24.67255316256864
196,1,784,.000000000000000,.000000000000000,-25.55647653151803,25.55647653151803
196,2,256,-51.11295306303524,102.2259061260705,-50.50564881251232,-.6073042505229381
196,3,10,-49.89834456198854,99.79668912397707,-24.94917228099426,-24.94917228099428
197,1,784,.000000000000000,.000000000000000,-25.48372280503996,25.48372280503996
197,2,256,-50.96744561007904,101.9348912201581,-50.63973439381319,-.3277112162658380
197,3,10,-50.31202317754651,100.6240463550930,-25.15601158877326,-25.15601158877325
198,1,784,.000000000000000,.000000000000000,-25.51293900015980,25.51293900015980
198,2,256,-51.02587800031876,102.0517560006375,-50.69632498457491,-.3295530157438805
198,3,10,-50.36677196883011,100.7335439376602,-25.18338598441506,-25.18338598441506
199,1,784,.000000000000000,.000000000000000,-25.49886879598858,25.49886879598858
199,2,256,-50.99773759197631,101.9954751839526,-50.73025952620736,-.2674780657689907
199,3,10,-50.46278146043747,100.9255629208749,-25.23139073021875,-25.23139073021873
200,1,784,.000000000000000,.000000000000000,-25.41791496211006,25.41791496211006
200,2,256,-50.83582992421931,101.6716598484386,-50.68921726954890,-.1466126546704037
200,3,10,-50.54260461487767,101.0852092297553,-25.27130230743883,-25.27130230743883
201,1,784,.000000000000000,.000000000000000,-25.45063734053098,25.45063734053098
201,2,256,-50.90127468106109,101.8025493621222,-50.54383595850484,-.3574387225562379
201,3,10,-50.18639723594780,100.3727944718956,-25.09319861797390,-25.09319861797390
202,1,784,.000000000000000,.000000000000000,-25.53652488178597,25.53652488178597
202,2,256,-51.07304976357107,102.1460995271421,-50.55738188020511,-.5156678833659979
202,3,10,-50.04171399683823,100.0834279936765,-25.02085699841913,-25.02085699841911
203,1,784,.000000000000000,.000000000000000,-25.44495767647773,25.44495767647773
203,2,256,-50.88991535295464,101.7798307059093,-50.47782274278618,-.4120926101684616
203,3,10,-50.06573013261688,100.1314602652338,-25.03286506630844,-25.03286506630845
204,1,784,.000000000000000,.000000000000000,-25.61539690922942,25.61539690922942
204,2,256,-51.23079381845804,102.4615876369161,-50.61164479707666,-.6191490213813194
204,3,10,-49.99249577569453,99.98499155138906,-24.99624788784727,-24.99624788784726
205,1,784,.000000000000000,.000000000000000,-25.33024435527411,25.33024435527411
205,2,256,-50.66048871054750,101.3209774210950,-50.74524618944131,.8475747889383194E-01
205,3,10,-50.83000366833429,101.6600073366686,-25.41500183416714,-25.41500183416714
206,1,784,.000000000000000,.000000000000000,-25.34496944614981,25.34496944614981
206,2,256,-50.68993889229886,101.3798777845977,-50.62734096164333,-.6259793065556690E-01
206,3,10,-50.56474303098694,101.1294860619739,-25.28237151549346,-25.28237151549348
207,1,784,.000000000000000,.000000000000000,-25.48636897261978,25.48636897261978
207,2,256,-50.97273794523872,101.9454758904774,-50.71380458601638,-.2589333592223435
207,3,10,-50.45487122679319,100.9097424535864,-25.22743561339660,-25.22743561339659
208,1,784,.000000000000000,.000000000000000,-25.42139556413576,25.42139556413576
208,2,256,-50.84279112827075,101.6855822565415,-50.73185502233754,-.1109361059332041
208,3,10,-50.62091891640351,101.2418378328070,-25.31045945820174,-25.31045945820176
209,1,784,.000000000000000,.000000000000000,-25.42631618421566,25.42631618421566
209,2,256,-50.85263236843048,101.7052647368610,-50.70654518277200,-.1460871856584520
209,3,10,-50.56045799711273,101.1209159942255,-25.28022899855636,-25.28022899855637
210,1,784,.000000000000000,.000000000000000,-25.32121084971123,25.32121084971123
210,2,256,-50.64242169942163,101.2848433988433,-50.53673391355046,-.1056877858711406
210,3,10,-50.43104612767846,100.8620922553569,-25.21552306383923,-25.21552306383922
211,1,784,.000000000000000,.000000000000000,-25.38349483399611,25.38349483399611
211,2,256,-50.76698966799140,101.5339793359828,-50.90891238566716,.1419227176757399
211,3,10,-51.05083510334204,102.1016702066841,-25.52541755167103,-25.52541755167101
212,1,784,.000000000000000,.000000000000000,-25.45163057644305,25.45163057644305
212,2,256,-50.90326115288519,101.8065223057704,-50.49616860453154,-.4070925483536684
212,3,10,-50.08907605617706,100.1781521123541,-25.04453802808852,-25.04453802808853
213,1,784,.000000000000000,.000000000000000,-25.35953763340726,25.35953763340726
213,2,256,-50.71907526681360,101.4381505336272,-50.80193141187424,.8285614506059592E-01
213,3,10,-50.88478755693399,101.7695751138680,-25.44239377846700,-25.44239377846699
214,1,784,.000000000000000,.000000000000000,-25.41103869510963,25.41103869510963
214,2,256,-50.82207739021840,101.6441547804368,-50.70693079586648,-.1151465943518679
214,3,10,-50.59178420151380,101.1835684030276,-25.29589210075692,-25.29589210075689
215,1,784,.000000000000000,.000000000000000,-25.55974109264015,25.55974109264015
215,2,256,-51.11948218527937,102.2389643705587,-50.40406740548476,-.7154147797946303
215,3,10,-49.68865262568930,99.37730525137860,-24.84432631284464,-24.84432631284466
216,1,784,.000000000000000,.000000000000000,-25.56392509886792,25.56392509886792
216,2,256,-51.12785019773503,102.2557003954701,-50.51620385704937,-.6116463406856784
216,3,10,-49.90455751636284,99.80911503272569,-24.95227875818141,-24.95227875818144
217,1,784,.000000000000000,.000000000000000,-25.42664124632947,25.42664124632947
217,2,256,-50.85328249265808,101.7065649853162,-50.62845512708677,-.2248273655713509
217,3,10,-50.40362776151458,100.8072555230292,-25.20181388075727,-25.20181388075731
218,1,784,.000000000000000,.000000000000000,-25.34257782405973,25.34257782405973
218,2,256,-50.68515564811871,101.3703112962374,-50.65156739542638,-.3358825269233108E-01
218,3,10,-50.61797914273322,101.2359582854664,-25.30898957136661,-25.30898957136661
219,1,784,.000000000000000,.000000000000000,-25.29371883427896,25.29371883427896
219,2,256,-50.58743766855719,101.1748753371144,-50.84254301733031,.2551053487731695
219,3,10,-51.09764836610267,102.1952967322053,-25.54882418305133,-25.54882418305134
220,1,784,.000000000000000,.000000000000000,-25.51238932658731,25.51238932658731
220,2,256,-51.02477865317382,102.0495573063476,-50.77427487426549,-.2505037789083279
220,3,10,-50.52377109535632,101.0475421907126,-25.26188554767816,-25.26188554767816
221,1,784,.000000000000000,.000000000000000,-25.26431348633356,25.26431348633356
221,2,256,-50.52862697266627,101.0572539453325,-50.99353653080877,.4649095581424507
221,3,10,-51.45844608895031,102.9168921779006,-25.72922304447516,-25.72922304447516
222,1,784,.000000000000000,.000000000000000,-25.72551455837101,25.72551455837101
222,2,256,-51.45102911674115,102.9020582334823,-50.47795688089538,-.9730722358457757
222,3,10,-49.50488464504878,99.00976929009757,-24.75244232252438,-24.75244232252440
223,1,784,.000000000000000,.000000000000000,-25.41148771072190,25.41148771072190
223,2,256,-50.82297542144296,101.6459508428859,-50.65439239492033,-.1685830265226393
223,3,10,-50.48580936839683,100.9716187367937,-25.24290468419841,-25.24290468419841
224,1,784,.000000000000000,.000000000000000,-25.65365154205684,25.65365154205684
224,2,256,-51.30730308411285,102.6146061682257,-50.52420211723815,-.7831009668746983
224,3,10,-49.74110115036262,99.48220230072525,-24.87055057518131,-24.87055057518132
225,1,784,.000000000000000,.000000000000000,-25.36007363891217,25.36007363891217
225,2,256,-50.72014727782349,101.4402945556470,-50.79845878632160,.7831150849811966E-01
225,3,10,-50.87677029481888,101.7535405896378,-25.43838514740944,-25.43838514740945
226,1,784,.000000000000000,.000000000000000,-25.33141350267713,25.33141350267713
226,2,256,-50.66282700535349,101.3256540107070,-50.65286935307511,-.9957652278394860E-02
226,3,10,-50.64291170079582,101.2858234015916,-25.32145585039791,-25.32145585039790
227,1,784,.000000000000000,.000000000000000,-25.42699661985349,25.42699661985349
227,2,256,-50.85399323970611,101.7079864794122,-50.66847088880292,-.1855223509031780
227,3,10,-50.48294853789891,100.9658970757978,-25.24147426894945,-25.24147426894947
228,1,784,.000000000000000,.000000000000000,-25.51219580805964,25.51219580805964
228,2,256,-51.02439161611843,102.0487832322369,-50.49225533391208,-.5321362822063389
228,3,10,-49.96011905170487,99.92023810340974,-24.98005952585245,-24.98005952585243
229,1,784,.000000000000000,.000000000000000,-25.53886495940698,25.53886495940698
229,2,256,-51.07772991881309,102.1554598376262,-50.46752540855412,-.6102045102589553
229,3,10,-49.85732089829433,99.71464179658865,-24.92866044914717,-24.92866044914716
230,1,784,.000000000000000,.000000000000000,-25.38262213550361,25.38262213550361
230,2,256,-50.76524427100637,101.5304885420127,-50.66209513458104,-.1031491364253612
230,3,10,-50.55894599815484,101.1178919963097,-25.27947299907741,-25.27947299907743
231,1,784,.000000000000000,.000000000000000,-25.49601708943864,25.49601708943864
231,2,256,-50.99203417887647,101.9840683577529,-50.55452718864468,-.4375069902318195
231,3,10,-50.11702019841198,100.2340403968240,-25.05851009920600,-25.05851009920599
232,1,784,.000000000000000,.000000000000000,-25.68504175815055,25.68504175815055
232,2,256,-51.37008351630030,102.7401670326006,-50.65001814691212,-.7200653693881640
232,3,10,-49.92995277752318,99.85990555504635,-24.96497638876157,-24.96497638876160
233,1,784,.000000000000000,.000000000000000,-25.58130728013639,25.58130728013639
233,2,256,-51.16261456027191,102.3252291205438,-50.60691657543873,-.5556979848331624
233,3,10,-50.05121859060473,100.1024371812095,-25.02560929530238,-25.02560929530236
234,1,784,.000000000000000,.000000000000000,-25.59706201032960,25.59706201032960
234,2,256,-51.19412402065832,102.3882480413166,-50.47846279745497,-.7156612232033800
234,3,10,-49.76280157425074,99.52560314850149,-24.88140078712538,-24.88140078712537
235,1,784,.000000000000000,.000000000000000,-25.35909299437177,25.35909299437177
235,2,256,-50.71818598874268,101.4363719774854,-51.00921477751007,.2910287887673866
235,3,10,-51.30024356627665,102.6004871325533,-25.65012178313831,-25.65012178313834
236,1,784,.000000000000000,.000000000000000,-25.42112664205371,25.42112664205371
236,2,256,-50.84225328410660,101.6845065682132,-50.60560120642477,-.2366520776818580
236,3,10,-50.36894912874207,100.7378982574841,-25.18447456437103,-25.18447456437104
237,1,784,.000000000000000,.000000000000000,-25.52806868745237,25.52806868745237
237,2,256,-51.05613737490387,102.1122747498077,-50.52126348329934,-.5348738916045624
237,3,10,-49.98638959169394,99.97277918338787,-24.99319479584696,-24.99319479584697
238,1,784,.000000000000000,.000000000000000,-25.28921365410834,25.28921365410834
238,2,256,-50.57842730821580,101.1568546164316,-50.85882470633113,.2803973981153985
238,3,10,-51.13922210444571,102.2784442088914,-25.56961105222286,-25.56961105222284
239,1,784,.000000000000000,.000000000000000,-25.51248978346217,25.51248978346217
239,2,256,-51.02497956692352,102.0499591338470,-50.61482843324600,-.4101511336775027
239,3,10,-50.20467729956766,100.4093545991353,-25.10233864978384,-25.10233864978382
240,1,784,.000000000000000,.000000000000000,-25.43529492393104,25.43529492393104
240,2,256,-50.87058984786120,101.7411796957224,-50.68103923353400,-.1895506143271780
240,3,10,-50.49148861920600,100.9829772384120,-25.24574430960300,-25.24574430960299
241,1,784,.000000000000000,.000000000000000,-25.51470492960475,25.51470492960475
241,2,256,-51.02940985920871,102.0588197184174,-50.77271964960187,-.2566902096067361
241,3,10,-50.51602943999433,101.0320588799887,-25.25801471999717,-25.25801471999717
242,1,784,.000000000000000,.000000000000000,-25.68851307036738,25.68851307036738
242,2,256,-51.37702614073394,102.7540522814679,-50.30138810308177,-1.075638037652114
242,3,10,-49.22575006542883,98.45150013085765,-24.61287503271442,-24.61287503271441
243,1,784,.000000000000000,.000000000000000,-25.43033156238675,25.43033156238675
243,2,256,-50.86066312477267,101.7213262495453,-50.44659127582310,-.4140718489495633
243,3,10,-50.03251942687272,100.0650388537454,-25.01625971343636,-25.01625971343636
244,1,784,.000000000000000,.000000000000000,-25.48101354360135,25.48101354360135
244,2,256,-50.96202708720180,101.9240541744036,-50.53431457702232,-.4277125101795136
244,3,10,-50.10660206684191,100.2132041336838,-25.05330103342096,-25.05330103342095
245,1,784,.000000000000000,.000000000000000,-25.45918417532484,25.45918417532484
245,2,256,-50.91836835064885,101.8367367012977,-50.60461336989805,-.3137549807508860
245,3,10,-50.29085838914626,100.5817167782925,-25.14542919457313,-25.14542919457313
246,1,784,.000000000000000,.000000000000000,-25.52412592744152,25.52412592744152
246,2,256,-51.04825185488212,102.0965037097642,-50.65296281050662,-.3952890443755526
246,3,10,-50.25767376613019,100.5153475322604,-25.12883688306509,-25.12883688306510
247,1,784,.000000000000000,.000000000000000,-25.61746813383887,25.61746813383887
247,2,256,-51.23493626767688,102.4698725353538,-50.44621366762809,-.7887226000487838
247,3,10,-49.65749106757849,99.31498213515698,-24.82874553378924,-24.82874553378926
248,1,784,.000000000000000,.000000000000000,-25.41644377131158,25.41644377131158
248,2,256,-50.83288754262237,101.6657750852447,-50.76996858373222,-.6291895889014509E-01
248,3,10,-50.70704962484125,101.4140992496825,-25.35352481242062,-25.35352481242064
249,1,784,.000000000000000,.000000000000000,-25.45344884664867,25.45344884664867
249,2,256,-50.90689769329649,101.8137953865930,-50.55292075151742,-.3539769417790933
249,3,10,-50.19894380973741,100.3978876194748,-25.09947190486871,-25.09947190486870
250,1,784,.000000000000000,.000000000000000,-25.39842932872488,25.39842932872488
250,2,256,-50.79685865744896,101.5937173148979,-50.51361651698909,-.2832421404598602
250,3,10,-50.23037437652837,100.4607487530567,-25.11518718826418,-25.11518718826419
251,1,784,.000000000000000,.000000000000000,-25.43356677935004,25.43356677935004
251,2,256,-50.86713355869924,101.7342671173985,-50.83984088056077,-.2729267813845533E-01
251,3,10,-50.81254820242148,101.6250964048430,-25.40627410121073,-25.40627410121075
252,1,784,.000000000000000,.000000000000000,-25.52184154283437,25.52184154283437
252,2,256,-51.04368308566788,102.0873661713358,-50.44425445977987,-.5994286258880597
252,3,10,-49.84482583389097,99.68965166778193,-24.92241291694548,-24.92241291694549
253,1,784,.000000000000000,.000000000000000,-25.57876763887893,25.57876763887893
253,2,256,-51.15753527775703,102.3150705555141,-50.25636891545527,-.9011663623017824
253,3,10,-49.35520255315259,98.71040510630519,-24.67760127657630,-24.67760127657629
254,1,784,.000000000000000,.000000000000000,-25.40443284094587,25.40443284094587
254,2,256,-50.80886568189090,101.6177313637818,-50.81793452831284,.9068846421934770E-02
254,3,10,-50.82700337473394,101.6540067494679,-25.41350168736697,-25.41350168736697
255,1,784,.000000000000000,.000000000000000,-25.53840360505487,25.53840360505487
255,2,256,-51.07680721010896,102.1536144202179,-50.87065963444754,-.2061475756613738
255,3,10,-50.66451205878532,101.3290241175706,-25.33225602939267,-25.33225602939266
256,1,784,.000000000000000,.000000000000000,-25.48648284483000,25.48648284483000
256,2,256,-50.97296568965911,101.9459313793182,-50.43663457227364,-.5363311173854634
256,3,10,-49.90030345488734,99.80060690977467,-24.95015172744367,-24.95015172744367
257,1,784,.000000000000000,.000000000000000,-25.52019198404626,25.52019198404626
257,2,256,-51.04038396809167,102.0807679361833,-50.63085238917392,-.4095315789176799
257,3,10,-50.22132081025548,100.4426416205110,-25.11066040512773,-25.11066040512774
258,1,784,.000000000000000,.000000000000000,-25.56082573168431,25.56082573168431
258,2,256,-51.12165146336773,102.2433029267355,-50.58668288991252,-.5349685734551610
258,3,10,-50.05171431645658,100.1034286329132,-25.02585715822829,-25.02585715822829
259,1,784,.000000000000000,.000000000000000,-25.29219177347154,25.29219177347154
259,2,256,-50.58438354694219,101.1687670938844,-50.82170958576516,.2373260388229385
259,3,10,-51.05903562458725,102.1180712491745,-25.52951781229362,-25.52951781229363
260,1,784,.000000000000000,.000000000000000,-25.48579037881345,25.48579037881345
260,2,256,-50.97158075762601,101.9431615152520,-50.55309138759650,-.4184893700295466
260,3,10,-50.13460201756607,100.2692040351321,-25.06730100878305,-25.06730100878303
261,1,784,.000000000000000,.000000000000000,-25.38584819810319,25.38584819810319
261,2,256,-50.77169639620554,101.5433927924111,-50.70563517048676,-.6606122571879128E-01
261,3,10,-50.63957394476711,101.2791478895342,-25.31978697238354,-25.31978697238357
262,1,784,.000000000000000,.000000000000000,-25.58156204723731,25.58156204723731
262,2,256,-51.16312409447381,102.3262481889476,-50.45539416485633,-.7077299296174622
262,3,10,-49.74766423523803,99.49532847047607,-24.87383211761901,-24.87383211761901
263,1,784,.000000000000000,.000000000000000,-25.72291580104874,25.72291580104874
263,2,256,-51.44583160209658,102.8916632041932,-50.58837882303144,-.8574527790651344
263,3,10,-49.73092604396548,99.46185208793096,-24.86546302198274,-24.86546302198274
264,1,784,.000000000000000,.000000000000000,-25.29145386700884,25.29145386700884
264,2,256,-50.58290773401685,101.1658154680337,-50.92858979096899,.3456820569521705
264,3,10,-51.27427184792036,102.5485436958407,-25.63713592396018,-25.63713592396018
265,1,784,.000000000000000,.000000000000000,-25.46897639059473,25.46897639059473
265,2,256,-50.93795278118865,101.8759055623773,-50.87785478404596,-.6009799714265793E-01
265,3,10,-50.81775678690247,101.6355135738049,-25.40887839345123,-25.40887839345123
266,1,784,.000000000000000,.000000000000000,-25.44270305443017,25.44270305443017
266,2,256,-50.88540610885950,101.7708122177190,-50.81161861915912,-.7378748970041618E-01
266,3,10,-50.73783112945783,101.4756622589157,-25.36891556472893,-25.36891556472891
267,1,784,.000000000000000,.000000000000000,-25.57746953002762,25.57746953002762
267,2,256,-51.15493906005439,102.3098781201088,-50.75649109539545,-.3984479646589423
267,3,10,-50.35804313073565,100.7160862614713,-25.17902156536784,-25.17902156536782
268,1,784,.000000000000000,.000000000000000,-25.25822021295430,25.25822021295430
268,2,256,-50.51644042590777,101.0328808518155,-50.78549210767939,.2690516817716258
268,3,10,-51.05454378945014,102.1090875789003,-25.52727189472507,-25.52727189472506
269,1,784,.000000000000000,.000000000000000,-25.56560367829359,25.56560367829359
269,2,256,-51.13120735658637,102.2624147131727,-50.55281384829655,-.5783935082897758
269,3,10,-49.97442034000599,99.94884068001198,-24.98721017000299,-24.98721017000299
270,1,784,.000000000000000,.000000000000000,-25.10555124588053,25.10555124588053
270,2,256,-50.21110249176022,100.4222049835204,-51.01290525211260,.8018027603523543
270,3,10,-51.81470801246412,103.6294160249282,-25.90735400623206,-25.90735400623206
271,1,784,.000000000000000,.000000000000000,-25.33216432916236,25.33216432916236
271,2,256,-50.66432865832387,101.3286573166477,-50.76241627923357,.9808762090968942E-01
271,3,10,-50.86050390014240,101.7210078002848,-25.43025195007120,-25.43025195007120
272,1,784,.000000000000000,.000000000000000,-25.51254769713714,25.51254769713714
272,2,256,-51.02509539427335,102.0501907885467,-50.44260816756896,-.5824872267044581
272,3,10,-49.86012094086362,99.72024188172723,-24.93006047043182,-24.93006047043180
273,1,784,.000000000000000,.000000000000000,-25.45337873315026,25.45337873315026
273,2,256,-50.90675746629967,101.8135149325993,-50.90643992501457,-.3175412850915521E-03
273,3,10,-50.90612238372862,101.8122447674572,-25.45306119186432,-25.45306119186430
274,1,784,.000000000000000,.000000000000000,-25.32541976112464,25.32541976112464
274,2,256,-50.65083952224852,101.3016790444970,-50.43382428086911,-.2170152413793743
274,3,10,-50.21680903948891,100.4336180789778,-25.10840451974446,-25.10840451974445
275,1,784,.000000000000000,.000000000000000,-25.38540859608417,25.38540859608417
275,2,256,-50.77081719216757,101.5416343843351,-50.76329359734697,-.7523594820641688E-02
275,3,10,-50.75577000252547,101.5115400050509,-25.37788500126273,-25.37788500126273
276,1,784,.000000000000000,.000000000000000,-25.44846263560552,25.44846263560552
276,2,256,-50.89692527121027,101.7938505424205,-50.82176537821178,-.7515989299848261E-01
276,3,10,-50.74660548521246,101.4932109704249,-25.37330274260623,-25.37330274260623
277,1,784,.000000000000000,.000000000000000,-25.49610976445841,25.49610976445841
277,2,256,-50.99221952891600,101.9844390578320,-50.77827175922400,-.2139477696919967
277,3,10,-50.56432398953113,101.1286479790623,-25.28216199476558,-25.28216199476555
278,1,784,.000000000000000,.000000000000000,-25.44953016181664,25.44953016181664
278,2,256,-50.89906032363242,101.7981206472648,-50.88442767555754,-.1463264807483113E-01
278,3,10,-50.86979502748191,101.7395900549638,-25.43489751374095,-25.43489751374096
279,1,784,.000000000000000,.000000000000000,-25.43497910327741,25.43497910327741
279,2,256,-50.86995820655403,101.7399164131081,-50.70543784997604,-.1645203565779321
279,3,10,-50.54091749339729,101.0818349867946,-25.27045874669864,-25.27045874669864
280,1,784,.000000000000000,.000000000000000,-25.36559918898579,25.36559918898579
280,2,256,-50.73119837797073,101.4623967559415,-50.90837868587872,.1771803079079767
280,3,10,-51.08555899378582,102.1711179875716,-25.54277949689293,-25.54277949689290
281,1,784,.000000000000000,.000000000000000,-25.64900545435798,25.64900545435798
281,2,256,-51.29801090871504,102.5960218174301,-50.53249347921916,-.7655174294958931
281,3,10,-49.76697604972242,99.53395209944485,-24.88348802486121,-24.88348802486121
282,1,784,.000000000000000,.000000000000000,-25.51311097138242,25.51311097138242
282,2,256,-51.02622194276400,102.0524438855280,-50.78402002369280,-.2422019190711989
282,3,10,-50.54181810462077,101.0836362092415,-25.27090905231039,-25.27090905231038
283,1,784,.000000000000000,.000000000000000,-25.56845145746463,25.56845145746463
283,2,256,-51.13690291492843,102.2738058298569,-50.43467038417681,-.7022325307516041
283,3,10,-49.73243785342434,99.46487570684867,-24.86621892671217,-24.86621892671216
284,1,784,.000000000000000,.000000000000000,-25.41822126863686,25.41822126863686
284,2,256,-50.83644253727287,101.6728850745457,-50.70118251014208,-.1352600271308042
284,3,10,-50.56592248301040,101.1318449660208,-25.28296124150521,-25.28296124150519
285,1,784,.000000000000000,.000000000000000,-25.44029916372199,25.44029916372199
285,2,256,-50.88059832744315,101.7611966548863,-50.57544462269095,-.3051537047521661
285,3,10,-50.27029091793791,100.5405818358758,-25.13514545896896,-25.13514545896894
286,1,784,.000000000000000,.000000000000000,-25.28961781429733,25.28961781429733
286,2,256,-50.57923562859378,101.1584712571876,-50.91655213085760,.3373165022638486
286,3,10,-51.25386863312060,102.5077372662412,-25.62693431656031,-25.62693431656030
287,1,784,.000000000000000,.000000000000000,-25.53217467251198,25.53217467251198
287,2,256,-51.06434934502312,102.1286986900462,-50.49776198947162,-.5665873555515172
287,3,10,-49.93117463391926,99.86234926783852,-24.96558731695963,-24.96558731695964
288,1,784,.000000000000000,.000000000000000,-25.39698181660309,25.39698181660309
288,2,256,-50.79396363320543,101.5879272664109,-50.70891952311341,-.8504411009202363E-01
288,3,10,-50.62387541302053,101.2477508260411,-25.31193770651027,-25.31193770651026
289,1,784,.000000000000000,.000000000000000,-25.44704391772789,25.44704391772789
289,2,256,-50.89408783545477,101.7881756709095,-50.87300228588362,-.2108554957113216E-01
289,3,10,-50.85191673631168,101.7038334726234,-25.42595836815583,-25.42595836815585
290,1,784,.000000000000000,.000000000000000,-25.19762837873203,25.19762837873203
290,2,256,-50.39525675746317,100.7905135149263,-50.93168772109313,.5364309636299310
290,3,10,-51.46811868472219,102.9362373694444,-25.73405934236110,-25.73405934236109
291,1,784,.000000000000000,.000000000000000,-25.29401107005093,25.29401107005093
291,2,256,-50.58802214010100,101.1760442802020,-51.01526389992004,.4272417598190679
291,3,10,-51.44250565973825,102.8850113194765,-25.72125282986913,-25.72125282986912
292,1,784,.000000000000000,.000000000000000,-25.33890453586645,25.33890453586645
292,2,256,-50.67780907173201,101.3556181434640,-50.77501577539789,.9720670366588979E-01
292,3,10,-50.87222247906298,101.7444449581260,-25.43611123953148,-25.43611123953150
293,1,784,.000000000000000,.000000000000000,-25.55287365843173,25.55287365843173
293,2,256,-51.10574731686263,102.2114946337253,-50.51119273998456,-.5945545768780818
293,3,10,-49.91663816310562,99.83327632621123,-24.95831908155281,-24.95831908155281
294,1,784,.000000000000000,.000000000000000,-25.54407500635402,25.54407500635402
294,2,256,-51.08815001270717,102.1763000254143,-50.22955500546138,-.8585950072458287
294,3,10,-49.37095999821473,98.74191999642946,-24.68547999910736,-24.68547999910736
295,1,784,.000000000000000,.000000000000000,-25.35504748923123,25.35504748923123
295,2,256,-50.71009497846167,101.4201899569233,-50.72786381539289,.1776883693122030E-01
295,3,10,-50.74563265232327,101.4912653046465,-25.37281632616164,-25.37281632616164
296,1,784,.000000000000000,.000000000000000,-25.45441421756928,25.45441421756928
296,2,256,-50.90882843513766,101.8176568702753,-50.75660631393130,-.1522221212063996
296,3,10,-50.60438419272403,101.2087683854481,-25.30219209636201,-25.30219209636200
297,1,784,.000000000000000,.000000000000000,-25.55411244408218,25.55411244408218
297,2,256,-51.10822488816351,102.2164497763270,-50.63207110102162,-.4761537871418631
297,3,10,-50.15591731387892,100.3118346277578,-25.07795865693947,-25.07795865693945
298,1,784,.000000000000000,.000000000000000,-25.48792900172504,25.48792900172504
298,2,256,-50.97585800344920,101.9517160068984,-50.61117800404156,-.3646799994076996
298,3,10,-50.24649800463299,100.4929960092660,-25.12324900231649,-25.12324900231651
299,1,784,.000000000000000,.000000000000000,-25.45968134784881,25.45968134784881
299,2,256,-50.91936269569675,101.8387253913935,-50.69469654472635,-.2246661509704355
299,3,10,-50.47003039375507,100.9400607875101,-25.23501519687754,-25.23501519687753
300,1,784,.000000000000000,.000000000000000,-25.46411290948083,25.46411290948083
300,2,256,-50.92822581896074,101.8564516379215,-50.57338769848945,-.3548381204713499
300,3,10,-50.21854957801722,100.4370991560344,-25.10927478900861,-25.10927478900862
301,1,784,.000000000000000,.000000000000000,-25.27150341662749,25.27150341662749
301,2,256,-50.54300683325418,101.0860136665084,-51.04701270131633,.5040058680621505
301,3,10,-51.55101856937758,103.1020371387552,-25.77550928468882,-25.77550928468878
302,1,784,.000000000000000,.000000000000000,-25.51919270747505,25.51919270747505
302,2,256,-51.03838541494924,102.0767708298985,-50.54170711977399,-.4966782951752449
302,3,10,-50.04502882459791,100.0900576491958,-25.02251441229896,-25.02251441229896
303,1,784,.000000000000000,.000000000000000,-25.46543559210424,25.46543559210424
303,2,256,-50.93087118420769,101.8617423684154,-50.52006150106793,-.4108096831397328
303,3,10,-50.10925181792734,100.2185036358547,-25.05462590896367,-25.05462590896368
304,1,784,.000000000000000,.000000000000000,-25.48609450057101,25.48609450057101
304,2,256,-50.97218900114120,101.9443780022824,-50.74866265657822,-.2235263445629749
304,3,10,-50.52513631201443,101.0502726240289,-25.26256815600721,-25.26256815600723
305,1,784,.000000000000000,.000000000000000,-25.34228162928899,25.34228162928899
305,2,256,-50.68456325857714,101.3691265171543,-50.76444217659069,.7987891801355394E-01
305,3,10,-50.84432109460340,101.6886421892068,-25.42216054730170,-25.42216054730169
306,1,784,.000000000000000,.000000000000000,-25.46194640430544,25.46194640430544
306,2,256,-50.92389280861007,101.8477856172201,-50.59215261135169,-.3317401972583661
306,3,10,-50.26041241409245,100.5208248281849,-25.13020620704623,-25.13020620704622
307,1,784,.000000000000000,.000000000000000,-25.48631783455243,25.48631783455243
307,2,256,-50.97263566910404,101.9452713382081,-50.60020374090811,-.3724319281959283
307,3,10,-50.22777181271135,100.4555436254227,-25.11388590635569,-25.11388590635567
308,1,784,.000000000000000,.000000000000000,-25.55384051167827,25.55384051167827
308,2,256,-51.10768102335575,102.2153620467115,-50.49509645598621,-.6125845673695314
308,3,10,-49.88251188861584,99.76502377723169,-24.94125594430792,-24.94125594430793
309,1,784,.000000000000000,.000000000000000,-25.64189118673780,25.64189118673780
309,2,256,-51.28378237347486,102.5675647469497,-50.41994738604537,-.8638349874294828
309,3,10,-49.55611239861506,99.11222479723011,-24.77805619930752,-24.77805619930754
310,1,784,.000000000000000,.000000000000000,-25.57075342577497,25.57075342577497
310,2,256,-51.14150685154918,102.2830137030984,-50.47753927825266,-.6639675732964959
310,3,10,-49.81357170495535,99.62714340991070,-24.90678585247767,-24.90678585247768
311,1,784,.000000000000000,.000000000000000,-25.39693813731654,25.39693813731654
311,2,256,-50.79387627463220,101.5877525492644,-50.82895573529231,.3507946066014493E-01
311,3,10,-50.86403519595165,101.7280703919033,-25.43201759797582,-25.43201759797583
312,1,784,.000000000000000,.000000000000000,-25.45857790998935,25.45857790998935
312,2,256,-50.91715581997792,101.8343116399558,-50.74092505908985,-.1762307608880560
312,3,10,-50.56469429820098,101.1293885964020,-25.28234714910048,-25.28234714910050
313,1,784,.000000000000000,.000000000000000,-25.40491009971198,25.40491009971198
313,2,256,-50.80982019942306,101.6196403988461,-50.54111892511893,-.2687012743041297
313,3,10,-50.27241765081398,100.5448353016280,-25.13620882540699,-25.13620882540699
314,1,784,.000000000000000,.000000000000000,-25.56245875333773,25.56245875333773
314,2,256,-51.12491750667460,102.2498350133492,-50.68694822314932,-.4379692835252577
314,3,10,-50.24897893962323,100.4979578792465,-25.12448946981161,-25.12448946981162
315,1,784,.000000000000000,.000000000000000,-25.58759826157128,25.58759826157128
315,2,256,-51.17519652314179,102.3503930462836,-50.34990550271176,-.8252910204300365
315,3,10,-49.52461448228084,99.04922896456168,-24.76230724114043,-24.76230724114041
316,1,784,.000000000000000,.000000000000000,-25.20159277196894,25.20159277196894
316,2,256,-50.40318554393708,100.8063710878742,-51.02032727989757,.6171417359604620
316,3,10,-51.63746901585718,103.2749380317144,-25.81873450792859,-25.81873450792859
317,1,784,.000000000000000,.000000000000000,-25.46089858004084,25.46089858004084
317,2,256,-50.92179716008085,101.8435943201617,-50.70118971879531,-.2206074412855083
317,3,10,-50.48058227750897,100.9611645550179,-25.24029113875449,-25.24029113875447
318,1,784,.000000000000000,.000000000000000,-25.43060063398592,25.43060063398592
318,2,256,-50.86120126797100,101.7224025359420,-50.56395487949877,-.2972463884722273
318,3,10,-50.26670849102568,100.5334169820514,-25.13335424551284,-25.13335424551283
319,1,784,.000000000000000,.000000000000000,-25.33395998576897,25.33395998576897
319,2,256,-50.66791997153709,101.3358399430742,-50.76914917687637,.1012292053392567
319,3,10,-50.87037838221478,101.7407567644296,-25.43518919110740,-25.43518919110738
320,1,784,.000000000000000,.000000000000000,-25.62092608309008,25.62092608309008
320,2,256,-51.24185216617931,102.4837043323586,-50.54985380909021,-.6919983570890782
320,3,10,-49.85785545200032,99.71571090400063,-24.92892772600015,-24.92892772600016
321,1,784,.000000000000000,.000000000000000,-25.37955481962917,25.37955481962917
321,2,256,-50.75910963925752,101.5182192785150,-50.77816052458920,.1905088533162932E-01
321,3,10,-50.79721140991993,101.5944228198399,-25.39860570495997,-25.39860570495996
322,1,784,.000000000000000,.000000000000000,-25.59124243779511,25.59124243779511
322,2,256,-51.18248487558938,102.3649697511788,-50.32719694366357,-.8552879319258540
322,3,10,-49.47190901173684,98.94381802347368,-24.73595450586842,-24.73595450586843
323,1,784,.000000000000000,.000000000000000,-25.59911514199035,25.59911514199035
323,2,256,-51.19823028397988,102.3964605679598,-50.39829570572885,-.7999345782510419
323,3,10,-49.59836112747692,99.19672225495384,-24.79918056373846,-24.79918056373846
324,1,784,.000000000000000,.000000000000000,-25.43292775740138,25.43292775740138
324,2,256,-50.86585551480197,101.7317110296039,-50.65751504675255,-.2083404680493934
324,3,10,-50.44917457870234,100.8983491574047,-25.22458728935116,-25.22458728935118
325,1,784,.000000000000000,.000000000000000,-25.41561156668697,25.41561156668697
325,2,256,-50.83122313337311,101.6624462667462,-50.92567115322417,.9444801985107922E-01
325,3,10,-51.02011917307441,102.0402383461488,-25.51005958653721,-25.51005958653720
326,1,784,.000000000000000,.000000000000000,-25.58798601634574,25.58798601634574
326,2,256,-51.17597203269057,102.3519440653811,-50.43517711603155,-.7407949166590143
326,3,10,-49.69438219937171,99.38876439874342,-24.84719109968585,-24.84719109968585
327,1,784,.000000000000000,.000000000000000,-25.41618457375832,25.41618457375832
327,2,256,-50.83236914751581,101.6647382950316,-50.64442689264506,-.1879422548707371
327,3,10,-50.45648463777350,100.9129692755470,-25.22824231888675,-25.22824231888676
328,1,784,.000000000000000,.000000000000000,-25.42320219394218,25.42320219394218
328,2,256,-50.84640438788355,101.6928087757671,-50.58827250548138,-.2581318824021533
328,3,10,-50.33014062307842,100.6602812461568,-25.16507031153921,-25.16507031153921
329,1,784,.000000000000000,.000000000000000,-25.53701411995686,25.53701411995686
329,2,256,-51.07402823991288,102.1480564798258,-50.52472793694833,-.5493003029645183
329,3,10,-49.97542763398300,99.95085526796599,-24.98771381699150,-24.98771381699150
330,1,784,.000000000000000,.000000000000000,-25.49211414704666,25.49211414704666
330,2,256,-50.98422829409248,101.9684565881850,-50.71992410565222,-.2643041884402704
330,3,10,-50.45561991721111,100.9112398344222,-25.22780995860555,-25.22780995860556
331,1,784,.000000000000000,.000000000000000,-25.46843205530296,25.46843205530296
331,2,256,-50.93686411060504,101.8737282212101,-50.65884485852080,-.2780192520842376
331,3,10,-50.38082560643571,100.7616512128714,-25.19041280321786,-25.19041280321785
332,1,784,.000000000000000,.000000000000000,-25.38516537259794,25.38516537259794
332,2,256,-50.77033074519500,101.5406614903900,-50.67043127897863,-.9989946621638811E-01
332,3,10,-50.57053181276139,101.1410636255228,-25.28526590638070,-25.28526590638069
333,1,784,.000000000000000,.000000000000000,-25.28377590950028,25.28377590950028
333,2,256,-50.56755181899964,101.1351036379993,-50.80103824798893,.2334864289893421
333,3,10,-51.03452467697745,102.0690493539549,-25.51726233848872,-25.51726233848871
334,1,784,.000000000000000,.000000000000000,-25.53661739801817,25.53661739801817
334,2,256,-51.07323479603553,102.1464695920711,-50.53054576534070,-.5426890306948208
334,3,10,-49.98785673464505,99.97571346929010,-24.99392836732253,-24.99392836732252
335,1,784,.000000000000000,.000000000000000,-25.39110166048032,25.39110166048032
335,2,256,-50.78220332095978,101.5644066419196,-50.72840867453081,-.5379464642900321E-01
335,3,10,-50.67461402810093,101.3492280562019,-25.33730701405047,-25.33730701405046
336,1,784,.000000000000000,.000000000000000,-25.49183057419302,25.49183057419302
336,2,256,-50.98366114838515,101.9673222967703,-50.74872225183498,-.2349388965502192
336,3,10,-50.51378335528395,101.0275667105679,-25.25689167764197,-25.25689167764198
337,1,784,.000000000000000,.000000000000000,-25.29957636512162,25.29957636512162
337,2,256,-50.59915273024243,101.1983054604849,-50.98883453875322,.3896818085108173
337,3,10,-51.37851634726321,102.7570326945264,-25.68925817363161,-25.68925817363162
338,1,784,.000000000000000,.000000000000000,-25.55996341599250,25.55996341599250
338,2,256,-51.11992683198417,102.2398536639683,-50.23268909734183,-.8872377346422718
338,3,10,-49.34545136269874,98.69090272539748,-24.67272568134937,-24.67272568134938
339,1,784,.000000000000000,.000000000000000,-25.43671427245575,25.43671427245575
339,2,256,-50.87342854491067,101.7468570898213,-50.64206256724352,-.2313659776671445
339,3,10,-50.41069658957554,100.8213931791511,-25.20534829478776,-25.20534829478776
340,1,784,.000000000000000,.000000000000000,-25.37836214608097,25.37836214608097
340,2,256,-50.75672429216112,101.5134485843222,-50.74239404711104,-.1433024505008473E-01
340,3,10,-50.72806380206012,101.4561276041202,-25.36403190103006,-25.36403190103006
341,1,784,.000000000000000,.000000000000000,-25.52423449796375,25.52423449796375
341,2,256,-51.04846899592667,102.0969379918533,-50.42580552992863,-.6226634659980720
341,3,10,-49.80314206392970,99.60628412785940,-24.90157103196485,-24.90157103196485
342,1,784,.000000000000000,.000000000000000,-25.46220717781594,25.46220717781594
342,2,256,-50.92441435563099,101.8488287112620,-50.49543514543787,-.4289792101931499
342,3,10,-50.06645593524385,100.1329118704877,-25.03322796762193,-25.03322796762192
343,1,784,.000000000000000,.000000000000000,-25.53971159864921,25.53971159864921
343,2,256,-51.07942319729758,102.1588463945952,-50.60210000524530,-.4773231920522740
343,3,10,-50.12477681319216,100.2495536263843,-25.06238840659609,-25.06238840659606
344,1,784,.000000000000000,.000000000000000,-25.60846855162195,25.60846855162195
344,2,256,-51.21693710324311,102.4338742064862,-50.69220630266731,-.5247308005757654
344,3,10,-50.16747550209072,100.3349510041814,-25.08373775104537,-25.08373775104535
345,1,784,.000000000000000,.000000000000000,-25.32215538613842,25.32215538613842
345,2,256,-50.64431077227609,101.2886215445522,-50.96965463367632,.3253438614002984
345,3,10,-51.29499849507581,102.5899969901516,-25.64749924753791,-25.64749924753791
346,1,784,.000000000000000,.000000000000000,-25.47832310905885,25.47832310905885
346,2,256,-50.95664621811682,101.9132924362336,-50.46864704334121,-.4879991747755915
346,3,10,-49.98064786856483,99.96129573712966,-24.99032393428240,-24.99032393428242
347,1,784,.000000000000000,.000000000000000,-25.60563174830429,25.60563174830429
347,2,256,-51.21126349660769,102.4225269932154,-50.53507655723319,-.6761869393745429
347,3,10,-49.85888961785781,99.71777923571562,-24.92944480892891,-24.92944480892891
348,1,784,.000000000000000,.000000000000000,-25.44870447960808,25.44870447960808
348,2,256,-50.89740895921537,101.7948179184307,-50.74316675440346,-.1542422048119020
348,3,10,-50.58892454959078,101.1778490991816,-25.29446227479537,-25.29446227479540
349,1,784,.000000000000000,.000000000000000,-25.49007336833165,25.49007336833165
349,2,256,-50.98014673666241,101.9602934733248,-50.50753401750970,-.4726127191527060
349,3,10,-50.03492129835620,100.0698425967124,-25.01746064917808,-25.01746064917810
350,1,784,.000000000000000,.000000000000000,-25.34523103674751,25.34523103674751
350,2,256,-50.69046207349418,101.3809241469884,-50.86296419220246,.1725021187082288
350,3,10,-51.03546631090984,102.0709326218197,-25.51773315545493,-25.51773315545491
351,1,784,.000000000000000,.000000000000000,-25.54154549527501,25.54154549527501
351,2,256,-51.08309099054916,102.1661819810983,-50.32535060569177,-.7577403848573394
351,3,10,-49.56761022083357,99.13522044166714,-24.78380511041680,-24.78380511041678
352,1,784,.000000000000000,.000000000000000,-25.55815861577858,25.55815861577858
352,2,256,-51.11631723155630,102.2326344631126,-50.46335657664533,-.6529606549109439
352,3,10,-49.81039592173357,99.62079184346713,-24.90519796086678,-24.90519796086679
353,1,784,.000000000000000,.000000000000000,-25.51597732446648,25.51597732446648
353,2,256,-51.03195464893214,102.0639092978643,-50.38098080211158,-.6509738468205354
353,3,10,-49.73000695529020,99.46001391058040,-24.86500347764510,-24.86500347764510
354,1,784,.000000000000000,.000000000000000,-25.41519639050280,25.41519639050280
354,2,256,-50.83039278100473,101.6607855620095,-50.82935081992977,-.1041961074995920E-02
354,3,10,-50.82830885885389,101.6566177177078,-25.41415442942694,-25.41415442942694
355,1,784,.000000000000000,.000000000000000,-25.31640268347006,25.31640268347006
355,2,256,-50.63280536693922,101.2656107338784,-50.77073795068100,.1379325837417729
355,3,10,-50.90867053442196,101.8173410688439,-25.45433526721098,-25.45433526721098
356,1,784,.000000000000000,.000000000000000,-25.35426087512421,25.35426087512421
356,2,256,-50.70852175024758,101.4170435004952,-50.58018017230631,-.1283415779412043
356,3,10,-50.45183859436434,100.9036771887287,-25.22591929718217,-25.22591929718217
357,1,784,.000000000000000,.000000000000000,-25.58580595951602,25.58580595951602
357,2,256,-51.17161191903126,102.3432238380625,-50.65469540237462,-.5169165166566135
357,3,10,-50.13777888571718,100.2755577714344,-25.06888944285859,-25.06888944285859
358,1,784,.000000000000000,.000000000000000,-25.59287117038014,25.59287117038014
358,2,256,-51.18574234075946,102.3714846815189,-50.26340500312931,-.9223373376301798
358,3,10,-49.34106766549824,98.68213533099647,-24.67053383274913,-24.67053383274912
359,1,784,.000000000000000,.000000000000000,-25.52237579457936,25.52237579457936
359,2,256,-51.04475158915785,102.0895031783157,-50.53417824617259,-.5105733429852622
359,3,10,-50.02360490318650,100.0472098063730,-25.01180245159325,-25.01180245159326
360,1,784,.000000000000000,.000000000000000,-25.36412628639218,25.36412628639218
360,2,256,-50.72825257278354,101.4565051455671,-50.78883325213376,.6058067935022833E-01
360,3,10,-50.84941393148313,101.6988278629663,-25.42470696574157,-25.42470696574155
361,1,784,.000000000000000,.000000000000000,-25.34764540389648,25.34764540389648
361,2,256,-50.69529080779215,101.3905816155843,-50.84290178532164,.1476109775294824
361,3,10,-50.99051276285029,101.9810255257006,-25.49525638142515,-25.49525638142515
362,1,784,.000000000000000,.000000000000000,-25.50095004025131,25.50095004025131
362,2,256,-51.00190008050188,102.0038001610038,-50.51900055181189,-.4828995286900328
362,3,10,-50.03610102312098,100.0722020462420,-25.01805051156049,-25.01805051156049
363,1,784,.000000000000000,.000000000000000,-25.61401107547467,25.61401107547467
363,2,256,-51.22802215094847,102.4560443018969,-50.41033144225466,-.8176907086937967
363,3,10,-49.59264073356002,99.18528146712003,-24.79632036678002,-24.79632036678000
364,1,784,.000000000000000,.000000000000000,-25.20177510398652,25.20177510398652
364,2,256,-50.40355020797218,100.8071004159444,-50.89783167859360,.4942814706214307
364,3,10,-51.39211314921420,102.7842262984284,-25.69605657460710,-25.69605657460711
365,1,784,.000000000000000,.000000000000000,-25.25971866857452,25.25971866857452
365,2,256,-50.51943733714822,101.0388746742964,-50.91861576252402,.3991784253757670
365,3,10,-51.31779418789890,102.6355883757978,-25.65889709394945,-25.65889709394945
366,1,784,.000000000000000,.000000000000000,-25.51060729240889,25.51060729240889
366,2,256,-51.02121458481695,102.0424291696339,-50.72768059258093,-.2935339922360487
366,3,10,-50.43414660034406,100.8682932006881,-25.21707330017202,-25.21707330017205
367,1,784,.000000000000000,.000000000000000,-25.17642018595073,25.17642018595073
367,2,256,-50.35284037190057,100.7056807438011,-51.21898160585092,.8661412339503822
367,3,10,-52.08512283980049,104.1702456796010,-26.04256141990024,-26.04256141990026
368,1,784,.000000000000000,.000000000000000,-25.43284375708672,25.43284375708672
368,2,256,-50.86568751417261,101.7313750283452,-50.82766876685614,-.3801874731644137E-01
368,3,10,-50.78965001953884,101.5793000390777,-25.39482500976942,-25.39482500976942
369,1,784,.000000000000000,.000000000000000,-25.64351534407692,25.64351534407692
369,2,256,-51.28703068815292,102.5740613763058,-50.60530116482965,-.6817295233232523
369,3,10,-49.92357164150562,99.84714328301125,-24.96178582075280,-24.96178582075282
370,1,784,.000000000000000,.000000000000000,-25.44442356843382,25.44442356843382
370,2,256,-50.88884713686680,101.7776942737336,-50.90432606146310,.1547892459625277E-01
370,3,10,-50.91980498605849,101.8396099721170,-25.45990249302925,-25.45990249302924
371,1,784,.000000000000000,.000000000000000,-25.39099670964812,25.39099670964812
371,2,256,-50.78199341929535,101.5639868385907,-50.76962771302835,-.1236570626703347E-01
371,3,10,-50.75726200676046,101.5145240135209,-25.37863100338024,-25.37863100338022
372,1,784,.000000000000000,.000000000000000,-25.42345127363120,25.42345127363120
372,2,256,-50.84690254726158,101.6938050945232,-50.67478881053640,-.1721137367251767
372,3,10,-50.50267507381042,101.0053501476208,-25.25133753690520,-25.25133753690521
373,1,784,.000000000000000,.000000000000000,-25.49821022668038,25.49821022668038
373,2,256,-50.99642045335997,101.9928409067199,-50.61635740760506,-.3800630457549335
373,3,10,-50.23629436184928,100.4725887236986,-25.11814718092464,-25.11814718092464
374,1,784,.000000000000000,.000000000000000,-25.26552597774308,25.26552597774308
374,2,256,-50.53105195548540,101.0621039109708,-50.75000471621150,.2189527607261498
374,3,10,-50.96895747693681,101.9379149538736,-25.48447873846841,-25.48447873846840
375,1,784,.000000000000000,.000000000000000,-25.50134679797514,25.50134679797514
375,2,256,-51.00269359594952,102.0053871918990,-50.55182642087373,-.4508671750757518
375,3,10,-50.10095924579716,100.2019184915943,-25.05047962289859,-25.05047962289858
376,1,784,.000000000000000,.000000000000000,-25.56513854640352,25.56513854640352
376,2,256,-51.13027709280623,102.2605541856125,-50.52056583224831,-.6097112605578858
376,3,10,-49.91085457168960,99.82170914337921,-24.95542728584481,-24.95542728584482
377,1,784,.000000000000000,.000000000000000,-25.45212366678841,25.45212366678841
377,2,256,-50.90424733357604,101.8084946671521,-50.73577498547658,-.1684723480994247
377,3,10,-50.56730263737633,101.1346052747527,-25.28365131868817,-25.28365131868816
378,1,784,.000000000000000,.000000000000000,-25.25443398395834,25.25443398395834
378,2,256,-50.50886796791582,101.0177359358316,-50.82383830776601,.3149703398502436
378,3,10,-51.13880864761548,102.2776172952310,-25.56940432380773,-25.56940432380774
379,1,784,.000000000000000,.000000000000000,-25.24038461923113,25.24038461923113
379,2,256,-50.48076923846138,100.9615384769228,-51.08415073075390,.6033814922925009
379,3,10,-51.68753222304557,103.3750644460911,-25.84376611152278,-25.84376611152279
380,1,784,.000000000000000,.000000000000000,-25.42819395720736,25.42819395720736
380,2,256,-50.85638791441394,101.7127758288279,-50.82228182425686,-.3410609015710168E-01
380,3,10,-50.78817573409889,101.5763514681978,-25.39408786704945,-25.39408786704945
381,1,784,.000000000000000,.000000000000000,-25.50051909510720,25.50051909510720
381,2,256,-51.00103819021354,102.0020763804271,-50.57401940376821,-.4270187864453243
381,3,10,-50.14700061732206,100.2940012346441,-25.07350030866103,-25.07350030866103
382,1,784,.000000000000000,.000000000000000,-25.45574163936713,25.45574163936713
382,2,256,-50.91148327873344,101.8229665574669,-50.38909622680752,-.5223870519259448
382,3,10,-49.86670917488070,99.73341834976139,-24.93335458744035,-24.93335458744034
383,1,784,.000000000000000,.000000000000000,-25.42136209438137,25.42136209438137
383,2,256,-50.84272418876189,101.6854483775238,-50.70423496002055,-.1384892287413248
383,3,10,-50.56574573127838,101.1314914625568,-25.28287286563919,-25.28287286563920
384,1,784,.000000000000000,.000000000000000,-25.52265298492826,25.52265298492826
384,2,256,-51.04530596985565,102.0906119397113,-50.56672119852703,-.4785847713286493
384,3,10,-50.08813642719755,100.1762728543951,-25.04406821359878,-25.04406821359878
385,1,784,.000000000000000,.000000000000000,-25.52335596679640,25.52335596679640
385,2,256,-51.04671193359201,102.0934238671840,-50.23581939318115,-.8108925404109039
385,3,10,-49.42492685276939,98.84985370553878,-24.71246342638469,-24.71246342638469
386,1,784,.000000000000000,.000000000000000,-25.46083551423301,25.46083551423301
386,2,256,-50.92167102846511,101.8433420569302,-50.59408586301419,-.3275851654509503
386,3,10,-50.26650069756239,100.5330013951248,-25.13325034878120,-25.13325034878120
387,1,784,.000000000000000,.000000000000000,-25.25560357562922,25.25560357562922
387,2,256,-50.51120715125762,101.0224143025152,-50.90543145310045,.3942243018428231
387,3,10,-51.29965575494244,102.5993115098849,-25.64982787747122,-25.64982787747123
388,1,784,.000000000000000,.000000000000000,-25.47861052481253,25.47861052481253
388,2,256,-50.95722104962424,101.9144420992485,-50.53565145910974,-.4215695905144872
388,3,10,-50.11408186859443,100.2281637371889,-25.05704093429722,-25.05704093429721
389,1,784,.000000000000000,.000000000000000,-25.52731513734530,25.52731513734530
389,2,256,-51.05463027468983,102.1092605493797,-50.32650574028860,-.7281245344011946
389,3,10,-49.59838120588661,99.19676241177322,-24.79919060294332,-24.79919060294331
390,1,784,.000000000000000,.000000000000000,-25.46672567015296,25.46672567015296
390,2,256,-50.93345134030515,101.8669026806103,-50.48670476785281,-.4467465724523207
390,3,10,-50.03995819539968,100.0799163907994,-25.01997909769984,-25.01997909769984
391,1,784,.000000000000000,.000000000000000,-25.30227116764498,25.30227116764498
391,2,256,-50.60454233528911,101.2090846705782,-50.74283476523719,.1382924299480939
391,3,10,-50.88112719518445,101.7622543903689,-25.44056359759222,-25.44056359759223
392,1,784,.000000000000000,.000000000000000,-25.35551974654022,25.35551974654022
392,2,256,-50.71103949307965,101.4220789861593,-50.71302798234838,.1988489268764659E-02
392,3,10,-50.71501647161634,101.4300329432327,-25.35750823580817,-25.35750823580817
393,1,784,.000000000000000,.000000000000000,-25.51657010135835,25.51657010135835
393,2,256,-51.03314020271592,102.0662804054318,-50.46566451757420,-.5674756851416968
393,3,10,-49.89818883243172,99.79637766486344,-24.94909441621584,-24.94909441621587
394,1,784,.000000000000000,.000000000000000,-25.41257379637647,25.41257379637647
394,2,256,-50.82514759275207,101.6502951855041,-50.78331448702852,-.4183310572356276E-01
394,3,10,-50.74148138130410,101.4829627626082,-25.37074069065205,-25.37074069065204
395,1,784,.000000000000000,.000000000000000,-25.44123118895061,25.44123118895061
395,2,256,-50.88246237790046,101.7649247558009,-50.70708072148285,-.1753816564176284
395,3,10,-50.53169906506432,101.0633981301286,-25.26584953253217,-25.26584953253216
396,1,784,.000000000000000,.000000000000000,-25.31621075536628,25.31621075536628
396,2,256,-50.63242151073170,101.2648430214634,-50.82091675921943,.1884952484876261
396,3,10,-51.00941200770618,102.0188240154124,-25.50470600385309,-25.50470600385309
397,1,784,.000000000000000,.000000000000000,-25.53344019646662,25.53344019646662
397,2,256,-51.06688039293248,102.1337607858650,-50.65746747400013,-.4094129189323236
397,3,10,-50.24805455506696,100.4961091101339,-25.12402727753348,-25.12402727753348
398,1,784,.000000000000000,.000000000000000,-25.54218683557827,25.54218683557827
398,2,256,-51.08437367115570,102.1687473423114,-50.57916956101116,-.5052041101445276
398,3,10,-50.07396545086579,100.1479309017316,-25.03698272543290,-25.03698272543290
399,1,784,.000000000000000,.000000000000000,-25.36164172510441,25.36164172510441
399,2,256,-50.72328345020791,101.4465669004158,-50.79536291731421,.7207946710623969E-01
399,3,10,-50.86744238441960,101.7348847688392,-25.43372119220979,-25.43372119220981
400,1,784,.000000000000000,.000000000000000,-25.53193026382666,25.53193026382666
400,2,256,-51.06386052765248,102.1277210553050,-50.51171390967452,-.5521466179779664
400,3,10,-49.95956729169576,99.91913458339151,-24.97978364584787,-24.97978364584788
401,1,784,.000000000000000,.000000000000000,-25.44524517128174,25.44524517128174
401,2,256,-50.89049034256265,101.7809806851253,-50.64523076148712,-.2452595810755335
401,3,10,-50.39997118041074,100.7999423608215,-25.19998559020538,-25.19998559020537
402,1,784,.000000000000000,.000000000000000,-25.56571225005008,25.56571225005008
402,2,256,-51.13142450009929,102.2628490001986,-50.45850689304468,-.6729176070546239
402,3,10,-49.78558928598922,99.57117857197844,-24.89279464299460,-24.89279464299461
403,1,784,.000000000000000,.000000000000000,-25.33803678086779,25.33803678086779
403,2,256,-50.67607356173480,101.3521471234696,-50.65485530435622,-.2121825737856839E-01
403,3,10,-50.63363704697684,101.2672740939537,-25.31681852348841,-25.31681852348843
404,1,784,.000000000000000,.000000000000000,-25.55233102249599,25.55233102249599
404,2,256,-51.10466204499124,102.2093240899825,-50.61757500264776,-.4870870423434409
404,3,10,-50.13048796030350,100.2609759206070,-25.06524398015175,-25.06524398015176
405,1,784,.000000000000000,.000000000000000,-25.36790306849779,25.36790306849779
405,2,256,-50.73580613699468,101.4716122739894,-50.69291401155440,-.4289212544028238E-01
405,3,10,-50.65002188611324,101.3000437722265,-25.32501094305662,-25.32501094305661
406,1,784,.000000000000000,.000000000000000,-25.39836049448622,25.39836049448622
406,2,256,-50.79672098897154,101.5934419779431,-50.56210771873655,-.2346132702350091
406,3,10,-50.32749444850072,100.6549888970014,-25.16374722425036,-25.16374722425036
407,1,784,.000000000000000,.000000000000000,-25.74285096621978,25.74285096621978
407,2,256,-51.48570193243869,102.9714038648774,-50.23329934639137,-1.252402586047322
407,3,10,-48.98089676034321,97.96179352068641,-24.49044838017161,-24.49044838017160
408,1,784,.000000000000000,.000000000000000,-25.52728343923125,25.52728343923125
408,2,256,-51.05456687846162,102.1091337569232,-50.22372969572083,-.8308371827408151
408,3,10,-49.39289251297916,98.78578502595832,-24.69644625648958,-24.69644625648958
409,1,784,.000000000000000,.000000000000000,-25.53333793443377,25.53333793443377
409,2,256,-51.06667586886666,102.1333517377333,-50.50849017646777,-.5581856923989044
409,3,10,-49.95030448406801,99.90060896813603,-24.97515224203402,-24.97515224203400
410,1,784,.000000000000000,.000000000000000,-25.68767800186998,25.68767800186998
410,2,256,-51.37535600373919,102.7507120074784,-50.56300707004014,-.8123489336990407
410,3,10,-49.75065813634026,99.50131627268051,-24.87532906817012,-24.87532906817014
411,1,784,.000000000000000,.000000000000000,-25.37403104323753,25.37403104323753
411,2,256,-50.74806208647426,101.4961241729485,-50.93475267869594,.1866905922216207
411,3,10,-51.12144327091668,102.2428865418334,-25.56072163545834,-25.56072163545834
412,1,784,.000000000000000,.000000000000000,-25.59923183751740,25.59923183751740
412,2,256,-51.19846367503401,102.3969273500680,-50.57556563405203,-.6228980409818973
412,3,10,-49.95266759306931,99.90533518613863,-24.97633379653467,-24.97633379653464
413,1,784,.000000000000000,.000000000000000,-25.46051056257179,25.46051056257179
413,2,256,-50.92102112514279,101.8420422502856,-50.71332564321580,-.2076954819269627
413,3,10,-50.50563016128801,101.0112603225760,-25.25281508064400,-25.25281508064401
414,1,784,.000000000000000,.000000000000000,-25.29198780353759,25.29198780353759
414,2,256,-50.58397560707436,101.1679512141487,-50.84727561773508,.2633000106607249
414,3,10,-51.11057562839497,102.2211512567899,-25.55528781419750,-25.55528781419747
415,1,784,.000000000000000,.000000000000000,-25.46080390760864,25.46080390760864
415,2,256,-50.92160781521645,101.8432156304329,-50.55986944461315,-.3617383706032882
415,3,10,-50.19813107400906,100.3962621480181,-25.09906553700452,-25.09906553700454
416,1,784,.000000000000000,.000000000000000,-25.43158704952065,25.43158704952065
416,2,256,-50.86317409904043,101.7263481980809,-50.71627507296952,-.1468990260709200
416,3,10,-50.56937604689777,101.1387520937955,-25.28468802344888,-25.28468802344889
417,1,784,.000000000000000,.000000000000000,-25.46881668937766,25.46881668937766
417,2,256,-50.93763337875439,101.8752667575088,-50.96650247484897,.2886909609455180E-01
417,3,10,-50.99537157094267,101.9907431418853,-25.49768578547133,-25.49768578547133
418,1,784,.000000000000000,.000000000000000,-25.55097531296288,25.55097531296288
418,2,256,-51.10195062592484,102.2039012518497,-50.40186156399903,-.7000890619258295
418,3,10,-49.70177250207237,99.40354500414475,-24.85088625103618,-24.85088625103619
419,1,784,.000000000000000,.000000000000000,-25.30212703089236,25.30212703089236
419,2,256,-50.60425406178391,101.2085081235678,-50.87645979086642,.2722057290825446
419,3,10,-51.14866551994811,102.2973310398962,-25.57433275997406,-25.57433275997406
420,1,784,.000000000000000,.000000000000000,-25.56607071439299,25.56607071439299
420,2,256,-51.13214142878521,102.2642828575704,-50.32366097948626,-.8084804492989632
420,3,10,-49.51518053018644,99.03036106037288,-24.75759026509322,-24.75759026509322
421,1,784,.000000000000000,.000000000000000,-25.57320689069318,25.57320689069318
421,2,256,-51.14641378138556,102.2928275627711,-50.73666369169531,-.4097500896902666
421,3,10,-50.32691360200419,100.6538272040084,-25.16345680100210,-25.16345680100209
422,1,784,.000000000000000,.000000000000000,-25.45256907237744,25.45256907237744
422,2,256,-50.90513814475408,101.8102762895082,-50.56547850138430,-.3396596433697632
422,3,10,-50.22581885801370,100.4516377160274,-25.11290942900685,-25.11290942900684
423,1,784,.000000000000000,.000000000000000,-25.31206237330489,25.31206237330489
423,2,256,-50.62412474660894,101.2482494932179,-50.97398311195447,.3498583653455024
423,3,10,-51.32384147729913,102.6476829545983,-25.66192073864956,-25.66192073864957
424,1,784,.000000000000000,.000000000000000,-25.35069860122982,25.35069860122982
424,2,256,-50.70139720245880,101.4027944049176,-50.66517030122038,-.3622690123837744E-01
424,3,10,-50.62894339998119,101.2578867999624,-25.31447169999060,-25.31447169999060
425,1,784,.000000000000000,.000000000000000,-25.28696570906165,25.28696570906165
425,2,256,-50.57393141812248,101.1478628362450,-50.92340936983620,.3494779517137085
425,3,10,-51.27288732154906,102.5457746430981,-25.63644366077453,-25.63644366077452
426,1,784,.000000000000000,.000000000000000,-25.41003715469474,25.41003715469474
426,2,256,-50.82007430938867,101.6401486187773,-50.74704773427874,-.7302657510993833E-01
426,3,10,-50.67402115916795,101.3480423183359,-25.33701057958398,-25.33701057958397
427,1,784,.000000000000000,.000000000000000,-25.66637038095547,25.66637038095547
427,2,256,-51.33274076191009,102.6654815238202,-50.57191997285327,-.7608207890567987
427,3,10,-49.81109918379562,99.62219836759124,-24.90554959189781,-24.90554959189782
428,1,784,.000000000000000,.000000000000000,-25.44605301111153,25.44605301111153
428,2,256,-50.89210602222226,101.7842120444445,-50.54152753978736,-.3505784824349421
428,3,10,-50.19094905735157,100.3818981147031,-25.09547452867579,-25.09547452867578
429,1,784,.000000000000000,.000000000000000,-25.37990324984203,25.37990324984203
429,2,256,-50.75980649968329,101.5196129993666,-50.88796106660356,.1281545669203105
429,3,10,-51.01611563352301,102.0322312670460,-25.50805781676151,-25.50805781676150
430,1,784,.000000000000000,.000000000000000,-25.43883444128167,25.43883444128167
430,2,256,-50.87766888256249,101.7553377651250,-50.61159927144934,-.2660696111131092
430,3,10,-50.34552966033545,100.6910593206709,-25.17276483016772,-25.17276483016773
431,1,784,.000000000000000,.000000000000000,-25.40696030942081,25.40696030942081
431,2,256,-50.81392061884083,101.6278412376817,-50.55127974059928,-.2626408782415059
431,3,10,-50.28863886235690,100.5772777247138,-25.14431943117847,-25.14431943117845
432,1,784,.000000000000000,.000000000000000,-25.41164609637805,25.41164609637805
432,2,256,-50.82329219275527,101.6465843855105,-50.50793196519534,-.3153602275599793
432,3,10,-50.19257173763450,100.3851434752690,-25.09628586881725,-25.09628586881726
433,1,784,.000000000000000,.000000000000000,-25.63687607775961,25.63687607775961
433,2,256,-51.27375215551841,102.5475043110368,-50.53826372719322,-.7354884283251824
433,3,10,-49.80277529886719,99.60555059773438,-24.90138764943359,-24.90138764943359
434,1,784,.000000000000000,.000000000000000,-25.60164066334870,25.60164066334870
434,2,256,-51.20328132669656,102.4065626533931,-50.72961314094330,-.4736681857532713
434,3,10,-50.25594495518918,100.5118899103784,-25.12797247759459,-25.12797247759459
435,1,784,.000000000000000,.000000000000000,-25.54146423458354,25.54146423458354
435,2,256,-51.08292846916620,102.1658569383324,-50.43940734755900,-.6435211216071736
435,3,10,-49.79588622595103,99.59177245190206,-24.89794311297551,-24.89794311297551
436,1,784,.000000000000000,.000000000000000,-25.44406108242180,25.44406108242180
436,2,256,-50.88812216484277,101.7762443296855,-50.50265964701200,-.3854625178307862
436,3,10,-50.11719712918033,100.2343942583607,-25.05859856459017,-25.05859856459017
437,1,784,.000000000000000,.000000000000000,-25.69368298500441,25.69368298500441
437,2,256,-51.38736597000799,102.7747319400160,-50.01067389914214,-1.376692070865845
437,3,10,-48.63398182827545,97.26796365655090,-24.31699091413773,-24.31699091413773
438,1,784,.000000000000000,.000000000000000,-25.57712000640763,25.57712000640763
438,2,256,-51.15424001281444,102.3084800256289,-50.59200412540970,-.5622358874047313
438,3,10,-50.02976823800409,100.0595364760082,-25.01488411900205,-25.01488411900204
439,1,784,.000000000000000,.000000000000000,-25.37609033952315,25.37609033952315
439,2,256,-50.75218067904547,101.5043613580909,-50.93977948173437,.1875988026889151
439,3,10,-51.12737828442243,102.2547565688449,-25.56368914221122,-25.56368914221121
440,1,784,.000000000000000,.000000000000000,-25.55759667548200,25.55759667548200
440,2,256,-51.11519335096315,102.2303867019263,-50.47668893809144,-.6385044128717089
440,3,10,-49.83818452521888,99.67636905043776,-24.91909226260944,-24.91909226260945
441,1,784,.000000000000000,.000000000000000,-25.32704770274712,25.32704770274712
441,2,256,-50.65409540549342,101.3081908109868,-50.67879249558340,.2469709009003148E-01
441,3,10,-50.70348958567263,101.4069791713453,-25.35174479283631,-25.35174479283632
442,1,784,.000000000000000,.000000000000000,-25.59748286027600,25.59748286027600
442,2,256,-51.19496572055115,102.3899314411023,-50.68843888354275,-.5065268370083943
442,3,10,-50.18191204653350,100.3638240930670,-25.09095602326675,-25.09095602326673
443,1,784,.000000000000000,.000000000000000,-25.46989788472327,25.46989788472327
443,2,256,-50.93979576944569,101.8795915388914,-50.58362990569294,-.3561658637527773
443,3,10,-50.22746404193929,100.4549280838786,-25.11373202096963,-25.11373202096965
444,1,784,.000000000000000,.000000000000000,-25.57271143803590,25.57271143803590
444,2,256,-51.14542287607101,102.2908457521420,-50.49059250434292,-.6548303717280766
444,3,10,-49.83576213261401,99.67152426522802,-24.91788106630700,-24.91788106630700
445,1,784,.000000000000000,.000000000000000,-25.47349913026131,25.47349913026131
445,2,256,-50.94699826052186,101.8939965210437,-50.74300291766050,-.2039953428613074
445,3,10,-50.53900757479837,101.0780151495967,-25.26950378739918,-25.26950378739920
446,1,784,.000000000000000,.000000000000000,-25.41876049699410,25.41876049699410
446,2,256,-50.83752099398739,101.6750419879748,-50.60049018286502,-.2370308111224104
446,3,10,-50.36345937174173,100.7269187434835,-25.18172968587088,-25.18172968587087
447,1,784,.000000000000000,.000000000000000,-25.55328800303820,25.55328800303820
447,2,256,-51.10657600607558,102.2131520121512,-50.37855774590868,-.7280182601668899
447,3,10,-49.65053948574096,99.30107897148193,-24.82526974287048,-24.82526974287047
448,1,784,.000000000000000,.000000000000000,-25.68367617627981,25.68367617627981
448,2,256,-51.36735235255876,102.7347047051175,-50.44657345624128,-.9207788963174983
448,3,10,-49.52579455992297,99.05158911984594,-24.76289727996148,-24.76289727996149
449,1,784,.000000000000000,.000000000000000,-25.37802512207146,25.37802512207146
449,2,256,-50.75605024414210,101.5121004882842,-50.71010930415335,-.4594093998876744E-01
449,3,10,-50.66416836416377,101.3283367283275,-25.33208418208189,-25.33208418208188
450,1,784,.000000000000000,.000000000000000,-25.52849229870901,25.52849229870901
450,2,256,-51.05698459741728,102.1139691948346,-50.48060467957965,-.5763799178375583
450,3,10,-49.90422476174128,99.80844952348255,-24.95211238087063,-24.95211238087064
451,1,784,.000000000000000,.000000000000000,-25.34336312333384,25.34336312333384
451,2,256,-50.68672624666684,101.3734524933337,-50.95309826880968,.2663720221428376
451,3,10,-51.21947029095167,102.4389405819033,-25.60973514547583,-25.60973514547583
452,1,784,.000000000000000,.000000000000000,-25.43764695773619,25.43764695773619
452,2,256,-50.87529391547152,101.7505878309430,-50.78258114884975,-.9271276662179292E-01
452,3,10,-50.68986838222709,101.3797367644542,-25.34493419111355,-25.34493419111354
453,1,784,.000000000000000,.000000000000000,-25.31952883030657,25.31952883030657
453,2,256,-50.63905766061237,101.2781153212247,-50.72148984160631,.8243218099391629E-01
453,3,10,-50.80392202259935,101.6078440451987,-25.40196101129968,-25.40196101129968
454,1,784,.000000000000000,.000000000000000,-25.26210010975796,25.26210010975796
454,2,256,-50.52420021951509,101.0484004390302,-50.90410105204085,.3799008325257640
454,3,10,-51.28400188456575,102.5680037691315,-25.64200094228288,-25.64200094228287
455,1,784,.000000000000000,.000000000000000,-25.52378637716923,25.52378637716923
455,2,256,-51.04757275433766,102.0951455086753,-50.67058724716116,-.3769855071764806
455,3,10,-50.29360173998386,100.5872034799677,-25.14680086999193,-25.14680086999194
456,1,784,.000000000000000,.000000000000000,-25.38608986639071,25.38608986639071
456,2,256,-50.77217973278056,101.5443594655611,-50.65712873647131,-.1150509963092653
456,3,10,-50.54207774016122,101.0841554803224,-25.27103887008061,-25.27103887008062
457,1,784,.000000000000000,.000000000000000,-25.49449520539319,25.49449520539319
457,2,256,-50.98899041078565,101.9779808215713,-50.63178802182814,-.3572023889574880
457,3,10,-50.27458563286979,100.5491712657396,-25.13729281643491,-25.13729281643488
458,1,784,.000000000000000,.000000000000000,-25.54776039710324,25.54776039710324
458,2,256,-51.09552079420563,102.1910415884113,-50.21835115797503,-.8771696362306357
458,3,10,-49.34118152174354,98.68236304348709,-24.67059076087178,-24.67059076087178
459,1,784,.000000000000000,.000000000000000,-25.36918638132075,25.36918638132075
459,2,256,-50.73837276264074,101.4767455252815,-50.96909648304211,.2307237204013663
459,3,10,-51.19982020344260,102.3996404068852,-25.59991010172132,-25.59991010172128
460,1,784,.000000000000000,.000000000000000,-25.49166275284298,25.49166275284298
460,2,256,-50.98332550568517,101.9666510113703,-50.80787210290597,-.1754534027791701
460,3,10,-50.63241870012595,101.2648374002519,-25.31620935006298,-25.31620935006297
461,1,784,.000000000000000,.000000000000000,-25.68548902869623,25.68548902869623
461,2,256,-51.37097805739162,102.7419561147832,-50.34592581966916,-1.025052237722533
461,3,10,-49.32087358194578,98.64174716389155,-24.66043679097288,-24.66043679097289
462,1,784,.000000000000000,.000000000000000,-25.36264389534001,25.36264389534001
462,2,256,-50.72528779067910,101.4505755813582,-50.57239944098087,-.1528883496982600
462,3,10,-50.41951109128176,100.8390221825635,-25.20975554564088,-25.20975554564087
463,1,784,.000000000000000,.000000000000000,-25.38790052504220,25.38790052504220
463,2,256,-50.77580105008357,101.5516021001671,-50.70813466886889,-.6766638121469323E-01
463,3,10,-50.64046828765337,101.2809365753067,-25.32023414382670,-25.32023414382667
464,1,784,.000000000000000,.000000000000000,-25.43090904239241,25.43090904239241
464,2,256,-50.86181808478402,101.7236361695680,-50.72782863327565,-.1339894515083670
464,3,10,-50.59383918176641,101.1876783635328,-25.29691959088321,-25.29691959088320
465,1,784,.000000000000000,.000000000000000,-25.44250076040175,25.44250076040175
465,2,256,-50.88500152080264,101.7700030416053,-50.69575593675987,-.1892455840428418
465,3,10,-50.50651035271616,101.0130207054323,-25.25325517635807,-25.25325517635807
466,1,784,.000000000000000,.000000000000000,-25.42049264898885,25.42049264898885
466,2,256,-50.84098529797687,101.6819705959537,-50.71132891643878,-.1296563815380217
466,3,10,-50.58167253489995,101.1633450697999,-25.29083626744998,-25.29083626744997
467,1,784,.000000000000000,.000000000000000,-25.56857102512254,25.56857102512254
467,2,256,-51.13714205024421,102.2742841004884,-50.57343609605439,-.5637059541898257
467,3,10,-50.00973014186370,100.0194602837274,-25.00486507093186,-25.00486507093185
468,1,784,.000000000000000,.000000000000000,-25.28125669369924,25.28125669369924
468,2,256,-50.56251338739769,101.1250267747954,-50.66880338454326,.1062899971455622
468,3,10,-50.77509338168794,101.5501867633759,-25.38754669084397,-25.38754669084397
469,1,784,.000000000000000,.000000000000000,-25.34676995541607,25.34676995541607
469,2,256,-50.69353991083124,101.3870798216625,-50.85883713867212,.1652972278409015
469,3,10,-51.02413436651219,102.0482687330244,-25.51206718325609,-25.51206718325610
470,1,784,.000000000000000,.000000000000000,-25.61011431308178,25.61011431308178
470,2,256,-51.22022862616276,102.4404572523255,-50.47238977480203,-.7478388513607889
470,3,10,-49.72455092344035,99.44910184688069,-24.86227546172018,-24.86227546172015
471,1,784,.000000000000000,.000000000000000,-25.47639057189622,25.47639057189622
471,2,256,-50.95278114379164,101.9055622875833,-50.59826832143826,-.3545128223532978
471,3,10,-50.24375549908418,100.4875109981684,-25.12187774954209,-25.12187774954209
472,1,784,.000000000000000,.000000000000000,-25.53174528841434,25.53174528841434
472,2,256,-51.06349057682787,102.1269811536557,-50.44325570196608,-.6202348748617994
472,3,10,-49.82302082710341,99.64604165420681,-24.91151041355171,-24.91151041355170
473,1,784,.000000000000000,.000000000000000,-25.43656068946924,25.43656068946924
473,2,256,-50.87312137893765,101.7462427578753,-50.64832493919489,-.2247964397427484
473,3,10,-50.42352849945127,100.8470569989025,-25.21176424972564,-25.21176424972564
474,1,784,.000000000000000,.000000000000000,-25.19056525529261,25.19056525529261
474,2,256,-50.38113051058435,100.7622610211687,-50.97688919805548,.5957586874711392
474,3,10,-51.57264788552584,103.1452957710517,-25.78632394276291,-25.78632394276293
475,1,784,.000000000000000,.000000000000000,-25.61062746647372,25.61062746647372
475,2,256,-51.22125493294653,102.4425098658931,-50.30721866121718,-.9140362717294304
475,3,10,-49.39318238948682,98.78636477897363,-24.69659119474341,-24.69659119474340
476,1,784,.000000000000000,.000000000000000,-25.40056100045693,25.40056100045693
476,2,256,-50.80112200091307,101.6022440018261,-50.72869798508917,-.7242401582383245E-01
476,3,10,-50.65627396926452,101.3125479385290,-25.32813698463226,-25.32813698463225
477,1,784,.000000000000000,.000000000000000,-25.61039691562129,25.61039691562129
477,2,256,-51.22079383124171,102.4415876624834,-50.58234853574090,-.6384452955008048
477,3,10,-49.94390324023923,99.88780648047846,-24.97195162011962,-24.97195162011961
478,1,784,.000000000000000,.000000000000000,-25.38688033755041,25.38688033755041
478,2,256,-50.77376067509996,101.5475213501999,-50.84660453415613,.7284385905620999E-01
478,3,10,-50.91944839321153,101.8388967864231,-25.45972419660577,-25.45972419660576
479,1,784,.000000000000000,.000000000000000,-25.71954028726132,25.71954028726132
479,2,256,-51.43908057452182,102.8781611490436,-50.31407663337085,-1.125003941150967
479,3,10,-49.18907269221905,98.37814538443810,-24.59453634610951,-24.59453634610954
480,1,784,.000000000000000,.000000000000000,-25.36805646895175,25.36805646895175
480,2,256,-50.73611293790267,101.4722258758053,-50.79628529367345,.6017235577079329E-01
480,3,10,-50.85645764944341,101.7129152988868,-25.42822882472170,-25.42822882472171
481,1,784,.000000000000000,.000000000000000,-25.45418753937620,25.45418753937620
481,2,256,-50.90837507875155,101.8167501575031,-50.62090634139260,-.2874687373589295
481,3,10,-50.33343760403281,100.6668752080656,-25.16671880201640,-25.16671880201640
482,1,784,.000000000000000,.000000000000000,-25.41404828827303,25.41404828827303
482,2,256,-50.82809657654520,101.6561931530904,-50.62381358503214,-.2042829915130872
482,3,10,-50.41953059351819,100.8390611870364,-25.20976529675909,-25.20976529675911
483,1,784,.000000000000000,.000000000000000,-25.39975759082404,25.39975759082404
483,2,256,-50.79951518164727,101.5990303632945,-50.64794078011366,-.1515744015336276
483,3,10,-50.49636637857915,100.9927327571583,-25.24818318928958,-25.24818318928956
484,1,784,.000000000000000,.000000000000000,-25.47850382414426,25.47850382414426
484,2,256,-50.95700764828762,101.9140152965752,-50.66250195122959,-.2945056970580316
484,3,10,-50.36799625417073,100.7359925083415,-25.18399812708537,-25.18399812708537
485,1,784,.000000000000000,.000000000000000,-25.26856966174475,25.26856966174475
485,2,256,-50.53713932348872,101.0742786469774,-51.00818339349806,.4710440700093463
485,3,10,-51.47922746350657,102.9584549270131,-25.73961373175328,-25.73961373175328
486,1,784,.000000000000000,.000000000000000,-25.48074319823164,25.48074319823164
486,2,256,-50.96148639646245,101.9229727929249,-50.74983410728804,-.2116522891744511
486,3,10,-50.53818181811272,101.0763636362254,-25.26909090905636,-25.26909090905636
487,1,784,.000000000000000,.000000000000000,-25.54412202239542,25.54412202239542
487,2,256,-51.08824404479007,102.1764880895801,-50.37091953059474,-.7173245141953029
487,3,10,-49.65359501639860,99.30719003279719,-24.82679750819930,-24.82679750819930
488,1,784,.000000000000000,.000000000000000,-25.33351144513320,25.33351144513320
488,2,256,-50.66702289026559,101.3340457805312,-50.77489473511074,.1078718448451474
488,3,10,-50.88276657995500,101.7655331599100,-25.44138328997752,-25.44138328997748
489,1,784,.000000000000000,.000000000000000,-25.48310654046361,25.48310654046361
489,2,256,-50.96621308092635,101.9324261618527,-50.65413237295473,-.3120807079716309
489,3,10,-50.34205166498224,100.6841033299645,-25.17102583249112,-25.17102583249112
490,1,784,.000000000000000,.000000000000000,-25.59007628132440,25.59007628132440
490,2,256,-51.18015256264798,102.3603051252960,-50.71144469188170,-.4687078707662677
490,3,10,-50.24273682111460,100.4854736422292,-25.12136841055729,-25.12136841055730
491,1,784,.000000000000000,.000000000000000,-25.34082445035317,25.34082445035317
491,2,256,-50.68164890070543,101.3632978014109,-50.66244796435419,-.1920093635120901E-01
491,3,10,-50.64324702800213,101.2864940560043,-25.32162351400107,-25.32162351400105
492,1,784,.000000000000000,.000000000000000,-25.54618028414712,25.54618028414712
492,2,256,-51.09236056829338,102.1847211365868,-50.62084157883869,-.4715189894546454
492,3,10,-50.14932258938323,100.2986451787665,-25.07466129469162,-25.07466129469161
493,1,784,.000000000000000,.000000000000000,-25.39770764289799,25.39770764289799
493,2,256,-50.79541528579523,101.5908305715905,-50.97094615647031,.1755308706751464
493,3,10,-51.14647702714465,102.2929540542893,-25.57323851357233,-25.57323851357232
494,1,784,.000000000000000,.000000000000000,-25.58338301192267,25.58338301192267
494,2,256,-51.16676602384441,102.3335320476888,-50.65881925103908,-.5079467728053974
494,3,10,-50.15087247823283,100.3017449564657,-25.07543623911641,-25.07543623911642
495,1,784,.000000000000000,.000000000000000,-25.40139312523833,25.40139312523833
495,2,256,-50.80278625047582,101.6055725009516,-50.85810461920557,.5531836872976727E-01
495,3,10,-50.91342298793450,101.8268459758690,-25.45671149396727,-25.45671149396724
496,1,784,.000000000000000,.000000000000000,-25.51093529379972,25.51093529379972
496,2,256,-51.02187058759857,102.0437411751971,-50.51410385658262,-.5077667310159417
496,3,10,-50.00633712556581,100.0126742511316,-25.00316856278292,-25.00316856278290
497,1,784,.000000000000000,.000000000000000,-25.57533853821709,25.57533853821709
497,2,256,-51.15067707643337,102.3013541528667,-50.51848191670405,-.6321951597293198
497,3,10,-49.88628675697386,99.77257351394772,-24.94314337848693,-24.94314337848693
498,1,784,.000000000000000,.000000000000000,-25.34221627625413,25.34221627625413
498,2,256,-50.68443255250747,101.3688651050149,-50.74995040977905,.6551785727154066E-01
498,3,10,-50.81546826704971,101.6309365340994,-25.40773413352485,-25.40773413352486
499,1,784,.000000000000000,.000000000000000,-25.47771725569830,25.47771725569830
499,2,256,-50.95543451139576,101.9108690227915,-50.58924186917779,-.3661926422179592
499,3,10,-50.22304922695900,100.4460984539180,-25.11152461347950,-25.11152461347950
500,1,784,.000000000000000,.000000000000000,-25.47250496331041,25.47250496331041
500,2,256,-50.94500992661995,101.8900198532399,-50.54273609133471,-.4022738352852531
500,3,10,-50.14046225604865,100.2809245120973,-25.07023112802431,-25.07023112802433
501,1,784,.000000000000000,.000000000000000,-25.37679043094270,25.37679043094270
501,2,256,-50.75358086188459,101.5071617237692,-50.61838179715893,-.1351990647256023
501,3,10,-50.48318273243249,100.9663654648650,-25.24159136621626,-25.24159136621623
502,1,784,.000000000000000,.000000000000000,-25.44092419264057,25.44092419264057
502,2,256,-50.88184838528038,101.7636967705608,-50.77099875681277,-.1108496284675996
502,3,10,-50.66014912834431,101.3202982566886,-25.33007456417216,-25.33007456417215
503,1,784,.000000000000000,.000000000000000,-25.45649220799910,25.45649220799910
503,2,256,-50.91298441599739,101.8259688319948,-50.65740397786301,-.2555804381343736
503,3,10,-50.40182353972779,100.8036470794556,-25.20091176986390,-25.20091176986389
504,1,784,.000000000000000,.000000000000000,-25.63315520744715,25.63315520744715
504,2,256,-51.26631041489344,102.5326208297869,-50.25506817362216,-1.011242241271302
504,3,10,-49.24382593234997,98.48765186469994,-24.62191296617500,-24.62191296617497
505,1,784,.000000000000000,.000000000000000,-25.53846835306444,25.53846835306444
505,2,256,-51.07693670612804,102.1538734122561,-50.54676534809118,-.5301713580368683
505,3,10,-50.01659399005349,100.0331879801070,-25.00829699502675,-25.00829699502675
506,1,784,.000000000000000,.000000000000000,-25.56334731594252,25.56334731594252
506,2,256,-51.12669463188426,102.2533892637685,-50.31193751797570,-.8147571139085528
506,3,10,-49.49718040406630,98.99436080813260,-24.74859020203316,-24.74859020203315
507,1,784,.000000000000000,.000000000000000,-25.39541563898625,25.39541563898625
507,2,256,-50.79083127797168,101.5816625559434,-50.70460106093098,-.8623021704069034E-01
507,3,10,-50.61837084388941,101.2367416877788,-25.30918542194472,-25.30918542194470
508,1,784,.000000000000000,.000000000000000,-25.81012520230066,25.81012520230066
508,2,256,-51.62025040460055,103.2405008092011,-50.40543651770275,-1.214813886897782
508,3,10,-49.19062263080410,98.38124526160820,-24.59531131540206,-24.59531131540204
509,1,784,.000000000000000,.000000000000000,-25.52016456438826,25.52016456438826
509,2,256,-51.04032912877568,102.0806582575514,-50.56384968367739,-.4764794450983136
509,3,10,-50.08737023857821,100.1747404771564,-25.04368511928910,-25.04368511928911
510,1,784,.000000000000000,.000000000000000,-25.52136605320163,25.52136605320163
510,2,256,-51.04273210640236,102.0854642128047,-50.38961402123279,-.6531180851695717
510,3,10,-49.73649593606239,99.47299187212478,-24.86824796803120,-24.86824796803119
511,1,784,.000000000000000,.000000000000000,-25.50115242364406,25.50115242364406
511,2,256,-51.00230484728724,102.0046096945745,-50.75080141897460,-.2515034283126465
511,3,10,-50.49929799066110,100.9985959813222,-25.24964899533054,-25.24964899533056
512,1,784,.000000000000000,.000000000000000,-25.36517675542201,25.36517675542201
512,2,256,-50.73035351084308,101.4607070216862,-50.72502220101369,-.5331309829399868E-02
512,3,10,-50.71969089118348,101.4393817823670,-25.35984544559173,-25.35984544559174
513,1,784,.000000000000000,.000000000000000,-25.52910546559270,25.52910546559270
513,2,256,-51.05821093118468,102.1164218623694,-50.62948778832921,-.4287231428554804
513,3,10,-50.20076464547289,100.4015292909458,-25.10038232273644,-25.10038232273644
514,1,784,.000000000000000,.000000000000000,-25.58482973610804,25.58482973610804
514,2,256,-51.16965947221529,102.3393189444306,-50.68734191036374,-.4823175618514977
514,3,10,-50.20502434851146,100.4100486970229,-25.10251217425572,-25.10251217425573
515,1,784,.000000000000000,.000000000000000,-25.39999583688640,25.39999583688640
515,2,256,-50.79999167377196,101.5999833475439,-50.66951301844744,-.1304786553245700
515,3,10,-50.53903436312199,101.0780687262440,-25.26951718156099,-25.26951718156100
516,1,784,.000000000000000,.000000000000000,-25.62569824866976,25.62569824866976
516,2,256,-51.25139649733873,102.5027929946775,-50.57288725172532,-.6785092456134286
516,3,10,-49.89437800611101,99.78875601222202,-24.94718900305551,-24.94718900305550
517,1,784,.000000000000000,.000000000000000,-25.51587657928940,25.51587657928940
517,2,256,-51.03175315857794,102.0635063171559,-50.56432893211713,-.4674242264608416
517,3,10,-50.09690470565544,100.1938094113109,-25.04845235282772,-25.04845235282771
518,1,784,.000000000000000,.000000000000000,-25.60425789284163,25.60425789284163
518,2,256,-51.20851578568244,102.4170315713649,-50.73595386677300,-.4725619189094450
518,3,10,-50.26339194786270,100.5267838957254,-25.13169597393135,-25.13169597393135
519,1,784,.000000000000000,.000000000000000,-25.39596892596133,25.39596892596133
519,2,256,-50.79193785192180,101.5838757038436,-50.78480210848729,-.7135743434561963E-02
519,3,10,-50.77766636505189,101.5553327301038,-25.38883318252595,-25.38883318252595
520,1,784,.000000000000000,.000000000000000,-25.45249305873493,25.45249305873493
520,2,256,-50.90498611746902,101.8099722349380,-50.68447285476169,-.2205132627073502
520,3,10,-50.46395959205351,100.9279191841070,-25.23197979602675,-25.23197979602676
521,1,784,.000000000000000,.000000000000000,-25.36768218004824,25.36768218004824
521,2,256,-50.73536436009564,101.4707287201913,-51.01932488450986,.2839605244142238
521,3,10,-51.30328540892324,102.6065708178465,-25.65164270446162,-25.65164270446163
522,1,784,.000000000000000,.000000000000000,-25.36651581357527,25.36651581357527
522,2,256,-50.73303162714968,101.4660632542994,-50.58944331014231,-.1435883170073028
522,3,10,-50.44585499313423,100.8917099862685,-25.22292749656711,-25.22292749656712
523,1,784,.000000000000000,.000000000000000,-25.50789453628465,25.50789453628465
523,2,256,-51.01578907256857,102.0315781451371,-50.53289534408314,-.4828937284854093
523,3,10,-50.05000161559686,100.1000032311937,-25.02500080779843,-25.02500080779843
524,1,784,.000000000000000,.000000000000000,-25.42081767796108,25.42081767796108
524,2,256,-50.84163535592130,101.6832707118426,-50.85236912026847,.1073376434721775E-01
524,3,10,-50.86310288461485,101.7262057692297,-25.43155144230744,-25.43155144230741
525,1,784,.000000000000000,.000000000000000,-25.41593334803017,25.41593334803017
525,2,256,-50.83186669605957,101.6637333921191,-50.71543521651506,-.1164314795444826
525,3,10,-50.59900373696978,101.1980074739396,-25.29950186848489,-25.29950186848489
526,1,784,.000000000000000,.000000000000000,-25.34325211689466,25.34325211689466
526,2,256,-50.68650423378851,101.3730084675770,-50.67333486256792,-.1316937122064264E-01
526,3,10,-50.66016549134640,101.3203309826928,-25.33008274567320,-25.33008274567320
527,1,784,.000000000000000,.000000000000000,-25.64361684483574,25.64361684483574
527,2,256,-51.28723368967064,102.5744673793413,-50.47129072034301,-.8159429693275666
527,3,10,-49.65534775101465,99.31069550202930,-24.82767387550732,-24.82767387550732
528,1,784,.000000000000000,.000000000000000,-25.62372202554393,25.62372202554393
528,2,256,-51.24744405108699,102.4948881021740,-50.84049210139598,-.4069519496910295
528,3,10,-50.43354015170413,100.8670803034083,-25.21677007585205,-25.21677007585207
529,1,784,.000000000000000,.000000000000000,-25.40884170629769,25.40884170629769
529,2,256,-50.81768341259457,101.6353668251891,-50.36881458584431,-.4488688267502512
529,3,10,-49.91994575909320,99.83989151818641,-24.95997287954660,-24.95997287954659
530,1,784,.000000000000000,.000000000000000,-25.59868479882150,25.59868479882150
530,2,256,-51.19736959764221,102.3947391952844,-50.61379454621913,-.5835750514230922
530,3,10,-50.03021949479516,100.0604389895903,-25.01510974739759,-25.01510974739758
531,1,784,.000000000000000,.000000000000000,-25.72045597114757,25.72045597114757
531,2,256,-51.44091194229435,102.8818238845887,-50.41524366993093,-1.025668272363446
531,3,10,-49.38957539756664,98.77915079513328,-24.69478769878333,-24.69478769878332
532,1,784,.000000000000000,.000000000000000,-25.37123332612136,25.37123332612136
532,2,256,-50.74246665224192,101.4849333044838,-50.50831862766783,-.2341480245740674
532,3,10,-50.27417060309294,100.5483412061859,-25.13708530154647,-25.13708530154648
533,1,784,.000000000000000,.000000000000000,-25.55319388745810,25.55319388745810
533,2,256,-51.10638777491537,102.2127755498307,-50.56360073510900,-.5427870398063469
533,3,10,-50.02081369530183,100.0416273906037,-25.01040684765092,-25.01040684765091
534,1,784,.000000000000000,.000000000000000,-25.40789977463788,25.40789977463788
534,2,256,-50.81579954927494,101.6315990985499,-50.60226959143828,-.2135299578366381
534,3,10,-50.38873963360081,100.7774792672016,-25.19436981680040,-25.19436981680042
535,1,784,.000000000000000,.000000000000000,-25.62193615749279,25.62193615749279
535,2,256,-51.24387231498477,102.4877446299695,-50.46465542433371,-.7792168906510361
535,3,10,-49.68543853368183,99.37087706736366,-24.84271926684092,-24.84271926684091
536,1,784,.000000000000000,.000000000000000,-25.40018580172936,25.40018580172936
536,2,256,-50.80037160345783,101.6007432069157,-50.72623883684044,-.7413276661740341E-01
536,3,10,-50.65210607022222,101.3042121404444,-25.32605303511111,-25.32605303511111
537,1,784,.000000000000000,.000000000000000,-25.59376995097523,25.59376995097523
537,2,256,-51.18753990194960,102.3750798038992,-50.65395038374101,-.5335895182085960
537,3,10,-50.12036086553157,100.2407217310631,-25.06018043276579,-25.06018043276578
538,1,784,.000000000000000,.000000000000000,-25.37121868892750,25.37121868892750
538,2,256,-50.74243737785419,101.4848747557084,-50.74424200084066,.1804622986511288E-02
538,3,10,-50.74604662382633,101.4920932476527,-25.37302331191318,-25.37302331191316
539,1,784,.000000000000000,.000000000000000,-25.73350572574171,25.73350572574171
539,2,256,-51.46701145148257,102.9340229029651,-50.41487287076787,-1.052138580714721
539,3,10,-49.36273429005230,98.72546858010460,-24.68136714502614,-24.68136714502615
540,1,784,.000000000000000,.000000000000000,-25.42240955021231,25.42240955021231
540,2,256,-50.84481910042376,101.6896382008475,-50.65291856148587,-.1919005389378501
540,3,10,-50.46101802254717,100.9220360450943,-25.23050901127360,-25.23050901127358
541,1,784,.000000000000000,.000000000000000,-25.36958003775784,25.36958003775784
541,2,256,-50.73916007551477,101.4783201510295,-50.70136581367098,-.3779426184379648E-01
541,3,10,-50.66357155182637,101.3271431036527,-25.33178577591319,-25.33178577591317
542,1,784,.000000000000000,.000000000000000,-25.44789837868460,25.44789837868460
542,2,256,-50.89579675736832,101.7915935147366,-50.62775610204213,-.2680406553261440
542,3,10,-50.35971544671516,100.7194308934303,-25.17985772335757,-25.17985772335758
543,1,784,.000000000000000,.000000000000000,-25.62976980048824,25.62976980048824
543,2,256,-51.25953960097557,102.5190792019511,-50.60811757283987,-.6514220281357014
543,3,10,-49.95669554470335,99.91339108940670,-24.97834777235167,-24.97834777235166
544,1,784,.000000000000000,.000000000000000,-25.45789227783375,25.45789227783375
544,2,256,-50.91578455566658,101.8315691113332,-50.69922306048931,-.2165614951773084
544,3,10,-50.48266156531115,100.9653231306223,-25.24133078265558,-25.24133078265558
545,1,784,.000000000000000,.000000000000000,-25.38642610079640,25.38642610079640
545,2,256,-50.77285220159195,101.5457044031839,-50.92666130763849,.1538091060465474
545,3,10,-51.08047041368422,102.1609408273684,-25.54023520684211,-25.54023520684212
546,1,784,.000000000000000,.000000000000000,-25.52624879830485,25.52624879830485
546,2,256,-51.05249759660887,102.1049951932177,-50.39740929847789,-.6550882981309535
546,3,10,-49.74232100034610,99.48464200069220,-24.87116050017305,-24.87116050017305
547,1,784,.000000000000000,.000000000000000,-25.40258301803958,25.40258301803958
547,2,256,-50.80516603607833,101.6103320721567,-50.74282890248198,-.6233713359635273E-01
547,3,10,-50.68049176888476,101.3609835377695,-25.34024588444239,-25.34024588444237
548,1,784,.000000000000000,.000000000000000,-25.48263757081632,25.48263757081632
548,2,256,-50.96527514163183,101.9305502832637,-50.47350696283257,-.4917681787992877
548,3,10,-49.98173878403243,99.96347756806486,-24.99086939201621,-24.99086939201623
549,1,784,.000000000000000,.000000000000000,-25.59534370277989,25.59534370277989
549,2,256,-51.19068740555895,102.3813748111179,-50.54733037774392,-.6433570278149595
549,3,10,-49.90397334992816,99.80794669985632,-24.95198667496408,-24.95198667496408
550,1,784,.000000000000000,.000000000000000,-25.54415721667621,25.54415721667621
550,2,256,-51.08831443335158,102.1766288667032,-50.63437458828042,-.4539398450711573
550,3,10,-50.18043474320840,100.3608694864168,-25.09021737160420,-25.09021737160420
551,1,784,.000000000000000,.000000000000000,-25.34589484258932,25.34589484258932
551,2,256,-50.69178968517783,101.3835793703557,-50.59471937011445,-.9707031506336480E-01
551,3,10,-50.49764905505027,100.9952981101005,-25.24882452752513,-25.24882452752513
552,1,784,.000000000000000,.000000000000000,-25.57825546227833,25.57825546227833
552,2,256,-51.15651092455583,102.3130218491117,-50.54272003394441,-.6137908906114435
552,3,10,-49.92892914333213,99.85785828666427,-24.96446457166607,-24.96446457166607
553,1,784,.000000000000000,.000000000000000,-25.47964730529662,25.47964730529662
553,2,256,-50.95929461059244,101.9185892211849,-50.55737125508587,-.4019233555065297
553,3,10,-50.15544789957852,100.3108957991570,-25.07772394978927,-25.07772394978926
554,1,784,.000000000000000,.000000000000000,-25.41157365210972,25.41157365210972
554,2,256,-50.82314730421856,101.6462946084371,-50.65071130022795,-.1724360039906006
554,3,10,-50.47827529623650,100.9565505924730,-25.23913764811824,-25.23913764811825
555,1,784,.000000000000000,.000000000000000,-25.29778301603864,25.29778301603864
555,2,256,-50.59556603207646,101.1911320641529,-50.96887132726536,.3733052951888475
555,3,10,-51.34217662245337,102.6843532449067,-25.67108831122667,-25.67108831122670
556,1,784,.000000000000000,.000000000000000,-25.56490610920466,25.56490610920466
556,2,256,-51.12981221840857,102.2596244368171,-50.63800408023550,-.4918081381730298
556,3,10,-50.14619594206163,100.2923918841233,-25.07309797103080,-25.07309797103083
557,1,784,.000000000000000,.000000000000000,-25.53824643954434,25.53824643954434
557,2,256,-51.07649287908777,102.1529857581755,-50.49957661547821,-.5769162636095602
557,3,10,-49.92266035186783,99.84532070373565,-24.96133017593391,-24.96133017593391
558,1,784,.000000000000000,.000000000000000,-25.43423960820379,25.43423960820379
558,2,256,-50.86847921640680,101.7369584328136,-50.78149363831331,-.8698557809351593E-01
558,3,10,-50.69450806021894,101.3890161204379,-25.34725403010948,-25.34725403010948
559,1,784,.000000000000000,.000000000000000,-25.46496819053916,25.46496819053916
559,2,256,-50.92993638107745,101.8598727621549,-50.63588151882492,-.2940548622525714
559,3,10,-50.34182665657153,100.6836533131431,-25.17091332828576,-25.17091332828577
560,1,784,.000000000000000,.000000000000000,-25.62090743529931,25.62090743529931
560,2,256,-51.24181487059777,102.4836297411955,-50.57010964654425,-.6717052240535432
560,3,10,-49.89840442248984,99.79680884497968,-24.94920221124492,-24.94920221124492
561,1,784,.000000000000000,.000000000000000,-25.41041051124802,25.41041051124802
561,2,256,-50.82082102249525,101.6416420449905,-50.62572562095831,-.1950954015369198
561,3,10,-50.43063021942058,100.8612604388412,-25.21531510971028,-25.21531510971030
562,1,784,.000000000000000,.000000000000000,-25.34860778996866,25.34860778996866
562,2,256,-50.69721557993644,101.3944311598729,-50.76382054211600,.6660496217954004E-01
562,3,10,-50.83042550429470,101.6608510085894,-25.41521275214736,-25.41521275214734
563,1,784,.000000000000000,.000000000000000,-25.51896451514516,25.51896451514516
563,2,256,-51.03792903028949,102.0758580605790,-50.49231723967659,-.5456117906128712
563,3,10,-49.94670544906289,99.89341089812578,-24.97335272453144,-24.97335272453145
564,1,784,.000000000000000,.000000000000000,-25.49111357966127,25.49111357966127
564,2,256,-50.98222715932171,101.9644543186434,-50.65284982317841,-.3293773361433298
564,3,10,-50.32347248703424,100.6469449740685,-25.16173624351711,-25.16173624351713
565,1,784,.000000000000000,.000000000000000,-25.43304554428806,25.43304554428806
565,2,256,-50.86609108857530,101.7321821771506,-50.64037502488668,-.2257160636885949
565,3,10,-50.41465896119728,100.8293179223946,-25.20732948059864,-25.20732948059863
566,1,784,.000000000000000,.000000000000000,-25.46906679888298,25.46906679888298
566,2,256,-50.93813359776513,101.8762671955303,-50.89509393226322,-.4303966550188584E-01
566,3,10,-50.85205426676050,101.7041085335210,-25.42602713338025,-25.42602713338024
567,1,784,.000000000000000,.000000000000000,-25.49439645448920,25.49439645448920
567,2,256,-50.98879290897759,101.9775858179552,-50.45093076597393,-.5378621430036199
567,3,10,-49.91306862296948,99.82613724593895,-24.95653431148474,-24.95653431148475
568,1,784,.000000000000000,.000000000000000,-25.35355339005927,25.35355339005927
568,2,256,-50.70710678011778,101.4142135602356,-50.96700923465548,.2599024545377491
568,3,10,-51.22691168919241,102.4538233783848,-25.61345584459621,-25.61345584459620
569,1,784,.000000000000000,.000000000000000,-25.28535701717490,25.28535701717490
569,2,256,-50.57071403434897,101.1414280686979,-50.88369035485971,.3129763205107140
569,3,10,-51.19666667536957,102.3933333507391,-25.59833333768480,-25.59833333768478
570,1,784,.000000000000000,.000000000000000,-25.61919861643304,25.61919861643304
570,2,256,-51.23839723286524,102.4767944657305,-50.81599721007124,-.4224000227940384
570,3,10,-50.39359718727637,100.7871943745527,-25.19679859363819,-25.19679859363818
571,1,784,.000000000000000,.000000000000000,-25.42240146318284,25.42240146318284
571,2,256,-50.84480292636475,101.6896058527295,-50.65122808902727,-.1935748373375308
571,3,10,-50.45765325168888,100.9153065033778,-25.22882662584444,-25.22882662584445
572,1,784,.000000000000000,.000000000000000,-25.53719393074457,25.53719393074457
572,2,256,-51.07438786148833,102.1487757229767,-50.60004593739369,-.4743419240946040
572,3,10,-50.12570401329826,100.2514080265965,-25.06285200664913,-25.06285200664913
573,1,784,.000000000000000,.000000000000000,-25.39902327424538,25.39902327424538
573,2,256,-50.79804654848994,101.5960930969799,-50.77544997297007,-.2259657551987579E-01
573,3,10,-50.75285339744932,101.5057067948986,-25.37642669872467,-25.37642669872466
574,1,784,.000000000000000,.000000000000000,-25.58510553045869,25.58510553045869
574,2,256,-51.17021106091654,102.3404221218331,-50.48168337612827,-.6885276847882995
574,3,10,-49.79315569133911,99.58631138267822,-24.89657784566957,-24.89657784566954
575,1,784,.000000000000000,.000000000000000,-25.60305510137232,25.60305510137232
575,2,256,-51.20611020274383,102.4122204054877,-50.44717869765243,-.7589315050913770
575,3,10,-49.68824719256017,99.37649438512034,-24.84412359628008,-24.84412359628008
576,1,784,.000000000000000,.000000000000000,-25.41994131408490,25.41994131408490
576,2,256,-50.83988262816907,101.6797652563381,-50.66412102682235,-.1757616013466995
576,3,10,-50.48835942547479,100.9767188509496,-25.24417971273740,-25.24417971273739
577,1,784,.000000000000000,.000000000000000,-25.30094158138784,25.30094158138784
577,2,256,-50.60188316277483,101.2037663255497,-50.89204134547478,.2901581826999940
577,3,10,-51.18219952817394,102.3643990563479,-25.59109976408698,-25.59109976408697
578,1,784,.000000000000000,.000000000000000,-25.44557223374785,25.44557223374785
578,2,256,-50.89114446749495,101.7822889349899,-50.73340341834316,-.1577410491517656
578,3,10,-50.57566236919052,101.1513247383810,-25.28783118459528,-25.28783118459526
579,1,784,.000000000000000,.000000000000000,-25.48979151065235,25.48979151065235
579,2,256,-50.97958302130386,101.9591660426077,-50.77784366868369,-.2017393526202188
579,3,10,-50.57610431606257,101.1522086321251,-25.28805215803130,-25.28805215803127
580,1,784,.000000000000000,.000000000000000,-25.40362134288867,25.40362134288867
580,2,256,-50.80724268577656,101.6144853715531,-50.83891899586541,.3167631008883169E-01
580,3,10,-50.87059530595340,101.7411906119068,-25.43529765297671,-25.43529765297669
581,1,784,.000000000000000,.000000000000000,-25.38165609991603,25.38165609991603
581,2,256,-50.76331219983123,101.5266243996625,-50.96334634034529,.2000341405140305
581,3,10,-51.16338048085845,102.3267609617169,-25.58169024042923,-25.58169024042923
582,1,784,.000000000000000,.000000000000000,-25.53304137439947,25.53304137439947
582,2,256,-51.06608274879816,102.1321654975963,-50.45720462477605,-.6088781240220972
582,3,10,-49.84832650075312,99.69665300150623,-24.92416325037656,-24.92416325037656
583,1,784,.000000000000000,.000000000000000,-25.59665597265290,25.59665597265290
583,2,256,-51.19331194530493,102.3866238906099,-50.40713893432577,-.7861730109792135
583,3,10,-49.62096592334568,99.24193184669136,-24.81048296167285,-24.81048296167285
584,1,784,.000000000000000,.000000000000000,-25.37935579008527,25.37935579008527
584,2,256,-50.75871158016979,101.5174231603396,-50.70091718990116,-.5779439026859975E-01
584,3,10,-50.64312279963173,101.2862455992635,-25.32156139981587,-25.32156139981586
585,1,784,.000000000000000,.000000000000000,-25.45067307352937,25.45067307352937
585,2,256,-50.90134614705792,101.8026922941158,-50.68496460107810,-.2163815459798524
585,3,10,-50.46858305509738,100.9371661101948,-25.23429152754870,-25.23429152754869
586,1,784,.000000000000000,.000000000000000,-25.40588157426637,25.40588157426637
586,2,256,-50.81176314853185,101.6235262970637,-50.72556552742845,-.8619762110339346E-01
586,3,10,-50.63936790632422,101.2787358126484,-25.31968395316211,-25.31968395316211
587,1,784,.000000000000000,.000000000000000,-25.39951329977827,25.39951329977827
587,2,256,-50.79902659955573,101.5980531991115,-50.83252499009907,.3349839054336308E-01
587,3,10,-50.86602338064159,101.7320467612832,-25.43301169032080,-25.43301169032079
588,1,784,.000000000000000,.000000000000000,-25.39140362480361,25.39140362480361
588,2,256,-50.78280724960634,101.5656144992127,-50.69628439607868,-.8652285352767494E-01
588,3,10,-50.60976154255016,101.2195230851003,-25.30488077127508,-25.30488077127508
589,1,784,.000000000000000,.000000000000000,-25.48850482477686,25.48850482477686
589,2,256,-50.97700964955296,101.9540192991059,-50.64683363417524,-.3301760153776966
589,3,10,-50.31665761879673,100.6333152375935,-25.15832880939835,-25.15832880939837
590,1,784,.000000000000000,.000000000000000,-25.50458026866104,25.50458026866104
590,2,256,-51.00916053732112,102.0183210746422,-50.73628377251670,-.2728767648044549
590,3,10,-50.46340700771140,100.9268140154228,-25.23170350385570,-25.23170350385569
591,1,784,.000000000000000,.000000000000000,-25.49987574095470,25.49987574095470
591,2,256,-50.99975148190858,101.9995029638172,-50.53287531956697,-.4668761623415723
591,3,10,-50.06599915722457,100.1319983144491,-25.03299957861229,-25.03299957861229
592,1,784,.000000000000000,.000000000000000,-25.58643372924471,25.58643372924471
592,2,256,-51.17286745848867,102.3457349169773,-50.69272984310265,-.4801376153860315
592,3,10,-50.21259222771575,100.4251844554315,-25.10629611385788,-25.10629611385787
593,1,784,.000000000000000,.000000000000000,-25.65591726697056,25.65591726697056
593,2,256,-51.31183453394034,102.6236690678807,-50.43480971511906,-.8770248188212900
593,3,10,-49.55778489629695,99.11556979259390,-24.77889244814847,-24.77889244814848
594,1,784,.000000000000000,.000000000000000,-25.40069216104343,25.40069216104343
594,2,256,-50.80138432208594,101.6027686441719,-50.82080731322650,.1942299114052463E-01
594,3,10,-50.84023030436619,101.6804606087324,-25.42011515218308,-25.42011515218311
595,1,784,.000000000000000,.000000000000000,-25.32502231990626,25.32502231990626
595,2,256,-50.65004463981175,101.3000892796235,-50.64180787387211,-.8236765939615830E-02
595,3,10,-50.63357110793167,101.2671422158633,-25.31678555396583,-25.31678555396583
596,1,784,.000000000000000,.000000000000000,-25.52754361463878,25.52754361463878
596,2,256,-51.05508722927674,102.1101744585535,-50.87130350737992,-.1837837218968083
596,3,10,-50.68751978548231,101.3750395709646,-25.34375989274115,-25.34375989274116
597,1,784,.000000000000000,.000000000000000,-25.62484850650596,25.62484850650596
597,2,256,-51.24969701301106,102.4993940260221,-50.70000900610965,-.5496880069014018
597,3,10,-50.15032099920739,100.3006419984148,-25.07516049960370,-25.07516049960370
598,1,784,.000000000000000,.000000000000000,-25.34199053605625,25.34199053605625
598,2,256,-50.68398107211165,101.3679621442233,-51.06313819185139,.3791571197397577
598,3,10,-51.44229531159032,102.8845906231806,-25.72114765579516,-25.72114765579516
599,1,784,.000000000000000,.000000000000000,-25.43977250909352,25.43977250909352
599,2,256,-50.87954501818617,101.7590900363723,-50.68146584637431,-.1980791718118622
599,3,10,-50.48338667456161,100.9667733491232,-25.24169333728080,-25.24169333728080
600,1,784,.000000000000000,.000000000000000,-25.46033471692452,25.46033471692452
600,2,256,-50.92066943384818,101.8413388676964,-50.75330496457382,-.1673644692743439
600,3,10,-50.58594049529863,101.1718809905973,-25.29297024764932,-25.29297024764931
601,1,784,.000000000000000,.000000000000000,-25.39063568137244,25.39063568137244
601,2,256,-50.78127136274415,101.5625427254883,-50.85319101822977,.7191965548564000E-01
601,3,10,-50.92511067371454,101.8502213474291,-25.46255533685727,-25.46255533685727
602,1,784,.000000000000000,.000000000000000,-25.32044098147075,25.32044098147075
602,2,256,-50.64088196294066,101.2817639258813,-50.73419202302011,.9331006007946115E-01
602,3,10,-50.82750208309873,101.6550041661975,-25.41375104154937,-25.41375104154936
603,1,784,.000000000000000,.000000000000000,-25.52843253418548,25.52843253418548
603,2,256,-51.05686506837003,102.1137301367401,-50.58042281584778,-.4764422525222610
603,3,10,-50.10398056332469,100.2079611266494,-25.05199028166234,-25.05199028166234
604,1,784,.000000000000000,.000000000000000,-25.49129977216032,25.49129977216032
604,2,256,-50.98259954431984,101.9651990886397,-50.55679564161996,-.4258039026999112
604,3,10,-50.13099173891920,100.2619834778384,-25.06549586945959,-25.06549586945960
605,1,784,.000000000000000,.000000000000000,-25.29460141736560,25.29460141736560
605,2,256,-50.58920283473037,101.1784056694607,-50.84905055465804,.2598477199277329
605,3,10,-51.10889827458497,102.2177965491699,-25.55444913729248,-25.55444913729249
606,1,784,.000000000000000,.000000000000000,-25.46708647014787,25.46708647014787
606,2,256,-50.93417294029484,101.8683458805897,-50.80054010711912,-.1336328331757741
606,3,10,-50.66690727394249,101.3338145478850,-25.33345363697125,-25.33345363697124
607,1,784,.000000000000000,.000000000000000,-25.33175309250070,25.33175309250070
607,2,256,-50.66350618500061,101.3270123700012,-50.65467953651288,-.8826648487747925E-02
607,3,10,-50.64585288802429,101.2917057760486,-25.32292644401215,-25.32292644401214
608,1,784,.000000000000000,.000000000000000,-25.72766400417830,25.72766400417830
608,2,256,-51.45532800835579,102.9106560167116,-50.45753421091129,-.9977937974445342
608,3,10,-49.45974041346587,98.91948082693175,-24.72987020673293,-24.72987020673295
609,1,784,.000000000000000,.000000000000000,-25.59827435244232,25.59827435244232
609,2,256,-51.19654870488383,102.3930974097677,-50.46954577575742,-.7270029291264003
609,3,10,-49.74254284663015,99.48508569326030,-24.87127142331508,-24.87127142331507
610,1,784,.000000000000000,.000000000000000,-25.53208874471657,25.53208874471657
610,2,256,-51.06417748943236,102.1283549788647,-50.65430601579613,-.4098714736361985
610,3,10,-50.24443454215910,100.4888690843182,-25.12221727107955,-25.12221727107956
611,1,784,.000000000000000,.000000000000000,-25.35997926899956,25.35997926899956
611,2,256,-50.71995853799834,101.4399170759967,-50.91802473281829,.1980661948199503
611,3,10,-51.11609092763738,102.2321818552748,-25.55804546381869,-25.55804546381868
612,1,784,.000000000000000,.000000000000000,-25.57648657932155,25.57648657932155
612,2,256,-51.15297315864226,102.3059463172845,-50.32035947849909,-.8326136801431970
612,3,10,-49.48774579835500,98.97549159671000,-24.74387289917751,-24.74387289917750
613,1,784,.000000000000000,.000000000000000,-25.56333813106869,25.56333813106869
613,2,256,-51.12667626213654,102.2533525242731,-50.52286725865394,-.6038090034826110
613,3,10,-49.91905825517043,99.83811651034085,-24.95952912758522,-24.95952912758521
614,1,784,.000000000000000,.000000000000000,-25.54600497024949,25.54600497024949
614,2,256,-51.09200994049810,102.1840198809962,-50.55337565123706,-.5386342892610606
614,3,10,-50.01474136197514,100.0294827239503,-25.00737068098757,-25.00737068098757
615,1,784,.000000000000000,.000000000000000,-25.51674427152718,25.51674427152718
615,2,256,-51.03348854305344,102.0669770861069,-50.42025777096325,-.6132307720902457
615,3,10,-49.80702699887215,99.61405399774431,-24.90351349943607,-24.90351349943608
616,1,784,.000000000000000,.000000000000000,-25.59182915482433,25.59182915482433
616,2,256,-51.18365830964788,102.3673166192958,-50.53764223377657,-.6460160758713329
616,3,10,-49.89162615790437,99.78325231580874,-24.94581307895218,-24.94581307895219
617,1,784,.000000000000000,.000000000000000,-25.46623078147636,25.46623078147636
617,2,256,-50.93246156295188,101.8649231259038,-50.64870341781302,-.2837581451388317
617,3,10,-50.36494527267336,100.7298905453467,-25.18247263633668,-25.18247263633668
618,1,784,.000000000000000,.000000000000000,-25.58165261319798,25.58165261319798
618,2,256,-51.16330522639513,102.3266104527903,-50.50507922921116,-.6582259971839702
618,3,10,-49.84685323202631,99.69370646405262,-24.92342661601316,-24.92342661601315
619,1,784,.000000000000000,.000000000000000,-25.29865426096809,25.29865426096809
619,2,256,-50.59730852193527,101.1946170438705,-50.92659626853862,.3292877466033749
619,3,10,-51.25588401514120,102.5117680302824,-25.62794200757060,-25.62794200757060
620,1,784,.000000000000000,.000000000000000,-25.26772088173475,25.26772088173475
620,2,256,-50.53544176346867,101.0708835269373,-50.80164460991783,.2662028464491712
620,3,10,-51.06784745636619,102.1356949127324,-25.53392372818309,-25.53392372818309
621,1,784,.000000000000000,.000000000000000,-25.39289908389627,25.39289908389627
621,2,256,-50.78579816779174,101.5715963355835,-50.67631968914674,-.1094784786450036
621,3,10,-50.56684121050091,101.1336824210018,-25.28342060525046,-25.28342060525046
622,1,784,.000000000000000,.000000000000000,-25.30159333635137,25.30159333635137
622,2,256,-50.60318667270187,101.2063733454037,-50.93564886549675,.3324621927948596
622,3,10,-51.26811105829074,102.5362221165815,-25.63405552914537,-25.63405552914538
623,1,784,.000000000000000,.000000000000000,-25.37973839411388,25.37973839411388
623,2,256,-50.75947678822693,101.5189535764539,-50.63679348562524,-.1226833026017032
623,3,10,-50.51411018302269,101.0282203660454,-25.25705509151134,-25.25705509151135
624,1,784,.000000000000000,.000000000000000,-25.45226845016093,25.45226845016093
624,2,256,-50.90453690032096,101.8090738006419,-50.68619139014380,-.2183455101771674
624,3,10,-50.46784587996577,100.9356917599315,-25.23392293998288,-25.23392293998288
625,1,784,.000000000000000,.000000000000000,-25.28115909044141,25.28115909044141
625,2,256,-50.56231818088202,101.1246363617640,-50.87309108708954,.3107729062075562
625,3,10,-51.18386399329627,102.3677279865925,-25.59193199664813,-25.59193199664814
626,1,784,.000000000000000,.000000000000000,-25.28940946739029,25.28940946739029
626,2,256,-50.57881893477978,101.1576378695596,-51.03752161600709,.4587026812273410
626,3,10,-51.49622429723360,102.9924485944672,-25.74811214861680,-25.74811214861681
627,1,784,.000000000000000,.000000000000000,-25.40321659476168,25.40321659476168
627,2,256,-50.80643318952247,101.6128663790449,-51.05818765886180,.2517544693393327
627,3,10,-51.30994212820026,102.6198842564005,-25.65497106410014,-25.65497106410013
628,1,784,.000000000000000,.000000000000000,-25.32293852035635,25.32293852035635
628,2,256,-50.64587704071188,101.2917540814238,-50.88159348417685,.2357164434649777
628,3,10,-51.11730992764102,102.2346198552820,-25.55865496382051,-25.55865496382052
629,1,784,.000000000000000,.000000000000000,-25.50233305015320,25.50233305015320
629,2,256,-51.00466610030551,102.0093322006110,-50.65892274890575,-.3457433513997853
629,3,10,-50.31317939750512,100.6263587950102,-25.15658969875256,-25.15658969875256
630,1,784,.000000000000000,.000000000000000,-25.55915175704164,25.55915175704164
630,2,256,-51.11830351408248,102.2366070281650,-50.51718302406170,-.6011204900207556
630,3,10,-49.91606253404012,99.83212506808025,-24.95803126702006,-24.95803126702005
631,1,784,.000000000000000,.000000000000000,-25.37202426827893,25.37202426827893
631,2,256,-50.74404853655702,101.4880970731140,-50.54145903428751,-.2025895022694830
631,3,10,-50.33886953201723,100.6777390640345,-25.16943476600860,-25.16943476600861
632,1,784,.000000000000000,.000000000000000,-25.42701033859068,25.42701033859068
632,2,256,-50.85402067718054,101.7080413543611,-50.80983563158187,-.4418504559865715E-01
632,3,10,-50.76565058598234,101.5313011719647,-25.38282529299118,-25.38282529299116
633,1,784,.000000000000000,.000000000000000,-25.25597245588698,25.25597245588698
633,2,256,-50.51194491177311,101.0238898235462,-50.95228975975495,.4403448479817964
633,3,10,-51.39263460773581,102.7852692154716,-25.69631730386792,-25.69631730386790
634,1,784,.000000000000000,.000000000000000,-25.53086420201392,25.53086420201392
634,2,256,-51.06172840402701,102.1234568080540,-50.51855097454344,-.5431774294835716
634,3,10,-49.97537354505904,99.95074709011809,-24.98768677252952,-24.98768677252952
635,1,784,.000000000000000,.000000000000000,-25.41236689668426,25.41236689668426
635,2,256,-50.82473379336768,101.6494675867354,-50.87709281014125,.5235901677356521E-01
635,3,10,-50.92945182691400,101.8589036538280,-25.46472591345701,-25.46472591345699
636,1,784,.000000000000000,.000000000000000,-25.55741396421730,25.55741396421730
636,2,256,-51.11482792843373,102.2296558568675,-50.61465766376153,-.5001702646722274
636,3,10,-50.11448739908845,100.2289747981769,-25.05724369954422,-25.05724369954422
637,1,784,.000000000000000,.000000000000000,-25.35581861633352,25.35581861633352
637,2,256,-50.71163723266627,101.4232744653325,-50.72194364057381,.1030640790756993E-01
637,3,10,-50.73225004848054,101.4645000969611,-25.36612502424029,-25.36612502424027
638,1,784,.000000000000000,.000000000000000,-25.46490223197313,25.46490223197313
638,2,256,-50.92980446394552,101.8596089278910,-50.85417417967045,-.7563028427501432E-01
638,3,10,-50.77854389539461,101.5570877907892,-25.38927194769730,-25.38927194769730
639,1,784,.000000000000000,.000000000000000,-25.55337882542245,25.55337882542245
639,2,256,-51.10675765084399,102.2135153016880,-50.59936392993648,-.5073937209075544
639,3,10,-50.09197020902811,100.1839404180562,-25.04598510451405,-25.04598510451405
640,1,784,.000000000000000,.000000000000000,-25.40428191246944,25.40428191246944
640,2,256,-50.80856382493797,101.6171276498759,-50.72112032503032,-.8744349990771985E-01
640,3,10,-50.63367682512171,101.2673536502434,-25.31683841256087,-25.31683841256085
641,1,784,.000000000000000,.000000000000000,-25.49665227802362,25.49665227802362
641,2,256,-50.99330455604647,101.9866091120929,-50.61735199735278,-.3759525586936565
641,3,10,-50.24139943865826,100.4827988773165,-25.12069971932914,-25.12069971932911
642,1,784,.000000000000000,.000000000000000,-25.50042230525537,25.50042230525537
642,2,256,-51.00084461050986,102.0016892210197,-50.48286710567655,-.5179775048333243
642,3,10,-49.96488960084237,99.92977920168474,-24.98244480042118,-24.98244480042118
643,1,784,.000000000000000,.000000000000000,-25.27378715765947,25.27378715765947
643,2,256,-50.54757431531815,101.0951486306363,-50.70626782245559,.1586935071374695
643,3,10,-50.86496132959223,101.7299226591845,-25.43248066479613,-25.43248066479611
644,1,784,.000000000000000,.000000000000000,-25.59167442576501,25.59167442576501
644,2,256,-51.18334885152911,102.3666977030582,-50.61637314966543,-.5669757018637016
644,3,10,-50.04939744780090,100.0987948956018,-25.02469872390045,-25.02469872390045
645,1,784,.000000000000000,.000000000000000,-25.39812905478174,25.39812905478174
645,2,256,-50.79625810956260,101.5925162191252,-50.60529249606163,-.1909656135009841
645,3,10,-50.41432688255980,100.8286537651196,-25.20716344127990,-25.20716344127990
646,1,784,.000000000000000,.000000000000000,-25.53336344406794,25.53336344406794
646,2,256,-51.06672688813511,102.1334537762702,-50.67618949142958,-.3905373967055275
646,3,10,-50.28565209472320,100.5713041894464,-25.14282604736159,-25.14282604736160
647,1,784,.000000000000000,.000000000000000,-25.41302204161685,25.41302204161685
647,2,256,-50.82604408323287,101.6520881664657,-50.73674944424564,-.8929463898728501E-01
647,3,10,-50.64745480525744,101.2949096105149,-25.32372740262873,-25.32372740262872
648,1,784,.000000000000000,.000000000000000,-25.54097626783098,25.54097626783098
648,2,256,-51.08195253566116,102.1639050713223,-50.37787246775380,-.7040800679073889
648,3,10,-49.67379239984554,99.34758479969108,-24.83689619992278,-24.83689619992277
649,1,784,.000000000000000,.000000000000000,-25.28292433032379,25.28292433032379
649,2,256,-50.56584866064676,101.1316973212935,-50.77973836069049,.2138897000436884
649,3,10,-50.99362806073329,101.9872561214666,-25.49681403036665,-25.49681403036664
650,1,784,.000000000000000,.000000000000000,-25.63320018585298,25.63320018585298
650,2,256,-51.26640037170520,102.5328007434104,-50.82647492747739,-.4399254442277905
650,3,10,-50.38654948324876,100.7730989664975,-25.19327474162439,-25.19327474162437
651,1,784,.000000000000000,.000000000000000,-25.55171167790818,25.55171167790818
651,2,256,-51.10342335581552,102.2068467116310,-50.75736194696630,-.3460614088492674
651,3,10,-50.41130053811619,100.8226010762324,-25.20565026905808,-25.20565026905811
652,1,784,.000000000000000,.000000000000000,-25.43922084715458,25.43922084715458
652,2,256,-50.87844169430836,101.7568833886167,-50.55722857040200,-.3212131239063470
652,3,10,-50.23601544649481,100.4720308929896,-25.11800772324741,-25.11800772324739
653,1,784,.000000000000000,.000000000000000,-25.65681826123027,25.65681826123027
653,2,256,-51.31363652245965,102.6272730449193,-50.33569220662592,-.9779443158337203
653,3,10,-49.35774789079137,98.71549578158273,-24.67887394539569,-24.67887394539568
654,1,784,.000000000000000,.000000000000000,-25.50156105878793,25.50156105878793
654,2,256,-51.00312211757490,102.0062442351498,-50.62899558464368,-.3741265329312715
654,3,10,-50.25486905171157,100.5097381034231,-25.12743452585578,-25.12743452585579
655,1,784,.000000000000000,.000000000000000,-25.54478793739195,25.54478793739195
655,2,256,-51.08957587478311,102.1791517495662,-50.68960323032141,-.3999726444617118
655,3,10,-50.28963058585886,100.5792611717177,-25.14481529292943,-25.14481529292943
656,1,784,.000000000000000,.000000000000000,-25.46144167779943,25.46144167779943
656,2,256,-50.92288335559802,101.8457667111960,-50.42136416025109,-.5015191953468823
656,3,10,-49.91984496490339,99.83968992980678,-24.95992248245169,-24.95992248245170
657,1,784,.000000000000000,.000000000000000,-25.33463215007254,25.33463215007254
657,2,256,-50.66926430014424,101.3385286002885,-50.55385553769068,-.1154087624535292
657,3,10,-50.43844677523633,100.8768935504727,-25.21922338761817,-25.21922338761817
658,1,784,.000000000000000,.000000000000000,-25.55272420631306,25.55272420631306
658,2,256,-51.10544841262530,102.2108968252506,-50.54581500292583,-.5596334096994489
658,3,10,-49.98618159322552,99.97236318645103,-24.99309079661276,-24.99309079661276
659,1,784,.000000000000000,.000000000000000,-25.60354844317185,25.60354844317185
659,2,256,-51.20709688634291,102.4141937726858,-50.35512760175538,-.8519692845875501
659,3,10,-49.50315831716698,99.00631663433396,-24.75157915858348,-24.75157915858349
660,1,784,.000000000000000,.000000000000000,-25.35777507788806,25.35777507788806
660,2,256,-50.71555015577535,101.4311003115507,-50.55337986338689,-.1621702923883896
660,3,10,-50.39120957099772,100.7824191419954,-25.19560478549885,-25.19560478549887
661,1,784,.000000000000000,.000000000000000,-25.31242942000364,25.31242942000364
661,2,256,-50.62485884000642,101.2497176800128,-50.88703884580730,.2621800058008985
661,3,10,-51.14921885160736,102.2984377032147,-25.57460942580368,-25.57460942580369
662,1,784,.000000000000000,.000000000000000,-25.54119758866339,25.54119758866339
662,2,256,-51.08239517732589,102.1647903546518,-50.56100387159626,-.5213913057296184
662,3,10,-50.03961256586582,100.0792251317316,-25.01980628293291,-25.01980628293291
663,1,784,.000000000000000,.000000000000000,-25.45955287259209,25.45955287259209
663,2,256,-50.91910574518343,101.8382114903669,-50.64493901587744,-.2741667293060032
663,3,10,-50.37077228657061,100.7415445731412,-25.18538614328530,-25.18538614328530
664,1,784,.000000000000000,.000000000000000,-25.26240836534382,25.26240836534382
664,2,256,-50.52481673068677,101.0496334613735,-50.72774149505028,.2029247643635111
664,3,10,-50.93066625941297,101.8613325188259,-25.46533312970649,-25.46533312970648
665,1,784,.000000000000000,.000000000000000,-25.34698196310173,25.34698196310173
665,2,256,-50.69396392620262,101.3879278524052,-50.65833728083616,-.3562664536649948E-01
665,3,10,-50.62271063546883,101.2454212709377,-25.31135531773442,-25.31135531773441
666,1,784,.000000000000000,.000000000000000,-25.55449496694384,25.55449496694384
666,2,256,-51.10898993388685,102.2179798677737,-50.55182639078874,-.5571635430981355
666,3,10,-49.99466284768979,99.98932569537958,-24.99733142384490,-24.99733142384489
667,1,784,.000000000000000,.000000000000000,-25.30018659160348,25.30018659160348
667,2,256,-50.60037318320607,101.2007463664121,-50.79897206923865,.1985988860326143
667,3,10,-50.99757095527045,101.9951419105409,-25.49878547763522,-25.49878547763523
668,1,784,.000000000000000,.000000000000000,-25.55430943512865,25.55430943512865
668,2,256,-51.10861887025646,102.2172377405129,-50.61102956405801,-.4975893061984655
668,3,10,-50.11344025785873,100.2268805157175,-25.05672012892937,-25.05672012892936
669,1,784,.000000000000000,.000000000000000,-25.45472246805430,25.45472246805430
669,2,256,-50.90944493610776,101.8188898722155,-50.66991862245837,-.2395263136494361
669,3,10,-50.43039230880805,100.8607846176161,-25.21519615440402,-25.21519615440402
670,1,784,.000000000000000,.000000000000000,-25.27842982660444,25.27842982660444
670,2,256,-50.55685965320809,101.1137193064162,-50.94464230702639,.3877826538183095
670,3,10,-51.33242496084384,102.6648499216877,-25.66621248042193,-25.66621248042192
671,1,784,.000000000000000,.000000000000000,-25.46094236204462,25.46094236204462
671,2,256,-50.92188472408840,101.8437694481768,-50.77346994312224,-.1484147809661727
671,3,10,-50.62505516215524,101.2501103243105,-25.31252758107762,-25.31252758107763
672,1,784,.000000000000000,.000000000000000,-25.56543210749741,25.56543210749741
672,2,256,-51.13086421499397,102.2617284299879,-50.42454512692888,-.7063190880650928
672,3,10,-49.71822603886298,99.43645207772596,-24.85911301943149,-24.85911301943149
673,1,784,.000000000000000,.000000000000000,-25.52029542160324,25.52029542160324
673,2,256,-51.04059084320563,102.0811816864113,-50.41855103348946,-.6220398097161943
673,3,10,-49.79651122377239,99.59302244754478,-24.89825561188620,-24.89825561188619
674,1,784,.000000000000000,.000000000000000,-25.38139505187709,25.38139505187709
674,2,256,-50.76279010375330,101.5255802075066,-50.72108839786203,-.4170170589123505E-01
674,3,10,-50.67938669196997,101.3587733839399,-25.33969334598499,-25.33969334598499
675,1,784,.000000000000000,.000000000000000,-25.34923746438334,25.34923746438334
675,2,256,-50.69847492876586,101.3969498575317,-50.53648612442879,-.1619888043370351
675,3,10,-50.37449732009097,100.7489946401819,-25.18724866004547,-25.18724866004548
676,1,784,.000000000000000,.000000000000000,-25.48821642957940,25.48821642957940
676,2,256,-50.97643285915795,101.9528657183159,-50.56597365312891,-.4104592060290848
676,3,10,-50.15551444709897,100.3110288941979,-25.07775722354948,-25.07775722354949
677,1,784,.000000000000000,.000000000000000,-25.53006081644221,25.53006081644221
677,2,256,-51.06012163288351,102.1202432657670,-50.70706874724021,-.3530528856433062
677,3,10,-50.35401586159605,100.7080317231921,-25.17700793079803,-25.17700793079802
678,1,784,.000000000000000,.000000000000000,-25.63938927204753,25.63938927204753
678,2,256,-51.27877854409422,102.5575570881884,-50.61819780065114,-.6605807434430412
678,3,10,-49.95761705720729,99.91523411441459,-24.97880852860364,-24.97880852860365
679,1,784,.000000000000000,.000000000000000,-25.47439451391617,25.47439451391617
679,2,256,-50.94878902783150,101.8975780556630,-50.61505506939420,-.3337339584373460
679,3,10,-50.28132111095599,100.5626422219120,-25.14066055547799,-25.14066055547799
680,1,784,.000000000000000,.000000000000000,-25.35329273398371,25.35329273398371
680,2,256,-50.70658546796660,101.4131709359332,-50.73513169249355,.2854622452698738E-01
680,3,10,-50.76367791701971,101.5273558340394,-25.38183895850985,-25.38183895850986
681,1,784,.000000000000000,.000000000000000,-25.51283836526677,25.51283836526677
681,2,256,-51.02567673053268,102.0513534610654,-50.49289356604356,-.5327831644891511
681,3,10,-49.96011040155349,99.92022080310699,-24.98005520077676,-24.98005520077674
682,1,784,.000000000000000,.000000000000000,-25.57087573665340,25.57087573665340
682,2,256,-51.14175147330598,102.2835029466120,-50.61965194254028,-.5220995307656581
682,3,10,-50.09755241177380,100.1951048235476,-25.04877620588691,-25.04877620588690
683,1,784,.000000000000000,.000000000000000,-25.32245482198534,25.32245482198534
683,2,256,-50.64490964396985,101.2898192879397,-50.65146206648101,.6552422511196095E-02
683,3,10,-50.65801448899136,101.3160289779827,-25.32900724449568,-25.32900724449569
684,1,784,.000000000000000,.000000000000000,-25.32106022732217,25.32106022732217
684,2,256,-50.64212045464343,101.2842409092869,-50.68845469666064,.4633424201718450E-01
684,3,10,-50.73478893867700,101.4695778773540,-25.36739446933850,-25.36739446933850
685,1,784,.000000000000000,.000000000000000,-25.45200832317358,25.45200832317358
685,2,256,-50.90401664634620,101.8080332926924,-50.44177420096496,-.4622424453812831
685,3,10,-49.97953175558278,99.95906351116555,-24.98976587779139,-24.98976587779138
686,1,784,.000000000000000,.000000000000000,-25.63043226112217,25.63043226112217
686,2,256,-51.26086452224353,102.5217290444871,-50.49864592085221,-.7622186013913428
686,3,10,-49.73642731946001,99.47285463892001,-24.86821365973001,-24.86821365973000
687,1,784,.000000000000000,.000000000000000,-25.51297312942893,25.51297312942893
687,2,256,-51.02594625885709,102.0518925177142,-50.67836128907145,-.3475849697856030
687,3,10,-50.33077631928501,100.6615526385700,-25.16538815964250,-25.16538815964250
688,1,784,.000000000000000,.000000000000000,-25.48239810601374,25.48239810601374
688,2,256,-50.96479621202668,101.9295924240534,-50.40412993748113,-.5606662745454917
688,3,10,-49.84346366293480,99.68692732586960,-24.92173183146740,-24.92173183146740
689,1,784,.000000000000000,.000000000000000,-25.43348883024225,25.43348883024225
689,2,256,-50.86697766048365,101.7339553209673,-50.79545849120460,-.7151916927903779E-01
689,3,10,-50.72393932192472,101.4478786438494,-25.36196966096236,-25.36196966096236
690,1,784,.000000000000000,.000000000000000,-25.39802069072457,25.39802069072457
690,2,256,-50.79604138144831,101.5920827628966,-50.74071400789091,-.5532737355742268E-01
690,3,10,-50.68538663433267,101.3707732686653,-25.34269331716633,-25.34269331716634
691,1,784,.000000000000000,.000000000000000,-25.83328497054652,25.83328497054652
691,2,256,-51.66656994109218,103.3331398821844,-50.40230728373574,-1.264262657356414
691,3,10,-49.13804462637851,98.27608925275702,-24.56902231318925,-24.56902231318925
692,1,784,.000000000000000,.000000000000000,-25.34203294641762,25.34203294641762
692,2,256,-50.68406589283435,101.3681317856687,-50.67847303833562,-.5592854498717534E-02
692,3,10,-50.67288018383609,101.3457603676722,-25.33644009191804,-25.33644009191804
693,1,784,.000000000000000,.000000000000000,-25.53879320985414,25.53879320985414
693,2,256,-51.07758641970747,102.1551728394149,-50.55129188316877,-.5262945365387577
693,3,10,-50.02499734662916,100.0499946932583,-25.01249867331459,-25.01249867331458
694,1,784,.000000000000000,.000000000000000,-25.40405602976507,25.40405602976507
694,2,256,-50.80811205952929,101.6162241190586,-50.78566712623190,-.2244493329735674E-01
694,3,10,-50.76322219293375,101.5264443858675,-25.38161109646687,-25.38161109646688
695,1,784,.000000000000000,.000000000000000,-25.44078264333536,25.44078264333536
695,2,256,-50.88156528666996,101.7631305733399,-50.57988581180896,-.3016794748610132
695,3,10,-50.27820633694708,100.5564126738942,-25.13910316847354,-25.13910316847354
696,1,784,.000000000000000,.000000000000000,-25.54580743708869,25.54580743708869
696,2,256,-51.09161487417655,102.1832297483531,-50.43713375369055,-.6544811204860116
696,3,10,-49.78265263320367,99.56530526640735,-24.89132631660184,-24.89132631660184
697,1,784,.000000000000000,.000000000000000,-25.42064143873052,25.42064143873052
697,2,256,-50.84128287746021,101.6825657549204,-50.58106958785697,-.2602132896032645
697,3,10,-50.32085629825286,100.6417125965057,-25.16042814912644,-25.16042814912642
698,1,784,.000000000000000,.000000000000000,-25.49879169142138,25.49879169142138
698,2,256,-50.99758338284193,101.9951667656839,-50.77015615838226,-.2274272244597137
698,3,10,-50.54272893392171,101.0854578678434,-25.27136446696084,-25.27136446696086
699,1,784,.000000000000000,.000000000000000,-25.39225312863806,25.39225312863806
699,2,256,-50.78450625727529,101.5690125145506,-50.75293377158830,-.3157248568695110E-01
699,3,10,-50.72136128590058,101.4427225718012,-25.36068064295028,-25.36068064295029
700,1,784,.000000000000000,.000000000000000,-25.62330036693516,25.62330036693516
700,2,256,-51.24660073386948,102.4932014677390,-50.62787110353398,-.6187296303354852
700,3,10,-50.00914147319767,100.0182829463953,-25.00457073659884,-25.00457073659882
701,1,784,.000000000000000,.000000000000000,-25.20233928206363,25.20233928206363
701,2,256,-50.40467856412643,100.8093571282529,-51.04954032819894,.6448617640725333
701,3,10,-51.69440209227068,103.3888041845414,-25.84720104613533,-25.84720104613535
702,1,784,.000000000000000,.000000000000000,-25.32387486276798,25.32387486276798
702,2,256,-50.64774972553508,101.2954994510702,-50.43539449363738,-.2123552318977772
702,3,10,-50.22303926173870,100.4460785234774,-25.11151963086935,-25.11151963086935
703,1,784,.000000000000000,.000000000000000,-25.41781994591439,25.41781994591439
703,2,256,-50.83563989182787,101.6712797836557,-50.61903908278443,-.2166008090434489
703,3,10,-50.40243827374016,100.8048765474803,-25.20121913687007,-25.20121913687008
704,1,784,.000000000000000,.000000000000000,-25.23052138929391,25.23052138929391
704,2,256,-50.46104277858697,100.9220855571739,-50.84340577788783,.3823629993008853
704,3,10,-51.22576877718788,102.4515375543758,-25.61288438859394,-25.61288438859395
705,1,784,.000000000000000,.000000000000000,-25.45158115725908,25.45158115725908
705,2,256,-50.90316231451732,101.8063246290346,-50.68893857375777,-.2142237407595722
705,3,10,-50.47471483299738,100.9494296659948,-25.23735741649869,-25.23735741649869
706,1,784,.000000000000000,.000000000000000,-25.49109273173641,25.49109273173641
706,2,256,-50.98218546347196,101.9643709269439,-50.52312490946436,-.4590605540076547
706,3,10,-50.06406435545586,100.1281287109117,-25.03203217772793,-25.03203217772793
707,1,784,.000000000000000,.000000000000000,-25.39506854184749,25.39506854184749
707,2,256,-50.79013708369418,101.5802741673884,-50.84088067847807,.5074359478387274E-01
707,3,10,-50.89162427326109,101.7832485465222,-25.44581213663054,-25.44581213663054
708,1,784,.000000000000000,.000000000000000,-25.45838021246486,25.45838021246486
708,2,256,-50.91676042492886,101.8335208498577,-50.57469284962216,-.3420675753067181
708,3,10,-50.23262527431459,100.4652505486292,-25.11631263715729,-25.11631263715730
709,1,784,.000000000000000,.000000000000000,-25.52308719547996,25.52308719547996
709,2,256,-51.04617439095915,102.0923487819183,-50.32604425043294,-.7201301405261713
709,3,10,-49.60591410990594,99.21182821981188,-24.80295705495297,-24.80295705495297
710,1,784,.000000000000000,.000000000000000,-25.26495343353116,25.26495343353116
710,2,256,-50.52990686706147,101.0598137341229,-50.89785461856289,.3679477515014242
710,3,10,-51.26580237006348,102.5316047401270,-25.63290118503174,-25.63290118503174
711,1,784,.000000000000000,.000000000000000,-25.57490037765029,25.57490037765029
711,2,256,-51.14980075529967,102.2996015105993,-50.42368638060766,-.7261143746920659
711,3,10,-49.69757200591472,99.39514401182943,-24.84878600295736,-24.84878600295736
712,1,784,.000000000000000,.000000000000000,-25.35887068626510,25.35887068626510
712,2,256,-50.71774137252932,101.4354827450586,-50.75817521028899,.4043383775968563E-01
712,3,10,-50.79860904804784,101.5972180960957,-25.39930452402392,-25.39930452402393
713,1,784,.000000000000000,.000000000000000,-25.44199505359895,25.44199505359895
713,2,256,-50.88399010719716,101.7679802143943,-50.56347123865370,-.3205188685434482
713,3,10,-50.24295237010939,100.4859047402188,-25.12147618505470,-25.12147618505470
714,1,784,.000000000000000,.000000000000000,-25.45880344091280,25.45880344091280
714,2,256,-50.91760688182469,101.8352137636494,-50.56689913530473,-.3507077465199662
714,3,10,-50.21619138878392,100.4323827775678,-25.10809569439196,-25.10809569439196
715,1,784,.000000000000000,.000000000000000,-25.57610040438385,25.57610040438385
715,2,256,-51.15220080876684,102.3044016175337,-50.58544511914229,-.5667556896245798
715,3,10,-50.01868942951685,100.0373788590337,-25.00934471475842,-25.00934471475842
716,1,784,.000000000000000,.000000000000000,-25.31049078899414,25.31049078899414
716,2,256,-50.62098157798743,101.2419631559749,-50.90434195580260,.2833603778151753
716,3,10,-51.18770233361690,102.3754046672338,-25.59385116680845,-25.59385116680845
717,1,784,.000000000000000,.000000000000000,-25.34604273191189,25.34604273191189
717,2,256,-50.69208546382295,101.3841709276459,-50.94195326492923,.2498678011062708
717,3,10,-51.19182106603462,102.3836421320692,-25.59591053301732,-25.59591053301731
718,1,784,.000000000000000,.000000000000000,-25.53809078403883,25.53809078403883
718,2,256,-51.07618156807689,102.1523631361538,-50.36731928594221,-.7088622821346402
718,3,10,-49.65845700380673,99.31691400761346,-24.82922850190336,-24.82922850190337
719,1,784,.000000000000000,.000000000000000,-25.24536374919622,25.24536374919622
719,2,256,-50.49072749839155,100.9814549967831,-51.18605137196579,.6953238735742751
719,3,10,-51.88137524553922,103.7627504910784,-25.94068762276962,-25.94068762276961
720,1,784,.000000000000000,.000000000000000,-25.22296756343699,25.22296756343699
720,2,256,-50.44593512687316,100.8918702537463,-50.95104263562721,.5051075087540222
720,3,10,-51.45615014438037,102.9123002887607,-25.72807507219019,-25.72807507219018
721,1,784,.000000000000000,.000000000000000,-25.35719175062812,25.35719175062812
721,2,256,-50.71438350125547,101.4287670025109,-50.78813256939377,.7374906813826808E-01
721,3,10,-50.86188163753113,101.7237632750623,-25.43094081876557,-25.43094081876556
722,1,784,.000000000000000,.000000000000000,-25.43296613183996,25.43296613183996
722,2,256,-50.86593226367913,101.7318645273583,-50.76914738164207,-.9678488203703416E-01
722,3,10,-50.67236249960423,101.3447249992085,-25.33618124980211,-25.33618124980213
723,1,784,.000000000000000,.000000000000000,-25.42957991065049,25.42957991065049
723,2,256,-50.85915982130016,101.7183196426003,-50.86556839110608,.6408569805857134E-02
723,3,10,-50.87197696091106,101.7439539218221,-25.43598848045553,-25.43598848045552
724,1,784,.000000000000000,.000000000000000,-25.47311133621800,25.47311133621800
724,2,256,-50.94622267243512,101.8924453448702,-50.72171563428669,-.2245070381484457
724,3,10,-50.49720859613740,100.9944171922748,-25.24860429806869,-25.24860429806870
725,1,784,.000000000000000,.000000000000000,-25.46086256463651,25.46086256463651
725,2,256,-50.92172512927225,101.8434502585445,-50.50283793668432,-.4188871925879046
725,3,10,-50.08395074409562,100.1679014881912,-25.04197537204780,-25.04197537204782
726,1,784,.000000000000000,.000000000000000,-25.54313256438021,25.54313256438021
726,2,256,-51.08626512875959,102.1725302575192,-50.69342964464049,-.3928354841191250
726,3,10,-50.30059416052050,100.6011883210410,-25.15029708026025,-25.15029708026025
727,1,784,.000000000000000,.000000000000000,-25.43024098621224,25.43024098621224
727,2,256,-50.86048197242360,101.7209639448472,-50.83011778368852,-.3036418873506158E-01
727,3,10,-50.79975359495263,101.5995071899053,-25.39987679747632,-25.39987679747632
728,1,784,.000000000000000,.000000000000000,-25.35861277466253,25.35861277466253
728,2,256,-50.71722554932423,101.4344510986485,-50.70711906364522,-.1010648567898883E-01
728,3,10,-50.69701257796541,101.3940251559308,-25.34850628898270,-25.34850628898270
729,1,784,.000000000000000,.000000000000000,-25.47080845909113,25.47080845909113
729,2,256,-50.94161691818142,101.8832338363628,-50.78776543179085,-.1538514863906122
729,3,10,-50.63391394539939,101.2678278907988,-25.31695697269970,-25.31695697269968
730,1,784,.000000000000000,.000000000000000,-25.32561569188965,25.32561569188965
730,2,256,-50.65123138377847,101.3024627675569,-50.74451346998539,.9328208620699110E-01
730,3,10,-50.83779555619159,101.6755911123832,-25.41889777809579,-25.41889777809579
731,1,784,.000000000000000,.000000000000000,-25.51677681461681,25.51677681461681
731,2,256,-51.03355362923279,102.0671072584656,-50.65192640514666,-.3816272240861591
731,3,10,-50.27029918105962,100.5405983621192,-25.13514959052981,-25.13514959052980
732,1,784,.000000000000000,.000000000000000,-25.67119071084932,25.67119071084932
732,2,256,-51.34238142169787,102.6847628433957,-50.30034511221746,-1.042036309480342
732,3,10,-49.25830880273629,98.51661760547259,-24.62915440136815,-24.62915440136813
733,1,784,.000000000000000,.000000000000000,-25.43687372052183,25.43687372052183
733,2,256,-50.87374744104278,101.7474948820856,-50.81474448942891,-.5900295161392990E-01
733,3,10,-50.75574153781415,101.5114830756283,-25.37787076890707,-25.37787076890709
734,1,784,.000000000000000,.000000000000000,-25.47197742253002,25.47197742253002
734,2,256,-50.94395484505925,101.8879096901185,-50.55156061656479,-.3923942284944845
734,3,10,-50.15916638806944,100.3183327761389,-25.07958319403473,-25.07958319403472
735,1,784,.000000000000000,.000000000000000,-25.66832437840186,25.66832437840186
735,2,256,-51.33664875680289,102.6732975136058,-50.21906377354215,-1.117584983260741
735,3,10,-49.10147879028057,98.20295758056115,-24.55073939514028,-24.55073939514028
736,1,784,.000000000000000,.000000000000000,-25.29180019446377,25.29180019446377
736,2,256,-50.58360038892669,101.1672007778534,-50.81344954191317,.2298491529865116
736,3,10,-51.04329869489888,102.0865973897978,-25.52164934744943,-25.52164934744944
737,1,784,.000000000000000,.000000000000000,-25.61889443277866,25.61889443277866
737,2,256,-51.23778886555652,102.4755777311130,-50.57076237587472,-.6670264896818322
737,3,10,-49.90373588619204,99.80747177238408,-24.95186794309602,-24.95186794309603
738,1,784,.000000000000000,.000000000000000,-25.60534433170685,25.60534433170685
738,2,256,-51.21068866341281,102.4213773268256,-50.34267323568194,-.8680154277309267
738,3,10,-49.47465780795017,98.94931561590033,-24.73732890397509,-24.73732890397509
739,1,784,.000000000000000,.000000000000000,-25.41665807627384,25.41665807627384
739,2,256,-50.83331615254683,101.6666323050937,-50.54343848198769,-.2898776705591386
739,3,10,-50.25356081142774,100.5071216228555,-25.12678040571386,-25.12678040571388
740,1,784,.000000000000000,.000000000000000,-25.39230081176470,25.39230081176470
740,2,256,-50.78460162352854,101.5692032470571,-50.54809678864617,-.2365048348823379
740,3,10,-50.31159195376301,100.6231839075260,-25.15579597688151,-25.15579597688151
741,1,784,.000000000000000,.000000000000000,-25.45562670670214,25.45562670670214
741,2,256,-50.91125341340352,101.8225068268070,-50.76874904357988,-.1425043698236262
741,3,10,-50.62624467375544,101.2524893475109,-25.31312233687773,-25.31312233687771
742,1,784,.000000000000000,.000000000000000,-25.46912114886878,25.46912114886878
742,2,256,-50.93824229773673,101.8764845954735,-50.51215821178611,-.4260840859505916
742,3,10,-50.08607412583468,100.1721482516694,-25.04303706291734,-25.04303706291734
743,1,784,.000000000000000,.000000000000000,-25.55413710457885,25.55413710457885
743,2,256,-51.10827420915689,102.2165484183138,-50.46830431758265,-.6399698915742058
743,3,10,-49.82833442600764,99.65666885201527,-24.91416721300382,-24.91416721300383
744,1,784,.000000000000000,.000000000000000,-25.55354526313385,25.55354526313385
744,2,256,-51.10709052626689,102.2141810525338,-50.52495141680818,-.5821391094586830
744,3,10,-49.94281230734867,99.88562461469735,-24.97140615367433,-24.97140615367434
745,1,784,.000000000000000,.000000000000000,-25.52614103471787,25.52614103471787
745,2,256,-51.05228206943477,102.1045641388695,-50.68291603744236,-.3693660319924490
745,3,10,-50.31355000544908,100.6271000108982,-25.15677500272454,-25.15677500272454
746,1,784,.000000000000000,.000000000000000,-25.46166424815352,25.46166424815352
746,2,256,-50.92332849630619,101.8466569926124,-50.60885025466860,-.3144782416376104
746,3,10,-50.29437201303013,100.5887440260603,-25.14718600651506,-25.14718600651507
747,1,784,.000000000000000,.000000000000000,-25.46053186080393,25.46053186080393
747,2,256,-50.92106372160703,101.8421274432141,-50.85565062033366,-.6541310127336188E-01
747,3,10,-50.79023751905945,101.5804750381189,-25.39511875952972,-25.39511875952972
748,1,784,.000000000000000,.000000000000000,-25.55783536380777,25.55783536380777
748,2,256,-51.11567072761468,102.2313414552294,-50.49629593999990,-.6193747876147780
748,3,10,-49.87692115238431,99.75384230476861,-24.93846057619215,-24.93846057619216
749,1,784,.000000000000000,.000000000000000,-25.34838071325226,25.34838071325226
749,2,256,-50.69676142650366,101.3935228530073,-50.81013258016129,.1133711536575903
749,3,10,-50.92350373381803,101.8470074676361,-25.46175186690902,-25.46175186690902
750,1,784,.000000000000000,.000000000000000,-25.31857748417323,25.31857748417323
750,2,256,-50.63715496834557,101.2743099366911,-50.85456460855661,.2174096402110403
750,3,10,-51.07197424876679,102.1439484975336,-25.53598712438340,-25.53598712438339
751,1,784,.000000000000000,.000000000000000,-25.36956036181797,25.36956036181797
751,2,256,-50.73912072363505,101.4782414472701,-50.77886782385363,.3974710021860679E-01
751,3,10,-50.81861492407145,101.6372298481429,-25.40930746203573,-25.40930746203572
752,1,784,.000000000000000,.000000000000000,-25.46937363839740,25.46937363839740
752,2,256,-50.93874727679395,101.8774945535879,-50.65543200448873,-.2833152723052332
752,3,10,-50.37211673218268,100.7442334643654,-25.18605836609133,-25.18605836609135
753,1,784,.000000000000000,.000000000000000,-25.29740145318063,25.29740145318063
753,2,256,-50.59480290636038,101.1896058127208,-50.94751258496969,.3527096786093357
753,3,10,-51.30022226357824,102.6004445271565,-25.65011113178912,-25.65011113178913
754,1,784,.000000000000000,.000000000000000,-25.39517910989274,25.39517910989274
754,2,256,-50.79035821978462,101.5807164395692,-50.65691086263782,-.1334473571468381
754,3,10,-50.52346350549014,101.0469270109803,-25.26173175274509,-25.26173175274507
755,1,784,.000000000000000,.000000000000000,-25.92338732194063,25.92338732194063
755,2,256,-51.84677464388043,103.6935492877609,-50.17656761100190,-1.670207032878503
755,3,10,-48.50636057812252,97.01272115624505,-24.25318028906128,-24.25318028906124
756,1,784,.000000000000000,.000000000000000,-25.50168931478472,25.50168931478472
756,2,256,-51.00337862956869,102.0067572591374,-50.61799598212755,-.3853826474411767
756,3,10,-50.23261333468552,100.4652266693710,-25.11630666734277,-25.11630666734276
757,1,784,.000000000000000,.000000000000000,-25.46925907283014,25.46925907283014
757,2,256,-50.93851814565943,101.8770362913189,-50.64040502423214,-.2981131214272910
757,3,10,-50.34229190280400,100.6845838056080,-25.17114595140200,-25.17114595140200
758,1,784,.000000000000000,.000000000000000,-25.40728653024698,25.40728653024698
758,2,256,-50.81457306049316,101.6291461209863,-50.62387010761648,-.1907029528766666
758,3,10,-50.43316715473898,100.8663343094780,-25.21658357736949,-25.21658357736949
759,1,784,.000000000000000,.000000000000000,-25.50541901524510,25.50541901524510
759,2,256,-51.01083803048927,102.0216760609785,-50.74962043193296,-.2612175985562872
759,3,10,-50.48840283337583,100.9768056667517,-25.24420141668791,-25.24420141668791
760,1,784,.000000000000000,.000000000000000,-25.54389296629015,25.54389296629015
760,2,256,-51.08778593257944,102.1755718651589,-50.46487718899670,-.6229087435827110
760,3,10,-49.84196844541315,99.68393689082630,-24.92098422270657,-24.92098422270657
761,1,784,.000000000000000,.000000000000000,-25.53543381599421,25.53543381599421
761,2,256,-51.07086763198753,102.1417352639751,-50.72838657613359,-.3424810558539738
761,3,10,-50.38590552027877,100.7718110405575,-25.19295276013938,-25.19295276013938
762,1,784,.000000000000000,.000000000000000,-25.48363135809631,25.48363135809631
762,2,256,-50.96726271619190,101.9345254323838,-50.70831856828715,-.2589441479046814
762,3,10,-50.44937442038168,100.8987488407634,-25.22468721019084,-25.22468721019084
763,1,784,.000000000000000,.000000000000000,-25.38164644158881,25.38164644158881
763,2,256,-50.76329288317678,101.5265857663536,-50.71583238196183,-.4746050121499069E-01
763,3,10,-50.66837188074597,101.3367437614919,-25.33418594037299,-25.33418594037298
764,1,784,.000000000000000,.000000000000000,-25.35709580198367,25.35709580198367
764,2,256,-50.71419160396651,101.4283832079330,-50.62254973020310,-.9164187376345481E-01
764,3,10,-50.53090785643877,101.0618157128775,-25.26545392821938,-25.26545392821938
765,1,784,.000000000000000,.000000000000000,-25.35838787619534,25.35838787619534
765,2,256,-50.71677575238986,101.4335515047797,-50.83662568480090,.1198499324110802
765,3,10,-50.95647561721115,101.9129512344223,-25.47823780860558,-25.47823780860558
766,1,784,.000000000000000,.000000000000000,-25.56834918877928,25.56834918877928
766,2,256,-51.13669837755774,102.2733967551155,-50.42440277112314,-.7122956064345907
766,3,10,-49.71210716468770,99.42421432937540,-24.85605358234385,-24.85605358234385
767,1,784,.000000000000000,.000000000000000,-25.46571983625621,25.46571983625621
767,2,256,-50.93143967251158,101.8628793450232,-50.57726919056560,-.3541704819460064
767,3,10,-50.22309870861875,100.4461974172375,-25.11154935430937,-25.11154935430937
768,1,784,.000000000000000,.000000000000000,-25.44672595276216,25.44672595276216
768,2,256,-50.89345190552352,101.7869038110470,-50.59521114226379,-.2982407632597494
768,3,10,-50.29697037900321,100.5939407580064,-25.14848518950161,-25.14848518950161
769,1,784,.000000000000000,.000000000000000,-25.49597453578086,25.49597453578086
769,2,256,-50.99194907156091,101.9838981431218,-50.76075034650986,-.2311987250509769
769,3,10,-50.52955162145807,101.0591032429161,-25.26477581072903,-25.26477581072904
770,1,784,.000000000000000,.000000000000000,-25.40813113801391,25.40813113801391
770,2,256,-50.81626227602699,101.6325245520540,-50.75023148426489,-.6603079176210847E-01
770,3,10,-50.68420069250193,101.3684013850039,-25.34210034625096,-25.34210034625096
771,1,784,.000000000000000,.000000000000000,-25.46682738816287,25.46682738816287
771,2,256,-50.93365477632486,101.8673095526497,-50.45074986805049,-.4829049082743720
771,3,10,-49.96784495977529,99.93568991955058,-24.98392247988765,-24.98392247988764
772,1,784,.000000000000000,.000000000000000,-25.31025718590364,25.31025718590364
772,2,256,-50.62051437180634,101.2410287436127,-51.04368109604801,.4231667242416596
772,3,10,-51.46684782028882,102.9336956405776,-25.73342391014442,-25.73342391014441
773,1,784,.000000000000000,.000000000000000,-25.49077334987380,25.49077334987380
773,2,256,-50.98154669974681,101.9630933994936,-50.38478938058040,-.5967573191664038
773,3,10,-49.78803206141315,99.57606412282631,-24.89401603070658,-24.89401603070658
774,1,784,.000000000000000,.000000000000000,-25.31971169942140,25.31971169942140
774,2,256,-50.63942339884193,101.2788467976839,-50.56856090082756,-.7086249801441155E-01
774,3,10,-50.49769840281228,100.9953968056246,-25.24884920140614,-25.24884920140614
775,1,784,.000000000000000,.000000000000000,-25.39506867000761,25.39506867000761
775,2,256,-50.79013734001447,101.5802746800289,-50.86390661849300,.7376927847859252E-01
775,3,10,-50.93767589697077,101.8753517939415,-25.46883794848538,-25.46883794848539
776,1,784,.000000000000000,.000000000000000,-25.58007611389052,25.58007611389052
776,2,256,-51.16015222778015,102.3203044555603,-50.67741507347255,-.4827371543076159
776,3,10,-50.19467791916406,100.3893558383281,-25.09733895958202,-25.09733895958203
777,1,784,.000000000000000,.000000000000000,-25.56987238021075,25.56987238021075
777,2,256,-51.13974476042065,102.2794895208413,-50.53992794886896,-.5998168115517024
777,3,10,-49.94011113731641,99.88022227463283,-24.97005556865821,-24.97005556865820
778,1,784,.000000000000000,.000000000000000,-25.42276062163400,25.42276062163400
778,2,256,-50.84552124326718,101.6910424865344,-50.94073270639913,.9521146313199019E-01
778,3,10,-51.03594416953030,102.0718883390606,-25.51797208476516,-25.51797208476514
779,1,784,.000000000000000,.000000000000000,-25.35986505302109,25.35986505302109
779,2,256,-50.71973010604129,101.4394602120826,-50.66031513579250,-.5941497024879613E-01
779,3,10,-50.60090016554288,101.2018003310858,-25.30045008277143,-25.30045008277144
780,1,784,.000000000000000,.000000000000000,-25.39680081678306,25.39680081678306
780,2,256,-50.79360163356532,101.5872032671306,-50.64195688166443,-.1516447519008689
780,3,10,-50.49031212976274,100.9806242595255,-25.24515606488136,-25.24515606488137
781,1,784,.000000000000000,.000000000000000,-25.65088552180699,25.65088552180699
781,2,256,-51.30177104361317,102.6035420872263,-50.36249269696288,-.9392783466502899
781,3,10,-49.42321435031176,98.84642870062352,-24.71160717515587,-24.71160717515588
782,1,784,.000000000000000,.000000000000000,-25.49855403968086,25.49855403968086
782,2,256,-50.99710807936086,101.9942161587217,-50.46883005508294,-.5282780242779499
782,3,10,-49.94055203080414,99.88110406160828,-24.97027601540206,-24.97027601540207
783,1,784,.000000000000000,.000000000000000,-25.57980369568644,25.57980369568644
783,2,256,-51.15960739137204,102.3192147827441,-50.58103029859159,-.5785770927804300
783,3,10,-50.00245320581029,100.0049064116206,-25.00122660290516,-25.00122660290513
784,1,784,.000000000000000,.000000000000000,-25.77657095941544,25.77657095941544
784,2,256,-51.55314191883004,103.1062838376601,-50.10316953731493,-1.449972381515088
784,3,10,-48.65319715579900,97.30639431159800,-24.32659857789951,-24.32659857789950
785,1,784,.000000000000000,.000000000000000,-25.57271444925381,25.57271444925381
785,2,256,-51.14542889850676,102.2908577970135,-50.58996728534518,-.5554616131615492
785,3,10,-50.03450567218283,100.0690113443657,-25.01725283609141,-25.01725283609143
786,1,784,.000000000000000,.000000000000000,-25.36626061656124,25.36626061656124
786,2,256,-50.73252123312163,101.4650424662433,-50.78273446125529,.5021322813364176E-01
786,3,10,-50.83294768938809,101.6658953787762,-25.41647384469405,-25.41647384469404
787,1,784,.000000000000000,.000000000000000,-25.54854032213077,25.54854032213077
787,2,256,-51.09708064426057,102.1941612885211,-50.18122228983901,-.9158583544215894
787,3,10,-49.26536393541659,98.53072787083319,-24.63268196770829,-24.63268196770830
788,1,784,.000000000000000,.000000000000000,-25.50924604814632,25.50924604814632
788,2,256,-51.01849209629174,102.0369841925835,-50.69866589364031,-.3198262026514256
788,3,10,-50.37883969098807,100.7576793819761,-25.18941984549402,-25.18941984549404
789,1,784,.000000000000000,.000000000000000,-25.30452288739712,25.30452288739712
789,2,256,-50.60904577479343,101.2180915495869,-50.69437939736408,.8533362257065435E-01
789,3,10,-50.77971301993393,101.5594260398679,-25.38985650996696,-25.38985650996697
790,1,784,.000000000000000,.000000000000000,-25.33930234450837,25.33930234450837
790,2,256,-50.67860468901601,101.3572093780320,-50.79788255253682,.1192778635208029
790,3,10,-50.91716041605675,101.8343208321135,-25.45858020802838,-25.45858020802838
791,1,784,.000000000000000,.000000000000000,-25.44520238220983,25.44520238220983
791,2,256,-50.89040476441884,101.7808095288377,-50.68313507978204,-.2072696846367720
791,3,10,-50.47586539514448,100.9517307902890,-25.23793269757224,-25.23793269757224
792,1,784,.000000000000000,.000000000000000,-25.33963180177035,25.33963180177035
792,2,256,-50.67926360353987,101.3585272070797,-50.96718892447439,.2879253209345176
792,3,10,-51.25511424540804,102.5102284908161,-25.62755712270403,-25.62755712270403
793,1,784,.000000000000000,.000000000000000,-25.30618771898861,25.30618771898861
793,2,256,-50.61237543797635,101.2247508759527,-50.73187592846894,.1195004904925542
793,3,10,-50.85137641896059,101.7027528379212,-25.42568820948032,-25.42568820948029
794,1,784,.000000000000000,.000000000000000,-25.42628056210517,25.42628056210517
794,2,256,-50.85256112420954,101.7051222484191,-50.64830618776673,-.2042549364427867
794,3,10,-50.44405125132307,100.8881025026461,-25.22202562566154,-25.22202562566153
795,1,784,.000000000000000,.000000000000000,-25.26214791740721,25.26214791740721
795,2,256,-50.52429583481358,101.0485916696272,-50.96866479294997,.4443689581364163
795,3,10,-51.41303375108552,102.8260675021710,-25.70651687554276,-25.70651687554275
796,1,784,.000000000000000,.000000000000000,-25.34490573300689,25.34490573300689
796,2,256,-50.68981146601297,101.3796229320259,-50.84502132966432,.1552098636513527
796,3,10,-51.00023119331484,102.0004623866297,-25.50011559665742,-25.50011559665743
797,1,784,.000000000000000,.000000000000000,-25.41484161432867,25.41484161432867
797,2,256,-50.82968322865650,101.6593664573130,-50.56847713352516,-.2612060951313278
797,3,10,-50.30727103839299,100.6145420767860,-25.15363551919650,-25.15363551919649
798,1,784,.000000000000000,.000000000000000,-25.34556040703391,25.34556040703391
798,2,256,-50.69112081406696,101.3822416281339,-50.95546521136841,.2643443973014574
798,3,10,-51.21980960866905,102.4396192173381,-25.60990480433452,-25.60990480433452
799,1,784,.000000000000000,.000000000000000,-25.38601090431003,25.38601090431003
799,2,256,-50.77202180861921,101.5440436172384,-50.69743716836617,-.7458464025306172E-01
799,3,10,-50.62285252811223,101.2457050562245,-25.31142626405611,-25.31142626405612
800,1,784,.000000000000000,.000000000000000,-25.38380118409249,25.38380118409249
800,2,256,-50.76760236818421,101.5352047363684,-50.50318579767212,-.2644165705120888
800,3,10,-50.23876922715917,100.4775384543183,-25.11938461357959,-25.11938461357959
801,1,784,.000000000000000,.000000000000000,-25.51226246958438,25.51226246958438
801,2,256,-51.02452493916799,102.0490498783360,-50.58627503996001,-.4382498992080020
801,3,10,-50.14802514075115,100.2960502815023,-25.07401257037557,-25.07401257037559
802,1,784,.000000000000000,.000000000000000,-25.50213485677448,25.50213485677448
802,2,256,-51.00426971354810,102.0085394270962,-50.54859478525775,-.4556749282903861
802,3,10,-50.09291985696645,100.1858397139329,-25.04645992848323,-25.04645992848322
803,1,784,.000000000000000,.000000000000000,-25.39441693386975,25.39441693386975
803,2,256,-50.78883386773862,101.5776677354772,-50.87460087445008,.8576700671149504E-01
803,3,10,-50.96036788116076,101.9207357623215,-25.48018394058038,-25.48018394058038
804,1,784,.000000000000000,.000000000000000,-25.54359488221375,25.54359488221375
804,2,256,-51.08718976442672,102.1743795288534,-50.37215919247569,-.7150305719510500
804,3,10,-49.65712862052377,99.31425724104754,-24.82856431026189,-24.82856431026188
805,1,784,.000000000000000,.000000000000000,-25.32336725789452,25.32336725789452
805,2,256,-50.64673451578815,101.2934690315763,-50.71003918040523,.6330466461707010E-01
805,3,10,-50.77334384502144,101.5466876900429,-25.38667192251071,-25.38667192251072
806,1,784,.000000000000000,.000000000000000,-25.44127874283356,25.44127874283356
806,2,256,-50.88255748566633,101.7651149713327,-50.73650746283523,-.1460500228311056
806,3,10,-50.59045744000325,101.1809148800065,-25.29522872000162,-25.29522872000163
807,1,784,.000000000000000,.000000000000000,-25.63671142662131,25.63671142662131
807,2,256,-51.27342285324178,102.5468457064836,-50.42193324641857,-.8514896068232201
807,3,10,-49.57044363959450,99.14088727918900,-24.78522181979725,-24.78522181979725
808,1,784,.000000000000000,.000000000000000,-25.44853013083667,25.44853013083667
808,2,256,-50.89706026167239,101.7941205233448,-50.81275565385976,-.8430460781271615E-01
808,3,10,-50.72845104604617,101.4569020920923,-25.36422552302308,-25.36422552302308
809,1,784,.000000000000000,.000000000000000,-25.71326115388037,25.71326115388037
809,2,256,-51.42652230775985,102.8530446155197,-50.74497074385203,-.6815515639078675
809,3,10,-50.06341917994332,100.1268383598866,-25.03170958997167,-25.03170958997165
810,1,784,.000000000000000,.000000000000000,-25.55245474410613,25.55245474410613
810,2,256,-51.10490948821140,102.2098189764228,-50.47652151928289,-.6283879689284719
810,3,10,-49.84813355035361,99.69626710070722,-24.92406677517680,-24.92406677517681
811,1,784,.000000000000000,.000000000000000,-25.55434477670904,25.55434477670904
811,2,256,-51.10868955341719,102.2173791068344,-50.60268039694114,-.5060091564760603
811,3,10,-50.09667124046424,100.1933424809285,-25.04833562023212,-25.04833562023213
812,1,784,.000000000000000,.000000000000000,-25.21427922362561,25.21427922362561
812,2,256,-50.42855844725041,100.8571168945008,-50.89639924521849,.4678407979680821
812,3,10,-51.36424004318575,102.7284800863715,-25.68212002159288,-25.68212002159287
813,1,784,.000000000000000,.000000000000000,-25.50532264274370,25.50532264274370
813,2,256,-51.01064528548655,102.0212905709731,-50.65223258519033,-.3584127002962449
813,3,10,-50.29381988489322,100.5876397697864,-25.14690994244661,-25.14690994244662
814,1,784,.000000000000000,.000000000000000,-25.47862647530338,25.47862647530338
814,2,256,-50.95725295060591,101.9145059012118,-50.69873891520688,-.2585140353990177
814,3,10,-50.44022487980706,100.8804497596141,-25.22011243990353,-25.22011243990354
815,1,784,.000000000000000,.000000000000000,-25.46953558142061,25.46953558142061
815,2,256,-50.93907116284045,101.8781423256809,-50.71759926852359,-.2214718943167935
815,3,10,-50.49612737420600,100.9922547484120,-25.24806368710300,-25.24806368710300
816,1,784,.000000000000000,.000000000000000,-25.42406829892972,25.42406829892972
816,2,256,-50.84813659785868,101.6962731957174,-50.78033994306568,-.6779665479299708E-01
816,3,10,-50.71254328827186,101.4250865765437,-25.35627164413593,-25.35627164413593
817,1,784,.000000000000000,.000000000000000,-25.63710148948912,25.63710148948912
817,2,256,-51.27420297897748,102.5484059579550,-50.29209581636641,-.9821071626110840
817,3,10,-49.30998865375446,98.61997730750892,-24.65499432687724,-24.65499432687722
818,1,784,.000000000000000,.000000000000000,-25.49930140064069,25.49930140064069
818,2,256,-50.99860280128054,101.9972056025611,-50.61723219093851,-.3813706103420341
818,3,10,-50.23586158059566,100.4717231611913,-25.11793079029783,-25.11793079029783
819,1,784,.000000000000000,.000000000000000,-25.53590260835065,25.53590260835065
819,2,256,-51.07180521670044,102.1436104334009,-50.54087790210722,-.5309273145932147
819,3,10,-50.00995058751320,100.0199011750264,-25.00497529375660,-25.00497529375660
820,1,784,.000000000000000,.000000000000000,-25.45005381401774,25.45005381401774
820,2,256,-50.90010762803471,101.8002152560694,-50.58387292800829,-.3162347000263865
820,3,10,-50.26763822798108,100.5352764559622,-25.13381911399054,-25.13381911399055
821,1,784,.000000000000000,.000000000000000,-25.50630773444316,25.50630773444316
821,2,256,-51.01261546888548,102.0252309377710,-50.76706150236350,-.2455539665219554
821,3,10,-50.52150753584070,101.0430150716814,-25.26075376792036,-25.26075376792035
822,1,784,.000000000000000,.000000000000000,-25.35592050044828,25.35592050044828
822,2,256,-50.71184100089574,101.4236820017915,-50.86147123517972,.1496302342839760
822,3,10,-51.01110146946284,102.0222029389257,-25.50555073473143,-25.50555073473140
823,1,784,.000000000000000,.000000000000000,-25.50580626913490,25.50580626913490
823,2,256,-51.01161253826894,102.0232250765379,-50.63695595453247,-.3746565837364552
823,3,10,-50.26229937079516,100.5245987415903,-25.13114968539759,-25.13114968539757
824,1,784,.000000000000000,.000000000000000,-25.49688144946915,25.49688144946915
824,2,256,-50.99376289893752,101.9875257978750,-50.63431511507571,-.3594477838618572
824,3,10,-50.27486733121298,100.5497346624260,-25.13743366560649,-25.13743366560649
825,1,784,.000000000000000,.000000000000000,-25.44159262044111,25.44159262044111
825,2,256,-50.88318524088141,101.7663704817628,-50.92194069414217,.3875545326075908E-01
825,3,10,-50.96069614740205,101.9213922948041,-25.48034807370103,-25.48034807370102
826,1,784,.000000000000000,.000000000000000,-25.50614821280634,25.50614821280634
826,2,256,-51.01229642561182,102.0245928512236,-50.31264659473628,-.6996498308755282
826,3,10,-49.61299676385995,99.22599352771989,-24.80649838192997,-24.80649838192998
827,1,784,.000000000000000,.000000000000000,-25.54295857833916,25.54295857833916
827,2,256,-51.08591715667757,102.1718343133551,-50.31336913554919,-.7725480211283852
827,3,10,-49.54082111441994,99.08164222883988,-24.77041055720996,-24.77041055720997
828,1,784,.000000000000000,.000000000000000,-25.68567369343931,25.68567369343931
828,2,256,-51.37134738687779,102.7426947737556,-50.29737953271325,-1.073967854164580
828,3,10,-49.22341167854782,98.44682335709564,-24.61170583927391,-24.61170583927391
829,1,784,.000000000000000,.000000000000000,-25.61098439081486,25.61098439081486
829,2,256,-51.22196878162897,102.4439375632579,-50.38699929853188,-.8349694830970429
829,3,10,-49.55202981543406,99.10405963086812,-24.77601490771702,-24.77601490771704
830,1,784,.000000000000000,.000000000000000,-25.48891735401038,25.48891735401038
830,2,256,-50.97783470801987,101.9556694160397,-50.68326795649058,-.2945667515293286
830,3,10,-50.38870120496041,100.7774024099208,-25.19435060248020,-25.19435060248021
831,1,784,.000000000000000,.000000000000000,-25.47203088416770,25.47203088416770
831,2,256,-50.94406176833452,101.8881235366690,-50.66234666352123,-.2817151048133155
831,3,10,-50.38063155870705,100.7612631174141,-25.19031577935353,-25.19031577935352
832,1,784,.000000000000000,.000000000000000,-25.39211515190038,25.39211515190038
832,2,256,-50.78423030379999,101.5684606076000,-50.82454952373580,.4031921993582186E-01
832,3,10,-50.86486874367078,101.7297374873416,-25.43243437183539,-25.43243437183540
833,1,784,.000000000000000,.000000000000000,-25.58874557982472,25.58874557982472
833,2,256,-51.17749115964850,102.3549823192970,-50.54703667769767,-.6304544819508305
833,3,10,-49.91658219574600,99.83316439149199,-24.95829109787300,-24.95829109787299
834,1,784,.000000000000000,.000000000000000,-25.39040587028240,25.39040587028240
834,2,256,-50.78081174056406,101.5616234811281,-50.76289349034924,-.1791825021479126E-01
834,3,10,-50.74497524013358,101.4899504802672,-25.37248762006680,-25.37248762006679
835,1,784,.000000000000000,.000000000000000,-25.41068462798455,25.41068462798455
835,2,256,-50.82136925596820,101.6427385119364,-50.72365555428603,-.9771370168217364E-01
835,3,10,-50.62594185260300,101.2518837052060,-25.31297092630150,-25.31297092630150
836,1,784,.000000000000000,.000000000000000,-25.59087984658342,25.59087984658342
836,2,256,-51.18175969316593,102.3635193863319,-50.41577736891341,-.7659823242525201
836,3,10,-49.64979504466010,99.29959008932019,-24.82489752233003,-24.82489752233006
837,1,784,.000000000000000,.000000000000000,-25.37688368870671,25.37688368870671
837,2,256,-50.75376737741262,101.5075347548252,-50.73194909408828,-.2181828332432438E-01
837,3,10,-50.71013081076310,101.4202616215262,-25.35506540538155,-25.35506540538155
838,1,784,.000000000000000,.000000000000000,-25.65981550191202,25.65981550191202
838,2,256,-51.31963100382322,102.6392620076464,-50.50926147349598,-.8103695303272241
838,3,10,-49.69889194316794,99.39778388633589,-24.84944597158397,-24.84944597158398
839,1,784,.000000000000000,.000000000000000,-25.53473347294829,25.53473347294829
839,2,256,-51.06946694589569,102.1389338917914,-50.36871876482069,-.7007481810750019
839,3,10,-49.66797058374488,99.33594116748975,-24.83398529187244,-24.83398529187243
840,1,784,.000000000000000,.000000000000000,-25.48219174759509,25.48219174759509
840,2,256,-50.96438349518940,101.9287669903788,-50.67062331433515,-.2937601808542364
840,3,10,-50.37686313348005,100.7537262669601,-25.18843156674003,-25.18843156674003
841,1,784,.000000000000000,.000000000000000,-25.33524666378293,25.33524666378293
841,2,256,-50.67049332756491,101.3409866551298,-50.90361744134252,.2331241137775796
841,3,10,-51.13674155511928,102.2734831102386,-25.56837077755963,-25.56837077755965
842,1,784,.000000000000000,.000000000000000,-25.29901970644605,25.29901970644605
842,2,256,-50.59803941289129,101.1960788257826,-50.88098873545169,.2829493225604078
842,3,10,-51.16393805801125,102.3278761160225,-25.58196902900563,-25.58196902900563
843,1,784,.000000000000000,.000000000000000,-25.47743056827280,25.47743056827280
843,2,256,-50.95486113654476,101.9097222730895,-50.54744112819250,-.4074200083522592
843,3,10,-50.14002111983940,100.2800422396788,-25.07001055991969,-25.07001055991970
844,1,784,.000000000000000,.000000000000000,-25.51739480100663,25.51739480100663
844,2,256,-51.03478960201247,102.0695792040249,-50.32846997177975,-.7063196302327019
844,3,10,-49.62215034154624,99.24430068309248,-24.81107517077312,-24.81107517077312
845,1,784,.000000000000000,.000000000000000,-25.38709926273367,25.38709926273367
845,2,256,-50.77419852546645,101.5483970509329,-50.82094034399518,.4674181852871683E-01
845,3,10,-50.86768216252304,101.7353643250461,-25.43384108126153,-25.43384108126152
846,1,784,.000000000000000,.000000000000000,-25.24576277885678,25.24576277885678
846,2,256,-50.49152555771268,100.9830511154254,-50.92745122508607,.4359256673733972
846,3,10,-51.36337689245862,102.7267537849172,-25.68168844622932,-25.68168844622931
847,1,784,.000000000000000,.000000000000000,-25.33761782140438,25.33761782140438
847,2,256,-50.67523564280788,101.3504712856158,-50.74003238107935,.6479673827142476E-01
847,3,10,-50.80482911934990,101.6096582386998,-25.40241455967496,-25.40241455967494
848,1,784,.000000000000000,.000000000000000,-25.51052047914585,25.51052047914585
848,2,256,-51.02104095829088,102.0420819165818,-50.41871799900324,-.6023229592876576
848,3,10,-49.81639503971473,99.63279007942947,-24.90819751985737,-24.90819751985737
849,1,784,.000000000000000,.000000000000000,-25.45887208828118,25.45887208828118
849,2,256,-50.91774417656143,101.8354883531229,-50.64498948363618,-.2727546929252578
849,3,10,-50.37223479071010,100.7444695814202,-25.18611739535505,-25.18611739535504
850,1,784,.000000000000000,.000000000000000,-25.28769753793249,25.28769753793249
850,2,256,-50.57539507586417,101.1507901517283,-50.84762640049291,.2722313246287089
850,3,10,-51.11985772512075,102.2397154502415,-25.55992886256037,-25.55992886256037
851,1,784,.000000000000000,.000000000000000,-25.51896990099403,25.51896990099403
851,2,256,-51.03793980198726,102.0758796039745,-50.63692193374150,-.4010178682457451
851,3,10,-50.23590406549491,100.4718081309898,-25.11795203274746,-25.11795203274745
852,1,784,.000000000000000,.000000000000000,-25.50724217358744,25.50724217358744
852,2,256,-51.01448434717401,102.0289686943480,-50.57024802174356,-.4442363254304259
852,3,10,-50.12601169631234,100.2520233926247,-25.06300584815616,-25.06300584815618
853,1,784,.000000000000000,.000000000000000,-25.52390969132576,25.52390969132576
853,2,256,-51.04781938265070,102.0956387653014,-50.85148556281131,-.1963338198393974
853,3,10,-50.65515174297106,101.3103034859421,-25.32757587148554,-25.32757587148553
854,1,784,.000000000000000,.000000000000000,-25.33578135026487,25.33578135026487
854,2,256,-50.67156270052886,101.3431254010577,-50.61304633646578,-.5851636406305989E-01
854,3,10,-50.55452997240188,101.1090599448038,-25.27726498620095,-25.27726498620093
855,1,784,.000000000000000,.000000000000000,-25.36368997776776,25.36368997776776
855,2,256,-50.72737995553476,101.4547599110695,-50.84769596693392,.1203160113991549
855,3,10,-50.96801197833218,101.9360239566644,-25.48400598916610,-25.48400598916608
856,1,784,.000000000000000,.000000000000000,-25.61682207696443,25.61682207696443
856,2,256,-51.23364415392798,102.4672883078560,-50.48914963449884,-.7444945194291754
856,3,10,-49.74465511506881,99.48931023013762,-24.87232755753441,-24.87232755753440
857,1,784,.000000000000000,.000000000000000,-25.39658223606398,25.39658223606398
857,2,256,-50.79316447212715,101.5863289442543,-50.67531222739009,-.1178522447370467
857,3,10,-50.55745998265222,101.1149199653044,-25.27872999132611,-25.27872999132611
858,1,784,.000000000000000,.000000000000000,-25.31672846809481,25.31672846809481
858,2,256,-50.63345693618881,101.2669138723776,-50.74738941554740,.1139324793585961
858,3,10,-50.86132189490515,101.7226437898103,-25.43066094745258,-25.43066094745257
859,1,784,.000000000000000,.000000000000000,-25.23926559827526,25.23926559827526
859,2,256,-50.47853119654971,100.9570623930994,-50.89085563932598,.4123244427762320
859,3,10,-51.30318008210136,102.6063601642027,-25.65159004105069,-25.65159004105068
860,1,784,.000000000000000,.000000000000000,-25.28349606177629,25.28349606177629
860,2,256,-50.56699212355174,101.1339842471035,-50.64024567511726,.7325355156552858E-01
860,3,10,-50.71349922668193,101.4269984533639,-25.35674961334097,-25.35674961334096
861,1,784,.000000000000000,.000000000000000,-25.58116646102845,25.58116646102845
861,2,256,-51.16233292205604,102.3246658441121,-50.45003295296408,-.7122999690919618
861,3,10,-49.73773298387130,99.47546596774259,-24.86886649193564,-24.86886649193566
862,1,784,.000000000000000,.000000000000000,-25.58722815535381,25.58722815535381
862,2,256,-51.17445631070672,102.3489126214134,-50.40914968691668,-.7653066237900491
862,3,10,-49.64384306312581,99.28768612625161,-24.82192153156290,-24.82192153156290
863,1,784,.000000000000000,.000000000000000,-25.31245194287508,25.31245194287508
863,2,256,-50.62490388574930,101.2498077714986,-50.89600686035012,.2711029746008313
863,3,10,-51.16710983495013,102.3342196699003,-25.58355491747507,-25.58355491747506
864,1,784,.000000000000000,.000000000000000,-25.37239155721559,25.37239155721559
864,2,256,-50.74478311443038,101.4895662288608,-50.86759767507743,.1228145606470535
864,3,10,-50.99041223572362,101.9808244714472,-25.49520611786182,-25.49520611786181
865,1,784,.000000000000000,.000000000000000,-25.64648191050327,25.64648191050327
865,2,256,-51.29296382100564,102.5859276420113,-50.43042105006630,-.8625427709393692
865,3,10,-49.56787827912613,99.13575655825225,-24.78393913956306,-24.78393913956307
866,1,784,.000000000000000,.000000000000000,-25.45378479994772,25.45378479994772
866,2,256,-50.90756959989456,101.8151391997891,-50.78354894860262,-.1240206512919515
866,3,10,-50.65952829730981,101.3190565946196,-25.32976414865492,-25.32976414865490
867,1,784,.000000000000000,.000000000000000,-25.58433594721821,25.58433594721821
867,2,256,-51.16867189443558,102.3373437888712,-50.44855868896416,-.7201132054713979
867,3,10,-49.72844548349193,99.45689096698386,-24.86422274174597,-24.86422274174596
868,1,784,.000000000000000,.000000000000000,-25.58048400975003,25.58048400975003
868,2,256,-51.16096801949925,102.3219360389985,-50.18976154203782,-.9712064774614373
868,3,10,-49.21855506457553,98.43711012915107,-24.60927753228777,-24.60927753228776
869,1,784,.000000000000000,.000000000000000,-25.44083685196069,25.44083685196069
869,2,256,-50.88167370392063,101.7633474078413,-50.87128964567589,-.1038405824476159E-01
869,3,10,-50.86090558743022,101.7218111748604,-25.43045279371512,-25.43045279371510
870,1,784,.000000000000000,.000000000000000,-25.51041186461762,25.51041186461762
870,2,256,-51.02082372923441,102.0416474584688,-50.60391424203992,-.4169094871945239
870,3,10,-50.18700475484454,100.3740095096891,-25.09350237742227,-25.09350237742227
871,1,784,.000000000000000,.000000000000000,-25.45004248485986,25.45004248485986
871,2,256,-50.90008496971892,101.8001699394378,-50.68664519655153,-.2134397731673806
871,3,10,-50.47320542338333,100.9464108467667,-25.23660271169166,-25.23660271169166
872,1,784,.000000000000000,.000000000000000,-25.42141210501473,25.42141210501473
872,2,256,-50.84282421002856,101.6856484200571,-50.52892007178461,-.3139041382439265
872,3,10,-50.21501593353987,100.4300318670797,-25.10750796676993,-25.10750796676993
873,1,784,.000000000000000,.000000000000000,-25.32102216372015,25.32102216372015
873,2,256,-50.64204432743952,101.2840886548790,-50.73874780968306,.9670348224353315E-01
873,3,10,-50.83545129192577,101.6709025838515,-25.41772564596288,-25.41772564596289
874,1,784,.000000000000000,.000000000000000,-25.34551519891859,25.34551519891859
874,2,256,-50.69103039783635,101.3820607956727,-50.85177849764334,.1607480998069994
874,3,10,-51.01252659744948,102.0250531948990,-25.50626329872474,-25.50626329872474
875,1,784,.000000000000000,.000000000000000,-25.79281898088195,25.79281898088195
875,2,256,-51.58563796176303,103.1712759235261,-50.09806556810972,-1.487572393653298
875,3,10,-48.61049317445561,97.22098634891123,-24.30524658722780,-24.30524658722781
876,1,784,.000000000000000,.000000000000000,-25.26808323394028,25.26808323394028
876,2,256,-50.53616646787970,101.0723329357594,-50.68534906671929,.1491825988395991
876,3,10,-50.83453166555802,101.6690633311160,-25.41726583277902,-25.41726583277902
877,1,784,.000000000000000,.000000000000000,-25.45253511348124,25.45253511348124
877,2,256,-50.90507022696160,101.8101404539232,-50.94461481057399,.3954458361238167E-01
877,3,10,-50.98415939418555,101.9683187883711,-25.49207969709277,-25.49207969709278
878,1,784,.000000000000000,.000000000000000,-25.46572938531971,25.46572938531971
878,2,256,-50.93145877063858,101.8629175412772,-50.56393348621227,-.3675252844262714
878,3,10,-50.19640820178513,100.3928164035703,-25.09820410089257,-25.09820410089256
879,1,784,.000000000000000,.000000000000000,-25.53988167668152,25.53988167668152
879,2,256,-51.07976335336228,102.1595267067246,-50.68118314002754,-.3985802133347371
879,3,10,-50.28260292669196,100.5652058533839,-25.14130146334598,-25.14130146334599
880,1,784,.000000000000000,.000000000000000,-25.53153793118123,25.53153793118123
880,2,256,-51.06307586236166,102.1261517247233,-50.34336563015980,-.7197102322018810
880,3,10,-49.62365539795707,99.24731079591415,-24.81182769897853,-24.81182769897855
881,1,784,.000000000000000,.000000000000000,-25.72625715793903,25.72625715793903
881,2,256,-51.45251431587722,102.9050286317544,-50.31359201224330,-1.138922303633988
881,3,10,-49.17466970860843,98.34933941721687,-24.58733485430423,-24.58733485430421
882,1,784,.000000000000000,.000000000000000,-25.58532046380007,25.58532046380007
882,2,256,-51.17064092759930,102.3412818551986,-50.54855012874609,-.6220907988532152
882,3,10,-49.92645932989203,99.85291865978405,-24.96322966494601,-24.96322966494601
883,1,784,.000000000000000,.000000000000000,-25.35781649429671,25.35781649429671
883,2,256,-50.71563298859252,101.4312659771850,-50.97545595388425,.2598229652916936
883,3,10,-51.23527891917506,102.4705578383501,-25.61763945958753,-25.61763945958753
884,1,784,.000000000000000,.000000000000000,-25.43818670837006,25.43818670837006
884,2,256,-50.87637341673932,101.7527468334786,-50.74163304747770,-.1347403692615866
884,3,10,-50.60689267821529,101.2137853564306,-25.30344633910764,-25.30344633910765
885,1,784,.000000000000000,.000000000000000,-25.47590738864644,25.47590738864644
885,2,256,-50.95181477729203,101.9036295545841,-50.37393623429574,-.5778785429963044
885,3,10,-49.79605769129857,99.59211538259714,-24.89802884564929,-24.89802884564929
886,1,784,.000000000000000,.000000000000000,-25.65388800222815,25.65388800222815
886,2,256,-51.30777600445561,102.6155520089112,-50.36576160565420,-.9420143988014014
886,3,10,-49.42374720685194,98.84749441370388,-24.71187360342597,-24.71187360342597
887,1,784,.000000000000000,.000000000000000,-25.35853383073484,25.35853383073484
887,2,256,-50.71706766146881,101.4341353229376,-50.63673059695997,-.8033706450884748E-01
887,3,10,-50.55639353245029,101.1127870649006,-25.27819676622514,-25.27819676622514
888,1,784,.000000000000000,.000000000000000,-25.60148909154890,25.60148909154890
888,2,256,-51.20297818309700,102.4059563661940,-50.54634333017866,-.6566348529183085
888,3,10,-49.88970847725952,99.77941695451904,-24.94485423862976,-24.94485423862976
889,1,784,.000000000000000,.000000000000000,-25.38280482181601,25.38280482181601
889,2,256,-50.76560964363128,101.5312192872626,-50.77872049272537,.1311084909414816E-01
889,3,10,-50.79183134181867,101.5836626836373,-25.39591567090934,-25.39591567090934
890,1,784,.000000000000000,.000000000000000,-25.55722849650603,25.55722849650603
890,2,256,-51.11445699301130,102.2289139860226,-50.72653244464538,-.3879245483658733
890,3,10,-50.33860789627871,100.6772157925574,-25.16930394813935,-25.16930394813935
891,1,784,.000000000000000,.000000000000000,-25.37571647550925,25.37571647550925
891,2,256,-50.75143295101764,101.5028659020353,-50.64032705491019,-.1111058961074615
891,3,10,-50.52922115880187,101.0584423176037,-25.26461057940094,-25.26461057940092
892,1,784,.000000000000000,.000000000000000,-25.36420417255276,25.36420417255276
892,2,256,-50.72840834510472,101.4568166902094,-50.67847675991381,-.4993158519088190E-01
892,3,10,-50.62854517472208,101.2570903494442,-25.31427258736104,-25.31427258736104
893,1,784,.000000000000000,.000000000000000,-25.55932205602808,25.55932205602808
893,2,256,-51.11864411205528,102.2372882241106,-50.53006856354477,-.5885755485105633
893,3,10,-49.94149301503332,99.88298603006663,-24.97074650751667,-24.97074650751665
894,1,784,.000000000000000,.000000000000000,-25.71158102081930,25.71158102081930
894,2,256,-51.42316204163773,102.8463240832755,-50.49737414442972,-.9257878972080194
894,3,10,-49.57158624722084,99.14317249444169,-24.78579312361043,-24.78579312361041
895,1,784,.000000000000000,.000000000000000,-25.40350272494079,25.40350272494079
895,2,256,-50.80700544988082,101.6140108997616,-50.84555825321505,.3855280333423448E-01
895,3,10,-50.88411105654847,101.7682221130969,-25.44205552827423,-25.44205552827423
896,1,784,.000000000000000,.000000000000000,-25.77410289819861,25.77410289819861
896,2,256,-51.54820579639643,103.0964115927929,-50.52452039003954,-1.023685406356898
896,3,10,-49.50083498368182,99.00166996736364,-24.75041749184091,-24.75041749184091
897,1,784,.000000000000000,.000000000000000,-25.48949287678146,25.48949287678146
897,2,256,-50.97898575356211,101.9579715071242,-50.36496631803724,-.6140194355249035
897,3,10,-49.75094688251149,99.50189376502298,-24.87547344125574,-24.87547344125575
898,1,784,.000000000000000,.000000000000000,-25.69945659599098,25.69945659599098
898,2,256,-51.39891319198108,102.7978263839622,-50.19201440070066,-1.206898791280433
898,3,10,-48.98511560941943,97.97023121883886,-24.49255780470971,-24.49255780470973
899,1,784,.000000000000000,.000000000000000,-25.40824189114289,25.40824189114289
899,2,256,-50.81648378228495,101.6329675645699,-50.63469606530726,-.1817877169777170
899,3,10,-50.45290834832872,100.9058166966574,-25.22645417416436,-25.22645417416435
900,1,784,.000000000000000,.000000000000000,-25.45620321598777,25.45620321598777
900,2,256,-50.91240643197469,101.8248128639494,-50.87595978547124,-.3644664650344828E-01
900,3,10,-50.83951313896697,101.6790262779339,-25.41975656948347,-25.41975656948349
901,1,784,.000000000000000,.000000000000000,-25.47208008880227,25.47208008880227
901,2,256,-50.94416017760364,101.8883203552073,-50.64794800154218,-.2962121760614945
901,3,10,-50.35173582547988,100.7034716509598,-25.17586791273992,-25.17586791273995
902,1,784,.000000000000000,.000000000000000,-25.68655302482162,25.68655302482162
902,2,256,-51.37310604964242,102.7462120992848,-50.57616573939107,-.7969403102513479
902,3,10,-49.77922542913886,99.55845085827772,-24.88961271456944,-24.88961271456943
903,1,784,.000000000000000,.000000000000000,-25.57279123298574,25.57279123298574
903,2,256,-51.14558246597073,102.2911649319415,-50.71019924318246,-.4353832227882578
903,3,10,-50.27481602039337,100.5496320407867,-25.13740801019668,-25.13740801019668
904,1,784,.000000000000000,.000000000000000,-25.50048116569491,25.50048116569491
904,2,256,-51.00096233138898,102.0019246627780,-50.53045679858515,-.4705055328038184
904,3,10,-50.05995126578051,100.1199025315610,-25.02997563289025,-25.02997563289027
905,1,784,.000000000000000,.000000000000000,-25.46715263148100,25.46715263148100
905,2,256,-50.93430526296110,101.8686105259222,-50.60244480287524,-.3318604600858335
905,3,10,-50.27058434278857,100.5411686855771,-25.13529217139429,-25.13529217139427
906,1,784,.000000000000000,.000000000000000,-25.69499599335972,25.69499599335972
906,2,256,-51.38999198671856,102.7799839734371,-50.13764873479582,-1.252343251922719
906,3,10,-48.88530548287225,97.77061096574450,-24.44265274143613,-24.44265274143612
907,1,784,.000000000000000,.000000000000000,-25.58364456283968,25.58364456283968
907,2,256,-51.16728912567853,102.3345782513571,-50.36500428123507,-.8022848444435141
907,3,10,-49.56271943679066,99.12543887358132,-24.78135971839534,-24.78135971839532
908,1,784,.000000000000000,.000000000000000,-25.45583600092760,25.45583600092760
908,2,256,-50.91167200185440,101.8233440037088,-50.62564397839440,-.2860280234599835
908,3,10,-50.33961595493358,100.6792319098672,-25.16980797746679,-25.16980797746679
909,1,784,.000000000000000,.000000000000000,-25.35727811888210,25.35727811888210
909,2,256,-50.71455623776332,101.4291124755266,-50.92471518770537,.2101589499420332
909,3,10,-51.13487413764655,102.2697482752931,-25.56743706882327,-25.56743706882328
910,1,784,.000000000000000,.000000000000000,-25.59871871359715,25.59871871359715
910,2,256,-51.19743742719348,102.3948748543870,-50.31606417869325,-.8813732485002188
910,3,10,-49.43469093019220,98.86938186038439,-24.71734546509610,-24.71734546509610
911,1,784,.000000000000000,.000000000000000,-25.45377641230992,25.45377641230992
911,2,256,-50.90755282461894,101.8151056492379,-50.73177033272999,-.1757824918889641
911,3,10,-50.55598784084020,101.1119756816804,-25.27799392042009,-25.27799392042011
912,1,784,.000000000000000,.000000000000000,-25.39557813279352,25.39557813279352
912,2,256,-50.79115626558628,101.5823125311726,-50.71784638581796,-.7330987976831138E-01
912,3,10,-50.64453650604877,101.2890730120975,-25.32226825302440,-25.32226825302438
913,1,784,.000000000000000,.000000000000000,-25.30845644483626,25.30845644483626
913,2,256,-50.61691288967167,101.2338257793433,-50.83814019778649,.2212273081148037
913,3,10,-51.05936750590045,102.1187350118009,-25.52968375295022,-25.52968375295023
914,1,784,.000000000000000,.000000000000000,-25.30951976134627,25.30951976134627
914,2,256,-50.61903952269167,101.2380790453833,-50.87379287611808,.2547533534263702
914,3,10,-51.12854622954357,102.2570924590871,-25.56427311477179,-25.56427311477179
915,1,784,.000000000000000,.000000000000000,-25.30680846487243,25.30680846487243
915,2,256,-50.61361692974410,101.2272338594882,-50.96209895759758,.3484820278534945
915,3,10,-51.31058098545025,102.6211619709005,-25.65529049272512,-25.65529049272513
916,1,784,.000000000000000,.000000000000000,-25.65548918616501,25.65548918616501
916,2,256,-51.31097837232919,102.6219567446584,-50.40712043442385,-.9038579379053368
916,3,10,-49.50326249651768,99.00652499303536,-24.75163124825884,-24.75163124825883
917,1,784,.000000000000000,.000000000000000,-25.49462964483392,25.49462964483392
917,2,256,-50.98925928966700,101.9785185793340,-50.65956235192115,-.3296969377458444
917,3,10,-50.32986541417449,100.6597308283490,-25.16493270708724,-25.16493270708724
918,1,784,.000000000000000,.000000000000000,-25.48816818971114,25.48816818971114
918,2,256,-50.97633637942148,101.9526727588430,-50.58175668559571,-.3945796938257442
918,3,10,-50.18717699176916,100.3743539835383,-25.09358849588457,-25.09358849588459
919,1,784,.000000000000000,.000000000000000,-25.45566734612865,25.45566734612865
919,2,256,-50.91133469225640,101.8226693845128,-50.74462361338534,-.1667110788710479
919,3,10,-50.57791253451347,101.1558250690269,-25.28895626725673,-25.28895626725674
920,1,784,.000000000000000,.000000000000000,-25.35261185868154,25.35261185868154
920,2,256,-50.70522371736226,101.4104474347245,-50.84922589380093,.1440021764387076
920,3,10,-50.99322807023885,101.9864561404777,-25.49661403511942,-25.49661403511942
921,1,784,.000000000000000,.000000000000000,-25.25990758414207,25.25990758414207
921,2,256,-50.51981516828327,101.0396303365665,-51.08479098215482,.5649758138714951
921,3,10,-51.64976679602545,103.2995335920509,-25.82488339801273,-25.82488339801273
922,1,784,.000000000000000,.000000000000000,-25.47119230448695,25.47119230448695
922,2,256,-50.94238460897311,101.8847692179462,-50.71371532740433,-.2286692815687482
922,3,10,-50.48504604583474,100.9700920916695,-25.24252302291736,-25.24252302291737
923,1,784,.000000000000000,.000000000000000,-25.53978107606180,25.53978107606180
923,2,256,-51.07956215212270,102.1591243042454,-50.69804731640366,-.3815148357191031
923,3,10,-50.31653248068372,100.6330649613674,-25.15826624034186,-25.15826624034186
924,1,784,.000000000000000,.000000000000000,-25.24821130727963,25.24821130727963
924,2,256,-50.49642261455843,100.9928452291169,-50.92659347152961,.4301708569711835
924,3,10,-51.35676432849996,102.7135286569999,-25.67838216424999,-25.67838216424997
925,1,784,.000000000000000,.000000000000000,-25.68740397521018,25.68740397521018
925,2,256,-51.37480795041955,102.7496159008391,-50.40229518345430,-.9725127669651862
925,3,10,-49.42978241648829,98.85956483297657,-24.71489120824413,-24.71489120824415
926,1,784,.000000000000000,.000000000000000,-25.42065278809390,25.42065278809390
926,2,256,-50.84130557618698,101.6826111523740,-50.61401161659273,-.2272939595942422
926,3,10,-50.38671765699763,100.7734353139953,-25.19335882849882,-25.19335882849881
927,1,784,.000000000000000,.000000000000000,-25.36461686033035,25.36461686033035
927,2,256,-50.72923372065986,101.4584674413197,-50.71251115548738,-.1672256517246511E-01
927,3,10,-50.69578859031408,101.3915771806282,-25.34789429515703,-25.34789429515703
928,1,784,.000000000000000,.000000000000000,-25.58050974978781,25.58050974978781
928,2,256,-51.16101949957471,102.3220389991494,-50.58793629407455,-.5730832055002216
928,3,10,-50.01485308857352,100.0297061771470,-25.00742654428675,-25.00742654428676
929,1,784,.000000000000000,.000000000000000,-25.47378206694051,25.47378206694051
929,2,256,-50.94756413388021,101.8951282677604,-50.51063277538999,-.4369313584902251
929,3,10,-50.07370141689894,100.1474028337979,-25.03685070844946,-25.03685070844947
930,1,784,.000000000000000,.000000000000000,-25.40350433632183,25.40350433632183
930,2,256,-50.80700867264287,101.6140173452857,-50.81103666461176,.4027991968930222E-02
930,3,10,-50.81506465657988,101.6301293131598,-25.40753232828995,-25.40753232828992
931,1,784,.000000000000000,.000000000000000,-25.50025993216280,25.50025993216280
931,2,256,-51.00051986432485,102.0010397286497,-50.69002906135164,-.3104908029732020
931,3,10,-50.37953825837757,100.7590765167551,-25.18976912918878,-25.18976912918880
932,1,784,.000000000000000,.000000000000000,-25.38966630968029,25.38966630968029
932,2,256,-50.77933261935985,101.5586652387197,-50.62209060854992,-.1572420108099016
932,3,10,-50.46484859773916,100.9296971954783,-25.23242429886959,-25.23242429886957
933,1,784,.000000000000000,.000000000000000,-25.46685798237163,25.46685798237163
933,2,256,-50.93371596474238,101.8674319294848,-50.44303180753380,-.4906841572085828
933,3,10,-49.95234765032438,99.90469530064877,-24.97617382516219,-24.97617382516220
934,1,784,.000000000000000,.000000000000000,-25.47736734210440,25.47736734210440
934,2,256,-50.95473468420798,101.9094693684160,-50.67407989913100,-.2806547850770211
934,3,10,-50.39342511405309,100.7868502281062,-25.19671255702654,-25.19671255702655
935,1,784,.000000000000000,.000000000000000,-25.57395087927008,25.57395087927008
935,2,256,-51.14790175853931,102.2958035170786,-50.41458034068502,-.7333214178543190
935,3,10,-49.68125892282985,99.36251784565970,-24.84062946141492,-24.84062946141493
936,1,784,.000000000000000,.000000000000000,-25.33880642155346,25.33880642155346
936,2,256,-50.67761284310604,101.3552256862121,-50.85687914226812,.1792662991620955
936,3,10,-51.03614544142937,102.0722908828587,-25.51807272071470,-25.51807272071468
937,1,784,.000000000000000,.000000000000000,-25.52392493919337,25.52392493919337
937,2,256,-51.04784987838594,102.0956997567719,-50.57490895207400,-.4729409263119433
937,3,10,-50.10196802576127,100.2039360515225,-25.05098401288063,-25.05098401288064
938,1,784,.000000000000000,.000000000000000,-25.69888002409896,25.69888002409896
938,2,256,-51.39776004819706,102.7955200963941,-50.54537802263514,-.8523820255619313
938,3,10,-49.69299599707240,99.38599199414480,-24.84649799853620,-24.84649799853620
939,1,784,.000000000000000,.000000000000000,-25.38448877022162,25.38448877022162
939,2,256,-50.76897754044243,101.5379550808849,-50.81391619268829,.4493865224588516E-01
939,3,10,-50.85885484493334,101.7177096898667,-25.42942742246668,-25.42942742246667
940,1,784,.000000000000000,.000000000000000,-25.51529415387263,25.51529415387263
940,2,256,-51.03058830774440,102.0611766154888,-50.56179229621554,-.4687960115288595
940,3,10,-50.09299628468583,100.1859925693717,-25.04649814234291,-25.04649814234292
941,1,784,.000000000000000,.000000000000000,-25.71215328067220,25.71215328067220
941,2,256,-51.42430656134360,102.8486131226872,-50.36241089389559,-1.061895667448006
941,3,10,-49.30051522644674,98.60103045289348,-24.65025761322338,-24.65025761322338
942,1,784,.000000000000000,.000000000000000,-25.38010662773387,25.38010662773387
942,2,256,-50.76021325546687,101.5204265109337,-50.78211229854403,.2189904307713114E-01
942,3,10,-50.80401134162031,101.6080226832406,-25.40200567081016,-25.40200567081015
943,1,784,.000000000000000,.000000000000000,-25.32780512729304,25.32780512729304
943,2,256,-50.65561025458526,101.3112205091705,-50.92125156969636,.2656413151110809
943,3,10,-51.18689288480655,102.3737857696131,-25.59344644240327,-25.59344644240327
944,1,784,.000000000000000,.000000000000000,-25.58203750474826,25.58203750474826
944,2,256,-51.16407500949576,102.3281500189915,-50.36656979440345,-.7975052150922549
944,3,10,-49.56906457931039,99.13812915862079,-24.78453228965520,-24.78453228965520
945,1,784,.000000000000000,.000000000000000,-25.33125275949726,25.33125275949726
945,2,256,-50.66250551899359,101.3250110379872,-50.78009646626433,.1175909472707838
945,3,10,-50.89768741353431,101.7953748270686,-25.44884370676716,-25.44884370676716
946,1,784,.000000000000000,.000000000000000,-25.54326803282805,25.54326803282805
946,2,256,-51.08653606565532,102.1730721313106,-50.59842339094315,-.4881126747121738
946,3,10,-50.11031071623012,100.2206214324602,-25.05515535811507,-25.05515535811506
947,1,784,.000000000000000,.000000000000000,-25.19150751678945,25.19150751678945
947,2,256,-50.38301503357800,100.7660300671560,-51.09081024959836,.7077952160203187
947,3,10,-51.79860546561780,103.5972109312356,-25.89930273280891,-25.89930273280889
948,1,784,.000000000000000,.000000000000000,-25.58555490119812,25.58555490119812
948,2,256,-51.17110980239542,102.3422196047908,-50.53208676428566,-.6390230381097896
948,3,10,-49.89306372617502,99.78612745235004,-24.94653186308750,-24.94653186308751
949,1,784,.000000000000000,.000000000000000,-25.45836011288765,25.45836011288765
949,2,256,-50.91672022577449,101.8334404515490,-50.73705687638689,-.1796633493875700
949,3,10,-50.55739352699844,101.1147870539969,-25.27869676349923,-25.27869676349921
950,1,784,.000000000000000,.000000000000000,-25.52838707585852,25.52838707585852
950,2,256,-51.05677415171616,102.1135483034323,-50.62871057412928,-.4280635775868774
950,3,10,-50.20064699654155,100.4012939930831,-25.10032349827078,-25.10032349827077
951,1,784,.000000000000000,.000000000000000,-25.47961469043371,25.47961469043371
951,2,256,-50.95922938086660,101.9184587617332,-50.50777365396775,-.4514557268988623
951,3,10,-50.05631792706804,100.1126358541361,-25.02815896353403,-25.02815896353402
952,1,784,.000000000000000,.000000000000000,-25.38371738261466,25.38371738261466
952,2,256,-50.76743476522847,101.5348695304569,-50.81368500628480,.4625024105632592E-01
952,3,10,-50.85993524734023,101.7198704946805,-25.42996762367012,-25.42996762367012
953,1,784,.000000000000000,.000000000000000,-25.70245764587772,25.70245764587772
953,2,256,-51.40491529175458,102.8098305835092,-50.35727862522982,-1.047636666524731
953,3,10,-49.30964195870425,98.61928391740850,-24.65482097935212,-24.65482097935212
954,1,784,.000000000000000,.000000000000000,-25.54253653594942,25.54253653594942
954,2,256,-51.08507307189799,102.1701461437960,-50.43988917039641,-.6451839015015410
954,3,10,-49.79470526889406,99.58941053778811,-24.89735263444702,-24.89735263444703
955,1,784,.000000000000000,.000000000000000,-25.55304262957530,25.55304262957530
955,2,256,-51.10608525914971,102.2121705182994,-50.63229311014623,-.4737921490034854
955,3,10,-50.15850096114192,100.3170019222838,-25.07925048057095,-25.07925048057096
956,1,784,.000000000000000,.000000000000000,-25.54058593663551,25.54058593663551
956,2,256,-51.08117187327017,102.1623437465403,-50.69490326394899,-.3862686093211819
956,3,10,-50.30863465462694,100.6172693092539,-25.15431732731348,-25.15431732731347
957,1,784,.000000000000000,.000000000000000,-25.37585316739258,25.37585316739258
957,2,256,-50.75170633478437,101.5034126695687,-50.44798516586406,-.3037211689202716
957,3,10,-50.14426399694295,100.2885279938859,-25.07213199847147,-25.07213199847148
958,1,784,.000000000000000,.000000000000000,-25.61596199189586,25.61596199189586
958,2,256,-51.23192398379092,102.4638479675818,-50.47013961581172,-.7617843679791853
958,3,10,-49.70835524783172,99.41671049566344,-24.85417762391586,-24.85417762391585
959,1,784,.000000000000000,.000000000000000,-25.69364859720956,25.69364859720956
959,2,256,-51.38729719441820,102.7745943888364,-50.38708463709497,-1.000212557323264
959,3,10,-49.38687207977083,98.77374415954166,-24.69343603988542,-24.69343603988542
960,1,784,.000000000000000,.000000000000000,-25.52035771443042,25.52035771443042
960,2,256,-51.04071542885995,102.0814308577199,-50.59683251945795,-.4438829094020178
960,3,10,-50.15294961005509,100.3058992201102,-25.07647480502755,-25.07647480502755
961,1,784,.000000000000000,.000000000000000,-25.34742105252188,25.34742105252188
961,2,256,-50.69484210504294,101.3896842100859,-50.94042876749310,.2455866624501564
961,3,10,-51.18601542994242,102.3720308598848,-25.59300771497121,-25.59300771497121
962,1,784,.000000000000000,.000000000000000,-25.49586389239436,25.49586389239436
962,2,256,-50.99172778478791,101.9834555695758,-50.53320677204006,-.4585210127478286
962,3,10,-50.07468575929143,100.1493715185829,-25.03734287964569,-25.03734287964573
963,1,784,.000000000000000,.000000000000000,-25.31097741602471,25.31097741602471
963,2,256,-50.62195483204859,101.2439096640972,-50.89513388182026,.2731790497716409
963,3,10,-51.16831293159105,102.3366258631821,-25.58415646579552,-25.58415646579552
964,1,784,.000000000000000,.000000000000000,-25.44540367462432,25.44540367462432
964,2,256,-50.89080734924772,101.7816146984954,-50.73525589658803,-.1555514526596767
964,3,10,-50.57970444392749,101.1594088878550,-25.28985222196375,-25.28985222196373
965,1,784,.000000000000000,.000000000000000,-25.56860706458678,25.56860706458678
965,2,256,-51.13721412917270,102.2744282583454,-50.71441634209650,-.4227977870761752
965,3,10,-50.29161855501950,100.5832371100390,-25.14580927750974,-25.14580927750976
966,1,784,.000000000000000,.000000000000000,-25.59807149911447,25.59807149911447
966,2,256,-51.19614299822809,102.3922859964562,-50.56052588851630,-.6356171097118126
966,3,10,-49.92490877880365,99.84981755760731,-24.96245438940182,-24.96245438940183
967,1,784,.000000000000000,.000000000000000,-25.37504998189063,25.37504998189063
967,2,256,-50.75009996378038,101.5001999275608,-50.68098817760013,-.6911178618026512E-01
967,3,10,-50.61187639141902,101.2237527828380,-25.30593819570952,-25.30593819570950
968,1,784,.000000000000000,.000000000000000,-25.49960656431566,25.49960656431566
968,2,256,-50.99921312863048,101.9984262572610,-50.63343802397723,-.3657751046532612
968,3,10,-50.26766291932316,100.5353258386463,-25.13383145966156,-25.13383145966158
969,1,784,.000000000000000,.000000000000000,-25.46524590575090,25.46524590575090
969,2,256,-50.93049181150094,101.8609836230019,-50.60516521136086,-.3253266001401053
969,3,10,-50.27983861121986,100.5596772224397,-25.13991930560994,-25.13991930560991
970,1,784,.000000000000000,.000000000000000,-25.20650934595189,25.20650934595189
970,2,256,-50.41301869190293,100.8260373838059,-50.99930161666084,.5862829247578747
970,3,10,-51.58558454141787,103.1711690828357,-25.79279227070892,-25.79279227070894
971,1,784,.000000000000000,.000000000000000,-25.54482523239438,25.54482523239438
971,2,256,-51.08965046478789,102.1793009295758,-50.78301798422134,-.3066324805665516
971,3,10,-50.47638550365398,100.9527710073080,-25.23819275182698,-25.23819275182699
972,1,784,.000000000000000,.000000000000000,-25.41805492964930,25.41805492964930
972,2,256,-50.83610985929775,101.6722197185955,-50.67727290286533,-.1588369564324244
972,3,10,-50.51843594643207,101.0368718928641,-25.25921797321604,-25.25921797321602
973,1,784,.000000000000000,.000000000000000,-25.37906101985945,25.37906101985945
973,2,256,-50.75812203971807,101.5162440794361,-50.78977435432591,.3165231460780453E-01
973,3,10,-50.82142666893287,101.6428533378657,-25.41071333446643,-25.41071333446644
974,1,784,.000000000000000,.000000000000000,-25.37028517271345,25.37028517271345
974,2,256,-50.74057034542605,101.4811406908521,-50.64264331041880,-.9792703500725145E-01
974,3,10,-50.54471627541071,101.0894325508214,-25.27235813770535,-25.27235813770536
975,1,784,.000000000000000,.000000000000000,-25.62265344817585,25.62265344817585
975,2,256,-51.24530689635088,102.4906137927018,-50.62274969660952,-.6225571997414158
975,3,10,-50.00019249686721,100.0003849937344,-25.00009624843361,-25.00009624843360
976,1,784,.000000000000000,.000000000000000,-25.37127326300902,25.37127326300902
976,2,256,-50.74254652601725,101.4850930520345,-50.74066049800944,-.1886028007804040E-02
976,3,10,-50.73877447000078,101.4775489400016,-25.36938723500039,-25.36938723500039
977,1,784,.000000000000000,.000000000000000,-25.41242808556020,25.41242808556020
977,2,256,-50.82485617111952,101.6497123422390,-50.91720898484929,.9235281372971441E-01
977,3,10,-51.00956179857815,102.0191235971563,-25.50478089928907,-25.50478089928909
978,1,784,.000000000000000,.000000000000000,-25.73053975056926,25.73053975056926
978,2,256,-51.46107950113769,102.9221590022754,-50.17604610590663,-1.285033395231105
978,3,10,-48.89101271067467,97.78202542134935,-24.44550635533734,-24.44550635533734
979,1,784,.000000000000000,.000000000000000,-25.35231370706061,25.35231370706061
979,2,256,-50.70462741412037,101.4092548282407,-50.86501275318516,.1603853390647933
979,3,10,-51.02539809224913,102.0507961844983,-25.51269904612456,-25.51269904612458
980,1,784,.000000000000000,.000000000000000,-25.45326331307114,25.45326331307114
980,2,256,-50.90652662614152,101.8130532522830,-50.68988179914660,-.2166448269949251
980,3,10,-50.47323697215084,100.9464739443017,-25.23661848607543,-25.23661848607542
981,1,784,.000000000000000,.000000000000000,-25.43465988962065,25.43465988962065
981,2,256,-50.86931977924048,101.7386395584810,-50.78948895215854,-.7983082708193306E-01
981,3,10,-50.70965812507579,101.4193162501516,-25.35482906253789,-25.35482906253790
982,1,784,.000000000000000,.000000000000000,-25.37992334219012,25.37992334219012
982,2,256,-50.75984668437944,101.5196933687589,-50.94205303945095,.1822063550715346
982,3,10,-51.12425939452168,102.2485187890434,-25.56212969726084,-25.56212969726085
983,1,784,.000000000000000,.000000000000000,-25.41907005830540,25.41907005830540
983,2,256,-50.83814011660998,101.6762802332200,-50.80899640770065,-.2914370890934140E-01
983,3,10,-50.77985269879046,101.5597053975809,-25.38992634939523,-25.38992634939522
984,1,784,.000000000000000,.000000000000000,-25.45512837287396,25.45512837287396
984,2,256,-50.91025674574704,101.8205134914941,-50.83186858931051,-.7838815643652972E-01
984,3,10,-50.75348043287310,101.5069608657462,-25.37674021643656,-25.37674021643655
985,1,784,.000000000000000,.000000000000000,-25.23501753052549,25.23501753052549
985,2,256,-50.47003506105016,100.9400701221003,-50.95984664280217,.4898115817519887
985,3,10,-51.44965822455331,102.8993164491066,-25.72482911227665,-25.72482911227665
986,1,784,.000000000000000,.000000000000000,-25.46647457038656,25.46647457038656
986,2,256,-50.93294914077232,101.8658982815446,-50.42976342082365,-.5031857199487051
986,3,10,-49.92657770087412,99.85315540174824,-24.96328885043706,-24.96328885043706
987,1,784,.000000000000000,.000000000000000,-25.55310258895103,25.55310258895103
987,2,256,-51.10620517790130,102.2124103558026,-50.63669671513555,-.4695084627656729
987,3,10,-50.16718825236909,100.3343765047382,-25.08359412618454,-25.08359412618455
988,1,784,.000000000000000,.000000000000000,-25.41469877894826,25.41469877894826
988,2,256,-50.82939755789575,101.6587951157915,-50.68589457525732,-.1435029826384322
988,3,10,-50.54239159261803,101.0847831852361,-25.27119579630902,-25.27119579630901
989,1,784,.000000000000000,.000000000000000,-25.36422282696235,25.36422282696235
989,2,256,-50.72844565392386,101.4568913078477,-50.86144451247494,.1329988585510873
989,3,10,-50.99444337102518,101.9888867420504,-25.49722168551260,-25.49722168551259
990,1,784,.000000000000000,.000000000000000,-25.46756458944315,25.46756458944315
990,2,256,-50.93512917888541,101.8702583577708,-50.66279263757755,-.2723365413078929
990,3,10,-50.39045609626884,100.7809121925377,-25.19522804813442,-25.19522804813441
991,1,784,.000000000000000,.000000000000000,-25.51800222718230,25.51800222718230
991,2,256,-51.03600445436374,102.0720089087275,-50.59314052944633,-.4428639249174367
991,3,10,-50.15027660452804,100.3005532090561,-25.07513830226401,-25.07513830226402
992,1,784,.000000000000000,.000000000000000,-25.38290410089910,25.38290410089910
992,2,256,-50.76580820179743,101.5316164035949,-50.91453202901771,.1487238272203152
992,3,10,-51.06325585623718,102.1265117124744,-25.53162792811860,-25.53162792811858
993,1,784,.000000000000000,.000000000000000,-25.55347438044002,25.55347438044002
993,2,256,-51.10694876087924,102.2138975217585,-50.49364462858856,-.6133041322907052
993,3,10,-49.88034049629699,99.76068099259398,-24.94017024814849,-24.94017024814849
994,1,784,.000000000000000,.000000000000000,-25.45009341231865,25.45009341231865
994,2,256,-50.90018682463649,101.8003736492730,-50.68209863720705,-.2180881874294109
994,3,10,-50.46401044977677,100.9280208995535,-25.23200522488840,-25.23200522488838
995,1,784,.000000000000000,.000000000000000,-25.47551828980101,25.47551828980101
995,2,256,-50.95103657960122,101.9020731592024,-50.88112492050379,-.6991165909741225E-01
995,3,10,-50.81121326140551,101.6224265228110,-25.40560663070277,-25.40560663070275
996,1,784,.000000000000000,.000000000000000,-25.68172868053033,25.68172868053033
996,2,256,-51.36345736105989,102.7269147221198,-50.70716351640277,-.6562938446571236
996,3,10,-50.05086967174477,100.1017393434895,-25.02543483587239,-25.02543483587238
997,1,784,.000000000000000,.000000000000000,-25.25451000272010,25.25451000272010
997,2,256,-50.50902000543933,101.0180400108787,-51.08495254655556,.5759325411162406
997,3,10,-51.66088508767098,103.3217701753420,-25.83044254383548,-25.83044254383550
998,1,784,.000000000000000,.000000000000000,-25.35893102086050,25.35893102086050
998,2,256,-50.71786204172022,101.4357240834404,-50.82709203688919,.1092299951689874
998,3,10,-50.93632203205736,101.8726440641147,-25.46816101602868,-25.46816101602867
999,1,784,.000000000000000,.000000000000000,-25.48085451082636,25.48085451082636
999,2,256,-50.96170902165191,101.9234180433038,-50.71238463212561,-.2493243895262601
999,3,10,-50.46306024259853,100.9261204851971,-25.23153012129926,-25.23153012129926
1000,1,784,.000000000000000,.000000000000000,-25.39618131999593,25.39618131999593
1000,2,256,-50.79236263999101,101.5847252799820,-50.61532675365331,-.1770358863377035
1000,3,10,-50.43829086731480,100.8765817346296,-25.21914543365740,-25.21914543365740
