shuffle_id,max_real_part,total_entropy,total_heat,total_work,total_internal
1,-3.382157037245634,25.32523328299159,-12.66261664149580,-12.66261664149566,-.1383832284873598E-12
2,-4.132171984724664,25.34975668814465,-12.67487834407232,-12.67487834407228,-.4685141163918161E-13
3,-3.441822839318775,25.34583560255319,-12.67291780127660,-12.67291780127651,-.8559559311338560E-13
4,-2.238030692368739,25.47332064305844,-12.73666032152922,-12.73666032152916,-.6253504658548792E-13
5,-3.608399750803073,25.30560691601860,-12.65280345800930,-12.65280345800913,-.1758662659945287E-12
6,-3.044200196745805,25.41702819853578,-12.70851409926789,-12.70851409926790,.6557254739192331E-14
7,-3.144241645004513,25.29539872589746,-12.64769936294873,-12.64769936294867,-.6310230116213233E-13
8,-3.496273340926564,25.38348494325098,-12.69174247162549,-12.69174247162543,-.6494631221709568E-13
9,-3.893254528946727,25.36830565352950,-12.68415282676475,-12.68415282676484,.8887508784471976E-13
10,-3.849795789996278,25.35447053221115,-12.67723526610557,-12.67723526610568,.1086387924065235E-12
11,-2.793371455863962,25.43893423019048,-12.71946711509524,-12.71946711509522,-.1976370456180376E-13
12,-3.305658172635503,25.36421386540902,-12.68210693270451,-12.68210693270439,-.1197063281832556E-12
13,-3.458298582452699,25.43686651255667,-12.71843325627833,-12.71843325627818,-.1548310091248339E-12
14,-3.141888494676095,25.38115986141203,-12.69057993070601,-12.69057993070603,.2219058270469532E-13
15,-3.453953674881632,25.38743105360861,-12.69371552680430,-12.69371552680410,-.2050391106900307E-12
16,-3.436252765484824,25.37914796533125,-12.68957398266563,-12.68957398266562,-.4369768435985577E-14
17,-4.174038574972656,25.28023512624048,-12.64011756312024,-12.64011756312002,-.2242398974838800E-12
18,-3.642169282364193,25.39500101363542,-12.69750050681771,-12.69750050681778,.6893444148836636E-13
19,-3.533923964734640,25.31040729018982,-12.65520364509491,-12.65520364509500,.9598051520232076E-13
20,-2.701812688683276,25.34242312429923,-12.67121156214962,-12.67121156214976,.1488158554718844E-12
21,-3.338398851530656,25.35570861755206,-12.67785430877603,-12.67785430877620,.1677616379147651E-12
22,-3.584633142557436,25.29573302638070,-12.64786651319035,-12.64786651319054,.1944000516118649E-12
23,-3.405745530835702,25.29671458782901,-12.64835729391451,-12.64835729391456,.5483113962867492E-13
24,-3.492692379491928,25.38838829788158,-12.69419414894079,-12.69419414894080,.4420075416788904E-14
25,-3.554258959161416,25.37219992484096,-12.68609996242048,-12.68609996242057,.9955144347761902E-13
26,-3.349731421340039,25.38760622516158,-12.69380311258079,-12.69380311258125,.4556181820714045E-12
27,-3.493971576863260,25.36594433424201,-12.68297216712100,-12.68297216712123,.2252390982060426E-12
28,-3.370412946875149,25.32605071768922,-12.66302535884461,-12.66302535884426,-.3539876725078273E-12
29,-3.760656006925274,25.42106413901022,-12.71053206950511,-12.71053206950504,-.6843223904207107E-13
30,-4.054977183248411,25.31009607558655,-12.65504803779328,-12.65504803779345,.1645853592302515E-12
31,-3.536957375054044,25.39650038873944,-12.69825019436972,-12.69825019436930,-.4243801490777521E-12
32,-3.448489695722628,25.37294254456775,-12.68647127228387,-12.68647127228376,-.1158968754300105E-12
33,-2.529535086709075,25.35488426161983,-12.67744213080992,-12.67744213080995,.3428767686441958E-13
34,-1.808348381917313,25.34347645011724,-12.67173822505862,-12.67173822505881,.1873969729393465E-12
35,-3.274823731771903,25.28904775039160,-12.64452387519580,-12.64452387519579,-.9396129707628376E-14
36,-3.641949263546849,25.36856677451786,-12.68428338725893,-12.68428338725896,.2734097670487046E-13
37,-3.442853067599572,25.35147713930335,-12.67573856965168,-12.67573856965150,-.1741558286472156E-12
38,-2.839052370647551,25.32929320371426,-12.66464660185713,-12.66464660185707,-.6165380705969170E-13
39,-2.984432068435126,25.35399266619237,-12.67699633309619,-12.67699633309593,-.2516754166181912E-12
40,-3.004610784846591,25.37229695775333,-12.68614847887666,-12.68614847887644,-.2227818624023215E-12
41,-3.034417470615153,25.35683082798346,-12.67841541399173,-12.67841541399134,-.3879353435709554E-12
42,-2.304441521082481,25.33178644266305,-12.66589322133152,-12.66589322133149,-.3648296942326823E-13
43,-2.775053129005755,25.40468513323064,-12.70234256661532,-12.70234256661545,.1348747502571968E-12
44,-3.639412411135709,25.31374998874782,-12.65687499437391,-12.65687499437361,-.3013986629718524E-12
45,-3.097640089094057,25.37198065251732,-12.68599032625866,-12.68599032625884,.1770025098712935E-12
46,-3.395595212059561,25.37015335086401,-12.68507667543200,-12.68507667543184,-.1646703606805744E-12
47,-3.686061131596944,25.30392287077476,-12.65196143538738,-12.65196143538727,-.1082450101774768E-12
48,-3.609317887327052,25.37437098443679,-12.68718549221840,-12.68718549221879,.3935358983131465E-12
49,-3.016749264032114,25.29801524174666,-12.64900762087333,-12.64900762087344,.1048640341227980E-12
50,-3.810916042351892,25.32889676700683,-12.66444838350341,-12.66444838350371,.2923911113228428E-12
51,-3.573416410741629,25.26315252029945,-12.63157626014973,-12.63157626014988,.1605781480007451E-12
52,-3.647854613744130,25.34752240493462,-12.67376120246731,-12.67376120246749,.1856691883572736E-12
53,-3.663843491669468,25.31068974425323,-12.65534487212662,-12.65534487212666,.4122049923616089E-13
54,-3.165531968188589,25.28378787812351,-12.64189393906175,-12.64189393906206,.2981538627100377E-12
55,-3.543116981245475,25.30475532716316,-12.65237766358158,-12.65237766358177,.1825484208239914E-12
56,-3.617644278259831,25.35767433129380,-12.67883716564690,-12.67883716564665,-.2529599793521520E-12
57,-3.427831031981441,25.36829568969472,-12.68414784484736,-12.68414784484759,.2277015381801917E-12
58,-2.346014401391585,25.47647127807901,-12.73823563903951,-12.73823563903927,-.2354826403316856E-12
59,-3.252553562632784,25.38253763693344,-12.69126881846672,-12.69126881846661,-.1097195251320571E-12
60,-2.446067445496737,25.38647542323156,-12.69323771161578,-12.69323771161580,.2254793574074654E-13
61,-3.406034568011819,25.42094319345127,-12.71047159672563,-12.71047159672571,.7346033503718985E-13
62,-2.944570979554555,25.39627227045894,-12.69813613522947,-12.69813613522930,-.1678882727285114E-12
63,-3.062407416995484,25.40154882197210,-12.70077441098605,-12.70077441098643,.3721250738109028E-12
64,-3.255638805690978,25.33740935775389,-12.66870467887695,-12.66870467887699,.4441239043195822E-13
65,-3.806068035224598,25.38528007275277,-12.69264003637638,-12.69264003637601,-.3705508122564538E-12
66,-2.891653900740494,25.33881886911377,-12.66940943455688,-12.66940943455678,-.1068051896924160E-12
67,-2.540934684799140,25.40577510586643,-12.70288755293322,-12.70288755293318,-.3652026597800173E-13
68,-3.005147999210749,25.36921604360271,-12.68460802180136,-12.68460802180128,-.7952579567094276E-13
69,-3.505553308286835,25.38627850554203,-12.69313925277101,-12.69313925277129,.2804197846151268E-12
70,-3.327874554039226,25.39103040123732,-12.69551520061866,-12.69551520061874,.7853526856616000E-13
71,-3.909786992786394,25.38146161983886,-12.69073080991943,-12.69073080991928,-.1604324312287631E-12
72,-3.572779073962010,25.38318956581037,-12.69159478290519,-12.69159478290540,.2154977585266948E-12
73,-3.513501032937711,25.38701638178996,-12.69350819089498,-12.69350819089486,-.1255627546381533E-12
74,-3.996625630417839,25.26544053335738,-12.63272026667869,-12.63272026667858,-.1023009801870423E-12
75,-2.812264011859952,25.37691307169534,-12.68845653584767,-12.68845653584754,-.1322865428310394E-12
76,-2.900400581958820,25.38272027497624,-12.69136013748812,-12.69136013748815,.3056235819975939E-13
77,-2.577453199515730,25.41376560052849,-12.70688280026425,-12.70688280026428,.4077207321762089E-13
78,-2.029658355104857,25.29207507773602,-12.64603753886801,-12.64603753886822,.1989814563119197E-12
79,-3.406348725678981,25.40745022633361,-12.70372511316681,-12.70372511316673,-.7498862641952542E-13
80,-3.181701167794017,25.34877295286803,-12.67438647643402,-12.67438647643418,.1657736448112956E-12
81,-3.951259558372840,25.30261720164812,-12.65130860082406,-12.65130860082415,.8511247262532606E-13
82,-3.323166270818547,25.29856078210667,-12.64928039105333,-12.64928039105308,-.2561570747183772E-12
83,-3.464838032654370,25.38980164712976,-12.69490082356488,-12.69490082356496,.8132730600074467E-13
84,-3.014329179717606,25.39171352565034,-12.69585676282517,-12.69585676282524,.7126244039312724E-13
85,-2.439542205949692,25.38440030984721,-12.69220015492361,-12.69220015492386,.2544856686492736E-12
86,-2.814418844522152,25.40231941001597,-12.70115970500798,-12.70115970500774,-.2530536544198547E-12
87,-3.336151348041312,25.40499763903649,-12.70249881951825,-12.70249881951851,.2719369868176003E-12
88,-3.681365205906332,25.27620551867011,-12.63810275933506,-12.63810275933474,-.3182454300088011E-12
89,-2.851697608693939,25.44777027112965,-12.72388513556482,-12.72388513556471,-.1074444352933135E-12
90,-3.967992419995426,25.33286760118813,-12.66643380059407,-12.66643380059412,.5809588921046327E-13
91,-3.910241116464022,25.35930067777627,-12.67965033888814,-12.67965033888820,.6361057514059354E-13
92,-2.621577675675326,25.41193206242903,-12.70596603121452,-12.70596603121470,.1875999355860358E-12
93,-2.369945625030141,25.33271248016057,-12.66635624008028,-12.66635624008015,-.1369737656631287E-12
94,-3.695542837502217,25.43268312305552,-12.71634156152776,-12.71634156152777,.3053980679457169E-14
95,-3.214791147587675,25.39644912071408,-12.69822456035704,-12.69822456035719,.1453160508591012E-12
96,-2.865417304506991,25.43086297010291,-12.71543148505146,-12.71543148505150,.4352421201225809E-13
97,-3.342521913245946,25.40670813784435,-12.70335406892218,-12.70335406892226,.8799384831892354E-13
98,-3.873431234755117,25.36726049174461,-12.68363024587230,-12.68363024587213,-.1769435292731103E-12
99,-3.304282198812871,25.38932852413179,-12.69466426206590,-12.69466426206560,-.2989813258080787E-12
100,-3.864708648591204,25.41145390911001,-12.70572695455500,-12.70572695455525,.2414509564507838E-12
101,-3.485030346282656,25.40826728675447,-12.70413364337724,-12.70413364337710,-.1318164327690496E-12
102,-3.215718025404385,25.43586726989732,-12.71793363494866,-12.71793363494847,-.1885627071152030E-12
103,-3.475701077863050,25.37768381127019,-12.68884190563509,-12.68884190563512,.3143492410817572E-13
104,-3.180647418092121,25.35904983545127,-12.67952491772564,-12.67952491772562,-.2833323853312919E-13
105,-3.627054568856693,25.37421407490861,-12.68710703745431,-12.68710703745451,.2019183431567484E-12
106,-2.661723702709423,25.43402596410323,-12.71701298205162,-12.71701298205145,-.1629356372045976E-12
107,-3.249017549043174,25.40059715787073,-12.70029857893537,-12.70029857893551,.1504490976245165E-12
108,-3.421113202190099,25.41995145019614,-12.70997572509807,-12.70997572509819,.1146981815081105E-12
109,-2.583670436310058,25.41935678972968,-12.70967839486484,-12.70967839486481,-.2292437073503351E-13
110,-2.823468604270602,25.43611437803917,-12.71805718901958,-12.71805718901972,.1296306811893189E-12
111,-3.510534786270000,25.31993902937827,-12.65996951468913,-12.65996951468935,.2268914223169105E-12
112,-2.821343696450640,25.40333705204119,-12.70166852602060,-12.70166852602054,-.5623973509116809E-13
113,-3.350474709013724,25.33574545743289,-12.66787272871644,-12.66787272871630,-.1412706757131232E-12
114,-3.542186096756268,25.30278397044138,-12.65139198522069,-12.65139198522023,-.4596071787044131E-12
115,-2.077716220725051,25.47263900468730,-12.73631950234365,-12.73631950234360,-.5027402105728385E-13
116,-4.080454609036678,25.32042976329203,-12.66021488164601,-12.66021488164579,-.2303313789697725E-12
117,-3.299315952324832,25.35555882039064,-12.67777941019532,-12.67777941019575,.4230209932343243E-12
118,-2.611015949049033,25.39743604073000,-12.69871802036500,-12.69871802036506,.6522039852630002E-13
119,-3.416343157034134,25.35466791919038,-12.67733395959519,-12.67733395959513,-.5831446436843635E-13
120,-3.240014940936817,25.41100008178730,-12.70550004089365,-12.70550004089319,-.4613991480550972E-12
121,-3.303527308911725,25.32972362733546,-12.66486181366773,-12.66486181366772,-.6430619925446024E-14
122,-2.269235386214405,25.32821378672198,-12.66410689336099,-12.66410689336089,-.9529269734409596E-13
123,-3.494179697125219,25.36550194723707,-12.68275097361853,-12.68275097361886,.3257446395954489E-12
124,-2.498320943489489,25.46137245740459,-12.73068622870229,-12.73068622870211,-.1808787494783637E-12
125,-3.700865625603001,25.42050426642162,-12.71025213321081,-12.71025213321085,.4023691102528204E-13
126,-3.424930843018956,25.41399410614696,-12.70699705307348,-12.70699705307334,-.1372756075479487E-12
127,-3.346342795851342,25.32592430148114,-12.66296215074057,-12.66296215074050,-.7324436196443074E-13
128,-3.711043516751488,25.37222373036210,-12.68611186518105,-12.68611186518075,-.3078214766416565E-12
129,-3.414967518889171,25.39353710549124,-12.69676855274562,-12.69676855274577,.1519930015181359E-12
130,-2.533106290768046,25.39227445020710,-12.69613722510355,-12.69613722510360,.5101908479021589E-13
131,-2.652335191291058,25.38578173797485,-12.69289086898742,-12.69289086898721,-.2171492152758248E-12
132,-3.096412371589395,25.35652023282033,-12.67826011641016,-12.67826011641047,.3093081346605686E-12
133,-3.228713193484509,25.39364492919442,-12.69682246459721,-12.69682246459725,.3952654176186954E-13
134,-3.111003118789085,25.37634604522917,-12.68817302261459,-12.68817302261441,-.1766174012596267E-12
135,-3.829755707971344,25.37155525441500,-12.68577762720750,-12.68577762720747,-.2398168469364137E-13
136,-2.703367535785219,25.36660768603476,-12.68330384301738,-12.68330384301782,.4370748554749504E-12
137,-3.247666714627485,25.41178714359992,-12.70589357179996,-12.70589357179988,-.7832623438730479E-13
138,-2.968455620992245,25.39351956545143,-12.69675978272572,-12.69675978272567,-.4574552542324639E-13
139,-3.820484103554918,25.29992209056864,-12.64996104528432,-12.64996104528446,.1394058479764482E-12
140,-3.433584801370671,25.33196849445111,-12.66598424722556,-12.66598424722588,.3202126064305588E-12
141,-3.164232951850863,25.32396015627300,-12.66198007813650,-12.66198007813651,.1047079090099601E-13
142,-3.818666960339442,25.37231892388278,-12.68615946194139,-12.68615946194142,.3382190361111981E-13
143,-3.140671911409299,25.37306220246050,-12.68653110123025,-12.68653110122994,-.3095995682045327E-12
144,-3.391210378598771,25.37707555639680,-12.68853777819840,-12.68853777819853,.1304199803708883E-12
145,-3.550071523881343,25.35218093693168,-12.67609046846584,-12.67609046846597,.1326291507175448E-12
146,-3.736131626748829,25.34437484743234,-12.67218742371617,-12.67218742371623,.5944984088346317E-13
147,-3.642323825923086,25.35469507921557,-12.67734753960778,-12.67734753960816,.3765564249302855E-12
148,-2.873472217117524,25.31442800391987,-12.65721400195994,-12.65721400195994,-.2836272883222080E-15
149,-3.620564956546332,25.35335010948481,-12.67667505474240,-12.67667505474269,.2909330762412843E-12
150,-3.763459205396430,25.30663852768220,-12.65331926384110,-12.65331926384150,.4110557380587743E-12
151,-2.684204284321822,25.40266679418840,-12.70133339709420,-12.70133339709398,-.2111956443062724E-12
152,-3.231058506808040,25.39823903711716,-12.69911951855858,-12.69911951855879,.2070496551986878E-12
153,-3.341450316936971,25.37712342478487,-12.68856171239243,-12.68856171239236,-.8647596527744383E-13
154,-3.613251530747220,25.39012945298437,-12.69506472649218,-12.69506472649219,.2546574062733953E-14
155,-3.652999477359117,25.34982546749874,-12.67491273374937,-12.67491273374967,.3002598170098736E-12
156,-3.788030143550714,25.37192502356861,-12.68596251178431,-12.68596251178450,.1864142520902057E-12
157,-3.069804397854568,25.38226063992712,-12.69113031996356,-12.69113031996362,.6220024495462440E-13
158,-3.673673259867428,25.34858431042084,-12.67429215521042,-12.67429215521067,.2479162708457494E-12
159,-3.187389448765316,25.35307312521726,-12.67653656260863,-12.67653656260854,-.8868340090062432E-13
160,-2.764630381808274,25.32642641277038,-12.66321320638519,-12.66321320638520,.9188830252249147E-14
161,-3.125420672258770,25.39827642289971,-12.69913821144986,-12.69913821144991,.5449460327433542E-13
162,-3.018489330101147,25.32285423854654,-12.66142711927327,-12.66142711927304,-.2347028821292341E-12
163,-3.003970318866777,25.39513639958161,-12.69756819979080,-12.69756819979093,.1296723145527423E-12
164,-3.874228265263241,25.43762692070519,-12.71881346035259,-12.71881346035235,-.2475988164496457E-12
165,-3.274830794034642,25.33975716674468,-12.66987858337234,-12.66987858337246,.1155863599278106E-12
166,-3.419743321141141,25.35016367375181,-12.67508183687591,-12.67508183687591,-.4289971156090644E-14
167,-3.244509781652710,25.39478528154435,-12.69739264077218,-12.69739264077239,.2087800418659747E-12
168,-3.124992287161149,25.39231090186248,-12.69615545093124,-12.69615545093106,-.1793270393291024E-12
169,-3.397103050840087,25.34717687974787,-12.67358843987394,-12.67358843987406,.1320662329495903E-12
170,-3.018549904525571,25.37292813083977,-12.68646406541989,-12.68646406542014,.2529938064599335E-12
171,-3.641752575065766,25.32773891902585,-12.66386945951293,-12.66386945951273,-.2000968835069727E-12
172,-3.659733147529550,25.37410797376016,-12.68705398688008,-12.68705398687999,-.9922705018761135E-13
173,-3.377646557288244,25.39758404964548,-12.69879202482274,-12.69879202482277,.2511619384693020E-13
174,-3.031895158694169,25.42140106588064,-12.71070053294032,-12.71070053294032,-.3469446951953614E-14
175,-3.949380759248697,25.25995408989369,-12.62997704494685,-12.62997704494651,-.3325161326839243E-12
176,-3.359412506627450,25.30998783425182,-12.65499391712591,-12.65499391712606,.1485842698878415E-12
177,-3.346466293354752,25.41982968159632,-12.70991484079816,-12.70991484079837,.2036582708031531E-12
178,-2.615590874418558,25.35884971233057,-12.67942485616529,-12.67942485616503,-.2560954920349801E-12
179,-2.961985134053975,25.44496259766550,-12.72248129883275,-12.72248129883283,.8401265794155677E-13
180,-3.144317599062788,25.42556595180027,-12.71278297590013,-12.71278297590025,.1124100812432971E-12
181,-3.209653207771225,25.43626022494066,-12.71813011247033,-12.71813011247040,.7044538563594216E-13
182,-3.323799149075057,25.36067465894466,-12.68033732947233,-12.68033732947234,.6477457459297398E-14
183,-3.748271935866796,25.29529267307522,-12.64764633653761,-12.64764633653742,-.1916678621372014E-12
184,-3.409181729606644,25.28727932086890,-12.64363966043445,-12.64363966043442,-.2852058866853469E-13
185,-3.573124910539264,25.31630954475106,-12.65815477237553,-12.65815477237557,.4174785517285784E-13
186,-3.147662983479677,25.35074737467701,-12.67537368733851,-12.67537368733854,.3304908430257214E-13
187,-3.376253320944670,25.28578821832010,-12.64289410916005,-12.64289410916015,.1030989529859916E-12
188,-3.774716034020003,25.32698339851703,-12.66349169925852,-12.66349169925902,.5059563878972995E-12
189,-3.535173281683683,25.30435485669676,-12.65217742834838,-12.65217742834846,.8532584361287121E-13
190,-3.290057659251033,25.36580839969635,-12.68290419984818,-12.68290419984781,-.3678377047400261E-12
191,-3.282057504463637,25.41562208604102,-12.70781104302051,-12.70781104302023,-.2868850990100924E-12
192,-3.617972316867963,25.40313796890919,-12.70156898445459,-12.70156898445502,.4206817186269696E-12
193,-3.495154806392748,25.33682771365496,-12.66841385682748,-12.66841385682768,.2044042018978232E-12
194,-3.837088063217379,25.32402784121909,-12.66201392060955,-12.66201392060925,-.2982249863725528E-12
195,-3.576356234490959,25.36511542588204,-12.68255771294102,-12.68255771294099,-.2799323273183774E-13
196,-3.530333580427396,25.34582231081444,-12.67291115540722,-12.67291115540725,.2538247390049264E-13
197,-3.742132949759252,25.38693730303322,-12.69346865151661,-12.69346865151664,.2792557851627464E-13
198,-2.933471009052482,25.35720212920041,-12.67860106460020,-12.67860106460040,.1900033949620017E-12
199,-3.357648981844250,25.39182460639296,-12.69591230319648,-12.69591230319650,.1694304418986547E-13
200,-2.647694874045555,25.34296803280324,-12.67148401640162,-12.67148401640179,.1713403724457052E-12
201,-3.093131612549769,25.33484967632157,-12.66742483816078,-12.66742483816084,.5738551994705077E-13
202,-3.758416599221164,25.39450645551520,-12.69725322775760,-12.69725322775750,-.9853142607374465E-13
203,-3.768744861692539,25.27778046665313,-12.63889023332657,-12.63889023332647,-.9001133172148457E-13
204,-2.971495875077380,25.32399878939638,-12.66199939469819,-12.66199939469785,-.3328969044869012E-12
205,-3.588130942836870,25.32283156985141,-12.66141578492570,-12.66141578492554,-.1608053967760981E-12
206,-3.162489855942113,25.33734587600057,-12.66867293800029,-12.66867293800021,-.7249669614628473E-13
207,-3.759509450646874,25.37285589495681,-12.68642794747841,-12.68642794747807,-.3403319293049378E-12
208,-2.584133150990965,25.42952043373396,-12.71476021686698,-12.71476021686703,.5273385894621896E-13
209,-3.605944087445096,25.38383036397862,-12.69191518198931,-12.69191518198960,.2850324143377492E-12
210,-3.080512690108662,25.39635654331309,-12.69817827165654,-12.69817827165633,-.2138029336906655E-12
211,-2.816848802913228,25.43205040620809,-12.71602520310404,-12.71602520310379,-.2505868776370157E-12
212,-3.090892655520292,25.37274035070591,-12.68637017535295,-12.68637017535290,-.5143628578618831E-13
213,-3.756964471240281,25.34972476365685,-12.67486238182843,-12.67486238182881,.3886595906221757E-12
214,-3.481780821486609,25.42526184846398,-12.71263092423199,-12.71263092423153,-.4613393000951760E-12
215,-3.844880105782067,25.34287208987984,-12.67143604493992,-12.67143604494013,.2091278539229080E-12
216,-3.312519398347376,25.34790911760209,-12.67395455880105,-12.67395455880146,.4116039106771829E-12
217,-3.061157029995229,25.31342943424554,-12.65671471712277,-12.65671471712255,-.2155324529962144E-12
218,-3.534824878805011,25.37077365307722,-12.68538682653861,-12.68538682653883,.2260917147944852E-12
219,-3.229719949159517,25.36698229885870,-12.68349114942935,-12.68349114942906,-.2874046486911475E-12
220,-3.582756115996744,25.38134909912819,-12.69067454956410,-12.69067454956424,.1457479970046194E-12
221,-3.401634005858796,25.28434048829055,-12.64217024414527,-12.64217024414532,.3871382381337440E-13
222,-3.518273930509167,25.33878560183195,-12.66939280091598,-12.66939280091568,-.2916659969098845E-12
223,-3.297089130672248,25.36121843160381,-12.68060921580190,-12.68060921580151,-.3974849963062077E-12
224,-3.495275379380473,25.34735883452304,-12.67367941726152,-12.67367941726154,.2157215378550958E-13
225,-3.130960671460343,25.38573221294301,-12.69286610647150,-12.69286610647164,.1339154481749816E-12
226,-3.546552875428461,25.31334773778065,-12.65667386889032,-12.65667386889017,-.1551545350531036E-12
227,-3.812268075375641,25.31885813501078,-12.65942906750539,-12.65942906750506,-.3303477283389533E-12
228,-3.360441291037205,25.38754028211688,-12.69377014105844,-12.69377014105864,.2026521311870866E-12
229,-2.669333442750940,25.42818875763768,-12.71409437881884,-12.71409437881912,.2747585145512765E-12
230,-2.617729103393913,25.41953380735990,-12.70976690367995,-12.70976690367984,-.1041363176246257E-12
231,-3.882071908450826,25.37122069155212,-12.68561034577606,-12.68561034577598,-.8384959393481495E-13
232,-3.866071245371131,25.30069288162404,-12.65034644081202,-12.65034644081196,-.6262351748276274E-13
233,-3.462918026523766,25.36436311583437,-12.68218155791718,-12.68218155791697,-.2095268403223827E-12
234,-2.641457643080841,25.38144911102419,-12.69072455551209,-12.69072455551206,-.3216871213851391E-13
235,-3.049999148464849,25.26110173120159,-12.63055086560080,-12.63055086560097,.1775107838497547E-12
236,-2.696388089601896,25.37792220840756,-12.68896110420378,-12.68896110420395,.1691390083546906E-12
237,-2.001727029510221,25.32313332492224,-12.66156666246112,-12.66156666246141,.2959073958086478E-12
238,-3.268918136272987,25.39060830846785,-12.69530415423392,-12.69530415423417,.2424093911712610E-12
239,-3.165805348457070,25.39686482631924,-12.69843241315962,-12.69843241315933,-.2918949804087134E-12
240,-3.460914767574650,25.35261933546992,-12.67630966773496,-12.67630966773521,.2603056659111758E-12
241,-3.610404535253110,25.36423870474786,-12.68211935237393,-12.68211935237403,.1013017794648796E-12
242,-3.890431287281899,25.35991832013411,-12.67995916006706,-12.67995916006697,-.8240630400280224E-13
243,-2.950022357515991,25.34725903007972,-12.67362951503986,-12.67362951504001,.1436168892143819E-12
244,-3.506814299758844,25.32835102312462,-12.66417551156231,-12.66417551156232,.5377642775528102E-16
245,-2.709355475119082,25.30529814532209,-12.65264907266104,-12.65264907266084,-.2000344334618376E-12
246,-3.306570987469968,25.35802465016955,-12.67901232508478,-12.67901232508477,-.1231306723248338E-13
247,-3.527762895115302,25.31439869598331,-12.65719934799166,-12.65719934799148,-.1725529441554130E-12
248,-3.244986862628139,25.39153974460923,-12.69576987230461,-12.69576987230469,.7667824708512683E-13
249,-3.231586620538678,25.35231041807368,-12.67615520903684,-12.67615520903690,.6010209691043045E-13
250,-3.612241690672818,25.36319490482074,-12.68159745241037,-12.68159745241042,.5332626701326504E-13
251,-3.363310448950870,25.32321123862921,-12.66160561931461,-12.66160561931455,-.5561696936329241E-13
252,-2.604839935680502,25.37640320034257,-12.68820160017129,-12.68820160017104,-.2497932416467563E-12
253,-3.790201898151281,25.33977536656683,-12.66988768328341,-12.66988768328303,-.3822723387836291E-12
254,-3.299481625144836,25.38934888355174,-12.69467444177587,-12.69467444177581,-.5875681885481043E-13
255,-2.915671630849829,25.47589653225116,-12.73794826612558,-12.73794826612560,.2107775759485619E-13
256,-3.517139673829661,25.43964202961182,-12.71982101480591,-12.71982101480589,-.2779027008514845E-13
257,-2.662371093468209,25.39837364609329,-12.69918682304664,-12.69918682304654,-.1071061642154980E-12
258,-3.670241451864058,25.35183702649805,-12.67591851324902,-12.67591851324899,-.3310199336858943E-13
259,-3.444111027543840,25.39077845951268,-12.69538922975634,-12.69538922975646,.1220083062358768E-12
260,-3.602420088587678,25.33499242792901,-12.66749621396450,-12.66749621396488,.3825013222824580E-12
261,-3.144381587113457,25.36352741209476,-12.68176370604738,-12.68176370604778,.3992249239526124E-12
262,-3.334172913571820,25.29247614036649,-12.64623807018325,-12.64623807018303,-.2176175906143385E-12
263,-2.360845867624448,25.35182845563061,-12.67591422781531,-12.67591422781498,-.3301872664174255E-12
264,-3.394855329122038,25.35028069921394,-12.67514034960697,-12.67514034960682,-.1531552662470403E-12
265,-2.578265050848131,25.44491026511523,-12.72245513255762,-12.72245513255786,.2442681473757702E-12
266,-3.527670134588334,25.33234841157671,-12.66617420578836,-12.66617420578816,-.2011151661873711E-12
267,-2.724065626281117,25.32804091369469,-12.66402045684735,-12.66402045684732,-.2417770844642675E-13
268,-2.211058811029943,25.38850629485816,-12.69425314742908,-12.69425314742897,-.1129183552217583E-12
269,-2.917728429660201,25.33049551355252,-12.66524775677626,-12.66524775677636,.9913077303469464E-13
270,-3.198655626642221,25.38136843205279,-12.69068421602640,-12.69068421602622,-.1692899292971006E-12
271,-3.598322533434384,25.26495046457337,-12.63247523228668,-12.63247523228648,-.2068345494876667E-12
272,-2.647286804831765,25.36511444118839,-12.68255722059419,-12.68255722059423,.3260239300750811E-13
273,-3.704037888724997,25.39480764177012,-12.69740382088506,-12.69740382088526,.2062421414206206E-12
274,-3.662819186443812,25.36944248320302,-12.68472124160151,-12.68472124160168,.1647076572353079E-12
275,-3.357238933574990,25.40597494750877,-12.70298747375439,-12.70298747375424,-.1458121817732305E-12
276,-3.200190338997345,25.39473132398501,-12.69736566199250,-12.69736566199221,-.2915584440543739E-12
277,-2.874637094599166,25.39626096390877,-12.69813048195438,-12.69813048195450,.1221175938148633E-12
278,-3.382891045112046,25.37606829900506,-12.68803414950253,-12.68803414950258,.4162729189127745E-13
279,-3.269061740647885,25.33691200089482,-12.66845600044741,-12.66845600044744,.2720393355026829E-13
280,-3.283835276936770,25.39374855003545,-12.69687427501773,-12.69687427501805,.3203132203921655E-12
281,-3.232789757079445,25.35640418054146,-12.67820209027073,-12.67820209027073,.6748074321549780E-15
282,-3.454675927676362,25.34320307590270,-12.67160153795135,-12.67160153795133,-.2228165568718410E-13
283,-3.403035542432917,25.34505832851797,-12.67252916425899,-12.67252916425923,.2444190683181802E-12
284,-3.713534696864372,25.26263523388084,-12.63131761694042,-12.63131761694085,.4305288764383519E-12
285,-3.136974881865171,25.36218590411444,-12.68109295205722,-12.68109295205706,-.1563818519123572E-12
286,-3.190090189960756,25.31831545743550,-12.65915772871775,-12.65915772871785,.9596143324408501E-13
287,-2.794950873605558,25.33506989311527,-12.66753494655764,-12.66753494655753,-.1080247002960277E-12
288,-2.261574143918551,25.30901332067795,-12.65450666033898,-12.65450666033911,.1299342577976148E-12
289,-3.442068731317704,25.36905243626334,-12.68452621813167,-12.68452621813199,.3193799391620900E-12
290,-2.885434531252940,25.37140792683480,-12.68570396341740,-12.68570396341700,-.4000827447114830E-12
291,-3.423121864321729,25.34649870835809,-12.67324935417905,-12.67324935417891,-.1348678113632928E-12
292,-3.362525877499138,25.31063459169541,-12.65531729584770,-12.65531729584787,.1661084464421592E-12
293,-3.027582624096340,25.39831695337395,-12.69915847668698,-12.69915847668690,-.7609451263546063E-13
294,-3.348134728985315,25.41325883753048,-12.70662941876524,-12.70662941876540,.1537762972514400E-12
295,-3.075503523883981,25.35368477441220,-12.67684238720610,-12.67684238720596,-.1332536511688964E-12
296,-2.483176725989324,25.32145611663613,-12.66072805831806,-12.66072805831789,-.1750734973660073E-12
297,-3.447533606697107,25.31906270553617,-12.65953135276809,-12.65953135276827,.1863682819180923E-12
298,-2.976028901313839,25.35712872896969,-12.67856436448485,-12.67856436448474,-.1061598725593527E-12
299,-3.404968733444548,25.47464760495569,-12.73732380247784,-12.73732380247790,.5738725467052674E-13
300,-3.072227024159929,25.36555465038556,-12.68277732519278,-12.68277732519274,-.3981971002930962E-13
301,-2.129156956197221,25.38167098970404,-12.69083549485202,-12.69083549485182,-.1939498908698489E-12
302,-2.886972927300121,25.37682479456584,-12.68841239728292,-12.68841239728280,-.1282394329615855E-12
303,-3.063053115307412,25.39743314350709,-12.69871657175355,-12.69871657175364,.9413129997692948E-13
304,-2.482225724634191,25.35713475613407,-12.67856737806703,-12.67856737806703,-.6642256189515194E-14
305,-3.236315159869264,25.40142111087840,-12.70071055543920,-12.70071055543891,-.2894542244780141E-12
306,-2.399904811018587,25.40541924177826,-12.70270962088913,-12.70270962088916,.2885452293766022E-13
307,-3.385756529940409,25.40712432378964,-12.70356216189482,-12.70356216189479,-.2821701206023874E-13
308,-3.703707770421261,25.37659963068979,-12.68829981534490,-12.68829981534503,.1384396070003291E-12
309,-2.736334120345418,25.34182208257219,-12.67091104128610,-12.67091104128596,-.1308154973234110E-12
310,-3.934636200374371,25.36899701935815,-12.68449850967907,-12.68449850967923,.1574018693162316E-12
311,-3.578151507004804,25.27948492928417,-12.63974246464209,-12.63974246464213,.4287195598529081E-13
312,-3.595470709326037,25.35802109795360,-12.67901054897680,-12.67901054897719,.3845691126658224E-12
313,-3.497270621734060,25.39119578699108,-12.69559789349554,-12.69559789349553,-.1548761119352093E-13
314,-3.543071115308521,25.32412433881600,-12.66206216940800,-12.66206216940846,.4598960101631633E-12
315,-3.275119369573076,25.38481878492539,-12.69240939246269,-12.69240939246293,.2281343516874479E-12
316,-3.325645648851761,25.36266680374028,-12.68133340187014,-12.68133340187017,.3016684124723668E-13
317,-2.363189880714344,25.35190401438756,-12.67595200719378,-12.67595200719361,-.1777198180286099E-12
318,-3.173265006390466,25.40300033553633,-12.70150016776816,-12.70150016776806,-.1011760120128713E-12
319,-4.038714897696991,25.38621857735624,-12.69310928867812,-12.69310928867784,-.2812923505235432E-12
320,-2.786715285028549,25.36797999509788,-12.68398999754894,-12.68398999754903,.8386433908436075E-13
321,-3.380278692260617,25.38401003263775,-12.69200501631888,-12.69200501631877,-.1082406733687868E-12
322,-3.775049969062820,25.42611956670485,-12.71305978335243,-12.71305978335235,-.6771840033170662E-13
323,-3.238237009077011,25.37082363923269,-12.68541181961634,-12.68541181961645,.1135541313757038E-12
324,-2.912520207710713,25.37337220343406,-12.68668610171703,-12.68668610171717,.1443029723491307E-12
325,-2.958246674686961,25.39285168140129,-12.69642584070065,-12.69642584070082,.1710376631991473E-12
326,-3.216251641604686,25.31551269430687,-12.65775634715344,-12.65775634715341,-.2504507018441515E-13
327,-3.791821735365374,25.36812382953722,-12.68406191476861,-12.68406191476851,-.9868668382484458E-13
328,-3.303438588831341,25.32634206039311,-12.66317103019655,-12.66317103019647,-.8056142558610091E-13
329,-2.747325853611983,25.38144083618318,-12.69072041809159,-12.69072041809152,-.6520999018544416E-13
330,-3.131544181989739,25.37111025411200,-12.68555512705600,-12.68555512705593,-.6845218836204481E-13
331,-2.768048238442134,25.38835500183246,-12.69417750091623,-12.69417750091662,.3856151509218364E-12
332,-3.561807971722374,25.34867857311563,-12.67433928655782,-12.67433928655800,.1849475433912673E-12
333,-3.546969388087746,25.33051451756451,-12.66525725878225,-12.66525725878240,.1454036543946380E-12
334,-3.029382205118964,25.30598930044940,-12.65299465022470,-12.65299465022443,-.2639416463168232E-12
335,-3.417686724764280,25.31746648785476,-12.65873324392738,-12.65873324392760,.2219552666660185E-12
336,-3.557821681541100,25.37159886907319,-12.68579943453659,-12.68579943453659,.1639313684798083E-14
337,-3.870231704553589,25.38824872368732,-12.69412436184366,-12.69412436184387,.2059281564714688E-12
338,-3.307862043791829,25.41651122125753,-12.70825561062877,-12.70825561062900,.2338233773269138E-12
339,-3.654106380359735,25.38269400121439,-12.69134700060719,-12.69134700060723,.3630429290524262E-13
340,-2.960708744350995,25.44394847532643,-12.72197423766321,-12.72197423766356,.3494548400650999E-12
341,-3.083222388797367,25.33558475009839,-12.66779237504919,-12.66779237504885,-.3445455726280855E-12
342,-3.453517127420128,25.36721544039831,-12.68360772019915,-12.68360772019880,-.3468015805085933E-12
343,-3.773165907667135,25.34645286498664,-12.67322643249332,-12.67322643249343,.1088729800757804E-12
344,-3.216277833569620,25.41198999642310,-12.70599499821155,-12.70599499821143,-.1205268523873926E-12
345,-2.946455809520558,25.36113240160358,-12.68056620080179,-12.68056620080174,-.4760688371296951E-13
346,-3.605857756379919,25.30189834022970,-12.65094917011485,-12.65094917011521,.3534793985293661E-12
347,-3.416793821971623,25.35500374355432,-12.67750187177716,-12.67750187177728,.1213699279967173E-12
348,-2.572606405643455,25.31864636915768,-12.65932318457884,-12.65932318457923,.3806070042466914E-12
349,-3.416712286249094,25.36299225062915,-12.68149612531458,-12.68149612531458,.5496471333632513E-14
350,-3.415735193790852,25.27257974794800,-12.63628987397400,-12.63628987397397,-.2689688749502039E-13
351,-2.728635004756143,25.38852803427222,-12.69426401713611,-12.69426401713613,.1989380882250202E-13
352,-2.361569073575083,25.31117724270249,-12.65558862135125,-12.65558862135127,.2363473999844601E-13
353,-2.879803600109881,25.45432062394596,-12.72716031197298,-12.72716031197319,.2006641380836172E-12
354,-3.237595273290935,25.31865392016681,-12.65932696008340,-12.65932696008348,.6937853069821642E-13
355,-2.867739073590201,25.38481058714796,-12.69240529357398,-12.69240529357422,.2345085930999247E-12
356,-3.115792556003726,25.39859267022142,-12.69929633511071,-12.69929633511065,-.6024087478850859E-13
357,-3.366627641851665,25.38022858784837,-12.69011429392419,-12.69011429392416,-.2822221623066667E-13
358,-1.644496740947943,25.34966418707037,-12.67483209353519,-12.67483209353519,.4024558464266192E-14
359,-2.798784485680471,25.36131816352465,-12.68065908176233,-12.68065908176227,-.5585115703254928E-13
360,-2.936685698321526,25.40148385172100,-12.70074192586050,-12.70074192586018,-.3237826673441191E-12
361,-3.385847605446997,25.33652581239947,-12.66826290619974,-12.66826290619952,-.2112598290748835E-12
362,-3.679130879245349,25.38826833319734,-12.69413416659867,-12.69413416659852,-.1475633851222291E-12
363,-1.953076233185129,25.37151597860808,-12.68575798930404,-12.68575798930395,-.8355382358216090E-13
364,-2.914253175372323,25.36338077205961,-12.68169038602981,-12.68169038602959,-.2252035363747851E-12
365,-3.218465416297931,25.39395959622082,-12.69697979811041,-12.69697979811028,-.1279679487375951E-12
366,-4.155049741884795,25.35395625976702,-12.67697812988351,-12.67697812988355,.3869474185513866E-13
367,-3.889659171134554,25.27267307146106,-12.63633653573053,-12.63633653573050,-.2940616500302085E-13
368,-3.109620888939389,25.37692158912380,-12.68846079456190,-12.68846079456200,.1029454299583676E-12
369,-3.149331650529348,25.44222977777949,-12.72111488888974,-12.72111488888981,.6640347993691620E-13
370,-2.859153337837597,25.31502509154718,-12.65751254577359,-12.65751254577368,.9277474621871562E-13
371,-3.709898077064281,25.37576713013796,-12.68788356506898,-12.68788356506890,-.8250344851745695E-13
372,-2.110687036678428,25.42220771847125,-12.71110385923563,-12.71110385923575,.1278300382212549E-12
373,-2.956853001564014,25.32365446314396,-12.66182723157198,-12.66182723157196,-.1625782841685464E-13
374,-2.925087338437152,25.38835636511676,-12.69417818255838,-12.69417818255835,-.2758210326803123E-13
375,-3.484110642769338,25.39383228133739,-12.69691614066869,-12.69691614066856,-.1347064820800270E-12
376,-3.815345567276381,25.37496905540105,-12.68748452770052,-12.68748452770082,.2921413111423021E-12
377,-3.357434302135516,25.37988593526706,-12.68994296763353,-12.68994296763360,.6999002072349825E-13
378,-3.785273596566185,25.35741115976631,-12.67870557988316,-12.67870557988317,.7106294719338990E-14
379,-3.566648391974013,25.32764675082156,-12.66382337541078,-12.66382337541071,-.6711992073249462E-13
380,-3.436593927354352,25.36744552507931,-12.68372276253966,-12.68372276253961,-.4839965234149091E-13
381,-2.451847948323120,25.34401507833540,-12.67200753916770,-12.67200753916755,-.1473291974529722E-12
382,-3.451736277718737,25.34040314219487,-12.67020157109743,-12.67020157109731,-.1244638073161219E-12
383,-3.057571909450417,25.35115287118253,-12.67557643559126,-12.67557643559121,-.5796405022628903E-13
384,-2.851364892955189,25.50856692480260,-12.75428346240130,-12.75428346240117,-.1389383399996724E-12
385,-3.644309498457005,25.32499714127262,-12.66249857063631,-12.66249857063599,-.3300927239879847E-12
386,-2.977184448966000,25.36723909806383,-12.68361954903191,-12.68361954903148,-.4347945614657789E-12
387,-3.542878843989456,25.36158145292858,-12.68079072646429,-12.68079072646397,-.3136839746287201E-12
388,-3.506226092751604,25.34844172354059,-12.67422086177029,-12.67422086177031,.1774101698881481E-13
389,-3.102566944799037,25.38445495130466,-12.69222747565233,-12.69222747565228,-.4524245561521312E-13
390,-2.410839929058056,25.35605116035909,-12.67802558017954,-12.67802558017954,-.1422473250300982E-15
391,-3.617878284122071,25.34926388345971,-12.67463194172985,-12.67463194172987,.1447540004528847E-13
392,-3.907779721066618,25.36274155938924,-12.68137077969462,-12.68137077969469,.6339546942957242E-13
393,-3.243771299290529,25.45111292053118,-12.72555646026559,-12.72555646026583,.2383735570044010E-12
394,-3.676003297870921,25.30394234889699,-12.65197117444849,-12.65197117444857,.7946941715797351E-13
395,-3.754303057025027,25.29135858839254,-12.64567929419627,-12.64567929419604,-.2367706725125984E-12
396,-3.236554714827435,25.40444537875169,-12.70222268937584,-12.70222268937548,-.3566097070417662E-12
397,-3.658375006918504,25.30637965648481,-12.65318982824241,-12.65318982824263,.2199091603261039E-12
398,-3.767180079308673,25.35864997170955,-12.67932498585477,-12.67932498585495,.1728122853150715E-12
399,-3.814894635954261,25.36048492751530,-12.68024246375765,-12.68024246375774,.8953948693601887E-13
400,-3.338358061079870,25.39510381283442,-12.69755190641721,-12.69755190641716,-.5181272078047527E-13
401,-3.443190467905879,25.37825692877711,-12.68912846438855,-12.68912846438872,.1654310369247902E-12
402,-2.470702417551820,25.33503617463013,-12.66751808731506,-12.66751808731505,-.1473994537537493E-13
403,-3.781827018086915,25.27605338067173,-12.63802669033586,-12.63802669033559,-.2842621971144155E-12
404,-3.485586017155583,25.32131351671298,-12.66065675835649,-12.66065675835656,.7146366831634055E-13
405,-2.612709549389365,25.33801131280741,-12.66900565640370,-12.66900565640371,.1186724329915734E-13
406,-3.027002580482076,25.35636600516559,-12.67818300258280,-12.67818300258317,.3768391848568697E-12
407,-3.554701692504750,25.28136098818788,-12.64068049409394,-12.64068049409392,-.2479873945082645E-13
408,-3.730230211305752,25.32328666869660,-12.66164333434830,-12.66164333434836,.5823119764158946E-13
409,-3.122250304186309,25.37433092926513,-12.68716546463257,-12.68716546463300,.4349593601959967E-12
410,-3.194813192399124,25.41431318516092,-12.70715659258046,-12.70715659258061,.1477429290019927E-12
411,-3.126810711903090,25.37441138183311,-12.68720569091656,-12.68720569091673,.1738244964633040E-12
412,-2.985895990788777,25.38693044661145,-12.69346522330572,-12.69346522330588,.1566516014128716E-12
413,-2.794759019110643,25.43318914044137,-12.71659457022069,-12.71659457022091,.2186428121886408E-12
414,-2.584908787801396,25.39014440680588,-12.69507220340294,-12.69507220340302,.8142445051539937E-13
415,-3.376153668301413,25.35630606300456,-12.67815303150228,-12.67815303150245,.1772627183926900E-12
416,-3.512108034365156,25.33746643634774,-12.66873321817387,-12.66873321817341,-.4603695896721050E-12
417,-3.193052382717724,25.34624093621844,-12.67312046810922,-12.67312046810934,.1178510414256984E-12
418,-3.472342994531573,25.36829804024215,-12.68414902012107,-12.68414902012107,-.1859623566247137E-14
419,-3.885652595490683,25.31064630596804,-12.65532315298402,-12.65532315298414,.1164233640049694E-12
420,-3.856680893135490,25.35325053835409,-12.67662526917704,-12.67662526917750,.4595811578522735E-12
421,-3.811250962637132,25.30058206525475,-12.65029103262737,-12.65029103262709,-.2837122897725308E-12
422,-3.509471260451392,25.41064139534430,-12.70532069767215,-12.70532069767219,.3985700658404312E-13
423,-3.246294100208615,25.30768925238253,-12.65384462619127,-12.65384462619096,-.3040831475509265E-12
424,-3.823663601383487,25.39231352686751,-12.69615676343375,-12.69615676343358,-.1761516280063269E-12
425,-2.546837495290674,25.35936421123363,-12.67968210561681,-12.67968210561685,.4133585834731335E-13
426,-2.939606206637109,25.37419367471896,-12.68709683735948,-12.68709683735967,.1936263649415793E-12
427,-3.162687475332859,25.36295673028127,-12.68147836514064,-12.68147836514060,-.3762094802350902E-13
428,-3.426269534036805,25.31046307651841,-12.65523153825921,-12.65523153825913,-.8135679629983628E-13
429,-4.243372735250887,25.31677687729792,-12.65838843864896,-12.65838843864894,-.2271967336486824E-13
430,-2.902039834378229,25.43148355904492,-12.71574177952246,-12.71574177952270,.2486934269629870E-12
431,-3.268343840103626,25.34907366638884,-12.67453683319442,-12.67453683319431,-.1112911846012921E-12
432,-3.582007452430844,25.34607243455119,-12.67303621727559,-12.67303621727552,-.7293644854744485E-13
433,-3.526078090664669,25.29597670260406,-12.64798835130203,-12.64798835130164,-.3976680096329233E-12
434,-3.408476505770523,25.38998128222742,-12.69499064111371,-12.69499064111371,-.9077807949786632E-14
435,-3.552430983370868,25.34745726348888,-12.67372863174444,-12.67372863174443,-.1401049415372668E-13
436,-2.601117986758254,25.42133320107109,-12.71066660053554,-12.71066660053536,-.1879113184499737E-12
437,-3.616766145751171,25.34784835690690,-12.67392417845345,-12.67392417845378,.3241972662548775E-12
438,-3.787441239819600,25.33712357342198,-12.66856178671099,-12.66856178671128,.2889494199465048E-12
439,-3.592394644502292,25.33846894845864,-12.66923447422932,-12.66923447422980,.4760046523610839E-12
440,-3.330938445142237,25.25603680462081,-12.62801840231040,-12.62801840231034,-.6247086181687678E-13
441,-2.460295024859079,25.47721505367648,-12.73860752683824,-12.73860752683807,-.1693619203213537E-12
442,-3.589375833196755,25.34769444665440,-12.67384722332720,-12.67384722332717,-.3180615493203476E-13
443,-3.276793186662871,25.41331364957384,-12.70665682478692,-12.70665682478695,.3630342554350463E-13
444,-2.807813352221274,25.39180084158587,-12.69590042079293,-12.69590042079314,.2090255052378254E-12
445,-3.632591298286570,25.35387561041300,-12.67693780520650,-12.67693780520687,.3755364075264112E-12
446,-2.361213738635797,25.38226980479704,-12.69113490239852,-12.69113490239895,.4291515059984263E-12
447,-3.748511302145289,25.32110768330887,-12.66055384165443,-12.66055384165475,.3137143322895497E-12
448,-3.421008026445634,25.36205888051428,-12.68102944025714,-12.68102944025700,-.1398239163341586E-12
449,-2.912616429789296,25.35984842608431,-12.67992421304216,-12.67992421304223,.7068564483736495E-13
450,-3.843978390053962,25.34530823923183,-12.67265411961591,-12.67265411961532,-.5852636084102691E-12
451,-3.427402136327146,25.38305520050871,-12.69152760025436,-12.69152760025438,.1969951979319262E-13
452,-3.357287180049752,25.34918587623762,-12.67459293811881,-12.67459293811869,-.1188372317217912E-12
453,-3.723989800753770,25.35960180708080,-12.67980090354040,-12.67980090354058,.1798674056918692E-12
454,-2.791747898938866,25.35566298986235,-12.67783149493117,-12.67783149493125,.8242365123756201E-13
455,-3.509866455781776,25.37712834323893,-12.68856417161946,-12.68856417161988,.4076166487676502E-12
456,-3.480627983812951,25.34542931780116,-12.67271465890058,-12.67271465890054,-.3790977948225915E-13
457,-3.764749364465388,25.33435722898560,-12.66717861449280,-12.66717861449294,.1314512734773565E-12
458,-3.011346092298481,25.40390177091870,-12.70195088545935,-12.70195088545962,.2735060442016213E-12
459,-2.787430812344610,25.39999709500801,-12.69999854750401,-12.69999854750375,-.2507698909637313E-12
460,-3.734023074117431,25.36278715266134,-12.68139357633067,-12.68139357633047,-.1997152443422578E-12
461,-3.293168257245270,25.38615294101596,-12.69307647050798,-12.69307647050767,-.3103723875130804E-12
462,-3.232926871355403,25.35009014540806,-12.67504507270403,-12.67504507270361,-.4223574615047632E-12
463,-3.712927335198401,25.35100005135013,-12.67550002567506,-12.67550002567564,.5731396260366672E-12
464,-2.985242626706167,25.41626433571031,-12.70813216785516,-12.70813216785522,.6314566924903176E-13
465,-3.701761724660173,25.32632158373730,-12.66316079186865,-12.66316079186885,.2101522081354723E-12
466,-3.623311131290393,25.31861711878464,-12.65930855939232,-12.65930855939225,-.6395578511231292E-13
467,-3.239434147068096,25.31240446874067,-12.65620223437034,-12.65620223437061,.2720774994191544E-12
468,-3.568902152190276,25.40326256310960,-12.70163128155480,-12.70163128155493,.1291709794681850E-12
469,-3.181077709094097,25.38950829097494,-12.69475414548747,-12.69475414548740,-.6613980196856772E-13
470,-3.766199772715481,25.36858629214747,-12.68429314607374,-12.68429314607363,-.9898245417749862E-13
471,-3.310995436273515,25.35637328360928,-12.67818664180464,-12.67818664180463,-.5868569519229538E-14
472,-3.575038903945824,25.34723713036945,-12.67361856518472,-12.67361856518446,-.2575266389026609E-12
473,-3.093864140362712,25.33781914112399,-12.66890957056199,-12.66890957056196,-.2971754786695868E-13
474,-3.275747580540155,25.28100117661560,-12.64050058830780,-12.64050058830775,-.4532919178901196E-13
475,-3.365741483445163,25.37034483934270,-12.68517241967135,-12.68517241967189,.5452548135220781E-12
476,-2.600185741583118,25.34845123620818,-12.67422561810409,-12.67422561810417,.7561139214740109E-13
477,-3.216042135662065,25.34881968011469,-12.67440984005735,-12.67440984005755,.2067035778652304E-12
478,-3.633136250522512,25.33918925675568,-12.66959462837784,-12.66959462837793,.8559819519859957E-13
479,-3.711860528802390,25.38032853775339,-12.69016426887669,-12.69016426887702,.3274724241775218E-12
480,-2.994750858902989,25.31968085989940,-12.65984042994970,-12.65984042994978,.8022922604045135E-13
481,-3.365612168676307,25.31070790689192,-12.65535395344596,-12.65535395344584,-.1187730469531800E-12
482,-3.626255769551790,25.40048838294347,-12.70024419147173,-12.70024419147180,.6194003643322787E-13
483,-3.544873872330072,25.43465213097594,-12.71732606548797,-12.71732606548804,.6910010758032215E-13
484,-3.445988215633406,25.36341179935859,-12.68170589967930,-12.68170589967913,-.1639738692049697E-12
485,-3.838655173310599,25.41599054592961,-12.70799527296481,-12.70799527296520,.3860869957073021E-12
486,-3.003592704782932,25.31188144970744,-12.65594072485372,-12.65594072485374,.1213439071445777E-13
487,-3.134278680680836,25.32573340585266,-12.66286670292633,-12.66286670292641,.7682222913363290E-13
488,-2.930362889403114,25.43432463836818,-12.71716231918409,-12.71716231918401,-.8036106502462559E-13
489,-3.911907141211486,25.37397435262833,-12.68698717631416,-12.68698717631426,.9604123052397995E-13
490,-3.524975445663586,25.39124362911189,-12.69562181455595,-12.69562181455609,.1478418082401234E-12
491,-2.913625203465926,25.40728048399625,-12.70364024199813,-12.70364024199807,-.5222731969123373E-13
492,-3.848989072592303,25.36002291552445,-12.68001145776222,-12.68001145776188,-.3507996844398509E-12
493,-3.090179450900905,25.38551744416330,-12.69275872208165,-12.69275872208202,.3679313798077288E-12
494,-2.737880883971229,25.35004750522934,-12.67502375261467,-12.67502375261456,-.1063151303104526E-12
495,-3.382203149129055,25.32176119269008,-12.66088059634504,-12.66088059634443,-.6116201295425228E-12
496,-2.015217468522678,25.33197574967345,-12.66598787483672,-12.66598787483667,-.5610702874525586E-13
497,-3.406660822041886,25.42177078200023,-12.71088539100012,-12.71088539099976,-.3579315663304605E-12
498,-3.926167032559533,25.38574149296363,-12.69287074648182,-12.69287074648175,-.6425849435887088E-13
499,-3.125128676510940,25.35081268307354,-12.67540634153677,-12.67540634153687,.1045448450032183E-12
500,-3.758658524857310,25.28336690294163,-12.64168345147082,-12.64168345147065,-.1727671825046961E-12
501,-2.654311638822037,25.42739319635283,-12.71369659817642,-12.71369659817658,.1617976586043568E-12
502,-3.136980043506966,25.39096988606530,-12.69548494303265,-12.69548494303259,-.5588758622554479E-13
503,-2.846269710540582,25.34786416620240,-12.67393208310120,-12.67393208310152,.3184171676329228E-12
504,-3.999246669103741,25.33556670801384,-12.66778335400692,-12.66778335400688,-.3591484748488583E-13
505,-3.015432109210451,25.32650988560835,-12.66325494280418,-12.66325494280438,.2041318503120948E-12
506,-3.853719268729037,25.33678692950039,-12.66839346475020,-12.66839346474991,-.2832786089035366E-12
507,-3.331100316932861,25.43377047251639,-12.71688523625819,-12.71688523625811,-.8706750598275192E-13
508,-3.579353500153957,25.34895855781425,-12.67447927890713,-12.67447927890684,-.2842838811578652E-12
509,-3.324293983059761,25.39852537191540,-12.69926268595770,-12.69926268595749,-.2071311872020587E-12
510,-4.070367271157011,25.29940861259963,-12.64970430629982,-12.64970430629979,-.2695066392277568E-13
511,-3.836010096616519,25.36725100697838,-12.68362550348919,-12.68362550348936,.1646764322127403E-12
512,-2.868234521360137,25.39612836533255,-12.69806418266628,-12.69806418266619,-.8929142147895419E-13
513,-2.963407021952321,25.37555284757093,-12.68777642378546,-12.68777642378512,-.3420354277583471E-12
514,-3.741534709326515,25.37523646128126,-12.68761823064063,-12.68761823064039,-.2407397198256334E-12
515,-2.693116857237783,25.38331514611664,-12.69165757305832,-12.69165757305851,.1922333819903699E-12
516,-3.058173037802817,25.36245327984207,-12.68122663992103,-12.68122663992106,.2350897254643769E-13
517,-3.520287710365665,25.37133857773903,-12.68566928886952,-12.68566928886934,-.1736666366269901E-12
518,-3.334479052780807,25.35677407147329,-12.67838703573664,-12.67838703573661,-.3783431901105416E-13
519,-3.811977049277630,25.32414749209544,-12.66207374604772,-12.66207374604785,.1310149905231484E-12
520,-3.126862826407887,25.38133734264427,-12.69066867132214,-12.69066867132204,-.9578102200258343E-13
521,-3.597472619359905,25.36584702225610,-12.68292351112805,-12.68292351112818,.1284276504587289E-12
522,-3.664797739966161,25.28752233381126,-12.64376116690563,-12.64376116690568,.5490486537640393E-13
523,-3.212191443222764,25.39110307801833,-12.69555153900917,-12.69555153900917,.2881375693597477E-14
524,-3.152308165555951,25.33137133315380,-12.66568566657690,-12.66568566657668,-.2269660154263775E-12
525,-3.281579016358592,25.37418760822587,-12.68709380411294,-12.68709380411296,.1796913312590576E-13
526,-2.461732138388470,25.42945222516012,-12.71472611258006,-12.71472611257980,-.2622849853972653E-12
527,-3.300596438606590,25.30987686920772,-12.65493843460386,-12.65493843460397,.1118688475187923E-12
528,-2.999727553531557,25.29818208861188,-12.64909104430594,-12.64909104430598,.3814049770456407E-13
529,-3.298659030038380,25.27802561627229,-12.63901280813614,-12.63901280813603,-.1084791978467337E-12
530,-3.711736862289399,25.35484103648317,-12.67742051824158,-12.67742051824154,-.4337676051680006E-13
531,-3.341085211290192,25.34007823783398,-12.67003911891699,-12.67003911891672,-.2746709110157397E-12
532,-2.373000276507810,25.38995876298442,-12.69497938149221,-12.69497938149204,-.1669940227766453E-12
533,-3.183186148435198,25.26536270719808,-12.63268135359904,-12.63268135359886,-.1827444445767767E-12
534,-3.356798456276010,25.33074779082636,-12.66537389541318,-12.66537389541378,.5971317190711645E-12
535,-3.492481880632113,25.33850825855897,-12.66925412927949,-12.66925412927969,.2054181477695316E-12
536,-2.517468928119342,25.43628306154996,-12.71814153077498,-12.71814153077467,-.3143171486974516E-12
537,-3.119235727768682,25.32805738123965,-12.66402869061982,-12.66402869061974,-.8592172112686924E-13
538,-4.002630024886457,25.34482322431651,-12.67241161215826,-12.67241161215804,-.2221417494396860E-12
539,-3.495957238854317,25.35897872509993,-12.67948936254997,-12.67948936255014,.1773234337143492E-12
540,-3.179505653650267,25.36094384218038,-12.68047192109019,-12.68047192109072,.5276621153904593E-12
541,-2.456447224723888,25.41485540705483,-12.70742770352742,-12.70742770352742,.2761679773755077E-14
542,-3.437046550479863,25.39155119135660,-12.69577559567830,-12.69577559567814,-.1574938096604583E-12
543,-3.802771367272726,25.31399937804483,-12.65699968902241,-12.65699968902238,-.3273162990646838E-13
544,-3.607448518232559,25.34977808240671,-12.67488904120336,-12.67488904120325,-.1016521936070269E-12
545,-2.990856547003204,25.34578361330645,-12.67289180665322,-12.67289180665333,.1118254794318929E-12
546,-3.648475833892007,25.40586253914850,-12.70293126957425,-12.70293126957438,.1345191319446215E-12
547,-2.669897702346134,25.40607921032893,-12.70303960516447,-12.70303960516429,-.1738435784215397E-12
548,-3.066531698495965,25.35604280132862,-12.67802140066431,-12.67802140066429,-.2488981243331523E-13
549,-2.418901225075388,25.39567543495793,-12.69783771747896,-12.69783771747910,.1390944651125103E-12
550,-3.567650202578761,25.31286156084047,-12.65643078042024,-12.65643078042048,.2394820453055502E-12
551,-3.723627269746430,25.38164552656555,-12.69082276328278,-12.69082276328266,-.1161475429722891E-12
552,-4.134467768068134,25.31206934803517,-12.65603467401758,-12.65603467401746,-.1161223894818875E-12
553,-3.327709867087833,25.40424917066538,-12.70212458533269,-12.70212458533273,.4311481727192756E-13
554,-3.022018296514034,25.35243182767393,-12.67621591383697,-12.67621591383710,.1359554829827303E-12
555,-2.688204462877522,25.40154130741908,-12.70077065370954,-12.70077065370948,-.6198860869055522E-13
556,-3.294764716913051,25.36590970360106,-12.68295485180053,-12.68295485180039,-.1345581632228310E-12
557,-3.284987028826436,25.38891920253515,-12.69445960126757,-12.69445960126766,.9090644903508860E-13
558,-3.434689170211641,25.39132147761229,-12.69566073880615,-12.69566073880669,.5509169509476664E-12
559,-3.513331694983890,25.43862067244746,-12.71931033622373,-12.71931033622377,.4904323475107830E-13
560,-3.137056787763868,25.33022559646405,-12.66511279823203,-12.66511279823196,-.6816075481808070E-13
561,-3.472905024465035,25.31594281110388,-12.65797140555194,-12.65797140555192,-.1324287901560695E-13
562,-2.624984496738762,25.33201273363334,-12.66600636681667,-12.66600636681690,.2223160891490217E-12
563,-3.157110362284584,25.39710131328503,-12.69855065664252,-12.69855065664273,.2084270256386134E-12
564,-3.640179770978648,25.38062297653771,-12.69031148826885,-12.69031148826872,-.1408508726319369E-12
565,-1.921175291600093,25.36137697221965,-12.68068848610982,-12.68068848610963,-.2016590019970899E-12
566,-3.746456389781088,25.39654890351333,-12.69827445175667,-12.69827445175696,.2890734526750371E-12
567,-3.642186409394299,25.38597604266002,-12.69298802133001,-12.69298802133000,-.7575537419590717E-14
568,-3.239480631504421,25.39723970484727,-12.69861985242364,-12.69861985242326,-.3743750101592447E-12
569,-3.741415154123388,25.31790981627742,-12.65895490813871,-12.65895490813880,.8688362529429838E-13
570,-3.704982605155237,25.29415904047734,-12.64707952023867,-12.64707952023825,-.4160907729477969E-12
571,-3.385581432456092,25.42159023784225,-12.71079511892113,-12.71079511892069,-.4394800495743922E-12
572,-3.439348249725299,25.34542309174017,-12.67271154587008,-12.67271154587019,.1144813410736134E-12
573,-2.705592634984214,25.31303453505381,-12.65651726752690,-12.65651726752700,.9933547040485990E-13
574,-3.853408549692972,25.29446487943847,-12.64723243971923,-12.64723243971919,-.4956712124082330E-13
575,-3.429279355561448,25.35310642111175,-12.67655321055588,-12.67655321055578,-.1044797928728691E-12
576,-3.540171894666855,25.39588931812506,-12.69794465906253,-12.69794465906232,-.2162679757500285E-12
577,-3.491429704090478,25.36390172853623,-12.68195086426811,-12.68195086426830,.1872538582525785E-12
578,-2.821719881048921,25.36976238509050,-12.68488119254525,-12.68488119254548,.2261680426274282E-12
579,-3.175973646975763,25.29795588553492,-12.64897794276746,-12.64897794276772,.2655636127668615E-12
580,-2.754980945086572,25.33735896421886,-12.66867948210943,-12.66867948210986,.4403491460358566E-12
581,-3.070830259282957,25.35150972873975,-12.67575486436987,-12.67575486436992,.4595629432557757E-13
582,-2.834853611608992,25.34518991550176,-12.67259495775088,-12.67259495775087,-.4276960730020818E-14
583,-2.799191286583664,25.36800288454605,-12.68400144227303,-12.68400144227302,-.1519617764955683E-14
584,-2.852725833847217,25.35279314229059,-12.67639657114530,-12.67639657114525,-.4518174029355393E-13
585,-3.895491265255259,25.35424875305152,-12.67712437652576,-12.67712437652597,.2015887456963128E-12
586,-3.784683247654357,25.34996342886281,-12.67498171443141,-12.67498171443150,.9797631456143208E-13
587,-3.663071674898674,25.34737615235377,-12.67368807617689,-12.67368807617654,-.3457841651899329E-12
588,-2.808850866305875,25.32695151950107,-12.66347575975053,-12.66347575975066,.1267172131114158E-12
589,-3.461480913698324,25.35411440698452,-12.67705720349226,-12.67705720349173,-.5294410743150735E-12
590,-3.371645157903004,25.31268929643101,-12.65634464821550,-12.65634464821563,.1244742156569778E-12
591,-3.700710239449108,25.39065656736976,-12.69532828368488,-12.69532828368482,-.5527002466809705E-13
592,-3.182114220087897,25.36681178813883,-12.68340589406941,-12.68340589406954,.1172360819534646E-12
593,-3.099935085045217,25.37099458308169,-12.68549729154084,-12.68549729154104,.1963802384596924E-12
594,-3.780629489217972,25.32393144360636,-12.66196572180318,-12.66196572180366,.4803518693918818E-12
595,-3.000224354740567,25.33890992818121,-12.66945496409061,-12.66945496409072,.1137917884919126E-12
596,-3.261496179708047,25.41880482166551,-12.70940241083276,-12.70940241083260,-.1665247800763936E-12
597,-3.204446967632975,25.39421992225462,-12.69710996112731,-12.69710996112738,.6577984684730254E-13
598,-3.377483177144313,25.38693434108169,-12.69346717054085,-12.69346717054103,.1829031717748286E-12
599,-3.166254305040638,25.35971815349701,-12.67985907674850,-12.67985907674815,-.3607817170014904E-12
600,-3.580535781067738,25.32594041820168,-12.66297020910084,-12.66297020910106,.2229501305794912E-12
601,-2.469754706664389,25.37386983451223,-12.68693491725611,-12.68693491725602,-.9054909599903738E-13
602,-3.719684708277782,25.35587580222278,-12.67793790111139,-12.67793790111138,-.1027736923342459E-13
603,-3.081533912565192,25.33794622853965,-12.66897311426982,-12.66897311426995,.1302395691293867E-12
604,-3.259169736964395,25.36631547865627,-12.68315773932813,-12.68315773932813,.3871035436642245E-14
605,-3.283703741180943,25.37396610513846,-12.68698305256923,-12.68698305256927,.3676139254116251E-13
606,-3.785615016960946,25.36354020735194,-12.68177010367597,-12.68177010367592,-.4388503449526127E-13
607,-3.056854108228436,25.32997319976273,-12.66498659988136,-12.66498659988148,.1152359457856633E-12
608,-4.011497216858515,25.26979344724673,-12.63489672362337,-12.63489672362338,.3604755383079805E-14
609,-3.414302724617301,25.26444124001279,-12.63222062000639,-12.63222062000639,-.7873909857458727E-14
610,-3.514144079752441,25.36681293002909,-12.68340646501455,-12.68340646501453,-.1951737382821506E-13
611,-3.908751631363884,25.38797281297944,-12.69398640648972,-12.69398640648966,-.6191835238977816E-13
612,-2.774383089206822,25.34303012505772,-12.67151506252886,-12.67151506252880,-.6139880270872311E-13
613,-4.086661713008652,25.29604379343536,-12.64802189671768,-12.64802189671800,.3215760990826766E-12
614,-2.904590398000437,25.36831298449474,-12.68415649224737,-12.68415649224687,-.4966946992590593E-12
615,-3.636911149796560,25.34054941047948,-12.67027470523974,-12.67027470523983,.8728000960855908E-13
616,-2.291310560844067,25.41184052986524,-12.70592026493262,-12.70592026493274,.1210091055137141E-12
617,-3.517227212731086,25.33101364002933,-12.66550682001467,-12.66550682001481,.1411024075359535E-12
618,-3.334754468785832,25.38345332194076,-12.69172666097038,-12.69172666097020,-.1757630499477081E-12
619,-3.799486518870253,25.35636020186031,-12.67818010093016,-12.67818010092995,-.2085285069619580E-12
620,-3.348899892080226,25.39425500925460,-12.69712750462730,-12.69712750462737,.7075329905292804E-13
621,-2.632971238715982,25.36383462423137,-12.68191731211568,-12.68191731211578,.1015984171792716E-12
622,-3.856527829158949,25.42403551817891,-12.71201775908945,-12.71201775908928,-.1677373517861014E-12
623,-3.085260674430174,25.36859889586270,-12.68429944793135,-12.68429944793136,.1226102552820407E-13
624,-3.234498517860629,25.30905266601144,-12.65452633300572,-12.65452633300564,-.7737560592246950E-13
625,-2.201544604924493,25.31119737755440,-12.65559868877720,-12.65559868877718,-.1771586349841314E-13
626,-3.995726904966432,25.32075636385581,-12.66037818192791,-12.66037818192811,.2083454936352425E-12
627,-3.201544407304027,25.34451553204772,-12.67225776602386,-12.67225776602413,.2701571605312481E-12
628,-3.272023557427019,25.40068237620862,-12.70034118810431,-12.70034118810392,-.3956826186146678E-12
629,-3.547595205207472,25.37263679731168,-12.68631839865584,-12.68631839865593,.8762088277158853E-13
630,-2.579582511113585,25.39218593680692,-12.69609296840346,-12.69609296840346,.2845813862339952E-14
631,-3.649217204183515,25.38048263232227,-12.69024131616114,-12.69024131616121,.7625497455698849E-13
632,-3.283716992906875,25.30261443220559,-12.65130721610280,-12.65130721610278,-.1503831781324294E-13
633,-2.843402415710443,25.37459718891416,-12.68729859445708,-12.68729859445729,.2074521110451144E-12
634,-3.388688003036805,25.37666566928657,-12.68833283464328,-12.68833283464303,-.2470818688538046E-12
635,-3.245874250911584,25.38471520261282,-12.69235760130641,-12.69235760130645,.4909701117883358E-13
636,-3.232351621263660,25.29505240757190,-12.64752620378595,-12.64752620378564,-.3086107758232259E-12
637,-2.683589895532350,25.35116701003072,-12.67558350501536,-12.67558350501538,.2364948514799181E-13
638,-3.525942931853933,25.34174832115811,-12.67087416057906,-12.67087416057932,.2598962711708452E-12
639,-3.402920017600991,25.33932114300760,-12.66966057150380,-12.66966057150415,.3589819413951645E-12
640,-3.039241175451025,25.39314314773432,-12.69657157386716,-12.69657157386717,.1441555208536727E-13
641,-2.986287068866659,25.37505275845229,-12.68752637922614,-12.68752637922636,.2111037039620456E-12
642,-3.611651606187479,25.33546349550361,-12.66773174775180,-12.66773174775199,.1888836309582587E-12
643,-3.568385793347261,25.32062896325490,-12.66031448162745,-12.66031448162714,-.3131193221372897E-12
644,-3.899802280866425,25.34907147671542,-12.67453573835771,-12.67453573835790,.1907111621402002E-12
645,-3.181964727482409,25.35944016116657,-12.67972008058329,-12.67972008058322,-.7347334546325968E-13
646,-2.461273012129823,25.36007566147644,-12.68003783073822,-12.68003783073822,-.1449361464178622E-14
647,-3.155112361140709,25.30423307416272,-12.65211653708136,-12.65211653708127,-.9415732082906914E-13
648,-3.132503138589527,25.31937034452400,-12.65968517226200,-12.65968517226187,-.1273278357749597E-12
649,-3.683672154564192,25.37037687834418,-12.68518843917209,-12.68518843917221,.1217134032449607E-12
650,-3.576226733403018,25.31753791275588,-12.65876895637794,-12.65876895637789,-.6079772102429715E-13
651,-2.991023150787896,25.31722146493168,-12.65861073246584,-12.65861073246564,-.2030424439691814E-12
652,-3.874038832015913,25.37064242290299,-12.68532121145149,-12.68532121145119,-.3004402282513752E-12
653,-3.454061731674983,25.39536072862764,-12.69768036431382,-12.69768036431394,.1242738550955025E-12
654,-2.723492907484797,25.36983923702417,-12.68491961851208,-12.68491961851207,-.1777397673485837E-13
655,-3.156660325690609,25.38060869194722,-12.69030434597361,-12.69030434597347,-.1447054281955573E-12
656,-3.915143086334865,25.35480861559272,-12.67740430779636,-12.67740430779633,-.3228667333488033E-13
657,-2.925535122507426,25.49051887585205,-12.74525943792602,-12.74525943792576,-.2685941746793929E-12
658,-3.259954243216271,25.41107623521262,-12.70553811760631,-12.70553811760613,-.1708390373611479E-12
659,-2.847761470760815,25.38793465669038,-12.69396732834519,-12.69396732834523,.3302219608869450E-13
660,-2.924144294858706,25.41315823327313,-12.70657911663656,-12.70657911663671,.1356310896927226E-12
661,-3.321395489580027,25.41062294741790,-12.70531147370895,-12.70531147370861,-.3409555623945515E-12
662,-3.716361601942481,25.39302451505799,-12.69651225752900,-12.69651225752903,.2950157479419957E-13
663,-3.463185250514243,25.34834508857028,-12.67417254428514,-12.67417254428505,-.9559540659065391E-13
664,-3.556527671800723,25.32072386842045,-12.66036193421023,-12.66036193421041,.1907094274167243E-12
665,-3.419855006075522,25.41660894153014,-12.70830447076507,-12.70830447076504,-.2939835874737895E-13
666,-3.783939294404945,25.33467129431796,-12.66733564715898,-12.66733564715904,.5381112222480056E-13
667,-3.294467177220213,25.40939953645320,-12.70469976822660,-12.70469976822647,-.1298093577073445E-12
668,-3.615248712447283,25.37442694493271,-12.68721347246636,-12.68721347246666,.3065603326746213E-12
669,-3.048589409438136,25.29037179064536,-12.64518589532268,-12.64518589532245,-.2361080081447753E-12
670,-3.548715444943809,25.36459463740820,-12.68229731870410,-12.68229731870414,.3724884983791199E-13
671,-3.468435447575757,25.41437272012084,-12.70718636006042,-12.70718636006070,.2809393342961819E-12
672,-2.413371916729375,25.44774116351648,-12.72387058175824,-12.72387058175823,-.1282914746658648E-13
673,-3.760323729853553,25.34403795299269,-12.67201897649634,-12.67201897649590,-.4490852134608758E-12
674,-3.281744837106089,25.28111798624051,-12.64055899312026,-12.64055899311996,-.2980012070441518E-12
675,-2.810986908209316,25.40248940049172,-12.70124470024586,-12.70124470024598,.1184686029831461E-12
676,-3.280590137323088,25.32640150984939,-12.66320075492470,-12.66320075492488,.1799099064170306E-12
677,-3.174381946412723,25.34138501315082,-12.67069250657541,-12.67069250657534,-.7216796604758713E-13
678,-3.664321098069195,25.34152655714734,-12.67076327857367,-12.67076327857334,-.3277014076763507E-12
679,-3.679458786806208,25.32134176330972,-12.66067088165486,-12.66067088165445,-.4058602412482237E-12
680,-2.461216830750345,25.31416372555659,-12.65708186277829,-12.65708186277810,-.1990092118875353E-12
681,-2.876695539147477,25.35400669941211,-12.67700334970606,-12.67700334970568,-.3752137489598795E-12
682,-3.504765516980115,25.39267878544101,-12.69633939272050,-12.69633939271998,-.5260236690673992E-12
683,-3.921018116054256,25.35887743724837,-12.67943871862419,-12.67943871862387,-.3224070316276695E-12
684,-3.208985678326826,25.31993338399198,-12.65996669199599,-12.65996669199598,-.1162611673599656E-13
685,-3.605872093794460,25.34247656328601,-12.67123828164300,-12.67123828164304,.3401792736390519E-13
686,-3.154839047565474,25.30032705060310,-12.65016352530155,-12.65016352530137,-.1750856404303391E-12
687,-2.744500704036909,25.33366112601703,-12.66683056300852,-12.66683056300841,-.1014466288751237E-12
688,-3.821368663537214,25.30048897031176,-12.65024448515588,-12.65024448515570,-.1763849483138458E-12
689,-3.596418815624020,25.30710837380848,-12.65355418690424,-12.65355418690413,-.1017944409320570E-12
690,-3.380275621624605,25.45717151145804,-12.72858575572902,-12.72858575572914,.1276079936163299E-12
691,-3.381869704631754,25.35277230884907,-12.67638615442454,-12.67638615442410,-.4371607242870112E-12
692,-2.659045865864755,25.41734577166453,-12.70867288583226,-12.70867288583261,.3477287902065029E-12
693,-4.057943019210143,25.34515528981544,-12.67257764490772,-12.67257764490769,-.2861686582145140E-13
694,-3.521411395549876,25.33710215929468,-12.66855107964734,-12.66855107964691,-.4263438560525579E-12
695,-3.083047323068968,25.34560783699651,-12.67280391849826,-12.67280391849873,.4730660307927792E-12
696,-3.537883226807025,25.37729778647714,-12.68864889323857,-12.68864889323862,.5313544743090759E-13
697,-3.316585027154360,25.34704594876139,-12.67352297438069,-12.67352297438088,.1862746068503895E-12
698,-3.293381914663769,25.36589418007090,-12.68294709003545,-12.68294709003519,-.2593827930219561E-12
699,-2.942213540885859,25.36220203685205,-12.68110101842603,-12.68110101842614,.1147103245724423E-12
700,-3.077044388965078,25.43134514117133,-12.71567257058566,-12.71567257058570,.3918306651362613E-13
701,-2.904377642698819,25.35598962200428,-12.67799481100214,-12.67799481100211,-.2519338904161117E-13
702,-3.883620428474387,25.32900176908261,-12.66450088454130,-12.66450088454155,.2450791306007893E-12
703,-3.220188373630663,25.33441644503388,-12.66720822251694,-12.66720822251669,-.2537397375546036E-12
704,-3.138635850904393,25.37827490826765,-12.68913745413382,-12.68913745413384,.1242235481146992E-13
705,-3.685215508907277,25.35218731029634,-12.67609365514817,-12.67609365514800,-.1696828441644094E-12
706,-2.349941852229676,25.36233231415730,-12.68116615707865,-12.68116615707842,-.2319377329085270E-12
707,-3.607845375914621,25.34812654995702,-12.67406327497851,-12.67406327497840,-.1087914480724095E-12
708,-3.617527139542290,25.39518764806093,-12.69759382403047,-12.69759382403027,-.1933262577802353E-12
709,-3.540668679281225,25.33102542878230,-12.66551271439115,-12.66551271439113,-.1253164239045645E-13
710,-3.191731497281580,25.40086276447574,-12.70043138223787,-12.70043138223824,.3719481320163531E-12
711,-3.457802233315306,25.38515788140483,-12.69257894070242,-12.69257894070234,-.7919099404007923E-13
712,-3.604117058504926,25.30452593772984,-12.65226296886492,-12.65226296886513,.2064433693438339E-12
713,-3.343197429516295,25.44341396003096,-12.72170698001548,-12.72170698001570,.2213368377468328E-12
714,-3.896484208453330,25.28595564707082,-12.64297782353541,-12.64297782353550,.9130283334934930E-13
715,-2.561761328561261,25.25710238529181,-12.62855119264591,-12.62855119264542,-.4842168332963581E-12
716,-3.219301154171262,25.34519770256853,-12.67259885128426,-12.67259885128432,.5112837236920242E-13
717,-3.589967214005810,25.35759546286325,-12.67879773143163,-12.67879773143178,.1532159815686995E-12
718,-3.687181349450839,25.39264430648600,-12.69632215324300,-12.69632215324309,.8878228013875500E-13
719,-2.622101506451259,25.45573426899647,-12.72786713449824,-12.72786713449858,.3537378723272866E-12
720,-3.985342815352851,25.24337085759508,-12.62168542879754,-12.62168542879744,-.9539764811439255E-13
721,-3.864601546190144,25.36549419315317,-12.68274709657658,-12.68274709657620,-.3793224415127305E-12
722,-3.235285521228434,25.39311260557628,-12.69655630278814,-12.69655630278871,.5700613592285464E-12
723,-3.114628297902527,25.37041874349153,-12.68520937174577,-12.68520937174619,.4224606775515838E-12
724,-3.127751136828010,25.37146083559195,-12.68573041779598,-12.68573041779579,-.1947782213296279E-12
725,-3.524643171458592,25.30695590291648,-12.65347795145824,-12.65347795145828,.3948143895149414E-13
726,-2.650097096071477,25.41510236824134,-12.70755118412067,-12.70755118412092,.2457842956937739E-12
727,-2.576955368131166,25.41450491009664,-12.70725245504832,-12.70725245504858,.2529088050096107E-12
728,-3.895877875565930,25.35308433299119,-12.67654216649560,-12.67654216649551,-.8341591306582075E-13
729,-2.716660515652620,25.41434433740429,-12.70717216870215,-12.70717216870202,-.1254760184643544E-12
730,-3.096005329665786,25.39662271059318,-12.69831135529659,-12.69831135529640,-.1861288900784075E-12
731,-4.056849987928217,25.38210223911339,-12.69105111955670,-12.69105111955649,-.2058700432350236E-12
732,-2.860284562973902,25.32298529311694,-12.66149264655847,-12.66149264655838,-.8374290844104237E-13
733,-3.522837262400571,25.31382175592297,-12.65691087796148,-12.65691087796163,.1413938410799176E-12
734,-3.360924008450525,25.44832148632791,-12.72416074316395,-12.72416074316378,-.1797459750485508E-12
735,-3.807367547409740,25.26969851926115,-12.63484925963057,-12.63484925963064,.7575363947243119E-13
736,-3.833103214541552,25.28616748995788,-12.64308374497894,-12.64308374497940,.4569278982957670E-12
737,-2.311868097438492,25.33534010644897,-12.66767005322449,-12.66767005322446,-.3425298239490004E-13
738,-3.627012686221860,25.31109579904042,-12.65554789952021,-12.65554789952040,.1866198168221089E-12
739,-3.515957557989395,25.34218271328069,-12.67109135664035,-12.67109135664036,.1378931691053964E-13
740,-3.256978326360695,25.38805002559091,-12.69402501279546,-12.69402501279574,.2767707937834096E-12
741,-2.703459440312145,25.42337114552919,-12.71168557276459,-12.71168557276508,.4848040371929763E-12
742,-2.922178747961880,25.29820399505608,-12.64910199752804,-12.64910199752816,.1212207417777833E-12
743,-3.105713295375608,25.47021800027271,-12.73510900013635,-12.73510900013663,.2778454549767773E-12
744,-3.366774698512017,25.27945880921648,-12.63972940460824,-12.63972940460868,.4419572346980871E-12
745,-3.428782112579938,25.37643370346807,-12.68821685173403,-12.68821685173418,.1463005064317180E-12
746,-3.472408713885670,25.42297853198287,-12.71148926599144,-12.71148926599147,.3006969673258197E-13
747,-3.121031320573820,25.36117904514225,-12.68058952257112,-12.68058952257079,-.3295193978791744E-12
748,-3.442304298416275,25.39268078748370,-12.69634039374185,-12.69634039374202,.1747534408846896E-12
749,-3.885471696405602,25.31225273736243,-12.65612636868122,-12.65612636868085,-.3663215564220224E-12
750,-2.725314192199221,25.44637731893671,-12.72318865946835,-12.72318865946822,-.1263919524596702E-12
751,-3.560781006577599,25.37696485208255,-12.68848242604128,-12.68848242604119,-.8374464316451835E-13
752,-3.350195072016504,25.31599236922381,-12.65799618461190,-12.65799618461170,-.2037484764239039E-12
753,-3.261832038799184,25.37453833939849,-12.68726916969925,-12.68726916969921,-.3431456507829722E-13
754,-3.689323714872444,25.39484686331580,-12.69742343165790,-12.69742343165771,-.1923444042928324E-12
755,-3.306965420554434,25.31544010854131,-12.65772005427065,-12.65772005427057,-.8228574072122186E-13
756,-2.689116481044039,25.34263664785697,-12.67131832392849,-12.67131832392807,-.4108848677963906E-12
757,-3.614243837419053,25.32169676802583,-12.66084838401291,-12.66084838401331,.3891453131954492E-12
758,-3.089316653946298,25.34245747757639,-12.67122873878820,-12.67122873878813,-.6472513497390864E-13
759,-3.497953108755610,25.32625430438075,-12.66312715219038,-12.66312715219044,.6429405619012840E-13
760,-2.991394393930022,25.36532579353362,-12.68266289676681,-12.68266289676659,-.2185144426514185E-12
761,-3.720793748139840,25.33644059107208,-12.66822029553604,-12.66822029553603,-.1289246487345963E-13
762,-3.242688958203871,25.36575335031847,-12.68287667515923,-12.68287667515906,-.1718260950189787E-12
763,-4.121973359551703,25.33465096431036,-12.66732548215518,-12.66732548215559,.4090824901048506E-12
764,-3.758592036680170,25.24911594813005,-12.62455797406503,-12.62455797406479,-.2414839161968274E-12
765,-2.908406232141715,25.38180342061101,-12.69090171030550,-12.69090171030529,-.2141316637893631E-12
766,-3.001829082772019,25.38790403318040,-12.69395201659020,-12.69395201659037,.1668925414533007E-12
767,-2.451566648884182,25.35918018524370,-12.67959009262185,-12.67959009262152,-.3244227803067545E-12
768,-3.451088774909294,25.37802196867966,-12.68901098433983,-12.68901098433964,-.1952292494333818E-12
769,-3.363088772126503,25.33548264633243,-12.66774132316621,-12.66774132316611,-.1045647943231920E-12
770,-3.191864755644929,25.33113750783663,-12.66556875391832,-12.66556875391796,-.3547440119433531E-12
771,-3.130319146173861,25.38345377992671,-12.69172688996335,-12.69172688996315,-.2056670805883343E-12
772,-3.549618026445387,25.37334352340283,-12.68667176170142,-12.68667176170147,.5313631479264558E-13
773,-2.952197407194035,25.38423427149898,-12.69211713574949,-12.69211713574943,-.6201636426617085E-13
774,-3.224031627121803,25.31594598871629,-12.65797299435815,-12.65797299435791,-.2348399252838362E-12
775,-3.152265674485534,25.34228154310724,-12.67114077155362,-12.67114077155344,-.1792637219222293E-12
776,-3.636080622407462,25.38271104134129,-12.69135552067064,-12.69135552067025,-.3968613632165940E-12
777,-3.342396511343395,25.34514411234046,-12.67257205617023,-12.67257205617040,.1731375459668172E-12
778,-3.120723766818628,25.26394958899798,-12.63197479449899,-12.63197479449891,-.8388775785128644E-13
779,-3.205652152882976,25.37863410109886,-12.68931705054943,-12.68931705054946,.3379935220593211E-13
780,-3.728746831977332,25.31509836023744,-12.65754918011872,-12.65754918011929,.5720736384606795E-12
781,-3.636421875718952,25.40317723807355,-12.70158861903678,-12.70158861903713,.3460495778817574E-12
782,-3.221961104587535,25.39312357863297,-12.69656178931648,-12.69656178931626,-.2169818144603930E-12
783,-3.252862347748305,25.42942262998086,-12.71471131499043,-12.71471131499038,-.5109627998489685E-13
784,-3.743933950423525,25.39704816910006,-12.69852408455003,-12.69852408455020,.1703697946608962E-12
785,-3.557277268962935,25.31920093153326,-12.65960046576663,-12.65960046576640,-.2329620871210913E-12
786,-3.657083867867186,25.29376904392810,-12.64688452196405,-12.64688452196458,.5322331117496581E-12
787,-3.215016572070454,25.31619381157450,-12.65809690578725,-12.65809690578736,.1049993425539242E-12
788,-3.066239802617929,25.39999285382179,-12.69999642691089,-12.69999642691058,-.3137923948459687E-12
789,-2.697132359229727,25.31196210402051,-12.65598105201025,-12.65598105201008,-.1653590459005372E-12
790,-2.832208480711415,25.40113153665493,-12.70056576832747,-12.70056576832757,.1097958529650001E-12
791,-3.074716021848872,25.39391045703863,-12.69695522851931,-12.69695522851965,.3378998469916183E-12
792,-3.078081203164402,25.37694668233097,-12.68847334116549,-12.68847334116562,.1407311767120945E-12
793,-3.916746972714463,25.30177486095161,-12.65088743047581,-12.65088743047590,.9727375155366147E-13
794,-2.526545399625320,25.38648786825492,-12.69324393412746,-12.69324393412736,-.9617393686989217E-13
795,-3.018824951308488,25.37290388470091,-12.68645194235046,-12.68645194235040,-.6026429355543428E-13
796,-3.600368992465519,25.32488938973443,-12.66244469486722,-12.66244469486760,.3886032121092065E-12
797,-2.587230660195928,25.36830144061938,-12.68415072030969,-12.68415072030952,-.1609459093776522E-12
798,-3.434804055374116,25.40081190548132,-12.70040595274066,-12.70040595274079,.1380128650252388E-12
799,-3.005647610814776,25.39072367789162,-12.69536183894581,-12.69536183894593,.1241663022399919E-12
800,-3.431490662482247,25.40978305905904,-12.70489152952952,-12.70489152952941,-.1140849567593527E-12
801,-3.629708241402113,25.36482334417141,-12.68241167208570,-12.68241167208541,-.2943201238281290E-12
802,-3.562152437449186,25.39988317884297,-12.69994158942148,-12.69994158942151,.2743118232562125E-13
803,-3.930040899882442,25.32892620829821,-12.66446310414911,-12.66446310414980,.7017633002481816E-12
804,-3.819512839007075,25.30452058667471,-12.65226029333736,-12.65226029333740,.4819582233306363E-13
805,-3.181770699708068,25.39390264684581,-12.69695132342290,-12.69695132342309,.1927225740105953E-12
806,-3.546857090521371,25.28553133926671,-12.64276566963336,-12.64276566963313,-.2294041692718629E-12
807,-3.480384540260275,25.33477993098640,-12.66738996549320,-12.66738996549317,-.2525974221456728E-13
808,-3.270291161870773,25.35237565321130,-12.67618782660565,-12.67618782660565,-.3884045862712071E-14
809,-3.072115183807909,25.40293516927621,-12.70146758463810,-12.70146758463814,.3619327060278010E-13
810,-3.147711750218150,25.38251160010643,-12.69125580005321,-12.69125580005353,.3117176655687004E-12
811,-3.283293972031970,25.39933653923118,-12.69966826961559,-12.69966826961555,-.3709879625724000E-13
812,-3.155806694048806,25.46126146875732,-12.73063073437866,-12.73063073437813,-.5265995972614235E-12
813,-3.499539783217188,25.38981677489975,-12.69490838744987,-12.69490838744960,-.2716611657849199E-12
814,-3.421791920616670,25.37458731636379,-12.68729365818189,-12.68729365818166,-.2265731005590688E-12
815,-2.878474790508335,25.32528049610747,-12.66264024805374,-12.66264024805341,-.3266154707803892E-12
816,-3.664147983448402,25.42261394156404,-12.71130697078202,-12.71130697078160,-.4252015406436271E-12
817,-3.050219793161887,25.41878952529379,-12.70939476264689,-12.70939476264703,.1310054495440305E-12
818,-2.993227886792738,25.33422829131330,-12.66711414565665,-12.66711414565658,-.7298762288998617E-13
819,-3.177959496133553,25.40616827397947,-12.70308413698974,-12.70308413699008,.3342100901582157E-12
820,-2.823456647121930,25.31425696540951,-12.65712848270475,-12.65712848270452,-.2361080081447753E-12
821,-2.682311341339300,25.41157163249056,-12.70578581624528,-12.70578581624551,.2272348975651539E-12
822,-3.846994252508011,25.34248510513740,-12.67124255256870,-12.67124255256859,-.1062630886061733E-12
823,-2.972692796649426,25.30643100086771,-12.65321550043386,-12.65321550043391,.5775067923874388E-13
824,-3.077163733867565,25.44737700013915,-12.72368850006957,-12.72368850006967,.9709247295042189E-13
825,-3.736800487655273,25.26556837758416,-12.63278418879208,-12.63278418879183,-.2458085818224376E-12
826,-3.440602869377472,25.34109909048833,-12.67054954524417,-12.67054954524415,-.1608522343099494E-13
827,-3.236516809087334,25.38996429686324,-12.69498214843162,-12.69498214843127,-.3525599950870983E-12
828,-2.845268917710200,25.26835534229583,-12.63417767114791,-12.63417767114805,.1413548098017081E-12
829,-3.368298910834710,25.37474615709514,-12.68737307854757,-12.68737307854767,.9218840968383546E-13
830,-2.687614904074053,25.41120502202268,-12.70560251101134,-12.70560251101172,.3755598262933368E-12
831,-3.097766744809633,25.30650554518392,-12.65325277259196,-12.65325277259204,.8283651542484449E-13
832,-3.857662175338191,25.30189450702541,-12.65094725351271,-12.65094725351290,.1917181691180048E-12
833,-3.814207749412162,25.35658638283331,-12.67829319141665,-12.67829319141678,.1229849555528517E-12
834,-2.843609747666051,25.41639644531267,-12.70819822265633,-12.70819822265626,-.7220266051710666E-13
835,-3.719472466982552,25.35505711000856,-12.67752855500428,-12.67752855500419,-.8789843852774482E-13
836,-1.830179731128737,25.42489894432214,-12.71244947216107,-12.71244947216106,-.8812395257962180E-14
837,-3.958844366916310,25.35205805141475,-12.67602902570737,-12.67602902570748,.1102772387295836E-12
838,-2.965640762031398,25.30781876886504,-12.65390938443252,-12.65390938443257,.4602047909418872E-13
839,-2.662706531509684,25.37814396731256,-12.68907198365628,-12.68907198365624,-.3589663288838807E-13
840,-2.933756484548212,25.37353677939617,-12.68676838969808,-12.68676838969797,-.1131985130631286E-12
841,-3.635865500975342,25.34268807505023,-12.67134403752512,-12.67134403752511,-.4914471607442294E-14
842,-3.848867833183249,25.35650094600247,-12.67825047300123,-12.67825047300102,-.2165516030383507E-12
843,-2.894733471162908,25.39457596038731,-12.69728798019366,-12.69728798019379,.1310557565248338E-12
844,-3.809499815872186,25.36369196480612,-12.68184598240306,-12.68184598240325,.1835996632504333E-12
845,-3.829533114972946,25.39940607347657,-12.69970303673828,-12.69970303673830,.7619772868228125E-14
846,-2.768226937951113,25.43576652390952,-12.71788326195476,-12.71788326195464,-.1205415975369384E-12
847,-2.846300751683884,25.39457802813199,-12.69728901406600,-12.69728901406592,-.6714160477594433E-13
848,-3.823917694155170,25.33826987928849,-12.66913493964424,-12.66913493964447,.2241358140753213E-12
849,-3.263579974787717,25.32916404297390,-12.66458202148695,-12.66458202148666,-.2909972610098954E-12
850,-3.237516103208691,25.31076766682930,-12.65538383341465,-12.65538383341448,-.1693627876830917E-12
851,-3.089689908403670,25.33762839983854,-12.66881419991927,-12.66881419991909,-.1791526996197668E-12
852,-3.435190642961970,25.31294669132821,-12.65647334566411,-12.65647334566438,.2665237822108146E-12
853,-3.932435835376964,25.38586806030231,-12.69293403015115,-12.69293403015105,-.1028031826333375E-12
854,-3.208451938102371,25.44868466034116,-12.72434233017058,-12.72434233017081,.2229830903255348E-12
855,-2.815437201450550,25.39493714604738,-12.69746857302369,-12.69746857302383,.1522618836569123E-12
856,-3.302993176854216,25.27494161890424,-12.63747080945212,-12.63747080945199,-.1365695750932261E-12
857,-2.561313786689425,25.36791271839968,-12.68395635919984,-12.68395635920000,.1578771835486492E-12
858,-3.437998250417877,25.39626314738434,-12.69813157369217,-12.69813157369260,.4369421491290382E-12
859,-3.577916985748743,25.34371405822812,-12.67185702911406,-12.67185702911400,-.5605672176445253E-13
860,-3.172885212348774,25.35845430152250,-12.67922715076125,-12.67922715076088,-.3695932448977146E-12
861,-3.291673557665490,25.47402948906261,-12.73701474453131,-12.73701474453134,.3437007622952848E-13
862,-3.878293357993243,25.32029251185872,-12.66014625592936,-12.66014625592908,-.2803174359300442E-12
863,-3.600367241928325,25.28177820101108,-12.64088910050554,-12.64088910050551,-.2676765059606012E-13
864,-3.490371358140237,25.40712685421715,-12.70356342710858,-12.70356342710829,-.2868590781579528E-12
865,-2.826075318785115,25.40979926546417,-12.70489963273209,-12.70489963273183,-.2557884459797322E-12
866,-3.132985594224010,25.32965349862482,-12.66482674931241,-12.66482674931201,-.4020785440705943E-12
867,-3.696918760673725,25.32965687592260,-12.66482843796130,-12.66482843796131,.1171111818631942E-13
868,-3.315950881013123,25.36834503934677,-12.68417251967338,-12.68417251967352,.1394179910407800E-12
869,-2.404075412614475,25.38633405730601,-12.69316702865300,-12.69316702865313,.1283088219006245E-12
870,-3.565340651242877,25.39774811148827,-12.69887405574414,-12.69887405574384,-.2934423537492847E-12
871,-2.899977591045172,25.44058732598451,-12.72029366299225,-12.72029366299202,-.2336368945532463E-12
872,-3.829198478357284,25.38436641412170,-12.69218320706085,-12.69218320706051,-.3375069321243096E-12
873,-3.168537178286442,25.32830815510806,-12.66415407755403,-12.66415407755432,.2906138871217046E-12
874,-2.597006673990109,25.39221282589787,-12.69610641294893,-12.69610641294892,-.8895661984809067E-14
875,-3.312917290764744,25.38700538256525,-12.69350269128263,-12.69350269128256,-.5885396336946513E-13
876,-4.199410788434761,25.33279013646851,-12.66639506823425,-12.66639506823411,-.1401361665598344E-12
877,-3.226658229647001,25.31751117468360,-12.65875558734180,-12.65875558734174,-.6930393758874942E-13
878,-3.703555221843999,25.28040155436397,-12.64020077718198,-12.64020077718226,.2736474241649134E-12
879,-3.643520050209190,25.32931612094590,-12.66465806047295,-12.66465806047302,.6672613850344788E-13
880,-3.423877101162361,25.33928865407360,-12.66964432703680,-12.66964432703701,.2107689023311821E-12
881,-3.655520438162966,25.36301954702133,-12.68150977351067,-12.68150977351073,.5770210698141653E-13
882,-3.133939228092459,25.38067401362545,-12.69033700681273,-12.69033700681276,.4121182561878101E-13
883,-3.764682499069750,25.37553082231965,-12.68776541115983,-12.68776541115991,.8542905965969183E-13
884,-3.081498634332092,25.39272510525392,-12.69636255262696,-12.69636255262680,-.1559308238086032E-12
885,-3.831700357150112,25.31417553342289,-12.65708776671144,-12.65708776671144,-.3148523108897905E-14
886,-3.723015346680768,25.40787479992340,-12.70393739996170,-12.70393739996161,-.9151533697515646E-13
887,-2.874350973070250,25.34259543530392,-12.67129771765196,-12.67129771765192,-.3787074820404968E-13
888,-3.476565223794751,25.35754276746946,-12.67877138373473,-12.67877138373459,-.1325710374810996E-12
889,-3.181440992433636,25.41353718862918,-12.70676859431459,-12.70676859431493,.3391124187013261E-12
890,-3.400199427302141,25.36410256589322,-12.68205128294661,-12.68205128294666,.5358907761987552E-13
891,-4.016954387763690,25.32838432649492,-12.66419216324746,-12.66419216324696,-.4958880528427301E-12
892,-3.513871987244784,25.38694643617535,-12.69347321808768,-12.69347321808812,.4442635495593983E-12
893,-3.611381814684137,25.34416756050408,-12.67208378025204,-12.67208378025192,-.1198468407848097E-12
894,-3.659146548996432,25.39231207728624,-12.69615603864312,-12.69615603864309,-.2995780706838147E-13
895,-3.515355809926405,25.37630489441110,-12.68815244720555,-12.68815244720580,.2517725611328459E-12
896,-3.440683967645782,25.42181952010733,-12.71090976005367,-12.71090976005365,-.1504265462193288E-13
897,-3.532029410875111,25.34341686281556,-12.67170843140778,-12.67170843140784,.6668450514002444E-13
898,-3.581205482885707,25.39807193534767,-12.69903596767383,-12.69903596767357,-.2678534477551509E-12
899,-2.554880676019820,25.32531451498770,-12.66265725749385,-12.66265725749397,.1129374371799940E-12
900,-3.104699105075269,25.34636160665375,-12.67318080332687,-12.67318080332715,.2772556489949451E-12
901,-3.597734019276686,25.31367765034276,-12.65683882517138,-12.65683882517149,.1095373791670795E-12
902,-3.829934827212128,25.32227545905001,-12.66113772952501,-12.66113772952466,-.3429314124336891E-12
903,-3.093301295171841,25.37448319100081,-12.68724159550040,-12.68724159550028,-.1243709996101572E-12
904,-3.682267917520903,25.34289986901442,-12.67144993450721,-12.67144993450717,-.4084926841230185E-13
905,-2.122423005995074,25.47040858365667,-12.73520429182833,-12.73520429182802,-.3159660033613676E-12
906,-3.452504794044216,25.31625754072764,-12.65812877036382,-12.65812877036349,-.3269901710512002E-12
907,-2.673273523541866,25.41358782446443,-12.70679391223221,-12.70679391223203,-.1908473379330644E-12
908,-3.236306922881340,25.29485959283680,-12.64742979641840,-12.64742979641824,-.1585294395756165E-12
909,-3.302135968757284,25.35027150401035,-12.67513575200518,-12.67513575200500,-.1726379456057359E-12
910,-3.756903711790073,25.39314124180933,-12.69657062090466,-12.69657062090446,-.2006450561253814E-12
911,-3.320804552837217,25.30584894508549,-12.65292447254275,-12.65292447254263,-.1122348741722234E-12
912,-3.628840129895252,25.38726732087365,-12.69363366043682,-12.69363366043683,.4999473057765158E-14
913,-3.628976597654400,25.30764206208557,-12.65382103104279,-12.65382103104315,.3622232722100271E-12
914,-3.879215331387059,25.29778737053671,-12.64889368526836,-12.64889368526851,.1585129597025947E-12
915,-2.939558439167740,25.39467079593355,-12.69733539796677,-12.69733539796669,-.7845980809495501E-13
916,-3.321572371871980,25.35897949751278,-12.67948974875639,-12.67948974875643,.3985353713709117E-13
917,-3.355325839889701,25.33481350307661,-12.66740675153831,-12.66740675153828,-.2257742603983814E-13
918,-3.639738680518349,25.35534649763490,-12.67767324881745,-12.67767324881739,-.6649542028114297E-13
919,-3.113144070994167,25.38269268943213,-12.69134634471606,-12.69134634471631,.2389425463045214E-12
920,-3.141644100051053,25.37797820712975,-12.68898910356488,-12.68898910356471,-.1698866741728366E-12
921,-3.156050430523464,25.35214734629086,-12.67607367314543,-12.67607367314535,-.7689075071093399E-13
922,-3.806726017843175,25.31802908262379,-12.65901454131190,-12.65901454131242,.5280879900038116E-12
923,-3.643050776307064,25.40178867369909,-12.70089433684955,-12.70089433684948,-.6035623389966105E-13
924,-2.620037383370800,25.39491736555653,-12.69745868277827,-12.69745868277829,.2230333973063381E-13
925,-3.826108928420581,25.32593384388676,-12.66296692194338,-12.66296692194286,-.5230390773269811E-12
926,-2.750058503137552,25.35676414201189,-12.67838207100595,-12.67838207100658,.6362020285588521E-12
927,-2.611676235110281,25.34982911671573,-12.67491455835786,-12.67491455835771,-.1595086909778054E-12
928,-3.252043722271992,25.33116069594053,-12.66558034797026,-12.66558034797034,.8052065958441545E-13
929,-3.636071496242494,25.36957036025157,-12.68478518012578,-12.68478518012620,.4230990557907433E-12
930,-3.236406147976595,25.36833325420346,-12.68416662710173,-12.68416662710175,.2308309793308538E-13
931,-3.946991479460848,25.37171986837044,-12.68585993418522,-12.68585993418536,.1357516529743030E-12
932,-3.662384250882951,25.33826129019970,-12.66913064509985,-12.66913064510014,.2963948531053973E-12
933,-.5889423165936023,25.46552357452127,-12.73276178726063,-12.73276178726083,.1994238107982937E-12
934,-3.666621332551586,25.31553156937855,-12.65776578468928,-12.65776578468911,-.1673392327483647E-12
935,-3.106393180372834,25.36279784389015,-12.68139892194507,-12.68139892194495,-.1223084133972208E-12
936,-3.246916932821478,25.38876395761009,-12.69438197880505,-12.69438197880538,.3363325243310733E-12
937,-3.759005517358673,25.32320944732164,-12.66160472366082,-12.66160472366055,-.2671335375126205E-12
938,-3.749058747140225,25.37217302230745,-12.68608651115372,-12.68608651115371,-.1506607338885857E-13
939,-2.932162845678249,25.43377297647585,-12.71688648823792,-12.71688648823786,-.6148553888252195E-13
940,-2.479430617617709,25.38525343780785,-12.69262671890392,-12.69262671890411,.1886529127359537E-12
941,-3.394291121214337,25.36083519562174,-12.68041759781087,-12.68041759781094,.7096146587004526E-13
942,-3.344546662061475,25.32279733068066,-12.66139866534033,-12.66139866534015,-.1718954839580178E-12
943,-3.503600832431403,25.38809865638047,-12.69404932819024,-12.69404932819039,.1532593496555990E-12
944,-2.531727817378851,25.38447450716490,-12.69223725358245,-12.69223725358233,-.1190011630902710E-12
945,-3.869813514102134,25.40177632396329,-12.70088816198164,-12.70088816198193,.2838614759914648E-12
946,-2.594082209989210,25.42982429363123,-12.71491214681562,-12.71491214681558,-.3959506333917062E-13
947,-3.240092885396734,25.37343066155995,-12.68671533077998,-12.68671533077988,-.9618000840205809E-13
948,-3.212626431024546,25.38893320560615,-12.69446660280308,-12.69446660280291,-.1661787027429362E-12
949,-3.764058312432098,25.32608915978178,-12.66304457989089,-12.66304457989081,-.7087039288755648E-13
950,-2.073843924532412,25.41251719840461,-12.70625859920231,-12.70625859920252,.2181588243388433E-12
951,-3.241738889770204,25.33598778266782,-12.66799389133391,-12.66799389133415,.2362866846628009E-12
952,-3.508466564459013,25.31546124267097,-12.65773062133549,-12.65773062133577,.2898731601974625E-12
953,-3.850127367506502,25.41118450651663,-12.70559225325831,-12.70559225325814,-.1782081426870974E-12
954,-2.565278551668598,25.44007396325652,-12.72003698162826,-12.72003698162828,.1429065199509694E-13
955,-3.521581565535598,25.44397092745269,-12.72198546372635,-12.72198546372655,.2085805486662373E-12
956,-3.028571667764481,25.44127476942699,-12.72063738471349,-12.72063738471340,-.9424405700286798E-13
957,-3.718883178378746,25.33327834491694,-12.66663917245847,-12.66663917245869,.2241869884178627E-12
958,-3.005910898587899,25.37548615370588,-12.68774307685294,-12.68774307685319,.2567347376358775E-12
959,-3.711780585981614,25.38142612560288,-12.69071306280144,-12.69071306280121,-.2318588029903701E-12
960,-3.424077238159953,25.32675563114558,-12.66337781557279,-12.66337781557271,-.8235166021330897E-13
961,-2.698683399122274,25.40521651357384,-12.70260825678692,-12.70260825678725,.3271584392283700E-12
962,-3.354572713271409,25.28605177049211,-12.64302588524605,-12.64302588524617,.1141586825070817E-12
963,-3.453264795749419,25.38327850324631,-12.69163925162315,-12.69163925162279,-.3583049655586645E-12
964,-2.494222493347479,25.44072060470417,-12.72036030235208,-12.72036030235223,.1392679374601080E-12
965,-3.635735945505076,25.36429446808767,-12.68214723404384,-12.68214723404360,-.2364983209268701E-12
966,-3.847582615440842,25.35703257428277,-12.67851628714138,-12.67851628714199,.6107146038880629E-12
967,-3.121771247679135,25.39263555560393,-12.69631777780197,-12.69631777780179,-.1826403611682181E-12
968,-3.142034773531122,25.37646856407829,-12.68823428203915,-12.68823428203899,-.1539567084929416E-12
969,-3.738755269896501,25.31139250458295,-12.65569625229148,-12.65569625229136,-.1159584581134077E-12
970,-2.634264832428016,25.41875195715162,-12.70937597857581,-12.70937597857620,.3893968480994658E-12
971,-2.811065803029123,25.35320995091271,-12.67660497545636,-12.67660497545663,.2833384568634578E-12
972,-3.407997936705215,25.31377507868800,-12.65688753934400,-12.65688753934384,-.1473170543886404E-12
973,-1.850432764458674,25.39414374470086,-12.69707187235043,-12.69707187235042,-.6911138328291599E-14
974,-3.324440598858928,25.34844429441100,-12.67422214720550,-12.67422214720543,-.6845392308552078E-13
975,-2.908364012668244,25.45641260180105,-12.72820630090053,-12.72820630090031,-.2170789589750477E-12
976,-3.097224444878520,25.39223331744986,-12.69611665872493,-12.69611665872475,-.1812664601752445E-12
977,-3.736486774527293,25.35058607596871,-12.67529303798436,-12.67529303798444,.8619927688302553E-13
978,-3.061406222404912,25.36243193402967,-12.68121596701484,-12.68121596701476,-.7584991662534790E-13
979,-3.106484905903926,25.41033205040822,-12.70516602520411,-12.70516602520410,-.1405472960236409E-13
980,-3.384307876503954,25.35618976878152,-12.67809488439076,-12.67809488439119,.4230539529803679E-12
981,-2.734592986977077,25.47650043392558,-12.73825021696279,-12.73825021696282,.3261800551879190E-13
982,-3.280696294998052,25.39912123771180,-12.69956061885590,-12.69956061885548,-.4225821081949022E-12
983,-3.247075370940365,25.37357297463068,-12.68678648731534,-12.68678648731559,.2510726002102892E-12
984,-3.435309647631584,25.28533559295576,-12.64266779647788,-12.64266779647748,-.4043518991858619E-12
985,-3.386654610018013,25.36071200925331,-12.68035600462666,-12.68035600462713,.4708317069557211E-12
986,-2.909920063673781,25.31286919406643,-12.65643459703322,-12.65643459703302,-.1963160536910813E-12
987,-3.095579723485571,25.37228085394447,-12.68614042697223,-12.68614042697217,-.6117675810379808E-13
988,-3.588178983078251,25.40582492703139,-12.70291246351569,-12.70291246351577,.7765316167862579E-13
989,-3.253677995933685,25.32475521012442,-12.66237760506221,-12.66237760506207,-.1413851674625377E-12
990,-3.745540669219736,25.39173881752032,-12.69586940876016,-12.69586940876019,.2833844270355712E-13
991,-1.854608805006137,25.44434898768616,-12.72217449384308,-12.72217449384334,.2596395320964007E-12
992,-3.630853133867276,25.34447260899743,-12.67223630449872,-12.67223630449872,.1594210874422686E-14
993,-3.136351543013006,25.31326582094114,-12.65663291047057,-12.65663291047094,.3694145683796890E-12
994,-2.683415641523197,25.35280712815399,-12.67640356407700,-12.67640356407695,-.4548791898706384E-13
995,-3.099231004114699,25.35756290033552,-12.67878145016776,-12.67878145016811,.3492536121418865E-12
996,-3.921772345043792,25.30273789064798,-12.65136894532399,-12.65136894532422,.2336568438732201E-12
997,-3.486799285914458,25.36300995915906,-12.68150497957953,-12.68150497957964,.1061182391959292E-12
998,-3.192389072450169,25.38977063707337,-12.69488531853668,-12.69488531853625,-.4283448595820971E-12
999,-3.606274108107755,25.38180311163604,-12.69090155581802,-12.69090155581826,.2388688205567924E-12
1000,-3.464510068271920,25.37954678928040,-12.68977339464020,-12.68977339464018,-.2435985441140431E-13
