id,stability,max_real_part,max_kappa_in,min_kappa_in,max_kappa_out,min_kappa_out
1,stable,-10.00000000000000,3.016036192217143,-3.177478935569525,3.112384830958035,-2.039191193498482
2,stable,-10.00000000000000,2.818439044523984,-2.304613345106191,2.937252868327050,-1.647535564145073
3,stable,-10.00000000000000,3.402369941846700,-3.766679831431247,3.179611639003269,-1.736834117764374
4,stable,-10.00000000000000,5.723907526145922,-4.829217495542252,2.763426010991680,-1.278027844222379
5,stable,-10.00000000000000,2.853735954355216,-4.605116374761565,2.532559425337240,-1.172568746085744
6,stable,-10.00000000000000,3.956819275510497,-3.322035959456116,2.852113377361093,-1.153448498138459
7,stable,-10.00000000000000,3.759023612743476,-3.434688492998248,2.877593405224616,-1.242353169174748
8,stable,-10.00000000000000,2.631510357944535,-3.298974413628457,2.988274767325493,-1.397976258227573
9,stable,-10.00000000000000,3.523362351217656,-2.560779915773310,2.762066521841916,-1.172651045613748
10,stable,-10.00000000000000,2.804084581410279,-3.158659592736512,2.653442825743696,-1.717792175833893
11,stable,-10.00000000000000,3.366450381276081,-5.100122921518050,3.228212326765060,-1.318082096753642
12,stable,-10.00000000000000,3.451548548502615,-2.958855864417274,3.220784100485616,-1.470904498652089
13,stable,-10.00000000000000,2.821032758569345,-3.045479462860385,2.409310872113565,-1.642653930219240
14,stable,-10.00000000000000,5.061551059887279,-4.680205239215866,3.083680704221479,-1.421455587433229
15,stable,-10.00000000000000,3.971919796415023,-3.482743751403177,2.903804524044972,-1.671581253227487
16,stable,-10.00000000000000,4.584790721288300,-2.866878147106036,2.941779506389139,-1.385842427489479
17,stable,-10.00000000000000,2.772614841844188,-4.426437895090203,3.467390349916968,-1.613504509266932
18,stable,-10.00000000000000,4.035995825543068,-6.802377553656697,2.940016297274269,-1.558360804687254
19,stable,-10.00000000000000,3.492449740348093,-1.851724974595527,2.839419464813545,-1.742420101771131
20,stable,-10.00000000000000,3.606338173529366,-4.103024357464164,2.803555685037281,-1.459237755276263
21,stable,-10.00000000000000,4.111464618501486,-3.049539084109711,2.600328121299754,-2.050386388931656
22,stable,-10.00000000000000,2.849843422969570,-3.864765164558776,2.658842078788439,-1.744666234619217
23,stable,-10.00000000000000,3.313821204617852,-3.137598610017449,2.715925473254174,-1.121735908136543
24,stable,-10.00000000000000,3.293480350417667,-2.761699722381309,2.822084267798346,-1.310722727677785
25,stable,-10.00000000000000,3.125057266122894,-2.515358906559413,2.610822559266126,-1.806427538846037
26,stable,-10.00000000000000,3.631533441541251,-5.930985056649661,3.063563156392775,-1.866989301515787
27,stable,-10.00000000000000,3.181818489116267,-3.052938219232601,3.480167651810916,-1.551496380358003
28,stable,-10.00000000000000,2.994737019587774,-2.833746944583254,2.898196807160275,-1.574434786998609
29,stable,-10.00000000000000,3.121025988250040,-3.755523910542252,2.941692402353510,-1.316216437997355
30,stable,-10.00000000000000,3.181649224105058,-2.076949787733611,2.890870391580393,-2.001864570403995
31,stable,-10.00000000000000,6.821094169325079,-5.020470342511544,3.458008229965344,-1.262905002175103
32,stable,-10.00000000000000,3.575826251006220,-3.164185451489175,3.392550889126142,-1.282703612610931
33,stable,-10.00000000000000,4.195529385237023,-4.786157240276225,2.958190397445833,-1.311512838627095
34,stable,-10.00000000000000,2.895614611177734,-2.101955964790250,2.777245992590906,-1.358277788327541
35,stable,-10.00000000000000,3.127736763879511,-2.119013347721193,3.103662492358126,-1.566364024765790
36,stable,-10.00000000000000,3.088530629844172,-3.708279546437552,2.992778136765992,-1.314277637663508
37,stable,-10.00000000000000,3.475712669780478,-3.124798316217493,2.843063596810680,-1.686919730389491
38,stable,-10.00000000000000,3.740619195101317,-2.953216330672149,2.817544024110248,-1.347449975688505
39,stable,-10.00000000000000,5.953176238166634,-3.118448457506020,2.747400261592702,-1.312189297881559
40,stable,-10.00000000000000,4.127890711766668,-3.484355415537721,3.029267452482600,-1.324785493197851
41,stable,-10.00000000000000,3.021932638424914,-2.763048896624241,2.867663595752674,-1.266746253706515
42,stable,-10.00000000000000,4.708170782570960,-2.969486517831683,2.935948506920795,-1.130196589976549
43,stable,-10.00000000000000,2.433320895195720,-4.443157544505084,2.824527684802888,-1.605143408727599
44,stable,-10.00000000000000,3.338303335782257,-4.305040742969140,3.059570096622338,-1.559754348250863
45,stable,-10.00000000000000,3.798652112309355,-2.853977359831333,3.468599091662327,-1.192711842290009
46,stable,-10.00000000000000,3.138635835552122,-3.548057840118418,2.804789019181044,-1.417497198039200
47,stable,-10.00000000000000,3.724851670063799,-3.052780362660997,3.094348896818701,-1.259440852809348
48,stable,-10.00000000000000,3.241869436460547,-4.207188177490025,2.871879549420555,-1.362848900593235
49,stable,-10.00000000000000,3.042419038091793,-3.871874046715675,2.615785321395379,-1.295458048582077
50,stable,-10.00000000000000,2.546910522156395,-2.198350851540454,2.854970237749512,-1.756916870406712
51,stable,-10.00000000000000,2.972988767549396,-2.364372664917028,2.858941760641756,-1.510397504665889
52,stable,-10.00000000000000,2.626454360317439,-4.524995309970109,2.884503700479399,-1.264754005474970
53,stable,-10.00000000000000,2.672380209176481,-4.552422483946430,2.750679245931678,-1.639216430930901
54,stable,-10.00000000000000,5.577919776100316,-4.794276904227445,2.526454403559910,-1.279937915503979
55,stable,-10.00000000000000,3.579861377773341,-2.562690454986296,3.290544463379774,-1.337670734224957
56,stable,-10.00000000000000,4.919880426692544,-3.265246752125677,2.696035620690964,-1.591119808974327
57,stable,-10.00000000000000,2.866151315956813,-2.749221308753476,2.812594573013484,-1.278492080811702
58,stable,-10.00000000000000,2.969151999626774,-3.886328961612890,3.305612197960727,-1.259376335889101
59,stable,-10.00000000000000,3.193557817372493,-2.772452731922385,2.863827452238183,-1.340535446965077
60,stable,-10.00000000000000,3.268848470048397,-3.278423346157069,2.692517598363338,-1.462965876358794
61,stable,-10.00000000000000,4.089095814444590,-4.440856234054081,2.686795861678547,-1.452978933230042
62,stable,-10.00000000000000,4.560512728639878,-3.349371531832730,3.191716772096697,-1.313735573072336
63,stable,-10.00000000000000,4.534092077112291,-4.781650680233724,2.833416664769175,-1.174624279074123
64,stable,-10.00000000000000,3.244886574437260,-2.509187264528009,2.578653616656084,-1.332292263658019
65,stable,-10.00000000000000,3.522352941508871,-3.891347713157302,3.059745087637566,-1.337828621075460
66,stable,-10.00000000000000,2.850808703340590,-5.976233892841265,3.153859723039204,-1.209350460507267
67,stable,-10.00000000000000,4.427238387434045,-4.194503120408626,2.947575383412186,-1.284821409091819
68,stable,-10.00000000000000,3.443967533734394,-2.592161547552678,2.762611301470315,-1.405826869886369
69,stable,-10.00000000000000,2.921024848361412,-3.068143330572639,3.092578254931141,-1.336812887115229
70,stable,-10.00000000000000,4.785635233623907,-3.969747038674541,2.828824976233591,-1.397698290646076
71,stable,-10.00000000000000,2.907337128592189,-2.656720405066153,3.123649258066507,-1.316083749756217
72,stable,-10.00000000000000,2.853644235692627,-3.589283785229782,2.767558511899551,-1.735726647384581
73,stable,-10.00000000000000,3.268974642967805,-5.417387834153487,3.620363615686074,-1.465655192456325
74,stable,-10.00000000000000,3.231553532459657,-3.951451648521470,2.996695619396633,-1.385097239166498
75,stable,-10.00000000000000,2.994723863506806,-4.757005035411566,3.079215286590625,-1.536795777879888
76,stable,-10.00000000000000,5.957968220580369,-2.902557935216464,3.126161338484962,-1.316135734319687
77,stable,-10.00000000000000,3.315194771741517,-2.466078847370227,2.424376122653484,-1.407714367189328
78,stable,-10.00000000000000,3.186352332297247,-3.941411382082151,2.921704285105079,-1.540174319794460
79,stable,-10.00000000000000,4.523888484312920,-5.987691423491924,3.233380020887125,-1.553712769644335
80,stable,-10.00000000000000,3.809418955934234,-4.111422091446002,2.780480879358947,-1.630515028664377
81,stable,-10.00000000000000,3.753968582372181,-2.587996455928078,3.579495845900965,-1.449280349246692
82,stable,-10.00000000000000,2.929576256006840,-2.302928248920580,2.838810672322325,-1.308296588039184
83,stable,-10.00000000000000,3.129842473426834,-3.787806880165590,2.898468731167668,-1.575680569221731
84,stable,-10.00000000000000,4.736868843276170,-2.696614461194258,2.674395243462641,-1.513763595896307
85,stable,-10.00000000000000,3.895876277616480,-3.203188013678300,2.902292047321680,-1.334461776394164
86,stable,-10.00000000000000,3.346831836504862,-2.124198553428869,3.057799224276096,-1.451487155965879
87,stable,-10.00000000000000,3.098922315563868,-2.121476843225537,3.166324891673867,-1.489513665339473
88,stable,-10.00000000000000,2.973538798512891,-2.718704679966322,2.680206912933500,-1.523390722461045
89,stable,-10.00000000000000,2.866529286169680,-3.986606860300526,3.068829728261335,-1.952012287772959
90,stable,-10.00000000000000,3.592491395902471,-4.550091222787159,3.245799012817770,-1.410889087477699
91,stable,-10.00000000000000,4.616531086678151,-3.515070468332851,3.238092637737282,-1.519545688934159
92,stable,-10.00000000000000,2.812115080159856,-4.431509692381951,3.597926002461463,-1.197244075454364
93,stable,-10.00000000000000,3.124010725005064,-4.767604213790037,2.469348737067776,-1.462454707441793
94,stable,-10.00000000000000,3.958295590447960,-6.141140704974532,3.181046104175039,-1.665477592614479
95,stable,-10.00000000000000,3.436546216664283,-4.398337886028457,2.834170276299119,-1.437246894434793
96,stable,-10.00000000000000,4.811635981895961,-4.219630677645910,2.879009566087916,-1.414836727779630
97,stable,-10.00000000000000,2.912006407568697,-2.427301570627606,2.596731208112033,-1.327339130381006
98,stable,-10.00000000000000,2.945320054946933,-2.079585534287617,2.876209770591231,-1.825859630334890
99,stable,-10.00000000000000,4.603744717256632,-3.008975104588899,2.731150266702571,-1.286563035435393
100,stable,-10.00000000000000,3.944836097653024,-3.297498006068054,2.926555329380790,-1.449605350182537
101,stable,-10.00000000000000,4.790237777837319,-2.875520659683389,2.841212297673337,-1.152979828417301
102,stable,-10.00000000000000,3.382245318092373,-4.502777698857244,2.976443643317907,-1.949275813065469
103,stable,-10.00000000000000,3.506778990456951,-3.618868036894128,3.231447400765319,-1.833562335566967
104,stable,-10.00000000000000,2.946004932455253,-3.013143379401299,2.972325126514079,-1.543387190438807
105,stable,-10.00000000000000,5.124625898868544,-4.552342973169289,3.471282839294872,-1.568061183512327
106,stable,-10.00000000000000,4.747442865278572,-6.212313696101774,3.022919022594579,-1.552111141143541
107,stable,-10.00000000000000,4.238482488537556,-6.243560034403345,3.255144930211827,-2.117645051490399
108,stable,-10.00000000000000,3.031370116863400,-2.358705645950977,3.230479090241715,-1.376603532582521
109,stable,-10.00000000000000,2.971931307401974,-2.048632651101798,3.016225961230703,-1.393565692152151
110,stable,-10.00000000000000,3.130034749163315,-5.432537901739124,2.752568865689682,-1.234834974513660
111,stable,-10.00000000000000,3.350847700887243,-4.391238426207565,2.893327958678128,-1.467207726702327
112,stable,-10.00000000000000,3.422936018891050,-3.824537188978866,3.696506018459331,-1.284744794014841
113,stable,-10.00000000000000,2.737595374055672,-2.046863841474988,3.080425755862962,-1.183707164600492
114,stable,-10.00000000000000,2.909833907731809,-3.254374656040454,3.525588801457161,-1.377296541439136
115,stable,-10.00000000000000,4.733328188827727,-3.535857393551851,2.514530730957631,-1.434117806958966
116,stable,-10.00000000000000,2.781650859091314,-3.619984383563860,2.755724594637286,-1.551354399940465
117,stable,-10.00000000000000,3.196275606824202,-3.087953162990743,3.332206313105416,-1.993956516671460
118,stable,-10.00000000000000,3.559325871057808,-3.824307459522970,3.470711975591257,-2.041700943249452
119,stable,-10.00000000000000,3.898671555332839,-3.680145437581814,3.096982601331547,-1.506480498064775
120,stable,-10.00000000000000,3.565869476122316,-3.502887654321967,3.167217750698910,-1.121191106096376
121,stable,-10.00000000000000,3.029416130575555,-2.351319407447590,2.803540898945357,-1.515077726449817
122,stable,-10.00000000000000,3.066113455031882,-2.929952610866167,2.957033088037861,-1.359481676045107
123,stable,-10.00000000000000,2.933229593720171,-3.004137189709581,2.934388421592303,-1.250922917737626
124,stable,-10.00000000000000,3.466896243706287,-3.938443746417761,2.947446155798389,-1.509335825190647
125,stable,-10.00000000000000,2.999522113270359,-5.506427131040255,3.104857969999102,-1.186490334570408
126,stable,-10.00000000000000,2.784482895454857,-3.246772178797983,2.782710224622861,-1.314592665235978
127,stable,-10.00000000000000,2.577295735014332,-2.226252844324335,2.985003105190117,-1.468114594466897
128,stable,-10.00000000000000,4.272887005907251,-5.035779803321930,3.245560052833753,-1.638473886996508
129,stable,-10.00000000000000,2.709854230575729,-2.751665044721449,2.941014343668940,-1.436555119231343
130,stable,-10.00000000000000,3.114716969153960,-3.292338975617895,2.790618094542879,-1.442633895378094
131,stable,-10.00000000000000,3.159911043127067,-2.658222583195311,2.665134297247278,-1.422423308198631
132,stable,-10.00000000000000,2.745151665178128,-2.270430685952306,2.820119480616995,-1.178258667234331
133,stable,-10.00000000000000,3.078609520802274,-3.708791127734003,2.727872646384640,-1.239547116565518
134,stable,-10.00000000000000,2.699134138907539,-3.153211626951816,2.270924032636685,-1.529823674005456
135,stable,-10.00000000000000,2.873169993556075,-1.954895482645952,2.591393837356009,-1.408297227608273
136,stable,-10.00000000000000,3.149972270664875,-3.079198974155588,3.032048782173661,-1.355712491887971
137,stable,-10.00000000000000,4.100627960258862,-3.805496217973996,2.812771325785434,-1.324744497876964
138,stable,-10.00000000000000,3.014228233048925,-3.208606779415277,2.618989419424906,-1.654243599536130
139,stable,-10.00000000000000,3.337077367134043,-4.456209208714426,3.282159521719223,-1.278540489714942
140,stable,-10.00000000000000,3.066998531750869,-3.472852183156647,2.881819326255936,-1.188004853309621
141,stable,-10.00000000000000,3.730796371644828,-5.295472519748728,2.870709750815877,-1.567948142997921
142,stable,-10.00000000000000,3.042384129308630,-5.549769206292694,2.839784686324265,-1.384919284377247
143,stable,-10.00000000000000,3.486923325515818,-3.126029905877658,2.996180717644165,-1.369302838604199
144,stable,-10.00000000000000,4.148776359099429,-5.479041735641658,2.811470755870687,-1.520029284060001
145,stable,-10.00000000000000,2.849201500124764,-2.966772398795001,2.883468756917864,-1.400321842389531
146,stable,-10.00000000000000,2.852270965653588,-3.274636916583404,2.784336867793172,-1.346579687902704
147,stable,-10.00000000000000,3.366566451848485,-2.766132224278408,3.203230442350105,-1.546928513649618
148,stable,-10.00000000000000,2.822556458952022,-5.199304441019194,3.304809685214423,-1.362106426910032
149,stable,-10.00000000000000,2.873695602349471,-1.835371219323861,2.665214353764895,-1.362422865175176
150,stable,-10.00000000000000,2.723510142910527,-3.488918585208012,2.692141305000405,-1.304584644742135
151,stable,-10.00000000000000,5.496380615062662,-3.247449389251415,2.980330280835915,-1.342155302118044
152,stable,-10.00000000000000,4.733669663255569,-3.761417346540838,2.805340513586998,-1.500802519511126
153,stable,-10.00000000000000,2.929090904886834,-3.890926510677673,3.036143561017525,-1.204286255291663
154,stable,-10.00000000000000,2.927639728848590,-3.095589868782554,2.942704214699916,-1.285433402692433
155,stable,-10.00000000000000,3.215379457047675,-2.370390579977538,2.837915201882424,-1.287520665675402
156,stable,-10.00000000000000,4.378287012805231,-5.385418959514936,3.129322340915678,-1.496682887918723
157,stable,-10.00000000000000,3.224537267233245,-2.338935468433192,3.075266665437084,-1.308988773263991
158,stable,-10.00000000000000,3.283832549728686,-3.952751414573868,3.244467433265527,-1.145106173120439
159,stable,-10.00000000000000,3.789808279427234,-1.640252489611157,2.931206473411294,-1.549512572029926
160,stable,-10.00000000000000,3.515411135362228,-3.244561434781644,2.800216195893881,-1.487841880531050
161,stable,-10.00000000000000,2.799052456175559,-4.383150196517818,2.630473582219565,-1.264938914893719
162,stable,-10.00000000000000,2.756115736352513,-2.364906151371542,2.887327836346230,-1.210798738524318
163,stable,-10.00000000000000,2.825083001728672,-2.558372373750899,2.781442575796973,-1.251040321774781
164,stable,-10.00000000000000,3.866429439513013,-4.655446367600234,2.610688221495366,-1.930394705414074
165,stable,-10.00000000000000,2.778059029398719,-3.915462385732098,2.851323895425594,-1.648336985701462
166,stable,-10.00000000000000,3.105176223878516,-3.689352917775977,2.959583531715907,-1.305459200317273
167,stable,-10.00000000000000,2.903384389195708,-3.482539878343232,3.143688048658078,-1.593224584241398
168,stable,-10.00000000000000,3.970554706000257,-3.813806357429712,2.879168081402895,-1.329586014384404
169,stable,-10.00000000000000,2.842840595461894,-3.469459175219527,2.864476681657834,-1.300503000384197
170,stable,-10.00000000000000,3.862412937683985,-4.222849432495423,2.816228213494469,-1.453195143738412
171,stable,-10.00000000000000,3.200412962265546,-2.882125202551833,2.935898361640284,-1.469568844884634
172,stable,-10.00000000000000,7.259997801113059,-3.013499187800335,2.864397837372962,-1.297581601444108
173,stable,-10.00000000000000,2.920054105430609,-1.584471508132992,2.606780532660196,-1.165243285504403
174,stable,-10.00000000000000,3.321247920772294,-3.074646289169323,3.224114436467062,-1.259982835050323
175,stable,-10.00000000000000,3.469850499430322,-3.131803505850257,2.774119468827848,-1.525533151158015
176,stable,-10.00000000000000,3.327376160479616,-4.532916871103225,2.884081966862141,-1.294236783665838
177,stable,-10.00000000000000,2.964693308080314,-2.913124205122585,2.827409747762431,-1.231826211034786
178,stable,-10.00000000000000,2.945576333411736,-3.477346504863817,3.223252039970248,-1.435901293857569
179,stable,-10.00000000000000,2.928024387307232,-3.101911220132024,2.828677204830456,-1.649292813875945
180,stable,-10.00000000000000,3.259222661633430,-3.996926818595966,4.308228966126990,-1.213374810293317
181,stable,-10.00000000000000,2.661901914310874,-2.314092835586052,3.484747489506844,-1.650572411846952
182,stable,-10.00000000000000,2.996903375096736,-2.387646238887100,2.989694799836798,-1.279895867570303
183,stable,-10.00000000000000,2.807805569085758,-3.304536827257834,3.006520356662804,-1.391299812123179
184,stable,-10.00000000000000,3.071478613099316,-3.080347992479801,2.524749967400567,-1.943503275659168
185,stable,-10.00000000000000,2.749074655774166,-3.173170988389757,3.090610024461057,-1.616711933893384
186,stable,-10.00000000000000,2.710239153035218,-2.760586783231702,3.009652363485657,-1.858163476477785
187,stable,-10.00000000000000,2.851159567484501,-2.396072915114928,2.815214669382840,-1.304004703561077
188,stable,-10.00000000000000,4.139061917579966,-3.599804610479623,2.854021526465658,-1.323044866196597
189,stable,-10.00000000000000,3.494696021982236,-3.953731833229540,2.707530284045788,-1.513081934303045
190,stable,-10.00000000000000,6.457970526826102,-3.234630552557064,2.933169055497274,-1.237492712039966
191,stable,-10.00000000000000,3.128891635686159,-3.599998839592445,2.746213230733701,-1.479310196475126
192,stable,-10.00000000000000,2.705969858099706,-4.068563858614652,2.678771737788338,-1.761671171523631
193,stable,-10.00000000000000,3.317115657235263,-2.556560480777989,3.485583086032420,-1.378783221342019
194,stable,-10.00000000000000,3.100308996319654,-4.537714941936429,2.438527294434607,-1.620389659026841
195,stable,-10.00000000000000,4.363455481128767,-4.109103114125901,3.127086507098284,-1.272184553323314
196,stable,-10.00000000000000,3.850434860927635,-2.160603318887297,3.208999775124539,-1.267842101806309
197,stable,-10.00000000000000,3.450313680747058,-3.398513901876868,2.806482129346477,-1.376111703895731
198,stable,-10.00000000000000,3.073970815545181,-4.674062537291320,3.094467423718015,-1.293734660299378
199,stable,-10.00000000000000,3.538019875530154,-3.930498541041743,3.191462452436099,-1.758517015870893
200,stable,-10.00000000000000,3.840837714233203,-3.162676372376154,2.752116519433912,-1.599886178970337
201,stable,-10.00000000000000,3.070156631889404,-6.460865525848931,2.889403361536097,-1.818709428900547
202,stable,-10.00000000000000,2.757643483870197,-1.987460264291258,3.464773741550744,-1.456991575658321
203,stable,-10.00000000000000,2.717700526205590,-3.232200663289404,2.662692906538723,-1.669283318420639
204,stable,-10.00000000000000,4.098496570717543,-3.275133357004961,3.055890253977850,-1.408625082869548
205,stable,-10.00000000000000,2.669198250339832,-3.895963410730474,2.990919760748511,-1.404410759540042
206,stable,-10.00000000000000,2.844218388840090,-3.135916249375441,3.047449406643864,-1.435910679399967
207,stable,-10.00000000000000,3.471943127922714,-4.147189709881786,2.911496155575151,-1.675686415287601
208,stable,-10.00000000000000,3.117008569242898,-2.848047774547013,2.889542771285051,-1.805792332132114
209,stable,-10.00000000000000,3.011240570252085,-1.939019519777503,2.813961193955038,-1.322182126343250
210,stable,-10.00000000000000,3.803272543998901,-2.888297669473104,2.868064021546161,-1.261439582231105
211,stable,-10.00000000000000,2.757688875135500,-4.060665238357615,2.730281993121025,-1.110762065742165
212,stable,-10.00000000000000,3.631459564479883,-3.472623068635585,3.102334030001657,-1.454203404777218
213,stable,-10.00000000000000,2.922414431057405,-3.541624267498264,3.081389160265644,-1.567382841458311
214,stable,-10.00000000000000,2.970917169688619,-3.071869733903441,2.757987346740265,-1.210281844269048
215,stable,-10.00000000000000,2.818178308341885,-2.734489545880933,3.231833604784697,-1.393672370992135
216,stable,-10.00000000000000,2.905589013229473,-4.431511381742894,3.045206702736323,-1.180449975712691
217,stable,-10.00000000000000,4.205515237757936,-3.560198656676221,2.881051373909941,-1.230639338493347
218,stable,-10.00000000000000,4.195002767315600,-2.010014463186963,2.815369136224035,-1.201538832843653
219,stable,-10.00000000000000,3.553607738576829,-3.166093429259490,3.731996042268293,-1.440694829187123
220,stable,-10.00000000000000,3.094593385467306,-2.382861394376960,3.058986706208088,-1.222615626527841
221,stable,-10.00000000000000,2.937323045800440,-2.278834072378231,2.667890264972812,-1.547552515461575
222,stable,-10.00000000000000,3.389774366180063,-6.336006956771598,2.949509873040370,-1.620524132325954
223,stable,-10.00000000000000,3.953430315974401,-3.368037336651469,2.769234817824326,-1.657552885895711
224,stable,-10.00000000000000,4.373915339674568,-3.960625166146201,3.231655262497952,-1.139304970391095
225,stable,-10.00000000000000,2.926923949860793,-5.508460945100524,2.942055445280857,-1.363568727363599
226,stable,-10.00000000000000,2.883742315229028,-3.526124844327569,3.188687996007502,-1.667572116231895
227,stable,-10.00000000000000,5.181301928547327,-4.671232973225415,2.929462158492242,-1.566245588328457
228,stable,-10.00000000000000,4.289008429390378,-3.968952327821171,2.669669760769466,-1.334079850988928
229,stable,-10.00000000000000,2.888871086979634,-4.368900843372103,2.570667694060830,-1.306000475073233
230,stable,-10.00000000000000,2.938242644138882,-4.060869060194818,2.909679525517276,-1.689165781492420
231,stable,-10.00000000000000,3.475931115506683,-2.619044731807662,2.792179874103567,-1.331989133410389
232,stable,-10.00000000000000,5.021626789777656,-5.006953156087548,3.019014371250250,-1.559296116640326
233,stable,-10.00000000000000,4.088680996443145,-3.793456817496917,3.152118007856188,-1.614893030855455
234,stable,-10.00000000000000,3.916664606993436,-3.830406510271132,3.322883064160123,-1.230876829904446
235,stable,-10.00000000000000,2.674204038135940,-5.977315945317969,3.925800888158847,-1.605965238039062
236,stable,-10.00000000000000,4.186006640316918,-4.687496457278030,2.704328194027767,-1.179983767331578
237,stable,-10.00000000000000,3.790114507981343,-2.700741235850728,2.667916668849102,-1.542243181607773
238,stable,-10.00000000000000,2.882810036477167,-2.785358950786758,2.971734634047607,-1.534984897851245
239,stable,-10.00000000000000,2.712693158769980,-1.963299732597079,2.673346397234127,-1.389892537510605
240,stable,-10.00000000000000,3.514877695313771,-3.478600415153778,2.809041498652732,-1.703099957275299
241,stable,-10.00000000000000,2.963418681101757,-2.882510061332141,2.822047018300509,-1.400800574570894
242,stable,-10.00000000000000,2.794303546234005,-3.057574824662879,3.217082790704808,-1.235612094402313
243,stable,-10.00000000000000,3.208137952620746,-3.595516105589923,3.110990491462871,-1.364264584728517
244,stable,-10.00000000000000,2.806575433005492,-3.363343751756474,2.626566550221241,-1.578303015652637
245,stable,-10.00000000000000,3.896029737836216,-3.514391804928891,3.324569148157025,-1.786505216092337
246,stable,-10.00000000000000,3.476104962886893,-3.008550064958399,2.510083714150824,-1.585144801909337
247,stable,-10.00000000000000,2.860103221872123,-3.442322740331292,3.325808444198401,-1.349871546161012
248,stable,-10.00000000000000,3.299365185317583,-2.363540915539488,3.057042867934797,-1.216003199398983
249,stable,-10.00000000000000,3.646113322698511,-4.369007040513679,2.478648226762743,-1.992064204991038
250,stable,-10.00000000000000,3.202936047018738,-2.187887902196962,3.242256724144681,-1.451711403526133
251,stable,-10.00000000000000,4.771083702740725,-4.443825318710878,2.425198928627651,-1.157813338562846
252,stable,-10.00000000000000,3.652563772513531,-3.981971751258243,3.282303853891790,-1.574329983617645
253,stable,-10.00000000000000,5.529673617711524,-3.467320051204297,3.114774325804319,-1.493191183704766
254,stable,-10.00000000000000,4.783801035460783,-4.217433945479570,2.629837677726755,-1.355849192783353
255,stable,-10.00000000000000,2.868870708880422,-4.312473427198711,3.777156756077602,-1.459293878462631
256,stable,-10.00000000000000,4.890020653721876,-3.002152794651920,3.194528736989014,-1.519796343498456
257,stable,-10.00000000000000,3.272171782195073,-2.328274530285853,2.805832297512097,-1.467159757736226
258,stable,-10.00000000000000,2.773732801200822,-2.852868038666202,3.077633210905333,-1.702112686805776
259,stable,-10.00000000000000,3.779432480732794,-5.160691690078238,2.711887749319430,-1.653695981949568
260,stable,-10.00000000000000,2.944127449663938,-1.977607987972988,2.719150390767027,-1.213512188289315
261,stable,-10.00000000000000,2.940595799242146,-1.807147517057729,2.678607371664839,-1.543060053714726
262,stable,-10.00000000000000,3.171726323911571,-1.493029003114543,3.606983133091489,-1.667518668269622
263,stable,-10.00000000000000,2.973476842802484,-4.612608713316149,2.674734198852093,-1.382544205707745
264,stable,-10.00000000000000,5.017009701434290,-4.806524046434788,3.072741595329717,-1.367306998930871
265,stable,-10.00000000000000,2.779512628883822,-4.103501412377227,3.127725305175773,-1.104347318119835
266,stable,-10.00000000000000,3.020887073420454,-3.164679886715021,2.825846235005883,-1.607404723763466
267,stable,-10.00000000000000,2.638593385257991,-2.691230048047146,2.930844341579359,-1.437002453953028
268,stable,-10.00000000000000,2.544444793873481,-1.847634520527208,3.292588267708197,-1.136779965432652
269,stable,-10.00000000000000,2.920369584753644,-3.694921445799991,3.389927462500054,-1.826867271389347
270,stable,-10.00000000000000,4.392049471382052,-2.662627367593814,3.369338710064767,-1.189088833518326
271,stable,-10.00000000000000,3.294233477645321,-2.510557280184003,3.150151536159683,-1.805190160055645
272,stable,-10.00000000000000,2.582656692160526,-4.045935790520161,2.817852593620046,-2.159469830046874
273,stable,-10.00000000000000,4.458723495976301,-7.036281846580096,3.227394072775496,-1.325433758302097
274,stable,-10.00000000000000,4.908170110546052,-3.090361003341968,3.002898032922531,-1.352804415480932
275,stable,-10.00000000000000,3.822349166788626,-4.574192454107106,2.458815898193279,-1.706346880906494
276,stable,-10.00000000000000,2.751622981275432,-3.279705274762819,2.840980282540841,-1.272432344965637
277,stable,-10.00000000000000,4.871890607508249,-2.153642461722484,2.724084539862815,-1.426647277839947
278,stable,-10.00000000000000,3.225833137374138,-4.325556062074611,2.953408451930954,-1.298131613031728
279,stable,-10.00000000000000,2.754146502172262,-3.468948233028641,3.136447546203271,-1.370773713646486
280,stable,-10.00000000000000,3.046667926246300,-2.273602309680427,2.582490893906652,-1.254175988535280
281,stable,-10.00000000000000,2.697373148272163,-3.032748809258919,2.746735467400867,-1.415746124810539
282,stable,-10.00000000000000,4.962402071687393,-3.753920894116163,3.071708178787958,-1.123575651567080
283,stable,-10.00000000000000,2.923760690580821,-2.774793633652735,2.730259545423905,-1.586515001254156
284,stable,-10.00000000000000,2.837358200820745,-4.074630574003095,3.439420019329191,-1.434460750897415
285,stable,-10.00000000000000,3.141751871648012,-2.979928092943737,2.761363212601282,-1.334925650342484
286,stable,-10.00000000000000,4.217650493068504,-4.348037938878406,3.112094165902818,-1.518297779388377
287,stable,-10.00000000000000,3.063088430615608,-2.635160482721403,3.145484738168307,-1.271915777120739
288,stable,-10.00000000000000,2.997708380309632,-5.678640943951905,2.977366877370514,-1.780496288090944
289,stable,-10.00000000000000,3.858370804926381,-2.763878425670555,3.012462386104744,-1.474939186999109
290,stable,-10.00000000000000,2.739772633489338,-3.388158087531338,3.308175613201456,-1.618781159282662
291,stable,-10.00000000000000,2.810773015262384,-4.192242455421365,2.706091437867144,-1.277063763056503
292,stable,-10.00000000000000,2.830646144866478,-3.555109225286287,3.309327469114578,-1.272989725082880
293,stable,-10.00000000000000,2.926918331388151,-4.454450692341197,3.774688554527529,-1.762310846967466
294,stable,-10.00000000000000,2.558750997251991,-2.649644826189615,2.983468784252182,-1.478972539538518
295,stable,-10.00000000000000,5.464652283946634,-3.059935176672298,2.612618399420171,-1.621862204912759
296,stable,-10.00000000000000,3.149833468211000,-2.863267307286151,2.771229692560155,-1.410926332231611
297,stable,-10.00000000000000,3.075578461342957,-2.752833678518073,2.960383537109010,-1.118904041213682
298,stable,-10.00000000000000,3.018292654549441,-2.359953566323384,2.766213304845223,-1.489462186815217
299,stable,-10.00000000000000,4.084201802266762,-4.518244910781505,2.778371572203469,-1.383577608590713
300,stable,-10.00000000000000,3.175143806140113,-2.801182974799303,2.877816023370713,-1.617328643595101
301,stable,-10.00000000000000,4.996524002359365,-4.121573347030790,3.347751933353720,-1.137496371549787
302,stable,-10.00000000000000,3.149359461283893,-3.193973421119153,2.469547080050688,-1.394043079460971
303,stable,-10.00000000000000,3.085808867544984,-5.209921622066759,3.067614737839904,-1.928213567647617
304,stable,-10.00000000000000,3.361907901562518,-2.553001316351583,2.995918988617632,-1.397644545242656
305,stable,-10.00000000000000,3.253578615927836,-3.801435242581647,2.890401041280711,-2.047767269381438
306,stable,-10.00000000000000,3.512686999223661,-4.382304151193239,2.906879274640232,-1.368700949940830
307,stable,-10.00000000000000,2.468731479995768,-3.082225483783986,2.889389239113370,-1.708418769267155
308,stable,-10.00000000000000,3.850272885931190,-3.516386354749557,2.698219136334956,-1.243795806920389
309,stable,-10.00000000000000,3.330000073605333,-2.987058645347133,4.206945661782811,-1.210015515825944
310,stable,-10.00000000000000,5.708115916175302,-4.918303924147040,2.872291021318233,-1.477189075492788
311,stable,-10.00000000000000,5.713365511968732,-3.542328655952588,3.178381578880362,-1.554485349383867
312,stable,-10.00000000000000,3.915792211773805,-2.700524136249442,2.654782327255816,-1.587636268464848
313,stable,-10.00000000000000,3.250666458450723,-3.139982760665589,3.286351254340843,-1.361369582537009
314,stable,-10.00000000000000,2.676359481149120,-3.210201175665134,2.885241986747133,-1.215181994150043
315,stable,-10.00000000000000,2.702172623015940,-2.961015292792581,2.817116583159077,-1.399645593017340
316,stable,-10.00000000000000,3.750453182321507,-3.380962618946796,3.009077080088900,-1.648480745570851
317,stable,-10.00000000000000,3.254273057144019,-4.893981351662660,2.737924492103048,-1.186082996428013
318,stable,-10.00000000000000,3.980581565687316,-3.112762081553228,2.816003356623696,-1.217355314758606
319,stable,-10.00000000000000,3.262245156714926,-1.962948073192820,3.330100417137146,-1.853190532769077
320,stable,-10.00000000000000,3.362111263195402,-4.357654634834034,2.821030958701158,-1.613206241250737
321,stable,-10.00000000000000,2.667164078680798,-2.126093872531783,3.110083725128789,-1.338093575090170
322,stable,-10.00000000000000,3.585876674609608,-3.913013141980628,2.898004301125184,-1.882617000403116
323,stable,-10.00000000000000,3.345047436392633,-3.411726468941197,3.000791964674136,-1.270498241297901
324,stable,-10.00000000000000,3.367000633559655,-2.927591783576645,2.985283490561415,-1.648174950882094
325,stable,-10.00000000000000,2.860251640493516,-2.708588025125209,3.175042153859977,-1.626429494508557
326,stable,-10.00000000000000,3.425751474496792,-3.197937864169944,3.026557267003227,-1.178697944818850
327,stable,-10.00000000000000,3.731817737469100,-3.532250209522317,3.273642388376174,-1.877221278788056
328,stable,-10.00000000000000,3.387122639309382,-3.625360225385521,2.645206254266668,-1.409561027918244
329,stable,-10.00000000000000,3.378414097474888,-3.324501007329673,3.038688179804012,-1.155141772469506
330,stable,-10.00000000000000,3.570246463117655,-4.586367260606494,2.750098546443041,-1.339020498096943
331,stable,-10.00000000000000,3.021948917099508,-3.751756306941388,2.678455338493222,-1.371230773627758
332,stable,-10.00000000000000,2.414517510711448,-1.819261087133782,2.886167747259606,-1.455110859271372
333,stable,-10.00000000000000,2.735409842309309,-3.758653866127133,3.152984742162516,-1.378370336256921
334,stable,-10.00000000000000,3.264467505875473,-3.925717226797133,2.804045182620030,-1.335772849095520
335,stable,-10.00000000000000,2.751899266731925,-2.867527649592375,2.874097071762662,-1.372391290962696
336,stable,-10.00000000000000,2.806767801419483,-3.688255394648877,2.990761941415258,-1.310730847879313
337,stable,-10.00000000000000,3.088929412988364,-3.941577223828062,3.582923925117939,-1.330221271615301
338,stable,-10.00000000000000,3.512279981659958,-3.444427990601980,2.748351862741401,-1.541996682986792
339,stable,-10.00000000000000,4.925040828064084,-5.111113936000038,3.469731373199465,-1.321029265411198
340,stable,-10.00000000000000,5.935414022053010,-6.016531657020096,2.873044060776010,-1.340752780437469
341,stable,-10.00000000000000,3.841994779155357,-4.248044663982000,2.784943724545883,-1.363304572179914
342,stable,-10.00000000000000,2.615686920005828,-3.119675256006303,2.754427273183637,-1.829359367831785
343,stable,-10.00000000000000,4.538542313777725,-5.366922269517090,2.884789056392037,-1.384523434564471
344,stable,-10.00000000000000,3.028345669001283,-3.570460827293573,3.309988531298586,-1.395189479866531
345,stable,-10.00000000000000,3.261523113702424,-2.959404075110797,2.589712810557103,-1.352937392541207
346,stable,-10.00000000000000,2.766821253666421,-2.956328629981726,2.521696601856092,-1.287522142920352
347,stable,-10.00000000000000,5.916827104170807,-1.869598821533145,3.153670566753135,-1.371295292879950
348,stable,-10.00000000000000,2.553316651159548,-3.271778084468679,2.805235801672097,-1.350981949304696
349,stable,-10.00000000000000,3.981308213231387,-2.016399737811298,3.184985009371303,-1.456276380537020
350,stable,-10.00000000000000,4.108736123132985,-4.422411925421329,2.968664347426966,-1.475192954036174
351,stable,-10.00000000000000,4.544006369062117,-3.777807763646706,2.795760692897602,-1.372200999263441
352,stable,-10.00000000000000,3.211948349300656,-2.124624817311997,2.842197467369260,-1.253692974947626
353,stable,-10.00000000000000,4.590171226358507,-3.704620241216617,2.845842280366924,-1.792355364654213
354,stable,-10.00000000000000,2.902356977821910,-2.618198514159303,2.958919040742330,-1.287239074270474
355,stable,-10.00000000000000,4.292186819599010,-4.284347677807091,3.430058752594050,-1.370678386025247
356,stable,-10.00000000000000,2.850768154952675,-2.199989853848820,3.186202766824863,-1.373870177078061
357,stable,-10.00000000000000,2.767391427405528,-5.242264657732449,3.288019728803192,-1.410950194804172
358,stable,-10.00000000000000,3.449677067488665,-2.194693953468231,3.100211620461778,-1.654928625743196
359,stable,-10.00000000000000,4.427684041380417,-4.761692676649545,2.730697219027206,-1.352270803538886
360,stable,-10.00000000000000,3.396592050587060,-2.685361442068825,3.178895273304079,-1.715448404662311
361,stable,-10.00000000000000,3.696587117388844,-3.263005256900215,2.512104406836443,-1.301608107190987
362,stable,-10.00000000000000,2.840097062900895,-4.455922838256811,3.226646450486442,-1.435944938551984
363,stable,-10.00000000000000,3.442407847265713,-2.327315018774243,2.762988667440368,-1.620235262118513
364,stable,-10.00000000000000,3.365983324620174,-3.740919691743329,2.758545054966817,-1.364777959854109
365,stable,-10.00000000000000,3.086135101228138,-2.599493012028688,2.592735897102102,-1.430044280830771
366,stable,-10.00000000000000,2.567199335666373,-3.113907674603979,3.387754795025103,-1.441109893494286
367,stable,-10.00000000000000,3.688189860375132,-2.534755570552079,2.393357764231041,-1.518746174813714
368,stable,-10.00000000000000,4.372620422305772,-5.453176017050282,3.524647712387377,-1.313153964612866
369,stable,-10.00000000000000,5.014905422256561,-3.714292272838065,3.798361442721216,-1.410594278501321
370,stable,-10.00000000000000,3.203033073688857,-2.542128847882850,2.788203589676414,-1.360999155382160
371,stable,-10.00000000000000,2.957540747156600,-2.475054898139206,2.751326562749455,-1.333850366529077
372,stable,-10.00000000000000,2.941438984358683,-2.974259377457201,3.056644390570000,-1.351296364475274
373,stable,-10.00000000000000,2.669016806423315,-3.757892588357208,3.469273169466760,-1.303829261101782
374,stable,-10.00000000000000,3.734578086150577,-3.343883952300530,2.945000499148136,-1.320660750658135
375,stable,-10.00000000000000,3.264622634567786,-3.268620818955242,2.627121142511896,-1.277366625974537
376,stable,-10.00000000000000,3.229494640982011,-2.849069267816958,2.923027161275968,-1.213188008565339
377,stable,-10.00000000000000,2.661164043005556,-3.841181771203992,2.861018240386329,-1.362613548262743
378,stable,-10.00000000000000,2.996917142125312,-2.254577610321576,2.911704990547150,-1.890169072052231
379,stable,-10.00000000000000,2.715979908942245,-2.784829025564250,2.693657897631056,-1.695434582652524
380,stable,-10.00000000000000,3.154636787890922,-2.647511218776344,3.205100291059352,-1.198383057489991
381,stable,-10.00000000000000,2.960542708299727,-4.527778126575868,2.541116586449789,-1.347809042031258
382,stable,-10.00000000000000,3.120422018895624,-3.686139316065237,2.529274912754772,-1.579289151588455
383,stable,-10.00000000000000,3.913477004040033,-4.881886138638947,2.825696716638049,-1.197261121628799
384,stable,-10.00000000000000,5.349277763045393,-4.683232778392266,3.030583725369070,-1.334171160928236
385,stable,-10.00000000000000,3.211313437728677,-3.355474971118383,3.313295864267275,-1.431634450622369
386,stable,-10.00000000000000,2.724528727379948,-4.772895995876752,2.911424814970815,-1.840953131148126
387,stable,-10.00000000000000,2.804740181134548,-2.829230935254600,3.009998510344303,-1.332560168579221
388,stable,-10.00000000000000,3.056856709270505,-3.102214780024951,3.140916634118184,-1.906073490841663
389,stable,-10.00000000000000,3.729212713660672,-4.947083929844666,2.723808193928562,-1.820508806180442
390,stable,-10.00000000000000,2.824815763015067,-2.519465793389827,3.207954754470848,-1.575173709286901
391,stable,-10.00000000000000,3.672830665207584,-2.916743201247300,2.622751287330175,-1.588979552208912
392,stable,-10.00000000000000,4.051159593393095,-4.236713330843486,2.969070366118103,-1.462216708285268
393,stable,-10.00000000000000,4.251425029608072,-3.496232033125125,2.987283056623710,-1.302743650972843
394,stable,-10.00000000000000,3.397337347705616,-4.757370157167315,2.488405971307657,-1.275464140220720
395,stable,-10.00000000000000,3.198278924566694,-3.245434296579333,2.645980289962608,-1.523147742002038
396,stable,-10.00000000000000,3.815295590335154,-2.495464936189819,2.954243789485190,-1.457314844908979
397,stable,-10.00000000000000,4.551462679955876,-2.847323749330826,2.889343957300298,-1.654342472756980
398,stable,-10.00000000000000,3.479936433810508,-3.321528914049850,2.882083188174875,-1.200009092455730
399,stable,-10.00000000000000,3.223161662230268,-2.418700174428523,3.182185163590475,-1.570178325186134
400,stable,-10.00000000000000,3.639625138486736,-3.176505588577129,3.111128296586685,-1.674999338632915
401,stable,-10.00000000000000,2.791410032950807,-2.996838182763895,3.341319200291764,-1.525346562069899
402,stable,-10.00000000000000,3.142617418954615,-4.706317153671989,2.598336227776599,-1.232977396401111
403,stable,-10.00000000000000,2.532185972173465,-4.101574812913896,2.411285831884015,-1.554176054458367
404,stable,-10.00000000000000,3.038379810139304,-4.032892274248297,2.849342241213890,-1.610666529857554
405,stable,-10.00000000000000,2.896516164997593,-1.673259803123074,3.174997042573523,-1.655331195732288
406,stable,-10.00000000000000,2.936804648750694,-2.491327166673727,2.934003682035836,-1.445733834116254
407,stable,-10.00000000000000,4.959495373768732,-2.626467096797342,2.889321454394803,-1.697794734845957
408,stable,-10.00000000000000,2.653502632168966,-2.169195856695296,3.001668729441008,-1.850718617439270
409,stable,-10.00000000000000,3.441555931174662,-3.263171207698178,3.486726603616262,-1.925646800722461
410,stable,-10.00000000000000,3.629849116841797,-4.794063872803235,2.878505605680402,-1.444930311990902
411,stable,-10.00000000000000,4.794329721247777,-3.579552881012205,2.758258807414677,-1.745966964663239
412,stable,-10.00000000000000,2.759430578240426,-2.627424388541840,3.304105883602460,-1.339292844939337
413,stable,-10.00000000000000,3.100162772880140,-3.517036911798641,3.010400343177025,-1.411696209390357
414,stable,-10.00000000000000,2.762104755733162,-2.844050159503240,2.910697822138900,-1.563322124478873
415,stable,-10.00000000000000,4.085702200361993,-3.534241871151607,2.992151793259836,-1.305408252091183
416,stable,-10.00000000000000,3.471389902610099,-4.129291355202440,3.254784549018950,-1.413917458012293
417,stable,-10.00000000000000,2.770954983308911,-2.996647180174477,2.822117151968996,-1.217090258291137
418,stable,-10.00000000000000,2.923124682276466,-4.187878260083380,2.458854651602451,-1.382418580880767
419,stable,-10.00000000000000,2.940474421484396,-2.286002832261147,2.827649181475863,-1.881779843022741
420,stable,-10.00000000000000,3.627866782582714,-3.176953101923573,2.787183530395851,-1.382991499442142
421,stable,-10.00000000000000,3.169115569267888,-2.390029948466690,2.989378088583180,-1.280427101490204
422,stable,-10.00000000000000,3.451144846098032,-4.455966846784577,2.860187208621937,-1.431980194989592
423,stable,-10.00000000000000,3.542305337381549,-5.415542331786128,2.920127232879167,-1.319024002761580
424,stable,-10.00000000000000,3.044135699194157,-3.079977784538642,2.943585081142373,-1.672489654869423
425,stable,-10.00000000000000,3.815070752149040,-4.530710571096279,2.468088292022003,-1.521902844877332
426,stable,-10.00000000000000,3.569496643962339,-2.714153679960873,2.837853689678013,-1.260458830744028
427,stable,-10.00000000000000,2.966587121714838,-3.899388048652327,2.595699517187313,-1.571754965931177
428,stable,-10.00000000000000,3.280880779871950,-4.062146967335138,2.889030732796527,-1.556807487329934
429,stable,-10.00000000000000,2.927134438614303,-2.365947938436875,2.948336046305485,-1.525259641784942
430,stable,-10.00000000000000,2.898869446304161,-4.812590552654001,2.899535894204746,-1.340651643142337
431,stable,-10.00000000000000,3.250439057053882,-2.347786187136080,3.003965438467276,-1.380011554807425
432,stable,-10.00000000000000,3.181056801564409,-3.459136317542288,2.865304874220783,-1.281530868960544
433,stable,-10.00000000000000,2.745111408672528,-2.999131538774236,3.023692336049862,-1.318570626608562
434,stable,-10.00000000000000,5.027672824973706,-4.994617309886962,2.531953091660398,-1.474804643192329
435,stable,-10.00000000000000,2.869142943600309,-4.184585661598248,3.069907624652842,-1.276956546440488
436,stable,-10.00000000000000,4.601819984221947,-5.947866954273195,2.511852668263600,-1.476237038150430
437,stable,-10.00000000000000,3.560986440279521,-3.786387411761098,3.514734078533365,-1.626818387769163
438,stable,-10.00000000000000,3.378727422423253,-3.114979290112387,2.955959287588485,-1.508438564836979
439,stable,-10.00000000000000,2.919644203560892,-3.535308567807078,2.561066936177667,-1.273797650035704
440,stable,-10.00000000000000,2.740468338142819,-3.172437053450267,2.738058960440867,-1.473746721247153
441,stable,-10.00000000000000,3.481009214825463,-6.008625367307104,2.892186598732224,-1.135820962910657
442,stable,-10.00000000000000,3.191299360012636,-3.213916255626827,3.120285440745647,-1.438443551713135
443,stable,-10.00000000000000,3.036505909026346,-1.951950520428454,2.778863654792076,-1.377328017821128
444,stable,-10.00000000000000,2.849295698515562,-4.209924456998124,2.679666398544214,-1.452716953543131
445,stable,-10.00000000000000,2.923920638539130,-2.260435278236400,2.697055782758980,-1.423005005228333
446,stable,-10.00000000000000,2.954022308607819,-2.495554967259523,2.683518253848888,-1.510248875492834
447,stable,-10.00000000000000,3.148875478655100,-2.113938793321722,3.672088991876990,-1.276538014579273
448,stable,-10.00000000000000,3.585891251757857,-4.286827358519076,2.627386182313785,-1.319225031475071
449,stable,-10.00000000000000,3.866869962075725,-5.113379027694464,2.980463102081558,-1.229105661252106
450,stable,-10.00000000000000,3.232182783391636,-3.100727450553677,2.649947728095867,-1.319123765693803
451,stable,-10.00000000000000,3.812823850137647,-3.408734347569407,2.911799128794883,-2.437601490950328
452,stable,-10.00000000000000,2.869809049239848,-1.933342248885310,3.017269608331844,-1.556833845648725
453,stable,-10.00000000000000,4.505765404042904,-4.693830638192594,2.951514618122019,-1.524704129886231
454,stable,-10.00000000000000,3.044326198672024,-3.509194595331792,2.673064264523418,-1.452101512521040
455,stable,-10.00000000000000,3.981157137561240,-2.558051149913808,2.931198229896836,-1.415450348198647
456,stable,-10.00000000000000,2.865339921656414,-2.910553034918848,2.374146730522625,-1.365860015126600
457,stable,-10.00000000000000,2.893403169640806,-4.264132743002847,4.194091063974156,-1.223374186345609
458,stable,-10.00000000000000,4.951301314227749,-3.632635466099600,2.616813683285727,-1.352386846207082
459,stable,-10.00000000000000,2.684389930509496,-2.726593045925256,2.759198259558616,-1.623270438620239
460,stable,-10.00000000000000,3.614340195141267,-3.051056181968306,2.798579958645860,-1.492299803896458
461,stable,-10.00000000000000,4.286582168497262,-5.636928066378459,2.984951116450247,-1.345261488080723
462,stable,-10.00000000000000,2.883158293087035,-3.337947210646234,2.925170612721558,-1.535073874954833
463,stable,-10.00000000000000,2.986874885653378,-2.756391054557753,3.005067061476439,-1.509564477950335
464,stable,-10.00000000000000,3.110965443018358,-1.622949862139649,3.022061336494517,-1.283489170047687
465,stable,-10.00000000000000,3.171765883860644,-3.348629481624812,2.631269054021686,-1.291991141362814
466,stable,-10.00000000000000,4.496841064406908,-2.815030897210818,3.080823025915379,-1.422313824179582
467,stable,-10.00000000000000,2.979280011699302,-3.342280978904455,2.773431527981302,-1.643401291179543
468,stable,-10.00000000000000,2.723046028171666,-3.233116411181982,2.963820876320824,-1.649607328057755
469,stable,-10.00000000000000,2.678121978067793,-2.872253819994512,2.736785291424894,-1.238419939130836
470,stable,-10.00000000000000,4.284447918544174,-4.443036689321161,2.944201547419652,-1.432338152255397
471,stable,-10.00000000000000,2.847140992758796,-3.206022615704569,2.935056312242523,-1.372347445751075
472,stable,-10.00000000000000,3.044771686967579,-4.108590016345261,2.915706450250582,-1.152735586278141
473,stable,-10.00000000000000,3.010656766360626,-3.829049587176996,2.524347165579456,-1.593299980675511
474,stable,-10.00000000000000,3.103725148757803,-3.877033957745880,2.916879552300088,-1.239509264160006
475,stable,-10.00000000000000,3.561204444617033,-4.159596490077092,2.994111343286932,-1.673440863160067
476,stable,-10.00000000000000,2.647733831068763,-2.457938857187401,2.757152860664064,-1.275839765669843
477,stable,-10.00000000000000,3.658247518309508,-3.089121313692885,2.687631260938360,-1.864581222209381
478,stable,-10.00000000000000,2.648262085907845,-2.511591525835684,2.809892282355577,-1.386913995673240
479,stable,-10.00000000000000,3.081323214879376,-3.335255633573979,2.672593550865713,-1.395632032857975
480,stable,-10.00000000000000,3.826029991847463,-4.867676389330882,2.657061345362308,-1.683667901917943
481,stable,-10.00000000000000,4.549443164898548,-4.365070044586901,2.847464168256465,-1.626615125060198
482,stable,-10.00000000000000,3.788071700779255,-1.823506411042445,2.952197180362418,-1.488191265390014
483,stable,-10.00000000000000,2.799188426230103,-3.932835373751004,2.523808433237718,-1.495532803499373
484,stable,-10.00000000000000,3.239015199491405,-3.549869444643264,2.592789163332782,-2.358342875493690
485,stable,-10.00000000000000,3.824172354143229,-3.706574860552792,3.543472578865476,-1.241342654153414
486,stable,-10.00000000000000,3.131329012830975,-2.446671269630315,3.035506299327608,-1.369973051383397
487,stable,-10.00000000000000,2.639281332172686,-4.774533043018891,2.848240135281230,-1.433051756648638
488,stable,-10.00000000000000,2.797757611249835,-2.839859649422579,2.733702695592910,-1.112743413716089
489,stable,-10.00000000000000,3.118237441609381,-2.533268556915573,2.811124385945732,-1.379569895003442
490,stable,-10.00000000000000,3.124858384930121,-2.158407232869649,3.067030736667220,-1.373590822331607
491,stable,-10.00000000000000,2.763075055001536,-3.723181618697708,2.998505406994809,-1.175618149629372
492,stable,-10.00000000000000,2.539256382982785,-4.131950922950637,2.732792253082152,-1.511036630719900
493,stable,-10.00000000000000,3.652277293440420,-5.474734590272419,2.790722410063609,-1.739564246847294
494,stable,-10.00000000000000,3.107577649271661,-3.873685959115392,2.802261478092987,-1.260316686384613
495,stable,-10.00000000000000,4.362566007417627,-4.429337050576578,2.428669916000217,-1.621430517619956
496,stable,-10.00000000000000,3.276921638636850,-5.109789937647292,3.140673942049034,-1.446905167977093
497,stable,-10.00000000000000,4.945542729692534,-4.424262305386947,3.088782779501344,-1.311090953648090
498,stable,-10.00000000000000,3.485094290459529,-3.619576645200141,2.583505295624491,-1.652809689170681
499,stable,-10.00000000000000,3.091329415736254,-2.505856979774762,3.206835481527378,-1.489082008338301
500,stable,-10.00000000000000,2.531304270589317,-4.039299610492890,2.892812184447394,-1.881490952102467
501,stable,-10.00000000000000,3.122630010693683,-3.912926807824988,3.163608370145084,-1.578817597399393
502,stable,-10.00000000000000,3.329861019752570,-3.824321150954347,2.821976847160840,-1.373191990473060
503,stable,-10.00000000000000,4.586708249524236,-5.506075806464651,3.387486683757743,-1.154644666239619
504,stable,-10.00000000000000,2.976623273687437,-2.673070697754156,2.517178942391183,-1.629663589061238
505,stable,-10.00000000000000,3.550408997922204,-3.035771432943875,3.096305564889917,-1.559864622395253
506,stable,-10.00000000000000,3.266763277264545,-2.871957381343236,2.646484002296347,-1.227063049565004
507,stable,-10.00000000000000,3.264616897882661,-4.246516622049967,2.693693452746629,-1.388991589898069
508,stable,-10.00000000000000,2.963834936032072,-4.444606905570254,3.342558172706049,-1.483750786632299
509,stable,-10.00000000000000,4.047088754596189,-4.827547638313263,2.611857270356268,-1.482692395424237
510,stable,-10.00000000000000,2.733910552458838,-2.283683032204863,2.945961230056128,-1.556094106897945
511,stable,-10.00000000000000,2.632444650123944,-4.217991451208945,3.121923491416965,-1.326868416479556
512,stable,-10.00000000000000,2.738848671113374,-2.266715961392038,3.035231572466728,-1.217513685347512
513,stable,-10.00000000000000,4.968347226415062,-3.269489817554131,3.116050317257759,-1.485032120090182
514,stable,-10.00000000000000,2.786713932015118,-3.372238295734860,2.469434257902321,-1.544687034212984
515,stable,-10.00000000000000,3.605777796939947,-4.604322591039818,2.908501902628814,-1.279563781994511
516,stable,-10.00000000000000,4.279908076481661,-3.403492425379227,2.941966326965485,-1.466727148548671
517,stable,-10.00000000000000,3.495345453033224,-2.653923820587806,2.724434492498403,-1.294504206627607
518,stable,-10.00000000000000,4.933494382130448,-4.453262078110129,2.962631963062449,-1.538209830192500
519,stable,-10.00000000000000,2.898229319631355,-2.006740953775079,2.787342329982494,-1.531094457954168
520,stable,-10.00000000000000,4.167312173056416,-6.393013350359979,3.209962428009021,-1.671064317248238
521,stable,-10.00000000000000,3.083102162476280,-3.051868772599846,2.913204078700801,-1.274857718453859
522,stable,-10.00000000000000,3.275769512518309,-3.056445045309374,2.982592794345692,-1.415349929229706
523,stable,-10.00000000000000,3.044912108998687,-2.562041559591307,2.703457108611474,-1.351139662612695
524,stable,-10.00000000000000,4.625915108190384,-5.517614502547076,3.248669840133516,-1.537703005988988
525,stable,-10.00000000000000,3.244384016099502,-3.351460921025136,2.935665196797345,-1.644049061520491
526,stable,-10.00000000000000,3.169845415011878,-2.778737141998135,2.897032867364032,-1.505099693720695
527,stable,-10.00000000000000,5.247856816393323,-4.688015704989084,2.447822766334866,-1.218389790505171
528,stable,-10.00000000000000,4.863634488807293,-4.068358872726094,3.007074326043949,-1.420156684151152
529,stable,-10.00000000000000,3.002555900195148,-3.464278945466504,2.835598141093215,-1.476129360496998
530,stable,-10.00000000000000,2.849297009175643,-2.711836389804375,2.716570485405100,-1.237469267100096
531,stable,-10.00000000000000,3.622597377514467,-5.776358730203356,2.882507513335440,-1.551156233583242
532,stable,-10.00000000000000,3.399647780781379,-4.329972539431765,2.888989749830216,-1.296348130097613
533,stable,-10.00000000000000,5.040496203873772,-3.442769640241750,2.867698693306011,-1.578559855493950
534,stable,-10.00000000000000,2.735303444205783,-2.428286256661522,2.884728350181831,-1.390796563937329
535,stable,-10.00000000000000,2.729381814613589,-3.390780733418069,2.714660805679159,-1.340045191074751
536,stable,-10.00000000000000,4.022881552606123,-3.913344104657881,3.159551476674096,-1.217428878031569
537,stable,-10.00000000000000,3.079170249577146,-2.156303148629377,2.285757560799539,-1.425425910769263
538,stable,-10.00000000000000,3.008847690362018,-3.511522654604050,3.454568569286494,-1.352893746749032
539,stable,-10.00000000000000,4.143131218457711,-2.947536603998742,3.169196869101143,-1.628731513279490
540,stable,-10.00000000000000,3.471064208133612,-3.818342161612236,2.832752848786185,-1.603976432234049
541,stable,-10.00000000000000,3.411087405023864,-2.021287260344252,3.014710419462062,-1.534989196757124
542,stable,-10.00000000000000,3.033416576479794,-4.751486456036218,2.867513005388901,-1.430273119360209
543,stable,-10.00000000000000,5.289611988293473,-3.049954935122514,3.314973403934118,-1.196420511667384
544,stable,-10.00000000000000,2.791856899323648,-2.327303383848630,3.026616225659382,-1.392396889583324
545,stable,-10.00000000000000,3.421469231048832,-3.770402829526574,2.915119225857779,-1.396487992125913
546,stable,-10.00000000000000,2.883255809312686,-2.551649317392730,2.660832429399306,-1.194418250430317
547,stable,-10.00000000000000,3.719214368844405,-2.628693053877214,3.368461161124287,-1.561187910236185
548,stable,-10.00000000000000,2.746891976508778,-2.794681454630336,3.140097544399396,-1.859900674010532
549,stable,-10.00000000000000,2.761884304360137,-3.899109935679007,2.733517052867683,-1.400070293864701
550,stable,-10.00000000000000,5.025505336787319,-6.677528418862494,2.710880985483527,-1.404270795639604
551,stable,-10.00000000000000,3.071068058576202,-2.297712044237414,2.610813034174498,-1.412923930707620
552,stable,-10.00000000000000,4.418228619731963,-4.547793546225876,2.822051422583172,-1.310481182015792
553,stable,-10.00000000000000,3.670047050341964,-2.568102727076621,3.201890210970305,-1.340073544648476
554,stable,-10.00000000000000,4.683772095624590,-5.491939860847197,2.931748428585706,-1.571890250692377
555,stable,-10.00000000000000,2.558163168505416,-4.525941925210645,2.787860687298235,-1.551691182226932
556,stable,-10.00000000000000,3.906859740673099,-4.171353570302017,2.832699902821332,-1.335848496295512
557,stable,-10.00000000000000,2.831658252413035,-1.813197897688951,2.758450358523987,-1.296776264905930
558,stable,-10.00000000000000,2.722931812604656,-4.900885302005918,2.959683882174431,-1.529832225380233
559,stable,-10.00000000000000,2.856308195128804,-4.298138774698600,3.076988315573544,-1.653676474466920
560,stable,-10.00000000000000,2.947923024417832,-2.642213362531038,2.890752831764985,-1.676770904334262
561,stable,-10.00000000000000,4.088514063274488,-2.936116935568862,3.408666896517389,-1.583574479300296
562,stable,-10.00000000000000,2.860147900559241,-5.145690924255177,2.864281286907499,-1.225951069965959
563,stable,-10.00000000000000,3.350599928264273,-6.354406097918400,2.633704733256309,-1.962144168282975
564,stable,-10.00000000000000,3.167398075471283,-3.365412531362381,2.635204185304246,-1.477462647977518
565,stable,-10.00000000000000,2.636191964847967,-3.326147877436597,2.821049016842153,-1.556659382244106
566,stable,-10.00000000000000,3.321481043036329,-2.892682096411590,2.731150387175148,-1.447512973099947
567,stable,-10.00000000000000,3.585366362160130,-3.758426812360995,3.158620953559875,-1.484231147343962
568,stable,-10.00000000000000,3.406993325363146,-3.317180387850385,2.878074751299891,-2.121423865208271
569,stable,-10.00000000000000,3.268409699521726,-4.144654143921798,3.391035105847550,-1.906962931825547
570,stable,-10.00000000000000,5.927740239072591,-3.838836644077674,2.926090092812956,-1.686434243802069
571,stable,-10.00000000000000,2.776317734714212,-3.322131806344260,2.810093374044300,-1.820772588107502
572,stable,-10.00000000000000,3.676849875249900,-1.867817703867331,2.690226424856519,-1.523164967657067
573,stable,-10.00000000000000,2.414441093424102,-2.734341787087033,2.919106418470619,-1.553429372288520
574,stable,-10.00000000000000,3.278854135307483,-2.350185398245230,3.193912905175239,-1.209262434393167
575,stable,-10.00000000000000,2.765953314374201,-2.074757720401067,2.776023629965493,-1.710943472106010
576,stable,-10.00000000000000,2.539300231219386,-4.471164028160274,2.805333560695772,-1.392335774722596
577,stable,-10.00000000000000,3.798919732842478,-3.123213852522895,3.160045523589361,-1.402822984699014
578,stable,-10.00000000000000,3.724778562405845,-4.588809941196814,3.246632377966307,-1.773231559258420
579,stable,-10.00000000000000,3.317805312981363,-2.948700409440789,2.760264554075547,-1.306217065342935
580,stable,-10.00000000000000,2.794767617073376,-3.274730150762480,2.695428000389711,-1.526289789788279
581,stable,-10.00000000000000,3.288146240956848,-3.428092528542038,3.054897174646612,-1.578434825321892
582,stable,-10.00000000000000,3.882806093301042,-3.258772681612754,3.061467861782148,-1.303768968427903
583,stable,-10.00000000000000,3.144330257026013,-4.052093059144681,2.680819769526579,-1.354576551637365
584,stable,-10.00000000000000,4.326206253492273,-2.778821982239606,3.129820569032745,-1.242919472802896
585,stable,-10.00000000000000,4.011919640790438,-2.886533853175933,2.829362478776602,-1.217816480311740
586,stable,-10.00000000000000,3.150346369846375,-4.074380163627211,2.797027655440615,-1.295655726280529
587,stable,-10.00000000000000,2.777354999794625,-2.643097468710039,2.618326515877925,-1.581164517207071
588,stable,-10.00000000000000,2.838252151690540,-3.012678803468589,2.877746524196482,-1.531080330401892
589,stable,-10.00000000000000,2.919889558397699,-2.621872314368375,2.861290296379593,-1.283300386789051
590,stable,-10.00000000000000,3.841496457695030,-4.553021211293526,2.978490969457198,-1.672996824374422
591,stable,-10.00000000000000,3.538672287133522,-3.509303521655966,2.885580224583464,-1.262716904733679
592,stable,-10.00000000000000,2.758287236247270,-2.864922237931751,3.129776228903211,-1.765241808025166
593,stable,-10.00000000000000,2.771747799008153,-2.080917334649712,3.136018651741324,-1.448227991073509
594,stable,-10.00000000000000,4.550240245764144,-4.646712492613005,2.811478996594815,-1.353505272883922
595,stable,-10.00000000000000,6.182919727172703,-5.885585146286758,2.881123364539235,-1.248311926494353
596,stable,-10.00000000000000,4.589039364858763,-5.578755271533737,2.564206479328277,-1.326194160414161
597,stable,-10.00000000000000,3.104131902015069,-3.152153584640473,3.405993947781099,-1.183893493776850
598,stable,-10.00000000000000,3.303337526391260,-4.638887374021579,2.945736445195507,-1.413937336881645
599,stable,-10.00000000000000,3.084615219500847,-3.452357527217828,3.475924456841312,-1.559168083971599
600,stable,-10.00000000000000,3.451777881506132,-4.264733871677890,2.502606681882753,-1.483954356255708
601,stable,-10.00000000000000,3.612758182454854,-2.692374072386883,2.814624592952896,-1.343381184917234
602,stable,-10.00000000000000,3.231520016204740,-2.272134918617667,3.445292376529324,-1.436587069205416
603,stable,-10.00000000000000,6.191160375543404,-2.753560784258298,2.672842031519394,-1.429545159451663
604,stable,-10.00000000000000,2.925723729422316,-5.209606669159257,2.907987089565722,-1.381944507404114
605,stable,-10.00000000000000,4.305244236835279,-3.395307279657573,2.680280295588091,-1.494521644897759
606,stable,-10.00000000000000,3.522023879551853,-3.341002731351182,2.796569824327889,-1.306461230851710
607,stable,-10.00000000000000,3.269330516748596,-5.120231733482797,2.744909465225646,-1.189807165792445
608,stable,-10.00000000000000,5.674235828162637,-4.245770780835301,2.594966516019667,-1.477253963741532
609,stable,-10.00000000000000,2.783589616083191,-4.645015799440444,3.054844838363351,-1.465033818865777
610,stable,-10.00000000000000,3.090680819761474,-2.726949763979064,2.978624121227767,-1.251403277739882
611,stable,-10.00000000000000,2.886036993324524,-2.366674891029106,2.622250488733698,-1.453163933896576
612,stable,-10.00000000000000,3.269942621351220,-3.172789598756935,2.831980304908939,-1.342184822715353
613,stable,-10.00000000000000,2.754320190811995,-4.114713027316611,2.849669831892243,-1.361907524304115
614,stable,-10.00000000000000,4.645694472477771,-3.692831743508577,2.589566552334873,-1.164377148372296
615,stable,-10.00000000000000,3.126970274985069,-2.742029567947611,3.082679252373055,-1.217840003897436
616,stable,-10.00000000000000,3.797202861562255,-2.837583007552894,3.047986355435569,-1.473841815168271
617,stable,-10.00000000000000,3.157103991310578,-3.506409072782844,2.905518630926963,-1.410283178091049
618,stable,-10.00000000000000,2.689297718112357,-2.695913498464506,2.921486950333929,-1.430465122364694
619,stable,-10.00000000000000,3.260516186375753,-4.821849822823424,2.681147916358896,-1.489216329442570
620,stable,-10.00000000000000,2.864105716638733,-3.068962878940511,2.856040917686187,-1.617058997973800
621,stable,-10.00000000000000,7.069989525713027,-5.199743605786352,3.415006648399867,-1.380042041186243
622,stable,-10.00000000000000,3.879630756826373,-3.655908091532183,2.722656549933163,-1.512235777248861
623,stable,-10.00000000000000,3.907604755138891,-2.678056002390804,2.678302035870729,-1.436110326583730
624,stable,-10.00000000000000,2.952284661936574,-2.137393324261211,2.891020954062697,-1.382355829337030
625,stable,-10.00000000000000,3.058516289456747,-3.409511727164499,3.066808637755457,-2.132034545502393
626,stable,-10.00000000000000,3.083378350042040,-2.715683232323499,2.764699227816891,-1.359561346616829
627,stable,-10.00000000000000,3.796391663519898,-3.148036529426463,2.895850938351941,-1.294040728971595
628,stable,-10.00000000000000,2.739822995587019,-3.186833972868044,2.927578562943381,-1.475069345207885
629,stable,-10.00000000000000,4.281484404564253,-4.217519648547750,2.685320676115225,-1.593877662997329
630,stable,-10.00000000000000,3.781394059391459,-5.065299445239361,2.886388041835744,-1.747954260034021
631,stable,-10.00000000000000,3.021949766611215,-2.372555704627302,2.670032711550448,-1.668675232976966
632,stable,-10.00000000000000,2.720199732750189,-2.154381714237388,2.875679542165017,-1.274443556321785
633,stable,-10.00000000000000,3.861690066063602,-4.679927047996898,3.054850829721545,-1.659906683853478
634,stable,-10.00000000000000,4.409152611799072,-4.512804928745027,2.877678865115740,-1.490627646093344
635,stable,-10.00000000000000,3.352198072825558,-2.682883425281034,2.880391924336436,-1.380304000915203
636,stable,-10.00000000000000,3.251939111156389,-2.096049169136677,2.988873746915488,-1.349121004343033
637,stable,-10.00000000000000,3.046456474839943,-2.161422306140594,3.216127316452685,-1.223332707260852
638,stable,-10.00000000000000,3.478848270664457,-4.093477916918346,2.827421461945050,-1.664992755497224
639,stable,-10.00000000000000,3.285684604488779,-2.050781470388756,2.449467402067967,-1.446236824383959
640,stable,-10.00000000000000,4.037872536922805,-5.059325597336283,2.762959527593921,-1.319100224849535
641,stable,-10.00000000000000,2.977900202073215,-5.575224404892651,3.363586585561279,-1.426934062386863
642,stable,-10.00000000000000,3.144969960994786,-2.886682380834827,2.699605467612855,-1.331342111005142
643,stable,-10.00000000000000,3.264536324233632,-2.645246404455975,3.384378364920849,-1.342009670013795
644,stable,-10.00000000000000,3.084916643470933,-3.041933409360354,2.988674927881220,-1.568402437245823
645,stable,-10.00000000000000,2.760616632993333,-2.733416009548819,2.811261981958523,-1.185338461407810
646,stable,-10.00000000000000,2.741515920730308,-3.348038301046472,3.052859618270304,-1.398085977649316
647,stable,-10.00000000000000,3.476452515460551,-3.120886672884808,3.325158250375353,-1.228438305712189
648,stable,-10.00000000000000,2.900443845981499,-3.831423816154711,2.552390242548427,-1.589802601374686
649,stable,-10.00000000000000,3.197832259014831,-2.930321721403743,3.469742106666672,-1.202808876667405
650,stable,-10.00000000000000,3.655084016092587,-3.808006100880448,2.752320769708604,-1.047170482727779
651,stable,-10.00000000000000,6.569516019619186,-2.820043696279754,2.699685016348667,-1.113229913637042
652,stable,-10.00000000000000,3.354201900248881,-3.422601045938791,3.073679922832525,-1.317733496012806
653,stable,-10.00000000000000,3.954489123338135,-2.356629118323326,2.650177840392644,-1.163919306069147
654,stable,-10.00000000000000,3.049349620792782,-2.240437029453460,2.768330196180614,-1.273241441464052
655,stable,-10.00000000000000,3.340546342806192,-3.764606600365369,3.504456368871615,-1.228573034662986
656,stable,-10.00000000000000,4.460635502968216,-3.543788753697299,2.947566731352708,-1.320323221385479
657,stable,-10.00000000000000,2.923253120359732,-2.235579710453749,2.959408686716415,-1.409705648082308
658,stable,-10.00000000000000,2.689981875650119,-4.233511153084692,3.377279772983456,-1.225586328830104
659,stable,-10.00000000000000,3.395744045323227,-2.464146505459212,2.713856596383266,-1.331693369182176
660,stable,-10.00000000000000,3.918088059901493,-3.042619470041245,2.706170525867492,-1.788645028194878
661,stable,-10.00000000000000,2.742530738396454,-2.171469853332383,3.498190018930472,-1.659984095022082
662,stable,-10.00000000000000,4.780392279280932,-3.416391000297153,2.789867506944574,-1.210703548102174
663,stable,-10.00000000000000,3.122316611581482,-2.471190888812998,2.837091150984634,-1.837087740270363
664,stable,-10.00000000000000,2.725004187261220,-2.807913561118767,3.214735100784310,-1.186243392830193
665,stable,-10.00000000000000,3.349994040792808,-2.020043599331984,3.194399890431669,-1.341875122860074
666,stable,-10.00000000000000,3.107919306727126,-3.781479978933930,2.691054813796654,-1.786973916459829
667,stable,-10.00000000000000,3.644833273370750,-3.958806005073711,2.717773238655354,-1.405742123723030
668,stable,-10.00000000000000,3.583880441059591,-2.097760779557575,3.052420603868086,-1.533909543359187
669,stable,-10.00000000000000,2.603565927900490,-4.225832203374011,2.948577394330641,-1.212844100184157
670,stable,-10.00000000000000,2.915501090130419,-1.831682207757694,3.216691108238592,-1.266782920025435
671,stable,-10.00000000000000,2.789974541781703,-4.503169479139615,2.857666511445132,-1.542556678847177
672,stable,-10.00000000000000,3.432768908547587,-3.465456194477156,3.038938537298236,-1.535239525837824
673,stable,-10.00000000000000,3.159431693144143,-2.873373770853505,2.833685135905398,-1.646157801151276
674,stable,-10.00000000000000,4.623702998622321,-5.032088972424390,3.211017554072896,-1.589980248245411
675,stable,-10.00000000000000,2.880623919598293,-1.767681301389530,2.611080178525299,-1.626212222501636
676,stable,-10.00000000000000,4.779347336298088,-3.552788446890190,2.779332693360629,-1.475495515018338
677,stable,-10.00000000000000,2.842132678895723,-2.267393460308085,2.900906015594956,-1.628491228286293
678,stable,-10.00000000000000,2.906605670606950,-3.466763099757372,2.921900002867915,-1.521409421664430
679,stable,-10.00000000000000,2.635193842797889,-3.138682262477232,3.315701446394087,-1.242937124254240
680,stable,-10.00000000000000,3.370898810157087,-3.329045620688703,2.948187452420825,-1.405741061884328
681,stable,-10.00000000000000,2.675952501565916,-3.635778793890495,2.606221637950512,-1.300519198237453
682,stable,-10.00000000000000,3.360625997855095,-2.613382770214230,2.654111374227796,-1.395329193546786
683,stable,-10.00000000000000,2.936468256579246,-3.841833502781810,2.775923108274583,-1.480215610379446
684,stable,-10.00000000000000,2.972655119665433,-2.244293150244630,2.811982528304725,-1.200344530545408
685,stable,-10.00000000000000,4.537976065650582,-4.131619418680202,2.924741441674996,-1.291384884083527
686,stable,-10.00000000000000,3.488027383005829,-3.406487575499341,2.640203702940369,-1.348497394472361
687,stable,-10.00000000000000,3.755366941913962,-4.791974721505539,3.057325743604451,-1.401528638321906
688,stable,-10.00000000000000,2.999760015576612,-3.739627035334706,2.830758498559589,-1.627868145704269
689,stable,-10.00000000000000,6.559555945859756,-3.627793828956783,2.884737929358380,-1.259382429692778
690,stable,-10.00000000000000,3.487528759083943,-3.137089331663447,2.630685795287718,-1.331062151119113
691,stable,-10.00000000000000,3.038100539037259,-2.941194498678669,3.226124332766631,-1.762830129024223
692,stable,-10.00000000000000,3.445569924500887,-4.089514794526622,2.727271313502570,-1.408527340507135
693,stable,-10.00000000000000,3.149873616697732,-3.193266773072537,2.866821751245880,-1.392715727284667
694,stable,-10.00000000000000,2.773309917829465,-6.867824346438283,2.971080986989364,-1.381958707934245
695,stable,-10.00000000000000,2.671435291151283,-2.618523747863946,2.766357533073460,-1.254023029468954
696,stable,-10.00000000000000,2.805544731207192,-2.874419145562570,2.669902442270541,-1.678730899293441
697,stable,-10.00000000000000,4.083798497624230,-3.688435776857659,2.894270924676675,-1.677287344587967
698,stable,-10.00000000000000,3.980394673097180,-3.490571634029038,2.699909421964549,-1.260728625815318
699,stable,-10.00000000000000,2.995823514109361,-4.297094590147026,2.437981806066091,-1.304529206201551
700,stable,-10.00000000000000,2.935744614245777,-1.894984542093880,2.936429497675817,-1.338592878360942
701,stable,-10.00000000000000,4.112280084344093,-5.748260143373045,2.807017213257495,-2.097233006214083
702,stable,-10.00000000000000,3.405900416837540,-5.435865797189763,2.790775199195195,-1.520994901657104
703,stable,-10.00000000000000,2.843366903263814,-3.652638696585200,2.554041387891630,-1.619653421141265
704,stable,-10.00000000000000,3.187416055676294,-3.418049435364082,3.346336763359432,-1.420109946047887
705,stable,-10.00000000000000,3.637815042813600,-3.237770971958525,2.939402833857457,-1.495449844747782
706,stable,-10.00000000000000,4.868531524960417,-2.976087414834183,2.889168466761475,-1.148183288052678
707,stable,-10.00000000000000,3.296098035265459,-4.809316692117136,2.922798056359170,-1.711099940666827
708,stable,-10.00000000000000,3.837945149687584,-2.172437250934308,2.996840142557630,-1.374697794504755
709,stable,-10.00000000000000,2.817374006182945,-3.210491489124252,2.702899303170852,-1.175433259948477
710,stable,-10.00000000000000,3.954471920733340,-3.544327876399620,2.948815074174490,-1.629074700584169
711,stable,-10.00000000000000,2.797562917199684,-2.531715937715489,3.065901956611924,-1.560471486751339
712,stable,-10.00000000000000,3.439776525628986,-3.117526670743246,2.858229154167930,-1.257255211472511
713,stable,-10.00000000000000,3.061397576617310,-4.601130210197880,2.545834977394406,-1.293543917767238
714,stable,-10.00000000000000,2.969759070037981,-3.024027657927945,2.428119535630685,-1.691219484433532
715,stable,-10.00000000000000,3.831331008637790,-4.140614169707987,2.795641576580238,-1.285465916793328
716,stable,-10.00000000000000,3.299059252045481,-3.593449916894315,3.294672453426756,-1.642872858908959
717,stable,-10.00000000000000,3.749766577617265,-6.174119976640213,2.815827935759444,-1.163236833410338
718,stable,-10.00000000000000,2.913901207299205,-1.567985408153618,2.768916198689112,-1.367637381074019
719,stable,-10.00000000000000,3.311550923943287,-3.267860090869362,3.450928139034659,-1.552873557520797
720,stable,-10.00000000000000,4.045308509012102,-3.924246137496084,2.673058789747301,-1.744036397368291
721,stable,-10.00000000000000,2.831133521453012,-2.198458407365251,2.565891713037672,-1.907007865498599
722,stable,-10.00000000000000,3.077885318823974,-3.528371812179103,2.764441376140894,-1.354780032408598
723,stable,-10.00000000000000,3.274632004613522,-3.501673464576015,2.551794583675473,-1.536519446686725
724,stable,-10.00000000000000,5.317175643402152,-6.010739186967839,2.822029277594993,-1.567876328088460
725,stable,-10.00000000000000,5.881561730362591,-3.017403861274943,3.427734551645699,-1.656821161755943
726,stable,-10.00000000000000,2.821950592537178,-4.275102998857619,2.860892009688541,-1.368136848526774
727,stable,-10.00000000000000,3.930928502071765,-3.487709962239023,2.731435252062511,-1.434720453500631
728,stable,-10.00000000000000,3.089166118079447,-3.492553180549294,3.258424498231761,-1.197425477206707
729,stable,-10.00000000000000,3.159419562158291,-3.727138538873987,2.853569209183661,-1.237127240608970
730,stable,-10.00000000000000,3.831609236483928,-3.984189425071236,2.689620448247297,-1.448796593176667
731,stable,-10.00000000000000,2.996895386459073,-3.735867693263572,3.054170993622392,-1.983713839843404
732,stable,-10.00000000000000,3.365610358188860,-4.156646124145482,3.147112850929261,-1.281827528393478
733,stable,-10.00000000000000,4.388228772208095,-4.092990043311147,3.019047700450756,-1.294998063473031
734,stable,-10.00000000000000,2.985090378642781,-3.886940172858885,3.099761178302288,-1.218362528830767
735,stable,-10.00000000000000,7.264205392202712,-3.482684586662799,2.861228402762208,-1.458424243523041
736,stable,-10.00000000000000,3.044678485573968,-5.061775230671628,2.942365764174610,-1.258544299780624
737,stable,-10.00000000000000,3.215809040528256,-5.213453225893318,2.873403194907951,-1.208849118382204
738,stable,-10.00000000000000,3.755064456490800,-2.140434706467204,2.586412806111184,-1.640727360936580
739,stable,-10.00000000000000,3.413054153905250,-4.171570255959523,3.401662702613976,-1.395025943136716
740,stable,-10.00000000000000,2.606546569699276,-2.676204651186708,2.885891462428845,-1.451029802337871
741,stable,-10.00000000000000,2.990380604984239,-3.166124661409413,2.795973145084645,-1.189959061332047
742,stable,-10.00000000000000,3.106724014505744,-2.277665906760376,2.896234548846223,-1.986155918464647
743,stable,-10.00000000000000,3.936151336383773,-3.729301782994298,3.373552572622430,-1.483070278103696
744,stable,-10.00000000000000,3.260362447079387,-3.733993861475028,2.554914520951570,-1.504000676901342
745,stable,-10.00000000000000,3.166039895470021,-3.180058084835764,2.527637371385936,-1.437414782245469
746,stable,-10.00000000000000,3.700728312018327,-3.923107084629009,3.055901865154738,-1.560362316115061
747,stable,-10.00000000000000,3.126643059353228,-2.580978263489669,2.541963201016188,-1.603574028362345
748,stable,-10.00000000000000,3.272612443775870,-3.650175342481816,2.694365349685540,-1.451555977080716
749,stable,-10.00000000000000,3.049020710022887,-3.038187903061043,2.462735792214517,-1.567125372781447
750,stable,-10.00000000000000,3.301591781870229,-2.571527362335473,2.551214583305409,-1.448904773220420
751,stable,-10.00000000000000,4.093435466755182,-4.074016794736963,2.664313973262324,-1.635859751142561
752,stable,-10.00000000000000,2.975264739994600,-4.680114376125857,2.624748156129499,-1.380884589307243
753,stable,-10.00000000000000,2.583177892316598,-3.143137815990485,2.773085195149179,-1.364406514738221
754,stable,-10.00000000000000,3.321577694208827,-2.342307517217705,3.226154626143398,-1.341274332509784
755,stable,-10.00000000000000,2.785817429728240,-2.898931515170261,2.710293637966970,-1.238335653482864
756,stable,-10.00000000000000,3.671767340099905,-3.607596497982740,3.141205611638725,-1.397563038946828
757,stable,-10.00000000000000,3.492011793190613,-3.203983809522470,2.753326043326524,-1.342578675481491
758,stable,-10.00000000000000,2.944705420115497,-2.554240410303464,3.219013624664512,-1.583531647920609
759,stable,-10.00000000000000,2.496804250156856,-2.812013423157623,2.889516487339279,-1.415019637282967
760,stable,-10.00000000000000,2.874989999574609,-4.621633606438991,3.090086028852966,-1.509271318180254
761,stable,-10.00000000000000,2.694515687966486,-3.814516911748797,2.937374521221500,-1.484683891736495
762,stable,-10.00000000000000,2.886390302315704,-3.530021156533621,2.780652329907753,-1.341515765903750
763,stable,-10.00000000000000,3.060028281193809,-5.263419539842289,2.822013906605207,-1.391082390233350
764,stable,-10.00000000000000,2.648645631212275,-2.295045710809063,2.739521248498932,-1.181816215124854
765,stable,-10.00000000000000,3.807599294115789,-3.422473333543167,3.264848049497232,-1.481315068900585
766,stable,-10.00000000000000,3.198232436319813,-2.248590171453543,2.705684946588008,-1.134042906604009
767,stable,-10.00000000000000,3.047606513842766,-4.803998690331355,2.814376399877801,-1.303820074535906
768,stable,-10.00000000000000,2.945287027949234,-2.497919588524383,2.890110823231225,-1.460361490986543
769,stable,-10.00000000000000,3.376283689634874,-2.531459069694392,3.006437470859964,-1.273012785648461
770,stable,-10.00000000000000,2.755291721405229,-4.885070748059661,2.667158133277553,-1.398201184347272
771,stable,-10.00000000000000,3.840542418533005,-2.753429509175476,3.514949528678699,-1.504529849175015
772,stable,-10.00000000000000,3.454511545540299,-5.665901538013713,2.723146400094265,-1.636494428130391
773,stable,-10.00000000000000,2.849490777414758,-2.160060733731370,3.014063019363675,-1.393315067700314
774,stable,-10.00000000000000,2.968629498034716,-3.671035700594075,3.213442251435481,-1.418993696554026
775,stable,-10.00000000000000,2.907095185539220,-2.594383222080069,3.355215183168184,-1.858253553160466
776,stable,-10.00000000000000,3.259930316940881,-2.620209877233719,2.891302117175655,-1.397658124129521
777,stable,-10.00000000000000,2.711645540839527,-4.232340291200671,3.033137779751996,-1.778089062514482
778,stable,-10.00000000000000,2.880354598626582,-2.920101915718988,3.200315369263990,-1.653717379003865
779,stable,-10.00000000000000,3.479278425933444,-1.952544506057166,2.533203127419256,-1.559079368918901
780,stable,-10.00000000000000,6.267223204398761,-4.293543903506361,3.752097225938996,-1.590183804684784
781,stable,-10.00000000000000,2.723129701567814,-3.093755248759408,3.222049710659121,-1.427839791107544
782,stable,-10.00000000000000,3.150450405213633,-4.736532337032259,3.090451849624515,-1.422222267057805
783,stable,-10.00000000000000,2.752867350591259,-4.777812592685223,2.814311766866012,-1.516288957122015
784,stable,-10.00000000000000,2.860390662943246,-1.995520172364195,3.417884151378530,-1.678943739010720
785,stable,-10.00000000000000,2.900314384693047,-3.922793018078664,2.755843061371706,-1.245816474591265
786,stable,-10.00000000000000,5.470915739133488,-4.202660510156420,2.476886526004819,-1.309480458498001
787,stable,-10.00000000000000,4.130653310916387,-2.749128436233150,2.940716728343432,-1.511368123479770
788,stable,-10.00000000000000,2.962639217817923,-5.213880568946479,3.213895409557153,-1.423186221159995
789,stable,-10.00000000000000,3.444473262643442,-4.382656319910893,2.716540496330708,-1.253334828408697
790,stable,-10.00000000000000,2.777396970661357,-2.851509794345475,2.948478425416397,-1.412223992459985
791,stable,-10.00000000000000,3.029020132555161,-3.103705506189726,2.950596051203320,-1.481527886600816
792,stable,-10.00000000000000,3.463043049094267,-3.278804517249228,2.832630214521487,-1.432505381380906
793,stable,-10.00000000000000,2.974176770767372,-4.530714796754182,3.013382830773480,-1.351373424229678
794,stable,-10.00000000000000,3.468237590495846,-2.920551074174000,2.732760957285791,-1.248377549796714
795,stable,-10.00000000000000,3.546009210112970,-3.817140079059754,3.278209203155711,-1.326868059113622
796,stable,-10.00000000000000,3.304415000937297,-1.451222619172768,3.013285447887029,-1.363330211963330
797,stable,-10.00000000000000,3.608192853862420,-4.067075396116707,3.194230094997693,-1.620201785321115
798,stable,-10.00000000000000,2.860091856739018,-3.582127164030680,2.564188773423666,-1.370292220803094
799,stable,-10.00000000000000,4.186061505781254,-3.319205715204589,3.078754038739135,-1.623692684515845
800,stable,-10.00000000000000,3.398734130401863,-3.166046594909858,2.755604737394606,-1.404726427994319
801,stable,-10.00000000000000,4.512682103872066,-2.418577909353189,2.962362371472409,-1.318993243927252
802,stable,-10.00000000000000,3.502094046940329,-2.328612448764034,2.816540324631205,-1.341694793416536
803,stable,-10.00000000000000,3.809232352068648,-4.112993814036599,2.571982359421781,-1.342106352240080
804,stable,-10.00000000000000,3.684274407394696,-3.984791877039243,2.804117042804137,-1.754623247015843
805,stable,-10.00000000000000,2.802204387888196,-3.401519368257141,2.609382631810149,-1.310108208097517
806,stable,-10.00000000000000,3.052073238039156,-3.590368187753484,2.783729476039298,-1.419415193930035
807,stable,-10.00000000000000,4.768783059378620,-4.655611748137744,2.910884787648683,-1.604642946678723
808,stable,-10.00000000000000,3.311720976431388,-3.337206803262234,2.865132913226262,-1.156042911577970
809,stable,-10.00000000000000,3.095509702121490,-3.237165617756546,2.705919306383294,-1.310443947819294
810,stable,-10.00000000000000,2.957505003178085,-2.358268430689350,3.044891319761518,-1.332983392967435
811,stable,-10.00000000000000,4.830259192778612,-3.008318918466102,2.968426952080335,-1.685252188239247
812,stable,-10.00000000000000,2.990575572883245,-4.632648927436094,3.450986775882484,-1.416615287336754
813,stable,-10.00000000000000,3.242420040507568,-4.455973377785995,2.666416896470764,-1.484237537806621
814,stable,-10.00000000000000,4.040407135966234,-4.323684870236320,2.802818627093075,-1.182618042454123
815,stable,-10.00000000000000,4.603306605102262,-3.597810482839122,3.162258093187120,-1.310180589469383
816,stable,-10.00000000000000,2.685322941557388,-3.346585970604792,2.854495093051810,-1.308361080336908
817,stable,-10.00000000000000,3.716421935008839,-2.930566193113918,2.858572015888058,-1.358050691895187
818,stable,-10.00000000000000,3.024314264039276,-3.592788518624729,2.973731718957424,-1.206514135817997
819,stable,-10.00000000000000,2.842616559268208,-4.069395819082274,3.222814145652592,-1.392185655742651
820,stable,-10.00000000000000,2.934276411426254,-3.006870296085253,2.785927952616476,-1.125564503588976
821,stable,-10.00000000000000,3.080753330199514,-1.770894454108202,2.986382614725471,-1.726211407323717
822,stable,-10.00000000000000,4.880423489667010,-4.291315363312606,2.874437771853991,-1.223902714482392
823,stable,-10.00000000000000,3.422829022470978,-4.949862433408271,2.561486302256526,-1.466056388802826
824,stable,-10.00000000000000,3.729876305995276,-5.476303731440566,2.650697273122205,-1.504440136530320
825,stable,-10.00000000000000,4.572935308970045,-4.698687177617103,2.587627717621217,-1.413356130618922
826,stable,-10.00000000000000,2.854813284007832,-3.881090580209275,2.773150032038757,-1.282229215510597
827,stable,-10.00000000000000,3.206754079903476,-3.987640544713940,2.777728226150430,-1.428752599164000
828,stable,-10.00000000000000,3.353771909314673,-3.015324639389291,2.619736328677391,-1.369579542864813
829,stable,-10.00000000000000,3.319701127824374,-3.624793454946484,2.975369153893553,-1.315378548009903
830,stable,-10.00000000000000,3.029918642365374,-4.435980459660641,2.544805709723732,-1.191074949369067
831,stable,-10.00000000000000,3.248385169456014,-3.997070485711447,3.311422502214555,-1.415470544248819
832,stable,-10.00000000000000,3.069539963209536,-4.220111972186714,2.723379670555005,-1.123476114867117
833,stable,-10.00000000000000,3.088768436806276,-3.958592567360029,3.016431777451544,-1.537381097514299
834,stable,-10.00000000000000,3.184009361197241,-4.133684147789609,2.784115257789381,-1.078241065388283
835,stable,-10.00000000000000,3.026970636550686,-4.939266425513779,2.524456621031277,-2.164201754232636
836,stable,-10.00000000000000,3.532071567722596,-1.732220719582983,2.758812592248432,-1.405612196773291
837,stable,-10.00000000000000,3.654907055213698,-3.469989289063960,3.617030411318410,-1.162362291186582
838,stable,-10.00000000000000,3.081296486678184,-5.189339119853685,2.830363386361569,-1.310918044284335
839,stable,-10.00000000000000,3.752089152651024,-3.347741640551249,2.742982098794528,-1.285091002515401
840,stable,-10.00000000000000,4.110772072424879,-2.758834096603096,2.883818530230201,-1.704896971583366
841,stable,-10.00000000000000,5.355315662192879,-3.428794057123014,2.720783720229520,-1.292820980015676
842,stable,-10.00000000000000,3.481091188397841,-3.688666971051134,3.503420617897063,-1.206233078388323
843,stable,-10.00000000000000,2.794390793664206,-3.829444327886449,3.449439505755436,-1.578857325279387
844,stable,-10.00000000000000,2.989754878784879,-4.675320555892540,2.686405504035065,-1.362320256987005
845,stable,-10.00000000000000,2.915756705187960,-2.917093957046745,2.679619298316538,-1.535318269394338
846,stable,-10.00000000000000,3.013026490691118,-2.075646438634067,3.014215694813174,-1.267604127147933
847,stable,-10.00000000000000,3.697214298706967,-4.991763007346890,2.760993378004059,-1.304159334763426
848,stable,-10.00000000000000,5.034052697505103,-3.568964875041274,3.319130946096266,-1.390245362999849
849,stable,-10.00000000000000,3.238836470321985,-4.639231458888389,2.809403502149507,-1.601492559275357
850,stable,-10.00000000000000,6.773129622903070,-4.968805310083553,2.842477620259160,-1.321550055741682
851,stable,-10.00000000000000,2.948348183097551,-2.413467566042527,3.383326114410011,-1.414225535023434
852,stable,-10.00000000000000,3.478300189846777,-3.638327175751328,2.495938617590582,-1.111905167730583
853,stable,-10.00000000000000,4.045414534033625,-3.067718332764343,2.686653909680899,-1.385606378316879
854,stable,-10.00000000000000,3.901595705683576,-3.346318686235463,2.823245670437245,-1.579120804541162
855,stable,-10.00000000000000,3.982228132415912,-5.238158058942645,2.753639794859737,-1.390459182250197
856,stable,-10.00000000000000,3.130819500220241,-2.609037439629901,2.846826881956076,-1.523647275458643
857,stable,-10.00000000000000,3.436721797566861,-4.311849549267208,2.920586985293085,-1.344374176587735
858,stable,-10.00000000000000,2.770816527889110,-4.387661368309637,3.079938675815356,-1.359566853614524
859,stable,-10.00000000000000,2.566394393470546,-2.632822602870874,2.790414373434032,-2.072923934494611
860,stable,-10.00000000000000,5.485156544804340,-2.932377832476050,2.862148196029011,-1.426491406979039
861,stable,-10.00000000000000,2.673630903591402,-2.330951241427101,2.949489354352181,-1.678365984182165
862,stable,-10.00000000000000,2.895510382033535,-2.260220782278338,2.648184256453533,-1.351533076507621
863,stable,-10.00000000000000,4.290990820416482,-4.454293045841041,2.562437636697723,-1.392508113756776
864,stable,-10.00000000000000,2.635313449747628,-3.037400336470455,3.185345615580445,-1.901098199508851
865,stable,-10.00000000000000,3.097565902367933,-4.217234687821474,2.795632520428626,-1.570098750024044
866,stable,-10.00000000000000,2.938727866450790,-5.229542831104482,2.584406387846684,-1.248835330363363
867,stable,-10.00000000000000,4.397462138978881,-5.174245856673224,2.883832113351673,-1.232009076513350
868,stable,-10.00000000000000,3.021421804829515,-2.182764101002249,2.547288110363297,-1.680135410599178
869,stable,-10.00000000000000,2.768978916748893,-4.547396525391378,2.679999162442982,-1.365050779108060
870,stable,-10.00000000000000,3.199040218110895,-3.791532567658578,3.255915981455473,-1.791292107009212
871,stable,-10.00000000000000,3.010620392684359,-2.494771232872154,2.902811586507596,-1.525387456553290
872,stable,-10.00000000000000,3.724034735947498,-2.197173462904175,3.112254588078940,-1.333069675023580
873,stable,-10.00000000000000,2.717310647858540,-2.374302118201740,2.751222113642143,-1.161903476051521
874,stable,-10.00000000000000,2.972090802963066,-2.819726823596284,3.024089700193144,-1.216896060388535
875,stable,-10.00000000000000,4.495499662458315,-3.385845700278878,2.815264653123450,-1.357897193472354
876,stable,-10.00000000000000,3.436994534611586,-3.184473401663126,3.143148462171666,-1.204473260324448
877,stable,-10.00000000000000,3.159852080221754,-2.891739188562497,3.152276259206701,-1.421982126310468
878,stable,-10.00000000000000,3.225624308630358,-4.069857287235209,2.837767725752201,-1.651045264501590
879,stable,-10.00000000000000,3.104379342112225,-2.544841617520433,2.440622330119368,-1.317209128465038
880,stable,-10.00000000000000,4.087014825781807,-4.716284746769816,2.923511933258851,-1.401884654536843
881,stable,-10.00000000000000,3.078131551214028,-3.641357741827960,2.967055410670582,-1.240697793662548
882,stable,-10.00000000000000,2.628216310109565,-1.606446694757324,3.354351709800540,-1.585657489631558
883,stable,-10.00000000000000,2.736141759061866,-1.805776898736440,2.831623371304886,-2.121398233633954
884,stable,-10.00000000000000,2.847592366102617,-6.182243434363045,2.785565415135352,-1.417716489238956
885,stable,-10.00000000000000,3.353643434646074,-3.773178863193607,3.140510122248088,-1.361397842443694
886,stable,-10.00000000000000,2.630959083486232,-2.523039237727062,3.037941451526422,-1.315728288864193
887,stable,-10.00000000000000,3.394401878496865,-2.687419530164334,2.630339864990674,-1.457746770232916
888,stable,-10.00000000000000,3.772641689400189,-4.366988283058163,2.916584025020711,-1.715017934911884
889,stable,-10.00000000000000,2.598405832770368,-1.827235291828401,2.649275052914163,-1.386605106294155
890,stable,-10.00000000000000,3.278162890695967,-2.530820985790342,3.056073950196151,-1.616616907869570
891,stable,-10.00000000000000,3.260561656526988,-2.792105738102691,2.821439901905251,-1.872696213453310
892,stable,-10.00000000000000,2.554036529007135,-2.672112014624872,3.154515928588808,-1.241064486683172
893,stable,-10.00000000000000,3.187945392186521,-2.008914166464820,2.795320544799324,-1.479262682754779
894,stable,-10.00000000000000,3.045940198819153,-2.993346265691798,2.620629802229814,-1.252114145318046
895,stable,-10.00000000000000,2.869678336326615,-3.180749966733856,2.915000495970332,-1.384470814839005
896,stable,-10.00000000000000,4.433612597757019,-4.438094124983763,3.499571476713754,-1.600455295716529
897,stable,-10.00000000000000,2.925332677114056,-2.897299553354969,3.077007741536363,-1.463086242620193
898,stable,-10.00000000000000,4.794801402458688,-4.285291595384479,3.225325386883924,-1.271094140814057
899,stable,-10.00000000000000,2.777584119532548,-2.414550016401336,2.908849551138701,-1.141691672695742
900,stable,-10.00000000000000,2.777871304992004,-3.873152632673737,3.387025052623358,-1.315298175497446
901,stable,-10.00000000000000,3.003434298792854,-2.830037110543344,3.297841530205915,-1.225465767085552
902,stable,-10.00000000000000,3.030138066926156,-2.572376646101475,3.260756473260699,-1.463647317141294
903,stable,-10.00000000000000,3.370274313958362,-2.843690531502943,3.130845200954354,-1.479951289016753
904,stable,-10.00000000000000,3.861673703417182,-4.121238882507896,2.786089280823944,-2.006236691406230
905,stable,-10.00000000000000,2.638441903080093,-4.435053645618609,2.912968241813360,-1.314462309703231
906,stable,-10.00000000000000,2.988898209528998,-4.049510092401761,3.017809613462305,-1.745305203483440
907,stable,-10.00000000000000,3.058561012968312,-3.317423939937726,2.881055995821953,-1.636296111639240
908,stable,-10.00000000000000,3.684559763118159,-2.637415759425494,2.438868207020278,-2.082863593648653
909,stable,-10.00000000000000,2.731709181854967,-2.371560623891128,2.695742831259849,-1.577721600238874
910,stable,-10.00000000000000,3.036922366183717,-1.922431201819563,3.201905570058443,-1.081181005574763
911,stable,-10.00000000000000,3.388772962543499,-3.917180082120467,4.290119791559846,-1.571434763896832
912,stable,-10.00000000000000,3.603257995055174,-3.000005621361197,2.803470591054065,-1.383540469541913
913,stable,-10.00000000000000,2.980566908430774,-2.714911726885475,2.708565169072244,-1.576785210712842
914,stable,-10.00000000000000,3.423305235111002,-1.953475827729562,3.058219209851814,-1.302312816638732
915,stable,-10.00000000000000,2.836677347571822,-2.688242569105569,3.025743026228156,-1.822757987945806
916,stable,-10.00000000000000,4.121134456625441,-3.296327753516380,2.695380511955591,-1.303137738988880
917,stable,-10.00000000000000,2.824018769111717,-2.567980754189193,2.755516314995475,-1.398091252885933
918,stable,-10.00000000000000,4.131804048200138,-6.672913682064973,2.667508882062975,-1.509312417096226
919,stable,-10.00000000000000,2.630890220083529,-1.822402774007060,3.950971830694471,-1.471860188758001
920,stable,-10.00000000000000,3.007525089953560,-3.396264629671350,2.773615066573257,-1.291154071688652
921,stable,-10.00000000000000,2.851933043799363,-2.156661204964621,2.539670189580647,-1.286713342415169
922,stable,-10.00000000000000,2.625784887910413,-2.521208123260294,3.213376786181470,-1.387873604064225
923,stable,-10.00000000000000,4.071871989610372,-2.728569084429182,2.956303188722814,-1.301489989215042
924,stable,-10.00000000000000,3.765325567743275,-4.034766269527609,3.152672159601934,-1.282048189415946
925,stable,-10.00000000000000,2.854160230199341,-2.496922590391478,2.825372796534793,-1.539677066728473
926,stable,-10.00000000000000,2.860600088693900,-2.116376917227171,2.693894262294634,-1.320099985809065
927,stable,-10.00000000000000,3.187055826769210,-2.840573428897187,2.545166636613430,-1.395501423772657
928,stable,-10.00000000000000,5.242317152267788,-6.871356474133790,2.666420231835218,-1.185500781255541
929,stable,-10.00000000000000,3.307497680478264,-5.172526993439533,2.604343670886010,-1.285582298878580
930,stable,-10.00000000000000,2.942705212190049,-1.982874280751275,2.757000761426752,-1.857185226690490
931,stable,-10.00000000000000,6.875544867245480,-2.746515160892159,2.711251753265969,-1.352004615931946
932,stable,-10.00000000000000,4.282004127511755,-3.789761497158906,3.153210988297360,-1.270547704771161
933,stable,-10.00000000000000,2.812887887412217,-2.457886269810842,3.186908841598779,-1.306033702123386
934,stable,-10.00000000000000,3.119993318789057,-2.038004625013855,3.180861203349195,-1.210283962644326
935,stable,-10.00000000000000,3.659672667039558,-3.006673950687400,2.858578250990831,-1.087914722214919
936,stable,-10.00000000000000,4.373590795876225,-4.174884915162693,2.535000355875127,-1.421700231709110
937,stable,-10.00000000000000,2.748201799753588,-3.525907031202223,3.173406953457743,-1.902449080866063
938,stable,-10.00000000000000,5.864390205475502,-3.333870520786149,2.445011635485571,-1.734805286076153
939,stable,-10.00000000000000,2.752481134812115,-3.563501965894829,2.706704317999538,-1.325998258027539
940,stable,-10.00000000000000,2.872598506932263,-3.450650916871382,3.355705692949414,-1.788809355479316
941,stable,-10.00000000000000,3.297447951321374,-1.882636262847200,3.237886707036523,-1.365926555357873
942,stable,-10.00000000000000,4.421019492758205,-5.183835385600105,3.156711874300527,-1.327993968006922
943,stable,-10.00000000000000,2.730896317414590,-3.248668236206868,3.679967724088783,-2.122690229472937
944,stable,-10.00000000000000,3.401232619645953,-3.286237751381123,3.076752590710385,-1.461620185640641
945,stable,-10.00000000000000,3.621594024123624,-2.497362888694624,2.830174069895293,-1.380004309932701
946,stable,-10.00000000000000,4.570339057827368,-3.607581762451446,3.103141044692165,-1.513283302043419
947,stable,-10.00000000000000,3.303491125698201,-4.243958177190507,3.325548661203356,-1.194244137383066
948,stable,-10.00000000000000,3.590889682513080,-5.275146592990495,2.969327583909035,-1.184064486697025
949,stable,-10.00000000000000,2.980705156587646,-3.323682431990164,2.899516234145267,-1.093963837060983
950,stable,-10.00000000000000,3.735933507734444,-4.204561857128283,2.557606413977737,-1.340728093331563
951,stable,-10.00000000000000,2.938406337052584,-2.989516448025825,3.152806674406747,-1.472437101448122
952,stable,-10.00000000000000,3.298618091183016,-3.551190542581026,2.854592934039829,-1.433944460703060
953,stable,-10.00000000000000,2.910957081709057,-4.788142177509144,3.083894504234195,-1.258532630279660
954,stable,-10.00000000000000,3.167708334600320,-3.420593634960824,2.691166182856250,-1.367675602887175
955,stable,-10.00000000000000,3.820992506982293,-3.597118295874679,2.904895783187385,-1.261179808527231
956,stable,-10.00000000000000,2.568806714902166,-2.301474760344718,3.476398777005670,-1.437407040604739
957,stable,-10.00000000000000,3.776908803774859,-6.012302326183999,2.914007588682580,-1.738862164493185
958,stable,-10.00000000000000,3.662263348349370,-4.434551948303124,2.649432756530587,-1.404804285615683
959,stable,-10.00000000000000,2.849513271139585,-3.486074753687717,3.633766309591010,-1.356191376186871
960,stable,-10.00000000000000,4.105069968674798,-3.021080402715597,2.508213367662393,-1.508862752856658
961,stable,-10.00000000000000,2.778910197055666,-3.890833687284612,3.147538575605722,-1.247589127160609
962,stable,-10.00000000000000,2.835784999857424,-3.079229832219426,3.428608574210557,-1.604912177397637
963,stable,-10.00000000000000,2.773699108307483,-1.941479935630923,3.098773745368817,-1.662404048023745
964,stable,-10.00000000000000,3.597268596466165,-6.719876945586293,2.849904169968795,-1.257863560069381
965,stable,-10.00000000000000,2.755885317339562,-2.636386137688532,3.612605568778235,-1.276812009338755
966,stable,-10.00000000000000,3.369156713539269,-5.200253910195897,2.724848162120907,-1.273551466409117
967,stable,-10.00000000000000,3.379561502806609,-3.048270501312800,2.576137086871313,-1.400024974188455
968,stable,-10.00000000000000,3.071309306775220,-2.896432063076645,2.673721938932431,-1.797171949232506
969,stable,-10.00000000000000,4.239289115532301,-3.591428614163306,2.611397925926212,-1.493160665908363
970,stable,-10.00000000000000,2.809921881373157,-2.001496839366155,3.131356850615703,-1.466576007165713
971,stable,-10.00000000000000,2.798575094206171,-1.983896273872233,2.622929007789935,-1.470145308870997
972,stable,-10.00000000000000,3.873677147421404,-4.377118811069522,2.713439372921130,-1.637303464158322
973,stable,-10.00000000000000,3.199875721848002,-3.695500383269973,3.065534205416043,-1.408592638581467
974,stable,-10.00000000000000,2.790640037201229,-3.105705814421526,2.929315114772180,-1.775670424516647
975,stable,-10.00000000000000,2.953565326242824,-3.544135154297692,2.765737458263175,-1.265885968707153
976,stable,-10.00000000000000,3.176361938589253,-3.402870779769728,2.880505223030923,-1.417515212669969
977,stable,-10.00000000000000,3.027698239020538,-3.917297959589632,3.066566554451128,-1.160408525553066
978,stable,-10.00000000000000,3.007344675716013,-6.004605323279975,3.061414811236318,-1.540961933060316
979,stable,-10.00000000000000,3.902522852120455,-3.050001458075712,3.368614498758689,-1.045489704236388
980,stable,-10.00000000000000,2.969705435942160,-3.051419532392174,2.773620127023605,-1.299223772146433
981,stable,-10.00000000000000,3.491914318205090,-3.789394410036039,3.242230893229134,-1.736896514194086
982,stable,-10.00000000000000,3.541816404758720,-3.150344988796860,2.744697435002308,-1.477846299319935
983,stable,-10.00000000000000,3.044523322081659,-2.720089497859590,2.830423495353898,-1.319331191480160
984,stable,-10.00000000000000,2.987362240768562,-2.841693189751823,3.718054993732949,-1.520481379145167
985,stable,-10.00000000000000,2.727018000499811,-1.972484638172318,2.971319676718849,-1.850813766854117
986,stable,-10.00000000000000,2.904949851857964,-3.562678258385858,2.803191882841929,-1.368669735711592
987,stable,-10.00000000000000,2.825717941974290,-3.610562017187476,3.361120511312038,-1.398257182998350
988,stable,-10.00000000000000,2.868283240124583,-2.925789254542906,3.002453595632687,-1.438032574078534
989,stable,-10.00000000000000,4.346570099180099,-2.452115283114836,2.679531845848032,-1.373360844707349
990,stable,-10.00000000000000,3.127503145362425,-3.505968611003482,2.776805677843413,-1.596621281816624
991,stable,-10.00000000000000,3.220521724142600,-2.904327824158827,2.826065470522735,-1.282625681618811
992,stable,-10.00000000000000,3.780961667944212,-4.256830800732132,2.449862786612357,-1.172652616885898
993,stable,-10.00000000000000,3.105686378898099,-2.929554400499910,2.808504935906967,-1.381387287474354
994,stable,-10.00000000000000,3.599573738159961,-3.520348230027594,3.622731547933654,-1.443933477909013
995,stable,-10.00000000000000,3.127050509792753,-2.710021141188918,2.933552024071105,-1.452263203216717
996,stable,-10.00000000000000,2.721214383961524,-4.223403561161831,2.790191185165895,-1.613326761682401
997,stable,-10.00000000000000,3.011623689759290,-4.061636351048946,2.793629813488224,-1.428477122481127
998,stable,-10.00000000000000,5.187399522445048,-4.944277163129300,2.873412445274880,-1.677344009491208
999,stable,-10.00000000000000,4.383147504020599,-2.718256123480387,2.871242840934428,-1.651472422527149
1000,stable,-10.00000000000000,3.227787745447131,-2.032462096074596,2.638533731464122,-1.396204056160059
