id,Layer,node_count,HR_total,EPR_total,WR_total,UR_total
0,1,784,.000000000000000,.000000000000000,-1.663741219685582,1.663741219685582
0,2,256,-3.327482439370277,6.654964878740554,-3.251676104275232,-.7580633509504671E-01
0,3,256,-3.175869769179394,6.351739538358787,-3.165966301797436,-.9903467381957482E-02
0,4,256,-3.156062834415714,6.312125668831428,-2.138607669787554,-1.017455164628159
0,5,10,-1.121152505159517,2.242305010319035,-.5605762525797651,-.5605762525797523
1,1,784,.000000000000000,.000000000000000,-1.663741219685585,1.663741219685585
1,2,256,-3.327482439370345,6.654964878740691,-3.250139651892147,-.7734278747819714E-01
1,3,256,-3.172796864412903,6.345593728825805,-3.157155468078356,-.1564139633454652E-01
1,4,256,-3.141514071743722,6.283028143487443,-2.123923160188216,-1.017590911555506
1,5,10,-1.106332248632888,2.212664497265775,-.5531661243164269,-.5531661243164607
2,1,784,.000000000000000,.000000000000000,-1.663741219685581,1.663741219685581
2,2,256,-3.327482439370243,6.654964878740486,-3.250141331360058,-.7734110801018258E-01
2,3,256,-3.172800223348744,6.345600446697487,-3.157161632281526,-.1563859106721985E-01
2,4,256,-3.141523041214159,6.283046082428317,-2.123905799076441,-1.017617242137717
2,5,10,-1.106288556938804,2.212577113877607,-.5531442784693965,-.5531442784694071
3,1,784,.000000000000000,.000000000000000,-1.663741219685584,1.663741219685584
3,2,256,-3.327482439370348,6.654964878740696,-3.250148842544321,-.7733359682602664E-01
3,3,256,-3.172815245717677,6.345630491435354,-3.157173404739746,-.1564184097793042E-01
3,4,256,-3.141531563762147,6.283063127524295,-2.123915356179511,-1.017616207582636
3,5,10,-1.106299148597047,2.212598297194093,-.5531495742985045,-.5531495742985423
4,1,784,.000000000000000,.000000000000000,-1.663741219685583,1.663741219685583
4,2,256,-3.327482439370501,6.654964878741002,-3.250139375944892,-.7734306342560945E-01
4,3,256,-3.172796312518511,6.345592625037022,-3.157175131236309,-.1562118128220184E-01
4,4,256,-3.141553949954146,6.283107899908291,-2.123929013895856,-1.017624936058289
4,5,10,-1.106304077837719,2.212608155675438,-.5531520389188586,-.5531520389188602
5,1,784,.000000000000000,.000000000000000,-1.663741219685585,1.663741219685585
5,2,256,-3.327482439370411,6.654964878740823,-3.250147907259582,-.7733453211082680E-01
5,3,256,-3.172813375147926,6.345626750295852,-3.157167316296138,-.1564605885178979E-01
5,4,256,-3.141521257444008,6.283042514888016,-2.123900419463393,-1.017620837980618
5,5,10,-1.106279581482516,2.212559162965032,-.5531397907412546,-.5531397907412613
6,1,784,.000000000000000,.000000000000000,-1.663741219685586,1.663741219685586
6,2,256,-3.327482439370412,6.654964878740825,-3.250156563454816,-.7732587591559914E-01
6,3,256,-3.172830687538590,6.345661375077181,-3.157171704016545,-.1565898352204410E-01
6,4,256,-3.141512720494779,6.283025440989558,-2.123922990642749,-1.017589729852034
6,5,10,-1.106333260790894,2.212666521581788,-.5531666303954329,-.5531666303954612
7,1,784,.000000000000000,.000000000000000,-1.663741219685581,1.663741219685581
7,2,256,-3.327482439370335,6.654964878740669,-3.250155640664429,-.7732679870590803E-01
7,3,256,-3.172828841957779,6.345657683915558,-3.157189025511238,-.1563981644653943E-01
7,4,256,-3.141549209064832,6.283098418129663,-2.123937754107948,-1.017611454956882
7,5,10,-1.106326299151063,2.212652598302125,-.5531631495755561,-.5531631495755067
8,1,784,.000000000000000,.000000000000000,-1.663741219685584,1.663741219685584
8,2,256,-3.327482439370244,6.654964878740487,-3.250154321135331,-.7732811823491353E-01
8,3,256,-3.172826202899298,6.345652405798595,-3.157182049566829,-.1564415333247250E-01
8,4,256,-3.141537896234275,6.283075792468550,-2.123950342627962,-1.017587553606314
8,5,10,-1.106362789021722,2.212725578043443,-.5531813945108838,-.5531813945108377
9,1,784,.000000000000000,.000000000000000,-1.663741219685585,1.663741219685585
9,2,256,-3.327482439370307,6.654964878740614,-3.250150574081721,-.7733186528858407E-01
9,3,256,-3.172818708792287,6.345637417584575,-3.157163548352779,-.1565516043950946E-01
9,4,256,-3.141508387913193,6.283016775826386,-2.123898455749500,-1.017609932163694
9,5,10,-1.106288523585740,2.212577047171480,-.5531442617928595,-.5531442617928806
10,1,784,.000000000000000,.000000000000000,-1.663741219685581,1.663741219685581
10,2,256,-3.327482439370324,6.654964878740648,-3.250157215919204,-.7732522345111738E-01
10,3,256,-3.172831992467037,6.345663984934074,-3.157164750791189,-.1566724167584324E-01
10,4,256,-3.141497509115198,6.282995018230396,-2.123940305528613,-1.017557203586585
10,5,10,-1.106383101942104,2.212766203884208,-.5531915509710446,-.5531915509710595
11,1,784,.000000000000000,.000000000000000,-1.663741219685583,1.663741219685583
11,2,256,-3.327482439370339,6.654964878740679,-3.250166690584101,-.7731574878623867E-01
11,3,256,-3.172850941796462,6.345701883592923,-3.157189157805952,-.1566178399051201E-01
11,4,256,-3.141527373814880,6.283054747629761,-2.123948037042568,-1.017579336772313
11,5,10,-1.106368700270299,2.212737400540597,-.5531843501351351,-.5531843501351634
12,1,784,.000000000000000,.000000000000000,-1.663741219685585,1.663741219685585
12,2,256,-3.327482439370333,6.654964878740667,-3.250147943334241,-.7733449603609446E-01
12,3,256,-3.172813447297511,6.345626894595022,-3.157160153143991,-.1565329415352065E-01
12,4,256,-3.141506858990675,6.283013717981349,-2.123897837016270,-1.017609021974405
12,5,10,-1.106288815041816,2.212577630083632,-.5531444075209392,-.5531444075208770
13,1,784,.000000000000000,.000000000000000,-1.663741219685582,1.663741219685582
13,2,256,-3.327482439370288,6.654964878740577,-3.250148972439737,-.7733346693055029E-01
13,3,256,-3.172815505508401,6.345631011016803,-3.157167168296926,-.1564833721147951E-01
13,4,256,-3.141518831085355,6.283037662170710,-2.123907942982992,-1.017610888102363
13,5,10,-1.106297054880415,2.212594109760829,-.5531485274402264,-.5531485274401881
14,1,784,.000000000000000,.000000000000000,-1.663741219685583,1.663741219685583
14,2,256,-3.327482439370342,6.654964878740684,-3.250148679195382,-.7733376017496135E-01
14,3,256,-3.172814919019441,6.345629838038882,-3.157167479077552,-.1564743994188911E-01
14,4,256,-3.141520039135647,6.283040078271294,-2.123911286505332,-1.017608752630318
14,5,10,-1.106302533875155,2.212605067750310,-.5531512669375792,-.5531512669375759
15,1,784,.000000000000000,.000000000000000,-1.663741219685584,1.663741219685584
15,2,256,-3.327482439370364,6.654964878740728,-3.250152917051170,-.7732952231919331E-01
15,3,256,-3.172823394731354,6.345646789462707,-3.157174662355724,-.1564873237562708E-01
15,4,256,-3.141525929980275,6.283051859960550,-2.123931143396224,-1.017594786584052
15,5,10,-1.106336356812151,2.212672713624302,-.5531681784060886,-.5531681784060625
16,1,784,.000000000000000,.000000000000000,-1.663741219685582,1.663741219685582
16,2,256,-3.327482439370451,6.654964878740902,-3.250156758625494,-.7732568074495891E-01
16,3,256,-3.172831077879269,6.345662155758538,-3.157173188051002,-.1565788982826484E-01
16,4,256,-3.141515298222311,6.283030596444623,-2.123878879427334,-1.017636418794981
16,5,10,-1.106242460632478,2.212484921264957,-.5531212303162428,-.5531212303162356
17,1,784,.000000000000000,.000000000000000,-1.663741219685582,1.663741219685582
17,2,256,-3.327482439370244,6.654964878740489,-3.250154150037668,-.7732828933257374E-01
17,3,256,-3.172825860704424,6.345651721408847,-3.157185318684710,-.1564054201971287E-01
17,4,256,-3.141544776665390,6.283089553330780,-2.123905991258368,-1.017638785407023
17,5,10,-1.106267205851521,2.212534411703042,-.5531336029257433,-.5531336029257777
18,1,784,.000000000000000,.000000000000000,-1.663741219685584,1.663741219685584
18,2,256,-3.327482439370346,6.654964878740692,-3.250133488684960,-.7734895068538579E-01
18,3,256,-3.172784537998949,6.345569075997898,-3.157185037631421,-.1559950036752769E-01
18,4,256,-3.141585537263878,6.283171074527757,-2.123945263437532,-1.017640273826346
18,5,10,-1.106304989610973,2.212609979221947,-.5531524948054892,-.5531524948054842
19,1,784,.000000000000000,.000000000000000,-1.663741219685583,1.663741219685583
19,2,256,-3.327482439370357,6.654964878740714,-3.250146802551597,-.7733563681875871E-01
19,3,256,-3.172811165731990,6.345622331463979,-3.157182801852382,-.1562836387960612E-01
19,4,256,-3.141554437972704,6.283108875945408,-2.123930942437439,-1.017623495535266
19,5,10,-1.106307446902096,2.212614893804192,-.5531537234510722,-.5531537234510239
20,1,784,.000000000000000,.000000000000000,-1.663741219685583,1.663741219685583
20,2,256,-3.327482439370400,6.654964878740801,-3.250153460384698,-.7732897898570384E-01
20,3,256,-3.172824481398289,6.345648962796578,-3.157170049426992,-.1565443197129494E-01
20,4,256,-3.141515617455980,6.283031234911960,-2.123886634165604,-1.017628983290377
20,5,10,-1.106257650875453,2.212515301750905,-.5531288254377258,-.5531288254377269
21,1,784,.000000000000000,.000000000000000,-1.663741219685584,1.663741219685584
21,2,256,-3.327482439370312,6.654964878740623,-3.250155282064000,-.7732715730630836E-01
21,3,256,-3.172828124756808,6.345656249513615,-3.157185783897003,-.1564234085980020E-01
21,4,256,-3.141543443037180,6.283086886074360,-2.123928397374801,-1.017615045662379
21,5,10,-1.106313351712483,2.212626703424965,-.5531566758562169,-.5531566758562657
22,1,784,.000000000000000,.000000000000000,-1.663741219685583,1.663741219685583
22,2,256,-3.327482439370288,6.654964878740577,-3.250147942592962,-.7733449677732505E-01
22,3,256,-3.172813445814995,6.345626891629990,-3.157162875239155,-.1565057057584196E-01
22,4,256,-3.141512304663289,6.283024609326578,-2.123917106011869,-1.017595198651422
22,5,10,-1.106321907360194,2.212643814720389,-.5531609536800961,-.5531609536800983
23,1,784,.000000000000000,.000000000000000,-1.663741219685583,1.663741219685583
23,2,256,-3.327482439370341,6.654964878740683,-3.250152634423194,-.7732980494714708E-01
23,3,256,-3.172822829475369,6.345645658950739,-3.157161539034839,-.1566129044053002E-01
23,4,256,-3.141500248594170,6.283000497188341,-2.123903647438450,-1.017596601155722
23,5,10,-1.106307046282469,2.212614092564938,-.5531535231412249,-.5531535231412443
24,1,784,.000000000000000,.000000000000000,-1.663741219685584,1.663741219685584
24,2,256,-3.327482439370417,6.654964878740834,-3.250149784071470,-.7733265529894943E-01
24,3,256,-3.172817128772033,6.345634257544066,-3.157164741817652,-.1565238695438179E-01
24,4,256,-3.141512354863373,6.283024709726746,-2.123910630421885,-1.017601724441489
24,5,10,-1.106308905980212,2.212617811960424,-.5531544529901218,-.5531544529900903
25,1,784,.000000000000000,.000000000000000,-1.663741219685582,1.663741219685582
25,2,256,-3.327482439370477,6.654964878740954,-3.250150141316365,-.7733229805411260E-01
25,3,256,-3.172817843261544,6.345635686523089,-3.157153668271592,-.1566417498995194E-01
25,4,256,-3.141489493281531,6.282978986563061,-2.123875844570571,-1.017613648710960
25,5,10,-1.106262195859468,2.212524391718936,-.5531310979297619,-.5531310979297058
26,1,784,.000000000000000,.000000000000000,-1.663741219685582,1.663741219685582
26,2,256,-3.327482439370387,6.654964878740774,-3.250147550545495,-.7733488882488848E-01
26,3,256,-3.172812661719915,6.345625323439831,-3.157170060651263,-.1564260106865172E-01
26,4,256,-3.141527459582551,6.283054919165102,-2.123912710048317,-1.017614749534235
26,5,10,-1.106297960513948,2.212595921027896,-.5531489802569680,-.5531489802569802
27,1,784,.000000000000000,.000000000000000,-1.663741219685583,1.663741219685583
27,2,256,-3.327482439370345,6.654964878740690,-3.250152439432005,-.7732999993833968E-01
27,3,256,-3.172822439492793,6.345644878985586,-3.157152168226035,-.1567027126675712E-01
27,4,256,-3.141481896959534,6.282963793919067,-2.123892905376216,-1.017588991583315
27,5,10,-1.106303913793214,2.212607827586427,-.5531519568966062,-.5531519568966073
28,1,784,.000000000000000,.000000000000000,-1.663741219685583,1.663741219685583
28,2,256,-3.327482439370288,6.654964878740576,-3.250153143036785,-.7732929633350367E-01
28,3,256,-3.172823846702165,6.345647693404331,-3.157162356181754,-.1566149052041165E-01
28,4,256,-3.141500865661361,6.283001731322722,-2.123896922275388,-1.017603943385973
28,5,10,-1.106292978889648,2.212585957779295,-.5531464894448368,-.5531464894448107
29,1,784,.000000000000000,.000000000000000,-1.663741219685581,1.663741219685581
29,2,256,-3.327482439370431,6.654964878740861,-3.250138797569075,-.7734364180135324E-01
29,3,256,-3.172795155766998,6.345590311533996,-3.157158677182827,-.1563647858416942E-01
29,4,256,-3.141522198598620,6.283044397197240,-2.123906027479482,-1.017616171119139
29,5,10,-1.106289856360308,2.212579712720617,-.5531449281801476,-.5531449281801604
30,1,784,.000000000000000,.000000000000000,-1.663741219685581,1.663741219685581
30,2,256,-3.327482439370328,6.654964878740656,-3.250133061133164,-.7734937823716534E-01
30,3,256,-3.172783682895195,6.345567365790389,-3.157143824739080,-.1563985815611254E-01
30,4,256,-3.141503966582804,6.283007933165607,-2.123909353236405,-1.017594613346398
30,5,10,-1.106314739889805,2.212629479779610,-.5531573699449064,-.5531573699448986
31,1,784,.000000000000000,.000000000000000,-1.663741219685584,1.663741219685584
31,2,256,-3.327482439370497,6.654964878740993,-3.250160420953149,-.7732201841734840E-01
31,3,256,-3.172838402535237,6.345676805070474,-3.157161093963312,-.1567730857192446E-01
31,4,256,-3.141483785391320,6.282967570782639,-2.123861224659089,-1.017622560732226
31,5,10,-1.106238663926657,2.212477327853315,-.5531193319633444,-.5531193319633128
32,1,784,.000000000000000,.000000000000000,-1.663741219685583,1.663741219685583
32,2,256,-3.327482439370399,6.654964878740799,-3.250151276229603,-.7733116314079631E-01
32,3,256,-3.172820113088063,6.345640226176125,-3.157170915362576,-.1564919772548669E-01
32,4,256,-3.141521717637230,6.283043435274459,-2.123914918687774,-1.017606798949456
32,5,10,-1.106308119738470,2.212616239476940,-.5531540598692187,-.5531540598692515
33,1,784,.000000000000000,.000000000000000,-1.663741219685583,1.663741219685583
33,2,256,-3.327482439370551,6.654964878741103,-3.250154597489057,-.7732784188149548E-01
33,3,256,-3.172826755607051,6.345653511214102,-3.157167768080540,-.1565898752650933E-01
33,4,256,-3.141508780554426,6.283017561108851,-2.123922221654774,-1.017586558899652
33,5,10,-1.106335662755410,2.212671325510819,-.5531678313777080,-.5531678313777019
34,1,784,.000000000000000,.000000000000000,-1.663741219685582,1.663741219685582
34,2,256,-3.327482439370177,6.654964878740355,-3.250127401673481,-.7735503769669422E-01
34,3,256,-3.172772363975950,6.345544727951901,-3.157136337611087,-.1563602636486340E-01
34,4,256,-3.141500311246610,6.283000622493219,-2.123914012975237,-1.017586298271373
34,5,10,-1.106327714704106,2.212655429408211,-.5531638573520473,-.5531638573520584
35,1,784,.000000000000000,.000000000000000,-1.663741219685583,1.663741219685583
35,2,256,-3.327482439370391,6.654964878740781,-3.250148705054973,-.7733373431541841E-01
35,3,256,-3.172814970738584,6.345629941477167,-3.157154153612390,-.1566081712619274E-01
35,4,256,-3.141493336486218,6.282986672972436,-2.123897028207236,-1.017596308278983
35,5,10,-1.106300719928451,2.212601439856902,-.5531503599642400,-.5531503599642111
36,1,784,.000000000000000,.000000000000000,-1.663741219685584,1.663741219685584
36,2,256,-3.327482439370292,6.654964878740584,-3.250141775295148,-.7734066407514333E-01
36,3,256,-3.172801111219172,6.345602222438345,-3.157174617548649,-.1562649367052367E-01
36,4,256,-3.141548123878090,6.283096247756180,-2.123941522853485,-1.017606601024603
36,5,10,-1.106334921828744,2.212669843657488,-.5531674609144005,-.5531674609143439
37,1,784,.000000000000000,.000000000000000,-1.663741219685585,1.663741219685585
37,2,256,-3.327482439370317,6.654964878740634,-3.250141983299763,-.7734045607055479E-01
37,3,256,-3.172801527228294,6.345603054456588,-3.157154052107771,-.1564747512052173E-01
37,4,256,-3.141506576987215,6.283013153974431,-2.123871524226436,-1.017635052760779
37,5,10,-1.106236471465695,2.212472942931389,-.5531182357328447,-.5531182357328501
38,1,784,.000000000000000,.000000000000000,-1.663741219685584,1.663741219685584
38,2,256,-3.327482439370291,6.654964878740581,-3.250148004476234,-.7733443489405488E-01
38,3,256,-3.172813569581443,6.345627139162885,-3.157158806870316,-.1565476271112570E-01
38,4,256,-3.141504044159369,6.283008088318738,-2.123885429917272,-1.017618614242099
38,5,10,-1.106266815675224,2.212533631350448,-.5531334078376078,-.5531334078376161
39,1,784,.000000000000000,.000000000000000,-1.663741219685584,1.663741219685584
39,2,256,-3.327482439370370,6.654964878740739,-3.250143494990813,-.7733894437955711E-01
39,3,256,-3.172804550610554,6.345609101221108,-3.157148417078710,-.1565613353184382E-01
39,4,256,-3.141492283547056,6.282984567094112,-2.123915281035517,-1.017577002511539
39,5,10,-1.106338278524077,2.212676557048153,-.5531691392620401,-.5531691392620363
40,1,784,.000000000000000,.000000000000000,-1.663741219685583,1.663741219685583
40,2,256,-3.327482439370367,6.654964878740734,-3.250153920607196,-.7732851876317134E-01
40,3,256,-3.172825401843519,6.345650803687039,-3.157162267017939,-.1566313482557765E-01
40,4,256,-3.141499132192541,6.282998264385082,-2.123896526025539,-1.017602606167000
40,5,10,-1.106293919858462,2.212587839716923,-.5531469599292141,-.5531469599292475
41,1,784,.000000000000000,.000000000000000,-1.663741219685585,1.663741219685585
41,2,256,-3.327482439370249,6.654964878740499,-3.250155580944012,-.7732685842623932E-01
41,3,256,-3.172828722517250,6.345657445034501,-3.157201719685578,-.1562700283167030E-01
41,4,256,-3.141574716854326,6.283149433708652,-2.123906445017738,-1.017668271836586
41,5,10,-1.106238173181181,2.212476346362362,-.5531190865905873,-.5531190865905934
42,1,784,.000000000000000,.000000000000000,-1.663741219685584,1.663741219685584
42,2,256,-3.327482439370308,6.654964878740616,-3.250148870768814,-.7733356860149108E-01
42,3,256,-3.172815302166399,6.345630604332799,-3.157170863656786,-.1564443850961679E-01
42,4,256,-3.141526425147528,6.283052850295055,-2.123893793093965,-1.017632632053561
42,5,10,-1.106261161040803,2.212522322081605,-.5531305805204124,-.5531305805203902
43,1,784,.000000000000000,.000000000000000,-1.663741219685584,1.663741219685584
43,2,256,-3.327482439370465,6.654964878740929,-3.250150163015499,-.7733227635496834E-01
43,3,256,-3.172817886659936,6.345635773319873,-3.157173602068992,-.1564428459094840E-01
43,4,256,-3.141529317478333,6.283058634956666,-2.123908356314025,-1.017620961164304
43,5,10,-1.106287395149907,2.212574790299815,-.5531436975749539,-.5531436975749533
44,1,784,.000000000000000,.000000000000000,-1.663741219685583,1.663741219685583
44,2,256,-3.327482439370345,6.654964878740691,-3.250146349055619,-.7733609031472816E-01
44,3,256,-3.172810258739689,6.345620517479378,-3.157165006452042,-.1564525228764921E-01
44,4,256,-3.141519754164051,6.283039508328102,-2.123910229567031,-1.017609524597020
44,5,10,-1.106300704970069,2.212601409940138,-.5531503524850275,-.5531503524850414
45,1,784,.000000000000000,.000000000000000,-1.663741219685581,1.663741219685581
45,2,256,-3.327482439370316,6.654964878740631,-3.250136914797383,-.7734552457293167E-01
45,3,256,-3.172791390223509,6.345582780447018,-3.157168922426853,-.1562246779665644E-01
45,4,256,-3.141546454630177,6.283092909260354,-2.123946674372964,-1.017599780257213
45,5,10,-1.106346894115843,2.212693788231685,-.5531734470579113,-.5531734470579314
46,1,784,.000000000000000,.000000000000000,-1.663741219685582,1.663741219685582
46,2,256,-3.327482439370528,6.654964878741056,-3.250162692681868,-.7731974668866030E-01
46,3,256,-3.172842945992744,6.345685891985489,-3.157194198571603,-.1564874742114055E-01
46,4,256,-3.141545451150739,6.283090902301478,-2.123903952393689,-1.017641498757051
46,5,10,-1.106262453636751,2.212524907273501,-.5531312268183726,-.5531312268183781
47,1,784,.000000000000000,.000000000000000,-1.663741219685582,1.663741219685582
47,2,256,-3.327482439370398,6.654964878740796,-3.250141114763567,-.7734132460683471E-01
47,3,256,-3.172799790156005,6.345599580312010,-3.157146276986307,-.1565351316969469E-01
47,4,256,-3.141492763816736,6.282985527633472,-2.123898515582682,-1.017594248234052
47,5,10,-1.106304267348692,2.212608534697384,-.5531521336743586,-.5531521336743335
48,1,784,.000000000000000,.000000000000000,-1.663741219685583,1.663741219685583
48,2,256,-3.327482439370292,6.654964878740584,-3.250151770392341,-.7733066897794930E-01
48,3,256,-3.172821101413359,6.345642202826719,-3.157182404977476,-.1563869643588270E-01
48,4,256,-3.141543708541612,6.283087417083225,-2.123925371397358,-1.017618337144255
48,5,10,-1.106307034253251,2.212614068506501,-.5531535171266427,-.5531535171266078
49,1,784,.000000000000000,.000000000000000,-1.663741219685584,1.663741219685584
49,2,256,-3.327482439370428,6.654964878740857,-3.250141647059227,-.7734079231120196E-01
49,3,256,-3.172800854747210,6.345601709494421,-3.157154585121773,-.1564626962543776E-01
49,4,256,-3.141508315496100,6.283016630992201,-2.123930025572952,-1.017578289923149
49,5,10,-1.106351735649665,2.212703471299330,-.5531758678248223,-.5531758678248428
50,1,784,.000000000000000,.000000000000000,-1.663741219685585,1.663741219685585
50,2,256,-3.327482439370331,6.654964878740661,-3.250152752404627,-.7732968696570226E-01
50,3,256,-3.172823065438159,6.345646130876318,-3.157172017869569,-.1565104756859297E-01
50,4,256,-3.141520970301097,6.283041940602193,-2.123914782815495,-1.017606187485600
50,5,10,-1.106308595329949,2.212617190659897,-.5531542976649736,-.5531542976649753
51,1,784,.000000000000000,.000000000000000,-1.663741219685583,1.663741219685583
51,2,256,-3.327482439370267,6.654964878740533,-3.250144540052041,-.7733789931822743E-01
51,3,256,-3.172806640732631,6.345613281465261,-3.157157204761528,-.1564943597110380E-01
51,4,256,-3.141507768790138,6.283015537580276,-2.123896981596773,-1.017610787193364
51,5,10,-1.106286194403386,2.212572388806773,-.5531430972017045,-.5531430972016818
52,1,784,.000000000000000,.000000000000000,-1.663741219685583,1.663741219685583
52,2,256,-3.327482439370349,6.654964878740699,-3.250142009288047,-.7734043008230225E-01
52,3,256,-3.172801579204920,6.345603158409840,-3.157143545055139,-.1565803414977752E-01
52,4,256,-3.141485510905424,6.282971021810849,-2.123916025880606,-1.017569485024818
52,5,10,-1.106346540855858,2.212693081711715,-.5531732704279313,-.5531732704279263
53,1,784,.000000000000000,.000000000000000,-1.663741219685581,1.663741219685581
53,2,256,-3.327482439370400,6.654964878740800,-3.250143511240706,-.7733892812969372E-01
53,3,256,-3.172804583110629,6.345609166221259,-3.157150262804179,-.1565432030645126E-01
53,4,256,-3.141495942497993,6.282991884995986,-2.123941449209099,-1.017554493288896
53,5,10,-1.106386955920093,2.212773911840185,-.5531934779600463,-.5531934779600463
54,1,784,.000000000000000,.000000000000000,-1.663741219685584,1.663741219685584
54,2,256,-3.327482439370443,6.654964878740885,-3.250149246879499,-.7733319249094314E-01
54,3,256,-3.172816054388100,6.345632108776200,-3.157176820207319,-.1563923418078015E-01
54,4,256,-3.141537586026756,6.283075172053513,-2.123926274597065,-1.017611311429693
54,5,10,-1.106314963167351,2.212629926334702,-.5531574815836621,-.5531574815836893
55,1,784,.000000000000000,.000000000000000,-1.663741219685583,1.663741219685583
55,2,256,-3.327482439370511,6.654964878741023,-3.250141817903510,-.7734062146700321E-01
55,3,256,-3.172801196436067,6.345602392872133,-3.157183794574736,-.1561740186132632E-01
55,4,256,-3.141566392713713,6.283132785427426,-2.123933129926500,-1.017633262787210
55,5,10,-1.106299867139389,2.212599734278778,-.5531499335696907,-.5531499335696984
56,1,784,.000000000000000,.000000000000000,-1.663741219685581,1.663741219685581
56,2,256,-3.327482439370361,6.654964878740723,-3.250144240680885,-.7733819868947660E-01
56,3,256,-3.172806041990671,6.345612083981343,-3.157173831458498,-.1563221053217248E-01
56,4,256,-3.141541620926385,6.283083241852769,-2.123931745961487,-1.017609874964899
56,5,10,-1.106321870996577,2.212643741993154,-.5531609354982920,-.5531609354982848
57,1,784,.000000000000000,.000000000000000,-1.663741219685581,1.663741219685581
57,2,256,-3.327482439370421,6.654964878740842,-3.250142042175007,-.7734039719541018E-01
57,3,256,-3.172801644978712,6.345603289957424,-3.157151302703578,-.1565034227513606E-01
57,4,256,-3.141500960428630,6.283001920857259,-2.123919311606123,-1.017581648822505
57,5,10,-1.106337662783947,2.212675325567894,-.5531688313919771,-.5531688313919699
58,1,784,.000000000000000,.000000000000000,-1.663741219685581,1.663741219685581
58,2,256,-3.327482439370340,6.654964878740680,-3.250138732953441,-.7734370641689932E-01
58,3,256,-3.172795026535943,6.345590053071887,-3.157156770357089,-.1563825617885523E-01
58,4,256,-3.141518514178511,6.283037028357022,-2.123934900852877,-1.017583613325633
58,5,10,-1.106351287527268,2.212702575054535,-.5531756437636483,-.5531756437636194
59,1,784,.000000000000000,.000000000000000,-1.663741219685585,1.663741219685585
59,2,256,-3.327482439370361,6.654964878740723,-3.250155187695423,-.7732725167493915E-01
59,3,256,-3.172827936019651,6.345655872039302,-3.157175155442235,-.1565278057741397E-01
59,4,256,-3.141522374864623,6.283044749729246,-2.123906645523128,-1.017615729341495
59,5,10,-1.106290916181441,2.212581832362882,-.5531454580907303,-.5531454580907104
60,1,784,.000000000000000,.000000000000000,-1.663741219685582,1.663741219685582
60,2,256,-3.327482439370393,6.654964878740786,-3.250145810046468,-.7733662932392457E-01
60,3,256,-3.172809180721700,6.345618361443400,-3.157169893995018,-.1563928672667938E-01
60,4,256,-3.141530607268264,6.283061214536527,-2.123888770533174,-1.017641836735087
60,5,10,-1.106246933798063,2.212493867596125,-.5531234668990409,-.5531234668990220
61,1,784,.000000000000000,.000000000000000,-1.663741219685585,1.663741219685585
61,2,256,-3.327482439370370,6.654964878740740,-3.250150093190685,-.7733234617968800E-01
61,3,256,-3.172817747010146,6.345635494020293,-3.157187974664095,-.1562977234605419E-01
61,4,256,-3.141558202318086,6.283116404636171,-2.123948481929296,-1.017609720388789
61,5,10,-1.106338761540656,2.212677523081312,-.5531693807703013,-.5531693807703546
62,1,784,.000000000000000,.000000000000000,-1.663741219685583,1.663741219685583
62,2,256,-3.327482439370429,6.654964878740858,-3.250154923027520,-.7732751634291063E-01
62,3,256,-3.172827406683753,6.345654813367505,-3.157172411767956,-.1565499491580004E-01
62,4,256,-3.141517416852038,6.283034833704075,-2.123901750084810,-1.017615666767231
62,5,10,-1.106286083317558,2.212572166635115,-.5531430416587910,-.5531430416587666
63,1,784,.000000000000000,.000000000000000,-1.663741219685583,1.663741219685583
63,2,256,-3.327482439370378,6.654964878740756,-3.250166598637998,-.7731584073237918E-01
63,3,256,-3.172850757904677,6.345701515809354,-3.157188569904559,-.1566218800011578E-01
63,4,256,-3.141526381904484,6.283052763808968,-2.123909044385052,-1.017617337519432
63,5,10,-1.106291706865868,2.212583413731736,-.5531458534329095,-.5531458534329583
64,1,784,.000000000000000,.000000000000000,-1.663741219685583,1.663741219685583
64,2,256,-3.327482439370288,6.654964878740577,-3.250141638626280,-.7734080074400809E-01
64,3,256,-3.172800837881452,6.345601675762904,-3.157157616860605,-.1564322102084656E-01
64,4,256,-3.141514395839781,6.283028791679563,-2.123908374697222,-1.017606021142563
64,5,10,-1.106302353554625,2.212604707109250,-.5531511767773136,-.5531511767773114
65,1,784,.000000000000000,.000000000000000,-1.663741219685583,1.663741219685583
65,2,256,-3.327482439370428,6.654964878740857,-3.250151639788045,-.7733079958238655E-01
65,3,256,-3.172820840205159,6.345641680410317,-3.157183897828643,-.1563694237651655E-01
65,4,256,-3.141546955452402,6.283093910904805,-2.123902227844576,-1.017644727607826
65,5,10,-1.106257500236857,2.212515000473714,-.5531287501183935,-.5531287501184634
66,1,784,.000000000000000,.000000000000000,-1.663741219685582,1.663741219685582
66,2,256,-3.327482439370347,6.654964878740695,-3.250154220407925,-.7732821896242364E-01
66,3,256,-3.172826001444693,6.345652002889386,-3.157170223060213,-.1565577838447937E-01
66,4,256,-3.141514444675899,6.283028889351798,-2.123921952656014,-1.017592492019884
66,5,10,-1.106329460636211,2.212658921272422,-.5531647303181435,-.5531647303180675
67,1,784,.000000000000000,.000000000000000,-1.663741219685584,1.663741219685584
67,2,256,-3.327482439370328,6.654964878740655,-3.250141683835612,-.7734075553471396E-01
67,3,256,-3.172800928299569,6.345601856599138,-3.157178795856507,-.1562213244306476E-01
67,4,256,-3.141556663413196,6.283113326826392,-2.123927701900589,-1.017628961512608
67,5,10,-1.106298740388204,2.212597480776407,-.5531493701941138,-.5531493701940899
68,1,784,.000000000000000,.000000000000000,-1.663741219685585,1.663741219685585
68,2,256,-3.327482439370263,6.654964878740525,-3.250143988816724,-.7733845055354070E-01
68,3,256,-3.172805538262533,6.345611076525065,-3.157166221053024,-.1563931720951180E-01
68,4,256,-3.141526903843758,6.283053807687516,-2.123945134990739,-1.017581768853019
68,5,10,-1.106363366137707,2.212726732275414,-.5531816830688564,-.5531816830688503
69,1,784,.000000000000000,.000000000000000,-1.663741219685583,1.663741219685583
69,2,256,-3.327482439370300,6.654964878740599,-3.250142815242035,-.7733962412826141E-01
69,3,256,-3.172803191112910,6.345606382225821,-3.157194875127981,-.1560831598492927E-01
69,4,256,-3.141586559143622,6.283173118287245,-2.123941890072869,-1.017644669070755
69,5,10,-1.106297221002686,2.212594442005371,-.5531486105013436,-.5531486105013419
70,1,784,.000000000000000,.000000000000000,-1.663741219685582,1.663741219685582
70,2,256,-3.327482439370232,6.654964878740465,-3.250142258033526,-.7734018133670663E-01
70,3,256,-3.172802076696274,6.345604153392548,-3.157175775776524,-.1562630091975108E-01
70,4,256,-3.141549474857001,6.283098949714002,-2.123929776187492,-1.017619698669508
70,5,10,-1.106310077517815,2.212620155035631,-.5531550387589146,-.5531550387589007
71,1,784,.000000000000000,.000000000000000,-1.663741219685583,1.663741219685583
71,2,256,-3.327482439370348,6.654964878740697,-3.250138292750655,-.7734414661968991E-01
71,3,256,-3.172794146130251,6.345588292260501,-3.157190087182589,-.1560405894766221E-01
71,4,256,-3.141586028235237,6.283172056470474,-2.123965306474961,-1.017620721760276
71,5,10,-1.106344584714868,2.212689169429736,-.5531722923574481,-.5531722923574198
72,1,784,.000000000000000,.000000000000000,-1.663741219685582,1.663741219685582
72,2,256,-3.327482439370325,6.654964878740651,-3.250153243772462,-.7732919559786387E-01
72,3,256,-3.172824048173562,6.345648096347125,-3.157180903404639,-.1564314476892222E-01
72,4,256,-3.141537758635510,6.283075517271019,-2.123925041998307,-1.017612716637207
72,5,10,-1.106312325361095,2.212624650722189,-.5531561626805471,-.5531561626805477
73,1,784,.000000000000000,.000000000000000,-1.663741219685582,1.663741219685582
73,2,256,-3.327482439370429,6.654964878740858,-3.250146438866554,-.7733600050387426E-01
73,3,256,-3.172810438361604,6.345620876723209,-3.157172787002644,-.1563765135895876E-01
73,4,256,-3.141535135643334,6.283070271286667,-2.123914401661684,-1.017620733981648
73,5,10,-1.106293667680055,2.212587335360110,-.5531468338400141,-.5531468338400413
74,1,784,.000000000000000,.000000000000000,-1.663741219685582,1.663741219685582
74,2,256,-3.327482439370408,6.654964878740816,-3.250166990814923,-.7731544855548625E-01
74,3,256,-3.172851542259084,6.345703084518168,-3.157193074168852,-.1565846809023157E-01
74,4,256,-3.141534606078730,6.283069212157461,-2.123888679846742,-1.017645926231990
74,5,10,-1.106242753614447,2.212485507228894,-.5531213768072273,-.5531213768072201
75,1,784,.000000000000000,.000000000000000,-1.663741219685584,1.663741219685584
75,2,256,-3.327482439370319,6.654964878740637,-3.250148428690597,-.7733401067972177E-01
75,3,256,-3.172814418010027,6.345628836020054,-3.157178620931981,-.1563579707804672E-01
75,4,256,-3.141542823853802,6.283085647707604,-2.123876677783077,-1.017666146070725
75,5,10,-1.106210531712223,2.212421063424446,-.5531052658561101,-.5531052658561129
76,1,784,.000000000000000,.000000000000000,-1.663741219685584,1.663741219685584
76,2,256,-3.327482439370412,6.654964878740825,-3.250143450162275,-.7733898920813664E-01
76,3,256,-3.172804460953494,6.345608921906988,-3.157157402241833,-.1564705871165661E-01
76,4,256,-3.141510343529910,6.283020687059820,-2.123938345790967,-1.017571997738943
76,5,10,-1.106366348051662,2.212732696103325,-.5531831740258256,-.5531831740258367
77,1,784,.000000000000000,.000000000000000,-1.663741219685583,1.663741219685583
77,2,256,-3.327482439370306,6.654964878740611,-3.250132516406277,-.7734992296402617E-01
77,3,256,-3.172782593441254,6.345565186882508,-3.157154510994947,-.1562808244630326E-01
77,4,256,-3.141526428548372,6.283052857096743,-2.123916044866419,-1.017610383681950
77,5,10,-1.106305661184248,2.212611322368497,-.5531528305921669,-.5531528305920814
78,1,784,.000000000000000,.000000000000000,-1.663741219685582,1.663741219685582
78,2,256,-3.327482439370298,6.654964878740596,-3.250158202668955,-.7732423670134267E-01
78,3,256,-3.172833965966757,6.345667931933514,-3.157180378421352,-.1565358754540304E-01
78,4,256,-3.141526790875664,6.283053581751329,-2.123921488308094,-1.017605302567571
78,5,10,-1.106316185740224,2.212632371480448,-.5531580928701137,-.5531580928701104
79,1,784,.000000000000000,.000000000000000,-1.663741219685585,1.663741219685585
79,2,256,-3.327482439370339,6.654964878740677,-3.250142881992970,-.7733955737736864E-01
79,3,256,-3.172803324614763,6.345606649229525,-3.157150283650319,-.1565304096444476E-01
79,4,256,-3.141497242685784,6.282994485371568,-2.123900633435983,-1.017596609249801
79,5,10,-1.106304024186102,2.212608048372203,-.5531520120930519,-.5531520120930496
80,1,784,.000000000000000,.000000000000000,-1.663741219685582,1.663741219685582
80,2,256,-3.327482439370315,6.654964878740629,-3.250143084214512,-.7733935515580645E-01
80,3,256,-3.172803729058071,6.345607458116143,-3.157156573934856,-.1564715512321520E-01
80,4,256,-3.141509418811866,6.283018837623731,-2.123906331902650,-1.017603086909216
80,5,10,-1.106303244993488,2.212606489986977,-.5531516224967220,-.5531516224967664
81,1,784,.000000000000000,.000000000000000,-1.663741219685582,1.663741219685582
81,2,256,-3.327482439370214,6.654964878740429,-3.250148884239625,-.7733355513058979E-01
81,3,256,-3.172815329108661,6.345630658217322,-3.157171694694895,-.1564363441376583E-01
81,4,256,-3.141528060281900,6.283056120563801,-2.123915310927250,-1.017612749354648
81,5,10,-1.106302561572806,2.212605123145612,-.5531512807864013,-.5531512807864046
82,1,784,.000000000000000,.000000000000000,-1.663741219685582,1.663741219685582
82,2,256,-3.327482439370384,6.654964878740768,-3.250138810505327,-.7734362886506041E-01
82,3,256,-3.172795181639807,6.345590363279613,-3.157166938669976,-.1562824296983178E-01
82,4,256,-3.141538695700662,6.283077391401323,-2.123908927950162,-1.017629767750501
82,5,10,-1.106279160199870,2.212558320399741,-.5531395800999297,-.5531395800999408
83,1,784,.000000000000000,.000000000000000,-1.663741219685583,1.663741219685583
83,2,256,-3.327482439370325,6.654964878740650,-3.250144201551501,-.7733823781882307E-01
83,3,256,-3.172805963731857,6.345611927463714,-3.157161712691765,-.1564425104008801E-01
83,4,256,-3.141517461651911,6.283034923303823,-2.123916689312630,-1.017600772339280
83,5,10,-1.106315916973548,2.212631833947097,-.5531579584867808,-.5531579584867675
84,1,784,.000000000000000,.000000000000000,-1.663741219685584,1.663741219685584
84,2,256,-3.327482439370336,6.654964878740672,-3.250147251273718,-.7733518809661773E-01
84,3,256,-3.172812063176209,6.345624126352418,-3.157180262455252,-.1563180072095613E-01
84,4,256,-3.141548461734203,6.283096923468405,-2.123928740579673,-1.017619721154530
84,5,10,-1.106309019425067,2.212618038850134,-.5531545097125574,-.5531545097125097
85,1,784,.000000000000000,.000000000000000,-1.663741219685582,1.663741219685582
85,2,256,-3.327482439370447,6.654964878740893,-3.250143857544347,-.7733858182609510E-01
85,3,256,-3.172805275717902,6.345610551435804,-3.157162940577966,-.1564233513993604E-01
85,4,256,-3.141520605438300,6.283041210876600,-2.123915417113035,-1.017605188325263
85,5,10,-1.106310228787664,2.212620457575328,-.5531551143938369,-.5531551143938269
86,1,784,.000000000000000,.000000000000000,-1.663741219685581,1.663741219685581
86,2,256,-3.327482439370347,6.654964878740693,-3.250144920945346,-.7733751842500183E-01
86,3,256,-3.172807402519395,6.345614805038791,-3.157156395223720,-.1565100729567673E-01
86,4,256,-3.141505387927973,6.283010775855946,-2.123914850590573,-1.017590537337398
86,5,10,-1.106324313253251,2.212648626506501,-.5531621566266167,-.5531621566266339
87,1,784,.000000000000000,.000000000000000,-1.663741219685584,1.663741219685584
87,2,256,-3.327482439370350,6.654964878740699,-3.250144747786986,-.7733769158336325E-01
87,3,256,-3.172807056202953,6.345614112405905,-3.157167460529362,-.1563959567359090E-01
87,4,256,-3.141527864855965,6.283055729711931,-2.123882769560395,-1.017645095295569
87,5,10,-1.106237674264905,2.212475348529809,-.5531188371324388,-.5531188371324660
88,1,784,.000000000000000,.000000000000000,-1.663741219685584,1.663741219685584
88,2,256,-3.327482439370387,6.654964878740773,-3.250145331626666,-.7733710774372357E-01
88,3,256,-3.172808223882240,6.345616447764479,-3.157166050792195,-.1564217309004378E-01
88,4,256,-3.141523877702255,6.283047755404509,-2.123934363467315,-1.017589514234939
88,5,10,-1.106344849232409,2.212689698464818,-.5531724246161995,-.5531724246162095
89,1,784,.000000000000000,.000000000000000,-1.663741219685583,1.663741219685583
89,2,256,-3.327482439370357,6.654964878740714,-3.250137338441824,-.7734510092853095E-01
89,3,256,-3.172792237512688,6.345584475025376,-3.157141476095169,-.1565076141751938E-01
89,4,256,-3.141490714678383,6.282981429356767,-2.123883155655209,-1.017607559023174
89,5,10,-1.106275596632547,2.212551193265095,-.5531377983162843,-.5531377983162632
90,1,784,.000000000000000,.000000000000000,-1.663741219685580,1.663741219685580
90,2,256,-3.327482439370396,6.654964878740792,-3.250145463125078,-.7733697624531879E-01
90,3,256,-3.172808486879207,6.345616973758413,-3.157165938999784,-.1564254787941937E-01
90,4,256,-3.141523391120403,6.283046782240807,-2.123900010928759,-1.017623380191642
90,5,10,-1.106276630736915,2.212553261473830,-.5531383153684689,-.5531383153684462
91,1,784,.000000000000000,.000000000000000,-1.663741219685582,1.663741219685582
91,2,256,-3.327482439370379,6.654964878740759,-3.250149051633737,-.7733338773664333E-01
91,3,256,-3.172815663896409,6.345631327792818,-3.157172549780594,-.1564311411581491E-01
91,4,256,-3.141529435664914,6.283058871329828,-2.123902137030946,-1.017627298633967
91,5,10,-1.106274838397027,2.212549676794054,-.5531374191985073,-.5531374191985196
92,1,784,.000000000000000,.000000000000000,-1.663741219685583,1.663741219685583
92,2,256,-3.327482439370324,6.654964878740649,-3.250149302811834,-.7733313655849021E-01
92,3,256,-3.172816166252795,6.345632332505590,-3.157155837722375,-.1566032853041776E-01
92,4,256,-3.141495509192216,6.282991018384432,-2.123873448734912,-1.017622060457305
92,5,10,-1.106251388277603,2.212502776555206,-.5531256941387876,-.5531256941388154
93,1,784,.000000000000000,.000000000000000,-1.663741219685584,1.663741219685584
93,2,256,-3.327482439370428,6.654964878740856,-3.250142616955301,-.7733982241512594E-01
93,3,256,-3.172802794539302,6.345605589078604,-3.157171146673091,-.1563164786621280E-01
93,4,256,-3.141539498806851,6.283078997613702,-2.123932776998693,-1.017606721808157
93,5,10,-1.106326055190648,2.212652110381296,-.5531630275953249,-.5531630275953231
94,1,784,.000000000000000,.000000000000000,-1.663741219685585,1.663741219685585
94,2,256,-3.327482439370228,6.654964878740457,-3.250144809960092,-.7733762941014195E-01
94,3,256,-3.172807180548923,6.345614361097846,-3.157177241150887,-.1562993939803475E-01
94,4,256,-3.141547301752997,6.283094603505995,-2.123913306887632,-1.017633994865366
94,5,10,-1.106279312022524,2.212558624045047,-.5531396560112493,-.5531396560112742
95,1,784,.000000000000000,.000000000000000,-1.663741219685582,1.663741219685582
95,2,256,-3.327482439370297,6.654964878740595,-3.250148674394405,-.7733376497589310E-01
95,3,256,-3.172814909417413,6.345629818834826,-3.157183309406971,-.1563160001044096E-01
95,4,256,-3.141551709396702,6.283103418793403,-2.123923559419382,-1.017628149977322
95,5,10,-1.106295409442452,2.212590818884903,-.5531477047212303,-.5531477047212214
96,1,784,.000000000000000,.000000000000000,-1.663741219685584,1.663741219685584
96,2,256,-3.327482439370292,6.654964878740583,-3.250145024199019,-.7733741517127399E-01
96,3,256,-3.172807609026898,6.345615218053796,-3.157149362698569,-.1565824632832917E-01
96,4,256,-3.141491116370141,6.282982232740283,-2.123899098552619,-1.017592017817523
96,5,10,-1.106307080734946,2.212614161469892,-.5531535403674879,-.5531535403674579
97,1,784,.000000000000000,.000000000000000,-1.663741219685583,1.663741219685583
97,2,256,-3.327482439370216,6.654964878740432,-3.250144424536763,-.7733801483344872E-01
97,3,256,-3.172806409702381,6.345612819404763,-3.157163790155763,-.1564261954661789E-01
97,4,256,-3.141521170609224,6.283042341218447,-2.123902143962949,-1.017619026646277
97,5,10,-1.106283117316716,2.212566234633432,-.5531415586583697,-.5531415586583464
98,1,784,.000000000000000,.000000000000000,-1.663741219685582,1.663741219685582
98,2,256,-3.327482439370415,6.654964878740830,-3.250148463918539,-.7733397545187523E-01
98,3,256,-3.172814488465725,6.345628976931451,-3.157157121662562,-.1565736680316625E-01
98,4,256,-3.141499754859202,6.282999509718405,-2.123900339821841,-1.017599415037362
98,5,10,-1.106300924784487,2.212601849568974,-.5531504623922379,-.5531504623922490
99,1,784,.000000000000000,.000000000000000,-1.663741219685583,1.663741219685583
99,2,256,-3.327482439370465,6.654964878740930,-3.250141640060281,-.7734079931018606E-01
99,3,256,-3.172800840749260,6.345601681498521,-3.157145292657400,-.1565554809186429E-01
99,4,256,-3.141489744565332,6.282979489130663,-2.123882323728221,-1.017607420837113
99,5,10,-1.106274902891000,2.212549805782000,-.5531374514455191,-.5531374514454808
100,1,784,.000000000000000,.000000000000000,-1.663741219685584,1.663741219685584
100,2,256,-3.327482439370292,6.654964878740584,-3.250151106437343,-.7733133293295062E-01
100,3,256,-3.172819773503409,6.345639547006819,-3.157179631986333,-.1564014151707369E-01
100,4,256,-3.141539490469258,6.283078980938515,-2.123908193989832,-1.017631296479427
100,5,10,-1.106276897510521,2.212553795021043,-.5531384487552540,-.5531384487552673
101,1,784,.000000000000000,.000000000000000,-1.663741219685585,1.663741219685585
101,2,256,-3.327482439370339,6.654964878740679,-3.250144481407038,-.7733795796330302E-01
101,3,256,-3.172806523443005,6.345613046886010,-3.157148619888924,-.1565790355407986E-01
101,4,256,-3.141490716335153,6.282981432670305,-2.123885210711434,-1.017605505623721
101,5,10,-1.106279705087874,2.212559410175749,-.5531398525439660,-.5531398525439083
102,1,784,.000000000000000,.000000000000000,-1.663741219685583,1.663741219685583
102,2,256,-3.327482439370511,6.654964878741022,-3.250148073192775,-.7733436617773583E-01
102,3,256,-3.172813707014126,6.345627414028253,-3.157173014111625,-.1564069290249869E-01
102,4,256,-3.141532321209028,6.283064642418055,-2.123907664542241,-1.017624656666787
102,5,10,-1.106283007875620,2.212566015751240,-.5531415039378064,-.5531415039378136
103,1,784,.000000000000000,.000000000000000,-1.663741219685582,1.663741219685582
103,2,256,-3.327482439370377,6.654964878740754,-3.250145865845464,-.7733657352491410E-01
103,3,256,-3.172809292319946,6.345618584639892,-3.157177542345572,-.1563174997437375E-01
103,4,256,-3.141545792371323,6.283091584742647,-2.123903525794916,-1.017642266576409
103,5,10,-1.106261259218474,2.212522518436948,-.5531306296092239,-.5531306296092500
104,1,784,.000000000000000,.000000000000000,-1.663741219685584,1.663741219685584
104,2,256,-3.327482439370369,6.654964878740738,-3.250140100992786,-.7734233837758392E-01
104,3,256,-3.172797762614119,6.345595525228237,-3.157132474710975,-.1566528790314368E-01
104,4,256,-3.141467186807258,6.282934373614515,-2.123886057680958,-1.017581129126299
104,5,10,-1.106304928554370,2.212609857108740,-.5531524642771846,-.5531524642771851
105,1,784,.000000000000000,.000000000000000,-1.663741219685583,1.663741219685583
105,2,256,-3.327482439370387,6.654964878740774,-3.250150804035743,-.7733163533464608E-01
105,3,256,-3.172819168700442,6.345638337400884,-3.157183287944770,-.1563588075566962E-01
105,4,256,-3.141547407188996,6.283094814377992,-2.123943633402508,-1.017603773786487
105,5,10,-1.106339859615837,2.212679719231674,-.5531699298078976,-.5531699298079392
106,1,784,.000000000000000,.000000000000000,-1.663741219685584,1.663741219685584
106,2,256,-3.327482439370239,6.654964878740477,-3.250137177026297,-.7734526234393807E-01
106,3,256,-3.172791914681439,6.345583829362877,-3.157152710197666,-.1563920448377229E-01
106,4,256,-3.141513505714074,6.283027011428148,-2.123918785487398,-1.017594720226674
106,5,10,-1.106324065260879,2.212648130521759,-.5531620326304483,-.5531620326304311
107,1,784,.000000000000000,.000000000000000,-1.663741219685581,1.663741219685581
107,2,256,-3.327482439370375,6.654964878740751,-3.250149612716381,-.7733282665399550E-01
107,3,256,-3.172816786061606,6.345633572123212,-3.157173687509317,-.1564309855228832E-01
107,4,256,-3.141530588956912,6.283061177913824,-2.123903698014850,-1.017626890942062
107,5,10,-1.106276807072704,2.212553614145409,-.5531384035363297,-.5531384035363747
108,1,784,.000000000000000,.000000000000000,-1.663741219685583,1.663741219685583
108,2,256,-3.327482439370332,6.654964878740664,-3.250137861254107,-.7734457811622777E-01
108,3,256,-3.172793283137087,6.345586566274173,-3.157146697779700,-.1564658535738656E-01
108,4,256,-3.141500112422184,6.283000224844368,-2.123922563831024,-1.017577548591159
108,5,10,-1.106345015239714,2.212690030479428,-.5531725076198448,-.5531725076198692
109,1,784,.000000000000000,.000000000000000,-1.663741219685583,1.663741219685583
109,2,256,-3.327482439370382,6.654964878740764,-3.250158343477002,-.7732409589338013E-01
109,3,256,-3.172834247582732,6.345668495165465,-3.157183621445973,-.1565062613675736E-01
109,4,256,-3.141532995309022,6.283065990618043,-2.123931991837924,-1.017601003471098
109,5,10,-1.106330988366752,2.212661976733503,-.5531654941833711,-.5531654941833806
110,1,784,.000000000000000,.000000000000000,-1.663741219685582,1.663741219685582
110,2,256,-3.327482439370370,6.654964878740740,-3.250144981155194,-.7733745821517687E-01
110,3,256,-3.172807522939305,6.345615045878611,-3.157178793346922,-.1562872959237919E-01
110,4,256,-3.141550063754674,6.283100127509349,-2.123928270395299,-1.017621793359375
110,5,10,-1.106306477035962,2.212612954071925,-.5531532385179861,-.5531532385179762
111,1,784,.000000000000000,.000000000000000,-1.663741219685581,1.663741219685581
111,2,256,-3.327482439370304,6.654964878740607,-3.250150307363820,-.7733213200648124E-01
111,3,256,-3.172818175356435,6.345636350712869,-3.157147272763461,-.1567090259297174E-01
111,4,256,-3.141476370170639,6.282952740341277,-2.123917040950483,-1.017559329220154
111,5,10,-1.106357711730576,2.212715423461151,-.5531788558652604,-.5531788558653153
112,1,784,.000000000000000,.000000000000000,-1.663741219685585,1.663741219685585
112,2,256,-3.327482439370203,6.654964878740406,-3.250142791601944,-.7733964776825702E-01
112,3,256,-3.172803143832964,6.345606287665928,-3.157177838692408,-.1562530514055514E-01
112,4,256,-3.141552533551931,6.283105067103861,-2.123951569469700,-1.017600964082230
112,5,10,-1.106350605387339,2.212701210774679,-.5531753026936558,-.5531753026936835
113,1,784,.000000000000000,.000000000000000,-1.663741219685583,1.663741219685583
113,2,256,-3.327482439370256,6.654964878740511,-3.250141072637617,-.7734136673263704E-01
113,3,256,-3.172799705903878,6.345599411807756,-3.157153749456652,-.1564595644722700E-01
113,4,256,-3.141507793009490,6.283015586018981,-2.123892911662642,-1.017614881346848
113,5,10,-1.106278030316066,2.212556060632132,-.5531390151580252,-.5531390151580408
114,1,784,.000000000000000,.000000000000000,-1.663741219685585,1.663741219685585
114,2,256,-3.327482439370388,6.654964878740777,-3.250150699797694,-.7733173957269246E-01
114,3,256,-3.172818960224413,6.345637920448826,-3.157171755110455,-.1564720511395755E-01
114,4,256,-3.141524549996787,6.283049099993574,-2.123886095028451,-1.017638454968336
114,5,10,-1.106247640060245,2.212495280120490,-.5531238200301116,-.5531238200301333
115,1,784,.000000000000000,.000000000000000,-1.663741219685585,1.663741219685585
115,2,256,-3.327482439370317,6.654964878740634,-3.250143682531717,-.7733875683860020E-01
115,3,256,-3.172804925692325,6.345609851384650,-3.157164701994404,-.1564022369791853E-01
115,4,256,-3.141524478296520,6.283048956593039,-2.123911519103773,-1.017612959192743
115,5,10,-1.106298559910986,2.212597119821972,-.5531492799555043,-.5531492799554816
116,1,784,.000000000000000,.000000000000000,-1.663741219685582,1.663741219685582
116,2,256,-3.327482439370313,6.654964878740627,-3.250147569604395,-.7733486976591684E-01
116,3,256,-3.172812699837460,6.345625399674919,-3.157173607483275,-.1563909235418298E-01
116,4,256,-3.141534515128872,6.283069030257745,-2.123906721495778,-1.017627793633095
116,5,10,-1.106278927862652,2.212557855725305,-.5531394639313154,-.5531394639313371
117,1,784,.000000000000000,.000000000000000,-1.663741219685581,1.663741219685581
117,2,256,-3.327482439370238,6.654964878740476,-3.250143790941653,-.7733864842858464E-01
117,3,256,-3.172805142511990,6.345610285023980,-3.157163727269777,-.1564141524221290E-01
117,4,256,-3.141522312027166,6.283044624054332,-2.123906353070051,-1.017615958957119
117,5,10,-1.106290394112690,2.212580788225380,-.5531451970563463,-.5531451970563436
118,1,784,.000000000000000,.000000000000000,-1.663741219685583,1.663741219685583
118,2,256,-3.327482439370334,6.654964878740667,-3.250145907951166,-.7733653141916534E-01
118,3,256,-3.172809376531495,6.345618753062990,-3.157170816444718,-.1563856008677852E-01
118,4,256,-3.141532256358393,6.283064512716785,-2.123919325546817,-1.017612930811576
118,5,10,-1.106306394735379,2.212612789470757,-.5531531973676850,-.5531531973676939
119,1,784,.000000000000000,.000000000000000,-1.663741219685580,1.663741219685580
119,2,256,-3.327482439370264,6.654964878740527,-3.250145571197737,-.7733686817252769E-01
119,3,256,-3.172808703024301,6.345617406048603,-3.157158217755818,-.1565048526848351E-01
119,4,256,-3.141507732487511,6.283015464975022,-2.123897121271900,-1.017610611215608
119,5,10,-1.106286510056488,2.212573020112975,-.5531432550282355,-.5531432550282521
120,1,784,.000000000000000,.000000000000000,-1.663741219685584,1.663741219685584
120,2,256,-3.327482439370409,6.654964878740818,-3.250146624293677,-.7733581507672957E-01
120,3,256,-3.172810809216148,6.345621618432297,-3.157160389913150,-.1565041930300042E-01
120,4,256,-3.141509970609935,6.283019941219870,-2.123895196657243,-1.017614773952690
120,5,10,-1.106280422704344,2.212560845408688,-.5531402113521904,-.5531402113521537
121,1,784,.000000000000000,.000000000000000,-1.663741219685582,1.663741219685582
121,2,256,-3.327482439370325,6.654964878740650,-3.250151323316636,-.7733111605369036E-01
121,3,256,-3.172820207262183,6.345640414524365,-3.157175577738789,-.1564462952339628E-01
121,4,256,-3.141530948215351,6.283061896430701,-2.123905382950082,-1.017625565265264
121,5,10,-1.106279817684640,2.212559635369280,-.5531399088423476,-.5531399088422921
122,1,784,.000000000000000,.000000000000000,-1.663741219685585,1.663741219685585
122,2,256,-3.327482439370313,6.654964878740627,-3.250145846379251,-.7733659299106070E-01
122,3,256,-3.172809253387661,6.345618506775321,-3.157160768511213,-.1564848487644788E-01
122,4,256,-3.141512283635074,6.283024567270147,-2.123887313646531,-1.017624969988542
122,5,10,-1.106262343657944,2.212524687315888,-.5531311718289882,-.5531311718289560
123,1,784,.000000000000000,.000000000000000,-1.663741219685582,1.663741219685582
123,2,256,-3.327482439370308,6.654964878740615,-3.250137820205817,-.7734461916448963E-01
123,3,256,-3.172793201040290,6.345586402080580,-3.157144737164602,-.1564846387568804E-01
123,4,256,-3.141496273288670,6.282992546577340,-2.123924214868548,-1.017572058420118
123,5,10,-1.106352156448374,2.212704312896749,-.5531760782241821,-.5531760782241921
124,1,784,.000000000000000,.000000000000000,-1.663741219685583,1.663741219685583
124,2,256,-3.327482439370419,6.654964878740837,-3.250148495867855,-.7733394350256417E-01
124,3,256,-3.172814552364610,6.345629104729220,-3.157175793960508,-.1563875840410038E-01
124,4,256,-3.141537035556530,6.283074071113060,-2.123915570124572,-1.017621465431956
124,5,10,-1.106294104692698,2.212588209385395,-.5531470523463379,-.5531470523463595
125,1,784,.000000000000000,.000000000000000,-1.663741219685584,1.663741219685584
125,2,256,-3.327482439370296,6.654964878740592,-3.250144207473733,-.7733823189656530E-01
125,3,256,-3.172805975576535,6.345611951153070,-3.157149421545812,-.1565655403072490E-01
125,4,256,-3.141492867515550,6.282985735031100,-2.123919156741563,-1.017573710773988
125,5,10,-1.106345445967795,2.212690891935590,-.5531727229839046,-.5531727229838902
126,1,784,.000000000000000,.000000000000000,-1.663741219685585,1.663741219685585
126,2,256,-3.327482439370305,6.654964878740610,-3.250143862931541,-.7733857643876157E-01
126,3,256,-3.172805286491917,6.345610572983833,-3.157173440391176,-.1563184610073806E-01
126,4,256,-3.141541594290338,6.283083188580676,-2.123937846239699,-1.017603748050641
126,5,10,-1.106334098188986,2.212668196377972,-.5531670490944798,-.5531670490945064
127,1,784,.000000000000000,.000000000000000,-1.663741219685583,1.663741219685583
127,2,256,-3.327482439370360,6.654964878740720,-3.250134439571110,-.7734799979925036E-01
127,3,256,-3.172786439771040,6.345572879542080,-3.157165057833510,-.1562138193753080E-01
127,4,256,-3.141543675895771,6.283087351791542,-2.123901573022752,-1.017642102873019
127,5,10,-1.106259470149545,2.212518940299091,-.5531297350747724,-.5531297350747729
128,1,784,.000000000000000,.000000000000000,-1.663741219685582,1.663741219685582
128,2,256,-3.327482439370411,6.654964878740821,-3.250139543867740,-.7734289550266754E-01
128,3,256,-3.172796648364271,6.345593296728542,-3.157148347328321,-.1564830103594810E-01
128,4,256,-3.141500046292266,6.283000092584532,-2.123908828878387,-1.017591217413878
128,5,10,-1.106317611464439,2.212635222928879,-.5531588057322272,-.5531588057322122
129,1,784,.000000000000000,.000000000000000,-1.663741219685583,1.663741219685583
129,2,256,-3.327482439370423,6.654964878740847,-3.250144582967639,-.7733785640278183E-01
129,3,256,-3.172806726564114,6.345613453128228,-3.157196996909200,-.1560972965491275E-01
129,4,256,-3.141587267253891,6.283174534507782,-2.123905675809604,-1.017681591444287
129,5,10,-1.106224084364910,2.212448168729820,-.5531120421824613,-.5531120421824486
130,1,784,.000000000000000,.000000000000000,-1.663741219685585,1.663741219685585
130,2,256,-3.327482439370311,6.654964878740622,-3.250145025288267,-.7733741408204475E-01
130,3,256,-3.172807611205518,6.345615222411037,-3.157178165354413,-.1562944585110780E-01
130,4,256,-3.141548719503894,6.283097439007789,-2.123914555281961,-1.017634164221934
130,5,10,-1.106280391060468,2.212560782120936,-.5531401955302351,-.5531401955302329
131,1,784,.000000000000000,.000000000000000,-1.663741219685585,1.663741219685585
131,2,256,-3.327482439370419,6.654964878740837,-3.250143422751181,-.7733901661923671E-01
131,3,256,-3.172804406131731,6.345608812263462,-3.157158600573204,-.1564580555852976E-01
131,4,256,-3.141512795015009,6.283025590030017,-2.123892736549968,-1.017620058465040
131,5,10,-1.106272678084752,2.212545356169505,-.5531363390423635,-.5531363390423890
132,1,784,.000000000000000,.000000000000000,-1.663741219685583,1.663741219685583
132,2,256,-3.327482439370415,6.654964878740830,-3.250149721637465,-.7733271773295380E-01
132,3,256,-3.172817003903636,6.345634007807272,-3.157165776627198,-.1565122727643652E-01
132,4,256,-3.141514549350160,6.283029098700320,-2.123892399155031,-1.017622150195129
132,5,10,-1.106270248959371,2.212540497918741,-.5531351244797116,-.5531351244796588
133,1,784,.000000000000000,.000000000000000,-1.663741219685585,1.663741219685585
133,2,256,-3.327482439370323,6.654964878740645,-3.250147222125068,-.7733521724525677E-01
133,3,256,-3.172812004879227,6.345624009758454,-3.157164704546806,-.1564730033242224E-01
133,4,256,-3.141517404214439,6.283034808428878,-2.123902770720768,-1.017614633493666
133,5,10,-1.106288137226903,2.212576274453806,-.5531440686134498,-.5531440686134531
134,1,784,.000000000000000,.000000000000000,-1.663741219685586,1.663741219685586
134,2,256,-3.327482439370335,6.654964878740669,-3.250150453437032,-.7733198593330561E-01
134,3,256,-3.172818467503117,6.345636935006233,-3.157164089280396,-.1565437822271876E-01
134,4,256,-3.141509711057914,6.283019422115828,-2.123898385145503,-1.017611325912411
134,5,10,-1.106287059233059,2.212574118466118,-.5531435296165540,-.5531435296165051
135,1,784,.000000000000000,.000000000000000,-1.663741219685584,1.663741219685584
135,2,256,-3.327482439370366,6.654964878740731,-3.250139659248727,-.7734278012163846E-01
135,3,256,-3.172796879126582,6.345593758253164,-3.157148934350018,-.1564794477656448E-01
135,4,256,-3.141500989573670,6.283001979147340,-2.123887128134426,-1.017613861439243
135,5,10,-1.106273266695102,2.212546533390204,-.5531366333475537,-.5531366333475481
136,1,784,.000000000000000,.000000000000000,-1.663741219685582,1.663741219685582
136,2,256,-3.327482439370384,6.654964878740768,-3.250148898481115,-.7733354088926929E-01
136,3,256,-3.172815357591083,6.345630715182166,-3.157178606111664,-.1563675147941694E-01
136,4,256,-3.141541854632343,6.283083709264687,-2.123922841510657,-1.017619013121687
136,5,10,-1.106303828389069,2.212607656778137,-.5531519141945229,-.5531519141945457
137,1,784,.000000000000000,.000000000000000,-1.663741219685584,1.663741219685584
137,2,256,-3.327482439370315,6.654964878740630,-3.250141444876178,-.7734099449413599E-01
137,3,256,-3.172800450380962,6.345600900761925,-3.157151201606399,-.1564924877456701E-01
137,4,256,-3.141501952831491,6.283003905662982,-2.123930505258978,-1.017571447572512
137,5,10,-1.106359057686395,2.212718115372790,-.5531795288431776,-.5531795288432175
138,1,784,.000000000000000,.000000000000000,-1.663741219685584,1.663741219685584
138,2,256,-3.327482439370310,6.654964878740620,-3.250148375918807,-.7733406345150214E-01
138,3,256,-3.172814312466257,6.345628624932513,-3.157182069404986,-.1563224306127082E-01
138,4,256,-3.141549826343794,6.283099652687588,-2.123908223533494,-1.017641602810297
138,5,10,-1.106266620723456,2.212533241446912,-.5531333103617357,-.5531333103617202
139,1,784,.000000000000000,.000000000000000,-1.663741219685583,1.663741219685583
139,2,256,-3.327482439370322,6.654964878740644,-3.250136965172997,-.7734547419732547E-01
139,3,256,-3.172791490974977,6.345582981949954,-3.157149291744488,-.1564219923048848E-01
139,4,256,-3.141507092514223,6.283014185028446,-2.123898915365630,-1.017608177148590
139,5,10,-1.106290738217131,2.212581476434262,-.5531453691085593,-.5531453691085715
140,1,784,.000000000000000,.000000000000000,-1.663741219685581,1.663741219685581
140,2,256,-3.327482439370276,6.654964878740551,-3.250133942590243,-.7734849678003303E-01
140,3,256,-3.172785445809522,6.345570891619045,-3.157156544718883,-.1562890109063899E-01
140,4,256,-3.141527643628764,6.283055287257529,-2.123943839067186,-1.017583804561577
140,5,10,-1.106360034505950,2.212720069011900,-.5531800172529682,-.5531800172529820
141,1,784,.000000000000000,.000000000000000,-1.663741219685583,1.663741219685583
141,2,256,-3.327482439370337,6.654964878740674,-3.250149526743723,-.7733291262661229E-01
141,3,256,-3.172816614116395,6.345633228232789,-3.157172132157738,-.1564448195865895E-01
141,4,256,-3.141527650199284,6.283055300398567,-2.123905278155459,-1.017622372043824
141,5,10,-1.106282906111764,2.212565812223529,-.5531414530558634,-.5531414530559011
142,1,784,.000000000000000,.000000000000000,-1.663741219685583,1.663741219685583
142,2,256,-3.327482439370529,6.654964878741057,-3.250143945188225,-.7733849418230078E-01
142,3,256,-3.172805451005245,6.345610902010490,-3.157166407080152,-.1563904392509508E-01
142,4,256,-3.141527363154950,6.283054726309900,-2.123920995120191,-1.017606368034759
142,5,10,-1.106314627085377,2.212629254170754,-.5531573135426853,-.5531573135426914
143,1,784,.000000000000000,.000000000000000,-1.663741219685585,1.663741219685585
143,2,256,-3.327482439370443,6.654964878740885,-3.250149411449037,-.7733302792140191E-01
143,3,256,-3.172816383527159,6.345632767054318,-3.157149813678415,-.1566656984874105E-01
143,4,256,-3.141483243829893,6.282966487659786,-2.123865925770966,-1.017617318058926
143,5,10,-1.106248607712030,2.212497215424059,-.5531243038560065,-.5531243038560232
144,1,784,.000000000000000,.000000000000000,-1.663741219685582,1.663741219685582
144,2,256,-3.327482439370328,6.654964878740656,-3.250144181328964,-.7733825804136499E-01
144,3,256,-3.172805923286514,6.345611846573028,-3.157180268654454,-.1562565463205747E-01
144,4,256,-3.141554614022141,6.283109228044282,-2.123936512879119,-1.017618101143020
144,5,10,-1.106318411736104,2.212636823472207,-.5531592058680435,-.5531592058680601
145,1,784,.000000000000000,.000000000000000,-1.663741219685584,1.663741219685584
145,2,256,-3.327482439370341,6.654964878740682,-3.250148744891946,-.7733369447839405E-01
145,3,256,-3.172815050412827,6.345630100825653,-3.157189063894617,-.1562598651821017E-01
145,4,256,-3.141563077376241,6.283126154752482,-2.123902617320152,-1.017660460056091
145,5,10,-1.106242157263815,2.212484314527630,-.5531210786319033,-.5531210786319116
146,1,784,.000000000000000,.000000000000000,-1.663741219685584,1.663741219685584
146,2,256,-3.327482439370280,6.654964878740561,-3.250145625865613,-.7733681350467009E-01
146,3,256,-3.172808812360254,6.345617624720507,-3.157166076512202,-.1564273584805114E-01
146,4,256,-3.141523340664412,6.283046681328824,-2.123914087717499,-1.017609252946913
146,5,10,-1.106304834770674,2.212609669541348,-.5531524173853277,-.5531524173853460
147,1,784,.000000000000000,.000000000000000,-1.663741219685582,1.663741219685582
147,2,256,-3.327482439370185,6.654964878740371,-3.250140915414878,-.7734152395530873E-01
147,3,256,-3.172799391458470,6.345598782916941,-3.157158280034330,-.1564111142413962E-01
147,4,256,-3.141517168609722,6.283034337219443,-2.123887468708951,-1.017629699900771
147,5,10,-1.106257768807849,2.212515537615698,-.5531288844039157,-.5531288844039335
148,1,784,.000000000000000,.000000000000000,-1.663741219685582,1.663741219685582
148,2,256,-3.327482439370405,6.654964878740810,-3.250139599323233,-.7734284004717253E-01
148,3,256,-3.172796759275304,6.345593518550609,-3.157164301979287,-.1563245729601717E-01
148,4,256,-3.141531844683288,6.283063689366577,-2.123911925263829,-1.017619919419458
148,5,10,-1.106292005844395,2.212584011688791,-.5531460029221895,-.5531460029222062
149,1,784,.000000000000000,.000000000000000,-1.663741219685582,1.663741219685582
149,2,256,-3.327482439370358,6.654964878740716,-3.250150983982742,-.7733145538761374E-01
149,3,256,-3.172819528594550,6.345639057189101,-3.157182298141060,-.1563723045348677E-01
149,4,256,-3.141545067687854,6.283090135375708,-2.123912997209813,-1.017632070478042
149,5,10,-1.106280926731803,2.212561853463606,-.5531404633659144,-.5531404633658883
150,1,784,.000000000000000,.000000000000000,-1.663741219685583,1.663741219685583
150,2,256,-3.327482439370366,6.654964878740731,-3.250136340937232,-.7734609843312922E-01
150,3,256,-3.172790242503297,6.345580485006593,-3.157147995472808,-.1564224703048655E-01
150,4,256,-3.141505748441947,6.283011496883894,-2.123907081621303,-1.017598666820643
150,5,10,-1.106308414800351,2.212616829600702,-.5531542074001488,-.5531542074002020
151,1,784,.000000000000000,.000000000000000,-1.663741219685583,1.663741219685583
151,2,256,-3.327482439370369,6.654964878740738,-3.250144117046473,-.7733832232389393E-01
151,3,256,-3.172805794721834,6.345611589443669,-3.157164911682944,-.1564088303888727E-01
151,4,256,-3.141524028644222,6.283048057288444,-2.123907110271293,-1.017616918372929
151,5,10,-1.106290191898468,2.212580383796936,-.5531450959492403,-.5531450959492276
152,1,784,.000000000000000,.000000000000000,-1.663741219685584,1.663741219685584
152,2,256,-3.327482439370356,6.654964878740713,-3.250146721040827,-.7733571832952983E-01
152,3,256,-3.172811002710328,6.345622005420656,-3.157162219708886,-.1564878300143945E-01
152,4,256,-3.141513436707443,6.283026873414886,-2.123915756924794,-1.017597679782648
152,5,10,-1.106318077142300,2.212636154284600,-.5531590385711521,-.5531590385711477
153,1,784,.000000000000000,.000000000000000,-1.663741219685582,1.663741219685582
153,2,256,-3.327482439370304,6.654964878740608,-3.250143742618353,-.7733869675194939E-01
153,3,256,-3.172805045865339,6.345610091730679,-3.157150350654315,-.1565469521102535E-01
153,4,256,-3.141495655443121,6.282991310886241,-2.123907365063834,-1.017588290379285
153,5,10,-1.106319074684520,2.212638149369041,-.5531595373422913,-.5531595373422291
154,1,784,.000000000000000,.000000000000000,-1.663741219685583,1.663741219685583
154,2,256,-3.327482439370246,6.654964878740492,-3.250155013401328,-.7732742596891851E-01
154,3,256,-3.172827587431440,6.345655174862880,-3.157184293602454,-.1564329382898197E-01
154,4,256,-3.141540999773209,6.283081999546418,-2.123910250547073,-1.017630749226137
154,5,10,-1.106279501320717,2.212559002641433,-.5531397506603621,-.5531397506603544
155,1,784,.000000000000000,.000000000000000,-1.663741219685583,1.663741219685583
155,2,256,-3.327482439370369,6.654964878740738,-3.250143701659302,-.7733873771106479E-01
155,3,256,-3.172804963947369,6.345609927894738,-3.157172284417663,-.1563267952970534E-01
155,4,256,-3.141539604887987,6.283079209775973,-2.123949642376508,-1.017589962511481
155,5,10,-1.106359679865115,2.212719359730230,-.5531798399325660,-.5531798399325494
156,1,784,.000000000000000,.000000000000000,-1.663741219685583,1.663741219685583
156,2,256,-3.327482439370402,6.654964878740803,-3.250151166350110,-.7733127302029330E-01
156,3,256,-3.172819893329062,6.345639786658124,-3.157180628285193,-.1563926504387394E-01
156,4,256,-3.141541363241200,6.283082726482401,-2.123937308337628,-1.017604054903570
156,5,10,-1.106333253433973,2.212666506867946,-.5531666267169673,-.5531666267170056
157,1,784,.000000000000000,.000000000000000,-1.663741219685585,1.663741219685585
157,2,256,-3.327482439370322,6.654964878740644,-3.250146081007174,-.7733635836314492E-01
157,3,256,-3.172809722643183,6.345619445286365,-3.157163037772465,-.1564668487071792E-01
157,4,256,-3.141516352901774,6.283032705803548,-2.123908585860964,-1.017607767040809
157,5,10,-1.106300818820244,2.212601637640488,-.5531504094100942,-.5531504094101497
158,1,784,.000000000000000,.000000000000000,-1.663741219685581,1.663741219685581
158,2,256,-3.327482439370409,6.654964878740818,-3.250146891130986,-.7733554823942328E-01
158,3,256,-3.172811342891040,6.345622685782081,-3.157160098232417,-.1565124465862294E-01
158,4,256,-3.141508853574244,6.283017707148487,-2.123925660077467,-1.017583193496778
158,5,10,-1.106342466580921,2.212684933161841,-.5531712332904561,-.5531712332904645
159,1,784,.000000000000000,.000000000000000,-1.663741219685583,1.663741219685583
159,2,256,-3.327482439370292,6.654964878740585,-3.250136638474930,-.7734580089536298E-01
159,3,256,-3.172790837578545,6.345581675157089,-3.157142425311890,-.1564841226665329E-01
159,4,256,-3.141494013045387,6.282988026090774,-2.123876369036739,-1.017617644008650
159,5,10,-1.106258725028350,2.212517450056701,-.5531293625141946,-.5531293625141558
160,1,784,.000000000000000,.000000000000000,-1.663741219685583,1.663741219685583
160,2,256,-3.327482439370415,6.654964878740829,-3.250154024628627,-.7732841474178834E-01
160,3,256,-3.172825609885958,6.345651219771915,-3.157189693516540,-.1563591636941337E-01
160,4,256,-3.141553777147095,6.283107554294189,-2.123943189915477,-1.017610587231620
160,5,10,-1.106332602683942,2.212665205367885,-.5531663013419782,-.5531663013419643
161,1,784,.000000000000000,.000000000000000,-1.663741219685583,1.663741219685583
161,2,256,-3.327482439370399,6.654964878740799,-3.250157925577531,-.7732451379286567E-01
161,3,256,-3.172833411784212,6.345666823568424,-3.157166651408231,-.1566676037598300E-01
161,4,256,-3.141499891031967,6.282999782063935,-2.123896616873357,-1.017603274158608
161,5,10,-1.106293342714121,2.212586685428241,-.5531466713570795,-.5531466713570412
162,1,784,.000000000000000,.000000000000000,-1.663741219685583,1.663741219685583
162,2,256,-3.327482439370387,6.654964878740774,-3.250142867222478,-.7733957214791105E-01
162,3,256,-3.172803295073582,6.345606590147163,-3.157158178151279,-.1564511692230213E-01
162,4,256,-3.141513061228713,6.283026122457425,-2.123897727241622,-1.017615333987090
162,5,10,-1.106282393254498,2.212564786508996,-.5531411966272397,-.5531411966272586
163,1,784,.000000000000000,.000000000000000,-1.663741219685586,1.663741219685586
163,2,256,-3.327482439370311,6.654964878740621,-3.250148960347793,-.7733347902251807E-01
163,3,256,-3.172815481324418,6.345630962648836,-3.157149890319741,-.1566559100467532E-01
163,4,256,-3.141484299314957,6.282968598629914,-2.123885029709384,-1.017599269605573
163,5,10,-1.106285760103680,2.212571520207360,-.5531428800518503,-.5531428800518299
164,1,784,.000000000000000,.000000000000000,-1.663741219685583,1.663741219685583
164,2,256,-3.327482439370370,6.654964878740739,-3.250152903985543,-.7732953538482859E-01
164,3,256,-3.172823368599907,6.345646737199814,-3.157184798059833,-.1563857054007681E-01
164,4,256,-3.141546227519890,6.283092455039781,-2.123881016170983,-1.017665211348907
164,5,10,-1.106215804822241,2.212431609644483,-.5531079024111132,-.5531079024111282
165,1,784,.000000000000000,.000000000000000,-1.663741219685581,1.663741219685581
165,2,256,-3.327482439370352,6.654964878740705,-3.250146667758237,-.7733577161211569E-01
165,3,256,-3.172810896145136,6.345621792290271,-3.157166713649846,-.1564418249529111E-01
165,4,256,-3.141522531154306,6.283045062308613,-2.123917273930056,-1.017605257224249
165,5,10,-1.106312016705729,2.212624033411459,-.5531560083528649,-.5531560083528644
166,1,784,.000000000000000,.000000000000000,-1.663741219685583,1.663741219685583
166,2,256,-3.327482439370263,6.654964878740526,-3.250140599541885,-.7734183982837693E-01
166,3,256,-3.172798759712441,6.345597519424882,-3.157173304735293,-.1562545497714554E-01
166,4,256,-3.141547849758146,6.283095699516291,-2.123930233835333,-1.017617615922815
166,5,10,-1.106312617912668,2.212625235825335,-.5531563089563425,-.5531563089563253
167,1,784,.000000000000000,.000000000000000,-1.663741219685582,1.663741219685582
167,2,256,-3.327482439370328,6.654964878740656,-3.250142353220580,-.7734008614974865E-01
167,3,256,-3.172802267069767,6.345604534139533,-3.157162007818095,-.1564025925167083E-01
167,4,256,-3.141521748566152,6.283043497132304,-2.123887627768169,-1.017634120797983
167,5,10,-1.106253506970149,2.212507013940298,-.5531267534850723,-.5531267534850768
168,1,784,.000000000000000,.000000000000000,-1.663741219685582,1.663741219685582
168,2,256,-3.327482439370249,6.654964878740499,-3.250147010500435,-.7733542886981508E-01
168,3,256,-3.172811581629600,6.345623163259201,-3.157168511805352,-.1564306982425045E-01
168,4,256,-3.141525441980822,6.283050883961645,-2.123925370397530,-1.017600071583293
168,5,10,-1.106325298814036,2.212650597628071,-.5531626494070316,-.5531626494070039
169,1,784,.000000000000000,.000000000000000,-1.663741219685583,1.663741219685583
169,2,256,-3.327482439370293,6.654964878740587,-3.250142103378534,-.7734033599176136E-01
169,3,256,-3.172801767386109,6.345603534772217,-3.157170299325840,-.1563146806026860E-01
169,4,256,-3.141538831265791,6.283077662531581,-2.123930599294641,-1.017608231971150
169,5,10,-1.106322367323540,2.212644734647079,-.5531611836617503,-.5531611836617891
170,1,784,.000000000000000,.000000000000000,-1.663741219685583,1.663741219685583
170,2,256,-3.327482439370295,6.654964878740589,-3.250138255945599,-.7734418342469417E-01
170,3,256,-3.172794072520036,6.345588145040072,-3.157152917024884,-.1564115549514783E-01
170,4,256,-3.141511761529855,6.283023523059709,-2.123903534726608,-1.017608226803246
170,5,10,-1.106295307923488,2.212590615846976,-.5531476539617389,-.5531476539617489
171,1,784,.000000000000000,.000000000000000,-1.663741219685584,1.663741219685584
171,2,256,-3.327482439370402,6.654964878740803,-3.250149410329254,-.7733302904114933E-01
171,3,256,-3.172816381287446,6.345632762574891,-3.157176335774610,-.1564004551283708E-01
171,4,256,-3.141536290262220,6.283072580524440,-2.123903722506784,-1.017632567755436
171,5,10,-1.106271154751705,2.212542309503410,-.5531355773758460,-.5531355773758593
172,1,784,.000000000000000,.000000000000000,-1.663741219685585,1.663741219685585
172,2,256,-3.327482439370423,6.654964878740845,-3.250149844929934,-.7733259444048914E-01
172,3,256,-3.172817250488757,6.345634500977514,-3.157195839673055,-.1562141081570085E-01
172,4,256,-3.141574428857338,6.283148857714677,-2.123951474919898,-1.017622953937440
172,5,10,-1.106328520982393,2.212657041964787,-.5531642604911948,-.5531642604911987
173,1,784,.000000000000000,.000000000000000,-1.663741219685583,1.663741219685583
173,2,256,-3.327482439370407,6.654964878740815,-3.250136557056341,-.7734588231406551E-01
173,3,256,-3.172790674741638,6.345581349483276,-3.157158224992818,-.1563244974882136E-01
173,4,256,-3.141525775244260,6.283051550488521,-2.123935928671547,-1.017589846572712
173,5,10,-1.106346082098960,2.212692164197921,-.5531730410494874,-.5531730410494730
174,1,784,.000000000000000,.000000000000000,-1.663741219685583,1.663741219685583
174,2,256,-3.327482439370323,6.654964878740645,-3.250147962060297,-.7733447731002827E-01
174,3,256,-3.172813484749235,6.345626969498470,-3.157165075397824,-.1564840935141143E-01
174,4,256,-3.141516666046598,6.283033332093196,-2.123932537919989,-1.017584128126609
174,5,10,-1.106348409793782,2.212696819587565,-.5531742048968824,-.5531742048968996
175,1,784,.000000000000000,.000000000000000,-1.663741219685583,1.663741219685583
175,2,256,-3.327482439370405,6.654964878740810,-3.250145944016667,-.7733649535373824E-01
175,3,256,-3.172809448662068,6.345618897324136,-3.157166183488160,-.1564326517390555E-01
175,4,256,-3.141522918314319,6.283045836628638,-2.123928971725674,-1.017593946588647
175,5,10,-1.106335025137197,2.212670050274394,-.5531675125685992,-.5531675125685975
176,1,784,.000000000000000,.000000000000000,-1.663741219685583,1.663741219685583
176,2,256,-3.327482439370304,6.654964878740608,-3.250142399532630,-.7734003983767207E-01
176,3,256,-3.172802359694120,6.345604719388239,-3.157168337604932,-.1563402208918740E-01
176,4,256,-3.141534315515755,6.283068631031511,-2.123909818744877,-1.017624496770876
176,5,10,-1.106285321974018,2.212570643948037,-.5531426609869945,-.5531426609870239
177,1,784,.000000000000000,.000000000000000,-1.663741219685584,1.663741219685584
177,2,256,-3.327482439370292,6.654964878740583,-3.250163626917129,-.7731881245316474E-01
177,3,256,-3.172844814462992,6.345689628925983,-3.157188675847267,-.1565613861572446E-01
177,4,256,-3.141532537231469,6.283065074462939,-2.123896817984959,-1.017635719246512
177,5,10,-1.106261098738498,2.212522197476996,-.5531305493692389,-.5531305493692589
178,1,784,.000000000000000,.000000000000000,-1.663741219685584,1.663741219685584
178,2,256,-3.327482439370264,6.654964878740529,-3.250149575492998,-.7733286387726546E-01
178,3,256,-3.172816711614776,6.345633423229552,-3.157171101719571,-.1564560989520682E-01
178,4,256,-3.141525491824424,6.283050983648847,-2.123896754885560,-1.017628736938861
178,5,10,-1.106268017946836,2.212536035893673,-.5531340089734086,-.5531340089734280
179,1,784,.000000000000000,.000000000000000,-1.663741219685585,1.663741219685585
179,2,256,-3.327482439370308,6.654964878740616,-3.250148131159836,-.7733430821047282E-01
179,3,256,-3.172813822948238,6.345627645896476,-3.157173266729981,-.1564055621825851E-01
179,4,256,-3.141532710511489,6.283065421022977,-2.123901920591134,-1.017630789920353
179,5,10,-1.106271130670801,2.212542261341601,-.5531355653354095,-.5531355653353912
180,1,784,.000000000000000,.000000000000000,-1.663741219685583,1.663741219685583
180,2,256,-3.327482439370360,6.654964878740720,-3.250148083046101,-.7733435632425635E-01
180,3,256,-3.172813726720851,6.345627453441702,-3.157177190580395,-.1563653614045846E-01
180,4,256,-3.141540654439927,6.283081308879853,-2.123930669983150,-1.017609984456776
180,5,10,-1.106320685526567,2.212641371053134,-.5531603427632815,-.5531603427632854
181,1,784,.000000000000000,.000000000000000,-1.663741219685585,1.663741219685585
181,2,256,-3.327482439370417,6.654964878740834,-3.250146106907394,-.7733633246302486E-01
181,3,256,-3.172809774443612,6.345619548887224,-3.157169774026689,-.1564000041692413E-01
181,4,256,-3.141529773609741,6.283059547219481,-2.123906133970841,-1.017623639638900
181,5,10,-1.106282494331932,2.212564988663865,-.5531412471659662,-.5531412471659662
182,1,784,.000000000000000,.000000000000000,-1.663741219685578,1.663741219685578
182,2,256,-3.327482439370344,6.654964878740689,-3.250144245395733,-.7733819397461805E-01
182,3,256,-3.172806051420551,6.345612102841102,-3.157160883221957,-.1564516819859024E-01
182,4,256,-3.141515715023438,6.283031430046876,-2.123897496520294,-1.017618218503144
182,5,10,-1.106279278016983,2.212558556033966,-.5531396390084830,-.5531396390085002
183,1,784,.000000000000000,.000000000000000,-1.663741219685583,1.663741219685583
183,2,256,-3.327482439370531,6.654964878741063,-3.250148150241883,-.7733428912864680E-01
183,3,256,-3.172813861112519,6.345627722225037,-3.157176589230018,-.1563727188249761E-01
183,4,256,-3.141539317347366,6.283078634694731,-2.123931247313966,-1.017608070033399
183,5,10,-1.106323177280508,2.212646354561016,-.5531615886402490,-.5531615886402590
184,1,784,.000000000000000,.000000000000000,-1.663741219685583,1.663741219685583
184,2,256,-3.327482439370362,6.654964878740723,-3.250149714987999,-.7733272438236195E-01
184,3,256,-3.172816990604867,6.345633981209734,-3.157159156696607,-.1565783390826104E-01
184,4,256,-3.141501322788359,6.283002645576718,-2.123911593048948,-1.017589729739411
184,5,10,-1.106321863309512,2.212643726619024,-.5531609316547591,-.5531609316547530
185,1,784,.000000000000000,.000000000000000,-1.663741219685581,1.663741219685581
185,2,256,-3.327482439370340,6.654964878740681,-3.250151509906454,-.7733092946388243E-01
185,3,256,-3.172820580441654,6.345641160883309,-3.157182942136368,-.1563763830528689E-01
185,4,256,-3.141545303830990,6.283090607661979,-2.123905002781645,-1.017640301049345
185,5,10,-1.106264701732274,2.212529403464549,-.5531323508661522,-.5531323508661222
186,1,784,.000000000000000,.000000000000000,-1.663741219685582,1.663741219685582
186,2,256,-3.327482439370419,6.654964878740839,-3.250151560758229,-.7733087861219101E-01
186,3,256,-3.172820682145324,6.345641364290648,-3.157165468976257,-.1565521316906868E-01
186,4,256,-3.141510255807367,6.283020511614733,-2.123890141255790,-1.017620114551575
186,5,10,-1.106270026704376,2.212540053408752,-.5531350133521807,-.5531350133521952
187,1,784,.000000000000000,.000000000000000,-1.663741219685582,1.663741219685582
187,2,256,-3.327482439370326,6.654964878740652,-3.250140489550454,-.7734194981987157E-01
187,3,256,-3.172798539729909,6.345597079459819,-3.157162139347601,-.1563640038230876E-01
187,4,256,-3.141525738965349,6.283051477930698,-2.123916124412945,-1.017609614552402
187,5,10,-1.106306509860448,2.212613019720896,-.5531532549302185,-.5531532549302296
188,1,784,.000000000000000,.000000000000000,-1.663741219685585,1.663741219685585
188,2,256,-3.327482439370318,6.654964878740635,-3.250151828536322,-.7733061083399558E-01
188,3,256,-3.172821217701531,6.345642435403063,-3.157163603871368,-.1565761383016442E-01
188,4,256,-3.141505990041266,6.283011980082532,-2.123895918083348,-1.017610071957921
188,5,10,-1.106285846125422,2.212571692250844,-.5531429230627243,-.5531429230626976
189,1,784,.000000000000000,.000000000000000,-1.663741219685582,1.663741219685582
189,2,256,-3.327482439370313,6.654964878740627,-3.250145198462504,-.7733724090780916E-01
189,3,256,-3.172807957553759,6.345615915107517,-3.157166575216535,-.1564138233722305E-01
189,4,256,-3.141525192879358,6.283050385758717,-2.123886865735144,-1.017638327144212
189,5,10,-1.106248538591059,2.212497077182117,-.5531242692955320,-.5531242692955265
190,1,784,.000000000000000,.000000000000000,-1.663741219685584,1.663741219685584
190,2,256,-3.327482439370400,6.654964878740801,-3.250153825801350,-.7732861356905166E-01
190,3,256,-3.172825212231740,6.345650424463480,-3.157148047141334,-.1567716509040552E-01
190,4,256,-3.141470882050774,6.282941764101548,-2.123864704359213,-1.017606177691558
190,5,10,-1.106258526667265,2.212517053334530,-.5531292633336456,-.5531292633336196
191,1,784,.000000000000000,.000000000000000,-1.663741219685583,1.663741219685583
191,2,256,-3.327482439370306,6.654964878740612,-3.250149727662076,-.7733271170823265E-01
191,3,256,-3.172817015952927,6.345634031905854,-3.157192151998242,-.1562486395468601E-01
191,4,256,-3.141567288043697,6.283134576087394,-2.123935254822131,-1.017632033221566
191,5,10,-1.106303221600733,2.212606443201465,-.5531516108003811,-.5531516108003517
192,1,784,.000000000000000,.000000000000000,-1.663741219685584,1.663741219685584
192,2,256,-3.327482439370391,6.654964878740782,-3.250149750959735,-.7733268841065273E-01
192,3,256,-3.172817062548475,6.345634125096949,-3.157168969859369,-.1564809268910731E-01
192,4,256,-3.141520877170540,6.283041754341080,-2.123922339408872,-1.017598537761665
192,5,10,-1.106323801647313,2.212647603294625,-.5531619008236575,-.5531619008236552
193,1,784,.000000000000000,.000000000000000,-1.663741219685584,1.663741219685584
193,2,256,-3.327482439370332,6.654964878740663,-3.250143067647778,-.7733937172255262E-01
193,3,256,-3.172803695924194,6.345607391848388,-3.157181763903246,-.1562193202094718E-01
193,4,256,-3.141559831881873,6.283119663763745,-2.123914149516676,-1.017645682365196
193,5,10,-1.106268467151272,2.212536934302545,-.5531342335756295,-.5531342335756428
194,1,784,.000000000000000,.000000000000000,-1.663741219685586,1.663741219685586
194,2,256,-3.327482439370506,6.654964878741012,-3.250156998372641,-.7732544099786799E-01
194,3,256,-3.172831557374165,6.345663114748329,-3.157196001397640,-.1563555597652267E-01
194,4,256,-3.141560445420875,6.283120890841749,-2.123955801772173,-1.017604643648702
194,5,10,-1.106351158123159,2.212702316246318,-.5531755790615909,-.5531755790615681
195,1,784,.000000000000000,.000000000000000,-1.663741219685584,1.663741219685584
195,2,256,-3.327482439370377,6.654964878740754,-3.250143376645104,-.7733906272527552E-01
195,3,256,-3.172804313918757,6.345608627837515,-3.157173533386483,-.1563078053227686E-01
195,4,256,-3.141542752854059,6.283085505708118,-2.123913484066674,-1.017629268787387
195,5,10,-1.106284215279398,2.212568430558796,-.5531421076397142,-.5531421076396836
196,1,784,.000000000000000,.000000000000000,-1.663741219685584,1.663741219685584
196,2,256,-3.327482439370334,6.654964878740667,-3.250138420657318,-.7734401871301805E-01
196,3,256,-3.172794401943369,6.345588803886739,-3.157171797837205,-.1562260410616413E-01
196,4,256,-3.141549193731043,6.283098387462085,-2.123939005279374,-1.017610188451671
196,5,10,-1.106328816827833,2.212657633655667,-.5531644084139006,-.5531644084139328
197,1,784,.000000000000000,.000000000000000,-1.663741219685583,1.663741219685583
197,2,256,-3.327482439370252,6.654964878740504,-3.250142561792722,-.7733987757752959E-01
197,3,256,-3.172802684214590,6.345605368429180,-3.157162253722072,-.1564043049251668E-01
197,4,256,-3.141521823230007,6.283043646460015,-2.123892394273876,-1.017629428956129
197,5,10,-1.106262965317872,2.212525930635744,-.5531314826589439,-.5531314826589283
198,1,784,.000000000000000,.000000000000000,-1.663741219685585,1.663741219685585
198,2,256,-3.327482439370411,6.654964878740823,-3.250157067653709,-.7732537171670613E-01
198,3,256,-3.172831695936482,6.345663391872964,-3.157177007589051,-.1565468834743417E-01
198,4,256,-3.141522319241872,6.283044638483744,-2.123930422550868,-1.017591896691004
198,5,10,-1.106338525859868,2.212677051719737,-.5531692629299442,-.5531692629299242
199,1,784,.000000000000000,.000000000000000,-1.663741219685584,1.663741219685584
199,2,256,-3.327482439370347,6.654964878740694,-3.250140203934562,-.7734223543578383E-01
199,3,256,-3.172797968497822,6.345595936995643,-3.157169190655822,-.1562877784200211E-01
199,4,256,-3.141540412813745,6.283080825627491,-2.123913546858169,-1.017626865955577
199,5,10,-1.106286680902639,2.212573361805279,-.5531433404513291,-.5531433404513102
200,1,784,.000000000000000,.000000000000000,-1.663741219685584,1.663741219685584
200,2,256,-3.327482439370407,6.654964878740813,-3.250150614835884,-.7733182453451901E-01
200,3,256,-3.172818790300583,6.345637580601165,-3.157163555425192,-.1565523487539301E-01
200,4,256,-3.141508320549944,6.283016641099889,-2.123871610655509,-1.017636709894437
200,5,10,-1.106234900761244,2.212469801522487,-.5531174503806202,-.5531174503806235
201,1,784,.000000000000000,.000000000000000,-1.663741219685582,1.663741219685582
201,2,256,-3.327482439370378,6.654964878740756,-3.250139531534681,-.7734290783570086E-01
201,3,256,-3.172796623698324,6.345593247396649,-3.157155797504822,-.1564082619350052E-01
201,4,256,-3.141514971311452,6.283029942622904,-2.123921792702929,-1.017593178608523
201,5,10,-1.106328614094334,2.212657228188669,-.5531643070472049,-.5531643070471294
202,1,784,.000000000000000,.000000000000000,-1.663741219685581,1.663741219685581
202,2,256,-3.327482439370306,6.654964878740612,-3.250145603142651,-.7733683622765565E-01
202,3,256,-3.172808766914313,6.345617533828626,-3.157163910354587,-.1564485655972786E-01
202,4,256,-3.141519053794954,6.283038107589908,-2.123899240345195,-1.017619813449757
202,5,10,-1.106279426895383,2.212558853790767,-.5531397134476764,-.5531397134477070
203,1,784,.000000000000000,.000000000000000,-1.663741219685584,1.663741219685584
203,2,256,-3.327482439370398,6.654964878740796,-3.250146653145772,-.7733578622462706E-01
203,3,256,-3.172810866920437,6.345621733840874,-3.157183057016277,-.1562780990416008E-01
203,4,256,-3.141555247112507,6.283110494225014,-2.123955425727329,-1.017599821385176
203,5,10,-1.106355604342473,2.212711208684946,-.5531778021712422,-.5531778021712306
204,1,784,.000000000000000,.000000000000000,-1.663741219685583,1.663741219685583
204,2,256,-3.327482439370443,6.654964878740887,-3.250150289015884,-.7733215035456464E-01
204,3,256,-3.172818138660460,6.345636277320920,-3.157188726640166,-.1562941202029424E-01
204,4,256,-3.141559314619933,6.283118629239866,-2.123961574736426,-1.017597739883508
204,5,10,-1.106363834853171,2.212727669706342,-.5531819174265623,-.5531819174266089
205,1,784,.000000000000000,.000000000000000,-1.663741219685583,1.663741219685583
205,2,256,-3.327482439370332,6.654964878740665,-3.250148067439587,-.7733437193074243E-01
205,3,256,-3.172813695508164,6.345627391016327,-3.157171411336730,-.1564228417142963E-01
205,4,256,-3.141529127165254,6.283058254330507,-2.123880928860880,-1.017648198304375
205,5,10,-1.106232730556302,2.212465461112605,-.5531163652781548,-.5531163652781476
206,1,784,.000000000000000,.000000000000000,-1.663741219685584,1.663741219685584
206,2,256,-3.327482439370262,6.654964878740524,-3.250154845807613,-.7732759356265004E-01
206,3,256,-3.172827252243892,6.345654504487785,-3.157174709077029,-.1565254316686069E-01
206,4,256,-3.141522165909914,6.283044331819827,-2.123885285039936,-1.017636880869976
206,5,10,-1.106248404169892,2.212496808339784,-.5531242020849377,-.5531242020849544
207,1,784,.000000000000000,.000000000000000,-1.663741219685583,1.663741219685583
207,2,256,-3.327482439370456,6.654964878740913,-3.250141937889547,-.7734050148091015E-01
207,3,256,-3.172801436407847,6.345602872815694,-3.157151885221648,-.1564955118619769E-01
207,4,256,-3.141502334035301,6.283004668070602,-2.123905522783317,-1.017596811251984
207,5,10,-1.106308711531289,2.212617423062578,-.5531543557656321,-.5531543557656571
208,1,784,.000000000000000,.000000000000000,-1.663741219685581,1.663741219685581
208,2,256,-3.327482439370460,6.654964878740920,-3.250147005331771,-.7733543403869181E-01
208,3,256,-3.172811571292206,6.345623142584413,-3.157156528506055,-.1565504278615285E-01
208,4,256,-3.141501485719791,6.283002971439582,-2.123918438923722,-1.017583046796070
208,5,10,-1.106335392127752,2.212670784255503,-.5531676960638567,-.5531676960638950
209,1,784,.000000000000000,.000000000000000,-1.663741219685581,1.663741219685581
209,2,256,-3.327482439370307,6.654964878740613,-3.250129565010044,-.7735287436026332E-01
209,3,256,-3.172776690648791,6.345553381297582,-3.157150675834610,-.1562601481418131E-01
209,4,256,-3.141524661020402,6.283049322040803,-2.123897399015977,-1.017627262004423
209,5,10,-1.106270137011665,2.212540274023330,-.5531350685058263,-.5531350685058385
210,1,784,.000000000000000,.000000000000000,-1.663741219685583,1.663741219685583
210,2,256,-3.327482439370393,6.654964878740786,-3.250150399873737,-.7733203949665612E-01
210,3,256,-3.172818360376597,6.345636720753195,-3.157169670972289,-.1564868940430719E-01
210,4,256,-3.141520981568344,6.283041963136689,-2.123910161360989,-1.017610820207357
210,5,10,-1.106299341153723,2.212598682307447,-.5531496705768532,-.5531496705768704
211,1,784,.000000000000000,.000000000000000,-1.663741219685583,1.663741219685583
211,2,256,-3.327482439370368,6.654964878740737,-3.250147866154489,-.7733457321588080E-01
211,3,256,-3.172813292937756,6.345626585875512,-3.157164087151374,-.1564920578638198E-01
211,4,256,-3.141514881365106,6.283029762730212,-2.123915615176662,-1.017599266188446
211,5,10,-1.106316348988381,2.212632697976763,-.5531581744941932,-.5531581744941882
212,1,784,.000000000000000,.000000000000000,-1.663741219685585,1.663741219685585
212,2,256,-3.327482439370289,6.654964878740579,-3.250150093461650,-.7733234590863726E-01
212,3,256,-3.172817747552066,6.345635495104132,-3.157172396986891,-.1564535056517701E-01
212,4,256,-3.141527046421543,6.283054092843085,-2.123917214366747,-1.017609832054795
212,5,10,-1.106307382311817,2.212614764623634,-.5531536911559234,-.5531536911558934
213,1,784,.000000000000000,.000000000000000,-1.663741219685584,1.663741219685584
213,2,256,-3.327482439370490,6.654964878740979,-3.250135669769691,-.7734676960079814E-01
213,3,256,-3.172788900168135,6.345577800336271,-3.157154686040338,-.1563421412779995E-01
213,4,256,-3.141520471912286,6.283040943824573,-2.123943993874300,-1.017576478037986
213,5,10,-1.106367515836165,2.212735031672330,-.5531837579180737,-.5531837579180909
214,1,784,.000000000000000,.000000000000000,-1.663741219685585,1.663741219685585
214,2,256,-3.327482439370257,6.654964878740515,-3.250147790805838,-.7733464856441755E-01
214,3,256,-3.172813142240280,6.345626284480560,-3.157171164120026,-.1564197812025030E-01
214,4,256,-3.141529185999562,6.283058371999124,-2.123902488228933,-1.017626697770629
214,5,10,-1.106275790458337,2.212551580916674,-.5531378952291613,-.5531378952291758
215,1,784,.000000000000000,.000000000000000,-1.663741219685583,1.663741219685583
215,2,256,-3.327482439370252,6.654964878740503,-3.250148402606304,-.7733403676394765E-01
215,3,256,-3.172814365841577,6.345628731683155,-3.157171390988116,-.1564297485346100E-01
215,4,256,-3.141528416134669,6.283056832269339,-2.123910993158509,-1.017617422976161
215,5,10,-1.106293570182224,2.212587140364447,-.5531467850911157,-.5531467850911079
216,1,784,.000000000000000,.000000000000000,-1.663741219685583,1.663741219685583
216,2,256,-3.327482439370397,6.654964878740794,-3.250142456822132,-.7733998254826455E-01
216,3,256,-3.172802474273127,6.345604948546254,-3.157166841704762,-.1563563256836599E-01
216,4,256,-3.141531209136258,6.283062418272515,-2.123941088082154,-1.017590121054104
216,5,10,-1.106350967027918,2.212701934055835,-.5531754835139419,-.5531754835139757
217,1,784,.000000000000000,.000000000000000,-1.663741219685584,1.663741219685584
217,2,256,-3.327482439370371,6.654964878740741,-3.250140456890052,-.7734198248031797E-01
217,3,256,-3.172798474408974,6.345596948817948,-3.157139359806589,-.1565911460238320E-01
217,4,256,-3.141480245204477,6.282960490408954,-2.123906116896907,-1.017574128307571
217,5,10,-1.106331988589551,2.212663977179101,-.5531659942947881,-.5531659942947625
218,1,784,.000000000000000,.000000000000000,-1.663741219685584,1.663741219685584
218,2,256,-3.327482439370374,6.654964878740747,-3.250141463702017,-.7734097566835887E-01
218,3,256,-3.172800488032704,6.345600976065408,-3.157155232530346,-.1564525550236018E-01
218,4,256,-3.141509977028224,6.283019954056448,-2.123915022551959,-1.017594954476267
218,5,10,-1.106320068076075,2.212640136152150,-.5531600340380473,-.5531600340380278
219,1,784,.000000000000000,.000000000000000,-1.663741219685584,1.663741219685584
219,2,256,-3.327482439370356,6.654964878740713,-3.250146655922239,-.7733578344811587E-01
219,3,256,-3.172810872473398,6.345621744946796,-3.157156192150002,-.1565468032340007E-01
219,4,256,-3.141501511826454,6.283003023652907,-2.123890236126512,-1.017611275699943
219,5,10,-1.106278960426350,2.212557920852699,-.5531394802131701,-.5531394802131795
220,1,784,.000000000000000,.000000000000000,-1.663741219685582,1.663741219685582
220,2,256,-3.327482439370412,6.654964878740825,-3.250142399313614,-.7734004005679844E-01
220,3,256,-3.172802359255948,6.345604718511896,-3.157181733110421,-.1562062614552786E-01
220,4,256,-3.141561106964490,6.283122213928979,-2.123919143760446,-1.017641963204043
220,5,10,-1.106277180556123,2.212554361112247,-.5531385902780609,-.5531385902780626
221,1,784,.000000000000000,.000000000000000,-1.663741219685584,1.663741219685584
221,2,256,-3.327482439370287,6.654964878740573,-3.250143008621006,-.7733943074927581E-01
221,3,256,-3.172803577870687,6.345607155741375,-3.157161895302163,-.1564168256852173E-01
221,4,256,-3.141520212733455,6.283040425466910,-2.123915693136940,-1.017604519596514
221,5,10,-1.106311173540412,2.212622347080824,-.5531555867702030,-.5531555867702086
222,1,784,.000000000000000,.000000000000000,-1.663741219685583,1.663741219685583
222,2,256,-3.327482439370319,6.654964878740637,-3.250145508766804,-.7733693060351569E-01
222,3,256,-3.172808578162484,6.345617156324969,-3.157155242567227,-.1565333559525749E-01
222,4,256,-3.141501906971633,6.283003813943266,-2.123912046717658,-1.017589860253977
222,5,10,-1.106322186463290,2.212644372926579,-.5531610932316553,-.5531610932316342
223,1,784,.000000000000000,.000000000000000,-1.663741219685584,1.663741219685584
223,2,256,-3.327482439370468,6.654964878740936,-3.250149620478136,-.7733281889233561E-01
223,3,256,-3.172816801585172,6.345633603170343,-3.157172528347517,-.1564427323765411E-01
223,4,256,-3.141528255109785,6.283056510219571,-2.123911148216227,-1.017617106893561
223,5,10,-1.106294041322476,2.212588082644952,-.5531470206612592,-.5531470206612170
224,1,784,.000000000000000,.000000000000000,-1.663741219685583,1.663741219685583
224,2,256,-3.327482439370407,6.654964878740815,-3.250142751504307,-.7733968786609885E-01
224,3,256,-3.172803063637331,6.345606127274663,-3.157162019918618,-.1564104371871463E-01
224,4,256,-3.141520976199879,6.283041952399758,-2.123925169601267,-1.017595806598615
224,5,10,-1.106329363002776,2.212658726005553,-.5531646815013727,-.5531646815014037
225,1,784,.000000000000000,.000000000000000,-1.663741219685584,1.663741219685584
225,2,256,-3.327482439370296,6.654964878740591,-3.250148058237583,-.7733438113271489E-01
225,3,256,-3.172813677103953,6.345627354207906,-3.157181174819860,-.1563250228409028E-01
225,4,256,-3.141548672535686,6.283097345071373,-2.123932830298120,-1.017615842237566
225,5,10,-1.106316988060476,2.212633976120952,-.5531584940302592,-.5531584940302170
226,1,784,.000000000000000,.000000000000000,-1.663741219685585,1.663741219685585
226,2,256,-3.327482439370339,6.654964878740678,-3.250146773881325,-.7733566548900971E-01
226,3,256,-3.172811108391570,6.345622216783140,-3.157170087881290,-.1564102051027929E-01
226,4,256,-3.141529067371018,6.283058134742037,-2.123917449359419,-1.017611618011600
226,5,10,-1.106305831347763,2.212611662695525,-.5531529156738725,-.5531529156738902
227,1,784,.000000000000000,.000000000000000,-1.663741219685584,1.663741219685584
227,2,256,-3.327482439370309,6.654964878740618,-3.250143371983846,-.7733906738646149E-01
227,3,256,-3.172804304596609,6.345608609193217,-3.157160142903257,-.1564416169335447E-01
227,4,256,-3.141515981209972,6.283031962419943,-2.123899920882661,-1.017616060327308
227,5,10,-1.106283860555341,2.212567721110682,-.5531419302776694,-.5531419302776717
228,1,784,.000000000000000,.000000000000000,-1.663741219685585,1.663741219685585
228,2,256,-3.327482439370446,6.654964878740891,-3.250142701119326,-.7733973825111984E-01
228,3,256,-3.172802962867587,6.345605925735175,-3.157188642444432,-.1561432042315414E-01
228,4,256,-3.141574322021429,6.283148644042859,-2.123936779655349,-1.017637542366078
228,5,10,-1.106299237289367,2.212598474578733,-.5531496186446635,-.5531496186447029
229,1,784,.000000000000000,.000000000000000,-1.663741219685585,1.663741219685585
229,2,256,-3.327482439370360,6.654964878740720,-3.250144544330229,-.7733789504012840E-01
229,3,256,-3.172806649289409,6.345613298578818,-3.157166487900999,-.1564016138840823E-01
229,4,256,-3.141526326512679,6.283052653025359,-2.123873684189562,-1.017652642323117
229,5,10,-1.106221041866454,2.212442083732908,-.5531105209332120,-.5531105209332420
230,1,784,.000000000000000,.000000000000000,-1.663741219685585,1.663741219685585
230,2,256,-3.327482439370380,6.654964878740761,-3.250140141174133,-.7734229819624784E-01
230,3,256,-3.172797842977204,6.345595685954408,-3.157143087439435,-.1565475553776536E-01
230,4,256,-3.141488331901751,6.282976663803503,-2.123905560560067,-1.017582771341685
230,5,10,-1.106322789218341,2.212645578436683,-.5531613946091827,-.5531613946091588
231,1,784,.000000000000000,.000000000000000,-1.663741219685583,1.663741219685583
231,2,256,-3.327482439370367,6.654964878740735,-3.250147433551431,-.7733500581893687E-01
231,3,256,-3.172812427731616,6.345624855463232,-3.157188614998140,-.1562381273347492E-01
231,4,256,-3.141564802264353,6.283129604528705,-2.123933614401311,-1.017631187863044
231,5,10,-1.106302426538036,2.212604853076072,-.5531512132690177,-.5531512132690183
232,1,784,.000000000000000,.000000000000000,-1.663741219685583,1.663741219685583
232,2,256,-3.327482439370280,6.654964878740561,-3.250150559348037,-.7733188002224187E-01
232,3,256,-3.172818679325046,6.345637358650093,-3.157170473043605,-.1564820628143910E-01
232,4,256,-3.141522266762075,6.283044533524150,-2.123861901022033,-1.017660365740036
232,5,10,-1.106201535281795,2.212403070563591,-.5531007676408862,-.5531007676409090
233,1,784,.000000000000000,.000000000000000,-1.663741219685584,1.663741219685584
233,2,256,-3.327482439370403,6.654964878740806,-3.250142848845249,-.7733959052515588E-01
233,3,256,-3.172803258319419,6.345606516638838,-3.157152566537878,-.1565069178154107E-01
233,4,256,-3.141501874756594,6.283003749513188,-2.123909125508029,-1.017592749248565
233,5,10,-1.106316376259632,2.212632752519264,-.5531581881298161,-.5531581881298155
234,1,784,.000000000000000,.000000000000000,-1.663741219685583,1.663741219685583
234,2,256,-3.327482439370313,6.654964878740627,-3.250141893238652,-.7734054613166470E-01
234,3,256,-3.172801347106275,6.345602694212549,-3.157163568469922,-.1563777863635036E-01
234,4,256,-3.141525789833596,6.283051579667193,-2.123927437999876,-1.017598351833722
234,5,10,-1.106329086166016,2.212658172332033,-.5531645430830204,-.5531645430829960
235,1,784,.000000000000000,.000000000000000,-1.663741219685582,1.663741219685582
235,2,256,-3.327482439370309,6.654964878740618,-3.250150129988062,-.7733230938224780E-01
235,3,256,-3.172817820605150,6.345635641210300,-3.157165668646691,-.1565215195845950E-01
235,4,256,-3.141513516688375,6.283027033376750,-2.123900307701360,-1.017613208987014
235,5,10,-1.106287098714307,2.212574197428614,-.5531435493571490,-.5531435493571579
236,1,784,.000000000000000,.000000000000000,-1.663741219685583,1.663741219685583
236,2,256,-3.327482439370458,6.654964878740916,-3.250146455085982,-.7733598428448052E-01
236,3,256,-3.172810470800937,6.345620941601874,-3.157146510354256,-.1566396044668188E-01
236,4,256,-3.141482549907833,6.282965099815667,-2.123902784233718,-1.017579765674116
236,5,10,-1.106323018559713,2.212646037119425,-.5531615092798626,-.5531615092798499
237,1,784,.000000000000000,.000000000000000,-1.663741219685584,1.663741219685584
237,2,256,-3.327482439370430,6.654964878740859,-3.250143013773190,-.7733942559724073E-01
237,3,256,-3.172803588175056,6.345607176350112,-3.157160909119252,-.1564267905580292E-01
237,4,256,-3.141518230063352,6.283036460126703,-2.123891442395664,-1.017626787667686
237,5,10,-1.106264654728011,2.212529309456021,-.5531323273640206,-.5531323273639901
238,1,784,.000000000000000,.000000000000000,-1.663741219685585,1.663741219685585
238,2,256,-3.327482439370282,6.654964878740564,-3.250135332697489,-.7734710667279179E-01
238,3,256,-3.172788226023854,6.345576452047707,-3.157157766030488,-.1563045999337084E-01
238,4,256,-3.141527306037049,6.283054612074098,-2.123917622340928,-1.017609683696122
238,5,10,-1.106307938644711,2.212615877289423,-.5531539693223496,-.5531539693223618
239,1,784,.000000000000000,.000000000000000,-1.663741219685584,1.663741219685584
239,2,256,-3.327482439370405,6.654964878740810,-3.250142064118852,-.7734037525155246E-01
239,3,256,-3.172801688867009,6.345603377734018,-3.157161392487366,-.1564029637964577E-01
239,4,256,-3.141521096107990,6.283042192215979,-2.123898375104452,-1.017622721003538
239,5,10,-1.106275654100694,2.212551308201388,-.5531378270503570,-.5531378270503370
240,1,784,.000000000000000,.000000000000000,-1.663741219685583,1.663741219685583
240,2,256,-3.327482439370304,6.654964878740607,-3.250147505195489,-.7733493417481568E-01
240,3,256,-3.172812571019673,6.345625142039347,-3.157172748280397,-.1563982273927414E-01
240,4,256,-3.141532925540968,6.283065851081936,-2.123935168034319,-1.017597757506646
240,5,10,-1.106337410527633,2.212674821055266,-.5531687052638303,-.5531687052638026
241,1,784,.000000000000000,.000000000000000,-1.663741219685582,1.663741219685582
241,2,256,-3.327482439370512,6.654964878741024,-3.250143053699506,-.7733938567100329E-01
241,3,256,-3.172803668027948,6.345607336055896,-3.157147733241410,-.1565593478653724E-01
241,4,256,-3.141491798454746,6.282983596909491,-2.123917929453298,-1.017573869001446
241,5,10,-1.106344060451589,2.212688120903178,-.5531720302258147,-.5531720302257742
242,1,784,.000000000000000,.000000000000000,-1.663741219685582,1.663741219685582
242,2,256,-3.327482439370498,6.654964878740997,-3.250150441764956,-.7733199760554617E-01
242,3,256,-3.172818444158637,6.345636888317275,-3.157182193372766,-.1563625078587053E-01
242,4,256,-3.141545942586817,6.283091885173634,-2.123914042325556,-1.017631900261259
242,5,10,-1.106282142064357,2.212564284128713,-.5531410710321617,-.5531410710321950
243,1,784,.000000000000000,.000000000000000,-1.663741219685582,1.663741219685582
243,2,256,-3.327482439370427,6.654964878740855,-3.250151908234329,-.7733053113609731E-01
243,3,256,-3.172821377097495,6.345642754194991,-3.157186361434586,-.1563501566291014E-01
243,4,256,-3.141551345771724,6.283102691543449,-2.123923127002424,-1.017628218769299
243,5,10,-1.106294908233196,2.212589816466393,-.5531474541165864,-.5531474541166097
244,1,784,.000000000000000,.000000000000000,-1.663741219685584,1.663741219685584
244,2,256,-3.327482439370406,6.654964878740812,-3.250145962983878,-.7733647638652817E-01
244,3,256,-3.172809486596595,6.345618973193189,-3.157168215184661,-.1564127141193788E-01
244,4,256,-3.141526943772756,6.283053887545512,-2.123918676285959,-1.017608267486795
244,5,10,-1.106310408799160,2.212620817598319,-.5531552043995970,-.5531552043995626
245,1,784,.000000000000000,.000000000000000,-1.663741219685582,1.663741219685582
245,2,256,-3.327482439370447,6.654964878740895,-3.250138844980293,-.7734359439015742E-01
245,3,256,-3.172795250589199,6.345590501178398,-3.157175118980735,-.1562013160846410E-01
245,4,256,-3.141554987372086,6.283109974744173,-2.123929379420864,-1.017625607951222
245,5,10,-1.106303771469705,2.212607542939411,-.5531518857348380,-.5531518857348674
246,1,784,.000000000000000,.000000000000000,-1.663741219685582,1.663741219685582
246,2,256,-3.327482439370399,6.654964878740798,-3.250139366104007,-.7734307326639488E-01
246,3,256,-3.172796292837040,6.345592585674081,-3.157146074429409,-.1565021840763319E-01
246,4,256,-3.141495856022140,6.282991712044280,-2.123859541631805,-1.017636314390332
246,5,10,-1.106223227241671,2.212446454483343,-.5531116136208235,-.5531116136208479
247,1,784,.000000000000000,.000000000000000,-1.663741219685583,1.663741219685583
247,2,256,-3.327482439370467,6.654964878740933,-3.250138182857687,-.7734425651278067E-01
247,3,256,-3.172793926343702,6.345587852687403,-3.157181593968328,-.1561233237537465E-01
247,4,256,-3.141569261592658,6.283138523185317,-2.123922193983378,-1.017647067609281
247,5,10,-1.106275126374291,2.212550252748583,-.5531375631871559,-.5531375631871354
248,1,784,.000000000000000,.000000000000000,-1.663741219685582,1.663741219685582
248,2,256,-3.327482439370332,6.654964878740664,-3.250152802167544,-.7732963720279067E-01
248,3,256,-3.172823164963741,6.345646329927482,-3.157188683690952,-.1563448127279022E-01
248,4,256,-3.141554202417864,6.283108404835727,-2.123914706864792,-1.017639495553076
248,5,10,-1.106275211311626,2.212550422623253,-.5531376056557985,-.5531376056558279
249,1,784,.000000000000000,.000000000000000,-1.663741219685585,1.663741219685585
249,2,256,-3.327482439370265,6.654964878740531,-3.250135473783017,-.7734696558724694E-01
249,3,256,-3.172788508195146,6.345577016390292,-3.157164009905484,-.1562449828966059E-01
249,4,256,-3.141539511616151,6.283079023232301,-2.123886371315300,-1.017653140300850
249,5,10,-1.106233231014480,2.212466462028960,-.5531166155072506,-.5531166155072295
250,1,784,.000000000000000,.000000000000000,-1.663741219685584,1.663741219685584
250,2,256,-3.327482439370395,6.654964878740790,-3.250137296193900,-.7734514317649574E-01
250,3,256,-3.172792153016566,6.345584306033133,-3.157158579350247,-.1563357366632106E-01
250,4,256,-3.141525005683812,6.283050011367624,-2.123921572141179,-1.017603433542636
250,5,10,-1.106318138598516,2.212636277197031,-.5531590692992479,-.5531590692992678
251,1,784,.000000000000000,.000000000000000,-1.663741219685583,1.663741219685583
251,2,256,-3.327482439370454,6.654964878740907,-3.250152930236576,-.7732950913387501E-01
251,3,256,-3.172823421101957,6.345646842203913,-3.157168681024903,-.1565474007705231E-01
251,4,256,-3.141513940947828,6.283027881895656,-2.123925913078798,-1.017588027869032
251,5,10,-1.106337885209774,2.212675770419549,-.5531689426048914,-.5531689426048830
252,1,784,.000000000000000,.000000000000000,-1.663741219685585,1.663741219685585
252,2,256,-3.327482439370332,6.654964878740663,-3.250145204337433,-.7733723503290031E-01
252,3,256,-3.172807969303383,6.345615938606765,-3.157167459524657,-.1564050977872409E-01
252,4,256,-3.141526949745474,6.283053899490948,-2.123899361763531,-1.017627587981946
252,5,10,-1.106271773781433,2.212543547562867,-.5531358868907211,-.5531358868907122
253,1,784,.000000000000000,.000000000000000,-1.663741219685583,1.663741219685583
253,2,256,-3.327482439370345,6.654964878740690,-3.250143290899596,-.7733914847074416E-01
253,3,256,-3.172804142427948,6.345608284855896,-3.157162253510642,-.1564188891730213E-01
253,4,256,-3.141520364593100,6.283040729186199,-2.123917736855147,-1.017602627737952
253,5,10,-1.106315109117019,2.212630218234038,-.5531575545585217,-.5531575545584972
254,1,784,.000000000000000,.000000000000000,-1.663741219685583,1.663741219685583
254,2,256,-3.327482439370335,6.654964878740669,-3.250142586805388,-.7733985256494362E-01
254,3,256,-3.172802734239938,6.345605468479875,-3.157150520707118,-.1565221353281845E-01
254,4,256,-3.141498307174994,6.282996614349988,-2.123893336706084,-1.017604970468908
254,5,10,-1.106288366237519,2.212576732475037,-.5531441831187752,-.5531441831187436
255,1,784,.000000000000000,.000000000000000,-1.663741219685585,1.663741219685585
255,2,256,-3.327482439370321,6.654964878740642,-3.250149639631287,-.7733279973903195E-01
255,3,256,-3.172816839891091,6.345633679782183,-3.157166920974596,-.1564991891649787E-01
255,4,256,-3.141517002057518,6.283034004115035,-2.123935931526773,-1.017581070530747
255,5,10,-1.106354860995771,2.212709721991541,-.5531774304978817,-.5531774304978889
256,1,784,.000000000000000,.000000000000000,-1.663741219685581,1.663741219685581
256,2,256,-3.327482439370411,6.654964878740822,-3.250159593284892,-.7732284608551998E-01
256,3,256,-3.172836747198633,6.345673494397266,-3.157197370575880,-.1563937662275082E-01
256,4,256,-3.141557993953077,6.283115987906154,-2.123923135599573,-1.017634858353504
256,5,10,-1.106288277246019,2.212576554492039,-.5531441386230025,-.5531441386230169
257,1,784,.000000000000000,.000000000000000,-1.663741219685585,1.663741219685585
257,2,256,-3.327482439370366,6.654964878740731,-3.250152577445726,-.7732986192463887E-01
257,3,256,-3.172822715520071,6.345645431040142,-3.157190724525908,-.1563199099416461E-01
257,4,256,-3.141558733531402,6.283117467062803,-2.123943866957827,-1.017614866573575
257,5,10,-1.106329000384112,2.212658000768224,-.5531645001920653,-.5531645001920464
258,1,784,.000000000000000,.000000000000000,-1.663741219685584,1.663741219685584
258,2,256,-3.327482439370363,6.654964878740727,-3.250136940286693,-.7734549908366919E-01
258,3,256,-3.172791441202238,6.345582882404475,-3.157149043486343,-.1564239771589249E-01
258,4,256,-3.141506645770590,6.283013291541180,-2.123871022383359,-1.017635623387227
258,5,10,-1.106235398996269,2.212470797992538,-.5531176994981273,-.5531176994981417
259,1,784,.000000000000000,.000000000000000,-1.663741219685584,1.663741219685584
259,2,256,-3.327482439370328,6.654964878740655,-3.250145242118561,-.7733719725176837E-01
259,3,256,-3.172808044865971,6.345616089731942,-3.157167208056890,-.1564083680908483E-01
259,4,256,-3.141526371247566,6.283052742495133,-2.123943727667339,-1.017582643580226
259,5,10,-1.106361084086929,2.212722168173858,-.5531805420434324,-.5531805420434968
260,1,784,.000000000000000,.000000000000000,-1.663741219685584,1.663741219685584
260,2,256,-3.327482439370370,6.654964878740739,-3.250152504579215,-.7732993479115649E-01
260,3,256,-3.172822569787450,6.345645139574899,-3.157165263795402,-.1565730599204529E-01
260,4,256,-3.141507957803678,6.283015915607355,-2.123901059112026,-1.017606898691650
260,5,10,-1.106294160420550,2.212588320841101,-.5531470802102554,-.5531470802102948
261,1,784,.000000000000000,.000000000000000,-1.663741219685582,1.663741219685582
261,2,256,-3.327482439370326,6.654964878740651,-3.250144004882667,-.7733843448766048E-01
261,3,256,-3.172805570394170,6.345611140788339,-3.157157516666671,-.1564805372750300E-01
261,4,256,-3.141509462939123,6.283018925878246,-2.123886383691783,-1.017623079247341
261,5,10,-1.106263304444424,2.212526608888847,-.5531316522221961,-.5531316522222276
262,1,784,.000000000000000,.000000000000000,-1.663741219685584,1.663741219685584
262,2,256,-3.327482439370500,6.654964878741000,-3.250149199826194,-.7733323954430213E-01
262,3,256,-3.172815960281119,6.345631920562238,-3.157162895748209,-.1565306453291113E-01
262,4,256,-3.141509831215233,6.283019662430466,-2.123876470690046,-1.017633360525188
262,5,10,-1.106243110164879,2.212486220329758,-.5531215550824501,-.5531215550824290
263,1,784,.000000000000000,.000000000000000,-1.663741219685583,1.663741219685583
263,2,256,-3.327482439370299,6.654964878740597,-3.250150413947327,-.7733202542297160E-01
263,3,256,-3.172818388523682,6.345636777047363,-3.157163374540991,-.1565501398268833E-01
263,4,256,-3.141508360558703,6.283016721117407,-2.123883979016330,-1.017624381542375
263,5,10,-1.106259597474144,2.212519194948289,-.5531297987370822,-.5531297987370623
264,1,784,.000000000000000,.000000000000000,-1.663741219685582,1.663741219685582
264,2,256,-3.327482439370342,6.654964878740683,-3.250155369426781,-.7732706994356341E-01
264,3,256,-3.172828299482171,6.345656598964342,-3.157189635430477,-.1563866405169367E-01
264,4,256,-3.141550971378328,6.283101942756655,-2.123968135858371,-1.017582835519958
264,5,10,-1.106385300338184,2.212770600676368,-.5531926501690917,-.5531926501690922
265,1,784,.000000000000000,.000000000000000,-1.663741219685586,1.663741219685586
265,2,256,-3.327482439370301,6.654964878740602,-3.250152371368447,-.7733006800185199E-01
265,3,256,-3.172822303365405,6.345644606730811,-3.157188919025522,-.1563338433988241E-01
265,4,256,-3.141555534685519,6.283111069371038,-2.123907706878324,-1.017647827807195
265,5,10,-1.106259879071364,2.212519758142728,-.5531299395356695,-.5531299395356950
266,1,784,.000000000000000,.000000000000000,-1.663741219685582,1.663741219685582
266,2,256,-3.327482439370388,6.654964878740776,-3.250144744516901,-.7733769485348772E-01
266,3,256,-3.172807049662445,6.345614099324889,-3.157159483314190,-.1564756634825634E-01
266,4,256,-3.141511916966067,6.283023833932134,-2.123905262673696,-1.017606654292372
266,5,10,-1.106298608381615,2.212597216763231,-.5531493041908265,-.5531493041907888
267,1,784,.000000000000000,.000000000000000,-1.663741219685583,1.663741219685583
267,2,256,-3.327482439370502,6.654964878741004,-3.250143148922436,-.7733929044806462E-01
267,3,256,-3.172803858473334,6.345607716946668,-3.157164503014313,-.1563935545901681E-01
267,4,256,-3.141525147554769,6.283050295109539,-2.123886971826012,-1.017638175728756
267,5,10,-1.106248796097100,2.212497592194199,-.5531243980485515,-.5531243980485482
268,1,784,.000000000000000,.000000000000000,-1.663741219685583,1.663741219685583
268,2,256,-3.327482439370417,6.654964878740834,-3.250150181786858,-.7733225758355811E-01
268,3,256,-3.172817924202544,6.345635848405088,-3.157171368261373,-.1564655594117107E-01
268,4,256,-3.141524812320065,6.283049624640131,-2.123919153984374,-1.017605658335691
268,5,10,-1.106313495648590,2.212626991297179,-.5531567478242778,-.5531567478243117
269,1,784,.000000000000000,.000000000000000,-1.663741219685582,1.663741219685582
269,2,256,-3.327482439370496,6.654964878740993,-3.250151233801470,-.7733120556902859E-01
269,3,256,-3.172820028231659,6.345640056463318,-3.157183820032125,-.1563620819953505E-01
269,4,256,-3.141547611832451,6.283095223664902,-2.123928474381346,-1.017619137451109
269,5,10,-1.106309336930252,2.212618673860505,-.5531546684651092,-.5531546684651432
270,1,784,.000000000000000,.000000000000000,-1.663741219685583,1.663741219685583
270,2,256,-3.327482439370357,6.654964878740715,-3.250136120805474,-.7734631856488337E-01
270,3,256,-3.172789802239884,6.345579604479767,-3.157154716545623,-.1563508569425721E-01
270,4,256,-3.141519630851477,6.283039261702955,-2.123896885432809,-1.017622745418669
270,5,10,-1.106274140014166,2.212548280028332,-.5531370700070735,-.5531370700070929
271,1,784,.000000000000000,.000000000000000,-1.663741219685581,1.663741219685581
271,2,256,-3.327482439370497,6.654964878740994,-3.250154812457311,-.7732762691318633E-01
271,3,256,-3.172827185543395,6.345654371086789,-3.157192767441026,-.1563441810237141E-01
271,4,256,-3.141558349338359,6.283116698676719,-2.123893063348274,-1.017665285990083
271,5,10,-1.106227777357942,2.212455554715884,-.5531138886789773,-.5531138886789650
272,1,784,.000000000000000,.000000000000000,-1.663741219685585,1.663741219685585
272,2,256,-3.327482439370378,6.654964878740755,-3.250135559098925,-.7734688027145163E-01
272,3,256,-3.172788678826314,6.345577357652627,-3.157144336453236,-.1564434237307922E-01
272,4,256,-3.141499994079704,6.282999988159409,-2.123901063405986,-1.017598930673718
272,5,10,-1.106302132732178,2.212604265464356,-.5531510663660976,-.5531510663660804
273,1,784,.000000000000000,.000000000000000,-1.663741219685583,1.663741219685583
273,2,256,-3.327482439370254,6.654964878740508,-3.250145695019428,-.7733674435082423E-01
273,3,256,-3.172808950667600,6.345617901335200,-3.157173777176583,-.1563517349101592E-01
273,4,256,-3.141538603685797,6.283077207371594,-2.123956402368046,-1.017582201317754
273,5,10,-1.106374201050587,2.212748402101175,-.5531871005253103,-.5531871005252770
274,1,784,.000000000000000,.000000000000000,-1.663741219685582,1.663741219685582
274,2,256,-3.327482439370226,6.654964878740453,-3.250155536184023,-.7732690318620389E-01
274,3,256,-3.172828632996817,6.345657265993633,-3.157161965938308,-.1566666705850907E-01
274,4,256,-3.141495298879883,6.282990597759766,-2.123894772381290,-1.017600526498593
274,5,10,-1.106294245882841,2.212588491765682,-.5531471229414219,-.5531471229414191
275,1,784,.000000000000000,.000000000000000,-1.663741219685584,1.663741219685584
275,2,256,-3.327482439370355,6.654964878740709,-3.250154418312614,-.7732802105774031E-01
275,3,256,-3.172826397253969,6.345652794507938,-3.157182486429858,-.1564391082410893E-01
275,4,256,-3.141538575605692,6.283077151211384,-2.123917373062289,-1.017621202543404
275,5,10,-1.106296170518902,2.212592341037805,-.5531480852594597,-.5531480852594425
276,1,784,.000000000000000,.000000000000000,-1.663741219685582,1.663741219685582
276,2,256,-3.327482439370380,6.654964878740760,-3.250144816785475,-.7733762258490240E-01
276,3,256,-3.172807194200059,6.345614388400118,-3.157181956515656,-.1562523768440116E-01
276,4,256,-3.141556718831635,6.283113437663269,-2.123941029138436,-1.017615689693201
276,5,10,-1.106325339445338,2.212650678890676,-.5531626697226746,-.5531626697226635
277,1,784,.000000000000000,.000000000000000,-1.663741219685586,1.663741219685586
277,2,256,-3.327482439370423,6.654964878740845,-3.250150347624286,-.7733209174613712E-01
277,3,256,-3.172818255877390,6.345636511754780,-3.157153908832139,-.1566434704524949E-01
277,4,256,-3.141489561786672,6.282979123573345,-2.123884211079550,-1.017605350707125
277,5,10,-1.106278860372240,2.212557720744480,-.5531394301861146,-.5531394301861251
278,1,784,.000000000000000,.000000000000000,-1.663741219685583,1.663741219685583
278,2,256,-3.327482439370439,6.654964878740877,-3.250150030242278,-.7733240912816021E-01
278,3,256,-3.172817621113408,6.345635242226817,-3.157143033016058,-.1567458809735304E-01
278,4,256,-3.141468444918908,6.282936889837815,-2.123890253994337,-1.017578190924571
278,5,10,-1.106312063069998,2.212624126139997,-.5531560315349766,-.5531560315350216
279,1,784,.000000000000000,.000000000000000,-1.663741219685583,1.663741219685583
279,2,256,-3.327482439370342,6.654964878740684,-3.250151767159098,-.7733067221124276E-01
279,3,256,-3.172821094946710,6.345642189893420,-3.157172920304112,-.1564817464259828E-01
279,4,256,-3.141524745661239,6.283049491322479,-2.123919018951189,-1.017605726710049
279,5,10,-1.106313292241106,2.212626584482213,-.5531566461205965,-.5531566461205099
280,1,784,.000000000000000,.000000000000000,-1.663741219685583,1.663741219685583
280,2,256,-3.327482439370259,6.654964878740518,-3.250153745392234,-.7732869397802576E-01
280,3,256,-3.172825051413030,6.345650102826060,-3.157187068292103,-.1563798312092621E-01
280,4,256,-3.141549085170983,6.283098170341965,-2.123957884044540,-1.017591201126441
280,5,10,-1.106366682918153,2.212733365836306,-.5531833414590884,-.5531833414590646
281,1,784,.000000000000000,.000000000000000,-1.663741219685581,1.663741219685581
281,2,256,-3.327482439370423,6.654964878740845,-3.250141384651235,-.7734105471918491E-01
281,3,256,-3.172800329931234,6.345600659862468,-3.157143665272748,-.1565666465848761E-01
281,4,256,-3.141487000614353,6.282974001228705,-2.123882883783968,-1.017604116830388
281,5,10,-1.106278766953790,2.212557533907579,-.5531393834768760,-.5531393834769137
282,1,784,.000000000000000,.000000000000000,-1.663741219685585,1.663741219685585
282,2,256,-3.327482439370256,6.654964878740511,-3.250153876232079,-.7732856313817282E-01
282,3,256,-3.172825313092961,6.345650626185923,-3.157160586034277,-.1566472705868672E-01
282,4,256,-3.141495858975833,6.282991717951666,-2.123888831976366,-1.017607026999469
282,5,10,-1.106281804977206,2.212563609954413,-.5531409024885907,-.5531409024886157
283,1,784,.000000000000000,.000000000000000,-1.663741219685583,1.663741219685583
283,2,256,-3.327482439370395,6.654964878740790,-3.250151521150313,-.7733091822008405E-01
283,3,256,-3.172820602929381,6.345641205858762,-3.157190885100643,-.1562971782873705E-01
283,4,256,-3.141561167271772,6.283122334543544,-2.123907656495573,-1.017653510776196
283,5,10,-1.106254145719337,2.212508291438674,-.5531270728596617,-.5531270728596750
284,1,784,.000000000000000,.000000000000000,-1.663741219685585,1.663741219685585
284,2,256,-3.327482439370438,6.654964878740875,-3.250164977574540,-.7731746179589739E-01
284,3,256,-3.172847515778180,6.345695031556360,-3.157165972406294,-.1568154337188744E-01
284,4,256,-3.141484429034445,6.282968858068890,-2.123914994803019,-1.017569434231425
284,5,10,-1.106345560571341,2.212691121142681,-.5531727802856842,-.5531727802856564
285,1,784,.000000000000000,.000000000000000,-1.663741219685583,1.663741219685583
285,2,256,-3.327482439370399,6.654964878740798,-3.250158386786608,-.7732405258379176E-01
285,3,256,-3.172834334201963,6.345668668403927,-3.157178663034686,-.1565567116727867E-01
285,4,256,-3.141522991867289,6.283045983734579,-2.123922484758021,-1.017600507109268
285,5,10,-1.106321977648720,2.212643955297440,-.5531609888243616,-.5531609888243583
286,1,784,.000000000000000,.000000000000000,-1.663741219685583,1.663741219685583
286,2,256,-3.327482439370296,6.654964878740592,-3.250140996742437,-.7734144262786016E-01
286,3,256,-3.172799554113547,6.345599108227094,-3.157156624893281,-.1564292922026475E-01
286,4,256,-3.141513695672767,6.283027391345533,-2.123889126034927,-1.017624569637842
286,5,10,-1.106264556397023,2.212529112794046,-.5531322781984993,-.5531322781985237
287,1,784,.000000000000000,.000000000000000,-1.663741219685584,1.663741219685584
287,2,256,-3.327482439370313,6.654964878740627,-3.250145584260067,-.7733685511024901E-01
287,3,256,-3.172808729148717,6.345617458297434,-3.157173462188033,-.1563526696068586E-01
287,4,256,-3.141538195226947,6.283076390453894,-2.123931211612839,-1.017606983614109
287,5,10,-1.106324227998557,2.212648455997113,-.5531621139992891,-.5531621139992674
288,1,784,.000000000000000,.000000000000000,-1.663741219685582,1.663741219685582
288,2,256,-3.327482439370322,6.654964878740644,-3.250144378876269,-.7733806049405136E-01
288,3,256,-3.172806318381352,6.345612636762703,-3.157157812544824,-.1564850583652603E-01
288,4,256,-3.141509306708491,6.283018613416981,-2.123885586891229,-1.017623719817265
288,5,10,-1.106261867074186,2.212523734148371,-.5531309335370910,-.5531309335370949
289,1,784,.000000000000000,.000000000000000,-1.663741219685583,1.663741219685583
289,2,256,-3.327482439370212,6.654964878740423,-3.250155420786554,-.7732701858366084E-01
289,3,256,-3.172828402201834,6.345656804403667,-3.157199456407589,-.1562894579424464E-01
289,4,256,-3.141570510613564,6.283141021227127,-2.123948036975726,-1.017622473637838
289,5,10,-1.106325563338212,2.212651126676424,-.5531627816691087,-.5531627816691032
290,1,784,.000000000000000,.000000000000000,-1.663741219685583,1.663741219685583
290,2,256,-3.327482439370400,6.654964878740801,-3.250143539415083,-.7733889995531740E-01
290,3,256,-3.172804639459243,6.345609278918486,-3.157160341280322,-.1564429817891996E-01
290,4,256,-3.141516043101510,6.283032086203019,-2.123944922260735,-1.017571120840771
290,5,10,-1.106373801419845,2.212747602839689,-.5531869007099114,-.5531869007099330
291,1,784,.000000000000000,.000000000000000,-1.663741219685582,1.663741219685582
291,2,256,-3.327482439370365,6.654964878740731,-3.250142699175711,-.7733974019465700E-01
291,3,256,-3.172802958979999,6.345605917959998,-3.157171044696161,-.1563191428383958E-01
291,4,256,-3.141539130411985,6.283078260823970,-2.123920360221590,-1.017618770190396
291,5,10,-1.106301590031174,2.212603180062348,-.5531507950155576,-.5531507950156165
292,1,784,.000000000000000,.000000000000000,-1.663741219685584,1.663741219685584
292,2,256,-3.327482439370359,6.654964878740717,-3.250145461737117,-.7733697763323408E-01
292,3,256,-3.172808484103046,6.345616968206093,-3.157180381361496,-.1562810274155076E-01
292,4,256,-3.141552278619498,6.283104557238995,-2.123914906688238,-1.017637371931260
292,5,10,-1.106277534756540,2.212555069513080,-.5531387673782803,-.5531387673782597
293,1,784,.000000000000000,.000000000000000,-1.663741219685585,1.663741219685585
293,2,256,-3.327482439370374,6.654964878740747,-3.250148426434902,-.7733401293547060E-01
293,3,256,-3.172814413498894,6.345628826997789,-3.157171586487673,-.1564282701121999E-01
293,4,256,-3.141528759476698,6.283057518953396,-2.123927555377962,-1.017601204098737
293,5,10,-1.106326351279181,2.212652702558361,-.5531631756396083,-.5531631756395722
294,1,784,.000000000000000,.000000000000000,-1.663741219685583,1.663741219685583
294,2,256,-3.327482439370397,6.654964878740794,-3.250146890102069,-.7733554926833112E-01
294,3,256,-3.172811340833018,6.345622681666036,-3.157157433215910,-.1565390761710618E-01
294,4,256,-3.141503525598914,6.283007051197828,-2.123903746314523,-1.017599779284391
294,5,10,-1.106303967030213,2.212607934060425,-.5531519835150961,-.5531519835151166
295,1,784,.000000000000000,.000000000000000,-1.663741219685585,1.663741219685585
295,2,256,-3.327482439370324,6.654964878740647,-3.250154641915310,-.7732779745501099E-01
295,3,256,-3.172826844459423,6.345653688918845,-3.157159711161280,-.1566713329814794E-01
295,4,256,-3.141492577863228,6.282985155726456,-2.123902742865684,-1.017589834997545
295,5,10,-1.106312907868266,2.212625815736533,-.5531564539341363,-.5531564539341302
296,1,784,.000000000000000,.000000000000000,-1.663741219685582,1.663741219685582
296,2,256,-3.327482439370336,6.654964878740672,-3.250145103040413,-.7733733632991981E-01
296,3,256,-3.172807766709782,6.345615533419565,-3.157162478953432,-.1564528775635212E-01
296,4,256,-3.141517191197266,6.283034382394532,-2.123909591272239,-1.017607599925026
296,5,10,-1.106301991347298,2.212603982694596,-.5531509956736431,-.5531509956736548
297,1,784,.000000000000000,.000000000000000,-1.663741219685585,1.663741219685585
297,2,256,-3.327482439370405,6.654964878740810,-3.250154434344288,-.7732800502611689E-01
297,3,256,-3.172826429317758,6.345652858635517,-3.157170010864676,-.1565641845308333E-01
297,4,256,-3.141513592411904,6.283027184823808,-2.123919941618454,-1.017593650793448
297,5,10,-1.106326290824973,2.212652581649946,-.5531631454124875,-.5531631454124858
298,1,784,.000000000000000,.000000000000000,-1.663741219685583,1.663741219685583
298,2,256,-3.327482439370402,6.654964878740804,-3.250149012998961,-.7733342637143878E-01
298,3,256,-3.172815586626592,6.345631173253183,-3.157175934514166,-.1563965211242685E-01
298,4,256,-3.141536282401452,6.283072564802904,-2.123886417853234,-1.017649864548215
298,5,10,-1.106236553304921,2.212473106609842,-.5531182766524508,-.5531182766524703
299,1,784,.000000000000000,.000000000000000,-1.663741219685583,1.663741219685583
299,2,256,-3.327482439370360,6.654964878740720,-3.250145465251169,-.7733697411919246E-01
299,3,256,-3.172808491131238,6.345616982262476,-3.157168650392718,-.1563984073852080E-01
299,4,256,-3.141528809654015,6.283057619308031,-2.123943260409294,-1.017585549244723
299,5,10,-1.106357711164381,2.212715422328762,-.5531788555821620,-.5531788555822191
300,1,784,.000000000000000,.000000000000000,-1.663741219685586,1.663741219685586
300,2,256,-3.327482439370315,6.654964878740630,-3.250146417992954,-.7733602137736309E-01
300,3,256,-3.172810396614655,6.345620793229311,-3.157162372009726,-.1564802460492587E-01
300,4,256,-3.141514347404819,6.283028694809637,-2.123898085940430,-1.017616261464387
300,5,10,-1.106281824476146,2.212563648952292,-.5531409122380729,-.5531409122380729
301,1,784,.000000000000000,.000000000000000,-1.663741219685585,1.663741219685585
301,2,256,-3.327482439370331,6.654964878740662,-3.250142744519817,-.7733969485051276E-01
301,3,256,-3.172803049668294,6.345606099336588,-3.157164175015388,-.1563887465290566E-01
301,4,256,-3.141525300362731,6.283050600725463,-2.123905619333751,-1.017619681028984
301,5,10,-1.106285938305203,2.212571876610407,-.5531429691525978,-.5531429691526055
302,1,784,.000000000000000,.000000000000000,-1.663741219685581,1.663741219685581
302,2,256,-3.327482439370324,6.654964878740647,-3.250131049996227,-.7735138937409587E-01
302,3,256,-3.172779660621249,6.345559321242498,-3.157160227776632,-.1561943284461557E-01
302,4,256,-3.141540794931820,6.283081589863641,-2.123871805391672,-1.017668989540149
302,5,10,-1.106202815851390,2.212405631702780,-.5531014079256831,-.5531014079257069
303,1,784,.000000000000000,.000000000000000,-1.663741219685585,1.663741219685585
303,2,256,-3.327482439370377,6.654964878740754,-3.250155087285295,-.7732735208508140E-01
303,3,256,-3.172827735199641,6.345655470399282,-3.157176988389533,-.1565074681011222E-01
303,4,256,-3.141526241579559,6.283052483159119,-2.123897425548603,-1.017628816030956
303,5,10,-1.106268609517575,2.212537219035150,-.5531343047587870,-.5531343047587881
304,1,784,.000000000000000,.000000000000000,-1.663741219685583,1.663741219685583
304,2,256,-3.327482439370303,6.654964878740605,-3.250154701152753,-.7732773821754736E-01
304,3,256,-3.172826962934208,6.345653925868415,-3.157180950998137,-.1564601193606836E-01
304,4,256,-3.141534939062038,6.283069878124076,-2.123903252960988,-1.017631686101051
304,5,10,-1.106271566860039,2.212543133720079,-.5531357834300207,-.5531357834300185
305,1,784,.000000000000000,.000000000000000,-1.663741219685582,1.663741219685582
305,2,256,-3.327482439370421,6.654964878740842,-3.250145496833945,-.7733694253647720E-01
305,3,256,-3.172808554296325,6.345617108592650,-3.157150434595464,-.1565811970086346E-01
305,4,256,-3.141492314894485,6.282984629788969,-2.123891229143845,-1.017601085750641
305,5,10,-1.106290143393526,2.212580286787052,-.5531450716967439,-.5531450716967822
306,1,784,.000000000000000,.000000000000000,-1.663741219685582,1.663741219685582
306,2,256,-3.327482439370357,6.654964878740715,-3.250154087269884,-.7732835210047366E-01
306,3,256,-3.172825735169135,6.345651470338271,-3.157171123933471,-.1565461123566282E-01
306,4,256,-3.141516512698715,6.283033025397430,-2.123896431801571,-1.017620080897145
306,5,10,-1.106276350904818,2.212552701809636,-.5531381754524016,-.5531381754524166
307,1,784,.000000000000000,.000000000000000,-1.663741219685583,1.663741219685583
307,2,256,-3.327482439370424,6.654964878740848,-3.250152137666662,-.7733030170376297E-01
307,3,256,-3.172821835962266,6.345643671924532,-3.157174838316033,-.1564699764622915E-01
307,4,256,-3.141527840669836,6.283055681339673,-2.123922284579498,-1.017605556090335
307,5,10,-1.106316728489119,2.212633456978237,-.5531583642445436,-.5531583642445752
308,1,784,.000000000000000,.000000000000000,-1.663741219685583,1.663741219685583
308,2,256,-3.327482439370392,6.654964878740784,-3.250151167251682,-.7733127211871102E-01
308,3,256,-3.172819895132248,6.345639790264497,-3.157177758639623,-.1564213649262759E-01
308,4,256,-3.141535622146859,6.283071244293718,-2.123900650681632,-1.017634971465229
308,5,10,-1.106265679216201,2.212531358432402,-.5531328396081056,-.5531328396080956
309,1,784,.000000000000000,.000000000000000,-1.663741219685584,1.663741219685584
309,2,256,-3.327482439370298,6.654964878740596,-3.250139463780940,-.7734297558936015E-01
309,3,256,-3.172796488190647,6.345592976381295,-3.157167008658501,-.1562947953214418E-01
309,4,256,-3.141537529126157,6.283075058252313,-2.123970220760951,-1.017567308365204
309,5,10,-1.106402912395607,2.212805824791213,-.5532014561978068,-.5532014561978001
310,1,784,.000000000000000,.000000000000000,-1.663741219685585,1.663741219685585
310,2,256,-3.327482439370291,6.654964878740582,-3.250145432336572,-.7733700703372257E-01
310,3,256,-3.172808425302081,6.345616850604162,-3.157176856255560,-.1563156904652077E-01
310,4,256,-3.141545287208850,6.283090574417700,-2.123933136899147,-1.017612150309701
310,5,10,-1.106320986589173,2.212641973178346,-.5531604932945766,-.5531604932945960
311,1,784,.000000000000000,.000000000000000,-1.663741219685585,1.663741219685585
311,2,256,-3.327482439370171,6.654964878740342,-3.250141957188210,-.7734048218195820E-01
311,3,256,-3.172801475005100,6.345602950010201,-3.157158935753420,-.1564253925168075E-01
311,4,256,-3.141516396501767,6.283032793003534,-2.123892128993936,-1.017624267507830
311,5,10,-1.106267861486277,2.212535722972554,-.5531339307431478,-.5531339307431294
312,1,784,.000000000000000,.000000000000000,-1.663741219685582,1.663741219685582
312,2,256,-3.327482439370348,6.654964878740696,-3.250151015076554,-.7733142429379285E-01
312,3,256,-3.172819590782118,6.345639181564237,-3.157174033542990,-.1564555723912675E-01
312,4,256,-3.141528476303984,6.283056952607969,-2.123915562479812,-1.017612913824171
312,5,10,-1.106302648655595,2.212605297311191,-.5531513243277960,-.5531513243277993
313,1,784,.000000000000000,.000000000000000,-1.663741219685582,1.663741219685582
313,2,256,-3.327482439370330,6.654964878740659,-3.250157531021951,-.7732490834838317E-01
313,3,256,-3.172832622672685,6.345665245345370,-3.157184701453474,-.1564792121920710E-01
313,4,256,-3.141536780234059,6.283073560468118,-2.123899670631909,-1.017637109602145
313,5,10,-1.106262561029583,2.212525122059165,-.5531312805147995,-.5531312805147829
314,1,784,.000000000000000,.000000000000000,-1.663741219685583,1.663741219685583
314,2,256,-3.327482439370363,6.654964878740726,-3.250142689758424,-.7733974961193814E-01
314,3,256,-3.172802940145932,6.345605880291863,-3.157151638356184,-.1565130178974356E-01
314,4,256,-3.141500336566559,6.283000673133118,-2.123884268848999,-1.017616067717561
314,5,10,-1.106268201131314,2.212536402262629,-.5531341005656589,-.5531341005656556
315,1,784,.000000000000000,.000000000000000,-1.663741219685584,1.663741219685584
315,2,256,-3.327482439370329,6.654964878740659,-3.250141008347178,-.7734143102315108E-01
315,3,256,-3.172799577323196,6.345599154646393,-3.157159785512253,-.1563979181094449E-01
315,4,256,-3.141519993701572,6.283039987403145,-2.123952252102129,-1.017567741599444
315,5,10,-1.106384510502966,2.212769021005932,-.5531922552514696,-.5531922552514963
316,1,784,.000000000000000,.000000000000000,-1.663741219685583,1.663741219685583
316,2,256,-3.327482439370295,6.654964878740590,-3.250134037204969,-.7734840216532711E-01
316,3,256,-3.172785635038838,6.345571270077675,-3.157164970057350,-.1562066498148836E-01
316,4,256,-3.141544305075888,6.283088610151776,-2.123917541778001,-1.017626763297888
316,5,10,-1.106290778480042,2.212581556960085,-.5531453892400373,-.5531453892400051
317,1,784,.000000000000000,.000000000000000,-1.663741219685584,1.663741219685584
317,2,256,-3.327482439370231,6.654964878740461,-3.250145857444210,-.7733658192601947E-01
317,3,256,-3.172809275517352,6.345618551034705,-3.157176544141882,-.1563273137546814E-01
317,4,256,-3.141543812766588,6.283087625533176,-2.123890279905468,-1.017653532861119
317,5,10,-1.106236747044450,2.212473494088900,-.5531183735222147,-.5531183735222353
318,1,784,.000000000000000,.000000000000000,-1.663741219685585,1.663741219685585
318,2,256,-3.327482439370313,6.654964878740626,-3.250154284873516,-.7732815449679874E-01
318,3,256,-3.172826130376036,6.345652260752072,-3.157193915265330,-.1563221511070925E-01
318,4,256,-3.141561700154798,6.283123400309596,-2.123927776086068,-1.017633924068731
318,5,10,-1.106293852017378,2.212587704034756,-.5531469260086699,-.5531469260087083
319,1,784,.000000000000000,.000000000000000,-1.663741219685584,1.663741219685584
319,2,256,-3.327482439370387,6.654964878740773,-3.250149442238882,-.7733299713150107E-01
319,3,256,-3.172816445106470,6.345632890212939,-3.157184683718993,-.1563176138747101E-01
319,4,256,-3.141552922331040,6.283105844662081,-2.123968222587588,-1.017584699743451
319,5,10,-1.106383522843747,2.212767045687494,-.5531917614218953,-.5531917614218514
320,1,784,.000000000000000,.000000000000000,-1.663741219685584,1.663741219685584
320,2,256,-3.327482439370315,6.654964878740630,-3.250151085269595,-.7733135410072318E-01
320,3,256,-3.172819731167893,6.345639462335785,-3.157177009860072,-.1564272130782087E-01
320,4,256,-3.141534288552156,6.283068577104312,-2.123894824222496,-1.017639464329660
320,5,10,-1.106255359892851,2.212510719785702,-.5531276799464390,-.5531276799464118
321,1,784,.000000000000000,.000000000000000,-1.663741219685585,1.663741219685585
321,2,256,-3.327482439370406,6.654964878740811,-3.250147835646333,-.7733460372407150E-01
321,3,256,-3.172813231921563,6.345626463843125,-3.157155321625449,-.1565791029611391E-01
321,4,256,-3.141497411329476,6.282994822658951,-2.123911085241700,-1.017586326087771
321,5,10,-1.106324759154021,2.212649518308043,-.5531623795770011,-.5531623795770200
322,1,784,.000000000000000,.000000000000000,-1.663741219685582,1.663741219685582
322,2,256,-3.327482439370275,6.654964878740549,-3.250141344706083,-.7734109466419090E-01
322,3,256,-3.172800250040990,6.345600500081980,-3.157131582815082,-.1566866722590940E-01
322,4,256,-3.141462915589052,6.282925831178105,-2.123895545857205,-1.017567369731846
322,5,10,-1.106328176125260,2.212656352250519,-.5531640880626246,-.5531640880626352
323,1,784,.000000000000000,.000000000000000,-1.663741219685583,1.663741219685583
323,2,256,-3.327482439370391,6.654964878740781,-3.250152627843562,-.7732981152682886E-01
323,3,256,-3.172822816315634,6.345645632631268,-3.157144166394685,-.1567864992095039E-01
323,4,256,-3.141465516473590,6.282931032947181,-2.123880445430538,-1.017585071043051
323,5,10,-1.106295374387687,2.212590748775374,-.5531476871938343,-.5531476871938527
324,1,784,.000000000000000,.000000000000000,-1.663741219685583,1.663741219685583
324,2,256,-3.327482439370338,6.654964878740676,-3.250134995263418,-.7734744410691971E-01
324,3,256,-3.172787551155925,6.345575102311850,-3.157156523479466,-.1563102767645999E-01
324,4,256,-3.141525495803494,6.283050991606988,-2.123910762459162,-1.017614733344332
324,5,10,-1.106296029115085,2.212592058230169,-.5531480145575328,-.5531480145575517
325,1,784,.000000000000000,.000000000000000,-1.663741219685585,1.663741219685585
325,2,256,-3.327482439370329,6.654964878740659,-3.250136009746283,-.7734642962404939E-01
325,3,256,-3.172789580121326,6.345579160242653,-3.157153940434377,-.1563563968695083E-01
325,4,256,-3.141518300747272,6.283036601494545,-2.123931084463710,-1.017587216283563
325,5,10,-1.106343868180051,2.212687736360102,-.5531719340900340,-.5531719340900167
326,1,784,.000000000000000,.000000000000000,-1.663741219685583,1.663741219685583
326,2,256,-3.327482439370353,6.654964878740706,-3.250137764814691,-.7734467455566046E-01
326,3,256,-3.172793090258343,6.345586180516687,-3.157158116660518,-.1563497359782751E-01
326,4,256,-3.141523143062573,6.283046286125146,-2.123906189434217,-1.017616953628356
326,5,10,-1.106289235805639,2.212578471611278,-.5531446179028101,-.5531446179028290
327,1,784,.000000000000000,.000000000000000,-1.663741219685584,1.663741219685584
327,2,256,-3.327482439370457,6.654964878740913,-3.250150374047248,-.7733206532320833E-01
327,3,256,-3.172818308723198,6.345636617446397,-3.157163938364853,-.1565437035834685E-01
327,4,256,-3.141509568006633,6.283019136013265,-2.123903426744120,-1.017606141262514
327,5,10,-1.106297285481876,2.212594570963751,-.5531486427409359,-.5531486427409398
328,1,784,.000000000000000,.000000000000000,-1.663741219685585,1.663741219685585
328,2,256,-3.327482439370419,6.654964878740837,-3.250153551707588,-.7732888766283175E-01
328,3,256,-3.172824664043785,6.345649328087570,-3.157171414134848,-.1565324990893598E-01
328,4,256,-3.141518164225561,6.283036328451122,-2.123922993004719,-1.017595171220842
328,5,10,-1.106327821783748,2.212655643567496,-.5531639108918766,-.5531639108918716
329,1,784,.000000000000000,.000000000000000,-1.663741219685582,1.663741219685582
329,2,256,-3.327482439370348,6.654964878740696,-3.250135671264045,-.7734676810630413E-01
329,3,256,-3.172788903156911,6.345577806313822,-3.157167316095206,-.1562158706170477E-01
329,4,256,-3.141545729033606,6.283091458067211,-2.123898069200141,-1.017647659833466
329,5,10,-1.106250409366800,2.212500818733601,-.5531252046833995,-.5531252046834007
330,1,784,.000000000000000,.000000000000000,-1.663741219685584,1.663741219685584
330,2,256,-3.327482439370239,6.654964878740477,-3.250143755248212,-.7733868412202589E-01
330,3,256,-3.172805071125519,6.345610142251037,-3.157168695794044,-.1563637533147506E-01
330,4,256,-3.141532320462942,6.283064640925884,-2.123913052472893,-1.017619267990048
330,5,10,-1.106293784482958,2.212587568965916,-.5531468922414828,-.5531468922414751
331,1,784,.000000000000000,.000000000000000,-1.663741219685582,1.663741219685582
331,2,256,-3.327482439370387,6.654964878740774,-3.250154480572284,-.7732795879810456E-01
331,3,256,-3.172826521773346,6.345653043546692,-3.157173243103589,-.1565327866975716E-01
331,4,256,-3.141519964433748,6.283039928867496,-2.123885107990028,-1.017634856443717
331,5,10,-1.106250251546296,2.212500503092592,-.5531251257731409,-.5531251257731553
332,1,784,.000000000000000,.000000000000000,-1.663741219685582,1.663741219685582
332,2,256,-3.327482439370394,6.654964878740787,-3.250137410955494,-.7734502841490072E-01
332,3,256,-3.172792382540027,6.345584765080055,-3.157152607089642,-.1563977545038848E-01
332,4,256,-3.141512831639500,6.283025663278999,-2.123891381758547,-1.017621449880953
332,5,10,-1.106269931877627,2.212539863755254,-.5531349659388146,-.5531349659388124
333,1,784,.000000000000000,.000000000000000,-1.663741219685583,1.663741219685583
333,2,256,-3.327482439370337,6.654964878740674,-3.250153644601129,-.7732879476920670E-01
333,3,256,-3.172824849831083,6.345649699662166,-3.157159049773934,-.1566580005714741E-01
333,4,256,-3.141493249716891,6.282986499433783,-2.123876103080362,-1.017617146636527
333,5,10,-1.106258956443986,2.212517912887973,-.5531294782219754,-.5531294782220110
334,1,784,.000000000000000,.000000000000000,-1.663741219685582,1.663741219685582
334,2,256,-3.327482439370326,6.654964878740651,-3.250143174668693,-.7733926470163371E-01
334,3,256,-3.172803909966198,6.345607819932397,-3.157169148289158,-.1563476167704042E-01
334,4,256,-3.141534386612113,6.283068773224226,-2.123924437014865,-1.017609949597250
334,5,10,-1.106314487417597,2.212628974835194,-.5531572437088168,-.5531572437087802
335,1,784,.000000000000000,.000000000000000,-1.663741219685584,1.663741219685584
335,2,256,-3.327482439370231,6.654964878740462,-3.250147298283701,-.7733514108653106E-01
335,3,256,-3.172812157196381,6.345624314392762,-3.157165466146860,-.1564669104951757E-01
335,4,256,-3.141518775097462,6.283037550194924,-2.123876512927049,-1.017642262170413
335,5,10,-1.106234250756598,2.212468501513196,-.5531171253783050,-.5531171253782928
336,1,784,.000000000000000,.000000000000000,-1.663741219685583,1.663741219685583
336,2,256,-3.327482439370342,6.654964878740683,-3.250160408100583,-.7732203126975948E-01
336,3,256,-3.172838376829424,6.345676753658847,-3.157169517969660,-.1566885885976428E-01
336,4,256,-3.141500659109515,6.283001318219030,-2.123933783396354,-1.017566875713162
336,5,10,-1.106366907683363,2.212733815366727,-.5531834538416955,-.5531834538416678
337,1,784,.000000000000000,.000000000000000,-1.663741219685584,1.663741219685584
337,2,256,-3.327482439370388,6.654964878740777,-3.250138454269057,-.7734398510133011E-01
337,3,256,-3.172794469167084,6.345588938334169,-3.157179792514480,-.1561467665260267E-01
337,4,256,-3.141565115862020,6.283130231724041,-2.123966248532005,-1.017598867330015
337,5,10,-1.106367381201987,2.212734762403973,-.5531836906010025,-.5531836906009842
338,1,784,.000000000000000,.000000000000000,-1.663741219685582,1.663741219685582
338,2,256,-3.327482439370346,6.654964878740691,-3.250154562876308,-.7732787649403863E-01
338,3,256,-3.172826686381530,6.345653372763060,-3.157190450923453,-.1563623545807516E-01
338,4,256,-3.141554215465564,6.283108430931128,-2.123935619950848,-1.017618595514716
338,5,10,-1.106317024436250,2.212634048872499,-.5531585122181202,-.5531585122181296
339,1,784,.000000000000000,.000000000000000,-1.663741219685583,1.663741219685583
339,2,256,-3.327482439370394,6.654964878740788,-3.250153399076801,-.7732904029359260E-01
339,3,256,-3.172824358782785,6.345648717565569,-3.157179678924884,-.1564467985790037E-01
339,4,256,-3.141534999067203,6.283069998134406,-2.123916817661467,-1.017618181405735
339,5,10,-1.106298636255637,2.212597272511274,-.5531493181278007,-.5531493181278362
340,1,784,.000000000000000,.000000000000000,-1.663741219685583,1.663741219685583
340,2,256,-3.327482439370401,6.654964878740802,-3.250146683002961,-.7733575636743793E-01
340,3,256,-3.172810926635009,6.345621853270018,-3.157181970333518,-.1562895630148956E-01
340,4,256,-3.141553014032314,6.283106028064629,-2.123907711634111,-1.017645302398204
340,5,10,-1.106262409235948,2.212524818471896,-.5531312046179727,-.5531312046179755
341,1,784,.000000000000000,.000000000000000,-1.663741219685582,1.663741219685582
341,2,256,-3.327482439370257,6.654964878740514,-3.250133257224409,-.7734918214584703E-01
341,3,256,-3.172784075077500,6.345568150155000,-3.157182894497684,-.1560118057981390E-01
341,4,256,-3.141581713917760,6.283163427835519,-2.123933581148931,-1.017648132768828
341,5,10,-1.106285448380083,2.212570896760166,-.5531427241900702,-.5531427241900130
342,1,784,.000000000000000,.000000000000000,-1.663741219685583,1.663741219685583
342,2,256,-3.327482439370344,6.654964878740688,-3.250142155185080,-.7734028418526329E-01
342,3,256,-3.172801870998577,6.345603741997155,-3.157178863038836,-.1562300795974003E-01
342,4,256,-3.141555855078434,6.283111710156867,-2.123911678174641,-1.017644176903792
342,5,10,-1.106267501270601,2.212535002541202,-.5531337506353019,-.5531337506352991
343,1,784,.000000000000000,.000000000000000,-1.663741219685582,1.663741219685582
343,2,256,-3.327482439370226,6.654964878740452,-3.250149862068575,-.7733257730165101E-01
343,3,256,-3.172817284766165,6.345634569532330,-3.157193163542607,-.1562412122355834E-01
343,4,256,-3.141569042319183,6.283138084638367,-2.123959633578859,-1.017609408740322
343,5,10,-1.106350224838483,2.212700449676966,-.5531751124192482,-.5531751124192349
344,1,784,.000000000000000,.000000000000000,-1.663741219685581,1.663741219685581
344,2,256,-3.327482439370374,6.654964878740747,-3.250152492692537,-.7732994667783441E-01
344,3,256,-3.172822546013738,6.345645092027477,-3.157178480506919,-.1564406550681680E-01
344,4,256,-3.141534414999693,6.283068829999386,-2.123888017674143,-1.017646397325546
344,5,10,-1.106241620348368,2.212483240696736,-.5531208101741800,-.5531208101741878
345,1,784,.000000000000000,.000000000000000,-1.663741219685583,1.663741219685583
345,2,256,-3.327482439370312,6.654964878740623,-3.250147654267664,-.7733478510264591E-01
345,3,256,-3.172812869163948,6.345625738327897,-3.157159160198532,-.1565370896541388E-01
345,4,256,-3.141505451232902,6.283010902465804,-2.123893401475561,-1.017612049757341
345,5,10,-1.106281351718175,2.212562703436350,-.5531406758591122,-.5531406758590628
346,1,784,.000000000000000,.000000000000000,-1.663741219685583,1.663741219685583
346,2,256,-3.327482439370362,6.654964878740724,-3.250143493123826,-.7733894624653852E-01
346,3,256,-3.172804546876355,6.345609093752711,-3.157157622388125,-.1564692448822777E-01
346,4,256,-3.141510697900062,6.283021395800124,-2.123901732871810,-1.017608965028252
346,5,10,-1.106292767843874,2.212585535687748,-.5531463839219267,-.5531463839219473
347,1,784,.000000000000000,.000000000000000,-1.663741219685583,1.663741219685583
347,2,256,-3.327482439370218,6.654964878740437,-3.250145341846653,-.7733709752356320E-01
347,3,256,-3.172808244322054,6.345616488644107,-3.157155400222724,-.1565284409932962E-01
347,4,256,-3.141502556123109,6.283005112246219,-2.123895504150987,-1.017607051972123
347,5,10,-1.106288452178650,2.212576904357301,-.5531442260893347,-.5531442260893158
348,1,784,.000000000000000,.000000000000000,-1.663741219685584,1.663741219685584
348,2,256,-3.327482439370285,6.654964878740571,-3.250130133570249,-.7735230580003931E-01
348,3,256,-3.172777827769276,6.345555655538551,-3.157168188629981,-.1560963913929507E-01
348,4,256,-3.141558549490767,6.283117098981533,-2.123928974695134,-1.017629574795633
348,5,10,-1.106299399899623,2.212598799799247,-.5531496999498203,-.5531496999498031
349,1,784,.000000000000000,.000000000000000,-1.663741219685583,1.663741219685583
349,2,256,-3.327482439370391,6.654964878740782,-3.250151272273128,-.7733116709726050E-01
349,3,256,-3.172820105175254,6.345640210350509,-3.157162555629823,-.1565754954542979E-01
349,4,256,-3.141505006084297,6.283010012168593,-2.123905298835960,-1.017599707248338
349,5,10,-1.106305591587376,2.212611183174752,-.5531527957936834,-.5531527957936928
350,1,784,.000000000000000,.000000000000000,-1.663741219685581,1.663741219685581
350,2,256,-3.327482439370421,6.654964878740842,-3.250154414670143,-.7732802470028126E-01
350,3,256,-3.172826389969349,6.345652779938698,-3.157180422583740,-.1564596738561072E-01
350,4,256,-3.141534455198314,6.283068910396628,-2.123928703039202,-1.017605752159112
350,5,10,-1.106322950880042,2.212645901760084,-.5531614754400187,-.5531614754400231
351,1,784,.000000000000000,.000000000000000,-1.663741219685583,1.663741219685583
351,2,256,-3.327482439370367,6.654964878740733,-3.250135577274252,-.7734686209611077E-01
351,3,256,-3.172788715177294,6.345577430354587,-3.157144702630772,-.1564401254652449E-01
351,4,256,-3.141500690084096,6.283001380168192,-2.123881735344119,-1.017618954739977
351,5,10,-1.106262780604018,2.212525561208036,-.5531313903020179,-.5531313903020001
352,1,784,.000000000000000,.000000000000000,-1.663741219685585,1.663741219685585
352,2,256,-3.327482439370379,6.654964878740758,-3.250147759135690,-.7733468023468942E-01
352,3,256,-3.172813078900029,6.345626157800058,-3.157175044964963,-.1563803393506611E-01
352,4,256,-3.141537011029747,6.283074022059494,-2.123896273743548,-1.017640737286198
352,5,10,-1.106255536457400,2.212511072914800,-.5531277682286901,-.5531277682287096
353,1,784,.000000000000000,.000000000000000,-1.663741219685582,1.663741219685582
353,2,256,-3.327482439370456,6.654964878740913,-3.250150375789712,-.7733206358074347E-01
353,3,256,-3.172818312208609,6.345636624417218,-3.157188842523816,-.1562946968479713E-01
353,4,256,-3.141559372839326,6.283118745678652,-2.123933407018289,-1.017625965821037
353,5,10,-1.106307441197194,2.212614882394389,-.5531537205986066,-.5531537205985877
354,1,784,.000000000000000,.000000000000000,-1.663741219685583,1.663741219685583
354,2,256,-3.327482439370198,6.654964878740397,-3.250141305570093,-.7734113380010543E-01
354,3,256,-3.172800171769214,6.345600343538429,-3.157150670246881,-.1564950152232885E-01
354,4,256,-3.141501168724913,6.283002337449826,-2.123893395095929,-1.017607773628984
354,5,10,-1.106285621467141,2.212571242934281,-.5531428107335580,-.5531428107335830
355,1,784,.000000000000000,.000000000000000,-1.663741219685583,1.663741219685583
355,2,256,-3.327482439370320,6.654964878740640,-3.250142893488667,-.7733954588165262E-01
355,3,256,-3.172803347606123,6.345606695212245,-3.157173089908789,-.1563025769733182E-01
355,4,256,-3.141542832211416,6.283085664422831,-2.123932717521730,-1.017610114689686
355,5,10,-1.106322602832069,2.212645205664137,-.5531613014160247,-.5531613014160441
356,1,784,.000000000000000,.000000000000000,-1.663741219685583,1.663741219685583
356,2,256,-3.327482439370403,6.654964878740805,-3.250147972196746,-.7733446717365754E-01
356,3,256,-3.172813505022587,6.345627010045175,-3.157183099854787,-.1563040516779815E-01
356,4,256,-3.141552694687191,6.283105389374382,-2.123917378094291,-1.017635316592900
356,5,10,-1.106282061501335,2.212564123002670,-.5531410307506661,-.5531410307506689
357,1,784,.000000000000000,.000000000000000,-1.663741219685583,1.663741219685583
357,2,256,-3.327482439370240,6.654964878740481,-3.250152065077941,-.7733037429230166E-01
357,3,256,-3.172821690784783,6.345643381569567,-3.157174911643876,-.1564677914090495E-01
357,4,256,-3.141528132502899,6.283056265005798,-2.123925422690558,-1.017602709812340
357,5,10,-1.106322712878037,2.212645425756074,-.5531613564390381,-.5531613564389992
358,1,784,.000000000000000,.000000000000000,-1.663741219685582,1.663741219685582
358,2,256,-3.327482439370320,6.654964878740640,-3.250140423472771,-.7734201589754670E-01
358,3,256,-3.172798407574472,6.345596815148944,-3.157155456826282,-.1564295074819448E-01
358,4,256,-3.141512506078508,6.283025012157016,-2.123907689150815,-1.017604816927693
358,5,10,-1.106302872223480,2.212605744446960,-.5531514361117259,-.5531514361117542
359,1,784,.000000000000000,.000000000000000,-1.663741219685582,1.663741219685582
359,2,256,-3.327482439370353,6.654964878740707,-3.250149184975449,-.7733325439490607E-01
359,3,256,-3.172815930579999,6.345631861159998,-3.157153227685072,-.1566270289492616E-01
359,4,256,-3.141490524790405,6.282981049580810,-2.123901056195903,-1.017589468594506
359,5,10,-1.106311587601394,2.212623175202789,-.5531557938006971,-.5531557938006971
360,1,784,.000000000000000,.000000000000000,-1.663741219685582,1.663741219685582
360,2,256,-3.327482439370247,6.654964878740494,-3.250153936922946,-.7732850244729991E-01
360,3,256,-3.172825434474619,6.345650868949239,-3.157165054305960,-.1566038016865860E-01
360,4,256,-3.141504674137356,6.283009348274711,-2.123907182368409,-1.017597491768949
360,5,10,-1.106309690599629,2.212619381199258,-.5531548452998143,-.5531548452998143
361,1,784,.000000000000000,.000000000000000,-1.663741219685584,1.663741219685584
361,2,256,-3.327482439370365,6.654964878740730,-3.250132089352626,-.7735035001773802E-01
361,3,256,-3.172781739334177,6.345563478668354,-3.157153467793211,-.1562827154096502E-01
361,4,256,-3.141525196252113,6.283050392504226,-2.123883854531274,-1.017641341720840
361,5,10,-1.106242512810214,2.212485025620429,-.5531212564051083,-.5531212564051061
362,1,784,.000000000000000,.000000000000000,-1.663741219685581,1.663741219685581
362,2,256,-3.327482439370347,6.654964878740695,-3.250150082203414,-.7733235716693208E-01
362,3,256,-3.172817725035459,6.345635450070919,-3.157154913344756,-.1566281169070322E-01
362,4,256,-3.141492101654044,6.282984203308088,-2.123861926886470,-1.017630174767576
362,5,10,-1.106231752119083,2.212463504238167,-.5531158760595450,-.5531158760595384
363,1,784,.000000000000000,.000000000000000,-1.663741219685585,1.663741219685585
363,2,256,-3.327482439370313,6.654964878740627,-3.250160817527053,-.7732162184326138E-01
363,3,256,-3.172839195683025,6.345678391366050,-3.157172664144985,-.1566653153803760E-01
363,4,256,-3.141506132607087,6.283012265214174,-2.123931597237590,-1.017574535369496
363,5,10,-1.106357061868119,2.212714123736238,-.5531785309340739,-.5531785309340450
364,1,784,.000000000000000,.000000000000000,-1.663741219685583,1.663741219685583
364,2,256,-3.327482439370386,6.654964878740772,-3.250135514625887,-.7734692474449739E-01
364,3,256,-3.172788589880668,6.345577179761336,-3.157152383081982,-.1563620679868677E-01
364,4,256,-3.141516176283024,6.283032352566048,-2.123924555817410,-1.017591620465615
364,5,10,-1.106332935351439,2.212665870702878,-.5531664676757364,-.5531664676757025
365,1,784,.000000000000000,.000000000000000,-1.663741219685585,1.663741219685585
365,2,256,-3.327482439370469,6.654964878740938,-3.250155857586914,-.7732658178355566E-01
365,3,256,-3.172829275802745,6.345658551605490,-3.157175441331867,-.1565383447088081E-01
365,4,256,-3.141521606860842,6.283043213721683,-2.123911275660185,-1.017610331200655
365,5,10,-1.106300944459256,2.212601888918512,-.5531504722296531,-.5531504722296031
366,1,784,.000000000000000,.000000000000000,-1.663741219685585,1.663741219685585
366,2,256,-3.327482439370369,6.654964878740738,-3.250147488835268,-.7733495053510457E-01
366,3,256,-3.172812538299733,6.345625076599466,-3.157158963735792,-.1565357456394131E-01
366,4,256,-3.141505389172137,6.283010778344273,-2.123908842623320,-1.017596546548820
366,5,10,-1.106312296074413,2.212624592148825,-.5531561480372110,-.5531561480372016
367,1,784,.000000000000000,.000000000000000,-1.663741219685583,1.663741219685583
367,2,256,-3.327482439370399,6.654964878740797,-3.250142047671361,-.7734039169903716E-01
367,3,256,-3.172801655971591,6.345603311943183,-3.157168978262778,-.1563267770881236E-01
367,4,256,-3.141536300553779,6.283072601107557,-2.123917205803732,-1.017619094750050
367,5,10,-1.106298111053474,2.212596222106948,-.5531490555267329,-.5531490555267412
368,1,784,.000000000000000,.000000000000000,-1.663741219685584,1.663741219685584
368,2,256,-3.327482439370358,6.654964878740715,-3.250143546225588,-.7733889314476707E-01
368,3,256,-3.172804653080362,6.345609306160723,-3.157165767866725,-.1563888521363638E-01
368,4,256,-3.141526882653258,6.283053765306517,-2.123913480682141,-1.017613401971116
368,5,10,-1.106300078710798,2.212600157421596,-.5531500393554243,-.5531500393553738
369,1,784,.000000000000000,.000000000000000,-1.663741219685585,1.663741219685585
369,2,256,-3.327482439370473,6.654964878740945,-3.250146121479806,-.7733631789066649E-01
369,3,256,-3.172809803588438,6.345619607176875,-3.157160012227656,-.1564979136078475E-01
369,4,256,-3.141510220866826,6.283020441733651,-2.123925460558302,-1.017584760308523
369,5,10,-1.106340700249707,2.212681400499414,-.5531703501248719,-.5531703501248353
370,1,784,.000000000000000,.000000000000000,-1.663741219685583,1.663741219685583
370,2,256,-3.327482439370269,6.654964878740539,-3.250153037644395,-.7732940172587291E-01
370,3,256,-3.172823635917446,6.345647271834893,-3.157169246583248,-.1565438933420127E-01
370,4,256,-3.141514857248940,6.283029714497880,-2.123905700464240,-1.017609156784701
370,5,10,-1.106296543679610,2.212593087359219,-.5531482718398091,-.5531482718398008
371,1,784,.000000000000000,.000000000000000,-1.663741219685584,1.663741219685584
371,2,256,-3.327482439370365,6.654964878740730,-3.250140138052151,-.7734230131821589E-01
371,3,256,-3.172797836733173,6.345595673466346,-3.157161380720029,-.1563645601314675E-01
371,4,256,-3.141524924706931,6.283049849413863,-2.123904781749096,-1.017620142957835
371,5,10,-1.106284638791283,2.212569277582565,-.5531423193956353,-.5531423193956475
372,1,784,.000000000000000,.000000000000000,-1.663741219685583,1.663741219685583
372,2,256,-3.327482439370329,6.654964878740659,-3.250144344707813,-.7733809466251935E-01
372,3,256,-3.172806250044676,6.345612500089352,-3.157157544204915,-.1564870583975845E-01
372,4,256,-3.141508838365284,6.283017676730568,-2.123876004712332,-1.017632833652949
372,5,10,-1.106243171059277,2.212486342118554,-.5531215855296439,-.5531215855296333
373,1,784,.000000000000000,.000000000000000,-1.663741219685583,1.663741219685583
373,2,256,-3.327482439370373,6.654964878740746,-3.250157437636818,-.7732500173355580E-01
373,3,256,-3.172832435902385,6.345664871804770,-3.157199440711580,-.1563299519080511E-01
373,4,256,-3.141566445521108,6.283132891042216,-2.123937882141944,-1.017628563379162
373,5,10,-1.106309318763190,2.212618637526380,-.5531546593815995,-.5531546593815906
374,1,784,.000000000000000,.000000000000000,-1.663741219685580,1.663741219685580
374,2,256,-3.327482439370357,6.654964878740714,-3.250153467006662,-.7732897236369282E-01
374,3,256,-3.172824494642120,6.345648989284241,-3.157175772989250,-.1564872165286792E-01
374,4,256,-3.141527051336197,6.283054102672394,-2.123912671005085,-1.017614380331112
374,5,10,-1.106298290673824,2.212596581347649,-.5531491453369155,-.5531491453369088
375,1,784,.000000000000000,.000000000000000,-1.663741219685584,1.663741219685584
375,2,256,-3.327482439370312,6.654964878740624,-3.250154324693285,-.7732811467702809E-01
375,3,256,-3.172826210015269,6.345652420030538,-3.157172846115153,-.1565336390011401E-01
375,4,256,-3.141519482214834,6.283038964429668,-2.123925954162236,-1.017593528052595
375,5,10,-1.106332426109551,2.212664852219103,-.5531662130547834,-.5531662130547679
376,1,784,.000000000000000,.000000000000000,-1.663741219685583,1.663741219685583
376,2,256,-3.327482439370364,6.654964878740728,-3.250148052929013,-.7733438644135145E-01
376,3,256,-3.172813666486816,6.345627332973632,-3.157167122043081,-.1564654444373879E-01
376,4,256,-3.141520577599370,6.283041155198740,-2.123905424821904,-1.017615152777464
376,5,10,-1.106290272044530,2.212580544089060,-.5531451360222546,-.5531451360222757
377,1,784,.000000000000000,.000000000000000,-1.663741219685585,1.663741219685585
377,2,256,-3.327482439370236,6.654964878740473,-3.250156897604872,-.7732554176536424E-01
377,3,256,-3.172831355838981,6.345662711677962,-3.157161924434136,-.1566943140484370E-01
377,4,256,-3.141492493029689,6.282984986059378,-2.123873373174795,-1.017619119854893
377,5,10,-1.106254253319931,2.212508506639862,-.5531271266599490,-.5531271266599818
378,1,784,.000000000000000,.000000000000000,-1.663741219685583,1.663741219685583
378,2,256,-3.327482439370272,6.654964878740543,-3.250148416832285,-.7733402253798730E-01
378,3,256,-3.172814394293519,6.345628788587037,-3.157162603785328,-.1565179050818986E-01
378,4,256,-3.141510813277278,6.283021626554556,-2.123900498623905,-1.017610314653374
378,5,10,-1.106290183970515,2.212580367941031,-.5531450919852798,-.5531450919852354
379,1,784,.000000000000000,.000000000000000,-1.663741219685584,1.663741219685584
379,2,256,-3.327482439370321,6.654964878740643,-3.250142245668856,-.7734019370146661E-01
379,3,256,-3.172802051966656,6.345604103933312,-3.157165411941207,-.1563664002545098E-01
379,4,256,-3.141528771916245,6.283057543832490,-2.123923734105612,-1.017605037810633
379,5,10,-1.106318696295393,2.212637392590786,-.5531593481476819,-.5531593481477107
380,1,784,.000000000000000,.000000000000000,-1.663741219685585,1.663741219685585
380,2,256,-3.327482439370331,6.654964878740662,-3.250150648758696,-.7733179061163165E-01
380,3,256,-3.172818858146424,6.345637716292847,-3.157180639402302,-.1563821874412184E-01
380,4,256,-3.141542420658343,6.283084841316686,-2.123896375982446,-1.017646044675897
380,5,10,-1.106250331306509,2.212500662613018,-.5531251656532601,-.5531251656532490
381,1,784,.000000000000000,.000000000000000,-1.663741219685584,1.663741219685584
381,2,256,-3.327482439370403,6.654964878740805,-3.250151887294203,-.7733055207620217E-01
381,3,256,-3.172821335217336,6.345642670434672,-3.157177662849923,-.1564367236741031E-01
381,4,256,-3.141533990482313,6.283067980964626,-2.123927491666059,-1.017606498816254
381,5,10,-1.106320992849529,2.212641985699057,-.5531604964247517,-.5531604964247767
382,1,784,.000000000000000,.000000000000000,-1.663741219685582,1.663741219685582
382,2,256,-3.327482439370249,6.654964878740498,-3.250138697335059,-.7734374203519113E-01
382,3,256,-3.172794955298989,6.345589910597979,-3.157155771077701,-.1563918422128750E-01
382,4,256,-3.141516586856522,6.283033173713044,-2.123901552632224,-1.017615034224299
382,5,10,-1.106286518407998,2.212573036815995,-.5531432592040009,-.5531432592039970
383,1,784,.000000000000000,.000000000000000,-1.663741219685585,1.663741219685585
383,2,256,-3.327482439370216,6.654964878740431,-3.250148178129615,-.7733426124060139E-01
383,3,256,-3.172813916888008,6.345627833776017,-3.157149410242515,-.1566450664549341E-01
383,4,256,-3.141484903596765,6.282969807193530,-2.123899633715427,-1.017585269881337
383,5,10,-1.106314363833911,2.212628727667822,-.5531571819169480,-.5531571819169629
384,1,784,.000000000000000,.000000000000000,-1.663741219685586,1.663741219685586
384,2,256,-3.327482439370439,6.654964878740877,-3.250155558607798,-.7732688076263765E-01
384,3,256,-3.172828677844306,6.345657355688612,-3.157184070093044,-.1564460775126012E-01
384,4,256,-3.141539462341589,6.283078924683179,-2.123929277727279,-1.017610184614314
384,5,10,-1.106319093112894,2.212638186225789,-.5531595465564531,-.5531595465564414
385,1,784,.000000000000000,.000000000000000,-1.663741219685583,1.663741219685583
385,2,256,-3.327482439370439,6.654964878740878,-3.250142023267772,-.7734041610266371E-01
385,3,256,-3.172801607164264,6.345603214328527,-3.157162902074565,-.1563870508969660E-01
385,4,256,-3.141524196984828,6.283048393969656,-2.123909533778106,-1.017614663206721
385,5,10,-1.106294870571446,2.212589741142893,-.5531474352857321,-.5531474352857143
386,1,784,.000000000000000,.000000000000000,-1.663741219685582,1.663741219685582
386,2,256,-3.327482439370367,6.654964878740734,-3.250133742299993,-.7734869707037369E-01
386,3,256,-3.172785045228852,6.345570090457704,-3.157174191429597,-.1561085379925276E-01
386,4,256,-3.141563337630581,6.283126675261162,-2.123923092659058,-1.017640244971524
386,5,10,-1.106282847687753,2.212565695375506,-.5531414238438708,-.5531414238438824
387,1,784,.000000000000000,.000000000000000,-1.663741219685583,1.663741219685583
387,2,256,-3.327482439370281,6.654964878740563,-3.250148228548499,-.7733421082178196E-01
387,3,256,-3.172814017725757,6.345628035451513,-3.157159085115939,-.1565493260981689E-01
387,4,256,-3.141504152506016,6.283008305012032,-2.123905693834998,-1.017598458671020
387,5,10,-1.106307235163946,2.212614470327892,-.5531536175819781,-.5531536175819681
388,1,784,.000000000000000,.000000000000000,-1.663741219685581,1.663741219685581
388,2,256,-3.327482439370376,6.654964878740753,-3.250139403673360,-.7734303569701605E-01
388,3,256,-3.172796367975318,6.345592735950636,-3.157163361783831,-.1563300619148564E-01
388,4,256,-3.141530355592407,6.283060711184815,-2.123908204854862,-1.017622150737547
388,5,10,-1.106286054117590,2.212572108235180,-.5531430270588091,-.5531430270587808
389,1,784,.000000000000000,.000000000000000,-1.663741219685583,1.663741219685583
389,2,256,-3.327482439370324,6.654964878740648,-3.250156369052401,-.7732607031792656E-01
389,3,256,-3.172830298733672,6.345660597467345,-3.157189573030694,-.1564072570297711E-01
389,4,256,-3.141548847327520,6.283097694655040,-2.123950584470985,-1.017598262856539
389,5,10,-1.106352321614179,2.212704643228359,-.5531761608071069,-.5531761608070724
390,1,784,.000000000000000,.000000000000000,-1.663741219685584,1.663741219685584
390,2,256,-3.327482439370254,6.654964878740508,-3.250149276295271,-.7733316307498145E-01
390,3,256,-3.172816113219553,6.345632226439106,-3.157182237639617,-.1563387557993685E-01
390,4,256,-3.141548362059992,6.283096724119983,-2.123942478560405,-1.017605883499588
390,5,10,-1.106336595060954,2.212673190121909,-.5531682975304777,-.5531682975304766
391,1,784,.000000000000000,.000000000000000,-1.663741219685582,1.663741219685582
391,2,256,-3.327482439370334,6.654964878740668,-3.250152774950184,-.7732966442015124E-01
391,3,256,-3.172823110529165,6.345646221058329,-3.157174319184605,-.1564879134455920E-01
391,4,256,-3.141525527840071,6.283051055680143,-2.123932251982419,-1.017593275857651
391,5,10,-1.106338976124826,2.212677952249652,-.5531694880624125,-.5531694880624136
392,1,784,.000000000000000,.000000000000000,-1.663741219685582,1.663741219685582
392,2,256,-3.327482439370297,6.654964878740595,-3.250142482751025,-.7733995661927653E-01
392,3,256,-3.172802526130611,6.345605052261222,-3.157146033030882,-.1565649309973018E-01
392,4,256,-3.141489539930768,6.282979079861535,-2.123892995610805,-1.017596544319962
392,5,10,-1.106296451290756,2.212592902581512,-.5531482256453644,-.5531482256453916
393,1,784,.000000000000000,.000000000000000,-1.663741219685581,1.663741219685581
393,2,256,-3.327482439370414,6.654964878740827,-3.250144774160419,-.7733766520999408E-01
393,3,256,-3.172807108949931,6.345614217899862,-3.157152714819491,-.1565439413043643E-01
393,4,256,-3.141498320689551,6.282996641379103,-2.123916129761997,-1.017582190927554
393,5,10,-1.106333938834674,2.212667877669348,-.5531669694173387,-.5531669694173353
394,1,784,.000000000000000,.000000000000000,-1.663741219685582,1.663741219685582
394,2,256,-3.327482439370354,6.654964878740708,-3.250145913906760,-.7733652546359285E-01
394,3,256,-3.172809388442471,6.345618776884942,-3.157166817423078,-.1564257101939328E-01
394,4,256,-3.141524246403990,6.283048492807979,-2.123931549481481,-1.017592696922506
394,5,10,-1.106338852559203,2.212677705118407,-.5531694262795847,-.5531694262796185
395,1,784,.000000000000000,.000000000000000,-1.663741219685584,1.663741219685584
395,2,256,-3.327482439370451,6.654964878740901,-3.250146829531147,-.7733560983930549E-01
395,3,256,-3.172811219691116,6.345622439382232,-3.157178670818911,-.1563254887220446E-01
395,4,256,-3.141546121947098,6.283092243894195,-2.123946700572766,-1.017599421374333
395,5,10,-1.106347279198862,2.212694558397724,-.5531736395994185,-.5531736395994435
396,1,784,.000000000000000,.000000000000000,-1.663741219685583,1.663741219685583
396,2,256,-3.327482439370316,6.654964878740632,-3.250145767597150,-.7733667177316718E-01
396,3,256,-3.172809095823153,6.345618191646307,-3.157161296208087,-.1564779961506668E-01
396,4,256,-3.141513496592999,6.283026993185998,-2.123877656727186,-1.017635839865811
396,5,10,-1.106241816861327,2.212483633722655,-.5531209084306684,-.5531209084306590
397,1,784,.000000000000000,.000000000000000,-1.663741219685584,1.663741219685584
397,2,256,-3.327482439370474,6.654964878740949,-3.250149695611931,-.7733274375854433E-01
397,3,256,-3.172816951852395,6.345633903704790,-3.157153994893664,-.1566295695872991E-01
397,4,256,-3.141491037934899,6.282982075869799,-2.123933928863189,-1.017557109071712
397,5,10,-1.106376819791724,2.212753639583448,-.5531884098958725,-.5531884098958514
398,1,784,.000000000000000,.000000000000000,-1.663741219685583,1.663741219685583
398,2,256,-3.327482439370320,6.654964878740641,-3.250141773777431,-.7734066559288963E-01
398,3,256,-3.172801108183558,6.345602216367116,-3.157182819603293,-.1561828858026594E-01
398,4,256,-3.141564531023071,6.283129062046141,-2.123925886465871,-1.017638644557199
398,5,10,-1.106287241908828,2.212574483817657,-.5531436209544267,-.5531436209544017
399,1,784,.000000000000000,.000000000000000,-1.663741219685582,1.663741219685582
399,2,256,-3.327482439370392,6.654964878740785,-3.250140474065396,-.7734196530499546E-01
399,3,256,-3.172798508759476,6.345597017518952,-3.157147309554699,-.1565119920477859E-01
399,4,256,-3.141496110349987,6.282992220699973,-2.123915551179599,-1.017580559170389
399,5,10,-1.106334992009438,2.212669984018875,-.5531674960047142,-.5531674960047236
400,1,784,.000000000000000,.000000000000000,-1.663741219685583,1.663741219685583
400,2,256,-3.327482439370339,6.654964878740679,-3.250153859452203,-.7732857991813877E-01
400,3,256,-3.172825279533199,6.345650559066399,-3.157184674747709,-.1564060478549543E-01
400,4,256,-3.141544069961964,6.283088139923929,-2.123892772737908,-1.017651297224057
400,5,10,-1.106241475513597,2.212482951027194,-.5531207377568250,-.5531207377567717
401,1,784,.000000000000000,.000000000000000,-1.663741219685584,1.663741219685584
401,2,256,-3.327482439370206,6.654964878740413,-3.250144129490057,-.7733830988014735E-01
401,3,256,-3.172805819608937,6.345611639217874,-3.157177562883637,-.1562825672529895E-01
401,4,256,-3.141549306158347,6.283098612316695,-2.123914976828244,-1.017634329330102
401,5,10,-1.106280647498154,2.212561294996307,-.5531403237490811,-.5531403237490727
402,1,784,.000000000000000,.000000000000000,-1.663741219685586,1.663741219685586
402,2,256,-3.327482439370336,6.654964878740672,-3.250159086281541,-.7732335308879040E-01
402,3,256,-3.172835733191921,6.345671466383841,-3.157191502301324,-.1564423089059318E-01
402,4,256,-3.141547271410859,6.283094542821718,-2.123916097356077,-1.017631174054781
402,5,10,-1.106284923301424,2.212569846602848,-.5531424616507113,-.5531424616507125
403,1,784,.000000000000000,.000000000000000,-1.663741219685586,1.663741219685586
403,2,256,-3.327482439370292,6.654964878740583,-3.250159275074609,-.7732316429567784E-01
403,3,256,-3.172836110778004,6.345672221556009,-3.157195300291215,-.1564081048678616E-01
403,4,256,-3.141554489804249,6.283108979608498,-2.123964509987823,-1.017589979816429
403,5,10,-1.106374530171267,2.212749060342533,-.5531872650856359,-.5531872650856309
404,1,784,.000000000000000,.000000000000000,-1.663741219685583,1.663741219685583
404,2,256,-3.327482439370429,6.654964878740858,-3.250142298778793,-.7734014059163399E-01
404,3,256,-3.172802158186316,6.345604316372633,-3.157138185447420,-.1566397273889475E-01
404,4,256,-3.141474212708360,6.282948425416721,-2.123916661202985,-1.017557551505376
404,5,10,-1.106359109697547,2.212718219395095,-.5531795548487751,-.5531795548487723
405,1,784,.000000000000000,.000000000000000,-1.663741219685584,1.663741219685584
405,2,256,-3.327482439370477,6.654964878740953,-3.250146791410771,-.7733564795970671E-01
405,3,256,-3.172811143450469,6.345622286900938,-3.157164019145926,-.1564712430454315E-01
405,4,256,-3.141516894841463,6.283033789682926,-2.123918172237678,-1.017598722603786
405,5,10,-1.106319449633835,2.212638899267670,-.5531597248169419,-.5531597248168930
406,1,784,.000000000000000,.000000000000000,-1.663741219685582,1.663741219685582
406,2,256,-3.327482439370439,6.654964878740877,-3.250144237915345,-.7733820145509281E-01
406,3,256,-3.172806036459776,6.345612072919551,-3.157164986222757,-.1564105023701908E-01
406,4,256,-3.141523935985724,6.283047871971448,-2.123881576121488,-1.017642359864234
406,5,10,-1.106239216257019,2.212478432514038,-.5531196081284940,-.5531196081285251
407,1,784,.000000000000000,.000000000000000,-1.663741219685583,1.663741219685583
407,2,256,-3.327482439370444,6.654964878740888,-3.250156498520444,-.7732594084999957E-01
407,3,256,-3.172830557669455,6.345661115338911,-3.157174653992978,-.1565590367647737E-01
407,4,256,-3.141518750316354,6.283037500632707,-2.123877210709140,-1.017641539607212
407,5,10,-1.106235671102049,2.212471342204097,-.5531178355510271,-.5531178355510216
408,1,784,.000000000000000,.000000000000000,-1.663741219685582,1.663741219685582
408,2,256,-3.327482439370413,6.654964878740826,-3.250146251858889,-.7733618751152285E-01
408,3,256,-3.172810064346639,6.345620128693279,-3.157150811952962,-.1565925239367537E-01
408,4,256,-3.141491559559370,6.282983119118740,-2.123900864701482,-1.017590694857889
408,5,10,-1.106310169843624,2.212620339687249,-.5531550849218254,-.5531550849217988
409,1,784,.000000000000000,.000000000000000,-1.663741219685581,1.663741219685581
409,2,256,-3.327482439370324,6.654964878740648,-3.250144430923263,-.7733800844706194E-01
409,3,256,-3.172806422475243,6.345612844950486,-3.157146688410204,-.1565973406503875E-01
409,4,256,-3.141486954345287,6.282973908690574,-2.123913751756646,-1.017573202588641
409,5,10,-1.106340549168275,2.212681098336549,-.5531702745841228,-.5531702745841517
410,1,784,.000000000000000,.000000000000000,-1.663741219685584,1.663741219685584
410,2,256,-3.327482439370348,6.654964878740696,-3.250148712415117,-.7733372695522885E-01
410,3,256,-3.172814985459143,6.345629970918285,-3.157154649020169,-.1566033643897127E-01
410,4,256,-3.141494312581075,6.282988625162151,-2.123891936644887,-1.017602375936187
410,5,10,-1.106289560708527,2.212579121417053,-.5531447803542555,-.5531447803542711
411,1,784,.000000000000000,.000000000000000,-1.663741219685584,1.663741219685584
411,2,256,-3.327482439370423,6.654964878740847,-3.250146006095080,-.7733643327534367E-01
411,3,256,-3.172809572818977,6.345619145637953,-3.157168253105036,-.1564131971394145E-01
411,4,256,-3.141526933391165,6.283053866782330,-2.123897425470439,-1.017629507920725
411,5,10,-1.106267917549828,2.212535835099656,-.5531339587749056,-.5531339587749222
412,1,784,.000000000000000,.000000000000000,-1.663741219685584,1.663741219685584
412,2,256,-3.327482439370261,6.654964878740523,-3.250148713608187,-.7733372576207288E-01
412,3,256,-3.172814987845640,6.345629975691280,-3.157165182920504,-.1564980492513353E-01
412,4,256,-3.141515377996081,6.283030755992162,-2.123909547922309,-1.017605830073771
412,5,10,-1.106303717848811,2.212607435697621,-.5531518589244092,-.5531518589244014
413,1,784,.000000000000000,.000000000000000,-1.663741219685583,1.663741219685583
413,2,256,-3.327482439370312,6.654964878740623,-3.250153940641104,-.7732849872920558E-01
413,3,256,-3.172825441911055,6.345650883822111,-3.157175852985698,-.1564958892535728E-01
413,4,256,-3.141526264060432,6.283052528120863,-2.123930822736328,-1.017595441324103
413,5,10,-1.106335381412341,2.212670762824681,-.5531676907061568,-.5531676907061840
414,1,784,.000000000000000,.000000000000000,-1.663741219685585,1.663741219685585
414,2,256,-3.327482439370339,6.654964878740677,-3.250143150396080,-.7733928897426130E-01
414,3,256,-3.172803861420833,6.345607722841667,-3.157158637538255,-.1564522388257805E-01
414,4,256,-3.141513413655400,6.283026827310800,-2.123925966405872,-1.017587447249531
414,5,10,-1.106338519156243,2.212677038312487,-.5531692595781115,-.5531692595781320
415,1,784,.000000000000000,.000000000000000,-1.663741219685581,1.663741219685581
415,2,256,-3.327482439370318,6.654964878740635,-3.250140983520420,-.7734145584989843E-01
415,3,256,-3.172799527669636,6.345599055339272,-3.157163239876833,-.1563628779280597E-01
415,4,256,-3.141526952084087,6.283053904168174,-2.123924705210998,-1.017602246873091
415,5,10,-1.106322458338026,2.212644916676051,-.5531612291690039,-.5531612291690217
416,1,784,.000000000000000,.000000000000000,-1.663741219685584,1.663741219685584
416,2,256,-3.327482439370264,6.654964878740527,-3.250145728921556,-.7733671044870805E-01
416,3,256,-3.172809018472472,6.345618036944945,-3.157167328403304,-.1564169006917090E-01
416,4,256,-3.141525638334499,6.283051276668998,-2.123906751631502,-1.017618886702997
416,5,10,-1.106287864928334,2.212575729856668,-.5531439324641734,-.5531439324641606
417,1,784,.000000000000000,.000000000000000,-1.663741219685584,1.663741219685584
417,2,256,-3.327482439370190,6.654964878740381,-3.250146031484871,-.7733640788531873E-01
417,3,256,-3.172809623598581,6.345619247197162,-3.157152329508249,-.1565729409033120E-01
417,4,256,-3.141495035417542,6.282990070835083,-2.123854868444140,-1.017640166973401
417,5,10,-1.106214701470346,2.212429402940692,-.5531073507351805,-.5531073507351655
418,1,784,.000000000000000,.000000000000000,-1.663741219685582,1.663741219685582
418,2,256,-3.327482439370301,6.654964878740603,-3.250156653382615,-.7732578598768365E-01
418,3,256,-3.172830867393969,6.345661734787938,-3.157159891048623,-.1567097634534575E-01
418,4,256,-3.141488914703132,6.282977829406263,-2.123871268283355,-1.017617646419773
418,5,10,-1.106253621863576,2.212507243727152,-.5531268109317681,-.5531268109318080
419,1,784,.000000000000000,.000000000000000,-1.663741219685583,1.663741219685583
419,2,256,-3.327482439370395,6.654964878740790,-3.250141141125580,-.7734129824481878E-01
419,3,256,-3.172799842880345,6.345599685760691,-3.157149301905317,-.1565054097502646E-01
419,4,256,-3.141498760930666,6.282997521861332,-2.123922404094953,-1.017576356835712
419,5,10,-1.106346047259270,2.212692094518540,-.5531730236296317,-.5531730236296384
420,1,784,.000000000000000,.000000000000000,-1.663741219685581,1.663741219685581
420,2,256,-3.327482439370418,6.654964878740836,-3.250146892865411,-.7733554650500978E-01
420,3,256,-3.172811346359774,6.345622692719549,-3.157166038014035,-.1564530834573903E-01
420,4,256,-3.141520729668443,6.283041459336887,-2.123910860548502,-1.017609869119943
420,5,10,-1.106300991428576,2.212601982857151,-.5531504957142956,-.5531504957142801
421,1,784,.000000000000000,.000000000000000,-1.663741219685583,1.663741219685583
421,2,256,-3.327482439370286,6.654964878740572,-3.250140107631836,-.7734233173845152E-01
421,3,256,-3.172797775892583,6.345595551785166,-3.157162195367253,-.1563558052533331E-01
421,4,256,-3.141526614842215,6.283053229684430,-2.123894129360185,-1.017632485482033
421,5,10,-1.106261643878366,2.212523287756732,-.5531308219391888,-.5531308219391772
422,1,784,.000000000000000,.000000000000000,-1.663741219685582,1.663741219685582
422,2,256,-3.327482439370430,6.654964878740860,-3.250151666253451,-.7733077311698232E-01
422,3,256,-3.172820893135678,6.345641786271355,-3.157182042095057,-.1563885104061772E-01
422,4,256,-3.141543191054325,6.283086382108650,-2.123946544757843,-1.017596646296482
422,5,10,-1.106349898461259,2.212699796922519,-.5531749492306505,-.5531749492306088
423,1,784,.000000000000000,.000000000000000,-1.663741219685582,1.663741219685582
423,2,256,-3.327482439370403,6.654964878740807,-3.250153850239184,-.7732858913122147E-01
423,3,256,-3.172825261107261,6.345650522214522,-3.157184970958001,-.1564029014925978E-01
423,4,256,-3.141544680808783,6.283089361617566,-2.123940921039446,-1.017603759769337
423,5,10,-1.106337161270057,2.212674322540113,-.5531685806350471,-.5531685806350094
424,1,784,.000000000000000,.000000000000000,-1.663741219685581,1.663741219685581
424,2,256,-3.327482439370232,6.654964878740464,-3.250147370411422,-.7733506895881112E-01
424,3,256,-3.172812301451684,6.345624602903369,-3.157174438888326,-.1563786256335706E-01
424,4,256,-3.141536576324830,6.283073152649661,-2.123941441589854,-1.017595134734975
424,5,10,-1.106346306854746,2.212692613709492,-.5531731534273681,-.5531731534273781
425,1,784,.000000000000000,.000000000000000,-1.663741219685584,1.663741219685584
425,2,256,-3.327482439370354,6.654964878740708,-3.250146671731681,-.7733576763867103E-01
425,3,256,-3.172810904092550,6.345621808185101,-3.157170470694398,-.1564043339815164E-01
425,4,256,-3.141530037296393,6.283060074592785,-2.123895221062372,-1.017634816234021
425,5,10,-1.106260404828133,2.212520809656267,-.5531302024140741,-.5531302024140591
426,1,784,.000000000000000,.000000000000000,-1.663741219685581,1.663741219685581
426,2,256,-3.327482439370487,6.654964878740975,-3.250139159167435,-.7734328020305152E-01
426,3,256,-3.172795878963647,6.345591757927294,-3.157172390086501,-.1562348887714272E-01
426,4,256,-3.141548901209134,6.283097802418268,-2.123932050551447,-1.017616850657689
426,5,10,-1.106315199893598,2.212630399787197,-.5531575999467988,-.5531575999467995
427,1,784,.000000000000000,.000000000000000,-1.663741219685584,1.663741219685584
427,2,256,-3.327482439370383,6.654964878740767,-3.250144888522837,-.7733755084754269E-01
427,3,256,-3.172807337674490,6.345614675348980,-3.157166361563289,-.1564097611120063E-01
427,4,256,-3.141525385451832,6.283050770903665,-2.123933821376735,-1.017591564075096
427,5,10,-1.106342257301404,2.212684514602809,-.5531711286507035,-.5531711286507007
428,1,784,.000000000000000,.000000000000000,-1.663741219685583,1.663741219685583
428,2,256,-3.327482439370358,6.654964878740715,-3.250140274907559,-.7734216446279413E-01
428,3,256,-3.172798110443954,6.345596220887908,-3.157158828120643,-.1563928232331365E-01
428,4,256,-3.141519545797710,6.283039091595421,-2.123900852463506,-1.017618693334204
428,5,10,-1.106282159129679,2.212564318259357,-.5531410795648443,-.5531410795648343
429,1,784,.000000000000000,.000000000000000,-1.663741219685583,1.663741219685583
429,2,256,-3.327482439370465,6.654964878740929,-3.250146056658917,-.7733638271154733E-01
429,3,256,-3.172809673946600,6.345619347893200,-3.157151307899437,-.1565836604716152E-01
429,4,256,-3.141492941852214,6.282985883704428,-2.123900596300201,-1.017592345552009
429,5,10,-1.106308250748231,2.212616501496463,-.5531541253741005,-.5531541253741310
430,1,784,.000000000000000,.000000000000000,-1.663741219685583,1.663741219685583
430,2,256,-3.327482439370244,6.654964878740488,-3.250147094469345,-.7733534490089955E-01
430,3,256,-3.172811749567346,6.345623499134692,-3.157182813024042,-.1562893654330487E-01
430,4,256,-3.141553876480393,6.283107752960786,-2.123943048427330,-1.017610828053060
430,5,10,-1.106332220374074,2.212664440748148,-.5531661101870522,-.5531661101870217
431,1,784,.000000000000000,.000000000000000,-1.663741219685583,1.663741219685583
431,2,256,-3.327482439370366,6.654964878740731,-3.250142358042007,-.7734008132836129E-01
431,3,256,-3.172802276712555,6.345604553425111,-3.157171434187342,-.1563084252521575E-01
431,4,256,-3.141540591662080,6.283081183324160,-2.123894530195200,-1.017646061466882
431,5,10,-1.106248468728550,2.212496937457099,-.5531242343642832,-.5531242343642665
432,1,784,.000000000000000,.000000000000000,-1.663741219685580,1.663741219685580
432,2,256,-3.327482439370342,6.654964878740683,-3.250133738524188,-.7734870084615179E-01
432,3,256,-3.172785037677225,6.345570075354449,-3.157156204397675,-.1562883327954870E-01
432,4,256,-3.141527371118251,6.283054742236502,-2.123918147315639,-1.017609223802611
432,5,10,-1.106308923513137,2.212617847026274,-.5531544617565708,-.5531544617565664
433,1,784,.000000000000000,.000000000000000,-1.663741219685585,1.663741219685585
433,2,256,-3.327482439370291,6.654964878740582,-3.250143619288966,-.7733882008132355E-01
433,3,256,-3.172804799206748,6.345609598413495,-3.157159471849501,-.1564532735724378E-01
433,4,256,-3.141514144492042,6.283028288984084,-2.123911965693175,-1.017602178798867
433,5,10,-1.106309786894111,2.212619573788221,-.5531548934470556,-.5531548934470549
434,1,784,.000000000000000,.000000000000000,-1.663741219685583,1.663741219685583
434,2,256,-3.327482439370313,6.654964878740627,-3.250152360558959,-.7733007881135508E-01
434,3,256,-3.172822281746645,6.345644563493289,-3.157184001716668,-.1563828002997795E-01
434,4,256,-3.141545721686221,6.283091443372442,-2.123925755423501,-1.017619966262719
434,5,10,-1.106305789160448,2.212611578320896,-.5531528945802123,-.5531528945802356
435,1,784,.000000000000000,.000000000000000,-1.663741219685583,1.663741219685583
435,2,256,-3.327482439370438,6.654964878740876,-3.250146657141959,-.7733578222847773E-01
435,3,256,-3.172810874912948,6.345621749825897,-3.157188847432842,-.1562202748010770E-01
435,4,256,-3.141566819952695,6.283133639905390,-2.123928088431030,-1.017638731521666
435,5,10,-1.106289356909131,2.212578713818262,-.5531446784545665,-.5531446784545643
436,1,784,.000000000000000,.000000000000000,-1.663741219685583,1.663741219685583
436,2,256,-3.327482439370324,6.654964878740649,-3.250155308973837,-.7732713039648711E-01
436,3,256,-3.172828178576375,6.345656357152751,-3.157167126486097,-.1566105209027897E-01
436,4,256,-3.141506074395636,6.283012148791271,-2.123902823450608,-1.017603250945027
436,5,10,-1.106299572505526,2.212599145011053,-.5531497862527679,-.5531497862527585
437,1,784,.000000000000000,.000000000000000,-1.663741219685581,1.663741219685581
437,2,256,-3.327482439370471,6.654964878740943,-3.250157625072380,-.7732481429809465E-01
437,3,256,-3.172832810773495,6.345665621546990,-3.157187050548933,-.1564576022456406E-01
437,4,256,-3.141541290324315,6.283082580648629,-2.123907216149826,-1.017634074174490
437,5,10,-1.106273141975410,2.212546283950819,-.5531365709876906,-.5531365709877190
438,1,784,.000000000000000,.000000000000000,-1.663741219685582,1.663741219685582
438,2,256,-3.327482439370249,6.654964878740499,-3.250148896346717,-.7733354302353282E-01
438,3,256,-3.172815353322301,6.345630706644602,-3.157169040337613,-.1564631298468975E-01
438,4,256,-3.141522727352916,6.283045454705833,-2.123909987579974,-1.017612739772942
438,5,10,-1.106297247807026,2.212594495614052,-.5531486239034974,-.5531486239035285
439,1,784,.000000000000000,.000000000000000,-1.663741219685584,1.663741219685584
439,2,256,-3.327482439370356,6.654964878740712,-3.250140693487493,-.7734174588285930E-01
439,3,256,-3.172798947603673,6.345597895207345,-3.157147897661210,-.1565104994246294E-01
439,4,256,-3.141496847718188,6.282993695436375,-2.123885073865107,-1.017611773853083
439,5,10,-1.106273300011658,2.212546600023317,-.5531366500058124,-.5531366500058462
440,1,784,.000000000000000,.000000000000000,-1.663741219685583,1.663741219685583
440,2,256,-3.327482439370252,6.654964878740504,-3.250133978329576,-.7734846104067385E-01
440,3,256,-3.172785517288010,6.345571034576021,-3.157153633279140,-.1563188400887088E-01
440,4,256,-3.141521749270279,6.283043498540557,-2.123918695595003,-1.017603053675276
440,5,10,-1.106315641919702,2.212631283839404,-.5531578209598583,-.5531578209598433
441,1,784,.000000000000000,.000000000000000,-1.663741219685583,1.663741219685583
441,2,256,-3.327482439370264,6.654964878740528,-3.250149329173901,-.7733311019636362E-01
441,3,256,-3.172816218976403,6.345632437952807,-3.157171018005109,-.1564520097129472E-01
441,4,256,-3.141525817033605,6.283051634067210,-2.123889131651787,-1.017636685381816
441,5,10,-1.106252446269995,2.212504892539989,-.5531262231349959,-.5531262231349987
442,1,784,.000000000000000,.000000000000000,-1.663741219685582,1.663741219685582
442,2,256,-3.327482439370287,6.654964878740574,-3.250150228177816,-.7733221119247112E-01
442,3,256,-3.172818016984305,6.345636033968611,-3.157175342800645,-.1564267418366228E-01
442,4,256,-3.141532668616883,6.283065337233767,-2.123912275348808,-1.017620393268072
442,5,10,-1.106291882080777,2.212583764161553,-.5531459410403988,-.5531459410403777
443,1,784,.000000000000000,.000000000000000,-1.663741219685582,1.663741219685582
443,2,256,-3.327482439370380,6.654964878740761,-3.250144532561918,-.7733790680846384E-01
443,3,256,-3.172806625752810,6.345613251505621,-3.157152010425411,-.1565461532740517E-01
443,4,256,-3.141497395097991,6.282994790195981,-2.123854649712535,-1.017642745385456
443,5,10,-1.106211904326969,2.212423808653939,-.5531059521634611,-.5531059521635083
444,1,784,.000000000000000,.000000000000000,-1.663741219685583,1.663741219685583
444,2,256,-3.327482439370482,6.654964878740965,-3.250146299567949,-.7733613980253504E-01
444,3,256,-3.172810159764701,6.345620319529402,-3.157164361068358,-.1564579869634479E-01
444,4,256,-3.141518562372079,6.283037124744158,-2.123931821502412,-1.017586740869667
444,5,10,-1.106345080632835,2.212690161265670,-.5531725403164208,-.5531725403164142
445,1,784,.000000000000000,.000000000000000,-1.663741219685583,1.663741219685583
445,2,256,-3.327482439370273,6.654964878740546,-3.250145022992942,-.7733741637732720E-01
445,3,256,-3.172807606614570,6.345615213229140,-3.157174180536712,-.1563342607785298E-01
445,4,256,-3.141540754459060,6.283081508918120,-2.123917688938211,-1.017623065520850
445,5,10,-1.106294623417719,2.212589246835439,-.5531473117088593,-.5531473117088599
446,1,784,.000000000000000,.000000000000000,-1.663741219685584,1.663741219685584
446,2,256,-3.327482439370405,6.654964878740810,-3.250145869907728,-.7733656946267839E-01
446,3,256,-3.172809300444658,6.345618600889317,-3.157174911330049,-.1563438911460880E-01
446,4,256,-3.141540522215738,6.283081044431476,-2.123916674145797,-1.017623848069944
446,5,10,-1.106292826075767,2.212585652151533,-.5531464130378917,-.5531464130378750
447,1,784,.000000000000000,.000000000000000,-1.663741219685585,1.663741219685585
447,2,256,-3.327482439370470,6.654964878740940,-3.250136576228760,-.7734586314171327E-01
447,3,256,-3.172790713086654,6.345581426173307,-3.157154604204756,-.1563610888189881E-01
447,4,256,-3.141518495323013,6.283036990646027,-2.123899206720175,-1.017619288602839
447,5,10,-1.106279918117200,2.212559836234400,-.5531399590585924,-.5531399590586074
448,1,784,.000000000000000,.000000000000000,-1.663741219685583,1.663741219685583
448,2,256,-3.327482439370338,6.654964878740675,-3.250155771806140,-.7732666756419958E-01
448,3,256,-3.172829104241252,6.345658208482504,-3.157164040206061,-.1566506403519347E-01
448,4,256,-3.141498976170966,6.282997952341931,-2.123913178134754,-1.017585798036213
448,5,10,-1.106327380098489,2.212654760196979,-.5531636900492536,-.5531636900492358
449,1,784,.000000000000000,.000000000000000,-1.663741219685586,1.663741219685586
449,2,256,-3.327482439370403,6.654964878740806,-3.250142034971210,-.7734040439919079E-01
449,3,256,-3.172801630571215,6.345603261142431,-3.157146118554182,-.1565551201703615E-01
449,4,256,-3.141490606536756,6.282981213073512,-2.123909284332302,-1.017581322204455
449,5,10,-1.106327962127495,2.212655924254990,-.5531639810637523,-.5531639810637423
450,1,784,.000000000000000,.000000000000000,-1.663741219685583,1.663741219685583
450,2,256,-3.327482439370288,6.654964878740577,-3.250146643442394,-.7733579592789737E-01
450,3,256,-3.172810847513746,6.345621695027492,-3.157180980185143,-.1562986732860625E-01
450,4,256,-3.141551112856653,6.283102225713305,-2.123936412841934,-1.017614700014720
450,5,10,-1.106321712827230,2.212643425654460,-.5531608564136039,-.5531608564136261
451,1,784,.000000000000000,.000000000000000,-1.663741219685585,1.663741219685585
451,2,256,-3.327482439370443,6.654964878740886,-3.250132529309394,-.7734991006104877E-01
451,3,256,-3.172782619247448,6.345565238494896,-3.157154743772363,-.1562787547508515E-01
451,4,256,-3.141526868296874,6.283053736593748,-2.123910909203766,-1.017615959093109
451,5,10,-1.106294950110416,2.212589900220832,-.5531474750552159,-.5531474750552003
452,1,784,.000000000000000,.000000000000000,-1.663741219685583,1.663741219685583
452,2,256,-3.327482439370451,6.654964878740903,-3.250146916718912,-.7733552265154234E-01
452,3,256,-3.172811394066785,6.345622788133570,-3.157155830158003,-.1565556390878358E-01
452,4,256,-3.141500266249114,6.283000532498229,-2.123913544772154,-1.017586721476962
452,5,10,-1.106326823294956,2.212653646589912,-.5531634116474820,-.5531634116474742
453,1,784,.000000000000000,.000000000000000,-1.663741219685585,1.663741219685585
453,2,256,-3.327482439370201,6.654964878740402,-3.250144993616588,-.7733744575361212E-01
453,3,256,-3.172807547862124,6.345615095724249,-3.157184425912202,-.1562312194992313E-01
453,4,256,-3.141561303962245,6.283122607924490,-2.123952649265508,-1.017608654696739
453,5,10,-1.106343994568614,2.212687989137228,-.5531719972843099,-.5531719972843038
454,1,784,.000000000000000,.000000000000000,-1.663741219685583,1.663741219685583
454,2,256,-3.327482439370333,6.654964878740667,-3.250149620819669,-.7733281855065791E-01
454,3,256,-3.172816802268114,6.345633604536228,-3.157161719032596,-.1565508323551892E-01
454,4,256,-3.141506635796763,6.283013271593527,-2.123933814284958,-1.017572821511805
454,5,10,-1.106360992772902,2.212721985545804,-.5531804963864537,-.5531804963864482
455,1,784,.000000000000000,.000000000000000,-1.663741219685584,1.663741219685584
455,2,256,-3.327482439370329,6.654964878740658,-3.250148504320516,-.7733393504981234E-01
455,3,256,-3.172814569269788,6.345629138539576,-3.157163502874272,-.1565106639551354E-01
455,4,256,-3.141512436478739,6.283024872957479,-2.123911433905620,-1.017601002573119
455,5,10,-1.106310431332562,2.212620862665124,-.5531552156662787,-.5531552156662831
456,1,784,.000000000000000,.000000000000000,-1.663741219685584,1.663741219685584
456,2,256,-3.327482439370320,6.654964878740641,-3.250146628990663,-.7733581037966107E-01
456,3,256,-3.172810818610094,6.345621637220187,-3.157164092406585,-.1564672620350919E-01
456,4,256,-3.141517366203061,6.283034732406121,-2.123884836832813,-1.017632529370248
456,5,10,-1.106252307462573,2.212504614925145,-.5531261537313062,-.5531261537312663
457,1,784,.000000000000000,.000000000000000,-1.663741219685584,1.663741219685584
457,2,256,-3.327482439370429,6.654964878740858,-3.250141231502268,-.7734120786816193E-01
457,3,256,-3.172800023633388,6.345600047266776,-3.157156338934418,-.1564368469896961E-01
457,4,256,-3.141512654235171,6.283025308470343,-2.123884871657385,-1.017627782577786
457,5,10,-1.106257089079322,2.212514178158644,-.5531285445396505,-.5531285445396716
458,1,784,.000000000000000,.000000000000000,-1.663741219685582,1.663741219685582
458,2,256,-3.327482439370408,6.654964878740817,-3.250145016941751,-.7733742242865629E-01
458,3,256,-3.172807594512352,6.345615189024705,-3.157159692830326,-.1564790168202615E-01
458,4,256,-3.141511791148192,6.283023582296384,-2.123896443559016,-1.017615347589172
458,5,10,-1.106281095969696,2.212562191939392,-.5531405479848606,-.5531405479848356
459,1,784,.000000000000000,.000000000000000,-1.663741219685583,1.663741219685583
459,2,256,-3.327482439370281,6.654964878740563,-3.250135799145189,-.7734664022509340E-01
459,3,256,-3.172789158919349,6.345578317838698,-3.157179121232551,-.1561003768679530E-01
459,4,256,-3.141569083545906,6.283138167091812,-2.123945352750134,-1.017623730795770
459,5,10,-1.106321621954354,2.212643243908708,-.5531608109771862,-.5531608109771678
460,1,784,.000000000000000,.000000000000000,-1.663741219685584,1.663741219685584
460,2,256,-3.327482439370372,6.654964878740745,-3.250151601658650,-.7733083771172326E-01
460,3,256,-3.172820763946016,6.345641527892031,-3.157183046086923,-.1563771785909345E-01
460,4,256,-3.141545328227902,6.283090656455803,-2.123936290119225,-1.017609038108677
460,5,10,-1.106327252010743,2.212654504021485,-.5531636260053705,-.5531636260053721
461,1,784,.000000000000000,.000000000000000,-1.663741219685584,1.663741219685584
461,2,256,-3.327482439370300,6.654964878740599,-3.250147225790369,-.7733521357993382E-01
461,3,256,-3.172812012209731,6.345624024419462,-3.157166800695148,-.1564521151458253E-01
461,4,256,-3.141521589180674,6.283043178361349,-2.123944596596428,-1.017576992584247
461,5,10,-1.106367604012137,2.212735208024273,-.5531838020060675,-.5531838020060692
462,1,784,.000000000000000,.000000000000000,-1.663741219685582,1.663741219685582
462,2,256,-3.327482439370287,6.654964878740574,-3.250139221020112,-.7734321835017781E-01
462,3,256,-3.172796002668840,6.345592005337680,-3.157152420923942,-.1564358174489688E-01
462,4,256,-3.141508839178688,6.283017678357376,-2.123914472552365,-1.017594366626324
462,5,10,-1.106320105925900,2.212640211851799,-.5531600529629520,-.5531600529629476
463,1,784,.000000000000000,.000000000000000,-1.663741219685582,1.663741219685582
463,2,256,-3.327482439370225,6.654964878740450,-3.250143897987749,-.7733854138247667E-01
463,3,256,-3.172805356604132,6.345610713208264,-3.157175738789366,-.1562961781476508E-01
463,4,256,-3.141546120974414,6.283092241948828,-2.123923360484393,-1.017622760490021
463,5,10,-1.106300599994380,2.212601199988760,-.5531502999971949,-.5531502999971849
464,1,784,.000000000000000,.000000000000000,-1.663741219685583,1.663741219685583
464,2,256,-3.327482439370364,6.654964878740729,-3.250154122962174,-.7732831640819092E-01
464,3,256,-3.172825806553149,6.345651613106298,-3.157189045397266,-.1563676115588469E-01
464,4,256,-3.141552284241543,6.283104568483085,-2.123904109741177,-1.017648174500365
464,5,10,-1.106255935240996,2.212511870481992,-.5531279676205031,-.5531279676204931
465,1,784,.000000000000000,.000000000000000,-1.663741219685584,1.663741219685584
465,2,256,-3.327482439370363,6.654964878740727,-3.250145448423241,-.7733699094712318E-01
465,3,256,-3.172808457475347,6.345616914950694,-3.157152323452806,-.1565613402254003E-01
465,4,256,-3.141496189430266,6.282992378860532,-2.123923329410055,-1.017572860020210
465,5,10,-1.106350469389825,2.212700938779651,-.5531752346949079,-.5531752346949174
466,1,784,.000000000000000,.000000000000000,-1.663741219685584,1.663741219685584
466,2,256,-3.327482439370391,6.654964878740781,-3.250141846087981,-.7734059328240452E-01
466,3,256,-3.172801252804474,6.345602505608948,-3.157155354694056,-.1564589811041802E-01
466,4,256,-3.141509456583353,6.283018913166706,-2.123896116818468,-1.017613339764884
466,5,10,-1.106282777053663,2.212565554107325,-.5531413885268129,-.5531413885268496
467,1,784,.000000000000000,.000000000000000,-1.663741219685583,1.663741219685583
467,2,256,-3.327482439370363,6.654964878740727,-3.250152520039526,-.7732991933083587E-01
467,3,256,-3.172822600708039,6.345645201416078,-3.157165732244949,-.1565686846309066E-01
467,4,256,-3.141508863781959,6.283017727563918,-2.123897934944386,-1.017610928837573
467,5,10,-1.106287006106750,2.212574012213500,-.5531435030533831,-.5531435030533670
468,1,784,.000000000000000,.000000000000000,-1.663741219685583,1.663741219685583
468,2,256,-3.327482439370271,6.654964878740541,-3.250144195550992,-.7733824381927909E-01
468,3,256,-3.172805951731035,6.345611903462070,-3.157152980919932,-.1565297081110356E-01
468,4,256,-3.141500010109308,6.283000020218616,-2.123895417974955,-1.017604592134353
468,5,10,-1.106290825840888,2.212581651681776,-.5531454129204326,-.5531454129204554
469,1,784,.000000000000000,.000000000000000,-1.663741219685583,1.663741219685583
469,2,256,-3.327482439370418,6.654964878740836,-3.250140606585454,-.7734183278496451E-01
469,3,256,-3.172798773799677,6.345597547599354,-3.157159435391830,-.1563933840784598E-01
469,4,256,-3.141520096983563,6.283040193967126,-2.123937303855705,-1.017582793127860
469,5,10,-1.106354510727532,2.212709021455064,-.5531772553637437,-.5531772553637881
470,1,784,.000000000000000,.000000000000000,-1.663741219685583,1.663741219685583
470,2,256,-3.327482439370367,6.654964878740735,-3.250142185270227,-.7734025410014270E-01
470,3,256,-3.172801931169215,6.345603862338431,-3.157152692646897,-.1564923852232123E-01
470,4,256,-3.141503454124687,6.283006908249375,-2.123915002463768,-1.017588451660922
470,5,10,-1.106326550803046,2.212653101606092,-.5531632754015140,-.5531632754015323
471,1,784,.000000000000000,.000000000000000,-1.663741219685583,1.663741219685583
471,2,256,-3.327482439370306,6.654964878740612,-3.250140292987003,-.7734214638330118E-01
471,3,256,-3.172798146602969,6.345596293205938,-3.157150528098870,-.1564761850410029E-01
471,4,256,-3.141502909594907,6.283005819189813,-2.123926582557127,-1.017576327037778
471,5,10,-1.106350255519365,2.212700511038730,-.5531751277596803,-.5531751277596847
472,1,784,.000000000000000,.000000000000000,-1.663741219685583,1.663741219685583
472,2,256,-3.327482439370439,6.654964878740878,-3.250157026422933,-.7732541294750740E-01
472,3,256,-3.172831613474748,6.345663226949497,-3.157177235206811,-.1565437826793794E-01
472,4,256,-3.141522856938619,6.283045713877239,-2.123903896437586,-1.017618960501032
472,5,10,-1.106284935936255,2.212569871872510,-.5531424679681307,-.5531424679681241
473,1,784,.000000000000000,.000000000000000,-1.663741219685583,1.663741219685583
473,2,256,-3.327482439370367,6.654964878740734,-3.250146036215083,-.7733640315528253E-01
473,3,256,-3.172809633058824,6.345619266117648,-3.157149722765704,-.1565991029311974E-01
473,4,256,-3.141489812472208,6.282979624944415,-2.123911308874602,-1.017578503597607
473,5,10,-1.106332805276785,2.212665610553570,-.5531664026384020,-.5531664026383831
474,1,784,.000000000000000,.000000000000000,-1.663741219685582,1.663741219685582
474,2,256,-3.327482439370374,6.654964878740747,-3.250158997524214,-.7732344184616247E-01
474,3,256,-3.172835555677046,6.345671111354092,-3.157183382923202,-.1565217275384097E-01
474,4,256,-3.141531210169272,6.283062420338545,-2.123897116338865,-1.017634093830405
474,5,10,-1.106263022508577,2.212526045017153,-.5531315112542927,-.5531315112542838
475,1,784,.000000000000000,.000000000000000,-1.663741219685582,1.663741219685582
475,2,256,-3.327482439370437,6.654964878740874,-3.250153174793550,-.7732926457688549E-01
475,3,256,-3.172823910215923,6.345647820431846,-3.157161337605031,-.1566257261089459E-01
475,4,256,-3.141498764994155,6.282997529988310,-2.123913508222061,-1.017585256772093
475,5,10,-1.106328251450011,2.212656502900022,-.5531641257249984,-.5531641257250128
476,1,784,.000000000000000,.000000000000000,-1.663741219685585,1.663741219685585
476,2,256,-3.327482439370400,6.654964878740801,-3.250143485853271,-.7733895351712995E-01
476,3,256,-3.172804532335235,6.345609064670469,-3.157157020930073,-.1564751140516215E-01
476,4,256,-3.141509509524588,6.283019019049175,-2.123901864422140,-1.017607645102447
476,5,10,-1.106294219319526,2.212588438639052,-.5531471096597560,-.5531471096597698
477,1,784,.000000000000000,.000000000000000,-1.663741219685582,1.663741219685582
477,2,256,-3.327482439370428,6.654964878740856,-3.250149866573667,-.7733257279675999E-01
477,3,256,-3.172817293776040,6.345634587552080,-3.157157363612804,-.1565993016323467E-01
477,4,256,-3.141497433449776,6.282994866899552,-2.123938027647310,-1.017559405802467
477,5,10,-1.106378621845160,2.212757243690320,-.5531893109225930,-.5531893109225670
478,1,784,.000000000000000,.000000000000000,-1.663741219685585,1.663741219685585
478,2,256,-3.327482439370296,6.654964878740592,-3.250151719970444,-.7733071939985336E-01
478,3,256,-3.172821000569655,6.345642001139311,-3.157165636651880,-.1565536391777096E-01
478,4,256,-3.141510272733934,6.283020545467868,-2.123885546973294,-1.017624725760641
478,5,10,-1.106260821212560,2.212521642425120,-.5531304106062740,-.5531304106062862
479,1,784,.000000000000000,.000000000000000,-1.663741219685585,1.663741219685585
479,2,256,-3.327482439370319,6.654964878740638,-3.250151729983617,-.7733070938670564E-01
479,3,256,-3.172821020595993,6.345642041191986,-3.157168877696313,-.1565214289968422E-01
479,4,256,-3.141516734796801,6.283033469593602,-2.123911944658336,-1.017604790138464
479,5,10,-1.106307154520102,2.212614309040205,-.5531535772600568,-.5531535772600457
480,1,784,.000000000000000,.000000000000000,-1.663741219685585,1.663741219685585
480,2,256,-3.327482439370382,6.654964878740763,-3.250144938608049,-.7733750076233456E-01
480,3,256,-3.172807437845010,6.345614875690019,-3.157173035867817,-.1563440197719244E-01
480,4,256,-3.141538633890678,6.283077267781356,-2.123940995074753,-1.017597638815925
480,5,10,-1.106343356258803,2.212686712517606,-.5531716781294000,-.5531716781294028
481,1,784,.000000000000000,.000000000000000,-1.663741219685584,1.663741219685584
481,2,256,-3.327482439370413,6.654964878740826,-3.250142067020785,-.7734037234962898E-01
481,3,256,-3.172801694670454,6.345603389340908,-3.157171593676570,-.1563010099388384E-01
481,4,256,-3.141541492682512,6.283082985365024,-2.123876300300656,-1.017665192381857
481,5,10,-1.106211107918582,2.212422215837163,-.5531055539592902,-.5531055539592913
482,1,784,.000000000000000,.000000000000000,-1.663741219685583,1.663741219685583
482,2,256,-3.327482439370368,6.654964878740736,-3.250151385151646,-.7733105421872141E-01
482,3,256,-3.172820330932172,6.345640661864343,-3.157173469018412,-.1564686191376198E-01
482,4,256,-3.141526607104581,6.283053214209161,-2.123921037619497,-1.017605569485082
482,5,10,-1.106315468134296,2.212630936268592,-.5531577340671511,-.5531577340671450
483,1,784,.000000000000000,.000000000000000,-1.663741219685583,1.663741219685583
483,2,256,-3.327482439370330,6.654964878740660,-3.250145815151360,-.7733662421897189E-01
483,3,256,-3.172809190931553,6.345618381863106,-3.157188542536968,-.1562064839458703E-01
483,4,256,-3.141567894142416,6.283135788284833,-2.123932672469700,-1.017635221672715
483,5,10,-1.106297450797029,2.212594901594057,-.5531487253985105,-.5531487253985182
484,1,784,.000000000000000,.000000000000000,-1.663741219685584,1.663741219685584
484,2,256,-3.327482439370255,6.654964878740510,-3.250142757085859,-.7733968228439457E-01
484,3,256,-3.172803074800499,6.345606149600998,-3.157176780770427,-.1562629403007133E-01
484,4,256,-3.141550486740274,6.283100973480548,-2.123928442308477,-1.017622044431798
484,5,10,-1.106306397876659,2.212612795753317,-.5531531989383277,-.5531531989383310
485,1,784,.000000000000000,.000000000000000,-1.663741219685584,1.663741219685584
485,2,256,-3.327482439370260,6.654964878740520,-3.250154811985911,-.7732762738435091E-01
485,3,256,-3.172827184600606,6.345654369201212,-3.157173347924097,-.1565383667651020E-01
485,4,256,-3.141519511247499,6.283039022494998,-2.123929812254099,-1.017589698993402
485,5,10,-1.106340113260680,2.212680226521361,-.5531700566303319,-.5531700566303486
486,1,784,.000000000000000,.000000000000000,-1.663741219685585,1.663741219685585
486,2,256,-3.327482439370309,6.654964878740618,-3.250148288544795,-.7733415082551491E-01
486,3,256,-3.172814137719079,6.345628275438159,-3.157167148679918,-.1564698903916340E-01
486,4,256,-3.141520159641217,6.283040319282433,-2.123920500770472,-1.017599658870745
486,5,10,-1.106320841899514,2.212641683799029,-.5531604209497692,-.5531604209497454
487,1,784,.000000000000000,.000000000000000,-1.663741219685584,1.663741219685584
487,2,256,-3.327482439370238,6.654964878740476,-3.250141044573859,-.7734139479637710E-01
487,3,256,-3.172799649776747,6.345599299553494,-3.157142536561437,-.1565711321531143E-01
487,4,256,-3.141485423345776,6.282970846691552,-2.123878057127075,-1.017607366218702
487,5,10,-1.106270690907831,2.212541381815663,-.5531353454539193,-.5531353454539121
488,1,784,.000000000000000,.000000000000000,-1.663741219685583,1.663741219685583
488,2,256,-3.327482439370171,6.654964878740341,-3.250145695554604,-.7733674381556728E-01
488,3,256,-3.172808951737970,6.345617903475939,-3.157150711057657,-.1565824068031543E-01
488,4,256,-3.141492470377178,6.282984940754357,-2.123884528596658,-1.017607941780519
488,5,10,-1.106276586816060,2.212553173632120,-.5531382934080246,-.5531382934080351
489,1,784,.000000000000000,.000000000000000,-1.663741219685583,1.663741219685583
489,2,256,-3.327482439370375,6.654964878740751,-3.250146755149566,-.7733568422080739E-01
489,3,256,-3.172811070927912,6.345622141855824,-3.157191167941425,-.1561990298648730E-01
489,4,256,-3.141571264954768,6.283142529909536,-2.123936868961780,-1.017634395992991
489,5,10,-1.106302472968649,2.212604945937298,-.5531512364843402,-.5531512364843085
490,1,784,.000000000000000,.000000000000000,-1.663741219685584,1.663741219685584
490,2,256,-3.327482439370351,6.654964878740701,-3.250164280057403,-.7731815931294406E-01
490,3,256,-3.172846120743830,6.345692241487661,-3.157185018921268,-.1566110182256175E-01
490,4,256,-3.141523917098748,6.283047834197497,-2.123918723742873,-1.017605193355874
490,5,10,-1.106313530386833,2.212627060773666,-.5531567651934273,-.5531567651934056
491,1,784,.000000000000000,.000000000000000,-1.663741219685583,1.663741219685583
491,2,256,-3.327482439370288,6.654964878740576,-3.250139387767298,-.7734305160299260E-01
491,3,256,-3.172796336163309,6.345592672326618,-3.157165871686690,-.1563046447662150E-01
491,4,256,-3.141535407209771,6.283070814419542,-2.123924023872045,-1.017611383337727
491,5,10,-1.106312640534133,2.212625281068266,-.5531563202670704,-.5531563202670626
492,1,784,.000000000000000,.000000000000000,-1.663741219685584,1.663741219685584
492,2,256,-3.327482439370310,6.654964878740619,-3.250149535821152,-.7733290354915523E-01
492,3,256,-3.172816632271186,6.345633264542372,-3.157150458059158,-.1566617421202819E-01
492,4,256,-3.141484283846973,6.282968567693946,-2.123853538281084,-1.017630745565890
492,5,10,-1.106222792714996,2.212445585429993,-.5531113963574980,-.5531113963574985
493,1,784,.000000000000000,.000000000000000,-1.663741219685585,1.663741219685585
493,2,256,-3.327482439370300,6.654964878740600,-3.250152336697274,-.7733010267302622E-01
493,3,256,-3.172822234023573,6.345644468047145,-3.157137575864472,-.1568465815909861E-01
493,4,256,-3.141452917705400,6.282905835410800,-2.123868404254597,-1.017584513450804
493,5,10,-1.106283890803639,2.212567781607279,-.5531419454018164,-.5531419454018230
494,1,784,.000000000000000,.000000000000000,-1.663741219685583,1.663741219685583
494,2,256,-3.327482439370224,6.654964878740448,-3.250139485161003,-.7734295420922312E-01
494,3,256,-3.172796530950720,6.345593061901440,-3.157188413392626,-.1560811755809382E-01
494,4,256,-3.141580295834400,6.283160591668800,-2.123919971097954,-1.017660324736446
494,5,10,-1.106259646361464,2.212519292722927,-.5531298231807484,-.5531298231807151
495,1,784,.000000000000000,.000000000000000,-1.663741219685583,1.663741219685583
495,2,256,-3.327482439370331,6.654964878740662,-3.250144615115922,-.7733782425440694E-01
495,3,256,-3.172806790860689,6.345613581721377,-3.157178660375799,-.1562813048488851E-01
495,4,256,-3.141550529890840,6.283101059781679,-2.123916657021930,-1.017633872868909
495,5,10,-1.106282784152953,2.212565568305905,-.5531413920764708,-.5531413920764819
496,1,784,.000000000000000,.000000000000000,-1.663741219685584,1.663741219685584
496,2,256,-3.327482439370287,6.654964878740573,-3.250146293586413,-.7733614578387212E-01
496,3,256,-3.172810147801762,6.345620295603523,-3.157167369649472,-.1564277815228799E-01
496,4,256,-3.141524591497419,6.283049182994839,-2.123909437852708,-1.017615153644712
496,5,10,-1.106294284208151,2.212588568416303,-.5531471421040698,-.5531471421040814
497,1,784,.000000000000000,.000000000000000,-1.663741219685585,1.663741219685585
497,2,256,-3.327482439370403,6.654964878740806,-3.250146515688106,-.7733592368229650E-01
497,3,256,-3.172810592005184,6.345621184010368,-3.157158343738777,-.1565224826640655E-01
497,4,256,-3.141506095472374,6.283012190944747,-2.123895924526447,-1.017610170945927
497,5,10,-1.106285753580361,2.212571507160721,-.5531428767901918,-.5531428767901690
498,1,784,.000000000000000,.000000000000000,-1.663741219685585,1.663741219685585
498,2,256,-3.327482439370374,6.654964878740747,-3.250134347768189,-.7734809160218775E-01
498,3,256,-3.172786256165092,6.345572512330183,-3.157155440700224,-.1563081546486817E-01
498,4,256,-3.141524625235398,6.283049250470796,-2.123941462811739,-1.017583162423657
498,5,10,-1.106358300388240,2.212716600776480,-.5531791501941232,-.5531791501941166
499,1,784,.000000000000000,.000000000000000,-1.663741219685584,1.663741219685584
499,2,256,-3.327482439370265,6.654964878740530,-3.250132510588949,-.7734992878131372E-01
499,3,256,-3.172782581806584,6.345565163613169,-3.157160940024382,-.1562164178219962E-01
499,4,256,-3.141539298241991,6.283078596483982,-2.123949919914527,-1.017589378327465
499,5,10,-1.106360541587021,2.212721083174042,-.5531802707935131,-.5531802707935081
500,1,784,.000000000000000,.000000000000000,-1.663741219685584,1.663741219685584
500,2,256,-3.327482439370387,6.654964878740774,-3.250157356033322,-.7732508333706133E-01
500,3,256,-3.172832272695334,6.345664545390669,-3.157178267149845,-.1565400554549160E-01
500,4,256,-3.141524261604201,6.283048523208403,-2.123906305063201,-1.017617956541000
500,5,10,-1.106288348522216,2.212576697044432,-.5531441742610983,-.5531441742611177
501,1,784,.000000000000000,.000000000000000,-1.663741219685582,1.663741219685582
501,2,256,-3.327482439370431,6.654964878740861,-3.250148756995646,-.7733368237478368E-01
501,3,256,-3.172815074620565,6.345630149241130,-3.157172290303104,-.1564278431746017E-01
501,4,256,-3.141529505986185,6.283059011972369,-2.123906097611203,-1.017623408374980
501,5,10,-1.106282689236302,2.212565378472604,-.5531413446181646,-.5531413446181374
502,1,784,.000000000000000,.000000000000000,-1.663741219685583,1.663741219685583
502,2,256,-3.327482439370366,6.654964878740732,-3.250147855249234,-.7733458412112953E-01
502,3,256,-3.172813271127183,6.345626542254366,-3.157185664058760,-.1562760706842086E-01
502,4,256,-3.141558056990413,6.283116113980826,-2.123928901013730,-1.017629155976681
502,5,10,-1.106299745037270,2.212599490074541,-.5531498725186234,-.5531498725186472
503,1,784,.000000000000000,.000000000000000,-1.663741219685583,1.663741219685583
503,2,256,-3.327482439370359,6.654964878740719,-3.250137802991458,-.7734463637889784E-01
503,3,256,-3.172793166611803,6.345586333223605,-3.157165427065002,-.1562773954679885E-01
503,4,256,-3.141537687518198,6.283075375036396,-2.123927640452843,-1.017610047065355
503,5,10,-1.106317593387439,2.212635186774878,-.5531587966937186,-.5531587966937203
504,1,784,.000000000000000,.000000000000000,-1.663741219685581,1.663741219685581
504,2,256,-3.327482439370325,6.654964878740651,-3.250144179626000,-.7733825974432501E-01
504,3,256,-3.172805919880800,6.345611839761601,-3.157168357063772,-.1563756281702673E-01
504,4,256,-3.141530794246933,6.283061588493867,-2.123884420818425,-1.017646373428510
504,5,10,-1.106238047390143,2.212476094780287,-.5531190236950698,-.5531190236950737
505,1,784,.000000000000000,.000000000000000,-1.663741219685585,1.663741219685585
505,2,256,-3.327482439370325,6.654964878740650,-3.250151004602603,-.7733143476772286E-01
505,3,256,-3.172819569834267,6.345639139668534,-3.157164335622450,-.1565523421182032E-01
505,4,256,-3.141509101410719,6.283018202821439,-2.123910662039707,-1.017598439371012
505,5,10,-1.106312222668512,2.212624445337023,-.5531561113342791,-.5531561113342325
506,1,784,.000000000000000,.000000000000000,-1.663741219685583,1.663741219685583
506,2,256,-3.327482439370391,6.654964878740783,-3.250160764780330,-.7732167459006171E-01
506,3,256,-3.172839090189213,6.345678180378426,-3.157172658380587,-.1566643180862356E-01
506,4,256,-3.141506226571612,6.283012453143224,-2.123926045037828,-1.017580181533783
506,5,10,-1.106345863504000,2.212691727008000,-.5531729317519890,-.5531729317520107
507,1,784,.000000000000000,.000000000000000,-1.663741219685581,1.663741219685581
507,2,256,-3.327482439370346,6.654964878740692,-3.250152672874416,-.7732976649593110E-01
507,3,256,-3.172822906378011,6.345645812756023,-3.157197086526304,-.1562581985170860E-01
507,4,256,-3.141571266675090,6.283142533350181,-2.123935540105367,-1.017635726569725
507,5,10,-1.106299813535785,2.212599627071569,-.5531499067678949,-.5531499067678899
508,1,784,.000000000000000,.000000000000000,-1.663741219685583,1.663741219685583
508,2,256,-3.327482439370362,6.654964878740724,-3.250125343734807,-.7735709563556024E-01
508,3,256,-3.172768248097940,6.345536496195879,-3.157144716582708,-.1562353151523379E-01
508,4,256,-3.141521185067153,6.283042370134306,-2.123921515913141,-1.017599669154011
508,5,10,-1.106321846759309,2.212643693518617,-.5531609233796589,-.5531609233796495
509,1,784,.000000000000000,.000000000000000,-1.663741219685584,1.663741219685584
509,2,256,-3.327482439370329,6.654964878740658,-3.250145842673191,-.7733659669713826E-01
509,3,256,-3.172809245974964,6.345618491949929,-3.157152190444634,-.1565705553033285E-01
509,4,256,-3.141495134914117,6.282990269828234,-2.123928361061405,-1.017566773852714
509,5,10,-1.106361587208775,2.212723174417550,-.5531807936043815,-.5531807936043938
510,1,784,.000000000000000,.000000000000000,-1.663741219685583,1.663741219685583
510,2,256,-3.327482439370401,6.654964878740802,-3.250153314936540,-.7732912443385721E-01
510,3,256,-3.172824190501710,6.345648381003421,-3.157163683542893,-.1566050695881737E-01
510,4,256,-3.141503176583923,6.283006353167846,-2.123931090716788,-1.017572085867135
510,5,10,-1.106359004849753,2.212718009699505,-.5531795024248541,-.5531795024248986
511,1,784,.000000000000000,.000000000000000,-1.663741219685584,1.663741219685584
511,2,256,-3.327482439370482,6.654964878740965,-3.250136558441012,-.7734588092947031E-01
511,3,256,-3.172790677510997,6.345581355021994,-3.157156809986136,-.1563386752486102E-01
511,4,256,-3.141522942461476,6.283045884922952,-2.123914284334583,-1.017608658126894
511,5,10,-1.106305626207732,2.212611252415464,-.5531528131038745,-.5531528131038579
512,1,784,.000000000000000,.000000000000000,-1.663741219685583,1.663741219685583
512,2,256,-3.327482439370254,6.654964878740508,-3.250145551943243,-.7733688742700903E-01
512,3,256,-3.172808664514939,6.345617329029878,-3.157153384207610,-.1565528030732748E-01
512,4,256,-3.141498103899797,6.282996207799593,-2.123911395790406,-1.017586708109392
512,5,10,-1.106324687680895,2.212649375361789,-.5531623438404539,-.5531623438404406
513,1,784,.000000000000000,.000000000000000,-1.663741219685580,1.663741219685580
513,2,256,-3.327482439370356,6.654964878740713,-3.250152633418834,-.7732980595152643E-01
513,3,256,-3.172822827466330,6.345645654932660,-3.157193891512326,-.1562893595400392E-01
513,4,256,-3.141564955557955,6.283129911115910,-2.123934799607168,-1.017630155950787
513,5,10,-1.106304643656149,2.212609287312298,-.5531523218280916,-.5531523218280577
514,1,784,.000000000000000,.000000000000000,-1.663741219685583,1.663741219685583
514,2,256,-3.327482439370243,6.654964878740485,-3.250146945598160,-.7733549377208412E-01
514,3,256,-3.172811451825182,6.345622903650365,-3.157183349893317,-.1562810193186435E-01
514,4,256,-3.141555247961340,6.283110495922680,-2.123902758448364,-1.017652489512973
514,5,10,-1.106250268935220,2.212500537870439,-.5531251344676270,-.5531251344675926
515,1,784,.000000000000000,.000000000000000,-1.663741219685585,1.663741219685585
515,2,256,-3.327482439370288,6.654964878740575,-3.250145070784096,-.7733736858619196E-01
515,3,256,-3.172807702197110,6.345615404394219,-3.157173022542544,-.1563467965456337E-01
515,4,256,-3.141538342887996,6.283076685775992,-2.123934703865813,-1.017603639022181
515,5,10,-1.106331064843524,2.212662129687048,-.5531655324217837,-.5531655324217404
516,1,784,.000000000000000,.000000000000000,-1.663741219685583,1.663741219685583
516,2,256,-3.327482439370404,6.654964878740809,-3.250156621310167,-.7732581806024048E-01
516,3,256,-3.172830803249131,6.345661606498263,-3.157164504217076,-.1566629903205359E-01
516,4,256,-3.141498205184995,6.282996410369989,-2.123886289409075,-1.017611915775918
516,5,10,-1.106274373633165,2.212548747266329,-.5531371868165826,-.5531371868165821
517,1,784,.000000000000000,.000000000000000,-1.663741219685583,1.663741219685583
517,2,256,-3.327482439370375,6.654964878740749,-3.250157869184871,-.7732457018550369E-01
517,3,256,-3.172833298998550,6.345666597997100,-3.157180152191540,-.1565314680700896E-01
517,4,256,-3.141527005384740,6.283054010769480,-2.123888568001855,-1.017638437382886
517,5,10,-1.106250130619231,2.212500261238461,-.5531250653096043,-.5531250653096265
518,1,784,.000000000000000,.000000000000000,-1.663741219685583,1.663741219685583
518,2,256,-3.327482439370284,6.654964878740569,-3.250163965951915,-.7731847341836660E-01
518,3,256,-3.172845492532849,6.345690985065699,-3.157176351665570,-.1566914086727985E-01
518,4,256,-3.141507210798451,6.283014421596902,-2.123894635420538,-1.017612575377913
518,5,10,-1.106282060042599,2.212564120085198,-.5531410300213041,-.5531410300212947
519,1,784,.000000000000000,.000000000000000,-1.663741219685581,1.663741219685581
519,2,256,-3.327482439370302,6.654964878740604,-3.250147148195611,-.7733529117469214E-01
519,3,256,-3.172811857020162,6.345623714040324,-3.157172970321058,-.1563888669910384E-01
519,4,256,-3.141534083621828,6.283068167243655,-2.123933703917850,-1.017600379703980
519,5,10,-1.106333324213635,2.212666648427271,-.5531666621068192,-.5531666621068159
520,1,784,.000000000000000,.000000000000000,-1.663741219685583,1.663741219685583
520,2,256,-3.327482439370351,6.654964878740702,-3.250154570441687,-.7732786892866376E-01
520,3,256,-3.172826701512010,6.345653403024019,-3.157156884576617,-.1566981693539142E-01
520,4,256,-3.141487067640965,6.282974135281931,-2.123898375779862,-1.017588691861103
520,5,10,-1.106309683918693,2.212619367837386,-.5531548419593493,-.5531548419593437
521,1,784,.000000000000000,.000000000000000,-1.663741219685584,1.663741219685584
521,2,256,-3.327482439370290,6.654964878740580,-3.250139420540374,-.7734301882991541E-01
521,3,256,-3.172796401709806,6.345592803419613,-3.157138137995665,-.1565826371414156E-01
521,4,256,-3.141479874281794,6.282959748563589,-2.123884779497407,-1.017595094784388
521,5,10,-1.106289684713062,2.212579369426125,-.5531448423565332,-.5531448423565293
522,1,784,.000000000000000,.000000000000000,-1.663741219685583,1.663741219685583
522,2,256,-3.327482439370330,6.654964878740659,-3.250153695294348,-.7732874407598211E-01
522,3,256,-3.172824951217390,6.345649902434780,-3.157184231060067,-.1564072015732449E-01
522,4,256,-3.141543510902723,6.283087021805446,-2.123918515469267,-1.017624995433457
522,5,10,-1.106293520035949,2.212587040071898,-.5531467600179644,-.5531467600179849
523,1,784,.000000000000000,.000000000000000,-1.663741219685584,1.663741219685584
523,2,256,-3.327482439370478,6.654964878740955,-3.250157472340449,-.7732496703002727E-01
523,3,256,-3.172832505309670,6.345665010619340,-3.157154855874638,-.1567764943503311E-01
523,4,256,-3.141477206439284,6.282954412878568,-2.123885569723367,-1.017591636715919
523,5,10,-1.106293933007201,2.212587866014402,-.5531469665035971,-.5531469665036037
524,1,784,.000000000000000,.000000000000000,-1.663741219685584,1.663741219685584
524,2,256,-3.327482439370403,6.654964878740807,-3.250153845182192,-.7732859418821038E-01
524,3,256,-3.172825250993302,6.345650501986603,-3.157164935184297,-.1566031580899966E-01
524,4,256,-3.141504619375477,6.283009238750954,-2.123893767176808,-1.017610852198673
524,5,10,-1.106282914978240,2.212565829956480,-.5531414574891180,-.5531414574891219
525,1,784,.000000000000000,.000000000000000,-1.663741219685584,1.663741219685584
525,2,256,-3.327482439370280,6.654964878740561,-3.250137138690048,-.7734530068023200E-01
525,3,256,-3.172791838008966,6.345583676017933,-3.157151700282010,-.1564013772695515E-01
525,4,256,-3.141511562554842,6.283023125109684,-2.123885086982244,-1.017626475572599
525,5,10,-1.106258611409394,2.212517222818788,-.5531293057046999,-.5531293057046943
526,1,784,.000000000000000,.000000000000000,-1.663741219685582,1.663741219685582
526,2,256,-3.327482439370318,6.654964878740636,-3.250153614991118,-.7732882437919958E-01
526,3,256,-3.172824790610817,6.345649581221634,-3.157180020161733,-.1564477044908288E-01
526,4,256,-3.141535249712470,6.283070499424939,-2.123936618366101,-1.017598631346368
526,5,10,-1.106337987019807,2.212675974039613,-.5531689935099033,-.5531689935099033
527,1,784,.000000000000000,.000000000000000,-1.663741219685581,1.663741219685581
527,2,256,-3.327482439370366,6.654964878740731,-3.250151336522980,-.7733110284738544E-01
527,3,256,-3.172820233674702,6.345640467349405,-3.157182357835726,-.1563787583897481E-01
527,4,256,-3.141544481996527,6.283088963993054,-2.123907080771820,-1.017637401224708
527,5,10,-1.106269679546989,2.212539359093979,-.5531348397734916,-.5531348397734978
528,1,784,.000000000000000,.000000000000000,-1.663741219685582,1.663741219685582
528,2,256,-3.327482439370303,6.654964878740605,-3.250148218633468,-.7733422073683900E-01
528,3,256,-3.172813997895624,6.345627995791248,-3.157165605250475,-.1564839264515205E-01
528,4,256,-3.141517212605170,6.283034425210340,-2.123894269496166,-1.017622943109002
528,5,10,-1.106271326387158,2.212542652774315,-.5531356631935774,-.5531356631935802
529,1,784,.000000000000000,.000000000000000,-1.663741219685580,1.663741219685580
529,2,256,-3.327482439370415,6.654964878740831,-3.250149601092093,-.7733283827832295E-01
529,3,256,-3.172816762812931,6.345633525625861,-3.157159743139414,-.1565701967352020E-01
529,4,256,-3.141502723465783,6.283005446931567,-2.123889399775367,-1.017613323690415
529,5,10,-1.106276076084898,2.212552152169796,-.5531380380424660,-.5531380380424320
530,1,784,.000000000000000,.000000000000000,-1.663741219685583,1.663741219685583
530,2,256,-3.327482439370299,6.654964878740597,-3.250135465524238,-.7734697384606000E-01
530,3,256,-3.172788491677555,6.345576983355111,-3.157152814432593,-.1563567724496119E-01
530,4,256,-3.141517137187857,6.283034274375714,-2.123900122490014,-1.017617014697847
530,5,10,-1.106283107792125,2.212566215584250,-.5531415538960768,-.5531415538960485
531,1,784,.000000000000000,.000000000000000,-1.663741219685584,1.663741219685584
531,2,256,-3.327482439370300,6.654964878740600,-3.250155494018007,-.7732694535229089E-01
531,3,256,-3.172828548664674,6.345657097329347,-3.157174513109735,-.1565403555493882E-01
531,4,256,-3.141520477554330,6.283040955108659,-2.123918368044258,-1.017602109510072
531,5,10,-1.106316258533879,2.212632517067757,-.5531581292669517,-.5531581292669268
532,1,784,.000000000000000,.000000000000000,-1.663741219685582,1.663741219685582
532,2,256,-3.327482439370347,6.654964878740695,-3.250140408739476,-.7734203063087211E-01
532,3,256,-3.172798378107698,6.345596756215396,-3.157143361961702,-.1565501614599579E-01
532,4,256,-3.141488345815894,6.282976691631789,-2.123893255949815,-1.017595089866078
532,5,10,-1.106298166083991,2.212596332167982,-.5531490830420065,-.5531490830419843
533,1,784,.000000000000000,.000000000000000,-1.663741219685583,1.663741219685583
533,2,256,-3.327482439370510,6.654964878741021,-3.250148096612590,-.7733434275792171E-01
533,3,256,-3.172813753854029,6.345627507708057,-3.157159056944024,-.1565469691000562E-01
533,4,256,-3.141504360033717,6.283008720067435,-2.123921609099656,-1.017582750934059
533,5,10,-1.106338858165283,2.212677716330565,-.5531694290826424,-.5531694290826402
534,1,784,.000000000000000,.000000000000000,-1.663741219685582,1.663741219685582
534,2,256,-3.327482439370300,6.654964878740601,-3.250144577555373,-.7733786181492451E-01
534,3,256,-3.172806715739934,6.345613431479867,-3.157173382753308,-.1563333298662386E-01
534,4,256,-3.141540049767285,6.283080099534571,-2.123900479121456,-1.017639570645830
534,5,10,-1.106260908475922,2.212521816951844,-.5531304542379402,-.5531304542379818
535,1,784,.000000000000000,.000000000000000,-1.663741219685581,1.663741219685581
535,2,256,-3.327482439370220,6.654964878740440,-3.250143998954723,-.7733844041549721E-01
535,3,256,-3.172805558538200,6.345611117076399,-3.157149982892026,-.1565557564617314E-01
535,4,256,-3.141494407245663,6.282988814491326,-2.123915698721859,-1.017578708523803
535,5,10,-1.106336990197899,2.212673980395799,-.5531684950989788,-.5531684950989205
536,1,784,.000000000000000,.000000000000000,-1.663741219685582,1.663741219685582
536,2,256,-3.327482439370364,6.654964878740728,-3.250147921726174,-.7733451764419104E-01
536,3,256,-3.172813404081674,6.345626808163347,-3.157169773792261,-.1564363028941323E-01
536,4,256,-3.141526143503376,6.283052287006751,-2.123923718196899,-1.017602425306479
536,5,10,-1.106321292890472,2.212642585780944,-.5531606464452283,-.5531606464452433
537,1,784,.000000000000000,.000000000000000,-1.663741219685584,1.663741219685584
537,2,256,-3.327482439370311,6.654964878740622,-3.250153429721905,-.7732900964840660E-01
537,3,256,-3.172824420072502,6.345648840145005,-3.157169124151276,-.1565529592122794E-01
537,4,256,-3.141513828229947,6.283027656459894,-2.123881025889010,-1.017632802340936
537,5,10,-1.106248223548132,2.212496447096264,-.5531241117740555,-.5531241117740766
538,1,784,.000000000000000,.000000000000000,-1.663741219685584,1.663741219685584
538,2,256,-3.327482439370413,6.654964878740826,-3.250143441134961,-.7733899823545348E-01
538,3,256,-3.172804442898943,6.345608885797886,-3.157186536342138,-.1561790655680612E-01
538,4,256,-3.141568629785262,6.283137259570524,-2.123937400746421,-1.017631229038840
538,5,10,-1.106306171707302,2.212612343414604,-.5531530858536630,-.5531530858536391
539,1,784,.000000000000000,.000000000000000,-1.663741219685580,1.663741219685580
539,2,256,-3.327482439370362,6.654964878740723,-3.250144092896726,-.7733834647363698E-01
539,3,256,-3.172805746422245,6.345611492844490,-3.157172397694364,-.1563334872788583E-01
539,4,256,-3.141539048966790,6.283078097933580,-2.123916699537125,-1.017622349429661
539,5,10,-1.106294350107818,2.212588700215636,-.5531471750539093,-.5531471750539088
540,1,784,.000000000000000,.000000000000000,-1.663741219685584,1.663741219685584
540,2,256,-3.327482439370364,6.654964878740729,-3.250153687565001,-.7732875180535946E-01
540,3,256,-3.172824935758856,6.345649871517711,-3.157183557526366,-.1564137823248939E-01
540,4,256,-3.141542179293788,6.283084358587575,-2.123921319877539,-1.017620859416249
540,5,10,-1.106300460461169,2.212600920922337,-.5531502302305934,-.5531502302305751
541,1,784,.000000000000000,.000000000000000,-1.663741219685582,1.663741219685582
541,2,256,-3.327482439370206,6.654964878740413,-3.250150480741792,-.7733195862841366E-01
541,3,256,-3.172818522112510,6.345637044225021,-3.157170626954559,-.1564789515795088E-01
541,4,256,-3.141522731796565,6.283045463593130,-2.123927572629021,-1.017595159167547
541,5,10,-1.106332413461316,2.212664826922631,-.5531662067306701,-.5531662067306456
542,1,784,.000000000000000,.000000000000000,-1.663741219685582,1.663741219685582
542,2,256,-3.327482439370301,6.654964878740602,-3.250136264413693,-.7734617495660551E-01
542,3,256,-3.172790089456260,6.345580178912520,-3.157155162508560,-.1563492694769883E-01
542,4,256,-3.141520235561071,6.283040471122141,-2.123889174637835,-1.017631060923239
542,5,10,-1.106258113714766,2.212516227429533,-.5531290568573834,-.5531290568573829
543,1,784,.000000000000000,.000000000000000,-1.663741219685583,1.663741219685583
543,2,256,-3.327482439370243,6.654964878740486,-3.250149050588441,-.7733338878180118E-01
543,3,256,-3.172815661805588,6.345631323611175,-3.157158590345605,-.1565707145998179E-01
543,4,256,-3.141501518885477,6.283003037770953,-2.123888069025395,-1.017613449860081
543,5,10,-1.106274619165263,2.212549238330527,-.5531373095826507,-.5531373095826124
544,1,784,.000000000000000,.000000000000000,-1.663741219685584,1.663741219685584
544,2,256,-3.327482439370316,6.654964878740631,-3.250147245545040,-.7733519382527580E-01
544,3,256,-3.172812051718564,6.345624103437128,-3.157152886079868,-.1565916563869448E-01
544,4,256,-3.141493720440804,6.282987440881608,-2.123902238203852,-1.017591482236953
544,5,10,-1.106310755966887,2.212621511933775,-.5531553779834431,-.5531553779834442
545,1,784,.000000000000000,.000000000000000,-1.663741219685584,1.663741219685584
545,2,256,-3.327482439370460,6.654964878740921,-3.250161694605227,-.7732074476523540E-01
545,3,256,-3.172840949839495,6.345681899678990,-3.157173104808415,-.1566784503108420E-01
545,4,256,-3.141505259777618,6.283010519555236,-2.123912201522788,-1.017593058254825
545,5,10,-1.106319143268053,2.212638286536107,-.5531595716340236,-.5531595716340297
546,1,784,.000000000000000,.000000000000000,-1.663741219685584,1.663741219685584
546,2,256,-3.327482439370302,6.654964878740603,-3.250150120914275,-.7733231845602793E-01
546,3,256,-3.172817802457361,6.345635604914722,-3.157189227342436,-.1562857511492444E-01
546,4,256,-3.141560652227470,6.283121304454940,-2.123914184764306,-1.017646467463164
546,5,10,-1.106267717301099,2.212535434602197,-.5531338586505599,-.5531338586505388
547,1,784,.000000000000000,.000000000000000,-1.663741219685582,1.663741219685582
547,2,256,-3.327482439370435,6.654964878740870,-3.250144820482404,-.7733761888803049E-01
547,3,256,-3.172807201593669,6.345614403187338,-3.157153005569855,-.1565419602381564E-01
547,4,256,-3.141498809545673,6.282997619091346,-2.123905543707047,-1.017593265838625
547,5,10,-1.106312277868061,2.212624555736122,-.5531561389340188,-.5531561389340421
548,1,784,.000000000000000,.000000000000000,-1.663741219685584,1.663741219685584
548,2,256,-3.327482439370209,6.654964878740419,-3.250146635165434,-.7733580420477469E-01
548,3,256,-3.172810830959758,6.345621661919515,-3.157178368252857,-.1563246270690089E-01
548,4,256,-3.141545905545893,6.283091811091786,-2.123903266464733,-1.017642639081161
548,5,10,-1.106260627383446,2.212521254766892,-.5531303136917284,-.5531303136917178
549,1,784,.000000000000000,.000000000000000,-1.663741219685585,1.663741219685585
549,2,256,-3.327482439370414,6.654964878740827,-3.250140330691579,-.7734210867883796E-01
549,3,256,-3.172798222012259,6.345596444024517,-3.157173992323016,-.1562422968924238E-01
549,4,256,-3.141549762634076,6.283099525268153,-2.123963337750757,-1.017586424883320
549,5,10,-1.106376912867496,2.212753825734993,-.5531884564337343,-.5531884564337620
550,1,784,.000000000000000,.000000000000000,-1.663741219685585,1.663741219685585
550,2,256,-3.327482439370365,6.654964878740730,-3.250154611914267,-.7732782745609568E-01
550,3,256,-3.172826784457123,6.345653568914246,-3.157167661288297,-.1565912316882631E-01
550,4,256,-3.141508538119568,6.283017076239137,-2.123935096280713,-1.017573441838856
550,5,10,-1.106361654442179,2.212723308884358,-.5531808272211030,-.5531808272210756
551,1,784,.000000000000000,.000000000000000,-1.663741219685583,1.663741219685583
551,2,256,-3.327482439370374,6.654964878740748,-3.250156204438850,-.7732623493152024E-01
551,3,256,-3.172829969506284,6.345659939012568,-3.157178155964600,-.1565181354168156E-01
551,4,256,-3.141526342422694,6.283052684845389,-2.123905343668771,-1.017620998753922
551,5,10,-1.106284344914893,2.212568689829786,-.5531421724574411,-.5531421724574517
552,1,784,.000000000000000,.000000000000000,-1.663741219685583,1.663741219685583
552,2,256,-3.327482439370345,6.654964878740691,-3.250155459411183,-.7732697995916145E-01
552,3,256,-3.172828479451240,6.345656958902480,-3.157196265264053,-.1563221418718752E-01
552,4,256,-3.141564051076801,6.283128102153602,-2.123944685986685,-1.017619365090116
552,5,10,-1.106325320896497,2.212650641792994,-.5531626604482351,-.5531626604482618
553,1,784,.000000000000000,.000000000000000,-1.663741219685584,1.663741219685584
553,2,256,-3.327482439370351,6.654964878740703,-3.250153829099705,-.7732861027064834E-01
553,3,256,-3.172825218828096,6.345650437656191,-3.157174961897499,-.1565025693059608E-01
553,4,256,-3.141524704966751,6.283049409933501,-2.123953658240794,-1.017571046725958
553,5,10,-1.106382611514813,2.212765223029625,-.5531913057574140,-.5531913057573985
554,1,784,.000000000000000,.000000000000000,-1.663741219685583,1.663741219685583
554,2,256,-3.327482439370364,6.654964878740729,-3.250146711826016,-.7733572754434978E-01
554,3,256,-3.172810984280819,6.345621968561638,-3.157145512519532,-.1566547176128808E-01
554,4,256,-3.141480040758164,6.282960081516329,-2.123867848327217,-1.017612192430946
554,5,10,-1.106255655896240,2.212511311792480,-.5531278279481149,-.5531278279481249
555,1,784,.000000000000000,.000000000000000,-1.663741219685582,1.663741219685582
555,2,256,-3.327482439370374,6.654964878740748,-3.250134943900097,-.7734749547027672E-01
555,3,256,-3.172787448429052,6.345574896858103,-3.157154920207867,-.1563252822118499E-01
555,4,256,-3.141522391986928,6.283044783973856,-2.123914694811682,-1.017607697175244
555,5,10,-1.106306997636665,2.212613995273331,-.5531534988183332,-.5531534988183321
556,1,784,.000000000000000,.000000000000000,-1.663741219685585,1.663741219685585
556,2,256,-3.327482439370259,6.654964878740518,-3.250150709200867,-.7733173016939644E-01
556,3,256,-3.172818979030696,6.345637958061393,-3.157165931480900,-.1565304754979552E-01
556,4,256,-3.141512883931383,6.283025767862767,-2.123888008109936,-1.017624875821448
556,5,10,-1.106263132288619,2.212526264577237,-.5531315661443180,-.5531315661443008
557,1,784,.000000000000000,.000000000000000,-1.663741219685584,1.663741219685584
557,2,256,-3.327482439370397,6.654964878740794,-3.250155284541999,-.7732715482839785E-01
557,3,256,-3.172828129713114,6.345656259426228,-3.157169265500399,-.1565886421271355E-01
557,4,256,-3.141510401288007,6.283020802576014,-2.123915896623152,-1.017594504664858
557,5,10,-1.106321391958335,2.212642783916669,-.5531606959791673,-.5531606959791673
558,1,784,.000000000000000,.000000000000000,-1.663741219685581,1.663741219685581
558,2,256,-3.327482439370410,6.654964878740820,-3.250150163236372,-.7733227613403973E-01
558,3,256,-3.172817887101945,6.345635774203889,-3.157178786340226,-.1563910076172130E-01
558,4,256,-3.141539685578741,6.283079371157482,-2.123932883329080,-1.017606802249662
558,5,10,-1.106326081079263,2.212652162158526,-.5531630405396444,-.5531630405396188
559,1,784,.000000000000000,.000000000000000,-1.663741219685582,1.663741219685582
559,2,256,-3.327482439370266,6.654964878740532,-3.250153893762359,-.7732854560791080E-01
559,3,256,-3.172825348153750,6.345650696307500,-3.157182402873449,-.1564294528030089E-01
559,4,256,-3.141539457593495,6.283078915186989,-2.123926833852607,-1.017612623740886
559,5,10,-1.106314210111877,2.212628420223754,-.5531571050559353,-.5531571050559420
560,1,784,.000000000000000,.000000000000000,-1.663741219685585,1.663741219685585
560,2,256,-3.327482439370367,6.654964878740733,-3.250154925769301,-.7732751360106589E-01
560,3,256,-3.172827412167527,6.345654824335053,-3.157148320529296,-.1567909163823102E-01
560,4,256,-3.141469228890854,6.282938457781707,-2.123867950177215,-1.017601278713635
560,5,10,-1.106266671463265,2.212533342926530,-.5531333357316398,-.5531333357316254
561,1,784,.000000000000000,.000000000000000,-1.663741219685583,1.663741219685583
561,2,256,-3.327482439370370,6.654964878740740,-3.250146864636936,-.7733557473343425E-01
561,3,256,-3.172811289902876,6.345622579805752,-3.157171870736593,-.1563941916628417E-01
561,4,256,-3.141532451570640,6.283064903141280,-2.123907304100765,-1.017625147469873
561,5,10,-1.106282156631071,2.212564313262141,-.5531410783155266,-.5531410783155438
562,1,784,.000000000000000,.000000000000000,-1.663741219685584,1.663741219685584
562,2,256,-3.327482439370239,6.654964878740478,-3.250141503252204,-.7734093611803630E-01
562,3,256,-3.172800567133446,6.345601134266891,-3.157174249906716,-.1562631722672855E-01
562,4,256,-3.141547932680167,6.283095865360333,-2.123935789309942,-1.017612143370223
562,5,10,-1.106323645939706,2.212647291879412,-.5531618229698486,-.5531618229698575
563,1,784,.000000000000000,.000000000000000,-1.663741219685582,1.663741219685582
563,2,256,-3.327482439370254,6.654964878740508,-3.250151233682299,-.7733120568795239E-01
563,3,256,-3.172820027993286,6.345640055986571,-3.157175841042671,-.1564418695061636E-01
563,4,256,-3.141531654091883,6.283063308183765,-2.123918296488882,-1.017613357603000
563,5,10,-1.106304938885860,2.212609877771720,-.5531524694429274,-.5531524694429324
564,1,784,.000000000000000,.000000000000000,-1.663741219685584,1.663741219685584
564,2,256,-3.327482439370358,6.654964878740715,-3.250155060176331,-.7732737919402617E-01
564,3,256,-3.172827680981472,6.345655361962944,-3.157185307414008,-.1564237356746423E-01
564,4,256,-3.141542933846599,6.283085867693199,-2.123905092113364,-1.017637841733241
564,5,10,-1.106267250380278,2.212534500760555,-.5531336251901033,-.5531336251901744
565,1,784,.000000000000000,.000000000000000,-1.663741219685583,1.663741219685583
565,2,256,-3.327482439370437,6.654964878740874,-3.250147915992748,-.7733452337769020E-01
565,3,256,-3.172813392614096,6.345626785228193,-3.157198272979767,-.1561511963433187E-01
565,4,256,-3.141583153345109,6.283166306690218,-2.123935244928326,-1.017647908416783
565,5,10,-1.106287336511448,2.212574673022896,-.5531436682557237,-.5531436682557243
566,1,784,.000000000000000,.000000000000000,-1.663741219685582,1.663741219685582
566,2,256,-3.327482439370225,6.654964878740451,-3.250147188581394,-.7733525078883148E-01
566,3,256,-3.172811937791384,6.345623875582769,-3.157163523597818,-.1564841419356542E-01
566,4,256,-3.141515109403825,6.283030218807649,-2.123906296676842,-1.017608812726980
566,5,10,-1.106297483949664,2.212594967899328,-.5531487419748368,-.5531487419748273
567,1,784,.000000000000000,.000000000000000,-1.663741219685583,1.663741219685583
567,2,256,-3.327482439370347,6.654964878740694,-3.250139538747461,-.7734290062288474E-01
567,3,256,-3.172796638123761,6.345593276247523,-3.157188669071211,-.1560796905255148E-01
567,4,256,-3.141580700018693,6.283161400037385,-2.123918274255627,-1.017662425763064
567,5,10,-1.106255848492581,2.212511696985163,-.5531279242462973,-.5531279242462840
568,1,784,.000000000000000,.000000000000000,-1.663741219685583,1.663741219685583
568,2,256,-3.327482439370396,6.654964878740793,-3.250155930590667,-.7732650877972989E-01
568,3,256,-3.172829421810064,6.345658843620129,-3.157164624903226,-.1566479690684350E-01
568,4,256,-3.141499827996371,6.282999655992742,-2.123916988294297,-1.017582839702072
568,5,10,-1.106334148592302,2.212668297184604,-.5531670742961585,-.5531670742961435
569,1,784,.000000000000000,.000000000000000,-1.663741219685582,1.663741219685582
569,2,256,-3.327482439370312,6.654964878740625,-3.250151705896379,-.7733073347392973E-01
569,3,256,-3.172820972421581,6.345641944843162,-3.157171285411084,-.1564968701049635E-01
569,4,256,-3.141521598400276,6.283043196800551,-2.123934212366179,-1.017587386034096
569,5,10,-1.106346826331779,2.212693652663558,-.5531734131658933,-.5531734131658855
570,1,784,.000000000000000,.000000000000000,-1.663741219685585,1.663741219685585
570,2,256,-3.327482439370395,6.654964878740791,-3.250153198943641,-.7732924042675518E-01
570,3,256,-3.172823958516048,6.345647917032095,-3.157173262008956,-.1565069650709266E-01
570,4,256,-3.141522565502012,6.283045131004023,-2.123897662766770,-1.017624902735244
570,5,10,-1.106272760031723,2.212545520063446,-.5531363800158741,-.5531363800158491
571,1,784,.000000000000000,.000000000000000,-1.663741219685580,1.663741219685580
571,2,256,-3.327482439370318,6.654964878740635,-3.250139964288706,-.7734247508161100E-01
571,3,256,-3.172797489206260,6.345594978412520,-3.157166641913546,-.1563084729271302E-01
571,4,256,-3.141535794620951,6.283071589241902,-2.123930722574233,-1.017605072046718
571,5,10,-1.106325650527594,2.212651301055189,-.5531628252638113,-.5531628252637830
572,1,784,.000000000000000,.000000000000000,-1.663741219685580,1.663741219685580
572,2,256,-3.327482439370304,6.654964878740608,-3.250144394514177,-.7733804485612852E-01
572,3,256,-3.172806349657204,6.345612699314408,-3.157172317754219,-.1563403190298378E-01
572,4,256,-3.141538285850904,6.283076571701808,-2.123934797307195,-1.017603488543706
572,5,10,-1.106331308763163,2.212662617526326,-.5531656543815692,-.5531656543815942
573,1,784,.000000000000000,.000000000000000,-1.663741219685585,1.663741219685585
573,2,256,-3.327482439370291,6.654964878740581,-3.250149903656285,-.7733253571400676E-01
573,3,256,-3.172817367941540,6.345634735883079,-3.157173387316422,-.1564398062511541E-01
573,4,256,-3.141529406691617,6.283058813383234,-2.123921073013907,-1.017608333677709
573,5,10,-1.106312739336368,2.212625478672736,-.5531563696681882,-.5531563696681798
574,1,784,.000000000000000,.000000000000000,-1.663741219685587,1.663741219685587
574,2,256,-3.327482439370277,6.654964878740555,-3.250146849312502,-.7733559005777871E-01
574,3,256,-3.172811259253949,6.345622518507898,-3.157182313101188,-.1562894615275884E-01
574,4,256,-3.141553366948559,6.283106733897117,-2.123909418335429,-1.017643948613132
574,5,10,-1.106265469722342,2.212530939444683,-.5531327348611587,-.5531327348611831
575,1,784,.000000000000000,.000000000000000,-1.663741219685583,1.663741219685583
575,2,256,-3.327482439370391,6.654964878740783,-3.250139060026358,-.7734337934403504E-01
575,3,256,-3.172795680681564,6.345591361363128,-3.157175438435329,-.1562024224623326E-01
575,4,256,-3.141555196189235,6.283110392378469,-2.123917317086509,-1.017637879102727
575,5,10,-1.106279437983920,2.212558875967841,-.5531397189919550,-.5531397189919656
576,1,784,.000000000000000,.000000000000000,-1.663741219685582,1.663741219685582
576,2,256,-3.327482439370464,6.654964878740929,-3.250153267869659,-.7732917150080257E-01
576,3,256,-3.172824096368216,6.345648192736433,-3.157171595656597,-.1565250071162043E-01
576,4,256,-3.141519094945193,6.283038189890386,-2.123911575114083,-1.017607519831108
576,5,10,-1.106304055283073,2.212608110566145,-.5531520276415667,-.5531520276415062
577,1,784,.000000000000000,.000000000000000,-1.663741219685583,1.663741219685583
577,2,256,-3.327482439370305,6.654964878740611,-3.250148591746277,-.7733384762402805E-01
577,3,256,-3.172814744121301,6.345629488242602,-3.157176654308111,-.1563808981319200E-01
577,4,256,-3.141538564494788,6.283077128989577,-2.123936382324938,-1.017602182169849
577,5,10,-1.106334200155045,2.212668400310090,-.5531671000775280,-.5531671000775173
578,1,784,.000000000000000,.000000000000000,-1.663741219685583,1.663741219685583
578,2,256,-3.327482439370292,6.654964878740584,-3.250157238785775,-.7732520058451375E-01
578,3,256,-3.172832038200607,6.345664076401214,-3.157191076688249,-.1564096151236055E-01
578,4,256,-3.141550115176095,6.283100230352189,-2.123925333276071,-1.017624781900022
578,5,10,-1.106300551376040,2.212601102752081,-.5531502756880186,-.5531502756880219
579,1,784,.000000000000000,.000000000000000,-1.663741219685583,1.663741219685583
579,2,256,-3.327482439370411,6.654964878740821,-3.250149091798588,-.7733334757182245E-01
579,3,256,-3.172815744225956,6.345631488451912,-3.157198830751339,-.1561691347461877E-01
579,4,256,-3.141581917276471,6.283163834552941,-2.123947291384186,-1.017634625892286
579,5,10,-1.106312665491694,2.212625330983388,-.5531563327458549,-.5531563327458393
580,1,784,.000000000000000,.000000000000000,-1.663741219685581,1.663741219685581
580,2,256,-3.327482439370369,6.654964878740738,-3.250146995028484,-.7733544434188327E-01
580,3,256,-3.172811550686183,6.345623101372366,-3.157160697398385,-.1565085328779484E-01
580,4,256,-3.141509844110781,6.283019688221562,-2.123906042054511,-1.017603802056270
580,5,10,-1.106302239998089,2.212604479996177,-.5531511199990282,-.5531511199990604
581,1,784,.000000000000000,.000000000000000,-1.663741219685582,1.663741219685582
581,2,256,-3.327482439370300,6.654964878740599,-3.250143824280523,-.7733861508977592E-01
581,3,256,-3.172805209189896,6.345610418379791,-3.157155532889808,-.1564967630008611E-01
581,4,256,-3.141505856589950,6.283011713179900,-2.123885960099807,-1.017619896490145
581,5,10,-1.106266063609894,2.212532127219789,-.5531330318049378,-.5531330318049567
582,1,784,.000000000000000,.000000000000000,-1.663741219685582,1.663741219685582
582,2,256,-3.327482439370209,6.654964878740419,-3.250156302576124,-.7732613679408362E-01
582,3,256,-3.172830165781376,6.345660331562753,-3.157192143977811,-.1563802180356379E-01
582,4,256,-3.141554122174772,6.283108244349545,-2.123945599372981,-1.017608522801791
582,5,10,-1.106337076571427,2.212674153142854,-.5531685382857113,-.5531685382857158
583,1,784,.000000000000000,.000000000000000,-1.663741219685582,1.663741219685582
583,2,256,-3.327482439370286,6.654964878740572,-3.250151046708070,-.7733139266221760E-01
583,3,256,-3.172819654045266,6.345639308090532,-3.157188878299896,-.1563077574537021E-01
583,4,256,-3.141558102554639,6.283116205109278,-2.123889264965905,-1.017668837588733
583,5,10,-1.106220427376990,2.212440854753980,-.5531102136884958,-.5531102136884947
584,1,784,.000000000000000,.000000000000000,-1.663741219685584,1.663741219685584
584,2,256,-3.327482439370305,6.654964878740611,-3.250135830949178,-.7734660842112710E-01
584,3,256,-3.172789222527338,6.345578445054676,-3.157137489102245,-.1565173342509348E-01
584,4,256,-3.141485755677092,6.282971511354184,-2.123916690877278,-1.017569064799813
584,5,10,-1.106347626077228,2.212695252154457,-.5531738130386298,-.5531738130385987
585,1,784,.000000000000000,.000000000000000,-1.663741219685583,1.663741219685583
585,2,256,-3.327482439370426,6.654964878740851,-3.250161879952189,-.7732055941823861E-01
585,3,256,-3.172841320533164,6.345682641066329,-3.157180731089559,-.1566058944360428E-01
585,4,256,-3.141520141646009,6.283040283292017,-2.123893905795588,-1.017626235850421
585,5,10,-1.106267669945284,2.212535339890569,-.5531338349726378,-.5531338349726467
586,1,784,.000000000000000,.000000000000000,-1.663741219685582,1.663741219685582
586,2,256,-3.327482439370352,6.654964878740705,-3.250158435414947,-.7732400395540520E-01
586,3,256,-3.172834431458914,6.345668862917828,-3.157174438899481,-.1565999255943009E-01
586,4,256,-3.141514446340198,6.283028892680396,-2.123895526357224,-1.017618919982972
586,5,10,-1.106276606374201,2.212553212748402,-.5531383031871091,-.5531383031870919
587,1,784,.000000000000000,.000000000000000,-1.663741219685585,1.663741219685585
587,2,256,-3.327482439370301,6.654964878740603,-3.250161380667421,-.7732105870287878E-01
587,3,256,-3.172840321963764,6.345680643927527,-3.157177014485628,-.1566330747813049E-01
587,4,256,-3.141513707007569,6.283027414015137,-2.123905911854433,-1.017607795153137
587,5,10,-1.106298116701314,2.212596233402627,-.5531490583506425,-.5531490583506709
588,1,784,.000000000000000,.000000000000000,-1.663741219685582,1.663741219685582
588,2,256,-3.327482439370429,6.654964878740858,-3.250161094884172,-.7732134448625387E-01
588,3,256,-3.172839750397307,6.345679500794613,-3.157184683160194,-.1565506723710950E-01
588,4,256,-3.141529615923267,6.283059231846535,-2.123913885467602,-1.017615730455663
588,5,10,-1.106298155012001,2.212596310024002,-.5531490775060000,-.5531490775060011
589,1,784,.000000000000000,.000000000000000,-1.663741219685584,1.663741219685584
589,2,256,-3.327482439370374,6.654964878740748,-3.250150748453553,-.7733169091682274E-01
589,3,256,-3.172819057536171,6.345638115072343,-3.157174044863715,-.1564501267245768E-01
589,4,256,-3.141529032191224,6.283058064382447,-2.123864402190677,-1.017664630000544
589,5,10,-1.106199772189898,2.212399544379796,-.5530998860949334,-.5530998860949645
590,1,784,.000000000000000,.000000000000000,-1.663741219685581,1.663741219685581
590,2,256,-3.327482439370410,6.654964878740820,-3.250149079757328,-.7733335961308294E-01
590,3,256,-3.172815720143592,6.345631440287185,-3.157186459644107,-.1562926049948337E-01
590,4,256,-3.141557199144998,6.283114398289997,-2.123922539995385,-1.017634659149613
590,5,10,-1.106287880846046,2.212575761692093,-.5531439404230226,-.5531439404230237
591,1,784,.000000000000000,.000000000000000,-1.663741219685584,1.663741219685584
591,2,256,-3.327482439370306,6.654964878740611,-3.250137601512458,-.7734483785785141E-01
591,3,256,-3.172792763653568,6.345585527307136,-3.157165080802709,-.1562768285085762E-01
591,4,256,-3.141537397951870,6.283074795903740,-2.123925787436848,-1.017611610515025
591,5,10,-1.106314176922022,2.212628353844044,-.5531570884610104,-.5531570884610121
592,1,784,.000000000000000,.000000000000000,-1.663741219685581,1.663741219685581
592,2,256,-3.327482439370477,6.654964878740953,-3.250151111242389,-.7733132812808774E-01
592,3,256,-3.172819783113464,6.345639566226929,-3.157181552611988,-.1563823050147503E-01
592,4,256,-3.141543322110386,6.283086644220773,-2.123908274523598,-1.017635047586787
592,5,10,-1.106273226936838,2.212546453873676,-.5531366134684159,-.5531366134684219
593,1,784,.000000000000000,.000000000000000,-1.663741219685583,1.663741219685583
593,2,256,-3.327482439370391,6.654964878740781,-3.250161486300280,-.7732095307011094E-01
593,3,256,-3.172840533229301,6.345681066458601,-3.157172832851705,-.1566770037759857E-01
593,4,256,-3.141505132474181,6.283010264948361,-2.123893772752392,-1.017611359721788
593,5,10,-1.106282413030808,2.212564826061615,-.5531412065153869,-.5531412065154208
594,1,784,.000000000000000,.000000000000000,-1.663741219685585,1.663741219685585
594,2,256,-3.327482439370361,6.654964878740723,-3.250148118480545,-.7733432088981461E-01
594,3,256,-3.172813797589747,6.345627595179494,-3.157193800696157,-.1561999689358955E-01
594,4,256,-3.141573803802296,6.283147607604591,-2.123942315235130,-1.017631488567167
594,5,10,-1.106310826667880,2.212621653335759,-.5531554133339337,-.5531554133339459
595,1,784,.000000000000000,.000000000000000,-1.663741219685586,1.663741219685586
595,2,256,-3.327482439370348,6.654964878740697,-3.250159436509791,-.7732300286055836E-01
595,3,256,-3.172836433648345,6.345672867296690,-3.157182390783314,-.1565404286502858E-01
595,4,256,-3.141528347918365,6.283056695836730,-2.123923736902444,-1.017604611015919
595,5,10,-1.106319125886700,2.212638251773400,-.5531595629433399,-.5531595629433604
596,1,784,.000000000000000,.000000000000000,-1.663741219685583,1.663741219685583
596,2,256,-3.327482439370314,6.654964878740628,-3.250149525465066,-.7733291390524727E-01
596,3,256,-3.172816611558915,6.345633223117830,-3.157187323258389,-.1562928830052603E-01
596,4,256,-3.141558034957514,6.283116069915027,-2.123932043582032,-1.017625991375482
596,5,10,-1.106306052206269,2.212612104412537,-.5531530261031277,-.5531530261031410
597,1,784,.000000000000000,.000000000000000,-1.663741219685585,1.663741219685585
597,2,256,-3.327482439370333,6.654964878740667,-3.250136394425506,-.7734604494482641E-01
597,3,256,-3.172790349479939,6.345580698959878,-3.157156785753400,-.1563356372654015E-01
597,4,256,-3.141523222026951,6.283046444053903,-2.123897794999212,-1.017625427027743
597,5,10,-1.106272367971475,2.212544735942950,-.5531361839857352,-.5531361839857396
598,1,784,.000000000000000,.000000000000000,-1.663741219685582,1.663741219685582
598,2,256,-3.327482439370453,6.654964878740906,-3.250141893242754,-.7734054612769851E-01
598,3,256,-3.172801347114395,6.345602694228790,-3.157180847648532,-.1562049946586363E-01
598,4,256,-3.141560348182759,6.283120696365518,-2.123938257473420,-1.017622090709336
598,5,10,-1.106316166764131,2.212632333528262,-.5531580833820606,-.5531580833820706
599,1,784,.000000000000000,.000000000000000,-1.663741219685584,1.663741219685584
599,2,256,-3.327482439370330,6.654964878740660,-3.250145351187850,-.7733708818248276E-01
599,3,256,-3.172808263004486,6.345616526008973,-3.157155191152844,-.1565307185163976E-01
599,4,256,-3.141502119301280,6.283004238602561,-2.123901812275989,-1.017600307025290
599,5,10,-1.106301505250810,2.212603010501620,-.5531507526254127,-.5531507526253971
600,1,784,.000000000000000,.000000000000000,-1.663741219685584,1.663741219685584
600,2,256,-3.327482439370333,6.654964878740666,-3.250135735030395,-.7734670433993879E-01
600,3,256,-3.172789030689438,6.345578061378875,-3.157179779759699,-.1560925092974014E-01
600,4,256,-3.141570528829980,6.283141057659960,-2.123951216750427,-1.017619312079552
600,5,10,-1.106331904671110,2.212663809342219,-.5531659523355448,-.5531659523355648
601,1,784,.000000000000000,.000000000000000,-1.663741219685584,1.663741219685584
601,2,256,-3.327482439370454,6.654964878740908,-3.250144297297755,-.7733814207269679E-01
601,3,256,-3.172806155224392,6.345612310448783,-3.157154483974486,-.1565167124990495E-01
601,4,256,-3.141502812724849,6.283005625449698,-2.123911533927531,-1.017591278797320
601,5,10,-1.106320255130451,2.212640510260901,-.5531601275652186,-.5531601275652319
602,1,784,.000000000000000,.000000000000000,-1.663741219685583,1.663741219685583
602,2,256,-3.327482439370347,6.654964878740694,-3.250152621719372,-.7732981765097591E-01
602,3,256,-3.172822804067900,6.345645608135801,-3.157172682537888,-.1565012153001476E-01
602,4,256,-3.141522561007970,6.283045122015939,-2.123912688705110,-1.017609872302863
602,5,10,-1.106302816402037,2.212605632804074,-.5531514082010156,-.5531514082010217
603,1,784,.000000000000000,.000000000000000,-1.663741219685583,1.663741219685583
603,2,256,-3.327482439370370,6.654964878740739,-3.250158723914228,-.7732371545614453E-01
603,3,256,-3.172835008457498,6.345670016914996,-3.157192461479261,-.1564254697823708E-01
603,4,256,-3.141549914501271,6.283099829002541,-2.123919158053445,-1.017630756447824
603,5,10,-1.106288401605669,2.212576803211337,-.5531442008028299,-.5531442008028388
604,1,784,.000000000000000,.000000000000000,-1.663741219685584,1.663741219685584
604,2,256,-3.327482439370354,6.654964878740708,-3.250150636953471,-.7733180241688271E-01
604,3,256,-3.172818834535863,6.345637669071725,-3.157163995240007,-.1565483929585588E-01
604,4,256,-3.141509155944324,6.283018311888648,-2.123905206779257,-1.017603949165065
604,5,10,-1.106301257614272,2.212602515228544,-.5531506288071401,-.5531506288071317
605,1,784,.000000000000000,.000000000000000,-1.663741219685584,1.663741219685584
605,2,256,-3.327482439370423,6.654964878740847,-3.250149761599531,-.7733267777089183E-01
605,3,256,-3.172817083827882,6.345634167655763,-3.157161180170576,-.1565590365730587E-01
605,4,256,-3.141505276513482,6.283010553026964,-2.123900136899877,-1.017605139613608
605,5,10,-1.106294997286500,2.212589994573000,-.5531474986432514,-.5531474986432486
606,1,784,.000000000000000,.000000000000000,-1.663741219685583,1.663741219685583
606,2,256,-3.327482439370343,6.654964878740685,-3.250152402486196,-.7733003688414807E-01
606,3,256,-3.172822365601086,6.345644731202173,-3.157168748180649,-.1565361742043928E-01
606,4,256,-3.141515130760295,6.283030261520589,-2.123890270263233,-1.017624860497063
606,5,10,-1.106265409766376,2.212530819532752,-.5531327048831981,-.5531327048831781
607,1,784,.000000000000000,.000000000000000,-1.663741219685583,1.663741219685583
607,2,256,-3.327482439370400,6.654964878740800,-3.250145209481924,-.7733722988847672E-01
607,3,256,-3.172807979592406,6.345615959184813,-3.157163714753330,-.1564426483907681E-01
607,4,256,-3.141519449913870,6.283038899827741,-2.123909184937560,-1.017610264976309
607,5,10,-1.106298919961172,2.212597839922345,-.5531494599805735,-.5531494599805991
608,1,784,.000000000000000,.000000000000000,-1.663741219685583,1.663741219685583
608,2,256,-3.327482439370258,6.654964878740516,-3.250159204589608,-.7732323478065305E-01
608,3,256,-3.172835969807772,6.345671939615545,-3.157173802215249,-.1566216759252528E-01
608,4,256,-3.141511634622588,6.283023269245176,-2.123901957635464,-1.017609676987123
608,5,10,-1.106292280648530,2.212584561297060,-.5531461403242401,-.5531461403242895
609,1,784,.000000000000000,.000000000000000,-1.663741219685583,1.663741219685583
609,2,256,-3.327482439370343,6.654964878740686,-3.250144538011035,-.7733790135930853E-01
609,3,256,-3.172806636650722,6.345613273301444,-3.157174472576865,-.1563216407385501E-01
609,4,256,-3.141542308502783,6.283084617005566,-2.123890589354700,-1.017651719148081
609,5,10,-1.106238870206641,2.212477740413283,-.5531194351032864,-.5531194351033553
610,1,784,.000000000000000,.000000000000000,-1.663741219685582,1.663741219685582
610,2,256,-3.327482439370332,6.654964878740664,-3.250145810292728,-.7733662907760301E-01
610,3,256,-3.172809181214049,6.345618362428098,-3.157171722990535,-.1563745822351295E-01
610,4,256,-3.141534264766582,6.283068529533165,-2.123896634210010,-1.017637630556573
610,5,10,-1.106259003653256,2.212518007306512,-.5531295018266199,-.5531295018266360
611,1,784,.000000000000000,.000000000000000,-1.663741219685585,1.663741219685585
611,2,256,-3.327482439370355,6.654964878740711,-3.250136328493221,-.7734611087713458E-01
611,3,256,-3.172790217615422,6.345580435230844,-3.157162461621744,-.1562775599367813E-01
611,4,256,-3.141534705628197,6.283069411256395,-2.123924787901792,-1.017609917726403
611,5,10,-1.106314870175404,2.212629740350808,-.5531574350876883,-.5531574350877155
612,1,784,.000000000000000,.000000000000000,-1.663741219685580,1.663741219685580
612,2,256,-3.327482439370357,6.654964878740715,-3.250156676389663,-.7732576298069510E-01
612,3,256,-3.172830913408039,6.345661826816078,-3.157172262799621,-.1565865060842053E-01
612,4,256,-3.141513612190973,6.283027224381946,-2.123907358110022,-1.017606254080950
612,5,10,-1.106301104028983,2.212602208057965,-.5531505520144828,-.5531505520145000
613,1,784,.000000000000000,.000000000000000,-1.663741219685584,1.663741219685584
613,2,256,-3.327482439370305,6.654964878740610,-3.250144763217765,-.7733767615254039E-01
613,3,256,-3.172807087064485,6.345614174128970,-3.157165216997361,-.1564187006712521E-01
613,4,256,-3.141523346930452,6.283046693860904,-2.123916151970414,-1.017607194960034
613,5,10,-1.106308957010488,2.212617914020977,-.5531544785052401,-.5531544785052485
614,1,784,.000000000000000,.000000000000000,-1.663741219685582,1.663741219685582
614,2,256,-3.327482439370433,6.654964878740866,-3.250133709908770,-.7734872946166345E-01
614,3,256,-3.172784980446416,6.345569960892831,-3.157158829852702,-.1562615059371254E-01
614,4,256,-3.141532679259252,6.283065358518504,-2.123901843571494,-1.017630835687757
614,5,10,-1.106271007883968,2.212542015767936,-.5531355039419776,-.5531355039419904
615,1,784,.000000000000000,.000000000000000,-1.663741219685582,1.663741219685582
615,2,256,-3.327482439370248,6.654964878740496,-3.250141619000877,-.7734082036936941E-01
615,3,256,-3.172800798630643,6.345601597261285,-3.157159391554131,-.1564140707650989E-01
615,4,256,-3.141517984477751,6.283035968955502,-2.123930365256505,-1.017587619221245
615,5,10,-1.106342746035374,2.212685492070749,-.5531713730176714,-.5531713730177030
616,1,784,.000000000000000,.000000000000000,-1.663741219685583,1.663741219685583
616,2,256,-3.327482439370371,6.654964878740742,-3.250144090060687,-.7733834930968417E-01
616,3,256,-3.172805740750384,6.345611481500769,-3.157169150367009,-.1563659038337598E-01
616,4,256,-3.141532559983851,6.283065119967701,-2.123910074391297,-1.017622485592553
616,5,10,-1.106287588798742,2.212575177597484,-.5531437943993933,-.5531437943993484
617,1,784,.000000000000000,.000000000000000,-1.663741219685583,1.663741219685583
617,2,256,-3.327482439370379,6.654964878740759,-3.250147604748138,-.7733483462223846E-01
617,3,256,-3.172812770124940,6.345625540249880,-3.157158584719264,-.1565418540567637E-01
617,4,256,-3.141504399313522,6.283008798627044,-2.123888226419620,-1.017616172893903
617,5,10,-1.106272053525829,2.212544107051659,-.5531360267629147,-.5531360267629147
618,1,784,.000000000000000,.000000000000000,-1.663741219685585,1.663741219685585
618,2,256,-3.327482439370346,6.654964878740692,-3.250137126128236,-.7734531324210733E-01
618,3,256,-3.172791812885371,6.345583625770742,-3.157153454053471,-.1563835883189895E-01
618,4,256,-3.141515095221878,6.283030190443755,-2.123909571981292,-1.017605523240586
618,5,10,-1.106304048741018,2.212608097482036,-.5531520243704754,-.5531520243705426
619,1,784,.000000000000000,.000000000000000,-1.663741219685581,1.663741219685581
619,2,256,-3.327482439370230,6.654964878740460,-3.250150692250587,-.7733174711964175E-01
619,3,256,-3.172818945129948,6.345637890259896,-3.157177203247718,-.1564174188222952E-01
619,4,256,-3.141535461365442,6.283070922730883,-2.123896544469567,-1.017638916895871
619,5,10,-1.106257627573715,2.212515255147431,-.5531288137868563,-.5531288137868591
620,1,784,.000000000000000,.000000000000000,-1.663741219685583,1.663741219685583
620,2,256,-3.327482439370336,6.654964878740673,-3.250142253071165,-.7734018629917105E-01
620,3,256,-3.172802066771175,6.345604133542349,-3.157140971720933,-.1566109505024017E-01
620,4,256,-3.141479876670786,6.282959753341571,-2.123898344364447,-1.017581532306341
620,5,10,-1.106316812058172,2.212633624116345,-.5531584060290959,-.5531584060290765
621,1,784,.000000000000000,.000000000000000,-1.663741219685584,1.663741219685584
621,2,256,-3.327482439370346,6.654964878740691,-3.250144747662519,-.7733769170782677E-01
621,3,256,-3.172807055953773,6.345614111907547,-3.157143639149688,-.1566341680408188E-01
621,4,256,-3.141480222345491,6.282960444690981,-2.123916761050082,-1.017563461295408
621,5,10,-1.106353299754691,2.212706599509382,-.5531766498773312,-.5531766498773600
622,1,784,.000000000000000,.000000000000000,-1.663741219685583,1.663741219685583
622,2,256,-3.327482439370224,6.654964878740449,-3.250144189244032,-.7733825012619132E-01
622,3,256,-3.172805939117160,6.345611878234320,-3.157164635577407,-.1564130353975317E-01
622,4,256,-3.141523332037819,6.283046664075639,-2.123933831270380,-1.017589500767439
622,5,10,-1.106344330502808,2.212688661005616,-.5531721652514238,-.5531721652513844
623,1,784,.000000000000000,.000000000000000,-1.663741219685583,1.663741219685583
623,2,256,-3.327482439370313,6.654964878740627,-3.250141557970143,-.7734088140017115E-01
623,3,256,-3.172800676569052,6.345601353138104,-3.157191474503156,-.1560920206589583E-01
623,4,256,-3.141582272437232,6.283164544874464,-2.123965226305855,-1.017617046131376
623,5,10,-1.106348180174505,2.212696360349010,-.5531740900872607,-.5531740900872441
624,1,784,.000000000000000,.000000000000000,-1.663741219685587,1.663741219685587
624,2,256,-3.327482439370299,6.654964878740597,-3.250152847663271,-.7732959170702666E-01
624,3,256,-3.172823255955608,6.345646511911216,-3.157174848629622,-.1564840732598442E-01
624,4,256,-3.141526441303750,6.283052882607500,-2.123911641393129,-1.017614799910618
624,5,10,-1.106296841482381,2.212593682964763,-.5531484207411956,-.5531484207411856
625,1,784,.000000000000000,.000000000000000,-1.663741219685583,1.663741219685583
625,2,256,-3.327482439370280,6.654964878740559,-3.250146090878032,-.7733634849224540E-01
625,3,256,-3.172809742385168,6.345619484770337,-3.157166105734540,-.1564363665062927E-01
625,4,256,-3.141522469084344,6.283044938168687,-2.123904960935118,-1.017617508149225
625,5,10,-1.106287452786039,2.212574905572078,-.5531437263930283,-.5531437263930106
626,1,784,.000000000000000,.000000000000000,-1.663741219685582,1.663741219685582
626,2,256,-3.327482439370391,6.654964878740783,-3.250138489743776,-.7734394962661474E-01
626,3,256,-3.172794540116349,6.345589080232697,-3.157134244707684,-.1566029540866417E-01
626,4,256,-3.141473949298649,6.282947898597297,-2.123916855686821,-1.017557093611824
626,5,10,-1.106359762074627,2.212719524149255,-.5531798810373281,-.5531798810372992
627,1,784,.000000000000000,.000000000000000,-1.663741219685583,1.663741219685583
627,2,256,-3.327482439370375,6.654964878740751,-3.250156418465353,-.7732602090502583E-01
627,3,256,-3.172830397559491,6.345660795118982,-3.157193136031589,-.1563726152790134E-01
627,4,256,-3.141555874503585,6.283111749007169,-2.123909586454526,-1.017646288049060
627,5,10,-1.106263298405378,2.212526596810756,-.5531316492027046,-.5531316492026735
628,1,784,.000000000000000,.000000000000000,-1.663741219685581,1.663741219685581
628,2,256,-3.327482439370145,6.654964878740290,-3.250154377517704,-.7732806185243936E-01
628,3,256,-3.172826315663955,6.345652631327910,-3.157176362994718,-.1564995266923602E-01
628,4,256,-3.141526410324869,6.283052820649738,-2.123915576483375,-1.017610833841494
628,5,10,-1.106304742641556,2.212609485283112,-.5531523713207792,-.5531523713207770
629,1,784,.000000000000000,.000000000000000,-1.663741219685583,1.663741219685583
629,2,256,-3.327482439370365,6.654964878740730,-3.250143102141981,-.7733933722838697E-01
629,3,256,-3.172803764912854,6.345607529825709,-3.157168764312444,-.1563500060040641E-01
629,4,256,-3.141533763712215,6.283067527424429,-2.123924977207557,-1.017608786504660
629,5,10,-1.106316190702999,2.212632381405998,-.5531580953515076,-.5531580953514910
630,1,784,.000000000000000,.000000000000000,-1.663741219685582,1.663741219685582
630,2,256,-3.327482439370283,6.654964878740566,-3.250137656355500,-.7734478301478240E-01
630,3,256,-3.172792873339779,6.345585746679558,-3.157162058882874,-.1563081445690528E-01
630,4,256,-3.141531244425909,6.283062488851818,-2.123923163244978,-1.017608081180932
630,5,10,-1.106315082064071,2.212630164128141,-.5531575410320231,-.5531575410320475
631,1,784,.000000000000000,.000000000000000,-1.663741219685580,1.663741219685580
631,2,256,-3.327482439370337,6.654964878740675,-3.250156452175959,-.7732598719437947E-01
631,3,256,-3.172830464980862,6.345660929961724,-3.157182313824666,-.1564815115619487E-01
631,4,256,-3.141534162668528,6.283068325337055,-2.123915549463724,-1.017618613204804
631,5,10,-1.106296936258904,2.212593872517808,-.5531484681294373,-.5531484681294667
632,1,784,.000000000000000,.000000000000000,-1.663741219685582,1.663741219685582
632,2,256,-3.327482439370472,6.654964878740944,-3.250141435663775,-.7734100370670025E-01
632,3,256,-3.172800431956202,6.345600863912405,-3.157157561974808,-.1564286998139939E-01
632,4,256,-3.141514691993169,6.283029383986339,-2.123898097371872,-1.017616594621297
632,5,10,-1.106281502750544,2.212563005501088,-.5531407513752606,-.5531407513752834
633,1,784,.000000000000000,.000000000000000,-1.663741219685585,1.663741219685585
633,2,256,-3.327482439370463,6.654964878740925,-3.250150931325821,-.7733150804464299E-01
633,3,256,-3.172819423280488,6.345638846560977,-3.157168081095055,-.1565134218543331E-01
633,4,256,-3.141516738910031,6.283033477820062,-2.123859566116956,-1.017657172793077
633,5,10,-1.106202393324283,2.212404786648566,-.5531011966621390,-.5531011966621440
634,1,784,.000000000000000,.000000000000000,-1.663741219685582,1.663741219685582
634,2,256,-3.327482439370327,6.654964878740653,-3.250153738449240,-.7732870092108771E-01
634,3,256,-3.172825037527490,6.345650075054980,-3.157188868537711,-.1563616898978039E-01
634,4,256,-3.141552699548163,6.283105399096326,-2.123928604627609,-1.017624094920553
634,5,10,-1.106304509707112,2.212609019414224,-.5531522548535563,-.5531522548535558
635,1,784,.000000000000000,.000000000000000,-1.663741219685583,1.663741219685583
635,2,256,-3.327482439370483,6.654964878740967,-3.250150719078013,-.7733172029246621E-01
635,3,256,-3.172818998785021,6.345637997570042,-3.157169293520488,-.1564970526453257E-01
635,4,256,-3.141519588256132,6.283039176512263,-2.123914421358304,-1.017605166897829
635,5,10,-1.106309254460488,2.212618508920976,-.5531546272302460,-.5531546272302421
636,1,784,.000000000000000,.000000000000000,-1.663741219685583,1.663741219685583
636,2,256,-3.327482439370317,6.654964878740635,-3.250145046762538,-.7733739260778091E-01
636,3,256,-3.172807654153897,6.345615308307795,-3.157161750297635,-.1564590385626067E-01
636,4,256,-3.141515846441480,6.283031692882960,-2.123904443272600,-1.017611403168880
636,5,10,-1.106293040103845,2.212586080207690,-.5531465200519214,-.5531465200519237
637,1,784,.000000000000000,.000000000000000,-1.663741219685582,1.663741219685582
637,2,256,-3.327482439370423,6.654964878740847,-3.250153059958966,-.7732937941145832E-01
637,3,256,-3.172823680546807,6.345647361093613,-3.157165836246055,-.1565784430075042E-01
637,4,256,-3.141507991945478,6.283015983890955,-2.123906147474775,-1.017601844470703
637,5,10,-1.106304303004217,2.212608606008433,-.5531521515021063,-.5531521515021102
638,1,784,.000000000000000,.000000000000000,-1.663741219685583,1.663741219685583
638,2,256,-3.327482439370347,6.654964878740694,-3.250142910778045,-.7733952859230164E-01
638,3,256,-3.172803382184917,6.345606764369833,-3.157173641716312,-.1562974046860642E-01
638,4,256,-3.141543901247736,6.283087802495472,-2.123910011695633,-1.017633889552104
638,5,10,-1.106276122143542,2.212552244287085,-.5531380610717873,-.5531380610717551
639,1,784,.000000000000000,.000000000000000,-1.663741219685585,1.663741219685585
639,2,256,-3.327482439370315,6.654964878740630,-3.250150349958423,-.7733208941188952E-01
639,3,256,-3.172818260545875,6.345636521091750,-3.157168784736648,-.1564947580923070E-01
639,4,256,-3.141519308927837,6.283038617855674,-2.123922294123540,-1.017597014804293
639,5,10,-1.106325279319490,2.212650558638981,-.5531626396597369,-.5531626396597535
640,1,784,.000000000000000,.000000000000000,-1.663741219685581,1.663741219685581
640,2,256,-3.327482439370534,6.654964878741068,-3.250142779668424,-.7733965970211100E-01
640,3,256,-3.172803119965875,6.345606239931751,-3.157169790465279,-.1563332950059824E-01
640,4,256,-3.141536460964749,6.283072921929499,-2.123953293190290,-1.017583167774457
640,5,10,-1.106370125415719,2.212740250831438,-.5531850627078556,-.5531850627078634
641,1,784,.000000000000000,.000000000000000,-1.663741219685584,1.663741219685584
641,2,256,-3.327482439370427,6.654964878740853,-3.250145464401051,-.7733697496937561E-01
641,3,256,-3.172808489430585,6.345616978861170,-3.157171311520301,-.1563717791028123E-01
641,4,256,-3.141534133609317,6.283068267218634,-2.123892612796296,-1.017641520813021
641,5,10,-1.106251091982931,2.212502183965862,-.5531255459914614,-.5531255459914697
642,1,784,.000000000000000,.000000000000000,-1.663741219685583,1.663741219685583
642,2,256,-3.327482439370417,6.654964878740834,-3.250156777536448,-.7732566183396875E-01
642,3,256,-3.172831115701601,6.345662231403202,-3.157189591503814,-.1564152419778802E-01
642,4,256,-3.141548067305994,6.283096134611988,-2.123920680326743,-1.017627386979246
642,5,10,-1.106293293347569,2.212586586695138,-.5531466466737978,-.5531466466737711
643,1,784,.000000000000000,.000000000000000,-1.663741219685583,1.663741219685583
643,2,256,-3.327482439370422,6.654964878740844,-3.250147646448591,-.7733479292183004E-01
643,3,256,-3.172812853526363,6.345625707052727,-3.157165515877598,-.1564733764876406E-01
643,4,256,-3.141518178229183,6.283036356458366,-2.123916695368248,-1.017601482860936
643,5,10,-1.106315212507349,2.212630425014697,-.5531576062536593,-.5531576062536893
644,1,784,.000000000000000,.000000000000000,-1.663741219685584,1.663741219685584
644,2,256,-3.327482439370367,6.654964878740735,-3.250144861360400,-.7733757800996587E-01
644,3,256,-3.172807283349655,6.345614566699309,-3.157158932812118,-.1564835053753482E-01
644,4,256,-3.141510582274183,6.283021164548367,-2.123886575735423,-1.017624006538762
644,5,10,-1.106262569196254,2.212525138392508,-.5531312845981246,-.5531312845981295
645,1,784,.000000000000000,.000000000000000,-1.663741219685581,1.663741219685581
645,2,256,-3.327482439370367,6.654964878740735,-3.250142315178817,-.7734012419155149E-01
645,3,256,-3.172802190986805,6.345604381973611,-3.157158591843459,-.1564359914334705E-01
645,4,256,-3.141514992700667,6.283029985401334,-2.123903122892205,-1.017611869808460
645,5,10,-1.106291253083942,2.212582506167883,-.5531456265419792,-.5531456265419625
646,1,784,.000000000000000,.000000000000000,-1.663741219685583,1.663741219685583
646,2,256,-3.327482439370440,6.654964878740880,-3.250145956991208,-.7733648237923227E-01
646,3,256,-3.172809474611080,6.345618949222160,-3.157164572396657,-.1564490221442214E-01
646,4,256,-3.141519670182170,6.283039340364340,-2.123887564135499,-1.017632106046671
646,5,10,-1.106255458088955,2.212510916177911,-.5531277290444681,-.5531277290444875
647,1,784,.000000000000000,.000000000000000,-1.663741219685584,1.663741219685584
647,2,256,-3.327482439370397,6.654964878740794,-3.250146118972684,-.7733632039771277E-01
647,3,256,-3.172809798574232,6.345619597148464,-3.157180096525524,-.1562970204870741E-01
647,4,256,-3.141550394476725,6.283100788953450,-2.123939332057127,-1.017611062419597
647,5,10,-1.106328269637406,2.212656539274812,-.5531641348187081,-.5531641348186981
648,1,784,.000000000000000,.000000000000000,-1.663741219685583,1.663741219685583
648,2,256,-3.327482439370256,6.654964878740513,-3.250142381559594,-.7734005781066203E-01
648,3,256,-3.172802323748004,6.345604647496008,-3.157175233373865,-.1562709037413840E-01
648,4,256,-3.141548142999680,6.283096285999360,-2.123935521132292,-1.017612621867388
648,5,10,-1.106322899264877,2.212645798529754,-.5531614496324380,-.5531614496324391
649,1,784,.000000000000000,.000000000000000,-1.663741219685584,1.663741219685584
649,2,256,-3.327482439370418,6.654964878740835,-3.250123041739103,-.7735939763131425E-01
649,3,256,-3.172763644106831,6.345527288213662,-3.157141339343962,-.1562230476286939E-01
649,4,256,-3.141519034580956,6.283038069161911,-2.123951473436214,-1.017567561144743
649,5,10,-1.106383912291525,2.212767824583049,-.5531919561457731,-.5531919561457515
650,1,784,.000000000000000,.000000000000000,-1.663741219685583,1.663741219685583
650,2,256,-3.327482439370266,6.654964878740532,-3.250137693542623,-.7734474582764257E-01
650,3,256,-3.172792947714150,6.345585895428299,-3.157160096660802,-.1563285105334857E-01
650,4,256,-3.141527245607493,6.283054491214987,-2.123944595202857,-1.017582650404639
650,5,10,-1.106361944798183,2.212723889596365,-.5531809723990990,-.5531809723990835
651,1,784,.000000000000000,.000000000000000,-1.663741219685582,1.663741219685582
651,2,256,-3.327482439370383,6.654964878740766,-3.250145614914781,-.7733682445560126E-01
651,3,256,-3.172808790458374,6.345617580916748,-3.157165303665980,-.1564348679239522E-01
651,4,256,-3.141521816873168,6.283043633746336,-2.123898083900119,-1.017623732973050
651,5,10,-1.106274350926676,2.212548701853353,-.5531371754633393,-.5531371754633371
652,1,784,.000000000000000,.000000000000000,-1.663741219685586,1.663741219685586
652,2,256,-3.327482439370292,6.654964878740584,-3.250145094056187,-.7733734531410499E-01
652,3,256,-3.172807748740855,6.345615497481710,-3.157170019869478,-.1563772887137630E-01
652,4,256,-3.141532290997879,6.283064581995758,-2.123932431385012,-1.017599859612866
652,5,10,-1.106332571772279,2.212665143544558,-.5531662858861378,-.5531662858861411
653,1,784,.000000000000000,.000000000000000,-1.663741219685585,1.663741219685585
653,2,256,-3.327482439370336,6.654964878740672,-3.250150487024982,-.7733195234535312E-01
653,3,256,-3.172818534678526,6.345637069357053,-3.157174902176171,-.1564363250235690E-01
653,4,256,-3.141531269673274,6.283062539346549,-2.123896117721349,-1.017635151951927
653,5,10,-1.106260965769155,2.212521931538311,-.5531304828845802,-.5531304828845752
654,1,784,.000000000000000,.000000000000000,-1.663741219685583,1.663741219685583
654,2,256,-3.327482439370362,6.654964878740723,-3.250140153832246,-.7734228553811703E-01
654,3,256,-3.172797868293689,6.345595736587377,-3.157143906305170,-.1565396198851925E-01
654,4,256,-3.141489944317081,6.282979888634163,-2.123868616415291,-1.017621327901789
654,5,10,-1.106247288513556,2.212494577027112,-.5531236442567838,-.5531236442567722
655,1,784,.000000000000000,.000000000000000,-1.663741219685583,1.663741219685583
655,2,256,-3.327482439370424,6.654964878740848,-3.250163842248792,-.7731859712163008E-01
655,3,256,-3.172845245126424,6.345690490252847,-3.157178980140556,-.1566626498586526E-01
655,4,256,-3.141512715154986,6.283025430309972,-2.123908759717863,-1.017603955437123
655,5,10,-1.106304804281056,2.212609608562113,-.5531524021405175,-.5531524021405386
656,1,784,.000000000000000,.000000000000000,-1.663741219685583,1.663741219685583
656,2,256,-3.327482439370388,6.654964878740777,-3.250146427208770,-.7733601216161611E-01
656,3,256,-3.172810415046636,6.345620830093272,-3.157165100365227,-.1564531468140842E-01
656,4,256,-3.141519785684265,6.283039571368530,-2.123906008628399,-1.017613777055867
656,5,10,-1.106292231572737,2.212584463145475,-.5531461157863591,-.5531461157863785
657,1,784,.000000000000000,.000000000000000,-1.663741219685585,1.663741219685585
657,2,256,-3.327482439370328,6.654964878740655,-3.250158543871048,-.7732389549928008E-01
657,3,256,-3.172834648370583,6.345669296741166,-3.157184916417046,-.1564973195353781E-01
657,4,256,-3.141535184462989,6.283070368925977,-2.123931578063692,-1.017603606399297
657,5,10,-1.106327971664222,2.212655943328444,-.5531639858321143,-.5531639858321077
658,1,784,.000000000000000,.000000000000000,-1.663741219685582,1.663741219685582
658,2,256,-3.327482439370366,6.654964878740731,-3.250144725508066,-.7733771386230129E-01
658,3,256,-3.172807011645296,6.345614023290593,-3.157157000553136,-.1565001109215513E-01
658,4,256,-3.141506989461412,6.283013978922823,-2.123895750688911,-1.017611238772499
658,5,10,-1.106284511916550,2.212569023833100,-.5531422559582573,-.5531422559582928
659,1,784,.000000000000000,.000000000000000,-1.663741219685582,1.663741219685582
659,2,256,-3.327482439370463,6.654964878740925,-3.250151268624205,-.7733117074625256E-01
659,3,256,-3.172820097877426,6.345640195754853,-3.157184080354234,-.1563601752319381E-01
659,4,256,-3.141548062831273,6.283096125662546,-2.123939667424739,-1.017608395406533
659,5,10,-1.106331272018266,2.212662544036532,-.5531656360091313,-.5531656360091346
660,1,784,.000000000000000,.000000000000000,-1.663741219685585,1.663741219685585
660,2,256,-3.327482439370443,6.654964878740887,-3.250139596194543,-.7734284317589744E-01
660,3,256,-3.172796753018105,6.345593506036209,-3.157141628893803,-.1565512412430357E-01
660,4,256,-3.141486504769847,6.282973009539694,-2.123863106553417,-1.017623398216432
660,5,10,-1.106239708337152,2.212479416674305,-.5531198541685746,-.5531198541685779
661,1,784,.000000000000000,.000000000000000,-1.663741219685585,1.663741219685585
661,2,256,-3.327482439370264,6.654964878740529,-3.250152643511687,-.7732979585857715E-01
661,3,256,-3.172822847652013,6.345645695304025,-3.157169300250327,-.1565354740168419E-01
661,4,256,-3.141515752848589,6.283031505697179,-2.123935993142236,-1.017579759706354
661,5,10,-1.106356233436013,2.212712466872027,-.5531781167180144,-.5531781167179989
662,1,784,.000000000000000,.000000000000000,-1.663741219685586,1.663741219685586
662,2,256,-3.327482439370451,6.654964878740901,-3.250154302887818,-.7732813648263315E-01
662,3,256,-3.172826166404394,6.345652332808788,-3.157157726292424,-.1566844011197382E-01
662,4,256,-3.141489286180261,6.282978572360522,-2.123908687691059,-1.017580598489201
662,5,10,-1.106328089201749,2.212656178403498,-.5531640446008744,-.5531640446008744
663,1,784,.000000000000000,.000000000000000,-1.663741219685582,1.663741219685582
663,2,256,-3.327482439370259,6.654964878740518,-3.250138628027480,-.7734381134277914E-01
663,3,256,-3.172794816684255,6.345589633368510,-3.157171103437562,-.1562371324669675E-01
663,4,256,-3.141547390191505,6.283094780383009,-2.123895146329993,-1.017652243861510
663,5,10,-1.106242902468636,2.212485804937273,-.5531214512343307,-.5531214512343057
664,1,784,.000000000000000,.000000000000000,-1.663741219685582,1.663741219685582
664,2,256,-3.327482439370340,6.654964878740681,-3.250137360762375,-.7734507860796494E-01
664,3,256,-3.172792282153230,6.345584564306460,-3.157136366159468,-.1565591599376009E-01
664,4,256,-3.141480450165327,6.282960900330654,-2.123929037035468,-1.017551413129859
664,5,10,-1.106377623905588,2.212755247811176,-.5531888119527912,-.5531888119527968
665,1,784,.000000000000000,.000000000000000,-1.663741219685581,1.663741219685581
665,2,256,-3.327482439370504,6.654964878741009,-3.250142846831329,-.7733959253917404E-01
665,3,256,-3.172803254291467,6.345606508582934,-3.157156069823471,-.1564718446799802E-01
665,4,256,-3.141508885355576,6.283017770711153,-2.123911309654325,-1.017597575701251
665,5,10,-1.106313733953212,2.212627467906423,-.5531568669766047,-.5531568669766069
666,1,784,.000000000000000,.000000000000000,-1.663741219685584,1.663741219685584
666,2,256,-3.327482439370299,6.654964878740598,-3.250143430879806,-.7733900849049349E-01
666,3,256,-3.172804422388277,6.345608844776553,-3.157180743519250,-.1562367886902320E-01
666,4,256,-3.141557064650132,6.283114129300264,-2.123936406126457,-1.017620658523674
666,5,10,-1.106315747602878,2.212631495205757,-.5531578738014311,-.5531578738014472
667,1,784,.000000000000000,.000000000000000,-1.663741219685584,1.663741219685584
667,2,256,-3.327482439370397,6.654964878740794,-3.250148765754002,-.7733367361639430E-01
667,3,256,-3.172815092136782,6.345630184273564,-3.157164836573638,-.1565025556314419E-01
667,4,256,-3.141514581010517,6.283029162021034,-2.123916956822742,-1.017597624187776
667,5,10,-1.106319332635036,2.212638665270071,-.5531596663175259,-.5531596663175098
668,1,784,.000000000000000,.000000000000000,-1.663741219685581,1.663741219685581
668,2,256,-3.327482439370313,6.654964878740626,-3.250150158533515,-.7733228083680156E-01
668,3,256,-3.172817877695870,6.345635755391739,-3.157185883029006,-.1563199466686491E-01
668,4,256,-3.141553888361895,6.283107776723790,-2.123893309407005,-1.017660578954890
668,5,10,-1.106232730451828,2.212465460903657,-.5531163652259307,-.5531163652258979
669,1,784,.000000000000000,.000000000000000,-1.663741219685583,1.663741219685583
669,2,256,-3.327482439370391,6.654964878740783,-3.250147874802239,-.7733456456815080E-01
669,3,256,-3.172813310233220,6.345626620466439,-3.157168561245852,-.1564474898736364E-01
669,4,256,-3.141523812258511,6.283047624517022,-2.123908108549335,-1.017615703709177
669,5,10,-1.106292404840278,2.212584809680556,-.5531462024201379,-.5531462024201401
670,1,784,.000000000000000,.000000000000000,-1.663741219685581,1.663741219685581
670,2,256,-3.327482439370430,6.654964878740860,-3.250152789363587,-.7732965000684280E-01
670,3,256,-3.172823139355975,6.345646278711950,-3.157151104983912,-.1567203437206557E-01
670,4,256,-3.141479070611651,6.282958141223302,-2.123924479268388,-1.017554591343263
670,5,10,-1.106369887924975,2.212739775849951,-.5531849439624810,-.5531849439624943
671,1,784,.000000000000000,.000000000000000,-1.663741219685581,1.663741219685581
671,2,256,-3.327482439370315,6.654964878740630,-3.250145907575503,-.7733653179481144E-01
671,3,256,-3.172809375779604,6.345618751559208,-3.157182898810183,-.1562647696942232E-01
671,4,256,-3.141556421840459,6.283112843680919,-2.123909924931406,-1.017646496909053
671,5,10,-1.106263428022304,2.212526856044609,-.5531317140111450,-.5531317140111595
672,1,784,.000000000000000,.000000000000000,-1.663741219685582,1.663741219685582
672,2,256,-3.327482439370292,6.654964878740585,-3.250150096338859,-.7733234303143460E-01
672,3,256,-3.172817753306590,6.345635506613180,-3.157176861018876,-.1564089228771217E-01
672,4,256,-3.141535968730999,6.283071937461998,-2.123959773010266,-1.017576195720733
672,5,10,-1.106383577289304,2.212767154578607,-.5531917886446669,-.5531917886446369
673,1,784,.000000000000000,.000000000000000,-1.663741219685585,1.663741219685585
673,2,256,-3.327482439370365,6.654964878740730,-3.250143643337648,-.7733879603271336E-01
673,3,256,-3.172804847304209,6.345609694608418,-3.157157176155624,-.1564767114858535E-01
673,4,256,-3.141509505006863,6.283019010013726,-2.123907151241112,-1.017602353765751
673,5,10,-1.106304797475156,2.212609594950313,-.5531523987375560,-.5531523987376004
674,1,784,.000000000000000,.000000000000000,-1.663741219685584,1.663741219685584
674,2,256,-3.327482439370381,6.654964878740762,-3.250158062861686,-.7732437650869417E-01
674,3,256,-3.172833686352157,6.345667372704314,-3.157183209980548,-.1565047637161257E-01
674,4,256,-3.141532733609026,6.283065467218052,-2.123920194144072,-1.017612539464952
674,5,10,-1.106307654679248,2.212615309358497,-.5531538273396286,-.5531538273396197
675,1,784,.000000000000000,.000000000000000,-1.663741219685584,1.663741219685584
675,2,256,-3.327482439370347,6.654964878740693,-3.250148252888156,-.7733418648219124E-01
675,3,256,-3.172814066405187,6.345628132810375,-3.157177138643923,-.1563692776126377E-01
675,4,256,-3.141540210883270,6.283080421766540,-2.123935510251294,-1.017604700631976
675,5,10,-1.106330809619904,2.212661619239808,-.5531654048099449,-.5531654048099593
676,1,784,.000000000000000,.000000000000000,-1.663741219685586,1.663741219685586
676,2,256,-3.327482439370353,6.654964878740706,-3.250152491958563,-.7732994741178993E-01
676,3,256,-3.172822544546294,6.345645089092589,-3.157166511617874,-.1565603292841962E-01
676,4,256,-3.141510478689991,6.283020957379983,-2.123916510336106,-1.017593968353885
676,5,10,-1.106322541982444,2.212645083964889,-.5531612709912105,-.5531612709912338
677,1,784,.000000000000000,.000000000000000,-1.663741219685583,1.663741219685583
677,2,256,-3.327482439370321,6.654964878740642,-3.250153457286355,-.7732898208396789E-01
677,3,256,-3.172824475201870,6.345648950403740,-3.157175095482306,-.1564937971956321E-01
677,4,256,-3.141525715763409,6.283051431526817,-2.123897562299538,-1.017628153463869
677,5,10,-1.106269408836009,2.212538817672017,-.5531347044180045,-.5531347044180039
678,1,784,.000000000000000,.000000000000000,-1.663741219685583,1.663741219685583
678,2,256,-3.327482439370339,6.654964878740679,-3.250135894135415,-.7734654523492530E-01
678,3,256,-3.172789348899915,6.345578697799830,-3.157143904299991,-.1564544459992442E-01
678,4,256,-3.141498459700353,6.282996919400706,-2.123881609840561,-1.017616849859793
678,5,10,-1.106264759980810,2.212529519961620,-.5531323799904041,-.5531323799904058
679,1,784,.000000000000000,.000000000000000,-1.663741219685583,1.663741219685583
679,2,256,-3.327482439370360,6.654964878740721,-3.250143979362366,-.7733846000799471E-01
679,3,256,-3.172805519353332,6.345611038706664,-3.157168511870348,-.1563700748298545E-01
679,4,256,-3.141531504386906,6.283063008773812,-2.123909480100632,-1.017622024286273
679,5,10,-1.106287455814139,2.212574911628277,-.5531437279070697,-.5531437279070690
680,1,784,.000000000000000,.000000000000000,-1.663741219685585,1.663741219685585
680,2,256,-3.327482439370320,6.654964878740641,-3.250140823922616,-.7734161544770084E-01
680,3,256,-3.172799208474496,6.345598416948992,-3.157165026567855,-.1563418190664022E-01
680,4,256,-3.141530844661276,6.283061689322553,-2.123915413613928,-1.017615431047346
680,5,10,-1.106299982566228,2.212599965132456,-.5531499912831093,-.5531499912831187
681,1,784,.000000000000000,.000000000000000,-1.663741219685582,1.663741219685582
681,2,256,-3.327482439370486,6.654964878740972,-3.250146587415745,-.7733585195473969E-01
681,3,256,-3.172810735460417,6.345621470920833,-3.157167853791024,-.1564288166939478E-01
681,4,256,-3.141524972121491,6.283049944242982,-2.123942353101763,-1.017582619019729
681,5,10,-1.106359734081759,2.212719468163518,-.5531798670409026,-.5531798670408565
682,1,784,.000000000000000,.000000000000000,-1.663741219685580,1.663741219685580
682,2,256,-3.327482439370265,6.654964878740530,-3.250152802573406,-.7732963679685857E-01
682,3,256,-3.172823165775674,6.345646331551348,-3.157173357383495,-.1564980839217668E-01
682,4,256,-3.141523548991218,6.283047097982435,-2.123909967782811,-1.017613581208407
682,5,10,-1.106296386574252,2.212592773148505,-.5531481932871384,-.5531481932871140
683,1,784,.000000000000000,.000000000000000,-1.663741219685580,1.663741219685580
683,2,256,-3.327482439370246,6.654964878740492,-3.250142426701341,-.7734001266890791E-01
683,3,256,-3.172802414031589,6.345604828063179,-3.157164946126900,-.1563746790469132E-01
683,4,256,-3.141527478222197,6.283054956444395,-2.123938105001815,-1.017589373220382
683,5,10,-1.106348731781363,2.212697463562726,-.5531743658906747,-.5531743658906886
684,1,784,.000000000000000,.000000000000000,-1.663741219685582,1.663741219685582
684,2,256,-3.327482439370383,6.654964878740766,-3.250162022200723,-.7732041716965823E-01
684,3,256,-3.172841605030258,6.345683210060517,-3.157170108717472,-.1567149631278679E-01
684,4,256,-3.141498612404672,6.282997224809344,-2.123911958390276,-1.017586654014398
684,5,10,-1.106325304375912,2.212650608751825,-.5531626521879460,-.5531626521879665
685,1,784,.000000000000000,.000000000000000,-1.663741219685585,1.663741219685585
685,2,256,-3.327482439370334,6.654964878740668,-3.250145974164189,-.7733646520614779E-01
685,3,256,-3.172809508957308,6.345619017914616,-3.157147313566676,-.1566219539062834E-01
685,4,256,-3.141485118176270,6.282970236352539,-2.123880331273089,-1.017604786903180
685,5,10,-1.106275544370031,2.212551088740062,-.5531377721850168,-.5531377721850140
686,1,784,.000000000000000,.000000000000000,-1.663741219685584,1.663741219685584
686,2,256,-3.327482439370355,6.654964878740711,-3.250147408920808,-.7733503044954465E-01
686,3,256,-3.172812378470483,6.345624756940966,-3.157157423740593,-.1565495472989134E-01
686,4,256,-3.141502469010816,6.283004938021632,-2.123897404653134,-1.017605064357680
686,5,10,-1.106292340295546,2.212584680591091,-.5531461701477741,-.5531461701477713
687,1,784,.000000000000000,.000000000000000,-1.663741219685583,1.663741219685583
687,2,256,-3.327482439370371,6.654964878740741,-3.250150748236276,-.7733169113409602E-01
687,3,256,-3.172819057101421,6.345638114202841,-3.157170909324745,-.1564814777667977E-01
687,4,256,-3.141522761548168,6.283045523096336,-2.123878701050156,-1.017644060498014
687,5,10,-1.106234640552240,2.212469281104481,-.5531173202761077,-.5531173202761326
688,1,784,.000000000000000,.000000000000000,-1.663741219685584,1.663741219685584
688,2,256,-3.327482439370406,6.654964878740811,-3.250153258529168,-.7732918084123949E-01
688,3,256,-3.172824077687293,6.345648155374586,-3.157204677369789,-.1561940031750437E-01
688,4,256,-3.141585277052130,6.283170554104260,-2.123955593795634,-1.017629683256497
688,5,10,-1.106325910538852,2.212651821077705,-.5531629552694304,-.5531629552694221
689,1,784,.000000000000000,.000000000000000,-1.663741219685584,1.663741219685584
689,2,256,-3.327482439370402,6.654964878740803,-3.250151744549299,-.7733069482110178E-01
689,3,256,-3.172821049727363,6.345642099454727,-3.157166295876425,-.1565475385093808E-01
689,4,256,-3.141511542025508,6.283023084051015,-2.123901975119476,-1.017609566906031
689,5,10,-1.106292408213493,2.212584816426986,-.5531462041067647,-.5531462041067281
690,1,784,.000000000000000,.000000000000000,-1.663741219685581,1.663741219685581
690,2,256,-3.327482439370375,6.654964878740751,-3.250145118534487,-.7733732083589250E-01
690,3,256,-3.172807797697825,6.345615595395651,-3.157162902106192,-.1564489559163544E-01
690,4,256,-3.141518006514605,6.283036013029210,-2.123913573750424,-1.017604432764180
690,5,10,-1.106309140986274,2.212618281972548,-.5531545704931353,-.5531545704931387
691,1,784,.000000000000000,.000000000000000,-1.663741219685582,1.663741219685582
691,2,256,-3.327482439370404,6.654964878740809,-3.250148603530590,-.7733383583981226E-01
691,3,256,-3.172814767689920,6.345629535379841,-3.157180570637051,-.1563419705286542E-01
691,4,256,-3.141546373584093,6.283092747168186,-2.123923167175510,-1.017623206408585
691,5,10,-1.106299960766887,2.212599921533774,-.5531499803834643,-.5531499803834227
692,1,784,.000000000000000,.000000000000000,-1.663741219685583,1.663741219685583
692,2,256,-3.327482439370316,6.654964878740632,-3.250143106884134,-.7733933248618276E-01
692,3,256,-3.172803774396999,6.345607548793997,-3.157177645131293,-.1562612926570348E-01
692,4,256,-3.141551515865597,6.283103031731194,-2.123933363942972,-1.017618151922625
692,5,10,-1.106315212020478,2.212630424040955,-.5531576060102313,-.5531576060102463
693,1,784,.000000000000000,.000000000000000,-1.663741219685583,1.663741219685583
693,2,256,-3.327482439370344,6.654964878740689,-3.250144087083197,-.7733835228714900E-01
693,3,256,-3.172805734795411,6.345611469590821,-3.157141434954137,-.1566429984127279E-01
693,4,256,-3.141477135113036,6.282954270226073,-2.123905027262452,-1.017572107850585
693,5,10,-1.106332919411881,2.212665838823762,-.5531664597059284,-.5531664597059528
694,1,784,.000000000000000,.000000000000000,-1.663741219685584,1.663741219685584
694,2,256,-3.327482439370328,6.654964878740656,-3.250141264544122,-.7734117482620442E-01
694,3,256,-3.172800089717028,6.345600179434055,-3.157152722456209,-.1564736726081676E-01
694,4,256,-3.141505355195504,6.283010710391007,-2.123941997601670,-1.017563357593833
694,5,10,-1.106378640008045,2.212757280016091,-.5531893200040007,-.5531893200040445
695,1,784,.000000000000000,.000000000000000,-1.663741219685583,1.663741219685583
695,2,256,-3.327482439370462,6.654964878740923,-3.250135623969248,-.7734681540121395E-01
695,3,256,-3.172788808567369,6.345577617134738,-3.157143067557421,-.1564574100994897E-01
695,4,256,-3.141497326548150,6.282994653096299,-2.123907876318081,-1.017589450230072
695,5,10,-1.106318426088682,2.212636852177364,-.5531592130443281,-.5531592130443537
696,1,784,.000000000000000,.000000000000000,-1.663741219685582,1.663741219685582
696,2,256,-3.327482439370394,6.654964878740788,-3.250132884516672,-.7734955485371833E-01
696,3,256,-3.172783329662268,6.345566659324536,-3.157162485530535,-.1562084413173298E-01
696,4,256,-3.141541641398667,6.283083282797334,-2.123905268610679,-1.017636372787988
696,5,10,-1.106268895822476,2.212537791644952,-.5531344479112381,-.5531344479112381
697,1,784,.000000000000000,.000000000000000,-1.663741219685584,1.663741219685584
697,2,256,-3.327482439370321,6.654964878740643,-3.250154084043010,-.7732835532731186E-01
697,3,256,-3.172825728714582,6.345651457429163,-3.157164318613407,-.1566141010117360E-01
697,4,256,-3.141502908511824,6.283005817023647,-2.123889505940470,-1.017613402571355
697,5,10,-1.106276103368962,2.212552206737923,-.5531380516844930,-.5531380516844686
698,1,784,.000000000000000,.000000000000000,-1.663741219685581,1.663741219685581
698,2,256,-3.327482439370379,6.654964878740758,-3.250144917684811,-.7733752168556987E-01
698,3,256,-3.172807395998459,6.345614791996918,-3.157160671102544,-.1564672489591648E-01
698,4,256,-3.141513946206426,6.283027892412852,-2.123940114273215,-1.017573831933212
698,5,10,-1.106366282339849,2.212732564679698,-.5531831411699005,-.5531831411699488
699,1,784,.000000000000000,.000000000000000,-1.663741219685583,1.663741219685583
699,2,256,-3.327482439370356,6.654964878740712,-3.250149371362829,-.7733306800752696E-01
699,3,256,-3.172816303354482,6.345632606708963,-3.157155931343661,-.1566037201082005E-01
699,4,256,-3.141495559332828,6.282991118665655,-2.123905775680585,-1.017589783652242
699,5,10,-1.106315992028350,2.212631984056700,-.5531579960141708,-.5531579960141791
700,1,784,.000000000000000,.000000000000000,-1.663741219685583,1.663741219685583
700,2,256,-3.327482439370190,6.654964878740381,-3.250152642274136,-.7732979709605466E-01
700,3,256,-3.172822845177122,6.345645690354244,-3.157159808588276,-.1566303658884549E-01
700,4,256,-3.141496771999533,6.282993543999067,-2.123935029112565,-1.017561742886969
700,5,10,-1.106373286225669,2.212746572451338,-.5531866431128430,-.5531866431128264
701,1,784,.000000000000000,.000000000000000,-1.663741219685584,1.663741219685584
701,2,256,-3.327482439370408,6.654964878740816,-3.250144627418471,-.7733781195193706E-01
701,3,256,-3.172806815466044,6.345613630932089,-3.157170144555669,-.1563667091037466E-01
701,4,256,-3.141533473645423,6.283066947290846,-2.123924346124398,-1.017609127521022
701,5,10,-1.106315218603204,2.212630437206409,-.5531576093016188,-.5531576093015855
702,1,784,.000000000000000,.000000000000000,-1.663741219685582,1.663741219685582
702,2,256,-3.327482439370326,6.654964878740651,-3.250151764925692,-.7733067444463300E-01
702,3,256,-3.172821090480411,6.345642180960822,-3.157179867725588,-.1564122275482076E-01
702,4,256,-3.141538644971092,6.283077289942184,-2.123918779605851,-1.017619865365239
702,5,10,-1.106298914240739,2.212597828481478,-.5531494571203714,-.5531494571203676
703,1,784,.000000000000000,.000000000000000,-1.663741219685585,1.663741219685585
703,2,256,-3.327482439370320,6.654964878740639,-3.250144497433649,-.7733794193666936E-01
703,3,256,-3.172806555496201,6.345613110992401,-3.157173323098880,-.1563323239732266E-01
703,4,256,-3.141540090701853,6.283080181403705,-2.123921121420499,-1.017618969281354
703,5,10,-1.106302152139394,2.212604304278789,-.5531510760696869,-.5531510760697075
704,1,784,.000000000000000,.000000000000000,-1.663741219685583,1.663741219685583
704,2,256,-3.327482439370312,6.654964878740624,-3.250147441935465,-.7733499743484576E-01
704,3,256,-3.172812444499679,6.345624888999359,-3.157147543226768,-.1566490127290796E-01
704,4,256,-3.141482641954093,6.282965283908187,-2.123875540685313,-1.017607101268782
704,5,10,-1.106268439416819,2.212536878833637,-.5531342197084261,-.5531342197083923
705,1,784,.000000000000000,.000000000000000,-1.663741219685582,1.663741219685582
705,2,256,-3.327482439370425,6.654964878740850,-3.250146918426963,-.7733552094346155E-01
705,3,256,-3.172811397482846,6.345622794965691,-3.157155916422040,-.1565548106080494E-01
705,4,256,-3.141500435361285,6.283000870722571,-2.123947085838095,-1.017553349523193
705,5,10,-1.106393736314888,2.212787472629776,-.5531968681574330,-.5531968681574552
706,1,784,.000000000000000,.000000000000000,-1.663741219685582,1.663741219685582
706,2,256,-3.327482439370350,6.654964878740700,-3.250150640758166,-.7733179861218349E-01
706,3,256,-3.172818842145166,6.345637684290332,-3.157197050486309,-.1562179165885576E-01
706,4,256,-3.141575258827531,6.283150517655062,-2.123910969327687,-1.017664289499840
706,5,10,-1.106246679827924,2.212493359655848,-.5531233399139645,-.5531233399139595
707,1,784,.000000000000000,.000000000000000,-1.663741219685583,1.663741219685583
707,2,256,-3.327482439370441,6.654964878740881,-3.250160234393026,-.7732220497741668E-01
707,3,256,-3.172838029414823,6.345676058829645,-3.157186175908239,-.1565185350658711E-01
707,4,256,-3.141534322401651,6.283068644803302,-2.123930175545393,-1.017604146856259
707,5,10,-1.106326028689172,2.212652057378345,-.5531630143446011,-.5531630143445712
708,1,784,.000000000000000,.000000000000000,-1.663741219685584,1.663741219685584
708,2,256,-3.327482439370542,6.654964878741085,-3.250144299139499,-.7733814023104349E-01
708,3,256,-3.172806158907874,6.345612317815748,-3.157162651951462,-.1564350695641189E-01
708,4,256,-3.141519144995158,6.283038289990316,-2.123912163429132,-1.017606981566025
708,5,10,-1.106305181863176,2.212610363726351,-.5531525909315862,-.5531525909315895
709,1,784,.000000000000000,.000000000000000,-1.663741219685584,1.663741219685584
709,2,256,-3.327482439370399,6.654964878740798,-3.250152153418446,-.7733028595195184E-01
709,3,256,-3.172821867465609,6.345643734931217,-3.157184528202995,-.1563733926261413E-01
709,4,256,-3.141547188940347,6.283094377880694,-2.123895712354436,-1.017651476585907
709,5,10,-1.106244235768598,2.212488471537197,-.5531221178843053,-.5531221178842931
710,1,784,.000000000000000,.000000000000000,-1.663741219685584,1.663741219685584
710,2,256,-3.327482439370407,6.654964878740814,-3.250157875518067,-.7732456385234128E-01
710,3,256,-3.172833311665077,6.345666623330154,-3.157178930543535,-.1565438112154197E-01
710,4,256,-3.141524549422032,6.283049098844064,-2.123945920734632,-1.017578628687397
710,5,10,-1.106367292047185,2.212734584094370,-.5531836460235823,-.5531836460236028
711,1,784,.000000000000000,.000000000000000,-1.663741219685584,1.663741219685584
711,2,256,-3.327482439370433,6.654964878740866,-3.250142318515147,-.7734012085528474E-01
711,3,256,-3.172802197659061,6.345604395318122,-3.157166995498117,-.1563520216094369E-01
711,4,256,-3.141531793336990,6.283063586673979,-2.123902415654446,-1.017629377682545
711,5,10,-1.106273037971786,2.212546075943572,-.5531365189858957,-.5531365189858901
712,1,784,.000000000000000,.000000000000000,-1.663741219685582,1.663741219685582
712,2,256,-3.327482439370405,6.654964878740810,-3.250139802739897,-.7734263663050758E-01
712,3,256,-3.172797166108724,6.345594332217448,-3.157150572579260,-.1564659352946572E-01
712,4,256,-3.141503979049575,6.283007958099150,-2.123885823431716,-1.017618155617859
712,5,10,-1.106267667813543,2.212535335627086,-.5531338339067753,-.5531338339067675
713,1,784,.000000000000000,.000000000000000,-1.663741219685584,1.663741219685584
713,2,256,-3.327482439370318,6.654964878740636,-3.250137384309024,-.7734505506129330E-01
713,3,256,-3.172792329246831,6.345584658493661,-3.157155286658773,-.1563704258805525E-01
713,4,256,-3.141518244070813,6.283036488141627,-2.123940108228632,-1.017578135842182
713,5,10,-1.106361972386573,2.212723944773145,-.5531809861932999,-.5531809861932727
714,1,784,.000000000000000,.000000000000000,-1.663741219685581,1.663741219685581
714,2,256,-3.327482439370421,6.654964878740842,-3.250135537487270,-.7734690188315159E-01
714,3,256,-3.172788635603052,6.345577271206104,-3.157133127601631,-.1565550800142162E-01
714,4,256,-3.141477619599835,6.282955239199669,-2.123894080506709,-1.017583539093128
714,5,10,-1.106310541413520,2.212621082827040,-.5531552707067670,-.5531552707067531
715,1,784,.000000000000000,.000000000000000,-1.663741219685584,1.663741219685584
715,2,256,-3.327482439370320,6.654964878740641,-3.250145167653255,-.7733727171706661E-01
715,3,256,-3.172807895935108,6.345615791870215,-3.157157179019126,-.1565071691598068E-01
715,4,256,-3.141506462103095,6.283012924206189,-2.123887654512163,-1.017618807590930
715,5,10,-1.106268846921463,2.212537693842927,-.5531344234607108,-.5531344234607525
716,1,784,.000000000000000,.000000000000000,-1.663741219685585,1.663741219685585
716,2,256,-3.327482439370239,6.654964878740477,-3.250148264887665,-.7733417448257621E-01
716,3,256,-3.172814090403892,6.345628180807783,-3.157165340474049,-.1564874992984345E-01
716,4,256,-3.141516590543824,6.283033181087649,-2.123919262260703,-1.017597328283119
716,5,10,-1.106321933977464,2.212643867954928,-.5531609669887398,-.5531609669887243
717,1,784,.000000000000000,.000000000000000,-1.663741219685584,1.663741219685584
717,2,256,-3.327482439370398,6.654964878740796,-3.250137734237091,-.7734470513330655E-01
717,3,256,-3.172793029103037,6.345586058206075,-3.157161480441228,-.1563154866180690E-01
717,4,256,-3.141529931779575,6.283059863559149,-2.123916186141741,-1.017613745637836
717,5,10,-1.106302440504062,2.212604881008123,-.5531512202520210,-.5531512202520404
718,1,784,.000000000000000,.000000000000000,-1.663741219685585,1.663741219685585
718,2,256,-3.327482439370389,6.654964878740778,-3.250160354998266,-.7732208437212078E-01
718,3,256,-3.172838270625486,6.345676541250972,-3.157189496017589,-.1564877460789538E-01
718,4,256,-3.141540721409683,6.283081442819365,-2.123921351968089,-1.017619369441597
718,5,10,-1.106301982526343,2.212603965052685,-.5531509912631827,-.5531509912631599
719,1,784,.000000000000000,.000000000000000,-1.663741219685581,1.663741219685581
719,2,256,-3.327482439370470,6.654964878740940,-3.250140980544599,-.7734145882587078E-01
719,3,256,-3.172799521717795,6.345599043435590,-3.157174705219989,-.1562481649780463E-01
719,4,256,-3.141549888722091,6.283099777444181,-2.123960894488790,-1.017588994233299
719,5,10,-1.106371900255644,2.212743800511288,-.5531859501278188,-.5531859501278255
720,1,784,.000000000000000,.000000000000000,-1.663741219685583,1.663741219685583
720,2,256,-3.327482439370227,6.654964878740454,-3.250142707101861,-.7733973226836478E-01
720,3,256,-3.172802974832519,6.345605949665037,-3.157153721871770,-.1564925296074953E-01
720,4,256,-3.141504468910992,6.283008937821983,-2.123923383034541,-1.017581085876450
720,5,10,-1.106342297158134,2.212684594316269,-.5531711485790528,-.5531711485790817
721,1,784,.000000000000000,.000000000000000,-1.663741219685584,1.663741219685584
721,2,256,-3.327482439370431,6.654964878740863,-3.250142536574704,-.7733990279572531E-01
721,3,256,-3.172802633777990,6.345605267555979,-3.157145534885073,-.1565709889291753E-01
721,4,256,-3.141488435991764,6.282976871983529,-2.123883476662360,-1.017604959329404
721,5,10,-1.106278517332824,2.212557034665649,-.5531392586664095,-.5531392586664150
722,1,784,.000000000000000,.000000000000000,-1.663741219685583,1.663741219685583
722,2,256,-3.327482439370365,6.654964878740731,-3.250137686371829,-.7734475299853613E-01
722,3,256,-3.172792933372786,6.345585866745572,-3.157160042176095,-.1563289119669592E-01
722,4,256,-3.141527150979680,6.283054301959361,-2.123892688590969,-1.017634462388711
722,5,10,-1.106258226202248,2.212516452404496,-.5531291131011259,-.5531291131011220
723,1,784,.000000000000000,.000000000000000,-1.663741219685583,1.663741219685583
723,2,256,-3.327482439370378,6.654964878740755,-3.250155759290030,-.7732668008034897E-01
723,3,256,-3.172829079208872,6.345658158417745,-3.157172665760971,-.1565641344790017E-01
723,4,256,-3.141516252313028,6.283032504626056,-2.123917620338527,-1.017598631974500
723,5,10,-1.106318988364044,2.212637976728088,-.5531594941820011,-.5531594941820427
724,1,784,.000000000000000,.000000000000000,-1.663741219685585,1.663741219685585
724,2,256,-3.327482439370399,6.654964878740797,-3.250159588729746,-.7732285064065163E-01
724,3,256,-3.172836738088435,6.345673476176871,-3.157189791081239,-.1564694700719730E-01
724,4,256,-3.141542844074305,6.283085688148610,-2.123899656861256,-1.017643187213050
724,5,10,-1.106256469648419,2.212512939296839,-.5531282348241831,-.5531282348242363
725,1,784,.000000000000000,.000000000000000,-1.663741219685582,1.663741219685582
725,2,256,-3.327482439370377,6.654964878740754,-3.250147633919326,-.7733480545105034E-01
725,3,256,-3.172812828467404,6.345625656934808,-3.157178542945908,-.1563428552149514E-01
725,4,256,-3.141544257424270,6.283088514848539,-2.123945983918024,-1.017598273506243
725,5,10,-1.106347710411707,2.212695420823415,-.5531738552058593,-.5531738552058482
726,1,784,.000000000000000,.000000000000000,-1.663741219685586,1.663741219685586
726,2,256,-3.327482439370493,6.654964878740985,-3.250141471314391,-.7734096805610143E-01
726,3,256,-3.172800503257570,6.345601006515140,-3.157173025137654,-.1562747811991549E-01
726,4,256,-3.141545547017961,6.283091094035923,-2.123909286931493,-1.017636260086468
726,5,10,-1.106273026845319,2.212546053690638,-.5531365134226479,-.5531365134226712
727,1,784,.000000000000000,.000000000000000,-1.663741219685583,1.663741219685583
727,2,256,-3.327482439370249,6.654964878740499,-3.250142824016911,-.7733961535333742E-01
727,3,256,-3.172803208662718,6.345606417325436,-3.157156311355708,-.1564689730701027E-01
727,4,256,-3.141509414049025,6.283018828098049,-2.123896389776166,-1.017613024272858
727,5,10,-1.106283365503590,2.212566731007179,-.5531416827517894,-.5531416827518000
728,1,784,.000000000000000,.000000000000000,-1.663741219685583,1.663741219685583
728,2,256,-3.327482439370371,6.654964878740741,-3.250149288184572,-.7733315118580188E-01
728,3,256,-3.172816136998036,6.345632273996071,-3.157161382218838,-.1565475477919812E-01
728,4,256,-3.141506627439608,6.283013254879215,-2.123900746897544,-1.017605880542064
728,5,10,-1.106294866355413,2.212589732710826,-.5531474331776948,-.5531474331777181
729,1,784,.000000000000000,.000000000000000,-1.663741219685584,1.663741219685584
729,2,256,-3.327482439370362,6.654964878740723,-3.250145432860447,-.7733700650991343E-01
729,3,256,-3.172808426349554,6.345616852699107,-3.157180645868725,-.1562778048082941E-01
729,4,256,-3.141552865387715,6.283105730775429,-2.123914948312303,-1.017637917075416
729,5,10,-1.106277031236856,2.212554062473712,-.5531385156184413,-.5531385156184147
730,1,784,.000000000000000,.000000000000000,-1.663741219685583,1.663741219685583
730,2,256,-3.327482439370354,6.654964878740707,-3.250140397551367,-.7734204181898716E-01
730,3,256,-3.172798355731023,6.345596711462046,-3.157189074064224,-.1560928166679928E-01
730,4,256,-3.141579792396660,6.283159584793321,-2.123913244886456,-1.017666547510204
730,5,10,-1.106246697376018,2.212493394752037,-.5531233486880199,-.5531233486879983
731,1,784,.000000000000000,.000000000000000,-1.663741219685586,1.663741219685586
731,2,256,-3.327482439370307,6.654964878740613,-3.250154788703866,-.7732765066644133E-01
731,3,256,-3.172827138036852,6.345654276073704,-3.157156462472280,-.1567067556457467E-01
731,4,256,-3.141485786907863,6.282971573815726,-2.123882312243763,-1.017603474664099
731,5,10,-1.106278837579547,2.212557675159094,-.5531394187897701,-.5531394187897768
732,1,784,.000000000000000,.000000000000000,-1.663741219685585,1.663741219685585
732,2,256,-3.327482439370478,6.654964878740957,-3.250147023687088,-.7733541568339268E-01
732,3,256,-3.172811608003049,6.345623216006098,-3.157164037919618,-.1564757008343321E-01
732,4,256,-3.141516467836219,6.283032935672438,-2.123878698647244,-1.017637769188976
732,5,10,-1.106240929458294,2.212481858916588,-.5531204647291332,-.5531204647291605
733,1,784,.000000000000000,.000000000000000,-1.663741219685584,1.663741219685584
733,2,256,-3.327482439370449,6.654964878740897,-3.250151502906410,-.7733093646403608E-01
733,3,256,-3.172820566441713,6.345641132883427,-3.157187233050899,-.1563333339081690E-01
733,4,256,-3.141553899660094,6.283107799320189,-2.123918774414794,-1.017635125245300
733,5,10,-1.106283649169453,2.212567298338906,-.5531418245847214,-.5531418245847319
734,1,784,.000000000000000,.000000000000000,-1.663741219685584,1.663741219685584
734,2,256,-3.327482439370400,6.654964878740801,-3.250145765631889,-.7733667373851234E-01
734,3,256,-3.172809091892624,6.345618183785247,-3.157163157946469,-.1564593394615152E-01
734,4,256,-3.141517224000208,6.283034448000415,-2.123922135714737,-1.017595088285472
734,5,10,-1.106327047429140,2.212654094858280,-.5531635237145726,-.5531635237145676
735,1,784,.000000000000000,.000000000000000,-1.663741219685581,1.663741219685581
735,2,256,-3.327482439370336,6.654964878740672,-3.250159945428709,-.7732249394162583E-01
735,3,256,-3.172837451486273,6.345674902972545,-3.157156110008632,-.1568134147764055E-01
735,4,256,-3.141474768531245,6.282949537062491,-2.123889327943061,-1.017585440588187
735,5,10,-1.106303887355080,2.212607774710159,-.5531519436775558,-.5531519436775236
736,1,784,.000000000000000,.000000000000000,-1.663741219685581,1.663741219685581
736,2,256,-3.327482439370296,6.654964878740592,-3.250148128164312,-.7733431120598414E-01
736,3,256,-3.172813816957518,6.345627633915036,-3.157158993694756,-.1565482326275934E-01
736,4,256,-3.141504170432120,6.283008340864241,-2.123861150654583,-1.017643019777540
736,5,10,-1.106218130877112,2.212436261754223,-.5531090654385546,-.5531090654385569
737,1,784,.000000000000000,.000000000000000,-1.663741219685583,1.663741219685583
737,2,256,-3.327482439370345,6.654964878740690,-3.250136128445748,-.7734631092459912E-01
737,3,256,-3.172789817520324,6.345579635040647,-3.157152282970129,-.1563753455019457E-01
737,4,256,-3.141514748420043,6.283029496840086,-2.123929686248589,-1.017585062171451
737,5,10,-1.106344624077247,2.212689248154494,-.5531723120386248,-.5531723120386220
738,1,784,.000000000000000,.000000000000000,-1.663741219685583,1.663741219685583
738,2,256,-3.327482439370355,6.654964878740709,-3.250148720597017,-.7733371877333675E-01
738,3,256,-3.172815001822717,6.345630003645435,-3.157156638511744,-.1565836331097316E-01
738,4,256,-3.141498275200504,6.282996550401007,-2.123880343969304,-1.017617931231200
738,5,10,-1.106262412737972,2.212524825475944,-.5531312063689966,-.5531312063689755
739,1,784,.000000000000000,.000000000000000,-1.663741219685582,1.663741219685582
739,2,256,-3.327482439370356,6.654964878740713,-3.250152705002260,-.7732973436809658E-01
739,3,256,-3.172822970633460,6.345645941266921,-3.157162468693912,-.1566050193954951E-01
739,4,256,-3.141501966754608,6.283003933509216,-2.123897205139905,-1.017604761614704
739,5,10,-1.106292443525313,2.212584887050627,-.5531462217626719,-.5531462217626414
740,1,784,.000000000000000,.000000000000000,-1.663741219685583,1.663741219685583
740,2,256,-3.327482439370333,6.654964878740666,-3.250148557204925,-.7733388216540654E-01
740,3,256,-3.172814675039026,6.345629350078053,-3.157167279563213,-.1564739547581121E-01
740,4,256,-3.141519884087830,6.283039768175660,-2.123904748307959,-1.017615135779875
740,5,10,-1.106289612528216,2.212579225056432,-.5531448062640890,-.5531448062641268
741,1,784,.000000000000000,.000000000000000,-1.663741219685583,1.663741219685583
741,2,256,-3.327482439370335,6.654964878740670,-3.250148139056330,-.7733430031400400E-01
741,3,256,-3.172813838741678,6.345627677483355,-3.157166190892960,-.1564764784871686E-01
741,4,256,-3.141518543044663,6.283037086089325,-2.123905462727557,-1.017613080317104
741,5,10,-1.106292382410686,2.212584764821371,-.5531461912053468,-.5531461912053390
742,1,784,.000000000000000,.000000000000000,-1.663741219685583,1.663741219685583
742,2,256,-3.327482439370382,6.654964878740763,-3.250149611503159,-.7733282786722451E-01
742,3,256,-3.172816783635142,6.345633567270283,-3.157174422643265,-.1564236099188075E-01
742,4,256,-3.141532061651195,6.283064123302391,-2.123905002318916,-1.017627059332278
742,5,10,-1.106277942986457,2.212555885972914,-.5531389714932311,-.5531389714932261
743,1,784,.000000000000000,.000000000000000,-1.663741219685581,1.663741219685581
743,2,256,-3.327482439370223,6.654964878740445,-3.250141617547629,-.7734082182259071E-01
743,3,256,-3.172800795724061,6.345601591448122,-3.157167083798584,-.1563371192547604E-01
743,4,256,-3.141533371872807,6.283066743745613,-2.123940744471885,-1.017592627400923
743,5,10,-1.106348117070713,2.212696234141426,-.5531740585353500,-.5531740585353633
744,1,784,.000000000000000,.000000000000000,-1.663741219685584,1.663741219685584
744,2,256,-3.327482439370319,6.654964878740637,-3.250147652499468,-.7733478687084898E-01
744,3,256,-3.172812865627908,6.345625731255815,-3.157183018507876,-.1562984712003037E-01
744,4,256,-3.141553171388137,6.283106342776275,-2.123928124468089,-1.017625046920049
744,5,10,-1.106303077548239,2.212606155096478,-.5531515387740983,-.5531515387741410
745,1,784,.000000000000000,.000000000000000,-1.663741219685583,1.663741219685583
745,2,256,-3.327482439370384,6.654964878740768,-3.250143129964340,-.7733930940604057E-01
745,3,256,-3.172803820557710,6.345607641115420,-3.157153866125435,-.1564995443227623E-01
745,4,256,-3.141503911693414,6.283007823386829,-2.123867416665859,-1.017636495027556
745,5,10,-1.106230921638349,2.212461843276697,-.5531154608191834,-.5531154608191651
746,1,784,.000000000000000,.000000000000000,-1.663741219685582,1.663741219685582
746,2,256,-3.327482439370438,6.654964878740875,-3.250148254341749,-.7733418502868630E-01
746,3,256,-3.172814069312233,6.345628138624465,-3.157181681003079,-.1563238830915575E-01
746,4,256,-3.141549292693788,6.283098585387576,-2.123923380681215,-1.017625912012573
746,5,10,-1.106297468668641,2.212594937337282,-.5531487343343043,-.5531487343343365
747,1,784,.000000000000000,.000000000000000,-1.663741219685587,1.663741219685587
747,2,256,-3.327482439370283,6.654964878740566,-3.250151867559149,-.7733057181113523E-01
747,3,256,-3.172821295747167,6.345642591494334,-3.157156180133913,-.1566511561325759E-01
747,4,256,-3.141491064520493,6.282982129040986,-2.123915219397177,-1.017575845123316
747,5,10,-1.106339374273649,2.212678748547298,-.5531696871368312,-.5531696871368179
748,1,784,.000000000000000,.000000000000000,-1.663741219685583,1.663741219685583
748,2,256,-3.327482439370284,6.654964878740568,-3.250150276506879,-.7733216286340555E-01
748,3,256,-3.172818113642271,6.345636227284542,-3.157178524011173,-.1563958963109951E-01
748,4,256,-3.141538934379636,6.283077868759273,-2.123925583327628,-1.017613351052008
748,5,10,-1.106312232275461,2.212624464550923,-.5531561161377512,-.5531561161377101
749,1,784,.000000000000000,.000000000000000,-1.663741219685586,1.663741219685586
749,2,256,-3.327482439370409,6.654964878740818,-3.250146411920449,-.7733602744996146E-01
749,3,256,-3.172810384470035,6.345620768940069,-3.157171996906691,-.1563838756334523E-01
749,4,256,-3.141533609343809,6.283067218687617,-2.123913079761421,-1.017620529582388
749,5,10,-1.106292550179220,2.212585100358439,-.5531462750895959,-.5531462750896237
750,1,784,.000000000000000,.000000000000000,-1.663741219685583,1.663741219685583
750,2,256,-3.327482439370317,6.654964878740635,-3.250141908105629,-.7734053126468875E-01
750,3,256,-3.172801376840076,6.345602753680152,-3.157177327955452,-.1562404888462370E-01
750,4,256,-3.141553279071040,6.283106558142079,-2.123941744163229,-1.017611534907812
750,5,10,-1.106330209255618,2.212660418511236,-.5531651046278220,-.5531651046277959
751,1,784,.000000000000000,.000000000000000,-1.663741219685582,1.663741219685582
751,2,256,-3.327482439370471,6.654964878740941,-3.250137634060239,-.7734480531023216E-01
751,3,256,-3.172792828749211,6.345585657498422,-3.157150068177650,-.1564276057155910E-01
751,4,256,-3.141507307605947,6.283014615211894,-2.123903824154561,-1.017603483451385
751,5,10,-1.106300340703175,2.212600681406349,-.5531501703515671,-.5531501703516076
752,1,784,.000000000000000,.000000000000000,-1.663741219685583,1.663741219685583
752,2,256,-3.327482439370253,6.654964878740507,-3.250153797366949,-.7732864200330164E-01
752,3,256,-3.172825155362915,6.345650310725830,-3.157165886832385,-.1565926853053035E-01
752,4,256,-3.141506618301997,6.283013236603995,-2.123888346086205,-1.017618272215794
752,5,10,-1.106270073870378,2.212540147740757,-.5531350369351894,-.5531350369351888
753,1,784,.000000000000000,.000000000000000,-1.663741219685583,1.663741219685583
753,2,256,-3.327482439370312,6.654964878740625,-3.250155160592876,-.7732727877743650E-01
753,3,256,-3.172827881814772,6.345655763629543,-3.157183107045460,-.1564477476931441E-01
753,4,256,-3.141538332276255,6.283076664552509,-2.123920787346184,-1.017617544930069
753,5,10,-1.106303242416045,2.212606484832089,-.5531516212080206,-.5531516212080240
754,1,784,.000000000000000,.000000000000000,-1.663741219685583,1.663741219685583
754,2,256,-3.327482439370403,6.654964878740807,-3.250140690705450,-.7734174866495121E-01
754,3,256,-3.172798942039537,6.345597884079075,-3.157163245839213,-.1563569620032526E-01
754,4,256,-3.141527549638547,6.283055099277094,-2.123904930229680,-1.017622619408870
754,5,10,-1.106282310820654,2.212564621641308,-.5531411554103369,-.5531411554103169
755,1,784,.000000000000000,.000000000000000,-1.663741219685583,1.663741219685583
755,2,256,-3.327482439370352,6.654964878740705,-3.250146811666761,-.7733562770359069E-01
755,3,256,-3.172811183962320,6.345622367924641,-3.157149598239448,-.1566158572287556E-01
755,4,256,-3.141488012516624,6.282976025033247,-2.123880031622246,-1.017607980894375
755,5,10,-1.106272050727955,2.212544101455911,-.5531360253639793,-.5531360253639760
756,1,784,.000000000000000,.000000000000000,-1.663741219685582,1.663741219685582
756,2,256,-3.327482439370434,6.654964878740868,-3.250151275364432,-.7733116400599968E-01
756,3,256,-3.172820111357745,6.345640222715490,-3.157159225523033,-.1566088583471381E-01
756,4,256,-3.141498339688499,6.282996679376997,-2.123926600252457,-1.017571739436043
756,5,10,-1.106354860816517,2.212709721633034,-.5531774304082723,-.5531774304082445
757,1,784,.000000000000000,.000000000000000,-1.663741219685583,1.663741219685583
757,2,256,-3.327482439370256,6.654964878740511,-3.250149832854201,-.7733260651605450E-01
757,3,256,-3.172817226337308,6.345634452674616,-3.157181649828580,-.1563557650872737E-01
757,4,256,-3.141546073319987,6.283092146639974,-2.123914728833632,-1.017631344486356
757,5,10,-1.106283384347319,2.212566768694638,-.5531416921736660,-.5531416921736527
758,1,784,.000000000000000,.000000000000000,-1.663741219685585,1.663741219685585
758,2,256,-3.327482439370348,6.654964878740696,-3.250141738069948,-.7734070130039693E-01
758,3,256,-3.172801036768686,6.345602073537371,-3.157156298570053,-.1564473819863204E-01
758,4,256,-3.141511560371551,6.283023120743102,-2.123896198304587,-1.017615362066963
758,5,10,-1.106280836237805,2.212561672475610,-.5531404181189009,-.5531404181189042
759,1,784,.000000000000000,.000000000000000,-1.663741219685583,1.663741219685583
759,2,256,-3.327482439370364,6.654964878740728,-3.250135406202284,-.7734703316808174E-01
759,3,256,-3.172788373033314,6.345576746066627,-3.157146167899064,-.1564220513424776E-01
759,4,256,-3.141503962764749,6.283007925529498,-2.123898364742276,-1.017605598022473
759,5,10,-1.106292766719844,2.212585533439689,-.5531463833599124,-.5531463833599319
760,1,784,.000000000000000,.000000000000000,-1.663741219685583,1.663741219685583
760,2,256,-3.327482439370346,6.654964878740692,-3.250135166031004,-.7734727333933884E-01
760,3,256,-3.172787892691123,6.345575785382247,-3.157166675133144,-.1562121755797669E-01
760,4,256,-3.141545457575591,6.283090915151182,-2.123954586748559,-1.017590870827032
760,5,10,-1.106363715921677,2.212727431843354,-.5531818579608364,-.5531818579608403
761,1,784,.000000000000000,.000000000000000,-1.663741219685585,1.663741219685585
761,2,256,-3.327482439370338,6.654964878740675,-3.250156079869495,-.7732635950084125E-01
761,3,256,-3.172829720367924,6.345659440735847,-3.157182258063920,-.1564746230400488E-01
761,4,256,-3.141534795759815,6.283069591519631,-2.123943616020533,-1.017591179739283
761,5,10,-1.106352436281015,2.212704872562029,-.5531762181405243,-.5531762181404904
762,1,784,.000000000000000,.000000000000000,-1.663741219685583,1.663741219685583
762,2,256,-3.327482439370360,6.654964878740720,-3.250139059440960,-.7734337992940345E-01
762,3,256,-3.172795679510867,6.345591359021734,-3.157156864479765,-.1563881503109995E-01
762,4,256,-3.141518049448763,6.283036098897527,-2.123903013459725,-1.017615035989038
762,5,10,-1.106287977470687,2.212575954941374,-.5531439887353365,-.5531439887353504
763,1,784,.000000000000000,.000000000000000,-1.663741219685580,1.663741219685580
763,2,256,-3.327482439370255,6.654964878740510,-3.250151018482242,-.7733142088801351E-01
763,3,256,-3.172819597593352,6.345639195186704,-3.157184605353911,-.1563499223944255E-01
763,4,256,-3.141549613114181,6.283099226228361,-2.123915536920525,-1.017634076193655
763,5,10,-1.106281460726575,2.212562921453149,-.5531407303632723,-.5531407303633022
764,1,784,.000000000000000,.000000000000000,-1.663741219685585,1.663741219685585
764,2,256,-3.327482439370437,6.654964878740874,-3.250139887630246,-.7734255174019268E-01
764,3,256,-3.172797335889461,6.345594671778922,-3.157144715300913,-.1565262058854902E-01
764,4,256,-3.141492094712598,6.282984189425195,-2.123910981602877,-1.017581113109721
764,5,10,-1.106329868493237,2.212659736986473,-.5531649342466266,-.5531649342466100
765,1,784,.000000000000000,.000000000000000,-1.663741219685583,1.663741219685583
765,2,256,-3.327482439370351,6.654964878740703,-3.250157507023185,-.7732493234716578E-01
765,3,256,-3.172832574675139,6.345665149350278,-3.157187425276052,-.1564514939908705E-01
765,4,256,-3.141542275877041,6.283084551754082,-2.123909684795209,-1.017632591081832
765,5,10,-1.106277093713526,2.212554187427052,-.5531385468567614,-.5531385468567642
766,1,784,.000000000000000,.000000000000000,-1.663741219685585,1.663741219685585
766,2,256,-3.327482439370390,6.654964878740779,-3.250141065673443,-.7734137369694767E-01
766,3,256,-3.172799691975922,6.345599383951844,-3.157159508582840,-.1564018339307906E-01
766,4,256,-3.141519325190243,6.283038650380487,-2.123901376247555,-1.017617948942687
766,5,10,-1.106283427305163,2.212566854610326,-.5531417136525768,-.5531417136525862
767,1,784,.000000000000000,.000000000000000,-1.663741219685586,1.663741219685586
767,2,256,-3.327482439370370,6.654964878740739,-3.250128536960422,-.7735390240995031E-01
767,3,256,-3.172774634549742,6.345549269099484,-3.157158625145775,-.1561600940397033E-01
767,4,256,-3.141542615741923,6.283085231483845,-2.123894285287556,-1.017648330454368
767,5,10,-1.106245954833206,2.212491909666412,-.5531229774166210,-.5531229774165849
768,1,784,.000000000000000,.000000000000000,-1.663741219685583,1.663741219685583
768,2,256,-3.327482439370324,6.654964878740649,-3.250157201581668,-.7732523778865365E-01
768,3,256,-3.172831963792070,6.345663927584140,-3.157170958540023,-.1566100525204745E-01
768,4,256,-3.141509953287865,6.283019906575730,-2.123911274606462,-1.017598678681405
768,5,10,-1.106312595925029,2.212625191850058,-.5531562979625235,-.5531562979625052
769,1,784,.000000000000000,.000000000000000,-1.663741219685584,1.663741219685584
769,2,256,-3.327482439370342,6.654964878740683,-3.250138294999769,-.7734414437057099E-01
769,3,256,-3.172794150628132,6.345588301256264,-3.157160985437475,-.1563316519065679E-01
769,4,256,-3.141527820246536,6.283055640493072,-2.123899160764329,-1.017628659482205
769,5,10,-1.106270501282080,2.212541002564159,-.5531352506410443,-.5531352506410354
770,1,784,.000000000000000,.000000000000000,-1.663741219685585,1.663741219685585
770,2,256,-3.327482439370160,6.654964878740320,-3.250143011355935,-.7733942801422446E-01
770,3,256,-3.172803583340735,6.345607166681470,-3.157173612301989,-.1562997103874204E-01
770,4,256,-3.141543641263425,6.283087282526850,-2.123918991806740,-1.017624649456685
770,5,10,-1.106294342350204,2.212588684700409,-.5531471711751030,-.5531471711751013
771,1,784,.000000000000000,.000000000000000,-1.663741219685583,1.663741219685583
771,2,256,-3.327482439370302,6.654964878740604,-3.250140747255496,-.7734169211480678E-01
771,3,256,-3.172799055140031,6.345598110280062,-3.157138709812162,-.1566034532786800E-01
771,4,256,-3.141478364484403,6.282956728968806,-2.123871829630937,-1.017606534853467
771,5,10,-1.106265294777393,2.212530589554785,-.5531326473886879,-.5531326473887046
772,1,784,.000000000000000,.000000000000000,-1.663741219685583,1.663741219685583
772,2,256,-3.327482439370366,6.654964878740731,-3.250156277649846,-.7732616172051893E-01
772,3,256,-3.172830115928383,6.345660231856766,-3.157171612838872,-.1565850308950886E-01
772,4,256,-3.141513109749145,6.283026219498289,-2.123892952481940,-1.017620157267204
772,5,10,-1.106272795214676,2.212545590429353,-.5531363976073318,-.5531363976073446
773,1,784,.000000000000000,.000000000000000,-1.663741219685582,1.663741219685582
773,2,256,-3.327482439370324,6.654964878740649,-3.250148551020724,-.7733388834960125E-01
773,3,256,-3.172814662670373,6.345629325340747,-3.157165693248331,-.1564896942204461E-01
773,4,256,-3.141516723826603,6.283033447653206,-2.123873825326559,-1.017642898500041
773,5,10,-1.106230926826719,2.212461853653439,-.5531154634133753,-.5531154634133442
774,1,784,.000000000000000,.000000000000000,-1.663741219685583,1.663741219685583
774,2,256,-3.327482439370432,6.654964878740864,-3.250150998698355,-.7733144067207824E-01
774,3,256,-3.172819558025420,6.345639116050840,-3.157174423467037,-.1564513455838047E-01
774,4,256,-3.141529288908591,6.283058577817182,-2.123897202279390,-1.017632086629202
774,5,10,-1.106265115650233,2.212530231300467,-.5531325578251228,-.5531325578251106
775,1,784,.000000000000000,.000000000000000,-1.663741219685582,1.663741219685582
775,2,256,-3.327482439370412,6.654964878740825,-3.250140158687446,-.7734228068296770E-01
775,3,256,-3.172797878003453,6.345595756006905,-3.157163150070140,-.1563472793331221E-01
775,4,256,-3.141528422136385,6.283056844272770,-2.123921402243529,-1.017607019892854
775,5,10,-1.106314382350516,2.212628764701033,-.5531571911752530,-.5531571911752635
776,1,784,.000000000000000,.000000000000000,-1.663741219685584,1.663741219685584
776,2,256,-3.327482439370253,6.654964878740506,-3.250143876212618,-.7733856315763470E-01
776,3,256,-3.172805313054317,6.345610626108634,-3.157165785624825,-.1563952742949137E-01
776,4,256,-3.141526258195631,6.283052516391263,-2.123864152478328,-1.017662105717304
776,5,10,-1.106202046761039,2.212404093522078,-.5531010233805373,-.5531010233805018
777,1,784,.000000000000000,.000000000000000,-1.663741219685583,1.663741219685583
777,2,256,-3.327482439370316,6.654964878740633,-3.250159740790912,-.7732269857940641E-01
777,3,256,-3.172837042210802,6.345674084421605,-3.157182300341801,-.1565474186900014E-01
777,4,256,-3.141527558472616,6.283055116945231,-2.123883718915656,-1.017643839556959
777,5,10,-1.106239879358379,2.212479758716758,-.5531199396791848,-.5531199396791943
778,1,784,.000000000000000,.000000000000000,-1.663741219685584,1.663741219685584
778,2,256,-3.327482439370467,6.654964878740934,-3.250157091309355,-.7732534806111308E-01
778,3,256,-3.172831743247747,6.345663486495494,-3.157176365147594,-.1565537810015621E-01
778,4,256,-3.141520987047402,6.283041974094805,-2.123927727110173,-1.017593259937229
778,5,10,-1.106334467172760,2.212668934345519,-.5531672335863566,-.5531672335864032
779,1,784,.000000000000000,.000000000000000,-1.663741219685583,1.663741219685583
779,2,256,-3.327482439370244,6.654964878740489,-3.250145966317320,-.7733647305292449E-01
779,3,256,-3.172809493263578,6.345618986527155,-3.157156595235424,-.1565289802815415E-01
779,4,256,-3.141503697207402,6.283007394414803,-2.123937122197879,-1.017566575009523
779,5,10,-1.106370547188405,2.212741094376810,-.5531852735941958,-.5531852735942091
780,1,784,.000000000000000,.000000000000000,-1.663741219685581,1.663741219685581
780,2,256,-3.327482439370365,6.654964878740730,-3.250136402943185,-.7734603642717709E-01
780,3,256,-3.172790366515045,6.345580733030091,-3.157177444038818,-.1561292247622537E-01
780,4,256,-3.141564521562272,6.283129043124545,-2.123947573733949,-1.017616947828322
780,5,10,-1.106330625905428,2.212661251810856,-.5531653129527352,-.5531653129526930
781,1,784,.000000000000000,.000000000000000,-1.663741219685584,1.663741219685584
781,2,256,-3.327482439370249,6.654964878740498,-3.250148161693081,-.7733427767716733E-01
781,3,256,-3.172813884014938,6.345627768029876,-3.157189289570354,-.1562459444458461E-01
781,4,256,-3.141564695125716,6.283129390251433,-2.123938665029731,-1.017626030095985
781,5,10,-1.106312634933718,2.212625269867437,-.5531563174668764,-.5531563174668420
782,1,784,.000000000000000,.000000000000000,-1.663741219685583,1.663741219685583
782,2,256,-3.327482439370356,6.654964878740712,-3.250153871913330,-.7732856745702604E-01
782,3,256,-3.172825304455139,6.345650608910279,-3.157172579276125,-.1565272517901171E-01
782,4,256,-3.141519854096812,6.283039708193623,-2.123909957861081,-1.017609896235730
782,5,10,-1.106300061625417,2.212600123250835,-.5531500308127023,-.5531500308127151
783,1,784,.000000000000000,.000000000000000,-1.663741219685584,1.663741219685584
783,2,256,-3.327482439370337,6.654964878740674,-3.250144444379606,-.7733799499072863E-01
783,3,256,-3.172806449388228,6.345612898776455,-3.157155778400633,-.1565067098759584E-01
783,4,256,-3.141505107413259,6.283010214826517,-2.123920644274490,-1.017584463138767
783,5,10,-1.106336181135764,2.212672362271527,-.5531680905678863,-.5531680905678774
784,1,784,.000000000000000,.000000000000000,-1.663741219685583,1.663741219685583
784,2,256,-3.327482439370386,6.654964878740771,-3.250150870228546,-.7733156914183739E-01
784,3,256,-3.172819301086389,6.345638602172778,-3.157157001307336,-.1566229977905278E-01
784,4,256,-3.141494701528875,6.282989403057750,-2.123915401623593,-1.017579299905281
784,5,10,-1.106336101718437,2.212672203436875,-.5531680508592226,-.5531680508592148
785,1,784,.000000000000000,.000000000000000,-1.663741219685583,1.663741219685583
785,2,256,-3.327482439370450,6.654964878740900,-3.250150552848889,-.7733188652156017E-01
785,3,256,-3.172818666326339,6.345637332652678,-3.157149958645570,-.1566870768077149E-01
785,4,256,-3.141481250964406,6.282962501928812,-2.123907568920517,-1.017573682043890
785,5,10,-1.106333886876532,2.212667773753065,-.5531669434382547,-.5531669434382775
786,1,784,.000000000000000,.000000000000000,-1.663741219685582,1.663741219685582
786,2,256,-3.327482439370316,6.654964878740631,-3.250146717206183,-.7733572216413462E-01
786,3,256,-3.172810995041084,6.345621990082168,-3.157151174691701,-.1565982034938341E-01
786,4,256,-3.141491354342129,6.282982708684258,-2.123845179660785,-1.017646174681344
786,5,10,-1.106199004979320,2.212398009958641,-.5530995024896852,-.5530995024896352
787,1,784,.000000000000000,.000000000000000,-1.663741219685584,1.663741219685584
787,2,256,-3.327482439370332,6.654964878740665,-3.250142104461584,-.7734033490874784E-01
787,3,256,-3.172801769551990,6.345603539103981,-3.157147591596441,-.1565417795555035E-01
787,4,256,-3.141493413641200,6.282986827282399,-2.123896345180712,-1.017597068460487
787,5,10,-1.106299276720530,2.212598553441059,-.5531496383602710,-.5531496383602588
788,1,784,.000000000000000,.000000000000000,-1.663741219685584,1.663741219685584
788,2,256,-3.327482439370334,6.654964878740667,-3.250142400451496,-.7734003891883628E-01
788,3,256,-3.172802361532026,6.345604723064053,-3.157168144359991,-.1563421717203587E-01
788,4,256,-3.141533927188009,6.283067854376017,-2.123942305802291,-1.017591621385716
788,5,10,-1.106350684416432,2.212701368832865,-.5531753422082126,-.5531753422082198
789,1,784,.000000000000000,.000000000000000,-1.663741219685582,1.663741219685582
789,2,256,-3.327482439370269,6.654964878740538,-3.250141728998445,-.7734071037182301E-01
789,3,256,-3.172801018625531,6.345602037251061,-3.157177428582479,-.1562359004305072E-01
789,4,256,-3.141553838539729,6.283107677079458,-2.123906985304247,-1.017646853235484
789,5,10,-1.106260132069245,2.212520264138491,-.5531300660346332,-.5531300660346121
790,1,784,.000000000000000,.000000000000000,-1.663741219685582,1.663741219685582
790,2,256,-3.327482439370478,6.654964878740955,-3.250152601454278,-.7732983791620060E-01
790,3,256,-3.172822763537143,6.345645527074287,-3.157161008602841,-.1566175493430387E-01
790,4,256,-3.141499253668008,6.282998507336015,-2.123898951738860,-1.017600301929151
790,5,10,-1.106298649809435,2.212597299618870,-.5531493249047152,-.5531493249047197
791,1,784,.000000000000000,.000000000000000,-1.663741219685582,1.663741219685582
791,2,256,-3.327482439370431,6.654964878740861,-3.250138304972400,-.7734413439803238E-01
791,3,256,-3.172794170573907,6.345588341147814,-3.157151219225279,-.1564295134862955E-01
791,4,256,-3.141508267877112,6.283016535754223,-2.123927423092639,-1.017580844784476
791,5,10,-1.106346578308380,2.212693156616760,-.5531732891541777,-.5531732891542022
792,1,784,.000000000000000,.000000000000000,-1.663741219685583,1.663741219685583
792,2,256,-3.327482439370354,6.654964878740708,-3.250138724413108,-.7734371495724443E-01
792,3,256,-3.172795009454858,6.345590018909716,-3.157174352942810,-.1562065651204625E-01
792,4,256,-3.141553696430610,6.283107392861219,-2.123961681196497,-1.017592015234112
792,5,10,-1.106369665962412,2.212739331924825,-.5531848329812132,-.5531848329811994
793,1,784,.000000000000000,.000000000000000,-1.663741219685583,1.663741219685583
793,2,256,-3.327482439370394,6.654964878740787,-3.250147701002447,-.7733473836795163E-01
793,3,256,-3.172812962633706,6.345625925267412,-3.157137966447775,-.1567499618593137E-01
793,4,256,-3.141462970261903,6.282925940523807,-2.123919407968848,-1.017543562293054
793,5,10,-1.106375845675883,2.212751691351766,-.5531879228379383,-.5531879228379444
794,1,784,.000000000000000,.000000000000000,-1.663741219685582,1.663741219685582
794,2,256,-3.327482439370404,6.654964878740809,-3.250150157669339,-.7733228170106149E-01
794,3,256,-3.172817875967809,6.345635751935617,-3.157174045408641,-.1564383055916655E-01
794,4,256,-3.141530214849586,6.283060429699173,-2.123919523676038,-1.017610691173547
794,5,10,-1.106308832502302,2.212617665004605,-.5531544162511562,-.5531544162511463
795,1,784,.000000000000000,.000000000000000,-1.663741219685584,1.663741219685584
795,2,256,-3.327482439370323,6.654964878740645,-3.250161162890321,-.7732127648000131E-01
795,3,256,-3.172839886409739,6.345679772819477,-3.157176815317827,-.1566307109191097E-01
795,4,256,-3.141513744226236,6.283027488452471,-2.123903051108780,-1.017610693117458
795,5,10,-1.106292357991369,2.212584715982738,-.5531461789956946,-.5531461789956741
796,1,784,.000000000000000,.000000000000000,-1.663741219685583,1.663741219685583
796,2,256,-3.327482439370448,6.654964878740896,-3.250140286004101,-.7734215336634687E-01
796,3,256,-3.172798132637338,6.345596265274676,-3.157165111430339,-.1563302120700071E-01
796,4,256,-3.141532090223670,6.283064180447340,-2.123900752533555,-1.017631337690116
796,5,10,-1.106269414843466,2.212538829686932,-.5531347074217351,-.5531347074217307
797,1,784,.000000000000000,.000000000000000,-1.663741219685586,1.663741219685586
797,2,256,-3.327482439370342,6.654964878740683,-3.250141571034178,-.7734086833616259E-01
797,3,256,-3.172800702697157,6.345601405394315,-3.157171836784346,-.1562886591281239E-01
797,4,256,-3.141542970871597,6.283085941743193,-2.123897437522002,-1.017645533349595
797,5,10,-1.106251904172549,2.212503808345098,-.5531259520862559,-.5531259520862932
798,1,784,.000000000000000,.000000000000000,-1.663741219685582,1.663741219685582
798,2,256,-3.327482439370463,6.654964878740925,-3.250142172816734,-.7734026655372937E-01
798,3,256,-3.172801906262609,6.345603812525218,-3.157160503357977,-.1564140290463092E-01
798,4,256,-3.141519100453688,6.283038200907376,-2.123919065021336,-1.017600035432351
798,5,10,-1.106319029589039,2.212638059178078,-.5531595147945114,-.5531595147945275
799,1,784,.000000000000000,.000000000000000,-1.663741219685583,1.663741219685583
799,2,256,-3.327482439370264,6.654964878740528,-3.250141034429797,-.7734140494046693E-01
799,3,256,-3.172799629488374,6.345599258976748,-3.157170621455375,-.1562900803299888E-01
799,4,256,-3.141541613422222,6.283083226844443,-2.123920722738958,-1.017620890683265
799,5,10,-1.106299832055587,2.212599664111174,-.5531499160277991,-.5531499160277880
800,1,784,.000000000000000,.000000000000000,-1.663741219685582,1.663741219685582
800,2,256,-3.327482439370279,6.654964878740558,-3.250146850388113,-.7733558898216647E-01
800,3,256,-3.172811261405119,6.345622522810238,-3.157155682321624,-.1565557908349663E-01
800,4,256,-3.141500103238253,6.283000206476506,-2.123878295656117,-1.017621807582136
800,5,10,-1.106256488074030,2.212512976148060,-.5531282440370215,-.5531282440370082
801,1,784,.000000000000000,.000000000000000,-1.663741219685583,1.663741219685583
801,2,256,-3.327482439370460,6.654964878740920,-3.250153846331897,-.7732859303856524E-01
801,3,256,-3.172825253292574,6.345650506585149,-3.157179637199933,-.1564561609264017E-01
801,4,256,-3.141534021107101,6.283068042214202,-2.123919427276191,-1.017614593830909
801,5,10,-1.106304833445188,2.212609666890376,-.5531524167225738,-.5531524167226143
802,1,784,.000000000000000,.000000000000000,-1.663741219685583,1.663741219685583
802,2,256,-3.327482439370313,6.654964878740626,-3.250151305604563,-.7733113376574682E-01
802,3,256,-3.172820171838029,6.345640343676058,-3.157172884563374,-.1564728727465544E-01
802,4,256,-3.141525597288696,6.283051194577391,-2.123897412609096,-1.017628184679599
802,5,10,-1.106269227929391,2.212538455858783,-.5531346139647053,-.5531346139646859
803,1,784,.000000000000000,.000000000000000,-1.663741219685586,1.663741219685586
803,2,256,-3.327482439370418,6.654964878740835,-3.250146414358867,-.7733602501155253E-01
803,3,256,-3.172810389347128,6.345620778694255,-3.157159317669257,-.1565107167786986E-01
803,4,256,-3.141508245991985,6.283016491983970,-2.123895519244440,-1.017612726747546
803,5,10,-1.106282792496915,2.212565584993829,-.5531413962484681,-.5531413962484465
804,1,784,.000000000000000,.000000000000000,-1.663741219685583,1.663741219685583
804,2,256,-3.327482439370315,6.654964878740629,-3.250135535087503,-.7734690428281037E-01
804,3,256,-3.172788630803670,6.345577261607340,-3.157163273526959,-.1562535727670929E-01
804,4,256,-3.141537916250003,6.283075832500006,-2.123919508336968,-1.017618407913035
804,5,10,-1.106301100423882,2.212602200847764,-.5531505502119292,-.5531505502119530
805,1,784,.000000000000000,.000000000000000,-1.663741219685581,1.663741219685581
805,2,256,-3.327482439370386,6.654964878740772,-3.250154060834633,-.7732837853575439E-01
805,3,256,-3.172825682298015,6.345651364596029,-3.157160235569764,-.1566544672825200E-01
805,4,256,-3.141494788841551,6.282989577683103,-2.123873548822012,-1.017621240019539
805,5,10,-1.106252308802608,2.212504617605216,-.5531261544013009,-.5531261544013070
806,1,784,.000000000000000,.000000000000000,-1.663741219685582,1.663741219685582
806,2,256,-3.327482439370221,6.654964878740443,-3.250147611479538,-.7733482789068022E-01
806,3,256,-3.172812783588076,6.345625567176151,-3.157166270397164,-.1564651319091041E-01
806,4,256,-3.141519757206424,6.283039514412848,-2.123918661493041,-1.017601095713380
806,5,10,-1.106317565779668,2.212635131559336,-.5531587828898326,-.5531587828898353
807,1,784,.000000000000000,.000000000000000,-1.663741219685583,1.663741219685583
807,2,256,-3.327482439370272,6.654964878740543,-3.250142983127069,-.7733945624320099E-01
807,3,256,-3.172803526883055,6.345607053766109,-3.157157203404879,-.1564632347817575E-01
807,4,256,-3.141510879927214,6.283021759854428,-2.123895117469348,-1.017615762457865
807,5,10,-1.106279355011871,2.212558710023742,-.5531396775059576,-.5531396775059132
808,1,784,.000000000000000,.000000000000000,-1.663741219685583,1.663741219685583
808,2,256,-3.327482439370362,6.654964878740724,-3.250151149131204,-.7733129023915919E-01
808,3,256,-3.172819858891519,6.345639717783039,-3.157190870925236,-.1562898796628087E-01
808,4,256,-3.141561882959103,6.283123765918206,-2.123933435552638,-1.017628447406464
808,5,10,-1.106304988146057,2.212609976292114,-.5531524940730254,-.5531524940730320
809,1,784,.000000000000000,.000000000000000,-1.663741219685580,1.663741219685580
809,2,256,-3.327482439370345,6.654964878740691,-3.250143606714887,-.7733883265546086E-01
809,3,256,-3.172804774058790,6.345609548117580,-3.157145341465449,-.1565943259333815E-01
809,4,256,-3.141485908872028,6.282971817744056,-2.123854701578494,-1.017631207293539
809,5,10,-1.106223494284764,2.212446988569528,-.5531117471423451,-.5531117471424190
810,1,784,.000000000000000,.000000000000000,-1.663741219685582,1.663741219685582
810,2,256,-3.327482439370284,6.654964878740568,-3.250146988625013,-.7733545074527196E-01
810,3,256,-3.172811537879007,6.345623075758015,-3.157164759941517,-.1564677793749049E-01
810,4,256,-3.141517982003843,6.283035964007687,-2.123906752322063,-1.017611229681781
810,5,10,-1.106295522639935,2.212591045279870,-.5531477613199771,-.5531477613199577
811,1,784,.000000000000000,.000000000000000,-1.663741219685584,1.663741219685584
811,2,256,-3.327482439370414,6.654964878740828,-3.250155062610239,-.7732737676017651E-01
811,3,256,-3.172827685849107,6.345655371698213,-3.157172822959426,-.1565486288968230E-01
811,4,256,-3.141517960069777,6.283035920139555,-2.123901934835114,-1.017616025234662
811,5,10,-1.106285909600683,2.212571819201367,-.5531429548003441,-.5531429548003391
812,1,784,.000000000000000,.000000000000000,-1.663741219685584,1.663741219685584
812,2,256,-3.327482439370417,6.654964878740834,-3.250148991896756,-.7733344747365634E-01
812,3,256,-3.172815544422511,6.345631088845023,-3.157194792067770,-.1562075235474033E-01
812,4,256,-3.141574039712828,6.283148079425657,-2.123961890635005,-1.017612149077818
812,5,10,-1.106349741556842,2.212699483113685,-.5531748707784131,-.5531748707784292
813,1,784,.000000000000000,.000000000000000,-1.663741219685583,1.663741219685583
813,2,256,-3.327482439370317,6.654964878740635,-3.250157971364079,-.7732446800623784E-01
813,3,256,-3.172833503356966,6.345667006713931,-3.157190708526515,-.1564279483045387E-01
813,4,256,-3.141547913696135,6.283095827392271,-2.123930186058602,-1.017617727637532
813,5,10,-1.106312458421193,2.212624916842387,-.5531562292105839,-.5531562292106095
814,1,784,.000000000000000,.000000000000000,-1.663741219685581,1.663741219685581
814,2,256,-3.327482439370373,6.654964878740746,-3.250144926449640,-.7733751292073091E-01
814,3,256,-3.172807413527924,6.345614827055847,-3.157163557238746,-.1564385628917727E-01
814,4,256,-3.141519700949539,6.283039401899078,-2.123888924839814,-1.017630776109726
814,5,10,-1.106258148730270,2.212516297460541,-.5531290743651290,-.5531290743651412
815,1,784,.000000000000000,.000000000000000,-1.663741219685582,1.663741219685582
815,2,256,-3.327482439370389,6.654964878740778,-3.250148086396271,-.7733435297411896E-01
815,3,256,-3.172813733421100,6.345627466842200,-3.157150390466213,-.1566334295488811E-01
815,4,256,-3.141487047511074,6.282974095022148,-2.123897179947010,-1.017589867564062
815,5,10,-1.106307312382999,2.212614624765997,-.5531536561914856,-.5531536561915128
816,1,784,.000000000000000,.000000000000000,-1.663741219685583,1.663741219685583
816,2,256,-3.327482439370447,6.654964878740893,-3.250140019539868,-.7734241983057900E-01
816,3,256,-3.172797599708465,6.345595199416930,-3.157145368220187,-.1565223148827730E-01
816,4,256,-3.141493136731729,6.282986273463457,-2.123873073959684,-1.017620062772046
816,5,10,-1.106253011187572,2.212506022375144,-.5531265055937817,-.5531265055937902
817,1,784,.000000000000000,.000000000000000,-1.663741219685583,1.663741219685583
817,2,256,-3.327482439370381,6.654964878740762,-3.250149865722475,-.7733257364790831E-01
817,3,256,-3.172817292073969,6.345634584147938,-3.157181578443926,-.1563571363004307E-01
817,4,256,-3.141545864813827,6.283091729627653,-2.123946123487350,-1.017599741326475
817,5,10,-1.106346382160586,2.212692764321173,-.5531731910803159,-.5531731910802704
818,1,784,.000000000000000,.000000000000000,-1.663741219685583,1.663741219685583
818,2,256,-3.327482439370330,6.654964878740660,-3.250143954461184,-.7733848490914796E-01
818,3,256,-3.172805469551311,6.345610939102623,-3.157172852954468,-.1563261659684132E-01
818,4,256,-3.141540236357646,6.283080472715292,-2.123944319286799,-1.017595917070847
818,5,10,-1.106348402215808,2.212696804431616,-.5531742011079287,-.5531742011078793
819,1,784,.000000000000000,.000000000000000,-1.663741219685583,1.663741219685583
819,2,256,-3.327482439370334,6.654964878740667,-3.250144857121633,-.7733758224870044E-01
819,3,256,-3.172807274872257,6.345614549744513,-3.157174949916675,-.1563232495558099E-01
819,4,256,-3.141542624961513,6.283085249923027,-2.123920798350748,-1.017621826610764
819,5,10,-1.106298971740246,2.212597943480492,-.5531494858701256,-.5531494858701206
820,1,784,.000000000000000,.000000000000000,-1.663741219685582,1.663741219685582
820,2,256,-3.327482439370397,6.654964878740794,-3.250149185806948,-.7733325356344721E-01
820,3,256,-3.172815932243132,6.345631864486265,-3.157173799806750,-.1564213243638494E-01
820,4,256,-3.141531667370625,6.283063334741250,-2.123916824539389,-1.017614842831238
820,5,10,-1.106301981708020,2.212603963416039,-.5531509908540082,-.5531509908540115
821,1,784,.000000000000000,.000000000000000,-1.663741219685584,1.663741219685584
821,2,256,-3.327482439370381,6.654964878740762,-3.250146716440978,-.7733572292940255E-01
821,3,256,-3.172810993511186,6.345621987022372,-3.157174611982315,-.1563638152886978E-01
821,4,256,-3.141538230453859,6.283076460907719,-2.123935292769142,-1.017602937684719
821,5,10,-1.106332355084450,2.212664710168900,-.5531661775422207,-.5531661775422291
822,1,784,.000000000000000,.000000000000000,-1.663741219685583,1.663741219685583
822,2,256,-3.327482439370367,6.654964878740733,-3.250152305790305,-.7733013358006292E-01
822,3,256,-3.172822172209438,6.345644344418877,-3.157161499148698,-.1566067306074093E-01
822,4,256,-3.141500826088298,6.283001652176597,-2.123862904139088,-1.017637921949210
822,5,10,-1.106224982190223,2.212449964380446,-.5531124910951120,-.5531124910951114
823,1,784,.000000000000000,.000000000000000,-1.663741219685582,1.663741219685582
823,2,256,-3.327482439370467,6.654964878740933,-3.250157862649894,-.7732457672057333E-01
823,3,256,-3.172833285928666,6.345666571857333,-3.157197709423467,-.1563557650519884E-01
823,4,256,-3.141562132918199,6.283124265836397,-2.123963031152170,-1.017599101766028
823,5,10,-1.106363929386033,2.212727858772066,-.5531819646930124,-.5531819646930207
824,1,784,.000000000000000,.000000000000000,-1.663741219685584,1.663741219685584
824,2,256,-3.327482439370291,6.654964878740581,-3.250142599189579,-.7733984018071047E-01
824,3,256,-3.172802759007908,6.345605518015815,-3.157144208662319,-.1565855034558912E-01
824,4,256,-3.141485658316725,6.282971316633450,-2.123909251286462,-1.017576407030264
824,5,10,-1.106332844256267,2.212665688512533,-.5531664221281418,-.5531664221281246
825,1,784,.000000000000000,.000000000000000,-1.663741219685585,1.663741219685585
825,2,256,-3.327482439370351,6.654964878740702,-3.250136984331311,-.7734545503904169E-01
825,3,256,-3.172791529291548,6.345583058583096,-3.157156203355828,-.1563532593572136E-01
825,4,256,-3.141520877420058,6.283041754840116,-2.123900911490714,-1.017619965929346
825,5,10,-1.106280945561266,2.212561891122532,-.5531404727806153,-.5531404727806508
826,1,784,.000000000000000,.000000000000000,-1.663741219685583,1.663741219685583
826,2,256,-3.327482439370206,6.654964878740413,-3.250137754869328,-.7734468450088096E-01
826,3,256,-3.172793070367406,6.345586140734811,-3.157145639431544,-.1564743093586264E-01
826,4,256,-3.141498208495512,6.282996416991025,-2.123861981944612,-1.017636226550900
826,5,10,-1.106225755393647,2.212451510787293,-.5531128776968126,-.5531128776968337
827,1,784,.000000000000000,.000000000000000,-1.663741219685584,1.663741219685584
827,2,256,-3.327482439370297,6.654964878740594,-3.250147693877250,-.7733474549304517E-01
827,3,256,-3.172812948383561,6.345625896767122,-3.157177386967302,-.1563556141625849E-01
827,4,256,-3.141541825551169,6.283083651102339,-2.123932846075933,-1.017608979475238
827,5,10,-1.106323866600595,2.212647733201190,-.5531619333002969,-.5531619333002981
828,1,784,.000000000000000,.000000000000000,-1.663741219685583,1.663741219685583
828,2,256,-3.327482439370296,6.654964878740591,-3.250146043673057,-.7733639569723755E-01
828,3,256,-3.172809647974926,6.345619295949851,-3.157176833340309,-.1563281463461369E-01
828,4,256,-3.141544018705555,6.283088037411110,-2.123913144878020,-1.017630873827536
828,5,10,-1.106282271050361,2.212564542100722,-.5531411355251847,-.5531411355251764
829,1,784,.000000000000000,.000000000000000,-1.663741219685583,1.663741219685583
829,2,256,-3.327482439370348,6.654964878740697,-3.250130098907099,-.7735234046324767E-01
829,3,256,-3.172777758442912,6.345555516885824,-3.157147255871140,-.1563050257177092E-01
829,4,256,-3.141516753299316,6.283033506598632,-2.123886399917062,-1.017630353382253
829,5,10,-1.106256046534871,2.212512093069742,-.5531280232674383,-.5531280232674327
830,1,784,.000000000000000,.000000000000000,-1.663741219685584,1.663741219685584
830,2,256,-3.327482439370320,6.654964878740641,-3.250154051634048,-.7732838773627312E-01
830,3,256,-3.172825663896737,6.345651327793473,-3.157171428375090,-.1565423552164272E-01
830,4,256,-3.141517192853073,6.283034385706146,-2.123934876128979,-1.017582316724095
830,5,10,-1.106352559404713,2.212705118809426,-.5531762797023514,-.5531762797023614
831,1,784,.000000000000000,.000000000000000,-1.663741219685584,1.663741219685584
831,2,256,-3.327482439370389,6.654964878740778,-3.250154227648993,-.7732821172139544E-01
831,3,256,-3.172826015926919,6.345652031853837,-3.157159880422615,-.1566613550430425E-01
831,4,256,-3.141493744918362,6.282987489836724,-2.123891186698770,-1.017602558219591
831,5,10,-1.106288628479098,2.212577256958195,-.5531443142395679,-.5531443142395296
832,1,784,.000000000000000,.000000000000000,-1.663741219685581,1.663741219685581
832,2,256,-3.327482439370390,6.654964878740780,-3.250146008535346,-.7733643083504506E-01
832,3,256,-3.172809577699502,6.345619155399003,-3.157157021181414,-.1565255651808899E-01
832,4,256,-3.141504464663409,6.283008929326818,-2.123918561631466,-1.017585903031940
832,5,10,-1.106332658599664,2.212665317199329,-.5531663292998173,-.5531663292998473
833,1,784,.000000000000000,.000000000000000,-1.663741219685584,1.663741219685584
833,2,256,-3.327482439370346,6.654964878740691,-3.250142917288211,-.7733952208213796E-01
833,3,256,-3.172803395205282,6.345606790410564,-3.157165574231765,-.1563782097351325E-01
833,4,256,-3.141527753258377,6.283055506516755,-2.123916386941403,-1.017611366316971
833,5,10,-1.106305020624503,2.212610041249006,-.5531525103122645,-.5531525103122384
834,1,784,.000000000000000,.000000000000000,-1.663741219685580,1.663741219685580
834,2,256,-3.327482439370359,6.654964878740719,-3.250155034752244,-.7732740461811527E-01
834,3,256,-3.172827630133447,6.345655260266895,-3.157173323291896,-.1565430684155210E-01
834,4,256,-3.141519016450323,6.283038032900646,-2.123897998099916,-1.017621018350407
834,5,10,-1.106276979749409,2.212553959498818,-.5531384898746814,-.5531384898747275
835,1,784,.000000000000000,.000000000000000,-1.663741219685582,1.663741219685582
835,2,256,-3.327482439370431,6.654964878740861,-3.250142390498594,-.7734004887183707E-01
835,3,256,-3.172802341625662,6.345604683251324,-3.157159272642480,-.1564306898318324E-01
835,4,256,-3.141516203658959,6.283032407317918,-2.123921110292641,-1.017595093366319
835,5,10,-1.106326016926306,2.212652033852613,-.5531630084631722,-.5531630084631339
836,1,784,.000000000000000,.000000000000000,-1.663741219685585,1.663741219685585
836,2,256,-3.327482439370258,6.654964878740516,-3.250145541648092,-.7733689772216419E-01
836,3,256,-3.172808643925100,6.345617287850200,-3.157160752523273,-.1564789140182339E-01
836,4,256,-3.141512861121329,6.283025722242657,-2.123900846110148,-1.017612015011180
836,5,10,-1.106288831098774,2.212577662197547,-.5531444155493869,-.5531444155493869
837,1,784,.000000000000000,.000000000000000,-1.663741219685584,1.663741219685584
837,2,256,-3.327482439370296,6.654964878740592,-3.250147420679009,-.7733501869128873E-01
837,3,256,-3.172812401987094,6.345624803974188,-3.157158030777087,-.1565437121000580E-01
837,4,256,-3.141503659567267,6.283007319134534,-2.123882687148047,-1.017620972419224
837,5,10,-1.106261714728806,2.212523429457611,-.5531308573643867,-.5531308573644189
838,1,784,.000000000000000,.000000000000000,-1.663741219685583,1.663741219685583
838,2,256,-3.327482439370484,6.654964878740968,-3.250148451643865,-.7733398772661801E-01
838,3,256,-3.172814463916466,6.345628927832933,-3.157161123763591,-.1565334015287737E-01
838,4,256,-3.141507783610829,6.283015567221658,-2.123889578173792,-1.017618205437036
838,5,10,-1.106271372736958,2.212542745473915,-.5531356863684852,-.5531356863684724
839,1,784,.000000000000000,.000000000000000,-1.663741219685583,1.663741219685583
839,2,256,-3.327482439370277,6.654964878740555,-3.250142463888659,-.7733997548161715E-01
839,3,256,-3.172802488406191,6.345604976812383,-3.157176396082969,-.1562609232322125E-01
839,4,256,-3.141550303759675,6.283100607519351,-2.123926262830141,-1.017624040929535
839,5,10,-1.106302221900540,2.212604443801081,-.5531511109502494,-.5531511109502910
840,1,784,.000000000000000,.000000000000000,-1.663741219685580,1.663741219685580
840,2,256,-3.327482439370324,6.654964878740649,-3.250150287931360,-.7733215143896766E-01
840,3,256,-3.172818136491755,6.345636272983509,-3.157177031052050,-.1564110543970606E-01
840,4,256,-3.141535925612661,6.283071851225322,-2.123901686568713,-1.017634239043948
840,5,10,-1.106267447524832,2.212534895049664,-.5531337237624411,-.5531337237623911
841,1,784,.000000000000000,.000000000000000,-1.663741219685584,1.663741219685584
841,2,256,-3.327482439370385,6.654964878740770,-3.250148249558422,-.7733418981196211E-01
841,3,256,-3.172814059745579,6.345628119491159,-3.157174717772150,-.1563934197343235E-01
841,4,256,-3.141535375798397,6.283070751596795,-2.123936561397187,-1.017598814401207
841,5,10,-1.106337746995751,2.212675493991502,-.5531688734978822,-.5531688734978689
842,1,784,.000000000000000,.000000000000000,-1.663741219685585,1.663741219685585
842,2,256,-3.327482439370283,6.654964878740565,-3.250139921053819,-.7734251831646065E-01
842,3,256,-3.172797402736355,6.345594805472710,-3.157170793550592,-.1562660918576515E-01
842,4,256,-3.141544184364741,6.283088368729482,-2.123937978674279,-1.017606205690463
842,5,10,-1.106331772983818,2.212663545967636,-.5531658864919268,-.5531658864918912
843,1,784,.000000000000000,.000000000000000,-1.663741219685582,1.663741219685582
843,2,256,-3.327482439370260,6.654964878740520,-3.250142149009516,-.7734029036074450E-01
843,3,256,-3.172801858647944,6.345603717295887,-3.157172310211820,-.1562954843612388E-01
843,4,256,-3.141542761775994,6.283085523551988,-2.123902436448107,-1.017640325327890
843,5,10,-1.106262111120420,2.212524222240841,-.5531310555602194,-.5531310555602010
844,1,784,.000000000000000,.000000000000000,-1.663741219685583,1.663741219685583
844,2,256,-3.327482439370395,6.654964878740791,-3.250146136810044,-.7733630256034685E-01
844,3,256,-3.172809834248824,6.345619668497648,-3.157167756799572,-.1564207744925118E-01
844,4,256,-3.141525679350262,6.283051358700525,-2.123924570498208,-1.017601108852056
844,5,10,-1.106323461646213,2.212646923292425,-.5531617308230995,-.5531617308231128
845,1,784,.000000000000000,.000000000000000,-1.663741219685584,1.663741219685584
845,2,256,-3.327482439370299,6.654964878740597,-3.250151212208839,-.7733122716146126E-01
845,3,256,-3.172819985046456,6.345639970092913,-3.157169154070727,-.1565083097573199E-01
845,4,256,-3.141518323094787,6.283036646189574,-2.123907738123042,-1.017610584971746
845,5,10,-1.106297153151181,2.212594306302362,-.5531485765755736,-.5531485765756075
846,1,784,.000000000000000,.000000000000000,-1.663741219685584,1.663741219685584
846,2,256,-3.327482439370326,6.654964878740652,-3.250148651395143,-.7733378797518081E-01
846,3,256,-3.172814863419057,6.345629726838115,-3.157172092804696,-.1564277061436081E-01
846,4,256,-3.141529322190124,6.283058644380247,-2.123926949196741,-1.017602372993384
846,5,10,-1.106324576203183,2.212649152406367,-.5531622881016059,-.5531622881015776
847,1,784,.000000000000000,.000000000000000,-1.663741219685579,1.663741219685579
847,2,256,-3.327482439370307,6.654964878740613,-3.250141720248394,-.7734071912190960E-01
847,3,256,-3.172801001125578,6.345602002251156,-3.157168656219304,-.1563234490627318E-01
847,4,256,-3.141536311312687,6.283072622625373,-2.123946153910993,-1.017590157401694
847,5,10,-1.106355996508953,2.212711993017907,-.5531779982545036,-.5531779982544498
848,1,784,.000000000000000,.000000000000000,-1.663741219685583,1.663741219685583
848,2,256,-3.327482439370223,6.654964878740446,-3.250145509299254,-.7733693007096912E-01
848,3,256,-3.172808579227642,6.345617158455284,-3.157163011824696,-.1564556740294561E-01
848,4,256,-3.141517444422144,6.283034888844288,-2.123908671844147,-1.017608772577996
848,5,10,-1.106299899266246,2.212599798532493,-.5531499496331237,-.5531499496331226
849,1,784,.000000000000000,.000000000000000,-1.663741219685583,1.663741219685583
849,2,256,-3.327482439370356,6.654964878740712,-3.250149378412297,-.7733306095805577E-01
849,3,256,-3.172816317453510,6.345632634907020,-3.157163258368118,-.1565305908539010E-01
849,4,256,-3.141510199282820,6.283020398565640,-2.123903694298540,-1.017606504984282
849,5,10,-1.106297189314287,2.212594378628574,-.5531485946571369,-.5531485946571503
850,1,784,.000000000000000,.000000000000000,-1.663741219685583,1.663741219685583
850,2,256,-3.327482439370407,6.654964878740813,-3.250153725675961,-.7732871369444648E-01
850,3,256,-3.172825011980329,6.345650023960657,-3.157171185989195,-.1565382599113654E-01
850,4,256,-3.141517359997934,6.283034719995867,-2.123894371501673,-1.017622988496260
850,5,10,-1.106271383005697,2.212542766011394,-.5531356915028585,-.5531356915028385
851,1,784,.000000000000000,.000000000000000,-1.663741219685580,1.663741219685580
851,2,256,-3.327482439370397,6.654964878740794,-3.250144679533060,-.7733775983733746E-01
851,3,256,-3.172806919694632,6.345613839389264,-3.157182721731035,-.1562419796359663E-01
851,4,256,-3.141558523766958,6.283117047533916,-2.123926735074289,-1.017631788692669
851,5,10,-1.106294946381513,2.212589892763025,-.5531474731907317,-.5531474731907811
852,1,784,.000000000000000,.000000000000000,-1.663741219685583,1.663741219685583
852,2,256,-3.327482439370422,6.654964878740843,-3.250152656346492,-.7732978302393047E-01
852,3,256,-3.172822873321545,6.345645746643090,-3.157151670898847,-.1567120242269834E-01
852,4,256,-3.141480468476115,6.282960936952231,-2.123886401884083,-1.017594066592030
852,5,10,-1.106292335292290,2.212584670584580,-.5531461676461479,-.5531461676461418
853,1,784,.000000000000000,.000000000000000,-1.663741219685581,1.663741219685581
853,2,256,-3.327482439370372,6.654964878740744,-3.250127096337576,-.7735534303279369E-01
853,3,256,-3.172771753303927,6.345543506607854,-3.157159565806577,-.1561218749734778E-01
853,4,256,-3.141547378309337,6.283094756618675,-2.123908896532165,-1.017638481777174
853,5,10,-1.106270414755183,2.212540829510367,-.5531352073775787,-.5531352073776048
854,1,784,.000000000000000,.000000000000000,-1.663741219685583,1.663741219685583
854,2,256,-3.327482439370228,6.654964878740457,-3.250143607879271,-.7733883149095988E-01
854,3,256,-3.172804776387366,6.345609552774731,-3.157174818393023,-.1562995799433890E-01
854,4,256,-3.141544860398651,6.283089720797302,-2.123922113700305,-1.017622746698345
854,5,10,-1.106299367001975,2.212598734003949,-.5531496835009687,-.5531496835010059
855,1,784,.000000000000000,.000000000000000,-1.663741219685583,1.663741219685583
855,2,256,-3.327482439370350,6.654964878740700,-3.250130369092274,-.7735207027807874E-01
855,3,256,-3.172778298813475,6.345556597626950,-3.157146195049398,-.1563210376407426E-01
855,4,256,-3.141514091285529,6.283028182571058,-2.123881605607235,-1.017632485678290
855,5,10,-1.106249119929046,2.212498239858091,-.5531245599645289,-.5531245599645167
856,1,784,.000000000000000,.000000000000000,-1.663741219685580,1.663741219685580
856,2,256,-3.327482439370390,6.654964878740780,-3.250138972953998,-.7734346641639331E-01
856,3,256,-3.172795506536616,6.345591013073232,-3.157151146135891,-.1564436040072485E-01
856,4,256,-3.141506785734827,6.283013571469654,-2.123882865528286,-1.017623920206542
856,5,10,-1.106258945321613,2.212517890643226,-.5531294726608115,-.5531294726608015
857,1,784,.000000000000000,.000000000000000,-1.663741219685585,1.663741219685585
857,2,256,-3.327482439370300,6.654964878740600,-3.250154013882134,-.7732842548816357E-01
857,3,256,-3.172825588393017,6.345651176786035,-3.157181720254908,-.1564386813810997E-01
857,4,256,-3.141537852116381,6.283075704232761,-2.123917032819685,-1.017620819296698
857,5,10,-1.106296213522672,2.212592427045344,-.5531481067613310,-.5531481067613410
858,1,784,.000000000000000,.000000000000000,-1.663741219685581,1.663741219685581
858,2,256,-3.327482439370305,6.654964878740611,-3.250150408395900,-.7733203097440547E-01
858,3,256,-3.172818377420693,6.345636754841386,-3.157167491884810,-.1565088553588569E-01
858,4,256,-3.141516606349077,6.283033212698154,-2.123919252415492,-1.017597353933586
858,5,10,-1.106321898482043,2.212643796964086,-.5531609492410016,-.5531609492410415
859,1,784,.000000000000000,.000000000000000,-1.663741219685583,1.663741219685583
859,2,256,-3.327482439370328,6.654964878740656,-3.250134911251892,-.7734752811843686E-01
859,3,256,-3.172787383132670,6.345574766265339,-3.157169440213178,-.1561794291948988E-01
859,4,256,-3.141551497293521,6.283102994587042,-2.123923215907695,-1.017628281385826
859,5,10,-1.106294934521675,2.212589869043351,-.5531474672608252,-.5531474672608502
860,1,784,.000000000000000,.000000000000000,-1.663741219685582,1.663741219685582
860,2,256,-3.327482439370338,6.654964878740675,-3.250144367458252,-.7733807191208648E-01
860,3,256,-3.172806295545563,6.345612591091126,-3.157179710458771,-.1562658508679177E-01
860,4,256,-3.141553125371867,6.283106250743733,-2.123934416133627,-1.017618709238239
860,5,10,-1.106315706895017,2.212631413790034,-.5531578534475249,-.5531578534474921
861,1,784,.000000000000000,.000000000000000,-1.663741219685585,1.663741219685585
861,2,256,-3.327482439370362,6.654964878740724,-3.250137784269437,-.7734465510092398E-01
861,3,256,-3.172793129167856,6.345586258335713,-3.157138502316041,-.1565462685181193E-01
861,4,256,-3.141483875464358,6.282967750928717,-2.123899491821040,-1.017584383643319
861,5,10,-1.106315108177696,2.212630216355392,-.5531575540888553,-.5531575540888408
862,1,784,.000000000000000,.000000000000000,-1.663741219685584,1.663741219685584
862,2,256,-3.327482439370359,6.654964878740718,-3.250143255379783,-.7733918399057432E-01
862,3,256,-3.172804071388126,6.345608142776253,-3.157163553709895,-.1564051767823028E-01
862,4,256,-3.141523036031445,6.283046072062890,-2.123919502877468,-1.017603533153974
862,5,10,-1.106315969723532,2.212631939447063,-.5531579848617755,-.5531579848617560
863,1,784,.000000000000000,.000000000000000,-1.663741219685583,1.663741219685583
863,2,256,-3.327482439370310,6.654964878740619,-3.250156889960902,-.7732554940940377E-01
863,3,256,-3.172831340550645,6.345662681101289,-3.157171149015111,-.1566019153553219E-01
863,4,256,-3.141510957479454,6.283021914958908,-2.123930428532395,-1.017580528947056
863,5,10,-1.106349899585213,2.212699799170426,-.5531749497926085,-.5531749497926046
864,1,784,.000000000000000,.000000000000000,-1.663741219685585,1.663741219685585
864,2,256,-3.327482439370426,6.654964878740852,-3.250150193092100,-.7733224627832613E-01
864,3,256,-3.172817946813170,6.345635893626341,-3.157186759581085,-.1563118723208656E-01
864,4,256,-3.141555572349025,6.283111144698050,-2.123897654423990,-1.017657917925033
864,5,10,-1.106239736498827,2.212479472997654,-.5531198682494239,-.5531198682494028
865,1,784,.000000000000000,.000000000000000,-1.663741219685583,1.663741219685583
865,2,256,-3.327482439370311,6.654964878740621,-3.250157075814990,-.7732536355532107E-01
865,3,256,-3.172831712259188,6.345663424518377,-3.157183107381138,-.1564860487805008E-01
865,4,256,-3.141534502503729,6.283069005007458,-2.123892712385143,-1.017641790118587
865,5,10,-1.106250922266804,2.212501844533608,-.5531254611334114,-.5531254611333926
866,1,784,.000000000000000,.000000000000000,-1.663741219685581,1.663741219685581
866,2,256,-3.327482439370261,6.654964878740523,-3.250149964993140,-.7733247437711795E-01
866,3,256,-3.172817490614954,6.345634981229908,-3.157160942267130,-.1565654834782543E-01
866,4,256,-3.141504393919144,6.283008787838289,-2.123866864639838,-1.017637529279308
866,5,10,-1.106229335360539,2.212458670721078,-.5531146676802676,-.5531146676802715
867,1,784,.000000000000000,.000000000000000,-1.663741219685584,1.663741219685584
867,2,256,-3.327482439370305,6.654964878740611,-3.250148780699568,-.7733365867073792E-01
867,3,256,-3.172815122027726,6.345630244055451,-3.157169957189315,-.1564516483840835E-01
867,4,256,-3.141524792350471,6.283049584700941,-2.123929020550077,-1.017595771800394
867,5,10,-1.106333248749495,2.212666497498990,-.5531666243747483,-.5531666243747466
868,1,784,.000000000000000,.000000000000000,-1.663741219685581,1.663741219685581
868,2,256,-3.327482439370401,6.654964878740802,-3.250155864182984,-.7732657518741912E-01
868,3,256,-3.172829288994920,6.345658577989839,-3.157180997045145,-.1564829194977322E-01
868,4,256,-3.141532705095659,6.283065410191317,-2.123934492032401,-1.017598213063256
868,5,10,-1.106336278969311,2.212672557938622,-.5531681394846555,-.5531681394846555
869,1,784,.000000000000000,.000000000000000,-1.663741219685584,1.663741219685584
869,2,256,-3.327482439370351,6.654964878740701,-3.250145090286659,-.7733734908369128E-01
869,3,256,-3.172807741202159,6.345615482404318,-3.157189742242568,-.1561799895959088E-01
869,4,256,-3.141571743283342,6.283143486566684,-2.123946869610266,-1.017624873673076
869,5,10,-1.106321995937561,2.212643991875121,-.5531609979687753,-.5531609979687853
870,1,784,.000000000000000,.000000000000000,-1.663741219685583,1.663741219685583
870,2,256,-3.327482439370399,6.654964878740799,-3.250137974244089,-.7734446512631261E-01
870,3,256,-3.172793509116972,6.345587018233944,-3.157154837080297,-.1563867203667636E-01
870,4,256,-3.141516165043237,6.283032330086475,-2.123917966884183,-1.017598198159054
870,5,10,-1.106319768724766,2.212639537449532,-.5531598843623943,-.5531598843623715
871,1,784,.000000000000000,.000000000000000,-1.663741219685583,1.663741219685583
871,2,256,-3.327482439370292,6.654964878740584,-3.250140401267134,-.7734203810315506E-01
871,3,256,-3.172798363163000,6.345596726326000,-3.157172802565203,-.1562556059779618E-01
871,4,256,-3.141547241967290,6.283094483934580,-2.123923924000051,-1.017623317967240
871,5,10,-1.106300606032800,2.212601212065600,-.5531503030163996,-.5531503030164007
872,1,784,.000000000000000,.000000000000000,-1.663741219685585,1.663741219685585
872,2,256,-3.327482439370367,6.654964878740734,-3.250131247413520,-.7735119195684773E-01
872,3,256,-3.172780055455575,6.345560110911150,-3.157169407608401,-.1561064784717259E-01
872,4,256,-3.141558759760843,6.283117519521686,-2.123949498069130,-1.017609261691713
872,5,10,-1.106340236377344,2.212680472754687,-.5531701181886668,-.5531701181886768
873,1,784,.000000000000000,.000000000000000,-1.663741219685584,1.663741219685584
873,2,256,-3.327482439370232,6.654964878740463,-3.250150651206237,-.7733178816399583E-01
873,3,256,-3.172818863040604,6.345637726081208,-3.157169795773502,-.1564906726710380E-01
873,4,256,-3.141520728505532,6.283041457011064,-2.123881240399506,-1.017639488106026
873,5,10,-1.106241752293383,2.212483504586765,-.5531208761466597,-.5531208761467230
874,1,784,.000000000000000,.000000000000000,-1.663741219685582,1.663741219685582
874,2,256,-3.327482439370371,6.654964878740742,-3.250143620180814,-.7733881918955517E-01
874,3,256,-3.172804800990307,6.345609601980614,-3.157188165439891,-.1561663555041608E-01
874,4,256,-3.141571529889434,6.283143059778869,-2.123943978188821,-1.017627551700614
874,5,10,-1.106316426488344,2.212632852976689,-.5531582132441623,-.5531582132441822
875,1,784,.000000000000000,.000000000000000,-1.663741219685583,1.663741219685583
875,2,256,-3.327482439370334,6.654964878740667,-3.250144068876252,-.7733837049407796E-01
875,3,256,-3.172805698381296,6.345611396762592,-3.157167458712128,-.1563823966916757E-01
875,4,256,-3.141529219042940,6.283058438085879,-2.123897459582246,-1.017631759460689
875,5,10,-1.106265700121625,2.212531400243250,-.5531328500607948,-.5531328500608304
876,1,784,.000000000000000,.000000000000000,-1.663741219685586,1.663741219685586
876,2,256,-3.327482439370324,6.654964878740649,-3.250152391995208,-.7733004737511662E-01
876,3,256,-3.172822344619040,6.345644689238079,-3.157180557805325,-.1564178681371528E-01
876,4,256,-3.141538770991437,6.283077541982873,-2.123941357101468,-1.017597413889968
876,5,10,-1.106343943211506,2.212687886423011,-.5531719716057681,-.5531719716057375
877,1,784,.000000000000000,.000000000000000,-1.663741219685582,1.663741219685582
877,2,256,-3.327482439370371,6.654964878740743,-3.250143521926147,-.7733891744422168E-01
877,3,256,-3.172804604481125,6.345609208962251,-3.157166322961742,-.1563828151938533E-01
877,4,256,-3.141528041442034,6.283056082884068,-2.123905629797551,-1.017622411644481
877,5,10,-1.106283218152760,2.212566436305519,-.5531416090763767,-.5531416090763828
878,1,784,.000000000000000,.000000000000000,-1.663741219685583,1.663741219685583
878,2,256,-3.327482439370387,6.654964878740775,-3.250142377895231,-.7734006147515710E-01
878,3,256,-3.172802316419484,6.345604632838968,-3.157147313568847,-.1565500285063491E-01
878,4,256,-3.141492310718280,6.282984621436560,-2.123903504000206,-1.017588806718075
878,5,10,-1.106314697281977,2.212629394563954,-.5531573486410046,-.5531573486409724
879,1,784,.000000000000000,.000000000000000,-1.663741219685582,1.663741219685582
879,2,256,-3.327482439370377,6.654964878740754,-3.250142913724435,-.7733952564594079E-01
879,3,256,-3.172803388078096,6.345606776156193,-3.157163353739016,-.1564003433907843E-01
879,4,256,-3.141523319400374,6.283046638800747,-2.123900705541946,-1.017622613858429
879,5,10,-1.106278091683521,2.212556183367041,-.5531390458417840,-.5531390458417368
880,1,784,.000000000000000,.000000000000000,-1.663741219685583,1.663741219685583
880,2,256,-3.327482439370331,6.654964878740661,-3.250146970523708,-.7733546884662265E-01
880,3,256,-3.172811501676085,6.345623003352170,-3.157169931057886,-.1564157061820116E-01
880,4,256,-3.141528360439498,6.283056720878997,-2.123913741482236,-1.017614618957265
880,5,10,-1.106299122524934,2.212598245049868,-.5531495612624767,-.5531495612624573
881,1,784,.000000000000000,.000000000000000,-1.663741219685583,1.663741219685583
881,2,256,-3.327482439370421,6.654964878740842,-3.250164446394257,-.7731799297616249E-01
881,3,256,-3.172846453417312,6.345692906834625,-3.157185672450472,-.1566078096683778E-01
881,4,256,-3.141524891483530,6.283049782967059,-2.123913542614555,-1.017611348868977
881,5,10,-1.106302193745501,2.212604387491002,-.5531510968727558,-.5531510968727452
882,1,784,.000000000000000,.000000000000000,-1.663741219685582,1.663741219685582
882,2,256,-3.327482439370401,6.654964878740802,-3.250147977161306,-.7733446220909565E-01
882,3,256,-3.172813514951220,6.345627029902440,-3.157158270465050,-.1565524448617177E-01
882,4,256,-3.141503025978660,6.283006051957320,-2.123909502397542,-1.017593523581116
882,5,10,-1.106315978816432,2.212631957632864,-.5531579894082168,-.5531579894082151
883,1,784,.000000000000000,.000000000000000,-1.663741219685582,1.663741219685582
883,2,256,-3.327482439370378,6.654964878740755,-3.250155538884091,-.7732690048628266E-01
883,3,256,-3.172828638396723,6.345657276793446,-3.157171520641610,-.1565711775511484E-01
883,4,256,-3.141514402886247,6.283028805772494,-2.123915976043381,-1.017598426842864
883,5,10,-1.106317549200567,2.212635098401134,-.5531587746002843,-.5531587746002826
884,1,784,.000000000000000,.000000000000000,-1.663741219685582,1.663741219685582
884,2,256,-3.327482439370286,6.654964878740572,-3.250148641056900,-.7733379831338585E-01
884,3,256,-3.172814842742910,6.345629685485820,-3.157171795667378,-.1564304707553259E-01
884,4,256,-3.141528748592132,6.283057497184264,-2.123883436293609,-1.017645312298522
884,5,10,-1.106238123995067,2.212476247990134,-.5531190619975485,-.5531190619975185
885,1,784,.000000000000000,.000000000000000,-1.663741219685582,1.663741219685582
885,2,256,-3.327482439370343,6.654964878740685,-3.250150576638025,-.7733186273231733E-01
885,3,256,-3.172818713905004,6.345637427810009,-3.157187405712619,-.1563130819238482E-01
885,4,256,-3.141556097520446,6.283112195040892,-2.123912515195275,-1.017643582325172
885,5,10,-1.106268932870200,2.212537865740400,-.5531344664350988,-.5531344664351010
886,1,784,.000000000000000,.000000000000000,-1.663741219685582,1.663741219685582
886,2,256,-3.327482439370390,6.654964878740780,-3.250151358345884,-.7733108102450670E-01
886,3,256,-3.172820277320489,6.345640554640977,-3.157160046054047,-.1566023126644410E-01
886,4,256,-3.141499814787698,6.282999629575396,-2.123900225205409,-1.017599589582289
886,5,10,-1.106300635623361,2.212601271246721,-.5531503178116639,-.5531503178116967
887,1,784,.000000000000000,.000000000000000,-1.663741219685583,1.663741219685583
887,2,256,-3.327482439370350,6.654964878740699,-3.250145456685090,-.7733698268526304E-01
887,3,256,-3.172808473999181,6.345616947998361,-3.157181002609657,-.1562747138952543E-01
887,4,256,-3.141553531220381,6.283107062440761,-2.123904437694848,-1.017649093525528
887,5,10,-1.106255344169415,2.212510688338830,-.5531276720846992,-.5531276720847158
888,1,784,.000000000000000,.000000000000000,-1.663741219685586,1.663741219685586
888,2,256,-3.327482439370429,6.654964878740858,-3.250146523209337,-.7733591616108910E-01
888,3,256,-3.172810607047404,6.345621214094809,-3.157160830698306,-.1564977634909724E-01
888,4,256,-3.141511054349051,6.283022108698101,-2.123915359955569,-1.017595694393484
888,5,10,-1.106319665561990,2.212639331123980,-.5531598327810172,-.5531598327809728
889,1,784,.000000000000000,.000000000000000,-1.663741219685580,1.663741219685580
889,2,256,-3.327482439370357,6.654964878740714,-3.250136401281630,-.7734603808872534E-01
889,3,256,-3.172790363191679,6.345580726383357,-3.157146101704799,-.1564426148687759E-01
889,4,256,-3.141501840217515,6.283003680435031,-2.123914190028624,-1.017587650188889
889,5,10,-1.106326539839737,2.212653079679473,-.5531632699198727,-.5531632699198639
890,1,784,.000000000000000,.000000000000000,-1.663741219685584,1.663741219685584
890,2,256,-3.327482439370267,6.654964878740534,-3.250145201044468,-.7733723832580081E-01
890,3,256,-3.172807962717676,6.345615925435351,-3.157160409103778,-.1564755361389830E-01
890,4,256,-3.141512855489712,6.283025710979423,-2.123898733070609,-1.017614122419101
890,5,10,-1.106284610651455,2.212569221302910,-.5531423053257154,-.5531423053257394
891,1,784,.000000000000000,.000000000000000,-1.663741219685583,1.663741219685583
891,2,256,-3.327482439370300,6.654964878740599,-3.250139699500923,-.7734273986937767E-01
891,3,256,-3.172796959630579,6.345593919261157,-3.157160921525547,-.1563603810502822E-01
891,4,256,-3.141524883420321,6.283049766840642,-2.123948938487112,-1.017575944933212
891,5,10,-1.106372993553800,2.212745987107601,-.5531864967769029,-.5531864967768974
892,1,784,.000000000000000,.000000000000000,-1.663741219685583,1.663741219685583
892,2,256,-3.327482439370352,6.654964878740705,-3.250153956864211,-.7732848250613994E-01
892,3,256,-3.172825474357202,6.345650948714403,-3.157177255543370,-.1564821881382850E-01
892,4,256,-3.141529036729727,6.283058073459453,-2.123945031483864,-1.017584005245859
892,5,10,-1.106361026238261,2.212722052476523,-.5531805131191245,-.5531805131191367
893,1,784,.000000000000000,.000000000000000,-1.663741219685582,1.663741219685582
893,2,256,-3.327482439370375,6.654964878740749,-3.250148539342269,-.7733390002810323E-01
893,3,256,-3.172814639313372,6.345629278626745,-3.157179708948306,-.1563493036506925E-01
893,4,256,-3.141544778583318,6.283089557166637,-2.123891491286470,-1.017653287296850
893,5,10,-1.106238203989702,2.212476407979403,-.5531191019948541,-.5531191019948475
894,1,784,.000000000000000,.000000000000000,-1.663741219685585,1.663741219685585
894,2,256,-3.327482439370390,6.654964878740780,-3.250144046295262,-.7733839307512956E-01
894,3,256,-3.172805653219243,6.345611306438485,-3.157163196913559,-.1564245630568445E-01
894,4,256,-3.141520740607672,6.283041481215345,-2.123892004258611,-1.017628736349061
894,5,10,-1.106263267909462,2.212526535818925,-.5531316339547286,-.5531316339547336
895,1,784,.000000000000000,.000000000000000,-1.663741219685582,1.663741219685582
895,2,256,-3.327482439370349,6.654964878740699,-3.250153180223310,-.7732925914704018E-01
895,3,256,-3.172823921075390,6.345647842150781,-3.157183101955749,-.1564081911964071E-01
895,4,256,-3.141542282836002,6.283084565672003,-2.123925557282354,-1.017616725553651
895,5,10,-1.106308831728613,2.212617663457225,-.5531544158643324,-.5531544158642803
896,1,784,.000000000000000,.000000000000000,-1.663741219685582,1.663741219685582
896,2,256,-3.327482439370399,6.654964878740797,-3.250138397028360,-.7734404234203887E-01
896,3,256,-3.172794354685534,6.345588709371069,-3.157178497117710,-.1561585756782425E-01
896,4,256,-3.141562639549866,6.283125279099732,-2.123909768441589,-1.017652871108275
896,5,10,-1.106256897333290,2.212513794666579,-.5531284486666577,-.5531284486666321
897,1,784,.000000000000000,.000000000000000,-1.663741219685583,1.663741219685583
897,2,256,-3.327482439370264,6.654964878740528,-3.250150049351249,-.7733239001901239E-01
897,3,256,-3.172817659331549,6.345635318663098,-3.157186099626039,-.1563155970551239E-01
897,4,256,-3.141554539920867,6.283109079841735,-2.123923499564626,-1.017631040356237
897,5,10,-1.106292459208488,2.212584918416976,-.5531462296042563,-.5531462296042319
898,1,784,.000000000000000,.000000000000000,-1.663741219685583,1.663741219685583
898,2,256,-3.327482439370241,6.654964878740483,-3.250139844969403,-.7734259440083606E-01
898,3,256,-3.172797250567624,6.345594501135248,-3.157150488760509,-.1564676180711484E-01
898,4,256,-3.141503726953098,6.283007453906196,-2.123891556837986,-1.017612170115112
898,5,10,-1.106279386722568,2.212558773445137,-.5531396933612981,-.5531396933612703
899,1,784,.000000000000000,.000000000000000,-1.663741219685580,1.663741219685580
899,2,256,-3.327482439370416,6.654964878740832,-3.250144995633166,-.7733744373725224E-01
899,3,256,-3.172807551895132,6.345615103790263,-3.157183425346751,-.1562412654837688E-01
899,4,256,-3.141559298798415,6.283118597596830,-2.123936833054907,-1.017622465743507
899,5,10,-1.106314367311468,2.212628734622936,-.5531571836557371,-.5531571836557310
900,1,784,.000000000000000,.000000000000000,-1.663741219685582,1.663741219685582
900,2,256,-3.327482439370227,6.654964878740453,-3.250150316636945,-.7733212273328184E-01
900,3,256,-3.172818193902635,6.345636387805270,-3.157186891362422,-.1563130254021379E-01
900,4,256,-3.141555588822073,6.283111177644146,-2.123916057924905,-1.017639530897169
900,5,10,-1.106276527027681,2.212553054055362,-.5531382635138491,-.5531382635138319
901,1,784,.000000000000000,.000000000000000,-1.663741219685584,1.663741219685584
901,2,256,-3.327482439370427,6.654964878740855,-3.250147468534600,-.7733497083582538E-01
901,3,256,-3.172812497697999,6.345624995395998,-3.157169955331552,-.1564254236644536E-01
901,4,256,-3.141527412965309,6.283054825930617,-2.123891435591569,-1.017635977373739
901,5,10,-1.106255458218111,2.212510916436221,-.5531277291090370,-.5531277291090736
902,1,784,.000000000000000,.000000000000000,-1.663741219685579,1.663741219685579
902,2,256,-3.327482439370244,6.654964878740487,-3.250149111789873,-.7733332758037266E-01
902,3,256,-3.172815784208705,6.345631568417411,-3.157175780853847,-.1564000335485649E-01
902,4,256,-3.141535777498999,6.283071554997998,-2.123917247985204,-1.017618529513795
902,5,10,-1.106298718471290,2.212597436942580,-.5531493592356460,-.5531493592356438
903,1,784,.000000000000000,.000000000000000,-1.663741219685582,1.663741219685582
903,2,256,-3.327482439370204,6.654964878740408,-3.250144074722534,-.7733836464766751E-01
903,3,256,-3.172805710073887,6.345611420147774,-3.157177643655702,-.1562806641818561E-01
903,4,256,-3.141549577237453,6.283099154474906,-2.123896499872740,-1.017653077364712
903,5,10,-1.106243422507959,2.212486845015917,-.5531217112539910,-.5531217112539677
904,1,784,.000000000000000,.000000000000000,-1.663741219685583,1.663741219685583
904,2,256,-3.327482439370387,6.654964878740774,-3.250145969759570,-.7733646961081901E-01
904,3,256,-3.172809500147942,6.345619000295884,-3.157169805314612,-.1563969483333039E-01
904,4,256,-3.141530110481233,6.283060220962466,-2.123904178047796,-1.017625932433435
904,5,10,-1.106278245614374,2.212556491228749,-.5531391228071753,-.5531391228071991
905,1,784,.000000000000000,.000000000000000,-1.663741219685582,1.663741219685582
905,2,256,-3.327482439370469,6.654964878740938,-3.250150558857808,-.7733188051265906E-01
905,3,256,-3.172818678344246,6.345637356688491,-3.157163805201096,-.1565487314315384E-01
905,4,256,-3.141508932057703,6.283017864115406,-2.123950157856190,-1.017558774201511
905,5,10,-1.106391383654660,2.212782767309320,-.5531956918273238,-.5531956918273365
906,1,784,.000000000000000,.000000000000000,-1.663741219685583,1.663741219685583
906,2,256,-3.327482439370411,6.654964878740821,-3.250140732184812,-.7734170718559830E-01
906,3,256,-3.172799024998447,6.345598049996894,-3.157146556860146,-.1565246813830240E-01
906,4,256,-3.141494088721674,6.282988177443348,-2.123880812860873,-1.017613275860800
906,5,10,-1.106267536999920,2.212535073999841,-.5531337684999600,-.5531337684999605
907,1,784,.000000000000000,.000000000000000,-1.663741219685584,1.663741219685584
907,2,256,-3.327482439370332,6.654964878740663,-3.250143677424767,-.7733876194556075E-01
907,3,256,-3.172804915478599,6.345609830957198,-3.157148838897219,-.1565607658137982E-01
907,4,256,-3.141492762316375,6.282985524632750,-2.123847953407068,-1.017644808909307
907,5,10,-1.106203144498082,2.212406288996163,-.5531015722490367,-.5531015722490450
908,1,784,.000000000000000,.000000000000000,-1.663741219685582,1.663741219685582
908,2,256,-3.327482439370268,6.654964878740535,-3.250134630256972,-.7734780911329543E-01
908,3,256,-3.172786821142555,6.345573642285109,-3.157144696382427,-.1564212476013029E-01
908,4,256,-3.141502571622142,6.283005143244284,-2.123858909027282,-1.017643662594863
908,5,10,-1.106215246432458,2.212430492864916,-.5531076232162432,-.5531076232162149
909,1,784,.000000000000000,.000000000000000,-1.663741219685583,1.663741219685583
909,2,256,-3.327482439370403,6.654964878740807,-3.250140267568096,-.7734217180230388E-01
909,3,256,-3.172798095765131,6.345596191530261,-3.157179782254596,-.1561831351053761E-01
909,4,256,-3.141561468744163,6.283122937488327,-2.123958301085844,-1.017603167658320
909,5,10,-1.106355133427546,2.212710266855092,-.5531775667137676,-.5531775667137782
910,1,784,.000000000000000,.000000000000000,-1.663741219685583,1.663741219685583
910,2,256,-3.327482439370316,6.654964878740631,-3.250150370966266,-.7733206840404531E-01
910,3,256,-3.172818302561415,6.345636605122830,-3.157153640019531,-.1566466254188306E-01
910,4,256,-3.141488977477926,6.282977954955851,-2.123878678342399,-1.017610299135526
910,5,10,-1.106268379207149,2.212536758414299,-.5531341896035553,-.5531341896035942
911,1,784,.000000000000000,.000000000000000,-1.663741219685584,1.663741219685584
911,2,256,-3.327482439370389,6.654964878740778,-3.250146932331846,-.7733550703854553E-01
911,3,256,-3.172811425292473,6.345622850584946,-3.157161271290150,-.1565015400232444E-01
911,4,256,-3.141511117287983,6.283022234575967,-2.123927352182836,-1.017583765105146
911,5,10,-1.106343587077881,2.212687174155763,-.5531717935389515,-.5531717935389299
912,1,784,.000000000000000,.000000000000000,-1.663741219685583,1.663741219685583
912,2,256,-3.327482439370391,6.654964878740781,-3.250152557311838,-.7732988205855368E-01
912,3,256,-3.172822675252702,6.345645350505404,-3.157184073973606,-.1563860127909465E-01
912,4,256,-3.141545472694695,6.283090945389390,-2.123922195823784,-1.017623276870910
912,5,10,-1.106298918952888,2.212597837905777,-.5531494594764336,-.5531494594764547
913,1,784,.000000000000000,.000000000000000,-1.663741219685583,1.663741219685583
913,2,256,-3.327482439370399,6.654964878740799,-3.250148496147868,-.7733394322253034E-01
913,3,256,-3.172814552924886,6.345629105849772,-3.157171695024519,-.1564285790036801E-01
913,4,256,-3.141528837124277,6.283057674248553,-2.123924146373097,-1.017604690751177
913,5,10,-1.106319455621747,2.212638911243494,-.5531597278108663,-.5531597278108807
914,1,784,.000000000000000,.000000000000000,-1.663741219685584,1.663741219685584
914,2,256,-3.327482439370421,6.654964878740842,-3.250147115392909,-.7733532397751244E-01
914,3,256,-3.172811791414988,6.345623582829977,-3.157174084849247,-.1563770656574486E-01
914,4,256,-3.141536378284321,6.283072756568641,-2.123918608664684,-1.017617769619634
914,5,10,-1.106300839045548,2.212601678091096,-.5531504195227698,-.5531504195227781
915,1,784,.000000000000000,.000000000000000,-1.663741219685585,1.663741219685585
915,2,256,-3.327482439370292,6.654964878740583,-3.250144802949238,-.7733763642105450E-01
915,3,256,-3.172807166527148,6.345614333054296,-3.157173768473957,-.1563339805319083E-01
915,4,256,-3.141540370420474,6.283080740840949,-2.123911121066675,-1.017629249353802
915,5,10,-1.106281871712765,2.212563743425529,-.5531409358563694,-.5531409358563955
916,1,784,.000000000000000,.000000000000000,-1.663741219685584,1.663741219685584
916,2,256,-3.327482439370283,6.654964878740565,-3.250144127214488,-.7733831215579461E-01
916,3,256,-3.172805815057941,6.345611630115882,-3.157175638377047,-.1563017668089524E-01
916,4,256,-3.141545461696113,6.283090923392226,-2.123958250229016,-1.017587211467094
916,5,10,-1.106371038761801,2.212742077523601,-.5531855193808782,-.5531855193809226
917,1,784,.000000000000000,.000000000000000,-1.663741219685584,1.663741219685584
917,2,256,-3.327482439370373,6.654964878740746,-3.250143343064532,-.7733909630584267E-01
917,3,256,-3.172804246757845,6.345608493515691,-3.157152578107280,-.1565166865056766E-01
917,4,256,-3.141500909456470,6.283001818912940,-2.123887956994685,-1.017612952461787
917,5,10,-1.106275004532699,2.212550009065398,-.5531375022663555,-.5531375022663438
918,1,784,.000000000000000,.000000000000000,-1.663741219685584,1.663741219685584
918,2,256,-3.327482439370459,6.654964878740918,-3.250159037787260,-.7732340158319850E-01
918,3,256,-3.172835636203001,6.345671272406001,-3.157183623422299,-.1565201278070135E-01
918,4,256,-3.141531610641348,6.283063221282696,-2.123905739427715,-1.017625871213633
918,5,10,-1.106279868214153,2.212559736428306,-.5531399341070954,-.5531399341070576
919,1,784,.000000000000000,.000000000000000,-1.663741219685583,1.663741219685583
919,2,256,-3.327482439370284,6.654964878740568,-3.250139696554006,-.7734274281627583E-01
919,3,256,-3.172796953736644,6.345593907473288,-3.157152901042426,-.1564405269421792E-01
919,4,256,-3.141508848347874,6.283017696695747,-2.123909880399317,-1.017598967948555
919,5,10,-1.106310912450604,2.212621824901208,-.5531554562253180,-.5531554562252858
920,1,784,.000000000000000,.000000000000000,-1.663741219685582,1.663741219685582
920,2,256,-3.327482439370400,6.654964878740800,-3.250144190335770,-.7733824903462995E-01
920,3,256,-3.172805941300429,6.345611882600859,-3.157166062934773,-.1563987836565677E-01
920,4,256,-3.141526184569369,6.283052369138739,-2.123902750402281,-1.017623434167088
920,5,10,-1.106279316235348,2.212558632470697,-.5531396581176933,-.5531396581176551
921,1,784,.000000000000000,.000000000000000,-1.663741219685581,1.663741219685581
921,2,256,-3.327482439370428,6.654964878740856,-3.250140802742175,-.7734163662824964E-01
921,3,256,-3.172799166112964,6.345598332225928,-3.157150639172750,-.1564852694021699E-01
921,4,256,-3.141502112232469,6.283004224464938,-2.123912839283035,-1.017589272949432
921,5,10,-1.106323566333741,2.212647132667481,-.5531617831668815,-.5531617831668593
922,1,784,.000000000000000,.000000000000000,-1.663741219685583,1.663741219685583
922,2,256,-3.327482439370237,6.654964878740475,-3.250152971812014,-.7732946755822283E-01
922,3,256,-3.172823504252799,6.345647008505598,-3.157172136570629,-.1565136768217330E-01
922,4,256,-3.141520768888336,6.283041537776671,-2.123909843097923,-1.017610925790416
922,5,10,-1.106298917307476,2.212597834614953,-.5531494586537260,-.5531494586537504
923,1,784,.000000000000000,.000000000000000,-1.663741219685586,1.663741219685586
923,2,256,-3.327482439370394,6.654964878740788,-3.250142434718710,-.7734000465168554E-01
923,3,256,-3.172802430066322,6.345604860132645,-3.157179310034290,-.1562312003203135E-01
923,4,256,-3.141556190002381,6.283112380004761,-2.123938131609742,-1.017618058392638
923,5,10,-1.106320073217166,2.212640146434331,-.5531600366085793,-.5531600366085865
924,1,784,.000000000000000,.000000000000000,-1.663741219685583,1.663741219685583
924,2,256,-3.327482439370459,6.654964878740919,-3.250151298723738,-.7733114064672213E-01
924,3,256,-3.172820158075770,6.345640316151540,-3.157166747517302,-.1565341055846864E-01
924,4,256,-3.141513336958472,6.283026673916943,-2.123897163587920,-1.017616173370550
924,5,10,-1.106280990217553,2.212561980435106,-.5531404951087755,-.5531404951087772
925,1,784,.000000000000000,.000000000000000,-1.663741219685583,1.663741219685583
925,2,256,-3.327482439370296,6.654964878740592,-3.250144300611037,-.7733813875925963E-01
925,3,256,-3.172806161850923,6.345612323701847,-3.157146375194337,-.1565978665658765E-01
925,4,256,-3.141486588537882,6.282973177075765,-2.123903521738653,-1.017583066799228
925,5,10,-1.106320454939572,2.212640909879144,-.5531602274697722,-.5531602274697995
926,1,784,.000000000000000,.000000000000000,-1.663741219685583,1.663741219685583
926,2,256,-3.327482439370319,6.654964878740638,-3.250160286756431,-.7732215261388645E-01
926,3,256,-3.172838134141524,6.345676268283047,-3.157165390814603,-.1567274332692063E-01
926,4,256,-3.141492647487413,6.282985294974827,-2.123927503263073,-1.017565144224339
926,5,10,-1.106362359038679,2.212724718077358,-.5531811795193227,-.5531811795193565
927,1,784,.000000000000000,.000000000000000,-1.663741219685581,1.663741219685581
927,2,256,-3.327482439370231,6.654964878740462,-3.250145914744149,-.7733652462608134E-01
927,3,256,-3.172809390117455,6.345618780234910,-3.157178205722743,-.1563118439471404E-01
927,4,256,-3.141547021328242,6.283094042656485,-2.123908606374988,-1.017638414953252
927,5,10,-1.106270191421638,2.212540382843275,-.5531350957108162,-.5531350957108212
928,1,784,.000000000000000,.000000000000000,-1.663741219685584,1.663741219685584
928,2,256,-3.327482439370402,6.654964878740804,-3.250140978447691,-.7734146092270884E-01
928,3,256,-3.172799517524152,6.345599035048305,-3.157160287629143,-.1563922989500623E-01
928,4,256,-3.141521057734111,6.283042115468223,-2.123893298174162,-1.017627759559950
928,5,10,-1.106265538614275,2.212531077228549,-.5531327693071284,-.5531327693071462
929,1,784,.000000000000000,.000000000000000,-1.663741219685584,1.663741219685584
929,2,256,-3.327482439370397,6.654964878740794,-3.250154250900251,-.7732818847014787E-01
929,3,256,-3.172826062429294,6.345652124858588,-3.157176354350212,-.1564970807908122E-01
929,4,256,-3.141526646271484,6.283053292542968,-2.123946833238924,-1.017579813032560
929,5,10,-1.106367020206773,2.212734040413546,-.5531835101033811,-.5531835101033916
930,1,784,.000000000000000,.000000000000000,-1.663741219685583,1.663741219685583
930,2,256,-3.327482439370405,6.654964878740810,-3.250154795465405,-.7732764390499942E-01
930,3,256,-3.172827151559709,6.345654303119418,-3.157171195280808,-.1565595627890104E-01
930,4,256,-3.141515239001820,6.283030478003640,-2.123920097731915,-1.017595141269905
930,5,10,-1.106324956461855,2.212649912923711,-.5531624782309302,-.5531624782309252
931,1,784,.000000000000000,.000000000000000,-1.663741219685585,1.663741219685585
931,2,256,-3.327482439370322,6.654964878740644,-3.250140755925536,-.7734168344478624E-01
931,3,256,-3.172799072479934,6.345598144959867,-3.157156691964796,-.1564238051513819E-01
931,4,256,-3.141514311449817,6.283028622899633,-2.123902915965508,-1.017611395484309
931,5,10,-1.106291520481327,2.212583040962654,-.5531457602406682,-.5531457602406588
932,1,784,.000000000000000,.000000000000000,-1.663741219685585,1.663741219685585
932,2,256,-3.327482439370265,6.654964878740530,-3.250140958157939,-.7734148121232155E-01
932,3,256,-3.172799476944598,6.345598953889195,-3.157188571239973,-.1561090570462452E-01
932,4,256,-3.141577665535486,6.283155331070972,-2.123961952621524,-1.017615712913964
932,5,10,-1.106346239707864,2.212692479415729,-.5531731198539100,-.5531731198539545
933,1,784,.000000000000000,.000000000000000,-1.663741219685583,1.663741219685583
933,2,256,-3.327482439370399,6.654964878740799,-3.250146624419420,-.7733581495097663E-01
933,3,256,-3.172810809467733,6.345621618935465,-3.157173930575352,-.1563687889238274E-01
933,4,256,-3.141537051683331,6.283074103366663,-2.123932529616752,-1.017604522066581
933,5,10,-1.106328007550453,2.212656015100905,-.5531640037752392,-.5531640037752137
934,1,784,.000000000000000,.000000000000000,-1.663741219685583,1.663741219685583
934,2,256,-3.327482439370377,6.654964878740754,-3.250153681109914,-.7732875826046269E-01
934,3,256,-3.172824922848798,6.345649845697595,-3.157177814027875,-.1564710882092626E-01
934,4,256,-3.141530705207374,6.283061410414748,-2.123933034184153,-1.017597671023221
934,5,10,-1.106335363161215,2.212670726322430,-.5531676815806119,-.5531676815806030
935,1,784,.000000000000000,.000000000000000,-1.663741219685585,1.663741219685585
935,2,256,-3.327482439370448,6.654964878740897,-3.250145296444483,-.7733714292596761E-01
935,3,256,-3.172808153517848,6.345616307035695,-3.157170678240257,-.1563747527759175E-01
935,4,256,-3.141533202962996,6.283066405925991,-2.123895410607180,-1.017637792355814
935,5,10,-1.106257618251639,2.212515236503278,-.5531288091258253,-.5531288091258136
936,1,784,.000000000000000,.000000000000000,-1.663741219685585,1.663741219685585
936,2,256,-3.327482439370210,6.654964878740420,-3.250139546285655,-.7734289308455385E-01
936,3,256,-3.172796653200124,6.345593306400247,-3.157166494858095,-.1563015834203087E-01
936,4,256,-3.141536336516015,6.283072673032031,-2.123963557283085,-1.017572779232929
936,5,10,-1.106390778050091,2.212781556100181,-.5531953890250647,-.5531953890250259
937,1,784,.000000000000000,.000000000000000,-1.663741219685582,1.663741219685582
937,2,256,-3.327482439370445,6.654964878740890,-3.250142372340229,-.7734006703021383E-01
937,3,256,-3.172802305309557,6.345604610619114,-3.157164837862100,-.1563746744745973E-01
937,4,256,-3.141527370415263,6.283054740830526,-2.123927776949562,-1.017599593465699
937,5,10,-1.106328183484157,2.212656366968314,-.5531640917421108,-.5531640917420464
938,1,784,.000000000000000,.000000000000000,-1.663741219685581,1.663741219685581
938,2,256,-3.327482439370256,6.654964878740511,-3.250146734914571,-.7733570445569142E-01
938,3,256,-3.172811030457945,6.345622060915890,-3.157166081627153,-.1564494883079113E-01
938,4,256,-3.141521132796282,6.283042265592563,-2.123927890628438,-1.017593242167843
938,5,10,-1.106334648460540,2.212669296921081,-.5531673242302744,-.5531673242302660
939,1,784,.000000000000000,.000000000000000,-1.663741219685583,1.663741219685583
939,2,256,-3.327482439370370,6.654964878740740,-3.250143026046853,-.7733941332351581E-01
939,3,256,-3.172803612722535,6.345607225445069,-3.157169816112432,-.1563379661010654E-01
939,4,256,-3.141536019502339,6.283072039004678,-2.123922376895948,-1.017613642606393
939,5,10,-1.106308734289576,2.212617468579151,-.5531543671447912,-.5531543671447845
940,1,784,.000000000000000,.000000000000000,-1.663741219685582,1.663741219685582
940,2,256,-3.327482439370369,6.654964878740738,-3.250143288136903,-.7733915123346430E-01
940,3,256,-3.172804136902525,6.345608273805050,-3.157178881450690,-.1562525545183559E-01
940,4,256,-3.141553625998791,6.283107251997582,-2.123950633126026,-1.017602992872766
940,5,10,-1.106347640253351,2.212695280506701,-.5531738201266569,-.5531738201266936
941,1,784,.000000000000000,.000000000000000,-1.663741219685584,1.663741219685584
941,2,256,-3.327482439370495,6.654964878740990,-3.250134455548013,-.7734798382248149E-01
941,3,256,-3.172786471724897,6.345572943449795,-3.157162082941026,-.1562438878387367E-01
941,4,256,-3.141537694157277,6.283075388314555,-2.123914421750755,-1.017623272406522
941,5,10,-1.106291149344332,2.212582298688664,-.5531455746721621,-.5531455746721698
942,1,784,.000000000000000,.000000000000000,-1.663741219685583,1.663741219685583
942,2,256,-3.327482439370358,6.654964878740716,-3.250160643315072,-.7732179605528469E-01
942,3,256,-3.172838847259265,6.345677694518529,-3.157193693205058,-.1564515405420507E-01
942,4,256,-3.141548539151209,6.283097078302418,-2.123901844879655,-1.017646694271557
942,5,10,-1.106255150608161,2.212510301216322,-.5531275753040860,-.5531275753040749
943,1,784,.000000000000000,.000000000000000,-1.663741219685581,1.663741219685581
943,2,256,-3.327482439370253,6.654964878740507,-3.250147379154863,-.7733506021538761E-01
943,3,256,-3.172812318938587,6.345624637877174,-3.157176964905926,-.1563535403266077E-01
943,4,256,-3.141541610873058,6.283083221746115,-2.123882990161563,-1.017658620711495
943,5,10,-1.106224369449856,2.212448738899711,-.5531121847249167,-.5531121847249389
944,1,784,.000000000000000,.000000000000000,-1.663741219685583,1.663741219685583
944,2,256,-3.327482439370282,6.654964878740564,-3.250143598736789,-.7733884063348892E-01
944,3,256,-3.172804758102608,6.345609516205217,-3.157176680098432,-.1562807800417844E-01
944,4,256,-3.141548602094247,6.283097204188493,-2.123898470739432,-1.017650131354816
944,5,10,-1.106248339384436,2.212496678768872,-.5531241696922109,-.5531241696922248
945,1,784,.000000000000000,.000000000000000,-1.663741219685584,1.663741219685584
945,2,256,-3.327482439370356,6.654964878740713,-3.250136183407498,-.7734625596285838E-01
945,3,256,-3.172789927444151,6.345579854888302,-3.157137381932475,-.1565254551167778E-01
945,4,256,-3.141484836420957,6.282969672841913,-2.123909227866689,-1.017575608554267
945,5,10,-1.106333619312253,2.212667238624505,-.5531668096561300,-.5531668096561227
946,1,784,.000000000000000,.000000000000000,-1.663741219685582,1.663741219685582
946,2,256,-3.327482439370330,6.654964878740660,-3.250144095853758,-.7733834351657340E-01
946,3,256,-3.172805752336542,6.345611504673085,-3.157154332711186,-.1565141962535813E-01
946,4,256,-3.141502913086025,6.283005826172051,-2.123914111703647,-1.017588801382379
946,5,10,-1.106325310321299,2.212650620642599,-.5531626551606380,-.5531626551606613
947,1,784,.000000000000000,.000000000000000,-1.663741219685582,1.663741219685582
947,2,256,-3.327482439370267,6.654964878740533,-3.250140528502804,-.7734191086746187E-01
947,3,256,-3.172798617634576,6.345597235269151,-3.157171332807085,-.1562728482749054E-01
947,4,256,-3.141544047979405,6.283088095958809,-2.123932053841618,-1.017611994137784
947,5,10,-1.106320059703517,2.212640119407034,-.5531600298517557,-.5531600298517613
948,1,784,.000000000000000,.000000000000000,-1.663741219685583,1.663741219685583
948,2,256,-3.327482439370393,6.654964878740786,-3.250146312331108,-.7733612703928672E-01
948,3,256,-3.172810185290896,6.345620370581792,-3.157161050821720,-.1564913446917784E-01
948,4,256,-3.141511916352426,6.283023832704852,-2.123934590545712,-1.017577325806714
948,5,10,-1.106357264739046,2.212714529478092,-.5531786323695179,-.5531786323695279
949,1,784,.000000000000000,.000000000000000,-1.663741219685582,1.663741219685582
949,2,256,-3.327482439370330,6.654964878740659,-3.250143250374649,-.7733918899568303E-01
949,3,256,-3.172804061378041,6.345608122756083,-3.157159657596743,-.1564440378129643E-01
949,4,256,-3.141515253815556,6.283030507631111,-2.123911462451084,-1.017603791364467
949,5,10,-1.106307671086844,2.212615342173687,-.5531538355434082,-.5531538355434354
950,1,784,.000000000000000,.000000000000000,-1.663741219685584,1.663741219685584
950,2,256,-3.327482439370281,6.654964878740562,-3.250145253626350,-.7733718574392737E-01
950,3,256,-3.172808067881566,6.345616135763133,-3.157168407771854,-.1563966010971472E-01
950,4,256,-3.141528747662120,6.283057495324241,-2.123928694127971,-1.017600053534149
950,5,10,-1.106328640593806,2.212657281187612,-.5531643202968903,-.5531643202969159
951,1,784,.000000000000000,.000000000000000,-1.663741219685583,1.663741219685583
951,2,256,-3.327482439370226,6.654964878740453,-3.250139913216562,-.7734252615366415E-01
951,3,256,-3.172797387061774,6.345594774123549,-3.157159866638099,-.1563752042367200E-01
951,4,256,-3.141522346214323,6.283044692428646,-2.123890662823996,-1.017631683390327
951,5,10,-1.106258979433733,2.212517958867465,-.5531294897168768,-.5531294897168557
952,1,784,.000000000000000,.000000000000000,-1.663741219685582,1.663741219685582
952,2,256,-3.327482439370400,6.654964878740800,-3.250144406269147,-.7733803310125342E-01
952,3,256,-3.172806373167537,6.345612746335075,-3.157176511572066,-.1562986159547489E-01
952,4,256,-3.141546649976876,6.283093299953752,-2.123921034881925,-1.017625615094951
952,5,10,-1.106295419786827,2.212590839573653,-.5531477098934247,-.5531477098934019
953,1,784,.000000000000000,.000000000000000,-1.663741219685585,1.663741219685585
953,2,256,-3.327482439370490,6.654964878740980,-3.250146324897476,-.7733611447301421E-01
953,3,256,-3.172810210423895,6.345620420847790,-3.157168580560866,-.1564162986302667E-01
953,4,256,-3.141526950697909,6.283053901395818,-2.123916802767299,-1.017610147930614
953,5,10,-1.106306654836658,2.212613309673316,-.5531533274183257,-.5531533274183323
954,1,784,.000000000000000,.000000000000000,-1.663741219685583,1.663741219685583
954,2,256,-3.327482439370325,6.654964878740651,-3.250149538295135,-.7733290107519156E-01
954,3,256,-3.172816637219004,6.345633274438009,-3.157185199812321,-.1563143740668315E-01
954,4,256,-3.141553762405523,6.283107524811046,-2.123940015155774,-1.017613747249746
954,5,10,-1.106326267906016,2.212652535812031,-.5531631339530095,-.5531631339530062
955,1,784,.000000000000000,.000000000000000,-1.663741219685584,1.663741219685584
955,2,256,-3.327482439370336,6.654964878740672,-3.250153797483423,-.7732864188691735E-01
955,3,256,-3.172825155595774,6.345650311191549,-3.157180303772218,-.1564485182355319E-01
955,4,256,-3.141535451948510,6.283070903897020,-2.123894436845405,-1.017641015103106
955,5,10,-1.106253421742016,2.212506843484032,-.5531267108710235,-.5531267108709924
956,1,784,.000000000000000,.000000000000000,-1.663741219685582,1.663741219685582
956,2,256,-3.327482439370413,6.654964878740826,-3.250149366231089,-.7733307313932419E-01
956,3,256,-3.172816293091135,6.345632586182269,-3.157164043709667,-.1565224938146927E-01
956,4,256,-3.141511794327920,6.283023588655841,-2.123909310296436,-1.017602484031484
956,5,10,-1.106306826264585,2.212613652529170,-.5531534131322782,-.5531534131323065
957,1,784,.000000000000000,.000000000000000,-1.663741219685583,1.663741219685583
957,2,256,-3.327482439370244,6.654964878740489,-3.250147996581486,-.7733444278876013E-01
957,3,256,-3.172813553791903,6.345627107583806,-3.157166476425598,-.1564707736630149E-01
957,4,256,-3.141519399059705,6.283038798119410,-2.123904416367868,-1.017614982691842
957,5,10,-1.106289433676318,2.212578867352637,-.5531447168381697,-.5531447168381486
958,1,784,.000000000000000,.000000000000000,-1.663741219685581,1.663741219685581
958,2,256,-3.327482439370387,6.654964878740775,-3.250146316095477,-.7733612327491492E-01
958,3,256,-3.172810192819835,6.345620385639671,-3.157154155935042,-.1565603688479326E-01
958,4,256,-3.141498119050511,6.282996238101021,-2.123914514678103,-1.017583604372407
958,5,10,-1.106330910305898,2.212661820611796,-.5531654551529537,-.5531654551529442
959,1,784,.000000000000000,.000000000000000,-1.663741219685584,1.663741219685584
959,2,256,-3.327482439370285,6.654964878740571,-3.250135690542332,-.7734674882795518E-01
959,3,256,-3.172788941713372,6.345577883426744,-3.157169605641468,-.1561933607190449E-01
959,4,256,-3.141550269569704,6.283100539139409,-2.123939834619342,-1.017610434950359
959,5,10,-1.106329399669275,2.212658799338551,-.5531646998346249,-.5531646998346504
960,1,784,.000000000000000,.000000000000000,-1.663741219685584,1.663741219685584
960,2,256,-3.327482439370281,6.654964878740563,-3.250154817380293,-.7732762198998726E-01
960,3,256,-3.172827195389218,6.345654390778435,-3.157180670592418,-.1564652479680244E-01
960,4,256,-3.141534145795477,6.283068291590954,-2.123925397076711,-1.017608748718766
960,5,10,-1.106316648358006,2.212633296716011,-.5531583241790036,-.5531583241790019
961,1,784,.000000000000000,.000000000000000,-1.663741219685584,1.663741219685584
961,2,256,-3.327482439370401,6.654964878740802,-3.250147712127691,-.7733472724270868E-01
961,3,256,-3.172812984884174,6.345625969768347,-3.157172999275663,-.1563998560851172E-01
961,4,256,-3.141533013667156,6.283066027334312,-2.123909580359954,-1.017623433307202
961,5,10,-1.106286147052771,2.212572294105542,-.5531430735264034,-.5531430735263678
962,1,784,.000000000000000,.000000000000000,-1.663741219685583,1.663741219685583
962,2,256,-3.327482439370400,6.654964878740800,-3.250145601001328,-.7733683836907423E-01
962,3,256,-3.172808762631388,6.345617525262775,-3.157166825346204,-.1564193728518414E-01
962,4,256,-3.141524888060732,6.283049776121464,-2.123890796456550,-1.017634091604181
962,5,10,-1.106256704852178,2.212513409704356,-.5531283524260898,-.5531283524260882
963,1,784,.000000000000000,.000000000000000,-1.663741219685583,1.663741219685583
963,2,256,-3.327482439370356,6.654964878740712,-3.250145660660521,-.7733677870983433E-01
963,3,256,-3.172808881949875,6.345617763899750,-3.157164494270020,-.1564438767985819E-01
963,4,256,-3.141520106590297,6.283040213180594,-2.123942881397148,-1.017577225193148
963,5,10,-1.106365656204158,2.212731312408316,-.5531828281020708,-.5531828281020874
964,1,784,.000000000000000,.000000000000000,-1.663741219685584,1.663741219685584
964,2,256,-3.327482439370428,6.654964878740857,-3.250141220374757,-.7734121899566654E-01
964,3,256,-3.172800001378131,6.345600002756262,-3.157175395965142,-.1562460541298755E-01
964,4,256,-3.141550790552074,6.283101581104148,-2.123929677733108,-1.017621112818966
964,5,10,-1.106308564914257,2.212617129828513,-.5531542824571399,-.5531542824571166
965,1,784,.000000000000000,.000000000000000,-1.663741219685582,1.663741219685582
965,2,256,-3.327482439370319,6.654964878740638,-3.250149663127645,-.7733277624267348E-01
965,3,256,-3.172816886884105,6.345633773768210,-3.157184533578035,-.1563235330607001E-01
965,4,256,-3.141552180271839,6.283104360543678,-2.123933758333747,-1.017618421938093
965,5,10,-1.106315336395592,2.212630672791183,-.5531576681977763,-.5531576681978152
966,1,784,.000000000000000,.000000000000000,-1.663741219685582,1.663741219685582
966,2,256,-3.327482439370263,6.654964878740525,-3.250158777067665,-.7732366230259891E-01
966,3,256,-3.172835114764316,6.345670229528633,-3.157172885489901,-.1566222927441443E-01
966,4,256,-3.141510656215559,6.283021312431117,-2.123911947550115,-1.017598708665443
966,5,10,-1.106313238884588,2.212626477769176,-.5531566194422957,-.5531566194422923
967,1,784,.000000000000000,.000000000000000,-1.663741219685582,1.663741219685582
967,2,256,-3.327482439370335,6.654964878740671,-3.250152352214752,-.7733008715558105E-01
967,3,256,-3.172822265058349,6.345644530116697,-3.157179364327356,-.1564290073099128E-01
967,4,256,-3.141536463596601,6.283072927193201,-2.123939654942646,-1.017596808653956
967,5,10,-1.106342846288901,2.212685692577803,-.5531714231444598,-.5531714231444415
968,1,784,.000000000000000,.000000000000000,-1.663741219685581,1.663741219685581
968,2,256,-3.327482439370350,6.654964878740700,-3.250141096226040,-.7734134314430906E-01
968,3,256,-3.172799753081033,6.345599506162066,-3.157158226374598,-.1564152670643617E-01
968,4,256,-3.141516699668121,6.283033399336241,-2.123901252462905,-1.017615447205217
968,5,10,-1.106285805257542,2.212571610515085,-.5531429026287673,-.5531429026287751
969,1,784,.000000000000000,.000000000000000,-1.663741219685582,1.663741219685582
969,2,256,-3.327482439370347,6.654964878740694,-3.250142663721677,-.7733977564866876E-01
969,3,256,-3.172802888072108,6.345605776144216,-3.157167322422986,-.1563556564912508E-01
969,4,256,-3.141531756773688,6.283063513547376,-2.123929551805510,-1.017602204968177
969,5,10,-1.106327346837253,2.212654693674506,-.5531636734186220,-.5531636734186309
970,1,784,.000000000000000,.000000000000000,-1.663741219685583,1.663741219685583
970,2,256,-3.327482439370306,6.654964878740612,-3.250137496169756,-.7734494320055239E-01
970,3,256,-3.172792552967945,6.345585105935891,-3.157152810987620,-.1563974198032437E-01
970,4,256,-3.141513069006817,6.283026138013634,-2.123943512102444,-1.017569556904373
970,5,10,-1.106373955198017,2.212747910396034,-.5531869775989974,-.5531869775990196
971,1,784,.000000000000000,.000000000000000,-1.663741219685582,1.663741219685582
971,2,256,-3.327482439370338,6.654964878740676,-3.250150599025281,-.7733184034505949E-01
971,3,256,-3.172818758679533,6.345637517359066,-3.157175098879492,-.1564365980004091E-01
971,4,256,-3.141531439079447,6.283062878158894,-2.123924552363036,-1.017606886716410
971,5,10,-1.106317665646505,2.212635331293010,-.5531588328232414,-.5531588328232636
972,1,784,.000000000000000,.000000000000000,-1.663741219685583,1.663741219685583
972,2,256,-3.327482439370301,6.654964878740603,-3.250141800094706,-.7734063927559520E-01
972,3,256,-3.172801160818358,6.345602321636717,-3.157147363839835,-.1565379697852277E-01
972,4,256,-3.141493566861411,6.282987133722822,-2.123877573143569,-1.017615993717840
972,5,10,-1.106261579425717,2.212523158851433,-.5531307897128575,-.5531307897128592
973,1,784,.000000000000000,.000000000000000,-1.663741219685584,1.663741219685584
973,2,256,-3.327482439370324,6.654964878740649,-3.250140517304512,-.7734192206581210E-01
973,3,256,-3.172798595237920,6.345597190475840,-3.157162081638933,-.1563651359898660E-01
973,4,256,-3.141525568040084,6.283051136080168,-2.123921448487502,-1.017604119552584
973,5,10,-1.106317328934977,2.212634657869953,-.5531586644674988,-.5531586644674777
974,1,784,.000000000000000,.000000000000000,-1.663741219685583,1.663741219685583
974,2,256,-3.327482439370356,6.654964878740712,-3.250147331276899,-.7733510809345431E-01
974,3,256,-3.172812223182514,6.345624446365028,-3.157165733633617,-.1564648954889691E-01
974,4,256,-3.141519244084827,6.283038488169654,-2.123870988992593,-1.017648255092236
974,5,10,-1.106222733900583,2.212445467801166,-.5531113669502949,-.5531113669502883
975,1,784,.000000000000000,.000000000000000,-1.663741219685583,1.663741219685583
975,2,256,-3.327482439370289,6.654964878740579,-3.250153258043481,-.7732918132680827E-01
975,3,256,-3.172824076715830,6.345648153431659,-3.157162470944097,-.1566160577173210E-01
975,4,256,-3.141500865172483,6.283001730344965,-2.123941137292788,-1.017559727879695
975,5,10,-1.106381409413158,2.212762818826316,-.5531907047065915,-.5531907047065665
976,1,784,.000000000000000,.000000000000000,-1.663741219685582,1.663741219685582
976,2,256,-3.327482439370289,6.654964878740579,-3.250147330750882,-.7733510861940900E-01
976,3,256,-3.172812222130682,6.345624444261365,-3.157152301977260,-.1565992015342446E-01
976,4,256,-3.141492381823911,6.282984763647821,-2.123917757029263,-1.017574624794644
976,5,10,-1.106343132234610,2.212686264469221,-.5531715661173050,-.5531715661173056
977,1,784,.000000000000000,.000000000000000,-1.663741219685584,1.663741219685584
977,2,256,-3.327482439370244,6.654964878740489,-3.250153363550406,-.7732907581983821E-01
977,3,256,-3.172824287729659,6.345648575459317,-3.157159958851127,-.1566432887853385E-01
977,4,256,-3.141495629973076,6.282991259946152,-2.123875483834166,-1.017620146138912
977,5,10,-1.106255337695732,2.212510675391464,-.5531276688478629,-.5531276688478690
978,1,784,.000000000000000,.000000000000000,-1.663741219685583,1.663741219685583
978,2,256,-3.327482439370331,6.654964878740662,-3.250143917944647,-.7733852142567936E-01
978,3,256,-3.172805396518439,6.345610793036879,-3.157148649212727,-.1565674730571003E-01
978,4,256,-3.141491901907572,6.282983803815145,-2.123910893220561,-1.017581008687015
978,5,10,-1.106329884533801,2.212659769067601,-.5531649422668956,-.5531649422669052
979,1,784,.000000000000000,.000000000000000,-1.663741219685584,1.663741219685584
979,2,256,-3.327482439370316,6.654964878740632,-3.250144246100455,-.7733819326986108E-01
979,3,256,-3.172806052829651,6.345612105659303,-3.157159196538419,-.1564685629123269E-01
979,4,256,-3.141512340247161,6.283024680494322,-2.123907635306503,-1.017604704940656
979,5,10,-1.106302930365924,2.212605860731847,-.5531514651829570,-.5531514651829664
980,1,784,.000000000000000,.000000000000000,-1.663741219685581,1.663741219685581
980,2,256,-3.327482439370282,6.654964878740564,-3.250152425529963,-.7733001384031858E-01
980,3,256,-3.172822411688944,6.345644823377888,-3.157146407583232,-.1567600410571469E-01
980,4,256,-3.141470403477803,6.282940806955606,-2.123877817858450,-1.017592585619354
980,5,10,-1.106285232239183,2.212570464478366,-.5531426161195987,-.5531426161195843
981,1,784,.000000000000000,.000000000000000,-1.663741219685583,1.663741219685583
981,2,256,-3.327482439370377,6.654964878740754,-3.250148093737780,-.7733434563259660E-01
981,3,256,-3.172813748104574,6.345627496209147,-3.157154673264762,-.1565907483980918E-01
981,4,256,-3.141495598425444,6.282991196850888,-2.123894656423645,-1.017600942001799
981,5,10,-1.106293714422182,2.212587428844365,-.5531468572110793,-.5531468572111031
982,1,784,.000000000000000,.000000000000000,-1.663741219685584,1.663741219685584
982,2,256,-3.327482439370388,6.654964878740777,-3.250161169345228,-.7732127002516255E-01
982,3,256,-3.172839899319364,6.345679798638728,-3.157214862196270,-.1562503712309343E-01
982,4,256,-3.141589825073356,6.283179650146711,-2.123921953630695,-1.017667871442663
982,5,10,-1.106254082188123,2.212508164376247,-.5531270410940726,-.5531270410940510
983,1,784,.000000000000000,.000000000000000,-1.663741219685582,1.663741219685582
983,2,256,-3.327482439370355,6.654964878740710,-3.250144478016700,-.7733796135365469E-01
983,3,256,-3.172806516662384,6.345613033324769,-3.157161128049494,-.1564538861289241E-01
983,4,256,-3.141515739436871,6.283031478873742,-2.123931303461619,-1.017584435975250
983,5,10,-1.106346867486483,2.212693734972967,-.5531734337432442,-.5531734337432392
984,1,784,.000000000000000,.000000000000000,-1.663741219685585,1.663741219685585
984,2,256,-3.327482439370337,6.654964878740675,-3.250158181603740,-.7732425776659826E-01
984,3,256,-3.172833923836205,6.345667847672410,-3.157166298541350,-.1566762529485347E-01
984,4,256,-3.141498673246447,6.282997346492894,-2.123910260165667,-1.017588413080781
984,5,10,-1.106321847084937,2.212643694169873,-.5531609235424747,-.5531609235424619
985,1,784,.000000000000000,.000000000000000,-1.663741219685584,1.663741219685584
985,2,256,-3.327482439370302,6.654964878740604,-3.250146241351517,-.7733619801878634E-01
985,3,256,-3.172810043332166,6.345620086664331,-3.157176210941223,-.1563383239094603E-01
985,4,256,-3.141542378550754,6.283084757101507,-2.123939344486413,-1.017603034064339
985,5,10,-1.106336310422216,2.212672620844432,-.5531681552111251,-.5531681552110912
986,1,784,.000000000000000,.000000000000000,-1.663741219685581,1.663741219685581
986,2,256,-3.327482439370432,6.654964878740864,-3.250155636902657,-.7732680246777264E-01
986,3,256,-3.172828834433939,6.345657668867879,-3.157183869492084,-.1564496494185513E-01
986,4,256,-3.141538904549821,6.283077809099643,-2.123900417773320,-1.017638486776501
986,5,10,-1.106261930996620,2.212523861993239,-.5531309654983135,-.5531309654983063
987,1,784,.000000000000000,.000000000000000,-1.663741219685582,1.663741219685582
987,2,256,-3.327482439370461,6.654964878740921,-3.250134617285575,-.7734782208488543E-01
987,3,256,-3.172786795200175,6.345573590400350,-3.157169605590760,-.1561718960941324E-01
987,4,256,-3.141552415981293,6.283104831962586,-2.123961493552420,-1.017590922428874
987,5,10,-1.106370571123312,2.212741142246623,-.5531852855616530,-.5531852855616586
988,1,784,.000000000000000,.000000000000000,-1.663741219685584,1.663741219685584
988,2,256,-3.327482439370409,6.654964878740818,-3.250151710438792,-.7733072893161679E-01
988,3,256,-3.172820981506696,6.345641963013392,-3.157163392229754,-.1565758927694207E-01
988,4,256,-3.141505802953364,6.283011605906728,-2.123901507275203,-1.017604295678159
988,5,10,-1.106297211597331,2.212594423194661,-.5531486057986622,-.5531486057986683
989,1,784,.000000000000000,.000000000000000,-1.663741219685583,1.663741219685583
989,2,256,-3.327482439370470,6.654964878740940,-3.250138112439437,-.7734432693103642E-01
989,3,256,-3.172793785507980,6.345587571015960,-3.157152961933709,-.1564082357427264E-01
989,4,256,-3.141512138359782,6.283024276719564,-2.123895482146775,-1.017616656213008
989,5,10,-1.106278825933817,2.212557651867634,-.5531394129669210,-.5531394129668961
990,1,784,.000000000000000,.000000000000000,-1.663741219685585,1.663741219685585
990,2,256,-3.327482439370325,6.654964878740650,-3.250150972831370,-.7733146653895961E-01
990,3,256,-3.172819506291748,6.345639012583496,-3.157161509008685,-.1565799728306231E-01
990,4,256,-3.141503511725711,6.283007023451423,-2.123862154226440,-1.017641357499272
990,5,10,-1.106220796727060,2.212441593454120,-.5531103983635411,-.5531103983635189
991,1,784,.000000000000000,.000000000000000,-1.663741219685583,1.663741219685583
991,2,256,-3.327482439370359,6.654964878740719,-3.250156950927107,-.7732548844325299E-01
991,3,256,-3.172831462482736,6.345662924965471,-3.157184011909218,-.1564745057351939E-01
991,4,256,-3.141536561335411,6.283073122670822,-2.123898845588727,-1.017637715746682
991,5,10,-1.106261129842091,2.212522259684182,-.5531305649210307,-.5531305649210602
992,1,784,.000000000000000,.000000000000000,-1.663741219685583,1.663741219685583
992,2,256,-3.327482439370286,6.654964878740572,-3.250137822610872,-.7734461675941710E-01
992,3,256,-3.172793205850482,6.345586411700964,-3.157168129242286,-.1562507660819626E-01
992,4,256,-3.141543052633987,6.283086105267975,-2.123945021421074,-1.017598031212916
992,5,10,-1.106346990208190,2.212693980416381,-.5531734951040732,-.5531734951041171
993,1,784,.000000000000000,.000000000000000,-1.663741219685582,1.663741219685582
993,2,256,-3.327482439370345,6.654964878740690,-3.250143552195365,-.7733888717498054E-01
993,3,256,-3.172804665019420,6.345609330038839,-3.157188988580756,-.1561567643866118E-01
993,4,256,-3.141573312141851,6.283146624283702,-2.123905615950721,-1.017667696191131
993,5,10,-1.106237919759470,2.212475839518940,-.5531189598797455,-.5531189598797244
994,1,784,.000000000000000,.000000000000000,-1.663741219685583,1.663741219685583
994,2,256,-3.327482439370385,6.654964878740770,-3.250138041929027,-.7734439744135238E-01
994,3,256,-3.172793644487055,6.345587288974111,-3.157171194192740,-.1562245029431345E-01
994,4,256,-3.141548743898600,6.283097487797201,-2.123944213929795,-1.017604529968806
994,5,10,-1.106339683961058,2.212679367922116,-.5531698419805025,-.5531698419805557
995,1,784,.000000000000000,.000000000000000,-1.663741219685582,1.663741219685582
995,2,256,-3.327482439370397,6.654964878740794,-3.250153473783096,-.7732896558730414E-01
995,3,256,-3.172824508195138,6.345649016390276,-3.157177883691108,-.1564662450402909E-01
995,4,256,-3.141531259187255,6.283062518374510,-2.123971885103827,-1.017559374083428
995,5,10,-1.106412511020475,2.212825022040949,-.5532062555102305,-.5532062555102438
996,1,784,.000000000000000,.000000000000000,-1.663741219685583,1.663741219685583
996,2,256,-3.327482439370251,6.654964878740501,-3.250147570846412,-.7733486852383828E-01
996,3,256,-3.172812702321569,6.345625404643139,-3.157185002770241,-.1562769955132737E-01
996,4,256,-3.141557303218550,6.283114606437100,-2.123950100813313,-1.017607202405238
996,5,10,-1.106342898407811,2.212685796815623,-.5531714492038987,-.5531714492039126
997,1,784,.000000000000000,.000000000000000,-1.663741219685582,1.663741219685582
997,2,256,-3.327482439370411,6.654964878740821,-3.250135823687014,-.7734661568339522E-01
997,3,256,-3.172789208003075,6.345578416006149,-3.157179059479495,-.1561014852357856E-01
997,4,256,-3.141568910956271,6.283137821912542,-2.123938207025452,-1.017630703930820
997,5,10,-1.106307503094774,2.212615006189547,-.5531537515473881,-.5531537515473853
998,1,784,.000000000000000,.000000000000000,-1.663741219685583,1.663741219685583
998,2,256,-3.327482439370360,6.654964878740720,-3.250146875701530,-.7733556366882958E-01
998,3,256,-3.172811312031782,6.345622624063564,-3.157183775794314,-.1562753623747001E-01
998,4,256,-3.141556239556979,6.283112479113958,-2.123925173898005,-1.017631065658971
998,5,10,-1.106294108239274,2.212588216478547,-.5531470541196402,-.5531470541196335
999,1,784,.000000000000000,.000000000000000,-1.663741219685584,1.663741219685584
999,2,256,-3.327482439370336,6.654964878740672,-3.250154878156521,-.7732756121381343E-01
999,3,256,-3.172827316941746,6.345654633883493,-3.157171218820740,-.1565609812100767E-01
999,4,256,-3.141515120699885,6.283030241399771,-2.123920408889507,-1.017594711810378
999,5,10,-1.106325697079453,2.212651394158906,-.5531628485397077,-.5531628485397448
1000,1,784,.000000000000000,.000000000000000,-1.663741219685583,1.663741219685583
1000,2,256,-3.327482439370258,6.654964878740516,-3.250150444158650,-.7733199521160708E-01
1000,3,256,-3.172818448946410,6.345636897892820,-3.157175445195159,-.1564300375125231E-01
1000,4,256,-3.141532441444099,6.283064882888198,-2.123890378122901,-1.017642063321197
1000,5,10,-1.106248314801630,2.212496629603261,-.5531241574008119,-.5531241574008186
