id,Layer,node_count,HR_total,EPR_total,WR_total,UR_total
0,1,784,.000000000000000,.000000000000000,-2.016841419040038,2.016841419040038
0,2,256,-4.033682838079919,8.067365676159838,-3.882123750045882,-.1515590880340365
0,3,256,-3.730564662011763,7.461129324023525,-2.760064416167819,-.9705002458439436
0,4,10,-1.789564170323947,3.579128340647894,-.8947820851619754,-.8947820851619716
1,1,784,.000000000000000,.000000000000000,-1.995586096302425,1.995586096302425
1,2,256,-3.991172192604694,7.982344385209387,-3.858947767296327,-.1322244253083689
1,3,256,-3.726723341987772,7.453446683975543,-2.763209225754836,-.9635141162329356
1,4,10,-1.799695109521871,3.599390219043742,-.8998475547609344,-.8998475547609370
2,1,784,.000000000000000,.000000000000000,-1.997382387605614,1.997382387605614
2,2,256,-3.994764775211411,7.989529550422823,-3.860830749842548,-.1339340253688653
2,3,256,-3.726896724473829,7.453793448947659,-2.782904519584599,-.9439922048892284
2,4,10,-1.838912314695335,3.677824629390670,-.9194561573476677,-.9194561573476676
3,1,784,.000000000000000,.000000000000000,-1.996339145280203,1.996339145280203
3,2,256,-3.992678290561255,7.985356581122510,-3.858902238522001,-.1337760520392530
3,3,256,-3.725126186483769,7.450252372967538,-2.783879415136661,-.9412467713471115
3,4,10,-1.842632643789718,3.685265287579435,-.9213163218948619,-.9213163218948556
4,1,784,.000000000000000,.000000000000000,-1.995284102788984,1.995284102788984
4,2,256,-3.990568205578196,7.981136411156392,-3.858064931579737,-.1325032739984592
4,3,256,-3.725561657581488,7.451123315162976,-2.769769076230076,-.9557925813514127
4,4,10,-1.813976494878621,3.627952989757242,-.9069882474393178,-.9069882474393030
5,1,784,.000000000000000,.000000000000000,-1.996240035546671,1.996240035546671
5,2,256,-3.992480071093143,7.984960142186285,-3.858541775546247,-.1339382955468927
5,3,256,-3.724603479999031,7.449206959998063,-2.775357637221478,-.9492458427775534
5,4,10,-1.826111794443799,3.652223588887597,-.9130558972219003,-.9130558972218982
6,1,784,.000000000000000,.000000000000000,-1.996065531927615,1.996065531927615
6,2,256,-3.992131063854994,7.984262127709988,-3.859034436099648,-.1330966277553430
6,3,256,-3.725937808343863,7.451875616687727,-2.765384055232068,-.9605537531117976
6,4,10,-1.804830302120070,3.609660604240140,-.9024151510600338,-.9024151510600362
7,1,784,.000000000000000,.000000000000000,-1.996045408238686,1.996045408238686
7,2,256,-3.992090816477366,7.984181632954732,-3.859692948737855,-.1323978677395140
7,3,256,-3.727295080998390,7.454590161996780,-2.763616284655181,-.9636787963432051
7,4,10,-1.799937488312031,3.599874976624061,-.8999687441560204,-.8999687441560101
8,1,784,.000000000000000,.000000000000000,-1.996551486765189,1.996551486765189
8,2,256,-3.993102973529875,7.986205947059751,-3.859725664645237,-.1333773088846359
8,3,256,-3.726348355760403,7.452696711520805,-2.766326533064689,-.9600218226957160
8,4,10,-1.806304710369295,3.612609420738590,-.9031523551846418,-.9031523551846532
9,1,784,.000000000000000,.000000000000000,-1.996060763328372,1.996060763328372
9,2,256,-3.992121526656788,7.984243053313576,-3.859667642128144,-.1324538845286424
9,3,256,-3.727213757599315,7.454427515198629,-2.770734662769412,-.9564790948299017
9,4,10,-1.814255567939271,3.628511135878542,-.9071277839696401,-.9071277839696306
10,1,784,.000000000000000,.000000000000000,-1.996317582046138,1.996317582046138
10,2,256,-3.992635164092363,7.985270328184726,-3.858817810392028,-.1338173537003341
10,3,256,-3.725000456691784,7.450000913383569,-2.761155150989195,-.9638453057025883
10,4,10,-1.797309845286604,3.594619690573207,-.8986549226433073,-.8986549226432963
11,1,784,.000000000000000,.000000000000000,-1.997167914719322,1.997167914719322
11,2,256,-3.994335829439069,7.988671658878139,-3.861617592579576,-.1327182368594902
11,3,256,-3.728899355720495,7.457798711440990,-2.764517102930345,-.9643822527901491
11,4,10,-1.800134850140176,3.600269700280352,-.9000674250700891,-.9000674250700869
12,1,784,.000000000000000,.000000000000000,-1.996033726816520,1.996033726816520
12,2,256,-3.992067453632925,7.984134907265851,-3.859937570572534,-.1321298830603912
12,3,256,-3.727807687511935,7.455615375023871,-2.768041830884704,-.9597658566272322
12,4,10,-1.808275974257371,3.616551948514742,-.9041379871286915,-.9041379871286798
13,1,784,.000000000000000,.000000000000000,-1.996067976155969,1.996067976155969
13,2,256,-3.992135952311751,7.984271904623503,-3.859302447476884,-.1328335048348665
13,3,256,-3.726468942642172,7.452937885284345,-2.766587781801908,-.9598811608402622
13,4,10,-1.806706620961977,3.613413241923954,-.9033533104809931,-.9033533104809841
14,1,784,.000000000000000,.000000000000000,-1.995848500681549,1.995848500681549
14,2,256,-3.991697001363280,7.983394002726559,-3.859440828705107,-.1322561726581693
14,3,256,-3.727184656046659,7.454369312093318,-2.773791742210149,-.9533929138365073
14,4,10,-1.820398828373203,3.640797656746406,-.9101994141865899,-.9101994141866127
15,1,784,.000000000000000,.000000000000000,-1.996394162454253,1.996394162454253
15,2,256,-3.992788324908167,7.985576649816334,-3.859915257194217,-.1328730677139462
15,3,256,-3.727042189479693,7.454084378959386,-2.767885794120822,-.9591563953588703
15,4,10,-1.808729398761712,3.617458797523424,-.9043646993808565,-.9043646993808557
16,1,784,.000000000000000,.000000000000000,-1.996187052535075,1.996187052535075
16,2,256,-3.992374105070295,7.984748210140590,-3.859924929707770,-.1324491753625271
16,3,256,-3.727475754345624,7.454951508691249,-2.768877055060983,-.9585986992846396
16,4,10,-1.810278355776593,3.620556711553187,-.9051391778882895,-.9051391778883037
17,1,784,.000000000000000,.000000000000000,-1.995679634531248,1.995679634531248
17,2,256,-3.991359269062206,7.982718538124413,-3.858779197042397,-.1325800720198077
17,3,256,-3.726199125022079,7.452398250044158,-2.758221021953070,-.9679781030690093
17,4,10,-1.790242918883840,3.580485837767680,-.8951214594419254,-.8951214594419143
18,1,784,.000000000000000,.000000000000000,-1.995424227109010,1.995424227109010
18,2,256,-3.990848454217835,7.981696908435669,-3.858343969124682,-.1325044850931522
18,3,256,-3.725839484031427,7.451678968062854,-2.772014591492377,-.9538248925390527
18,4,10,-1.818189698953399,3.636379397906799,-.9090948494767032,-.9090948494766964
19,1,784,.000000000000000,.000000000000000,-1.996233991388499,1.996233991388499
19,2,256,-3.992467982776667,7.984935965553334,-3.859268479734253,-.1331995030424144
19,3,256,-3.726068976691451,7.452137953382902,-2.757103968523222,-.9689650081682302
19,4,10,-1.788138960354951,3.576277920709902,-.8940694801774717,-.8940694801774793
20,1,784,.000000000000000,.000000000000000,-1.996107427609470,1.996107427609470
20,2,256,-3.992214855218809,7.984429710437619,-3.860081689100146,-.1321331661186637
20,3,256,-3.727948522981504,7.455897045963008,-2.772370640450274,-.9555778825312304
20,4,10,-1.816792757919203,3.633585515838405,-.9083963789595980,-.9083963789596046
21,1,784,.000000000000000,.000000000000000,-1.996335273322950,1.996335273322950
21,2,256,-3.992670546646047,7.985341093292094,-3.859401187899357,-.1332693587466918
21,3,256,-3.726131829152484,7.452263658304967,-2.772183653365150,-.9539481757873340
21,4,10,-1.818235477577480,3.636470955154960,-.9091177387887460,-.9091177387887339
22,1,784,.000000000000000,.000000000000000,-1.995970683906472,1.995970683906472
22,2,256,-3.991941367813430,7.983882735626859,-3.858787531058063,-.1331538367553665
22,3,256,-3.725633694303046,7.451267388606092,-2.761713917722467,-.9639197765805794
22,4,10,-1.797794141141746,3.595588282283491,-.8988970705708762,-.8988970705708694
23,1,784,.000000000000000,.000000000000000,-1.996974798804871,1.996974798804871
23,2,256,-3.993949597609530,7.987899195219061,-3.860961875457918,-.1329877221516127
23,3,256,-3.727974153306046,7.455948306612092,-2.759830971350854,-.9681431819551910
23,4,10,-1.791687789395617,3.583375578791234,-.8958438946978061,-.8958438946978108
24,1,784,.000000000000000,.000000000000000,-1.995364807335633,1.995364807335633
24,2,256,-3.990729614671319,7.981459229342637,-3.858399525079558,-.1323300895917651
24,3,256,-3.726069435487764,7.452138870975529,-2.761481046493584,-.9645883889941812
24,4,10,-1.796892657499318,3.593785314998637,-.8984463287496597,-.8984463287496590
25,1,784,.000000000000000,.000000000000000,-1.995808648183302,1.995808648183302
25,2,256,-3.991617296366753,7.983234592733505,-3.858906797760632,-.1327104986061170
25,3,256,-3.726196299154624,7.452392598309247,-2.772628181529143,-.9535681176254802
25,4,10,-1.819060063903626,3.638120127807252,-.9095300319518146,-.9095300319518115
26,1,784,.000000000000000,.000000000000000,-1.996319737876408,1.996319737876408
26,2,256,-3.992639475753282,7.985278951506564,-3.859413290341715,-.1332261854115706
26,3,256,-3.726187104930617,7.452374209861235,-2.785040676759550,-.9411464281710655
26,4,10,-1.843894248588478,3.687788497176955,-.9219471242942451,-.9219471242942324
27,1,784,.000000000000000,.000000000000000,-1.995751697674183,1.995751697674183
27,2,256,-3.991503395348915,7.983006790697830,-3.858094686307301,-.1334087090416118
27,3,256,-3.724685977266109,7.449371954532217,-2.769951715667819,-.9547342615982913
27,4,10,-1.815217454069410,3.630434908138820,-.9076087270347011,-.9076087270347086
28,1,784,.000000000000000,.000000000000000,-1.995838483451781,1.995838483451781
28,2,256,-3.991676966903475,7.983353933806949,-3.859132482820407,-.1325444840830675
28,3,256,-3.726587998737176,7.453175997474353,-2.768045238093921,-.9585427606432498
28,4,10,-1.809502477450615,3.619004954901230,-.9047512387252973,-.9047512387253180
29,1,784,.000000000000000,.000000000000000,-1.996237494543714,1.996237494543714
29,2,256,-3.992474989087762,7.984949978175523,-3.860726064396799,-.1317489246909652
29,3,256,-3.728977139706287,7.457954279412575,-2.781095491939878,-.9478816477664098
29,4,10,-1.833213844173582,3.666427688347165,-.9166069220867937,-.9166069220867884
30,1,784,.000000000000000,.000000000000000,-1.995816020075998,1.995816020075998
30,2,256,-3.991632040151614,7.983264080303228,-3.858202333689674,-.1334297064619401
30,3,256,-3.724772627227328,7.449545254454657,-2.766435984864263,-.9583366423630618
30,4,10,-1.808099342501175,3.616198685002350,-.9040496712505907,-.9040496712505843
31,1,784,.000000000000000,.000000000000000,-1.995758229759222,1.995758229759222
31,2,256,-3.991516459518152,7.983032919036304,-3.859189765924572,-.1323266935935826
31,3,256,-3.726863072330886,7.453726144661771,-2.779646296020854,-.9472167763100284
31,4,10,-1.832429519711042,3.664859039422084,-.9162147598555074,-.9162147598555347
32,1,784,.000000000000000,.000000000000000,-1.996242528176989,1.996242528176989
32,2,256,-3.992485056353758,7.984970112707517,-3.859178230272469,-.1333068260812895
32,3,256,-3.725871404191082,7.451742808382164,-2.763917802732127,-.9619536014589561
32,4,10,-1.801964201273286,3.603928402546571,-.9009821006366464,-.9009821006366396
33,1,784,.000000000000000,.000000000000000,-1.995955328971993,1.995955328971993
33,2,256,-3.991910657944120,7.983821315888241,-3.858273780911829,-.1336368770322979
33,3,256,-3.724636903879325,7.449273807758649,-2.768341775245013,-.9562951286343152
33,4,10,-1.812046646610373,3.624093293220747,-.9060233233051835,-.9060233233051899
34,1,784,.000000000000000,.000000000000000,-1.996509286785420,1.996509286785420
34,2,256,-3.993018573571006,7.986037147142012,-3.859895368635068,-.1331232049359415
34,3,256,-3.726772163699467,7.453544327398934,-2.777898310800548,-.9488738528989163
34,4,10,-1.829024457901787,3.658048915803574,-.9145122289508999,-.9145122289508874
35,1,784,.000000000000000,.000000000000000,-1.995970956671191,1.995970956671191
35,2,256,-3.991941913341807,7.983883826683615,-3.859283387825584,-.1326585255162214
35,3,256,-3.726624862308626,7.453249724617253,-2.771243336216362,-.9553815260922631
35,4,10,-1.815861810123943,3.631723620247886,-.9079309050619683,-.9079309050619749
36,1,784,.000000000000000,.000000000000000,-1.996131097622593,1.996131097622593
36,2,256,-3.992262195245142,7.984524390490283,-3.859250509234926,-.1330116860102125
36,3,256,-3.726238823225132,7.452477646450265,-2.765058819043059,-.9611800041820746
36,4,10,-1.803878814861438,3.607757629722876,-.9019394074307243,-.9019394074307135
37,1,784,.000000000000000,.000000000000000,-1.996224871972636,1.996224871972636
37,2,256,-3.992449743945721,7.984899487891441,-3.858421499621060,-.1340282443246600
37,3,256,-3.724393255296913,7.448786510593825,-2.766683803164502,-.9577094521324117
37,4,10,-1.808974351032153,3.617948702064306,-.9044871755160764,-.9044871755160766
38,1,784,.000000000000000,.000000000000000,-1.995863564171689,1.995863564171689
38,2,256,-3.991727128343875,7.983454256687750,-3.858192308694430,-.1335348196494434
38,3,256,-3.724657489045461,7.449314978090921,-2.767386110250262,-.9572713787951985
38,4,10,-1.810114731455046,3.620229462910092,-.9050573657275214,-.9050573657275249
39,1,784,.000000000000000,.000000000000000,-1.996069214936930,1.996069214936930
39,2,256,-3.992138429874047,7.984276859748094,-3.859806022073244,-.1323324078008039
39,3,256,-3.727473614272233,7.454947228544467,-2.779427420614154,-.9480461936580812
39,4,10,-1.831381226955685,3.662762453911369,-.9156906134778356,-.9156906134778490
40,1,784,.000000000000000,.000000000000000,-1.996625733000889,1.996625733000889
40,2,256,-3.993251466001972,7.986502932003945,-3.860241935710911,-.1330095302910611
40,3,256,-3.727232405420113,7.454464810840226,-2.804172755018950,-.9230596504011662
40,4,10,-1.881113104617839,3.762226209235678,-.9405565523089238,-.9405565523089149
41,1,784,.000000000000000,.000000000000000,-1.995859961562048,1.995859961562048
41,2,256,-3.991719923124425,7.983439846248849,-3.859139558496468,-.1325803646279522
41,3,256,-3.726559193868956,7.453118387737911,-2.775872253074705,-.9506869407942512
41,4,10,-1.825185312280562,3.650370624561124,-.9125926561402824,-.9125926561402795
42,1,784,.000000000000000,.000000000000000,-1.995862489318154,1.995862489318154
42,2,256,-3.991724978636535,7.983449957273069,-3.857574403890869,-.1341505747456667
42,3,256,-3.723423829145307,7.446847658290613,-2.771658508246445,-.9517653208988618
42,4,10,-1.819893187347478,3.639786374694955,-.9099465936737327,-.9099465936737451
43,1,784,.000000000000000,.000000000000000,-1.996705228687640,1.996705228687640
43,2,256,-3.993410457375481,7.986820914750963,-3.859541263225592,-.1338691941498912
43,3,256,-3.725672069075809,7.451344138151617,-2.762089733277342,-.9635823357984670
43,4,10,-1.798507397478776,3.597014794957553,-.8992536987393855,-.8992536987393908
44,1,784,.000000000000000,.000000000000000,-1.995766251161657,1.995766251161657
44,2,256,-3.991532502323209,7.983065004646417,-3.859069404595690,-.1324630977275147
44,3,256,-3.726606306868188,7.453212613736375,-2.773000223307971,-.9536060835602185
44,4,10,-1.819394139747866,3.638788279495732,-.9096970698739361,-.9096970698739297
45,1,784,.000000000000000,.000000000000000,-1.996250789486294,1.996250789486294
45,2,256,-3.992501578972756,7.985003157945513,-3.859588649759368,-.1329129292133893
45,3,256,-3.726675720546154,7.453351441092309,-2.769460438861992,-.9572152816841627
45,4,10,-1.812245157177857,3.624490314355714,-.9061225785889168,-.9061225785889402
46,1,784,.000000000000000,.000000000000000,-1.995974101159237,1.995974101159237
46,2,256,-3.991948202318641,7.983896404637282,-3.858067270428941,-.1338809318897002
46,3,256,-3.724186338539638,7.448372677079275,-2.768829749209488,-.9553565893301490
46,4,10,-1.813473159879579,3.626946319759158,-.9067365799397858,-.9067365799397936
47,1,784,.000000000000000,.000000000000000,-1.996327962225809,1.996327962225809
47,2,256,-3.992655924452368,7.985311848904735,-3.858677510382627,-.1339784140697377
47,3,256,-3.724699096313916,7.449398192627832,-2.777679510003678,-.9470195863102371
47,4,10,-1.830659923693709,3.661319847387419,-.9153299618468550,-.9153299618468548
48,1,784,.000000000000000,.000000000000000,-1.997158263354080,1.997158263354080
48,2,256,-3.994316526707704,7.988633053415408,-3.859422009093717,-.1348945176139821
48,3,256,-3.724527491479038,7.449054982958075,-2.769968693228822,-.9545587982502149
48,4,10,-1.815409894978366,3.630819789956733,-.9077049474891818,-.9077049474891845
49,1,784,.000000000000000,.000000000000000,-1.995660125978155,1.995660125978155
49,2,256,-3.991320251956675,7.982640503913349,-3.858175403017615,-.1331448489390595
49,3,256,-3.725030554078716,7.450061108157431,-2.771612154623154,-.9534183994555606
49,4,10,-1.818193755167387,3.636387510334775,-.9090968775836967,-.9090968775836910
50,1,784,.000000000000000,.000000000000000,-1.996565396914133,1.996565396914133
50,2,256,-3.993130793828125,7.986261587656250,-3.860173322190319,-.1329574716378059
50,3,256,-3.727215850552515,7.454431701105030,-2.765179106620386,-.9620367439321287
50,4,10,-1.803142362688403,3.606284725376805,-.9015711813442000,-.9015711813442029
51,1,784,.000000000000000,.000000000000000,-1.995908555425538,1.995908555425538
51,2,256,-3.991817110851049,7.983634221702099,-3.858697922008465,-.1331191888425841
51,3,256,-3.725578733166081,7.451157466332162,-2.773584769880876,-.9519939632852015
51,4,10,-1.821590806595904,3.643181613191808,-.9107954032979511,-.9107954032979528
52,1,784,.000000000000000,.000000000000000,-1.996845548222159,1.996845548222159
52,2,256,-3.993691096444197,7.987382192888394,-3.859228281142862,-.1344628153013331
52,3,256,-3.724765465841643,7.449530931683286,-2.764025117357755,-.9607403484838867
52,4,10,-1.803284768874112,3.606569537748224,-.9016423844370520,-.9016423844370600
53,1,784,.000000000000000,.000000000000000,-1.995872477768649,1.995872477768649
53,2,256,-3.991744955536799,7.983489911073598,-3.859649852622248,-.1320951029145530
53,3,256,-3.727554749707176,7.455109499414352,-2.766378166927144,-.9611765827800314
53,4,10,-1.805201584147097,3.610403168294194,-.9026007920735465,-.9026007920735506
54,1,784,.000000000000000,.000000000000000,-1.995803371579665,1.995803371579665
54,2,256,-3.991606743159088,7.983213486318176,-3.858952107338083,-.1326546358210067
54,3,256,-3.726297471516931,7.452594943033863,-2.760344593344642,-.9659528781722905
54,4,10,-1.794391715172459,3.588783430344918,-.8971958575862258,-.8971958575862337
55,1,784,.000000000000000,.000000000000000,-1.995643380995197,1.995643380995197
55,2,256,-3.991286761990714,7.982573523981428,-3.858561711483277,-.1327250505074364
55,3,256,-3.725836660975967,7.451673321951933,-2.757059220828451,-.9687774401475105
55,4,10,-1.788281780680742,3.576563561361485,-.8941408903403730,-.8941408903403693
56,1,784,.000000000000000,.000000000000000,-1.996390424998753,1.996390424998753
56,2,256,-3.992780849997227,7.985561699994455,-3.859210688459581,-.1335701615376465
56,3,256,-3.725640526921454,7.451281053842909,-2.774675320118235,-.9509652068032208
56,4,10,-1.823710113314804,3.647420226629608,-.9118550566574056,-.9118550566573985
57,1,784,.000000000000000,.000000000000000,-1.996003925090262,1.996003925090262
57,2,256,-3.992007850180308,7.984015700360615,-3.859964334837753,-.1320435153425517
57,3,256,-3.727920819494617,7.455841638989234,-2.784181677477542,-.9437391420170719
57,4,10,-1.840442535460110,3.680885070920220,-.9202212677300483,-.9202212677300616
58,1,784,.000000000000000,.000000000000000,-1.995808749065140,1.995808749065140
58,2,256,-3.991617498130572,7.983234996261143,-3.857988194637545,-.1336293034930263
58,3,256,-3.724358891144719,7.448717782289437,-2.779266285631145,-.9450926055135718
58,4,10,-1.834173680117484,3.668347360234968,-.9170868400587392,-.9170868400587450
59,1,784,.000000000000000,.000000000000000,-1.996111250738323,1.996111250738323
59,2,256,-3.992222501476798,7.984445002953596,-3.859541853650390,-.1326806478264071
59,3,256,-3.726861205824263,7.453722411648526,-2.762544077207493,-.9643171286167722
59,4,10,-1.798226948590837,3.596453897181673,-.8991134742954253,-.8991134742954116
60,1,784,.000000000000000,.000000000000000,-1.995505751346422,1.995505751346422
60,2,256,-3.991011502693026,7.982023005386052,-3.857967237906757,-.1330442647862664
60,3,256,-3.724922973120536,7.449845946241071,-2.765394542402824,-.9595284307177118
60,4,10,-1.805866111684969,3.611732223369938,-.9029330558424853,-.9029330558424840
61,1,784,.000000000000000,.000000000000000,-1.996210690905400,1.996210690905400
61,2,256,-3.992421381811293,7.984842763622586,-3.858628958631973,-.1337924231793198
61,3,256,-3.724836535453469,7.449673070906938,-2.780488255120658,-.9443482803328099
61,4,10,-1.836139974788191,3.672279949576382,-.9180699873940882,-.9180699873941031
62,1,784,.000000000000000,.000000000000000,-1.996373017622188,1.996373017622188
62,2,256,-3.992746035244329,7.985492070488657,-3.860390996799092,-.1323550384452394
62,3,256,-3.728035958353786,7.456071916707572,-2.763950989884832,-.9640849684689521
62,4,10,-1.799866021415862,3.599732042831724,-.8999330107079316,-.8999330107079307
63,1,784,.000000000000000,.000000000000000,-1.995821363536962,1.995821363536962
63,2,256,-3.991642727074156,7.983285454148312,-3.860446767963488,-.1311959591106673
63,3,256,-3.729250808853320,7.458501617706640,-2.777765806507343,-.9514850023459765
63,4,10,-1.826280804161617,3.652561608323234,-.9131404020808193,-.9131404020807977
64,1,784,.000000000000000,.000000000000000,-1.995966912853941,1.995966912853941
64,2,256,-3.991933825708192,7.983867651416385,-3.859156369510331,-.1327774561978627
64,3,256,-3.726378913312684,7.452757826625367,-2.783880602140008,-.9424983111726756
64,4,10,-1.841382290967236,3.682764581934472,-.9206911454836193,-.9206911454836170
65,1,784,.000000000000000,.000000000000000,-1.996269134754019,1.996269134754019
65,2,256,-3.992538269508120,7.985076539016241,-3.860388749402462,-.1321495201056611
65,3,256,-3.728239229297306,7.456478458594612,-2.759312973547035,-.9689262557502726
65,4,10,-1.790386717797191,3.580773435594381,-.8951933588985906,-.8951933588985999
66,1,784,.000000000000000,.000000000000000,-1.996063481589110,1.996063481589110
66,2,256,-3.992126963178605,7.984253926357210,-3.859671278599542,-.1324556845790675
66,3,256,-3.727215594020857,7.454431188041713,-2.769733499646498,-.9574820943743597
66,4,10,-1.812251405272109,3.624502810544217,-.9061257026360662,-.9061257026360425
67,1,784,.000000000000000,.000000000000000,-1.996179891017336,1.996179891017336
67,2,256,-3.992359782034926,7.984719564069851,-3.859664893998823,-.1326948880361034
67,3,256,-3.726970005962847,7.453940011925694,-2.767497353644996,-.9594726523178497
67,4,10,-1.808024701327006,3.616049402654012,-.9040123506635096,-.9040123506634964
68,1,784,.000000000000000,.000000000000000,-1.995508200731517,1.995508200731517
68,2,256,-3.991016401463003,7.982032802926005,-3.858832022022739,-.1321843794402616
68,3,256,-3.726647642582326,7.453295285164653,-2.769368540181119,-.9572791024012088
68,4,10,-1.812089437779793,3.624178875559586,-.9060447188898958,-.9060447188898975
69,1,784,.000000000000000,.000000000000000,-1.996566047065450,1.996566047065450
69,2,256,-3.993132094130983,7.986264188261965,-3.860000096540614,-.1331319975903680
69,3,256,-3.726868098950267,7.453736197900533,-2.791379437714164,-.9354886612361050
69,4,10,-1.855890776477992,3.711781552955984,-.9279453882389987,-.9279453882389935
70,1,784,.000000000000000,.000000000000000,-1.996974729491638,1.996974729491638
70,2,256,-3.993949458983096,7.987898917966191,-3.858745475135592,-.1352039838475070
70,3,256,-3.723541491287804,7.447082982575608,-2.767785070494808,-.9557564207929958
70,4,10,-1.812028649701707,3.624057299403414,-.9060143248508546,-.9060143248508526
71,1,784,.000000000000000,.000000000000000,-1.996510829928006,1.996510829928006
71,2,256,-3.993021659856279,7.986043319712557,-3.860036201373248,-.1329854584830353
71,3,256,-3.727050742890407,7.454101485780814,-2.764970176283254,-.9620805666071545
71,4,10,-1.802889609676043,3.605779219352085,-.9014448048380171,-.9014448048380252
72,1,784,.000000000000000,.000000000000000,-1.997077258673915,1.997077258673915
72,2,256,-3.994154517347678,7.988309034695357,-3.860430048773717,-.1337244685739640
72,3,256,-3.726705580199530,7.453411160399059,-2.766025961769845,-.9606796184296872
72,4,10,-1.805346343340091,3.610692686680183,-.9026731716700421,-.9026731716700493
73,1,784,.000000000000000,.000000000000000,-1.995713180864650,1.995713180864650
73,2,256,-3.991426361728688,7.982852723457376,-3.858302134321632,-.1331242274070555
73,3,256,-3.725177906913715,7.450355813827430,-2.762559768732078,-.9626181381816361
73,4,10,-1.799941630550186,3.599883261100372,-.8999708152750945,-.8999708152750914
74,1,784,.000000000000000,.000000000000000,-1.996016019032251,1.996016019032251
74,2,256,-3.992032038064674,7.984064076129348,-3.858908401004032,-.1331236370606388
74,3,256,-3.725784763943780,7.451569527887560,-2.772195649914974,-.9535891140288029
74,4,10,-1.818606535886391,3.637213071772783,-.9093032679431936,-.9093032679431979
75,1,784,.000000000000000,.000000000000000,-1.995628250832785,1.995628250832785
75,2,256,-3.991256501665731,7.982513003331462,-3.858807015906062,-.1324494857596676
75,3,256,-3.726357530146393,7.452715060292785,-2.763350268504627,-.9630072616417651
75,4,10,-1.800343006862692,3.600686013725385,-.9001715034313502,-.9001715034313421
76,1,784,.000000000000000,.000000000000000,-1.995946956551948,1.995946956551948
76,2,256,-3.991893913103937,7.983787826207873,-3.858559380871776,-.1333345322321569
76,3,256,-3.725224848639693,7.450449697279386,-2.767338905697813,-.9578859429418819
76,4,10,-1.809452962755978,3.618905925511955,-.9047264813779821,-.9047264813779952
77,1,784,.000000000000000,.000000000000000,-1.995922542099815,1.995922542099815
77,2,256,-3.991845084199994,7.983690168399988,-3.859983596346096,-.1318614878538990
77,3,256,-3.728122108492487,7.456244216984975,-2.778028204700132,-.9500939037923591
77,4,10,-1.827934300907700,3.655868601815401,-.9139671504538533,-.9139671504538469
78,1,784,.000000000000000,.000000000000000,-1.996292710887894,1.996292710887894
78,2,256,-3.992585421775802,7.985170843551605,-3.859658811190501,-.1329266105853035
78,3,256,-3.726732200605384,7.453464401210769,-2.764521515097536,-.9622106855078477
78,4,10,-1.802310829589864,3.604621659179728,-.9011554147949278,-.9011554147949360
79,1,784,.000000000000000,.000000000000000,-1.995684509069991,1.995684509069991
79,2,256,-3.991369018139713,7.982738036279426,-3.859095932377557,-.1322730857621540
79,3,256,-3.726822846614956,7.453645693229912,-2.762402478617145,-.9644203679978091
79,4,10,-1.797982110619156,3.595964221238311,-.8989910553095770,-.8989910553095787
80,1,784,.000000000000000,.000000000000000,-1.996132788094032,1.996132788094032
80,2,256,-3.992265576188104,7.984531152376207,-3.859998228531109,-.1322673476569913
80,3,256,-3.727730880874390,7.455461761748780,-2.773061630667594,-.9546692502067960
80,4,10,-1.818392380461034,3.636784760922068,-.9091961902305153,-.9091961902305186
81,1,784,.000000000000000,.000000000000000,-1.996354853054446,1.996354853054446
81,2,256,-3.992709706108580,7.985419412217159,-3.860157385661035,-.1325523204475454
81,3,256,-3.727605065212971,7.455210130425941,-2.763535174025080,-.9640698911878889
81,4,10,-1.799465282836971,3.598930565673942,-.8997326414184916,-.8997326414184794
82,1,784,.000000000000000,.000000000000000,-1.996053131678541,1.996053131678541
82,2,256,-3.992106263357347,7.984212526714694,-3.859288025121431,-.1328182382359172
82,3,256,-3.726469786885426,7.452939573770851,-2.761370939701054,-.9650988471843702
82,4,10,-1.796272092516330,3.592544185032660,-.8981360462581649,-.8981360462581650
83,1,784,.000000000000000,.000000000000000,-1.996408313334809,1.996408313334809
83,2,256,-3.992816626669744,7.985633253339489,-3.859618793921765,-.1331978327479800
83,3,256,-3.726420961173897,7.452841922347795,-2.780967809011010,-.9454531521628849
83,4,10,-1.835514656848084,3.671029313696167,-.9177573284240524,-.9177573284240315
84,1,784,.000000000000000,.000000000000000,-1.995799066932537,1.995799066932537
84,2,256,-3.991598133865223,7.983196267730445,-3.858351023731508,-.1332471101337176
84,3,256,-3.725103913597762,7.450207827195524,-2.772931312593769,-.9521726010039945
84,4,10,-1.820758711589609,3.641517423179218,-.9103793557947997,-.9103793557948094
85,1,784,.000000000000000,.000000000000000,-1.996185562097156,1.996185562097156
85,2,256,-3.992371124194253,7.984742248388506,-3.859465214717367,-.1329059094768871
85,3,256,-3.726559305240596,7.453118610481192,-2.771668896450583,-.9548904087900124
85,4,10,-1.816778487660740,3.633556975321481,-.9083892438303720,-.9083892438303685
86,1,784,.000000000000000,.000000000000000,-1.995551058277442,1.995551058277442
86,2,256,-3.991102116554953,7.982204233109907,-3.858588196459696,-.1325139200952560
86,3,256,-3.726074276364319,7.452148552728637,-2.762356977340644,-.9637172990236728
86,4,10,-1.798639678316788,3.597279356633577,-.8993198391583880,-.8993198391584004
87,1,784,.000000000000000,.000000000000000,-1.996517119555409,1.996517119555409
87,2,256,-3.993034239111416,7.986068478222832,-3.859553716637437,-.1334805224739757
87,3,256,-3.726073194164249,7.452146388328498,-2.766290445262112,-.9597827489021361
87,4,10,-1.806507696360170,3.613015392720341,-.9032538481800831,-.9032538481800870
88,1,784,.000000000000000,.000000000000000,-1.995715210712631,1.995715210712631
88,2,256,-3.991430421425332,7.982860842850664,-3.858868231702395,-.1325621897229368
88,3,256,-3.726306041979714,7.452612083959427,-2.765931458930212,-.9603745830495037
88,4,10,-1.805556875880916,3.611113751761832,-.9027784379404508,-.9027784379404654
89,1,784,.000000000000000,.000000000000000,-1.996332995177476,1.996332995177476
89,2,256,-3.992665990355214,7.985331980710427,-3.860726067643321,-.1319399227118932
89,3,256,-3.728786144931435,7.457572289862870,-2.778692674722804,-.9500934702086318
89,4,10,-1.828599204513932,3.657198409027864,-.9142996022569599,-.9142996022569719
90,1,784,.000000000000000,.000000000000000,-1.997413131980686,1.997413131980686
90,2,256,-3.994826263961567,7.989652527923133,-3.860456015197064,-.1343702487645021
90,3,256,-3.726085766432600,7.452171532865200,-2.763556498864722,-.9625292675678790
90,4,10,-1.801027231296689,3.602054462593377,-.9005136156483458,-.9005136156483426
91,1,784,.000000000000000,.000000000000000,-1.994943670058187,1.994943670058187
91,2,256,-3.989887340115577,7.979774680231155,-3.858234770425565,-.1316525696900126
91,3,256,-3.726582200734896,7.453164401469792,-2.763734814083953,-.9628473866509446
91,4,10,-1.800887427433157,3.601774854866314,-.9004437137165747,-.9004437137165819
92,1,784,.000000000000000,.000000000000000,-1.996592384040930,1.996592384040930
92,2,256,-3.993184768082193,7.986369536164386,-3.860285492297149,-.1328992757850455
92,3,256,-3.727386216512429,7.454772433024858,-2.763316826567328,-.9640693899450964
92,4,10,-1.799247436622219,3.598494873244438,-.8996237183111085,-.8996237183111104
93,1,784,.000000000000000,.000000000000000,-1.996964454836776,1.996964454836776
93,2,256,-3.993928909673194,7.987857819346388,-3.861097180590109,-.1328317290830854
93,3,256,-3.728265451506557,7.456530903013113,-2.770323789118835,-.9579416623877219
93,4,10,-1.812382126730998,3.624764253461995,-.9061910633655016,-.9061910633654959
94,1,784,.000000000000000,.000000000000000,-1.996516936547840,1.996516936547840
94,2,256,-3.993033873096426,7.986067746192852,-3.859809788235836,-.1332240848605912
94,3,256,-3.726585703375830,7.453171406751659,-2.771557545119892,-.9550281582559395
94,4,10,-1.816529386863801,3.633058773727603,-.9082646934318998,-.9082646934319016
95,1,784,.000000000000000,.000000000000000,-1.996226325960073,1.996226325960073
95,2,256,-3.992452651919392,7.984905303838785,-3.858545634678435,-.1339070172409578
95,3,256,-3.724638617436252,7.449277234872504,-2.757517398343711,-.9671212190925410
95,4,10,-1.790396179250703,3.580792358501405,-.8951980896253506,-.8951980896253522
96,1,784,.000000000000000,.000000000000000,-1.995494693820875,1.995494693820875
96,2,256,-3.990989387640761,7.981978775281521,-3.856884623914526,-.1341047637262302
96,3,256,-3.722779860187719,7.445559720375438,-2.783773206274401,-.9390066539133138
96,4,10,-1.844766552361497,3.689533104722995,-.9223832761807491,-.9223832761807481
97,1,784,.000000000000000,.000000000000000,-1.995645017265043,1.995645017265043
97,2,256,-3.991290034529993,7.982580069059987,-3.858675479308492,-.1326145552215008
97,3,256,-3.726060924086945,7.452121848173890,-2.781106616088492,-.9449543079984543
97,4,10,-1.836152308090100,3.672304616180200,-.9180761540450417,-.9180761540450582
98,1,784,.000000000000000,.000000000000000,-1.996465611026486,1.996465611026486
98,2,256,-3.992931222053033,7.985862444106066,-3.859811122592695,-.1331200994603376
98,3,256,-3.726691023132013,7.453382046264026,-2.771630859397302,-.9550601637347131
98,4,10,-1.816570695662189,3.633141391324379,-.9082853478310939,-.9082853478310956
99,1,784,.000000000000000,.000000000000000,-1.995635579023294,1.995635579023294
99,2,256,-3.991271158046795,7.982542316093589,-3.859303928583687,-.1319672294631099
99,3,256,-3.727336699120928,7.454673398241857,-2.769927480212320,-.9574092189086076
99,4,10,-1.812518261303850,3.625036522607699,-.9062591306519264,-.9062591306519234
100,1,784,.000000000000000,.000000000000000,-1.997269471260208,1.997269471260208
100,2,256,-3.994538942521002,7.989077885042003,-3.860093429418640,-.1344455131023595
100,3,256,-3.725647916316552,7.451295832633104,-2.778266296106503,-.9473816202100473
100,4,10,-1.830884675896130,3.661769351792260,-.9154423379480677,-.9154423379480623
101,1,784,.000000000000000,.000000000000000,-1.995719536725040,1.995719536725040
101,2,256,-3.991439073450149,7.982878146900299,-3.858861381115843,-.1325776923343099
101,3,256,-3.726283688781733,7.452567377563467,-2.773011104562510,-.9532725842192230
101,4,10,-1.819738520343419,3.639477040686838,-.9098692601717079,-.9098692601717108
102,1,784,.000000000000000,.000000000000000,-1.996347181038856,1.996347181038856
102,2,256,-3.992694362078057,7.985388724156113,-3.860473848556643,-.1322205135214127
102,3,256,-3.728253335035320,7.456506670070639,-2.771526028567921,-.9567273064673988
102,4,10,-1.814798722100257,3.629597444200514,-.9073993610501329,-.9073993610501241
103,1,784,.000000000000000,.000000000000000,-1.996066750598289,1.996066750598289
103,2,256,-3.992133501196879,7.984267002393758,-3.859297513007725,-.1328359881891520
103,3,256,-3.726461524818937,7.452923049637874,-2.765456590337346,-.9610049344815895
103,4,10,-1.804451655855830,3.608903311711661,-.9022258279279108,-.9022258279279195
104,1,784,.000000000000000,.000000000000000,-1.997582619749171,1.997582619749171
104,2,256,-3.995165239497700,7.990330478995399,-3.860764141903729,-.1344010975939718
104,3,256,-3.726363044309072,7.452726088618144,-2.766444352009611,-.9599186922994607
104,4,10,-1.806525659710125,3.613051319420250,-.9032628298550543,-.9032628298550706
105,1,784,.000000000000000,.000000000000000,-1.996642411788113,1.996642411788113
105,2,256,-3.993284823576304,7.986569647152608,-3.861059119783257,-.1322257037930449
105,3,256,-3.728833415990275,7.457666831980549,-2.784914737840898,-.9439186781493739
105,4,10,-1.840996059691525,3.681992119383051,-.9204980298457568,-.9204980298457688
106,1,784,.000000000000000,.000000000000000,-1.995858629417254,1.995858629417254
106,2,256,-3.991717258834265,7.983434517668529,-3.858707856548000,-.1330094022862630
106,3,256,-3.725698454261052,7.451396908522105,-2.763696763813392,-.9620016904476615
106,4,10,-1.801695073365292,3.603390146730585,-.9008475366826474,-.9008475366826451
107,1,784,.000000000000000,.000000000000000,-1.996342591961359,1.996342591961359
107,2,256,-3.992685183922209,7.985370367844419,-3.860000887204468,-.1326842967177418
107,3,256,-3.727316590486229,7.454633180972459,-2.762983347751097,-.9643332427351271
107,4,10,-1.798650105015973,3.597300210031945,-.8993250525079854,-.8993250525079873
108,1,784,.000000000000000,.000000000000000,-1.995993240600923,1.995993240600923
108,2,256,-3.991986481202057,7.983972962404113,-3.859786533191025,-.1321999480110307
108,3,256,-3.727586585180367,7.455173170360735,-2.774507380462793,-.9530792047175771
108,4,10,-1.821428175745380,3.642856351490759,-.9107140878726921,-.9107140878726875
109,1,784,.000000000000000,.000000000000000,-1.996333860100156,1.996333860100156
109,2,256,-3.992667720201031,7.985335440402062,-3.859549647257245,-.1331180729437865
109,3,256,-3.726431574314233,7.452863148628466,-2.768031585815257,-.9583999884989745
109,4,10,-1.809631597316325,3.619263194632650,-.9048157986581684,-.9048157986581568
110,1,784,.000000000000000,.000000000000000,-1.995833335292535,1.995833335292535
110,2,256,-3.991666670584987,7.983333341169973,-3.858875423816052,-.1327912467689326
110,3,256,-3.726084177046956,7.452168354093913,-2.760878619348482,-.9652055576984730
110,4,10,-1.795673061649929,3.591346123299857,-.8978365308249661,-.8978365308249624
111,1,784,.000000000000000,.000000000000000,-1.995499604537217,1.995499604537217
111,2,256,-3.990999209074785,7.981998418149569,-3.858039550536370,-.1329596585384192
111,3,256,-3.725079891998057,7.450159783996114,-2.768435563285546,-.9566443287125109
111,4,10,-1.811791234572825,3.623582469145651,-.9058956172863939,-.9058956172864313
112,1,784,.000000000000000,.000000000000000,-1.995898107386755,1.995898107386755
112,2,256,-3.991796214773613,7.983592429547225,-3.858860128884797,-.1329360858888161
112,3,256,-3.725924042995981,7.451848085991962,-2.760663912101309,-.9652601308946764
112,4,10,-1.795403781206523,3.590807562413047,-.8977018906032663,-.8977018906032569
113,1,784,.000000000000000,.000000000000000,-1.997777181098155,1.997777181098155
113,2,256,-3.995554362196249,7.991108724392499,-3.861027496099060,-.1345268660971863
113,3,256,-3.726500630001917,7.453001260003834,-2.770405253591178,-.9560953764107420
113,4,10,-1.814309877180553,3.628619754361107,-.9071549385902680,-.9071549385902854
114,1,784,.000000000000000,.000000000000000,-1.995888784305493,1.995888784305493
114,2,256,-3.991777568611118,7.983555137222235,-3.858543069629173,-.1332344989819450
114,3,256,-3.725308570647489,7.450617141294979,-2.782803210993873,-.9425053596536191
114,4,10,-1.840297851340373,3.680595702680746,-.9201489256701927,-.9201489256701806
115,1,784,.000000000000000,.000000000000000,-1.996109738317793,1.996109738317793
115,2,256,-3.992219476635208,7.984438953270415,-3.858808191404991,-.1334112852302196
115,3,256,-3.725396906174156,7.450793812348312,-2.765518744253651,-.9598781619205047
115,4,10,-1.805640582332914,3.611281164665828,-.9028202911664525,-.9028202911664611
116,1,784,.000000000000000,.000000000000000,-1.996397732261501,1.996397732261501
116,2,256,-3.992795464523085,7.985590929046171,-3.858991611793337,-.1338038527297505
116,3,256,-3.725187759063588,7.450375518127177,-2.773989946739042,-.9511978123245498
116,4,10,-1.822792134414402,3.645584268828803,-.9113960672072056,-.9113960672071960
117,1,784,.000000000000000,.000000000000000,-1.995715886126687,1.995715886126687
117,2,256,-3.991431772253158,7.982863544506316,-3.859261313286792,-.1321704589663704
117,3,256,-3.727090854320214,7.454181708640427,-2.764487318529910,-.9626035357902998
117,4,10,-1.801883782739625,3.603767565479250,-.9009418913698066,-.9009418913698189
118,1,784,.000000000000000,.000000000000000,-1.996357079177095,1.996357079177095
118,2,256,-3.992714158353691,7.985428316707382,-3.858761620984867,-.1339525373688216
118,3,256,-3.724809083615219,7.449618167230438,-2.784957760223948,-.9398513233912732
118,4,10,-1.845106436832372,3.690212873664744,-.9225532184161800,-.9225532184161922
119,1,784,.000000000000000,.000000000000000,-1.995438111510055,1.995438111510055
119,2,256,-3.990876223020226,7.981752446040453,-3.859511037175805,-.1313651858444189
119,3,256,-3.728145851331209,7.456291702662417,-2.768079118893059,-.9600667324381448
119,4,10,-1.808012386454624,3.616024772909248,-.9040061932273126,-.9040061932273117
120,1,784,.000000000000000,.000000000000000,-1.995686551642199,1.995686551642199
120,2,256,-3.991373103283965,7.982746206567930,-3.859071958933370,-.1323011443505955
120,3,256,-3.726770814582462,7.453541629164924,-2.772553510808379,-.9542173037740805
120,4,10,-1.818336207034400,3.636672414068800,-.9091681035172088,-.9091681035171915
121,1,784,.000000000000000,.000000000000000,-1.995660300617245,1.995660300617245
121,2,256,-3.991320601234484,7.982641202468969,-3.857830442471468,-.1334901587630150
121,3,256,-3.724340283708569,7.448680567417138,-2.780360298523239,-.9439799851853294
121,4,10,-1.836380313338018,3.672760626676035,-.9181901566690142,-.9181901566690032
122,1,784,.000000000000000,.000000000000000,-1.996579954037254,1.996579954037254
122,2,256,-3.993159908074812,7.986319816149623,-3.859731151697176,-.1334287563776363
122,3,256,-3.726302395319506,7.452604790639013,-2.775334032305777,-.9509683630137303
122,4,10,-1.824365669291727,3.648731338583454,-.9121828346458543,-.9121828346458728
123,1,784,.000000000000000,.000000000000000,-1.996945864736821,1.996945864736821
123,2,256,-3.993891729473859,7.987783458947718,-3.860843541328120,-.1330481881457406
123,3,256,-3.727795353182674,7.455590706365347,-2.763464362497940,-.9643309906847324
123,4,10,-1.799133371813278,3.598266743626557,-.8995666859066436,-.8995666859066349
124,1,784,.000000000000000,.000000000000000,-1.995835312721506,1.995835312721506
124,2,256,-3.991670625442874,7.983341250885748,-3.858049617013827,-.1336210084290458
124,3,256,-3.724428608584774,7.448857217169548,-2.761982048964270,-.9624465596205020
124,4,10,-1.799535489343894,3.599070978687787,-.8997677446719521,-.8997677446719414
125,1,784,.000000000000000,.000000000000000,-1.995857357707075,1.995857357707075
125,2,256,-3.991714715414285,7.983429430828570,-3.857778179634687,-.1339365357796000
125,3,256,-3.723841643855006,7.447683287710013,-2.759871743114191,-.9639699007408175
125,4,10,-1.795901842373148,3.591803684746296,-.8979509211865798,-.8979509211865681
126,1,784,.000000000000000,.000000000000000,-1.995168184390957,1.995168184390957
126,2,256,-3.990336368781604,7.980672737563208,-3.858971753634310,-.1313646151472934
126,3,256,-3.727607138486625,7.455214276973250,-2.772639441143389,-.9549676973432378
126,4,10,-1.817671743800076,3.635343487600153,-.9088358719000347,-.9088358719000418
127,1,784,.000000000000000,.000000000000000,-1.996118075256643,1.996118075256643
127,2,256,-3.992236150513951,7.984472301027902,-3.859636573864654,-.1325995766492951
127,3,256,-3.727036997216077,7.454073994432155,-2.769812654078429,-.9572243431376494
127,4,10,-1.812588310940845,3.625176621881690,-.9062941554704161,-.9062941554704287
128,1,784,.000000000000000,.000000000000000,-1.995735783185799,1.995735783185799
128,2,256,-3.991471566371936,7.982943132743872,-3.858327376103791,-.1331441902681443
128,3,256,-3.725183185836467,7.450366371672935,-2.772374187316829,-.9528089985196416
128,4,10,-1.819565188797676,3.639130377595353,-.9097825943988337,-.9097825943988428
129,1,784,.000000000000000,.000000000000000,-1.996319629342746,1.996319629342746
129,2,256,-3.992639258685880,7.985278517371760,-3.859355603632690,-.1332836550531887
129,3,256,-3.726071948580029,7.452143897160059,-2.766444920477976,-.9596270281020554
129,4,10,-1.806817892376031,3.613635784752062,-.9034089461880288,-.9034089461880018
130,1,784,.000000000000000,.000000000000000,-1.996499215798653,1.996499215798653
130,2,256,-3.992998431597889,7.985996863195777,-3.860075436339638,-.1329229952582505
130,3,256,-3.727152441082113,7.454304882164227,-2.768491181009388,-.9586612600727299
130,4,10,-1.809829920936805,3.619659841873610,-.9049149604683997,-.9049149604684055
131,1,784,.000000000000000,.000000000000000,-1.995439074917887,1.995439074917887
131,2,256,-3.990878149836112,7.981756299672225,-3.858170116116167,-.1327080337199437
131,3,256,-3.725462082396349,7.450924164792697,-2.766715472421830,-.9587466099745166
131,4,10,-1.807968862447106,3.615937724894212,-.9039844312235489,-.9039844312235567
132,1,784,.000000000000000,.000000000000000,-1.996312241573605,1.996312241573605
132,2,256,-3.992624483147563,7.985248966295125,-3.859459429701455,-.1331650534461076
132,3,256,-3.726294376255523,7.452588752511045,-2.781118408818717,-.9451759674368018
132,4,10,-1.835942441381740,3.671884882763479,-.9179712206908714,-.9179712206908683
133,1,784,.000000000000000,.000000000000000,-1.996033304707997,1.996033304707997
133,2,256,-3.992066609415530,7.984133218831060,-3.859388216044687,-.1326783933708454
133,3,256,-3.726709822673532,7.453419645347065,-2.772480063238709,-.9542297594348189
133,4,10,-1.818250303804044,3.636500607608089,-.9091251519020216,-.9091251519020227
134,1,784,.000000000000000,.000000000000000,-1.995595101963715,1.995595101963715
134,2,256,-3.991190203926876,7.982380407853752,-3.857917229589143,-.1332729743377349
134,3,256,-3.724644255250850,7.449288510501701,-2.776416569095975,-.9482276861548751
134,4,10,-1.828188882941098,3.656377765882197,-.9140944414705490,-.9140944414705494
135,1,784,.000000000000000,.000000000000000,-1.996013726104549,1.996013726104549
135,2,256,-3.992027452208652,7.984054904417304,-3.858486092853775,-.1335413593548751
135,3,256,-3.724944733498819,7.449889466997639,-2.769948282288520,-.9549964512103022
135,4,10,-1.814951831078560,3.629903662157119,-.9074759155392890,-.9074759155392708
136,1,784,.000000000000000,.000000000000000,-1.995989165391388,1.995989165391388
136,2,256,-3.991978330783069,7.983956661566138,-3.858537963967424,-.1334403668156466
136,3,256,-3.725097597151998,7.450195194303996,-2.761356969876701,-.9637406272752984
136,4,10,-1.797616342601309,3.595232685202618,-.8988081713006636,-.8988081713006452
137,1,784,.000000000000000,.000000000000000,-1.995711849056370,1.995711849056370
137,2,256,-3.991423698112812,7.982847396225624,-3.858520127099250,-.1329035710135620
137,3,256,-3.725616556085748,7.451233112171495,-2.765696979949499,-.9599195761362468
137,4,10,-1.805777403813243,3.611554807626486,-.9028887019066185,-.9028887019066246
138,1,784,.000000000000000,.000000000000000,-1.996162503437892,1.996162503437892
138,2,256,-3.992325006876489,7.984650013752978,-3.859080467401052,-.1332445394754380
138,3,256,-3.725835927926505,7.451671855853010,-2.764868346802482,-.9609675811240214
138,4,10,-1.803900765678652,3.607801531357304,-.9019503828393245,-.9019503828393276
139,1,784,.000000000000000,.000000000000000,-1.996089790821863,1.996089790821863
139,2,256,-3.992179581643978,7.984359163287955,-3.858647419702288,-.1335321619416903
139,3,256,-3.725115257760878,7.450230515521755,-2.773271211380023,-.9518440463808550
139,4,10,-1.821427164999189,3.642854329998377,-.9107135824995986,-.9107135824995903
140,1,784,.000000000000000,.000000000000000,-1.996632426383159,1.996632426383159
140,2,256,-3.993264852766205,7.986529705532409,-3.860827052899697,-.1324377998665086
140,3,256,-3.728389253033420,7.456778506066839,-2.775107626724923,-.9532816263084957
140,4,10,-1.821826000416771,3.643652000833542,-.9109130002083874,-.9109130002083831
141,1,784,.000000000000000,.000000000000000,-1.996405946882561,1.996405946882561
141,2,256,-3.992811893765393,7.985623787530787,-3.860661907685702,-.1321499860796895
141,3,256,-3.728511921606015,7.457023843212029,-2.773163222122975,-.9553486994830398
141,4,10,-1.817814522639661,3.635629045279322,-.9089072613198284,-.9089072613198329
142,1,784,.000000000000000,.000000000000000,-1.995888935911484,1.995888935911484
142,2,256,-3.991777871823087,7.983555743646173,-3.858183996873193,-.1335938749498949
142,3,256,-3.724590121923505,7.449180243847010,-2.764094449336160,-.9604956725873434
142,4,10,-1.803598776748903,3.607197553497805,-.9017993883744566,-.9017993883744461
143,1,784,.000000000000000,.000000000000000,-1.996050195838926,1.996050195838926
143,2,256,-3.992100391677926,7.984200783355852,-3.859942642037687,-.1321577496402380
143,3,256,-3.727784892397644,7.455569784795287,-2.758697044443492,-.9690878479541506
143,4,10,-1.789609196489464,3.579218392978928,-.8948045982447297,-.8948045982447344
144,1,784,.000000000000000,.000000000000000,-1.996226868525745,1.996226868525745
144,2,256,-3.992453737051298,7.984907474102596,-3.859932124282222,-.1325216127690755
144,3,256,-3.727410511513261,7.454821023026522,-2.765611252091788,-.9617992594214705
144,4,10,-1.803811992670620,3.607623985341240,-.9019059963353113,-.9019059963353089
145,1,784,.000000000000000,.000000000000000,-1.995638695041118,1.995638695041118
145,2,256,-3.991277390082355,7.982554780164710,-3.857904578692907,-.1333728113894475
145,3,256,-3.724531767303294,7.449063534606589,-2.777779796120369,-.9467519711829250
145,4,10,-1.831027824937147,3.662055649874293,-.9155139124685800,-.9155139124685665
146,1,784,.000000000000000,.000000000000000,-1.995967011402851,1.995967011402851
146,2,256,-3.991934022806093,7.983868045612186,-3.859009118294324,-.1329249045117701
146,3,256,-3.726084213783176,7.452168427566352,-2.760230076073567,-.9658541377096101
146,4,10,-1.794375938364200,3.588751876728400,-.8971879691820961,-.8971879691821040
147,1,784,.000000000000000,.000000000000000,-1.996328913530044,1.996328913530044
147,2,256,-3.992657827060717,7.985315654121434,-3.859757899660091,-.1328999274006250
147,3,256,-3.726857972259748,7.453715944519495,-2.765910759160370,-.9609472130993740
147,4,10,-1.804963546060646,3.609927092121292,-.9024817730303241,-.9024817730303217
148,1,784,.000000000000000,.000000000000000,-1.995459158901748,1.995459158901748
148,2,256,-3.990918317803529,7.981836635607059,-3.858973942603753,-.1319443751997794
148,3,256,-3.727029567404263,7.454059134808526,-2.773513841424784,-.9535157259794788
148,4,10,-1.819998115445546,3.639996230891093,-.9099990577227796,-.9099990577227670
149,1,784,.000000000000000,.000000000000000,-1.996234968963752,1.996234968963752
149,2,256,-3.992469937927643,7.984939875855286,-3.858583240509151,-.1338866974184951
149,3,256,-3.724696543090664,7.449393086181328,-2.765753068848911,-.9589434742417466
149,4,10,-1.806809594607018,3.613619189214035,-.9034047973035144,-.9034047973035035
150,1,784,.000000000000000,.000000000000000,-1.995607088759502,1.995607088759502
150,2,256,-3.991214177519100,7.982428355038199,-3.859230059769970,-.1319841177491291
150,3,256,-3.727245942020879,7.454491884041757,-2.768984090820974,-.9582618511999043
150,4,10,-1.810722239621016,3.621444479242032,-.9053611198105075,-.9053611198105089
151,1,784,.000000000000000,.000000000000000,-1.996561126990747,1.996561126990747
151,2,256,-3.993122253982141,7.986244507964282,-3.859944966382015,-.1331772876001257
151,3,256,-3.726767678782590,7.453535357565180,-2.774698526442775,-.9520691523398130
151,4,10,-1.822629374103039,3.645258748206079,-.9113146870515092,-.9113146870515301
152,1,784,.000000000000000,.000000000000000,-1.996816849683060,1.996816849683060
152,2,256,-3.993633699365632,7.987267398731263,-3.860904063523950,-.1327296358416820
152,3,256,-3.728174427681871,7.456348855363743,-2.784135746344252,-.9440386813376214
152,4,10,-1.840097065006736,3.680194130013471,-.9200485325033616,-.9200485325033739
153,1,784,.000000000000000,.000000000000000,-1.995701661559047,1.995701661559047
153,2,256,-3.991403323118674,7.982806646237348,-3.858810124934768,-.1325931981839065
153,3,256,-3.726216926751208,7.452433853502416,-2.771837658593904,-.9543792681573090
153,4,10,-1.817458390436352,3.634916780872704,-.9087291952181797,-.9087291952181721
154,1,784,.000000000000000,.000000000000000,-1.996002569363205,1.996002569363205
154,2,256,-3.992005138726099,7.984010277452198,-3.859413504469452,-.1325916342566447
154,3,256,-3.726821870212426,7.453643740424853,-2.760792998624510,-.9660288715879169
154,4,10,-1.794764127036527,3.589528254073055,-.8973820635182660,-.8973820635182614
155,1,784,.000000000000000,.000000000000000,-1.996343141764164,1.996343141764164
155,2,256,-3.992686283528738,7.985372567057476,-3.860223932871857,-.1324623506568804
155,3,256,-3.727761582215323,7.455523164430645,-2.791493138755361,-.9362684434599633
155,4,10,-1.855224695295323,3.710449390590646,-.9276123476476650,-.9276123476476581
156,1,784,.000000000000000,.000000000000000,-1.996129207093069,1.996129207093069
156,2,256,-3.992258414186538,7.984516828373075,-3.859125831192106,-.1331325829944296
156,3,256,-3.725993248198608,7.451986496397216,-2.764731814771012,-.9612614334275937
156,4,10,-1.803470381343943,3.606940762687885,-.9017351906719747,-.9017351906719679
157,1,784,.000000000000000,.000000000000000,-1.996396105248281,1.996396105248281
157,2,256,-3.992792210496320,7.985584420992639,-3.859491307547612,-.1333009029487107
157,3,256,-3.726190404598736,7.452380809197472,-2.776217000254996,-.9499734043437397
157,4,10,-1.826243595911326,3.652487191822653,-.9131217979556674,-.9131217979556587
158,1,784,.000000000000000,.000000000000000,-1.996658235808241,1.996658235808241
158,2,256,-3.993316471616554,7.986632943233108,-3.859008540238022,-.1343079313785336
158,3,256,-3.724700608859575,7.449401217719150,-2.765580460155816,-.9591201487037585
158,4,10,-1.806460311452081,3.612920622904163,-.9032301557260348,-.9032301557260464
159,1,784,.000000000000000,.000000000000000,-1.996779309076483,1.996779309076483
159,2,256,-3.993558618153026,7.987117236306053,-3.859729970464664,-.1338286476883633
159,3,256,-3.725901322776486,7.451802645552973,-2.773439726719756,-.9524615960567301
159,4,10,-1.820978130663136,3.641956261326273,-.9104890653315748,-.9104890653315613
160,1,784,.000000000000000,.000000000000000,-1.996595535757892,1.996595535757892
160,2,256,-3.993191071515983,7.986382143031966,-3.860033605381556,-.1331574661344243
160,3,256,-3.726876139247461,7.453752278494922,-2.759714597465654,-.9671615417818087
160,4,10,-1.792553055683963,3.585106111367926,-.8962765278419838,-.8962765278419794
161,1,784,.000000000000000,.000000000000000,-1.996233388197783,1.996233388197783
161,2,256,-3.992466776396682,7.984933552793364,-3.857919143157786,-.1345476332388958
161,3,256,-3.723371509920262,7.446743019840524,-2.760401735502785,-.9629697744174764
161,4,10,-1.797431961085575,3.594863922171150,-.8987159805427836,-.8987159805427916
162,1,784,.000000000000000,.000000000000000,-1.996036202272926,1.996036202272926
162,2,256,-3.992072404545719,7.984144809091438,-3.858545116697578,-.1335272878481393
162,3,256,-3.725017828849465,7.450035657698931,-2.777855643301882,-.9471621855475854
162,4,10,-1.830693457754446,3.661386915508893,-.9153467288772271,-.9153467288772196
163,1,784,.000000000000000,.000000000000000,-1.995780258071231,1.995780258071231
163,2,256,-3.991560516142573,7.983121032285147,-3.858204299821118,-.1333562163214538
163,3,256,-3.724848083500080,7.449696167000161,-2.766128243458796,-.9587198400412874
163,4,10,-1.807408403417800,3.614816806835601,-.9037042017089053,-.9037042017088949
164,1,784,.000000000000000,.000000000000000,-1.995995497851074,1.995995497851074
164,2,256,-3.991990995702408,7.983981991404816,-3.858283362444780,-.1337076332576301
164,3,256,-3.724575729187439,7.449151458374877,-2.768682650287539,-.9558930788998972
164,4,10,-1.812789571387671,3.625579142775341,-.9063947856938350,-.9063947856938356
165,1,784,.000000000000000,.000000000000000,-1.995855138236383,1.995855138236383
165,2,256,-3.991710276472821,7.983420552945642,-3.858408623176305,-.1333016532965157
165,3,256,-3.725106969879876,7.450213939759752,-2.761144775376604,-.9639621945032726
165,4,10,-1.797182580873354,3.594365161746707,-.8985912904366813,-.8985912904366722
166,1,784,.000000000000000,.000000000000000,-1.995801344818959,1.995801344818959
166,2,256,-3.991602689638571,7.983205379277143,-3.858253858171625,-.1333488314669455
166,3,256,-3.724905026705009,7.449810053410017,-2.762178007993999,-.9627270187110099
166,4,10,-1.799450989282661,3.598901978565322,-.8997254946413322,-.8997254946413288
167,1,784,.000000000000000,.000000000000000,-1.996114712927236,1.996114712927236
167,2,256,-3.992229425854680,7.984458851709361,-3.859069374131012,-.1331600517236678
167,3,256,-3.725909322407304,7.451818644814607,-2.766674903676768,-.9592344187305355
167,4,10,-1.807440484945980,3.614880969891960,-.9037202424729925,-.9037202424729877
168,1,784,.000000000000000,.000000000000000,-1.996237381397145,1.996237381397145
168,2,256,-3.992474762794890,7.984949525589779,-3.859534217792962,-.1329405450019272
168,3,256,-3.726593672791490,7.453187345582980,-2.773042769331514,-.9535509034599742
168,4,10,-1.819491865871399,3.638983731742797,-.9097459329356982,-.9097459329357002
169,1,784,.000000000000000,.000000000000000,-1.995767617194176,1.995767617194176
169,2,256,-3.991535234388213,7.983070468776425,-3.858994393851174,-.1325408405370360
169,3,256,-3.726453553314247,7.452907106628493,-2.759397376321651,-.9670561769925975
169,4,10,-1.792341199329289,3.584682398658578,-.8961705996646513,-.8961705996646376
170,1,784,.000000000000000,.000000000000000,-1.996754501597215,1.996754501597215
170,2,256,-3.993509003193797,7.987018006387594,-3.859305275324168,-.1342037278696258
170,3,256,-3.725101547453903,7.450203094907806,-2.763062067446861,-.9620394800070445
170,4,10,-1.801022587439784,3.602045174879568,-.9005112937199043,-.9005112937198793
171,1,784,.000000000000000,.000000000000000,-1.996116372396985,1.996116372396985
171,2,256,-3.992232744794194,7.984465489588388,-3.859084613426239,-.1331481313679543
171,3,256,-3.725936482058632,7.451872964117265,-2.769291827630060,-.9566446544285747
171,4,10,-1.812647173201611,3.625294346403222,-.9063235866008037,-.9063235866008074
172,1,784,.000000000000000,.000000000000000,-1.996130677501051,1.996130677501051
172,2,256,-3.992261355002267,7.984522710004534,-3.859328204764041,-.1329331502382250
172,3,256,-3.726395054525788,7.452790109051576,-2.766212514529736,-.9601825399960556
172,4,10,-1.806029974533481,3.612059949066962,-.9030149872667398,-.9030149872667411
173,1,784,.000000000000000,.000000000000000,-1.996739152443234,1.996739152443234
173,2,256,-3.993478304886172,7.986956609772344,-3.859514173417320,-.1339641314688519
173,3,256,-3.725550041948126,7.451100083896251,-2.772570374960997,-.9529796669871301
173,4,10,-1.819590707973832,3.639181415947664,-.9097953539869097,-.9097953539869225
174,1,784,.000000000000000,.000000000000000,-1.996328881981088,1.996328881981088
174,2,256,-3.992657763962216,7.985315527924431,-3.858874896425051,-.1337828675371613
174,3,256,-3.725092028887862,7.450184057775723,-2.766532978936021,-.9585590499518390
174,4,10,-1.807973928984131,3.615947857968262,-.9039869644920580,-.9039869644920734
175,1,784,.000000000000000,.000000000000000,-1.995710848020022,1.995710848020022
175,2,256,-3.991421696040378,7.982843392080755,-3.858506502513002,-.1329151935273784
175,3,256,-3.725591308985995,7.451182617971990,-2.766723628232844,-.9588676807531517
175,4,10,-1.807855947479713,3.615711894959426,-.9039279737398633,-.9039279737398500
176,1,784,.000000000000000,.000000000000000,-1.995931363177131,1.995931363177131
176,2,256,-3.991862726354201,7.983725452708402,-3.858331852280428,-.1335308740737710
176,3,256,-3.724800978206715,7.449601956413431,-2.774992065193894,-.9498089130128212
176,4,10,-1.825183152181199,3.650366304362398,-.9125915760905972,-.9125915760906018
177,1,784,.000000000000000,.000000000000000,-1.996196611137752,1.996196611137752
177,2,256,-3.992393222274941,7.984786444549883,-3.858945188448454,-.1334480338264885
177,3,256,-3.725497154621243,7.450994309242486,-2.768031540046776,-.9574656145744680
177,4,10,-1.810565925472118,3.621131850944237,-.9052829627360717,-.9052829627360464
178,1,784,.000000000000000,.000000000000000,-1.995665628396546,1.995665628396546
178,2,256,-3.991331256792852,7.982662513585704,-3.858063403243263,-.1332678535495877
178,3,256,-3.724795549693241,7.449591099386483,-2.760683480847200,-.9641120688460385
178,4,10,-1.796571412000977,3.593142824001955,-.8982857060004874,-.8982857060004902
179,1,784,.000000000000000,.000000000000000,-1.995905095726034,1.995905095726034
179,2,256,-3.991810191451836,7.983620382903672,-3.858360643809015,-.1334495476428242
179,3,256,-3.724911096165667,7.449822192331334,-2.760602158827933,-.9643089373377343
179,4,10,-1.796293221489915,3.592586442979831,-.8981466107449533,-.8981466107449619
180,1,784,.000000000000000,.000000000000000,-1.996158575118920,1.996158575118920
180,2,256,-3.992317150238478,7.984634300476957,-3.858478155820063,-.1338389944184136
180,3,256,-3.724639161402384,7.449278322804767,-2.795093840397666,-.9295453210047151
180,4,10,-1.865548519393031,3.731097038786062,-.9327742596965217,-.9327742596965091
181,1,784,.000000000000000,.000000000000000,-1.996234336720499,1.996234336720499
181,2,256,-3.992468673442006,7.984937346884012,-3.858992594781833,-.1334760786601762
181,3,256,-3.725516516122671,7.451033032245341,-2.765582416915277,-.9599340992073949
181,4,10,-1.805648317707870,3.611296635415740,-.9028241588539443,-.9028241588539261
182,1,784,.000000000000000,.000000000000000,-1.996052320400065,1.996052320400065
182,2,256,-3.992104640800008,7.984209281600016,-3.857278254995092,-.1348263858049207
182,3,256,-3.722451869190542,7.444903738381083,-2.761877375690817,-.9605744934997262
182,4,10,-1.801302882191578,3.602605764383156,-.9006514410957902,-.9006514410957878
183,1,784,.000000000000000,.000000000000000,-1.996472903101567,1.996472903101567
183,2,256,-3.992945806202667,7.985891612405333,-3.859559403387079,-.1333864028155886
183,3,256,-3.726173000570794,7.452346001141589,-2.782815988399112,-.9433570121716828
183,4,10,-1.839458976227206,3.678917952454411,-.9197294881136012,-.9197294881136043
184,1,784,.000000000000000,.000000000000000,-1.996052891285456,1.996052891285456
184,2,256,-3.992105782571129,7.984211565142258,-3.859585472516495,-.1325203100546340
184,3,256,-3.727065162462487,7.454130324924973,-2.766991245022318,-.9600739174401673
184,4,10,-1.806917327582571,3.613834655165141,-.9034586637912795,-.9034586637912914
185,1,784,.000000000000000,.000000000000000,-1.996358231622650,1.996358231622650
185,2,256,-3.992716463245058,7.985432926490116,-3.859791480396280,-.1329249828487735
185,3,256,-3.726866497547732,7.453732995095464,-2.772905965359834,-.9539605321878940
185,4,10,-1.818945433172408,3.637890866344815,-.9094727165862061,-.9094727165862013
186,1,784,.000000000000000,.000000000000000,-1.995695896824643,1.995695896824643
186,2,256,-3.991391793649704,7.982783587299409,-3.858952555428957,-.1324392382207491
186,3,256,-3.726513317208559,7.453026634417118,-2.772023523818004,-.9544897933905554
186,4,10,-1.817533730427384,3.635067460854768,-.9087668652136857,-.9087668652136982
187,1,784,.000000000000000,.000000000000000,-1.996405359700320,1.996405359700320
187,2,256,-3.992810719400773,7.985621438801546,-3.858981255029906,-.1338294643708656
187,3,256,-3.725151790659373,7.450303581318746,-2.767442952985856,-.9577088376735154
187,4,10,-1.809734115312535,3.619468230625070,-.9048670576562713,-.9048670576562637
188,1,784,.000000000000000,.000000000000000,-1.996275278822225,1.996275278822225
188,2,256,-3.992550557644138,7.985101115288275,-3.858972151875200,-.1335784057689358
188,3,256,-3.725393746105799,7.450787492211599,-2.767770403733719,-.9576233423720818
188,4,10,-1.810147061361491,3.620294122722982,-.9050735306807420,-.9050735306807491
189,1,784,.000000000000000,.000000000000000,-1.997024056229770,1.997024056229770
189,2,256,-3.994048112459570,7.988096224919141,-3.860558978189485,-.1334891342700850
189,3,256,-3.727069843919514,7.454139687839028,-2.764542684079769,-.9625271598397446
189,4,10,-1.802015524240109,3.604031048480218,-.9010077621200570,-.9010077621200520
190,1,784,.000000000000000,.000000000000000,-1.995768459750940,1.995768459750940
190,2,256,-3.991536919502213,7.983073839004425,-3.857627978737480,-.1339089407647312
190,3,256,-3.723719037972863,7.447438075945726,-2.761484463493819,-.9622345744790425
190,4,10,-1.799249889014572,3.598499778029143,-.8996249445072791,-.8996249445072926
191,1,784,.000000000000000,.000000000000000,-1.996215659737712,1.996215659737712
191,2,256,-3.992431319475594,7.984862638951189,-3.859599073719703,-.1328322457558939
191,3,256,-3.726766827964229,7.453533655928458,-2.776995813275464,-.9497710146887649
191,4,10,-1.827224798586968,3.654449597173935,-.9136123992934765,-.9136123992934913
192,1,784,.000000000000000,.000000000000000,-1.996380378160710,1.996380378160710
192,2,256,-3.992760756321391,7.985521512642783,-3.858694795003889,-.1340659613175027
192,3,256,-3.724628833686859,7.449257667373717,-2.761380902365041,-.9632479313218165
192,4,10,-1.798132971043714,3.596265942087427,-.8990664855218617,-.8990664855218520
193,1,784,.000000000000000,.000000000000000,-1.995913834754345,1.995913834754345
193,2,256,-3.991827669508049,7.983655339016098,-3.857792761112139,-.1340349083959109
193,3,256,-3.723757852715434,7.447515705430868,-2.778729175384504,-.9450286773309298
193,4,10,-1.833700498053413,3.667400996106826,-.9168502490267074,-.9168502490267056
194,1,784,.000000000000000,.000000000000000,-1.996199997711011,1.996199997711011
194,2,256,-3.992399995422005,7.984799990844009,-3.858992235379112,-.1334077600428957
194,3,256,-3.725584475336206,7.451168950672412,-2.769399091189417,-.9561853841467889
194,4,10,-1.813213707042620,3.626427414085240,-.9066068535213193,-.9066068535213008
195,1,784,.000000000000000,.000000000000000,-1.995735685647813,1.995735685647813
195,2,256,-3.991471371295759,7.982942742591518,-3.858005507644127,-.1334658636516349
195,3,256,-3.724539643992776,7.449079287985552,-2.771846784245098,-.9526928597476809
195,4,10,-1.819153924497558,3.638307848995115,-.9095769622487834,-.9095769622487739
196,1,784,.000000000000000,.000000000000000,-1.995157147470989,1.995157147470989
196,2,256,-3.990314294941923,7.980628589883847,-3.858200458239458,-.1321138367024663
196,3,256,-3.726086621536963,7.452173243073926,-2.769928537593649,-.9561580839433146
196,4,10,-1.813770453650368,3.627540907300735,-.9068852268251830,-.9068852268251845
197,1,784,.000000000000000,.000000000000000,-1.996431727723647,1.996431727723647
197,2,256,-3.992863455447098,7.985726910894196,-3.859638811650603,-.1332246437964984
197,3,256,-3.726414167853966,7.452828335707931,-2.783723596907117,-.9426905709468522
197,4,10,-1.841033025960338,3.682066051920676,-.9205165129801619,-.9205165129801761
198,1,784,.000000000000000,.000000000000000,-1.996370191580179,1.996370191580179
198,2,256,-3.992740383160438,7.985480766320875,-3.858464368890955,-.1342760142694847
198,3,256,-3.724188354621304,7.448376709242607,-2.766767941576857,-.9574204130444486
198,4,10,-1.809347528532169,3.618695057064337,-.9046737642660814,-.9046737642660869
199,1,784,.000000000000000,.000000000000000,-1.995511240782929,1.995511240782929
199,2,256,-3.991022481565963,7.982044963131925,-3.857439125609022,-.1335833559569415
199,3,256,-3.723855769652267,7.447711539304534,-2.762843737953185,-.9610120316990841
199,4,10,-1.801831706254190,3.603663412508380,-.9009158531270960,-.9009158531270939
200,1,784,.000000000000000,.000000000000000,-1.996099303777670,1.996099303777670
200,2,256,-3.992198607555153,7.984397215110307,-3.858821451415891,-.1333771561392625
200,3,256,-3.725444295276344,7.450888590552688,-2.787060482676028,-.9383838126003153
200,4,10,-1.848676670075625,3.697353340151251,-.9243383350378058,-.9243383350378195
201,1,784,.000000000000000,.000000000000000,-1.996207975806147,1.996207975806147
201,2,256,-3.992415951612090,7.984831903224181,-3.858643883913527,-.1337720676985631
201,3,256,-3.724871816214439,7.449743632428878,-2.779474232727585,-.9453975834868567
201,4,10,-1.834076649240409,3.668153298480818,-.9170383246202036,-.9170383246202054
202,1,784,.000000000000000,.000000000000000,-1.996109558800733,1.996109558800733
202,2,256,-3.992219117600980,7.984438235201960,-3.860972503332230,-.1312466142687451
202,3,256,-3.729725889062832,7.459451778125664,-2.782659638531893,-.9470662505309428
202,4,10,-1.835593388000766,3.671186776001531,-.9177966940003910,-.9177966940003746
203,1,784,.000000000000000,.000000000000000,-1.996021664778002,1.996021664778002
203,2,256,-3.992043329555787,7.984086659111575,-3.859774364030214,-.1322689655255758
203,3,256,-3.727505398504582,7.455010797009163,-2.768335790589257,-.9591696079153228
203,4,10,-1.809166182674083,3.618332365348167,-.9045830913370445,-.9045830913370388
204,1,784,.000000000000000,.000000000000000,-1.996900994853558,1.996900994853558
204,2,256,-3.993801989706981,7.987603979413961,-3.860569949575754,-.1332320401312261
204,3,256,-3.727337909444478,7.454675818888957,-2.775866273678334,-.9514716357661466
204,4,10,-1.824394637912279,3.648789275824559,-.9121973189561363,-.9121973189561426
205,1,784,.000000000000000,.000000000000000,-1.996274577962839,1.996274577962839
205,2,256,-3.992549155925714,7.985098311851429,-3.859004042691971,-.1335451132337398
205,3,256,-3.725458929458248,7.450917858916496,-2.779271461774922,-.9461874676833261
205,4,10,-1.833083994091591,3.666167988183182,-.9165419970457888,-.9165419970458023
206,1,784,.000000000000000,.000000000000000,-1.996423087643248,1.996423087643248
206,2,256,-3.992846175287271,7.985692350574541,-3.859029208450303,-.1338169668369671
206,3,256,-3.725212241614054,7.450424483228108,-2.763411946371860,-.9618002952421941
206,4,10,-1.801611651129614,3.603223302259228,-.9008058255648066,-.9008058255648073
207,1,784,.000000000000000,.000000000000000,-1.996165546122496,1.996165546122496
207,2,256,-3.992331092244938,7.984662184489877,-3.858966361117711,-.1333647311272284
207,3,256,-3.725601629990385,7.451203259980770,-2.774039220899747,-.9515624090906405
207,4,10,-1.822476811809073,3.644953623618147,-.9112384059045306,-.9112384059045426
208,1,784,.000000000000000,.000000000000000,-1.996102316523441,1.996102316523441
208,2,256,-3.992204633046498,7.984409266092996,-3.859408051456770,-.1327965815897276
208,3,256,-3.726611469866842,7.453222939733684,-2.764700600720627,-.9619108691462185
208,4,10,-1.802789731574589,3.605579463149178,-.9013948657872988,-.9013948657872900
209,1,784,.000000000000000,.000000000000000,-1.996155879250177,1.996155879250177
209,2,256,-3.992311758499921,7.984623516999843,-3.859791035594375,-.1325207229055433
209,3,256,-3.727270312688507,7.454540625377015,-2.772706684892104,-.9545636277964058
209,4,10,-1.818143057095818,3.636286114191635,-.9090715285479012,-.9090715285479164
210,1,784,.000000000000000,.000000000000000,-1.996016033787932,1.996016033787932
210,2,256,-3.992032067575358,7.984064135150716,-3.859672799700679,-.1323592678746779
210,3,256,-3.727313531825399,7.454627063650798,-2.787336784630667,-.9399767471947280
210,4,10,-1.847360037435867,3.694720074871735,-.9236800187179227,-.9236800187179446
211,1,784,.000000000000000,.000000000000000,-1.996099215843757,1.996099215843757
211,2,256,-3.992198431687459,7.984396863374918,-3.859488913269854,-.1327095184176062
211,3,256,-3.726779394852301,7.453558789704602,-2.770961568496815,-.9558178263554854
211,4,10,-1.815143742141452,3.630287484282904,-.9075718710707217,-.9075718710707303
212,1,784,.000000000000000,.000000000000000,-1.996762092486816,1.996762092486816
212,2,256,-3.993524184973392,7.987048369946785,-3.859557574189296,-.1339666107840969
212,3,256,-3.725590963405125,7.451181926810249,-2.764701099681322,-.9608898637238059
212,4,10,-1.803811235957685,3.607622471915369,-.9019056179788374,-.9019056179788472
213,1,784,.000000000000000,.000000000000000,-1.996736532648125,1.996736532648125
213,2,256,-3.993473065297022,7.986946130594044,-3.858628858715064,-.1348442065819578
213,3,256,-3.723784652133950,7.447569304267900,-2.768721729502274,-.9550629226316772
213,4,10,-1.813658806870680,3.627317613741360,-.9068294034353341,-.9068294034353460
214,1,784,.000000000000000,.000000000000000,-1.996738153030909,1.996738153030909
214,2,256,-3.993476306061135,7.986952612122271,-3.860213369483832,-.1332629365773044
214,3,256,-3.726950432905835,7.453900865811669,-2.779202947435521,-.9477474854703162
214,4,10,-1.831455461965188,3.662910923930377,-.9157277309825931,-.9157277309825953
215,1,784,.000000000000000,.000000000000000,-1.995924464109857,1.995924464109857
215,2,256,-3.991848928219318,7.983697856438636,-3.859353404801770,-.1324955234175506
215,3,256,-3.726857881383802,7.453715762767604,-2.769608079647435,-.9572498017363659
215,4,10,-1.812358277911053,3.624716555822106,-.9061791389555269,-.9061791389555258
216,1,784,.000000000000000,.000000000000000,-1.996266324077504,1.996266324077504
216,2,256,-3.992532648154977,7.985065296309955,-3.859860968498408,-.1326716796565739
216,3,256,-3.727189288841714,7.454378577683427,-2.765532771599975,-.9616565172417386
216,4,10,-1.803876254358159,3.607752508716317,-.9019381271790741,-.9019381271790845
217,1,784,.000000000000000,.000000000000000,-1.996342819317347,1.996342819317347
217,2,256,-3.992685638634466,7.985371277268932,-3.859280147727407,-.1334054909070571
217,3,256,-3.725874656820179,7.451749313640359,-2.762180406100804,-.9636942507193746
217,4,10,-1.798486155381479,3.596972310762957,-.8992430776907456,-.8992430776907329
218,1,784,.000000000000000,.000000000000000,-1.996109702537006,1.996109702537006
218,2,256,-3.992219405074253,7.984438810148506,-3.859968426294283,-.1322509787799682
218,3,256,-3.727717447514764,7.455434895029528,-2.771039657380299,-.9566777901344621
218,4,10,-1.814361867246048,3.628723734492095,-.9071809336230277,-.9071809336230195
219,1,784,.000000000000000,.000000000000000,-1.996547801919561,1.996547801919561
219,2,256,-3.993095603839159,7.986191207678319,-3.859247926200314,-.1338476776388460
219,3,256,-3.725400248561422,7.450800497122844,-2.770177039092120,-.9552232094692994
219,4,10,-1.814953829622745,3.629907659245489,-.9074769148113693,-.9074769148113753
220,1,784,.000000000000000,.000000000000000,-1.996846622946293,1.996846622946293
220,2,256,-3.993693245892442,7.987386491784884,-3.860892258607747,-.1328009872846969
220,3,256,-3.728091271322719,7.456182542645439,-2.773871822343771,-.9542194489789508
220,4,10,-1.819652373364640,3.639304746729281,-.9098261866823181,-.9098261866823223
221,1,784,.000000000000000,.000000000000000,-1.996409441534928,1.996409441534928
221,2,256,-3.992818883070158,7.985637766140316,-3.860276470356229,-.1325424127139291
221,3,256,-3.727734057642687,7.455468115285373,-2.778136107002681,-.9495979506400065
221,4,10,-1.828538156362768,3.657076312725535,-.9142690781813785,-.9142690781813891
222,1,784,.000000000000000,.000000000000000,-1.996684889511708,1.996684889511708
222,2,256,-3.993369779023472,7.986739558046945,-3.859124600658754,-.1342451783647212
222,3,256,-3.724879422293839,7.449758844587677,-2.770971074078196,-.9539083482156416
222,4,10,-1.817062725862300,3.634125451724599,-.9085313629311523,-.9085313629311472
223,1,784,.000000000000000,.000000000000000,-1.995822530793427,1.995822530793427
223,2,256,-3.991645061586243,7.983290123172487,-3.857703978234245,-.1339410833519986
223,3,256,-3.723762894881635,7.447525789763271,-2.764254372785835,-.9595085220957967
223,4,10,-1.804745850690038,3.609491701380075,-.9023729253450191,-.9023729253450183
224,1,784,.000000000000000,.000000000000000,-1.996600676135777,1.996600676135777
224,2,256,-3.993201352271646,7.986402704543291,-3.860626715571599,-.1325746367000492
224,3,256,-3.728052078871536,7.456104157743073,-2.773382095071708,-.9546699837998283
224,4,10,-1.818712111271777,3.637424222543553,-.9093560556358851,-.9093560556358917
225,1,784,.000000000000000,.000000000000000,-1.996007493105331,1.996007493105331
225,2,256,-3.992014986210992,7.984029972421984,-3.858558156530366,-.1334568296806276
225,3,256,-3.725101326850138,7.450202653700276,-2.762269974125855,-.9628313527242824
225,4,10,-1.799438621401660,3.598877242803320,-.8997193107008199,-.8997193107008397
226,1,784,.000000000000000,.000000000000000,-1.995624146027791,1.995624146027791
226,2,256,-3.991248292055734,7.982496584111467,-3.859685746031641,-.1315625460240895
226,3,256,-3.728123200007792,7.456246400015583,-2.762152343031965,-.9659708569758265
226,4,10,-1.796181486056227,3.592362972112454,-.8980907430281124,-.8980907430281145
227,1,784,.000000000000000,.000000000000000,-1.996814713789186,1.996814713789186
227,2,256,-3.993629427578468,7.987258855156935,-3.860853962266897,-.1327754653115702
227,3,256,-3.728078496955467,7.456156993910933,-2.777420377710493,-.9506581192449762
227,4,10,-1.826762258465565,3.653524516931131,-.9133811292327814,-.9133811292327839
228,1,784,.000000000000000,.000000000000000,-1.996055711096465,1.996055711096465
228,2,256,-3.992111422192734,7.984222844385467,-3.858905751968509,-.1332056702242236
228,3,256,-3.725700081744407,7.451400163488813,-2.766935818750043,-.9587642629943650
228,4,10,-1.808171555755990,3.616343111511980,-.9040857778779972,-.9040857778779927
229,1,784,.000000000000000,.000000000000000,-1.996300927027863,1.996300927027863
229,2,256,-3.992601854055714,7.985203708111428,-3.860335884085407,-.1322659699703076
229,3,256,-3.728069914115308,7.456139828230616,-2.772494583489591,-.9555753306257151
229,4,10,-1.816919252864108,3.633838505728216,-.9084596264320515,-.9084596264320565
230,1,784,.000000000000000,.000000000000000,-1.996384938569139,1.996384938569139
230,2,256,-3.992769877138032,7.985539754276065,-3.859252722764980,-.1335171543730541
230,3,256,-3.725735568391523,7.451471136783045,-2.766449234880037,-.9592863335114834
230,4,10,-1.807162901368403,3.614325802736806,-.9035814506842013,-.9035814506842018
231,1,784,.000000000000000,.000000000000000,-1.996105802869294,1.996105802869294
231,2,256,-3.992211605738363,7.984423211476726,-3.858871601259537,-.1333400044788275
231,3,256,-3.725531596780380,7.451063193560761,-2.761605935628887,-.9639256611514929
231,4,10,-1.797680274477272,3.595360548954544,-.8988401372386414,-.8988401372386303
232,1,784,.000000000000000,.000000000000000,-1.996297867521204,1.996297867521204
232,2,256,-3.992595735042702,7.985191470085405,-3.859906367976244,-.1326893670664616
232,3,256,-3.727217000909835,7.454434001819670,-2.780504270476643,-.9467127304331895
232,4,10,-1.833791540043215,3.667583080086430,-.9168957700216080,-.9168957700216066
233,1,784,.000000000000000,.000000000000000,-1.995944496713687,1.995944496713687
233,2,256,-3.991888993427104,7.983777986854208,-3.860184016883458,-.1317049765436492
233,3,256,-3.728479040338854,7.456958080677708,-2.778655799527659,-.9498232408111965
233,4,10,-1.828832558715768,3.657665117431536,-.9144162793578882,-.9144162793578798
234,1,784,.000000000000000,.000000000000000,-1.995529823974725,1.995529823974725
234,2,256,-3.991059647949903,7.982119295899806,-3.858010388559173,-.1330492593907263
234,3,256,-3.724961129168829,7.449922258337658,-2.769902087120943,-.9550590420478878
234,4,10,-1.814843045072997,3.629686090145995,-.9074215225364892,-.9074215225365080
235,1,784,.000000000000000,.000000000000000,-1.996098770918229,1.996098770918229
235,2,256,-3.992197541836360,7.984395083672720,-3.859131798241103,-.1330657435952538
235,3,256,-3.726066054645639,7.452132109291277,-2.763301733706354,-.9627643209392828
235,4,10,-1.800537412766977,3.601074825533955,-.9002687063834832,-.9002687063834942
236,1,784,.000000000000000,.000000000000000,-1.996121782841606,1.996121782841606
236,2,256,-3.992243565683075,7.984487131366150,-3.858745824283556,-.1334977413995195
236,3,256,-3.725248082884086,7.450496165768172,-2.759693907613226,-.9655541752708625
236,4,10,-1.794139732342565,3.588279464685129,-.8970698661712770,-.8970698661712879
237,1,784,.000000000000000,.000000000000000,-1.996013500904035,1.996013500904035
237,2,256,-3.992027001808149,7.984054003616297,-3.859740194171293,-.1322868076368591
237,3,256,-3.727453386534756,7.454906773069512,-2.762621109309862,-.9648322772248948
237,4,10,-1.797788832085210,3.595577664170420,-.8988944160426069,-.8988944160426029
238,1,784,.000000000000000,.000000000000000,-1.996287389155242,1.996287389155242
238,2,256,-3.992574778310523,7.985149556621047,-3.860544214468275,-.1320305638422510
238,3,256,-3.728513650626224,7.457027301252448,-2.759129674431630,-.9693839761945934
238,4,10,-1.789745698237202,3.579491396474404,-.8948728491185960,-.8948728491186058
239,1,784,.000000000000000,.000000000000000,-1.996297663734517,1.996297663734517
239,2,256,-3.992595327468818,7.985190654937635,-3.859137684353772,-.1334576431150496
239,3,256,-3.725680041238370,7.451360082476740,-2.766729123702852,-.9589509175355195
239,4,10,-1.807778206167205,3.615556412334409,-.9038891030835972,-.9038891030836077
240,1,784,.000000000000000,.000000000000000,-1.995329153913882,1.995329153913882
240,2,256,-3.990658307827976,7.981316615655953,-3.858818712699845,-.1318395951281317
240,3,256,-3.726979117571828,7.453958235143657,-2.782578002715456,-.9444011148563716
240,4,10,-1.838176887858997,3.676353775717994,-.9190884439294957,-.9190884439295011
241,1,784,.000000000000000,.000000000000000,-1.996222238740924,1.996222238740924
241,2,256,-3.992444477481981,7.984888954963962,-3.859693184003746,-.1327512934782314
241,3,256,-3.726941890525602,7.453883781051204,-2.771774875522970,-.9551670150026296
241,4,10,-1.816607860520317,3.633215721040634,-.9083039302601517,-.9083039302601650
242,1,784,.000000000000000,.000000000000000,-1.995746999463329,1.995746999463329
242,2,256,-3.991493998926320,7.982987997852639,-3.858141890530990,-.1333521083953292
242,3,256,-3.724789782135339,7.449579564270677,-2.766996365339442,-.9577934167958970
242,4,10,-1.809202948543559,3.618405897087117,-.9046014742717807,-.9046014742717778
243,1,784,.000000000000000,.000000000000000,-1.995834946107201,1.995834946107201
243,2,256,-3.991669892214961,7.983339784429922,-3.858760331168715,-.1329095610462492
243,3,256,-3.725850770122932,7.451701540245863,-2.762885391859383,-.9629653782635433
243,4,10,-1.799920013595746,3.599840027191493,-.8999600067978750,-.8999600067978715
244,1,784,.000000000000000,.000000000000000,-1.996390252358634,1.996390252358634
244,2,256,-3.992780504717206,7.985561009434412,-3.859477683500653,-.1333028212165510
244,3,256,-3.726174862284281,7.452349724568561,-2.783467519464291,-.9427073428199919
244,4,10,-1.840760176644529,3.681520353289058,-.9203800883222717,-.9203800883222576
245,1,784,.000000000000000,.000000000000000,-1.995908808452511,1.995908808452511
245,2,256,-3.991817616905524,7.983635233811048,-3.858163763383085,-.1336538535224382
245,3,256,-3.724509909861414,7.449019819722828,-2.760592022635279,-.9639178872261310
245,4,10,-1.796674135409412,3.593348270818823,-.8983370677047078,-.8983370677047039
246,1,784,.000000000000000,.000000000000000,-1.995878304063529,1.995878304063529
246,2,256,-3.991756608126939,7.983513216253878,-3.858874401169303,-.1328822069576382
246,3,256,-3.725992194211845,7.451984388423690,-2.768506534854085,-.9574856593577601
246,4,10,-1.811020875496628,3.622041750993256,-.9055104377483170,-.9055104377483109
247,1,784,.000000000000000,.000000000000000,-1.995663481944023,1.995663481944023
247,2,256,-3.991326963887789,7.982653927775578,-3.857746120124155,-.1335808437636360
247,3,256,-3.724165276360193,7.448330552720385,-2.763536495826208,-.9606287805339845
247,4,10,-1.802907715292137,3.605815430584273,-.9014538576460760,-.9014538576460608
248,1,784,.000000000000000,.000000000000000,-1.995559046951623,1.995559046951623
248,2,256,-3.991118093902525,7.982236187805050,-3.858281732563686,-.1328363613388368
248,3,256,-3.725445371224124,7.450890742448249,-2.766466985858884,-.9589783853652408
248,4,10,-1.807488600493645,3.614977200987291,-.9037443002468206,-.9037443002468248
249,1,784,.000000000000000,.000000000000000,-1.996083323520908,1.996083323520908
249,2,256,-3.992166647041916,7.984333294083832,-3.858240691803160,-.1339259552387568
249,3,256,-3.724314736564469,7.448629473128937,-2.784416139193569,-.9398985973708942
249,4,10,-1.844517541822641,3.689035083645282,-.9222587709113158,-.9222587709113251
250,1,784,.000000000000000,.000000000000000,-1.996468044343871,1.996468044343871
250,2,256,-3.992936088687903,7.985872177375805,-3.859593434556181,-.1333426541317239
250,3,256,-3.726250780424244,7.452501560848488,-2.759178361718262,-.9670724187059851
250,4,10,-1.792105943011907,3.584211886023813,-.8960529715059516,-.8960529715059550
251,1,784,.000000000000000,.000000000000000,-1.995747613802655,1.995747613802655
251,2,256,-3.991495227605135,7.982990455210270,-3.859220288991374,-.1322749386137659
251,3,256,-3.726945350377596,7.453890700755191,-2.777844943097169,-.9491004072804280
251,4,10,-1.828744535816929,3.657489071633857,-.9143722679084536,-.9143722679084751
252,1,784,.000000000000000,.000000000000000,-1.996460848385908,1.996460848385908
252,2,256,-3.992921696771915,7.985843393543830,-3.860999911764458,-.1319217850074554
252,3,256,-3.729078126757246,7.458156253514492,-2.770420201424092,-.9586579253331542
252,4,10,-1.811762276091108,3.623524552182216,-.9058811380455436,-.9058811380455641
253,1,784,.000000000000000,.000000000000000,-1.995212909116414,1.995212909116414
253,2,256,-3.990425818233176,7.980851636466351,-3.857941281676151,-.1324845365570246
253,3,256,-3.725456745119016,7.450913490238031,-2.766444842793160,-.9590119023258564
253,4,10,-1.807432940466854,3.614865880933708,-.9037164702334231,-.9037164702334308
254,1,784,.000000000000000,.000000000000000,-1.995302281421696,1.995302281421696
254,2,256,-3.990604562843613,7.981209125687226,-3.857552615423411,-.1330519474202023
254,3,256,-3.724500668003104,7.449001336006209,-2.757265072339338,-.9672355956637674
254,4,10,-1.790029476675234,3.580058953350469,-.8950147383376219,-.8950147383376125
255,1,784,.000000000000000,.000000000000000,-1.996421085703218,1.996421085703218
255,2,256,-3.992842171406323,7.985684342812647,-3.858884354085507,-.1339578173208184
255,3,256,-3.724926536764477,7.449853073528955,-2.765063597021254,-.9598629397432222
255,4,10,-1.805200657277939,3.610401314555877,-.9026003286389690,-.9026003286389697
256,1,784,.000000000000000,.000000000000000,-1.995782182222396,1.995782182222396
256,2,256,-3.991564364444633,7.983128728889267,-3.858032022814328,-.1335323416303059
256,3,256,-3.724499681184210,7.448999362368420,-2.774327713413559,-.9501719677706548
256,4,10,-1.824155745643251,3.648311491286501,-.9120778728216248,-.9120778728216261
257,1,784,.000000000000000,.000000000000000,-1.996580158406726,1.996580158406726
257,2,256,-3.993160316814420,7.986320633628840,-3.859592296113353,-.1335680207010680
257,3,256,-3.726024275413417,7.452048550826834,-2.766457084113564,-.9595671912998514
257,4,10,-1.806889892813880,3.613779785627760,-.9034449464069381,-.9034449464069423
258,1,784,.000000000000000,.000000000000000,-1.995969226387983,1.995969226387983
258,2,256,-3.991938452776541,7.983876905553082,-3.859103580351421,-.1328348724251163
258,3,256,-3.726268707927232,7.452537415854464,-2.769307670248798,-.9569610376784348
258,4,10,-1.812346632570708,3.624693265141416,-.9061733162853561,-.9061733162853520
259,1,784,.000000000000000,.000000000000000,-1.995200275136388,1.995200275136388
259,2,256,-3.990400550272403,7.980801100544806,-3.857956453786173,-.1324440964862311
259,3,256,-3.725512357299764,7.451024714599527,-2.762232434094688,-.9632799232050753
259,4,10,-1.798952510889818,3.597905021779635,-.8994762554449034,-.8994762554449143
260,1,784,.000000000000000,.000000000000000,-1.996328753239037,1.996328753239037
260,2,256,-3.992657506478008,7.985315012956016,-3.858758126289601,-.1338993801884044
260,3,256,-3.724858746101219,7.449717492202439,-2.766439027863981,-.9584197182372386
260,4,10,-1.808019309626820,3.616038619253640,-.9040096548134176,-.9040096548134021
261,1,784,.000000000000000,.000000000000000,-1.996716926229086,1.996716926229086
261,2,256,-3.993433852457863,7.986867704915726,-3.861101992233008,-.1323318602248587
261,3,256,-3.728770132007928,7.457540264015855,-2.775060146815083,-.9537099851928418
261,4,10,-1.821350161622322,3.642700323244644,-.9106750808111614,-.9106750808111603
262,1,784,.000000000000000,.000000000000000,-1.996862641504523,1.996862641504523
262,2,256,-3.993725283008766,7.987450566017532,-3.860303747842509,-.1334215351662573
262,3,256,-3.726882212676088,7.453764425352176,-2.763336440330607,-.9635457723454820
262,4,10,-1.799790667985224,3.599581335970448,-.8998953339926168,-.8998953339926071
263,1,784,.000000000000000,.000000000000000,-1.996841746466625,1.996841746466625
263,2,256,-3.993683492933004,7.987366985866007,-3.859417795460334,-.1342656974726719
263,3,256,-3.725152097987482,7.450304195974964,-2.758196951533485,-.9669551464539994
263,4,10,-1.791241805079544,3.582483610159089,-.8956209025397743,-.8956209025397702
264,1,784,.000000000000000,.000000000000000,-1.995591017030589,1.995591017030589
264,2,256,-3.991182034061302,7.982364068122603,-3.858176359502826,-.1330056745584761
264,3,256,-3.725170684944410,7.450341369888821,-2.784450612233741,-.9407200727106658
264,4,10,-1.843730539523008,3.687461079046015,-.9218652697615078,-.9218652697615001
265,1,784,.000000000000000,.000000000000000,-1.996386929174110,1.996386929174110
265,2,256,-3.992773858347888,7.985547716695776,-3.859118854835557,-.1336550035123328
265,3,256,-3.725463851322712,7.450927702645424,-2.772138959447985,-.9533248918747267
265,4,10,-1.818814067573070,3.637628135146141,-.9094070337865383,-.9094070337865322
266,1,784,.000000000000000,.000000000000000,-1.996286376577498,1.996286376577498
266,2,256,-3.992572753154706,7.985145506309411,-3.859910533840087,-.1326622193146198
266,3,256,-3.727248314525373,7.454496629050746,-2.772286637488090,-.9549616770372834
266,4,10,-1.817324960450994,3.634649920901988,-.9086624802254990,-.9086624802254947
267,1,784,.000000000000000,.000000000000000,-1.995399482337546,1.995399482337546
267,2,256,-3.990798964674846,7.981597929349692,-3.858656942687004,-.1321420219878385
267,3,256,-3.726514920698554,7.453029841397107,-2.761414520028890,-.9651004006696662
267,4,10,-1.796314119358859,3.592628238717719,-.8981570596794317,-.8981570596794277
268,1,784,.000000000000000,.000000000000000,-1.996499935054693,1.996499935054693
268,2,256,-3.992999870109243,7.985999740218485,-3.858750902785893,-.1342489673233458
268,3,256,-3.724501935461983,7.449003870923967,-2.766433024827584,-.9580689106344022
268,4,10,-1.808364114192756,3.616728228385512,-.9041820570963822,-.9041820570963739
269,1,784,.000000000000000,.000000000000000,-1.996074800157527,1.996074800157527
269,2,256,-3.992149600315205,7.984299200630411,-3.859022181898005,-.1331274184172004
269,3,256,-3.725894763481017,7.451789526962034,-2.767037331846788,-.9588574316342279
269,4,10,-1.808179900212616,3.616359800425231,-.9040899501063088,-.9040899501063068
270,1,784,.000000000000000,.000000000000000,-1.996305619291660,1.996305619291660
270,2,256,-3.992611238583647,7.985222477167294,-3.858861751221602,-.1337494873620437
270,3,256,-3.725112263859622,7.450224527719245,-2.761080235367885,-.9640320284917406
270,4,10,-1.797048206875883,3.594096413751765,-.8985241034379406,-.8985241034379419
271,1,784,.000000000000000,.000000000000000,-1.996481348710057,1.996481348710057
271,2,256,-3.992962697419129,7.985925394838257,-3.859753717915724,-.1332089795034027
271,3,256,-3.726544738411066,7.453089476822131,-2.769108858597740,-.9574358798133269
271,4,10,-1.811672978784159,3.623345957568318,-.9058364893920758,-.9058364893920829
272,1,784,.000000000000000,.000000000000000,-1.996166692918237,1.996166692918237
272,2,256,-3.992333385836210,7.984666771672419,-3.859014790279574,-.1333185955566358
272,3,256,-3.725696194722757,7.451392389445514,-2.762489573268454,-.9632066214543010
272,4,10,-1.799282951814236,3.598565903628473,-.8996414759071157,-.8996414759071207
273,1,784,.000000000000000,.000000000000000,-1.995774933150689,1.995774933150689
273,2,256,-3.991549866301157,7.983099732602314,-3.858120035373892,-.1334298309272685
273,3,256,-3.724690204446242,7.449380408892484,-2.771252598205738,-.9534376062405050
273,4,10,-1.817814991965063,3.635629983930126,-.9089074959825353,-.9089074959825276
274,1,784,.000000000000000,.000000000000000,-1.996405797359916,1.996405797359916
274,2,256,-3.992811594719905,7.985623189439809,-3.860126827494591,-.1326847672253118
274,3,256,-3.727442060269184,7.454884120538368,-2.767907912650715,-.9595341476184698
274,4,10,-1.808373765032084,3.616747530064168,-.9041868825160406,-.9041868825160432
275,1,784,.000000000000000,.000000000000000,-1.995950020281040,1.995950020281040
275,2,256,-3.991900040561915,7.983800081123831,-3.859180228925285,-.1327198116366295
275,3,256,-3.726460417288729,7.452920834577458,-2.765934094384957,-.9605263229037729
275,4,10,-1.805407771481415,3.610815542962830,-.9027038857407069,-.9027038857407084
276,1,784,.000000000000000,.000000000000000,-1.995401194978579,1.995401194978579
276,2,256,-3.990802389956863,7.981604779913726,-3.857780721767817,-.1330216681890482
276,3,256,-3.724759053578417,7.449518107156833,-2.783804736334496,-.9409543172439171
276,4,10,-1.842850419090517,3.685700838181035,-.9214252095452612,-.9214252095452562
277,1,784,.000000000000000,.000000000000000,-1.996010645751840,1.996010645751840
277,2,256,-3.992021291504198,7.984042583008396,-3.858644794995372,-.1333764965088232
277,3,256,-3.725268298487207,7.450536596974414,-2.766365025239866,-.9589032732473424
277,4,10,-1.807461751992665,3.614923503985330,-.9037308759963339,-.9037308759963311
278,1,784,.000000000000000,.000000000000000,-1.995878070883927,1.995878070883927
278,2,256,-3.991756141768481,7.983512283536961,-3.859061683710336,-.1326944580581472
278,3,256,-3.726367225652988,7.452734451305975,-2.771965855307954,-.9544013703450369
278,4,10,-1.817564484963097,3.635128969926194,-.9087822424815470,-.9087822424815499
279,1,784,.000000000000000,.000000000000000,-1.996242193672119,1.996242193672119
279,2,256,-3.992484387344450,7.984968774688900,-3.860059124498036,-.1324252628464128
279,3,256,-3.727633861651590,7.455267723303180,-2.777912872735808,-.9497209889157815
279,4,10,-1.828191883819783,3.656383767639567,-.9140959419098903,-.9140959419098929
280,1,784,.000000000000000,.000000000000000,-1.995413906281500,1.995413906281500
280,2,256,-3.990827812563035,7.981655625126071,-3.858553406497535,-.1322744060655017
280,3,256,-3.726279000432184,7.452558000864367,-2.766533145534892,-.9597458548972918
280,4,10,-1.806787290637701,3.613574581275403,-.9033936453188534,-.9033936453188478
281,1,784,.000000000000000,.000000000000000,-1.996259208229169,1.996259208229169
281,2,256,-3.992518416458067,7.985036832916134,-3.859179419468978,-.1333389969890872
281,3,256,-3.725840422479520,7.451680844959039,-2.757538930979141,-.9683014915003769
281,4,10,-1.789237439478666,3.578474878957331,-.8946187197393317,-.8946187197393338
282,1,784,.000000000000000,.000000000000000,-1.995991033477824,1.995991033477824
282,2,256,-3.991982066955972,7.983964133911943,-3.859776079742187,-.1322059872137861
282,3,256,-3.727570092528529,7.455140185057059,-2.769492266381833,-.9580778261466978
282,4,10,-1.811414440234940,3.622828880469880,-.9057072201174726,-.9057072201174673
283,1,784,.000000000000000,.000000000000000,-1.996352815627826,1.996352815627826
283,2,256,-3.992705631255447,7.985411262510894,-3.859595589176031,-.1331100420794167
283,3,256,-3.726485547096820,7.452971094193640,-2.762427904206065,-.9640576428907566
283,4,10,-1.798370261315752,3.596740522631503,-.8991851306578604,-.8991851306578911
284,1,784,.000000000000000,.000000000000000,-1.995527064781615,1.995527064781615
284,2,256,-3.991054129563767,7.982108259127534,-3.858242667457208,-.1328114621065603
284,3,256,-3.725431205351311,7.450862410702621,-2.764590357775261,-.9608408475760527
284,4,10,-1.803749510199335,3.607499020398670,-.9018747550996671,-.9018747550996680
285,1,784,.000000000000000,.000000000000000,-1.996159716269327,1.996159716269327
285,2,256,-3.992319432539240,7.984638865078479,-3.858767133788636,-.1335522987506054
285,3,256,-3.725214835038459,7.450429670076918,-2.763650854545930,-.9615639804925267
285,4,10,-1.802086874053238,3.604173748106476,-.9010434370266217,-.9010434370266165
286,1,784,.000000000000000,.000000000000000,-1.995557319781154,1.995557319781154
286,2,256,-3.991114639562440,7.982229279124880,-3.858254039639110,-.1328605999233296
286,3,256,-3.725393439716105,7.450786879432211,-2.772821427911788,-.9525720118043187
286,4,10,-1.820249416107644,3.640498832215289,-.9101247080538313,-.9101247080538133
287,1,784,.000000000000000,.000000000000000,-1.995394730261413,1.995394730261413
287,2,256,-3.990789460522358,7.981578921044716,-3.857764949965012,-.1330245105573443
287,3,256,-3.724740439407114,7.449480878814229,-2.775386516902385,-.9493539225047315
287,4,10,-1.826032594397591,3.652065188795182,-.9130162971987853,-.9130162971988057
288,1,784,.000000000000000,.000000000000000,-1.995845701222848,1.995845701222848
288,2,256,-3.991691402445608,7.983382804891216,-3.859411112901831,-.1322802895437812
288,3,256,-3.727130823357905,7.454261646715810,-2.765758135202627,-.9613726881552797
288,4,10,-1.804385447047297,3.608770894094594,-.9021927235236465,-.9021927235236507
289,1,784,.000000000000000,.000000000000000,-1.995723647087267,1.995723647087267
289,2,256,-3.991447294174058,7.982894588348115,-3.859082949096713,-.1323643450773435
289,3,256,-3.726718604018675,7.453437208037351,-2.775077446847278,-.9516411571713962
289,4,10,-1.823436289675653,3.646872579351305,-.9117181448378280,-.9117181448378248
290,1,784,.000000000000000,.000000000000000,-1.995872462578802,1.995872462578802
290,2,256,-3.991744925157563,7.983489850315125,-3.859161171377660,-.1325837537799027
290,3,256,-3.726577417597789,7.453154835195578,-2.768906226508578,-.9576711910892098
290,4,10,-1.811235035419428,3.622470070838855,-.9056175177097223,-.9056175177097051
291,1,784,.000000000000000,.000000000000000,-1.996815881027722,1.996815881027722
291,2,256,-3.993631762055124,7.987263524110247,-3.859798760858220,-.1338330011969044
291,3,256,-3.725965759661125,7.451931519322249,-2.772097040788785,-.9538687188723398
291,4,10,-1.818228321916564,3.636456643833127,-.9091141609582870,-.9091141609582762
292,1,784,.000000000000000,.000000000000000,-1.995978949452266,1.995978949452266
292,2,256,-3.991957898904217,7.983915797808435,-3.857923004939005,-.1340348939652096
292,3,256,-3.723888110973389,7.447776221946778,-2.774984173837971,-.9489039371354151
292,4,10,-1.826080236702470,3.652160473404940,-.9130401183512290,-.9130401183512409
293,1,784,.000000000000000,.000000000000000,-1.997213791287739,1.997213791287739
293,2,256,-3.994427582575507,7.988855165151015,-3.862314042115005,-.1321135404605029
293,3,256,-3.730200501654584,7.460401003309167,-2.784143719813742,-.9460567818408380
293,4,10,-1.838086937972945,3.676173875945891,-.9190434689864762,-.9190434689864693
294,1,784,.000000000000000,.000000000000000,-1.996333208375532,1.996333208375532
294,2,256,-3.992666416750965,7.985332833501930,-3.859346389188512,-.1333200275624530
294,3,256,-3.726026361625755,7.452052723251509,-2.783436974137559,-.9425893874881976
294,4,10,-1.840847586649178,3.681695173298357,-.9204237933245805,-.9204237933245981
295,1,784,.000000000000000,.000000000000000,-1.995982228891658,1.995982228891658
295,2,256,-3.991964457782698,7.983928915565396,-3.858777105370533,-.1331873524121703
295,3,256,-3.725589752958113,7.451179505916226,-2.771554244111921,-.9540355088461913
295,4,10,-1.817518735266114,3.635037470532227,-.9087593676330507,-.9087593676330626
296,1,784,.000000000000000,.000000000000000,-1.996092445302730,1.996092445302730
296,2,256,-3.992184890606163,7.984369781212325,-3.858494007794931,-.1336908828112306
296,3,256,-3.724803124983857,7.449606249967714,-2.772739212317814,-.9520639126660427
296,4,10,-1.820675299651220,3.641350599302440,-.9103376498256122,-.9103376498256079
297,1,784,.000000000000000,.000000000000000,-1.996123557764167,1.996123557764167
297,2,256,-3.992247115528464,7.984494231056928,-3.859168028776321,-.1330790867521430
297,3,256,-3.726088942024111,7.452177884048222,-2.767420646330131,-.9586682956939813
297,4,10,-1.808752350635971,3.617504701271941,-.9043761753179749,-.9043761753179957
298,1,784,.000000000000000,.000000000000000,-1.995957677383944,1.995957677383944
298,2,256,-3.991915354768107,7.983830709536214,-3.858636331027484,-.1332790237406203
298,3,256,-3.725357307287122,7.450714614574244,-2.774618842707221,-.9507384645799012
298,4,10,-1.823880378127344,3.647760756254688,-.9119401890636781,-.9119401890636654
299,1,784,.000000000000000,.000000000000000,-1.996403981702922,1.996403981702922
299,2,256,-3.992807963406271,7.985615926812542,-3.859314095981984,-.1334938674242897
299,3,256,-3.725820228558113,7.451640457116226,-2.761338907226265,-.9644813213318492
299,4,10,-1.796857585894410,3.593715171788819,-.8984287929472062,-.8984287929472032
300,1,784,.000000000000000,.000000000000000,-1.996655977398399,1.996655977398399
300,2,256,-3.993311954796757,7.986623909593514,-3.860301799481952,-.1330101553148045
300,3,256,-3.727291644167356,7.454583288334712,-2.775199545924524,-.9520920982428327
300,4,10,-1.823107447681929,3.646214895363857,-.9115537238409697,-.9115537238409589
301,1,784,.000000000000000,.000000000000000,-1.996701746261797,1.996701746261797
301,2,256,-3.993403492523438,7.986806985046876,-3.858944603697157,-.1344588888262825
301,3,256,-3.724485714870587,7.448971429741174,-2.779077273962783,-.9454084409078036
301,4,10,-1.833668833054844,3.667337666109687,-.9168344165274249,-.9168344165274189
302,1,784,.000000000000000,.000000000000000,-1.995517386037655,1.995517386037655
302,2,256,-3.991034772075706,7.982069544151413,-3.858232305000537,-.1328024670751698
302,3,256,-3.725429837925766,7.450859675851532,-2.761302708727117,-.9641271291986491
302,4,10,-1.797175579528455,3.594351159056909,-.8985877897642357,-.8985877897642192
303,1,784,.000000000000000,.000000000000000,-1.996783486436857,1.996783486436857
303,2,256,-3.993566972873547,7.987133945747093,-3.859928128512453,-.1336388443610943
303,3,256,-3.726289284151269,7.452578568302537,-2.763745113433934,-.9625441707173337
303,4,10,-1.801200942716681,3.602401885433361,-.9006004713583372,-.9006004713583434
304,1,784,.000000000000000,.000000000000000,-1.996295637313952,1.996295637313952
304,2,256,-3.992591274628085,7.985182549256169,-3.859963815407753,-.1326274592203320
304,3,256,-3.727336356187814,7.454672712375628,-2.777051221692512,-.9502851344953051
304,4,10,-1.826766087197414,3.653532174394828,-.9133830435987087,-.9133830435987051
305,1,784,.000000000000000,.000000000000000,-1.995417379187306,1.995417379187306
305,2,256,-3.990834758374327,7.981669516748655,-3.858219312153591,-.1326154462207356
305,3,256,-3.725603865932382,7.451207731864764,-2.766423208001188,-.9591806579311933
305,4,10,-1.807242550069812,3.614485100139624,-.9036212750349033,-.9036212750349091
306,1,784,.000000000000000,.000000000000000,-1.996578904488243,1.996578904488243
306,2,256,-3.993157808976719,7.986315617953438,-3.861171457344910,-.1319863516318092
306,3,256,-3.729185105713471,7.458370211426941,-2.774564580760273,-.9546205249531985
306,4,10,-1.819944055807236,3.639888111614471,-.9099720279036058,-.9099720279036299
307,1,784,.000000000000000,.000000000000000,-1.996253654311899,1.996253654311899
307,2,256,-3.992507308623012,7.985014617246024,-3.858279475802662,-.1342278328203469
307,3,256,-3.724051642981181,7.448103285962362,-2.759591791718770,-.9644598512624103
307,4,10,-1.795131940456010,3.590263880912020,-.8975659702280047,-.8975659702280052
308,1,784,.000000000000000,.000000000000000,-1.995877001441069,1.995877001441069
308,2,256,-3.991754002882321,7.983508005764642,-3.859176049509681,-.1325779533726397
308,3,256,-3.726598096137028,7.453196192274055,-2.777328539754024,-.9492695563830059
308,4,10,-1.828058983370828,3.656117966741656,-.9140294916854099,-.9140294916854180
309,1,784,.000000000000000,.000000000000000,-1.996523756418657,1.996523756418657
309,2,256,-3.993047512837483,7.986095025674967,-3.860044922762838,-.1330025900746470
309,3,256,-3.727042332688781,7.454084665377563,-2.788363051095906,-.9386792815928751
309,4,10,-1.849683769503451,3.699367539006902,-.9248418847517240,-.9248418847517276
310,1,784,.000000000000000,.000000000000000,-1.996060349253187,1.996060349253187
310,2,256,-3.992120698506149,7.984241397012299,-3.859396024538003,-.1327246739681485
310,3,256,-3.726671350569563,7.453342701139126,-2.772992019993312,-.9536793305762499
310,4,10,-1.819312689416994,3.638625378833989,-.9096563447084984,-.9096563447084960
311,1,784,.000000000000000,.000000000000000,-1.996297301255743,1.996297301255743
311,2,256,-3.992594602511511,7.985189205023022,-3.859116950244081,-.1334776522674286
311,3,256,-3.725639297976690,7.451278595953380,-2.766234220631265,-.9594050773454260
311,4,10,-1.806829143285845,3.613658286571690,-.9034145716429268,-.9034145716429184
312,1,784,.000000000000000,.000000000000000,-1.995745800099871,1.995745800099871
312,2,256,-3.991491600199593,7.982983200399186,-3.857857201775666,-.1336343984239282
312,3,256,-3.724222803351449,7.448445606702897,-2.779610014062262,-.9446127892891890
312,4,10,-1.834997224772941,3.669994449545883,-.9174986123864668,-.9174986123864745
313,1,784,.000000000000000,.000000000000000,-1.996241457070554,1.996241457070554
313,2,256,-3.992482914141062,7.984965828282125,-3.859665461587266,-.1328174525537938
313,3,256,-3.726848009033422,7.453696018066844,-2.760213945991478,-.9666340630419440
313,4,10,-1.793579882949539,3.587159765899077,-.8967899414747631,-.8967899414747755
314,1,784,.000000000000000,.000000000000000,-1.996325823603472,1.996325823603472
314,2,256,-3.992651647206706,7.985303294413411,-3.860293585452255,-.1323580617544520
314,3,256,-3.727935523697441,7.455871047394881,-2.772782123824784,-.9551533998726530
314,4,10,-1.817628723952005,3.635257447904010,-.9088143619760013,-.9088143619760034
315,1,784,.000000000000000,.000000000000000,-1.995798298988334,1.995798298988334
315,2,256,-3.991596597977110,7.983193195954219,-3.858822852270314,-.1327737457067980
315,3,256,-3.726049106563661,7.452098213127321,-2.773152956804006,-.9528961497596510
315,4,10,-1.820256807044056,3.640513614088111,-.9101284035220272,-.9101284035220286
316,1,784,.000000000000000,.000000000000000,-1.995837650698387,1.995837650698387
316,2,256,-3.991675301396592,7.983350602793185,-3.860313403234956,-.1313618981616345
316,3,256,-3.728951505073433,7.457903010146866,-2.779778237041695,-.9491732680317410
316,4,10,-1.830604969010242,3.661209938020483,-.9153024845051229,-.9153024845051190
317,1,784,.000000000000000,.000000000000000,-1.995857668610712,1.995857668610712
317,2,256,-3.991715337221217,7.983430674442434,-3.858961147188279,-.1327541900329388
317,3,256,-3.726206957155347,7.452413914310694,-2.763811619286921,-.9623953378684242
317,4,10,-1.801416281418739,3.602832562837479,-.9007081407093567,-.9007081407093824
318,1,784,NaN,NaN,NaN,NaN
318,2,256,NaN,NaN,NaN,NaN
318,3,256,NaN,NaN,NaN,NaN
318,4,10,NaN,NaN,NaN,NaN
319,1,784,.000000000000000,.000000000000000,-1.995994548040066,1.995994548040066
319,2,256,-3.991989096080361,7.983978192160722,-3.858670596797889,-.1333184992824714
319,3,256,-3.725352097515508,7.450704195031015,-2.781718234840646,-.9436338626748624
319,4,10,-1.838084372165654,3.676168744331307,-.9190421860828271,-.9190421860828264
320,1,784,.000000000000000,.000000000000000,-1.996704433577399,1.996704433577399
320,2,256,-3.993408867154665,7.986817734309331,-3.858742779009122,-.1346660881455435
320,3,256,-3.724076690863602,7.448153381727205,-2.769568225192337,-.9545084656712647
320,4,10,-1.815059759521232,3.630119519042464,-.9075298797606141,-.9075298797606182
321,1,784,.000000000000000,.000000000000000,-1.995731648346725,1.995731648346725
321,2,256,-3.991463296693353,7.982926593386705,-3.858366125543942,-.1330971711494081
321,3,256,-3.725268954394473,7.450537908788946,-2.780304827809786,-.9449641265846866
321,4,10,-1.835340701225126,3.670681402450252,-.9176703506125663,-.9176703506125599
322,1,784,.000000000000000,.000000000000000,-1.996078701111003,1.996078701111003
322,2,256,-3.992157402221909,7.984314804443818,-3.858980038621851,-.1331773636000577
322,3,256,-3.725802675021618,7.451605350043237,-2.760673622605305,-.9651290524163135
322,4,10,-1.795544570188909,3.591089140377818,-.8977722850944586,-.8977722850944507
323,1,784,.000000000000000,.000000000000000,-1.995902027952677,1.995902027952677
323,2,256,-3.991804055905656,7.983608111811312,-3.858533840253325,-.1332702156523329
323,3,256,-3.725263624601208,7.450527249202415,-2.769833945775647,-.9554296788255560
323,4,10,-1.814404266949986,3.628808533899972,-.9072021334750007,-.9072021334749854
324,1,784,.000000000000000,.000000000000000,-1.996450354661887,1.996450354661887
324,2,256,-3.992900709324450,7.985801418648899,-3.859153979742378,-.1337467295820727
324,3,256,-3.725407250161088,7.450814500322175,-2.769837544159247,-.9555697060018413
324,4,10,-1.814267838157521,3.628535676315042,-.9071339190787543,-.9071339190787668
325,1,784,.000000000000000,.000000000000000,-1.996312046144228,1.996312046144228
325,2,256,-3.992624092288556,7.985248184577111,-3.859551958134186,-.1330721341543694
325,3,256,-3.726479823979771,7.452959647959541,-2.776373096921237,-.9501067270585319
325,4,10,-1.826266369862567,3.652532739725133,-.9131331849312803,-.9131331849312863
326,1,784,.000000000000000,.000000000000000,-1.996112110597553,1.996112110597553
326,2,256,-3.992224221195054,7.984448442390108,-3.858971349876414,-.1332528713186366
326,3,256,-3.725718478557961,7.451436957115923,-2.766787149304168,-.9589313292537939
326,4,10,-1.807855820050597,3.615711640101194,-.9039279100253041,-.9039279100252930
327,1,784,.000000000000000,.000000000000000,-1.995660295998800,1.995660295998800
327,2,256,-3.991320591997615,7.982641183995230,-3.859599665822833,-.1317209261747826
327,3,256,-3.727878739648114,7.455757479296229,-2.778531764680750,-.9493469749673591
327,4,10,-1.829184789713427,3.658369579426854,-.9145923948567192,-.9145923948567082
328,1,784,.000000000000000,.000000000000000,-1.996552661096000,1.996552661096000
328,2,256,-3.993105322192304,7.986210644384608,-3.860271570522948,-.1328337516693535
328,3,256,-3.727437818854049,7.454875637708097,-2.762133425683779,-.9653043931702686
328,4,10,-1.796829032513656,3.593658065027311,-.8984145162568309,-.8984145162568248
329,1,784,.000000000000000,.000000000000000,-1.995714400893846,1.995714400893846
329,2,256,-3.991428801787642,7.982857603575284,-3.858116227602474,-.1333125741851678
329,3,256,-3.724803653417090,7.449607306834181,-2.772523155476367,-.9522804979407233
329,4,10,-1.820242657535482,3.640485315070964,-.9101213287677385,-.9101213287677435
330,1,784,.000000000000000,.000000000000000,-1.996231596547128,1.996231596547128
330,2,256,-3.992463193094487,7.984926386188975,-3.860086780269632,-.1323764128248533
330,3,256,-3.727710367445007,7.455420734890015,-2.765215291054593,-.9624950763904104
330,4,10,-1.802720214664179,3.605440429328358,-.9013601073320860,-.9013601073320925
331,1,784,.000000000000000,.000000000000000,-1.996313645850774,1.996313645850774
331,2,256,-3.992627291701454,7.985254583402908,-3.860282126896662,-.1323451648047916
331,3,256,-3.727936962091713,7.455873924183426,-2.768448738732961,-.9594882233587539
331,4,10,-1.808960515374131,3.617921030748263,-.9044802576870711,-.9044802576870604
332,1,784,.000000000000000,.000000000000000,-1.996120241419487,1.996120241419487
332,2,256,-3.992240482838598,7.984480965677196,-3.859540708372254,-.1326997744663443
332,3,256,-3.726840933905316,7.453681867810632,-2.785157012514635,-.9416839213906784
332,4,10,-1.843473091123726,3.686946182247452,-.9217365455618670,-.9217365455618588
333,1,784,.000000000000000,.000000000000000,-1.995830865668503,1.995830865668503
333,2,256,-3.991661731336258,7.983323462672516,-3.858726121671924,-.1329356096643348
333,3,256,-3.725790512006840,7.451581024013680,-2.772062990518942,-.9537275214879005
333,4,10,-1.818335469031025,3.636670938062050,-.9091677345155174,-.9091677345155079
334,1,784,.000000000000000,.000000000000000,-1.996450411938765,1.996450411938765
334,2,256,-3.992900823877527,7.985801647755054,-3.859315719300878,-.1335851045766481
334,3,256,-3.725730614724477,7.451461229448953,-2.759681526279253,-.9660490884452226
334,4,10,-1.793632437834262,3.587264875668525,-.8968162189171361,-.8968162189171260
335,1,784,.000000000000000,.000000000000000,-1.995899492854530,1.995899492854530
335,2,256,-3.991798985709437,7.983597971418875,-3.859400399935456,-.1323985857739833
335,3,256,-3.727001814162054,7.454003628324108,-2.766480388206357,-.9605214259557006
335,4,10,-1.805958962250854,3.611917924501709,-.9029794811254289,-.9029794811254255
336,1,784,.000000000000000,.000000000000000,-1.996189217282216,1.996189217282216
336,2,256,-3.992378434564637,7.984756869129273,-3.859450056755710,-.1329283778089247
336,3,256,-3.726521678946969,7.453043357893939,-2.781564108651924,-.9449575702950461
336,4,10,-1.836606538356847,3.673213076713694,-.9183032691784273,-.9183032691784199
337,1,784,.000000000000000,.000000000000000,-1.996822932133389,1.996822932133389
337,2,256,-3.993645864266334,7.987291728532669,-3.861296006065884,-.1323498582004516
337,3,256,-3.728946147864822,7.457892295729644,-2.784793293739351,-.9441528541254707
337,4,10,-1.840640439613711,3.681280879227423,-.9203202198068566,-.9203202198068545
338,1,784,.000000000000000,.000000000000000,-1.996756795446655,1.996756795446655
338,2,256,-3.993513590893268,7.987027181786535,-3.859286439390845,-.1342271515024216
338,3,256,-3.725059287888628,7.450118575777256,-2.763466711396902,-.9615925764917250
338,4,10,-1.801874134905427,3.603748269810854,-.9009370674527122,-.9009370674527153
339,1,784,.000000000000000,.000000000000000,-1.996279623528018,1.996279623528018
339,2,256,-3.992559247056434,7.985118494112869,-3.859567538919394,-.1329917081370367
339,3,256,-3.726575830782532,7.453151661565064,-2.777329728016621,-.9492461027659128
339,4,10,-1.828083625250508,3.656167250501016,-.9140418126252426,-.9140418126252653
340,1,784,.000000000000000,.000000000000000,-1.996086345091596,1.996086345091596
340,2,256,-3.992172690183683,7.984345380367366,-3.858638352485940,-.1335343376977450
340,3,256,-3.725104014788711,7.450208029577422,-2.768354880403153,-.9567491343855559
340,4,10,-1.811605746017628,3.623211492035256,-.9058028730088085,-.9058028730088195
341,1,784,.000000000000000,.000000000000000,-1.996263070066049,1.996263070066049
341,2,256,-3.992526140132039,7.985052280264078,-3.858792788603802,-.1337333515282385
341,3,256,-3.725059437075769,7.450118874151539,-2.773434126117207,-.9516253109585644
341,4,10,-1.821808815158916,3.643617630317833,-.9109044075794500,-.9109044075794663
342,1,784,.000000000000000,.000000000000000,-1.996314761170480,1.996314761170480
342,2,256,-3.992629522341677,7.985259044683355,-3.858760185245545,-.1338693370961355
342,3,256,-3.724890848150017,7.449781696300034,-2.773171219819798,-.9517196283302157
342,4,10,-1.821451591489475,3.642903182978951,-.9107257957447321,-.9107257957447431
343,1,784,.000000000000000,.000000000000000,-1.996064919977454,1.996064919977454
343,2,256,-3.992129839955409,7.984259679910817,-3.859099141104207,-.1330306988511991
343,3,256,-3.726068442253778,7.452136884507556,-2.772735286732121,-.9533331555216589
343,4,10,-1.819402131210728,3.638804262421456,-.9097010656053677,-.9097010656053602
344,1,784,.000000000000000,.000000000000000,-1.996103299014053,1.996103299014053
344,2,256,-3.992206598027464,7.984413196054928,-3.859092136409742,-.1331144616177199
344,3,256,-3.725977674791017,7.451955349582033,-2.761108910505143,-.9648687642858691
344,4,10,-1.796240146218905,3.592480292437810,-.8981200731094541,-.8981200731094510
345,1,784,.000000000000000,.000000000000000,-1.995615035903136,1.995615035903136
345,2,256,-3.991230071805644,7.982460143611288,-3.857941681941595,-.1332883898640519
345,3,256,-3.724653292076630,7.449306584153260,-2.767642322364634,-.9570109697119956
345,4,10,-1.810631352652345,3.621262705304690,-.9053156763261738,-.9053156763261710
346,1,784,.000000000000000,.000000000000000,-1.996200234720091,1.996200234720091
346,2,256,-3.992400469440309,7.984800938880618,-3.858998620269424,-.1334018491708873
346,3,256,-3.725596771098578,7.451193542197156,-2.768183377707698,-.9574133933908803
346,4,10,-1.810769984316744,3.621539968633489,-.9053849921583697,-.9053849921583748
347,1,784,.000000000000000,.000000000000000,-1.995859828315313,1.995859828315313
347,2,256,-3.991719656630881,7.983439313261763,-3.859182543624460,-.1325371130064208
347,3,256,-3.726645430618487,7.453290861236974,-2.770430974695604,-.9562144559228837
347,4,10,-1.814216518772913,3.628433037545827,-.9071082593864539,-.9071082593864594
348,1,784,.000000000000000,.000000000000000,-1.995705900201412,1.995705900201412
348,2,256,-3.991411800402815,7.982823600805630,-3.858697138769116,-.1327146616337028
348,3,256,-3.725982477135482,7.451964954270964,-2.766264585653127,-.9597178914823548
348,4,10,-1.806546694170842,3.613093388341684,-.9032733470854248,-.9032733470854172
349,1,784,.000000000000000,.000000000000000,-1.996078946838943,1.996078946838943
349,2,256,-3.992157893678369,7.984315787356739,-3.859205626677155,-.1329522670012156
349,3,256,-3.726253359676377,7.452506719352755,-2.767047585998454,-.9592057736779245
349,4,10,-1.807841812320468,3.615683624640935,-.9039209061602396,-.9039209061602280
350,1,784,.000000000000000,.000000000000000,-1.995571642367561,1.995571642367561
350,2,256,-3.991143284734879,7.982286569469759,-3.858148229183127,-.1329950555517514
350,3,256,-3.725153173631061,7.450306347262122,-2.773669485630336,-.9514836880007242
350,4,10,-1.822185797629515,3.644371595259029,-.9110928988147664,-.9110928988147480
351,1,784,.000000000000000,.000000000000000,-1.996825843255123,1.996825843255123
351,2,256,-3.993651686510179,7.987303373020358,-3.859851228909470,-.1338004576007082
351,3,256,-3.726050771308556,7.452101542617111,-2.771926134941777,-.9541246363667798
351,4,10,-1.817801498574849,3.635602997149697,-.9089007492874258,-.9089007492874228
352,1,784,.000000000000000,.000000000000000,-1.995732190647466,1.995732190647466
352,2,256,-3.991464381295445,7.982928762590890,-3.859038820592509,-.1324255607029364
352,3,256,-3.726613259890520,7.453226519781040,-2.786674866744853,-.9399383931456686
352,4,10,-1.846736473599633,3.693472947199267,-.9233682367998104,-.9233682367998232
353,1,784,.000000000000000,.000000000000000,-1.996334018158821,1.996334018158821
353,2,256,-3.992668036317866,7.985336072635732,-3.859821383377269,-.1328466529405988
353,3,256,-3.726974730436730,7.453949460873460,-2.769585492925660,-.9573892375110730
353,4,10,-1.812196255414413,3.624392510828826,-.9060981277072099,-.9060981277072030
354,1,784,.000000000000000,.000000000000000,-1.996087782637127,1.996087782637127
354,2,256,-3.992175565274680,7.984351130549360,-3.859263577556113,-.1329119877185683
354,3,256,-3.726351589838142,7.452703179676284,-2.773576706598552,-.9527748832395894
354,4,10,-1.820801823359146,3.641603646718293,-.9104009116795656,-.9104009116795808
355,1,784,.000000000000000,.000000000000000,-1.995821488231143,1.995821488231143
355,2,256,-3.991642976461696,7.983285952923392,-3.859333171484100,-.1323098049775966
355,3,256,-3.727023366505872,7.454046733011745,-2.762878020792600,-.9641453457132731
355,4,10,-1.798732675079306,3.597465350158612,-.8993663375396461,-.8993663375396594
356,1,784,.000000000000000,.000000000000000,-1.995889420402639,1.995889420402639
356,2,256,-3.991778840805565,7.983557681611130,-3.858905769518690,-.1328730712868752
356,3,256,-3.726032698231647,7.452065396463293,-2.766359152084642,-.9596735461470034
356,4,10,-1.806685605937173,3.613371211874347,-.9033428029685925,-.9033428029685810
357,1,784,.000000000000000,.000000000000000,-1.996509640935144,1.996509640935144
357,2,256,-3.993019281870556,7.986038563741111,-3.860043822712320,-.1329754591582333
357,3,256,-3.727068363554094,7.454136727108187,-2.759144080724862,-.9679242828292366
357,4,10,-1.791219797895343,3.582439595790686,-.8956098989476822,-.8956098989476607
358,1,784,.000000000000000,.000000000000000,-1.996141487621105,1.996141487621105
358,2,256,-3.992282975242130,7.984565950484259,-3.858647531073367,-.1336354441687639
358,3,256,-3.725012086904206,7.450024173808413,-2.766458763775096,-.9585533231291069
358,4,10,-1.807905440645667,3.615810881291335,-.9039527203228368,-.9039527203228307
359,1,784,.000000000000000,.000000000000000,-1.996098523621373,1.996098523621373
359,2,256,-3.992197047243486,7.984394094486973,-3.859981835702834,-.1322152115406553
359,3,256,-3.727766624163124,7.455533248326248,-2.774682152158277,-.9530844720048470
359,4,10,-1.821597680153615,3.643195360307229,-.9107988400768139,-.9107988400768008
360,1,784,.000000000000000,.000000000000000,-1.995614050280913,1.995614050280913
360,2,256,-3.991228100561373,7.982456201122747,-3.858526200665882,-.1327018998954916
360,3,256,-3.725824300770312,7.451648601540623,-2.767719677913764,-.9581046228565487
360,4,10,-1.809615055057600,3.619230110115200,-.9048075275287959,-.9048075275288042
361,1,784,.000000000000000,.000000000000000,-1.995720851080453,1.995720851080453
361,2,256,-3.991441702160615,7.982883404321229,-3.858348901438737,-.1330928007218778
361,3,256,-3.725256100716645,7.450512201433289,-2.768821675210360,-.9564344255062861
361,4,10,-1.812387249704157,3.624774499408313,-.9061936248520781,-.9061936248520783
362,1,784,.000000000000000,.000000000000000,-1.995735553903874,1.995735553903874
362,2,256,-3.991471107808214,7.982942215616428,-3.857688135921646,-.1337829718865657
362,3,256,-3.723905164035920,7.447810328071840,-2.768123157948936,-.9557820060869876
362,4,10,-1.812341151862328,3.624682303724656,-.9061705759311659,-.9061705759311621
363,1,784,.000000000000000,.000000000000000,-1.996613366566990,1.996613366566990
363,2,256,-3.993226733134269,7.986453466268538,-3.859479923729989,-.1337468094042808
363,3,256,-3.725733114326258,7.451466228652516,-2.769846147734207,-.9558869665920485
363,4,10,-1.813959181142418,3.627918362284837,-.9069795905712125,-.9069795905712059
364,1,784,.000000000000000,.000000000000000,-1.996231522968523,1.996231522968523
364,2,256,-3.992463045937631,7.984926091875263,-3.860184232448590,-.1322788134890422
364,3,256,-3.727905418960550,7.455810837921099,-2.775166738135785,-.9527386808247681
364,4,10,-1.822428057311460,3.644856114622920,-.9112140286557153,-.9112140286557447
365,1,784,.000000000000000,.000000000000000,-1.996339567574660,1.996339567574660
365,2,256,-3.992679135149648,7.985358270299296,-3.858591458741769,-.1340876764078779
365,3,256,-3.724503782333983,7.449007564667967,-2.761758292021315,-.9627454903126673
365,4,10,-1.799012801708416,3.598025603416833,-.8995064008542040,-.8995064008542123
366,1,784,.000000000000000,.000000000000000,-1.996170210217482,1.996170210217482
366,2,256,-3.992340420435509,7.984680840871018,-3.859613844158926,-.1327265762765817
366,3,256,-3.726887267883157,7.453774535766314,-2.762214255597315,-.9646730122858395
366,4,10,-1.797541243311739,3.595082486623478,-.8987706216558702,-.8987706216558687
367,1,784,.000000000000000,.000000000000000,-1.996218796858140,1.996218796858140
367,2,256,-3.992437593716191,7.984875187432381,-3.859414959891502,-.1330226338246903
367,3,256,-3.726392326066635,7.452784652133270,-2.767488212896649,-.9589041131699858
367,4,10,-1.808584099726537,3.617168199453073,-.9042920498632858,-.9042920498632505
368,1,784,.000000000000000,.000000000000000,-1.995467363787075,1.995467363787075
368,2,256,-3.990934727573876,7.981869455147751,-3.857397612512985,-.1335371150608886
368,3,256,-3.723860497451895,7.447720994903791,-2.769762301275955,-.9540981961759432
368,4,10,-1.815664105100085,3.631328210200171,-.9078320525500444,-.9078320525500411
369,1,784,.000000000000000,.000000000000000,-1.996586523003858,1.996586523003858
369,2,256,-3.993173046007367,7.986346092014734,-3.859594119227943,-.1335789267794256
369,3,256,-3.726015192448052,7.452030384896104,-2.782807066314835,-.9432081261332190
369,4,10,-1.839598940181503,3.679197880363007,-.9197994700907457,-.9197994700907575
370,1,784,.000000000000000,.000000000000000,-1.996994796248830,1.996994796248830
370,2,256,-3.993989592497681,7.987979184995361,-3.860280182065300,-.1337094104323821
370,3,256,-3.726570771632833,7.453141543265666,-2.765271933581290,-.9612988380515443
370,4,10,-1.803973095529646,3.607946191059291,-.9019865477648209,-.9019865477648246
371,1,784,.000000000000000,.000000000000000,-1.995615319493510,1.995615319493510
371,2,256,-3.991230638986531,7.982461277973062,-3.858803088163268,-.1324275508232613
371,3,256,-3.726375537339660,7.452751074679320,-2.770488444321403,-.9558870930182549
371,4,10,-1.814601351303273,3.629202702606547,-.9073006756516449,-.9073006756516286
372,1,784,.000000000000000,.000000000000000,-1.996281687257232,1.996281687257232
372,2,256,-3.992563374515187,7.985126749030374,-3.859408289035339,-.1331550854798473
372,3,256,-3.726253203556090,7.452506407112179,-2.766971282912771,-.9592819206433159
372,4,10,-1.807689362269336,3.615378724538671,-.9038446811346643,-.9038446811346713
373,1,784,.000000000000000,.000000000000000,-1.995750839289028,1.995750839289028
373,2,256,-3.991501678577660,7.983003357155320,-3.858162974133043,-.1333387044446155
373,3,256,-3.724824269688322,7.449648539376644,-2.766261300250559,-.9585629694377648
373,4,10,-1.807698330813077,3.615396661626153,-.9038491654065450,-.9038491654065316
374,1,784,.000000000000000,.000000000000000,-1.995958367337846,1.995958367337846
374,2,256,-3.991916734676284,7.983833469352567,-3.858476900557266,-.1334398341190154
374,3,256,-3.725037066438895,7.450074132877790,-2.767502174073872,-.9575348923650253
374,4,10,-1.809967281708894,3.619934563417787,-.9049836408544498,-.9049836408544438
375,1,784,.000000000000000,.000000000000000,-1.996324892830307,1.996324892830307
375,2,256,-3.992649785661344,7.985299571322688,-3.858990910107356,-.1336588755539896
375,3,256,-3.725332034554200,7.450664069108400,-2.777750566030545,-.9475814685236530
375,4,10,-1.830169097506992,3.660338195013984,-.9150845487534984,-.9150845487534932
376,1,784,.000000000000000,.000000000000000,-1.996385582541003,1.996385582541003
376,2,256,-3.992771165081298,7.985542330162597,-3.859161213454543,-.1336099516267516
376,3,256,-3.725551261827530,7.451102523655060,-2.759465755114181,-.9660855067133484
376,4,10,-1.793380248401269,3.586760496802537,-.8966901242006385,-.8966901242006298
377,1,784,.000000000000000,.000000000000000,-1.996255376279461,1.996255376279461
377,2,256,-3.992510752558965,7.985021505117930,-3.858878041579552,-.1336327109794122
377,3,256,-3.725245330599977,7.450490661199955,-2.778971946798502,-.9462733838014775
377,4,10,-1.832698562996818,3.665397125993635,-.9163492814984121,-.9163492814984057
378,1,784,.000000000000000,.000000000000000,-1.996223766552908,1.996223766552908
378,2,256,-3.992447533105460,7.984895066210919,-3.859231160975993,-.1332163721294703
378,3,256,-3.726014788846377,7.452029577692754,-2.767280177557990,-.9587346112883872
378,4,10,-1.808545566269829,3.617091132539657,-.9042727831349107,-.9042727831349180
379,1,784,.000000000000000,.000000000000000,-1.995753326560954,1.995753326560954
379,2,256,-3.991506653122066,7.983013306244131,-3.859745042224565,-.1317616108975005
379,3,256,-3.727983431327537,7.455966862655075,-2.765810025337608,-.9621734059899261
379,4,10,-1.803636619347983,3.607273238695966,-.9018183096739969,-.9018183096739859
380,1,784,.000000000000000,.000000000000000,-1.995865241795911,1.995865241795911
380,2,256,-3.991730483591649,7.983460967183299,-3.858451210849979,-.1332792727416688
380,3,256,-3.725171938108121,7.450343876216241,-2.769674473319323,-.9554974647887942
380,4,10,-1.814177008530521,3.628354017061043,-.9070885042652554,-.9070885042652654
381,1,784,.000000000000000,.000000000000000,-1.996606803283032,1.996606803283032
381,2,256,-3.993213606566435,7.986427213132870,-3.859536350951914,-.1336772556145213
381,3,256,-3.725859095337643,7.451718190675286,-2.761064110664990,-.9647949846726556
381,4,10,-1.796269125992183,3.592538251984366,-.8981345629961047,-.8981345629960784
382,1,784,.000000000000000,.000000000000000,-1.996852859635482,1.996852859635482
382,2,256,-3.993705719270945,7.987411438541890,-3.861410180942757,-.1322955383281826
382,3,256,-3.729114642614498,7.458229285228995,-2.776062645824801,-.9530519967896969
382,4,10,-1.823010649035053,3.646021298070106,-.9115053245175239,-.9115053245175292
383,1,784,.000000000000000,.000000000000000,-1.996568525628051,1.996568525628051
383,2,256,-3.993137051256209,7.986274102512418,-3.859563890237975,-.1335731610182350
383,3,256,-3.725990729220008,7.451981458440017,-2.766261487053031,-.9597292421669755
383,4,10,-1.806532244886229,3.613064489772458,-.9032661224431110,-.9032661224431177
384,1,784,.000000000000000,.000000000000000,-1.996648500354430,1.996648500354430
384,2,256,-3.993297000709345,7.986594001418689,-3.860256245669836,-.1330407550395100
384,3,256,-3.727215490630661,7.454430981261322,-2.767841911262559,-.9593735793681031
384,4,10,-1.808468331894300,3.616936663788600,-.9042341659471526,-.9042341659471476
385,1,784,.000000000000000,.000000000000000,-1.995319054474657,1.995319054474657
385,2,256,-3.990638108948682,7.981276217897364,-3.858019982293222,-.1326181266554594
385,3,256,-3.725401855637140,7.450803711274280,-2.765903368053830,-.9594984875833125
385,4,10,-1.806404880470522,3.612809760941044,-.9032024402352659,-.9032024402352561
386,1,784,.000000000000000,.000000000000000,-1.997174049763167,1.997174049763167
386,2,256,-3.994348099526713,7.988696199053425,-3.861659706380101,-.1326883931466143
386,3,256,-3.728971313233508,7.457942626467016,-2.806311329858683,-.9226599833748251
386,4,10,-1.883651346483493,3.767302692966987,-.9418256732417505,-.9418256732417432
387,1,784,.000000000000000,.000000000000000,-1.995954507561187,1.995954507561187
387,2,256,-3.991909015121724,7.983818030243447,-3.859511206262894,-.1323978088588295
387,3,256,-3.727113397403804,7.454226794807608,-2.784639440447216,-.9424739569565871
387,4,10,-1.842165483491027,3.684330966982054,-.9210827417455095,-.9210827417455173
388,1,784,.000000000000000,.000000000000000,-1.995189304525417,1.995189304525417
388,2,256,-3.990378609051086,7.980757218102172,-3.858132153916305,-.1322464551347846
388,3,256,-3.725885698782025,7.451771397564051,-2.763111682445520,-.9627740163365049
388,4,10,-1.800337666109258,3.600675332218516,-.9001688330546329,-.9001688330546256
389,1,784,.000000000000000,.000000000000000,-1.996358815930534,1.996358815930534
389,2,256,-3.992717631860339,7.985435263720679,-3.859793228347959,-.1329244035123815
389,3,256,-3.726868824834750,7.453737649669500,-2.766739585939457,-.9601292388952890
389,4,10,-1.806610347044084,3.613220694088168,-.9033051735220352,-.9033051735220485
390,1,784,.000000000000000,.000000000000000,-1.997082440056224,1.997082440056224
390,2,256,-3.994164880111755,7.988329760223509,-3.859738578083420,-.1344263020283364
390,3,256,-3.725312276054699,7.450624552109399,-2.765871371933384,-.9594409041213137
390,4,10,-1.806430467812364,3.612860935624727,-.9032152339061884,-.9032152339061755
391,1,784,.000000000000000,.000000000000000,-1.996299359864770,1.996299359864770
391,2,256,-3.992598719729598,7.985197439459196,-3.860501366092723,-.1320973536368704
391,3,256,-3.728404012455887,7.456808024911774,-2.773117208415642,-.9552868040402408
391,4,10,-1.817830404375385,3.635660808750771,-.9089152021876866,-.9089152021876986
392,1,784,.000000000000000,.000000000000000,-1.996590904685999,1.996590904685999
392,2,256,-3.993181809372350,7.986363618744700,-3.858987404824351,-.1341944045479971
392,3,256,-3.724793000276727,7.449586000553454,-2.778964012736732,-.9458289875399943
392,4,10,-1.833135025196748,3.666270050393496,-.9165675125983780,-.9165675125983699
393,1,784,.000000000000000,.000000000000000,-1.996063869486285,1.996063869486285
393,2,256,-3.992127738972669,7.984255477945339,-3.858996044454944,-.1331316945177287
393,3,256,-3.725864349937584,7.451728699875168,-2.777718699997383,-.9481456499402013
393,4,10,-1.829573050057465,3.659146100114931,-.9147865250287280,-.9147865250287374
394,1,784,.000000000000000,.000000000000000,-1.995867586019639,1.995867586019639
394,2,256,-3.991735172039480,7.983470344078960,-3.858770974550342,-.1329641974891367
394,3,256,-3.725806777061388,7.451613554122776,-2.761956736108875,-.9638500409525165
394,4,10,-1.798106695156324,3.596213390312649,-.8990533475781705,-.8990533475781538
395,1,784,.000000000000000,.000000000000000,-1.995954301376875,1.995954301376875
395,2,256,-3.991908602753595,7.983817205507189,-3.859955689768928,-.1319529129846646
395,3,256,-3.728002776784000,7.456005553568000,-2.774106269837657,-.9538965069463423
395,4,10,-1.820209762891217,3.640419525782435,-.9101048814456051,-.9101048814456127
396,1,784,.000000000000000,.000000000000000,-1.996828497076390,1.996828497076390
396,2,256,-3.993656994152969,7.987313988305939,-3.860845610802315,-.1328113833506556
396,3,256,-3.728034227451768,7.456068454903536,-2.770378382705003,-.9576558447467672
396,4,10,-1.812722537958145,3.625445075916290,-.9063612689790784,-.9063612689790663
397,1,784,.000000000000000,.000000000000000,-1.995675157418704,1.995675157418704
397,2,256,-3.991350314837771,7.982700629675542,-3.857833236647717,-.1335170781900580
397,3,256,-3.724316158457981,7.448632316915962,-2.766157022223837,-.9581591362341433
397,4,10,-1.807997885989649,3.615995771979298,-.9039989429948255,-.9039989429948232
398,1,784,.000000000000000,.000000000000000,-1.996242377826701,1.996242377826701
398,2,256,-3.992484755653293,7.984969511306586,-3.858950334901731,-.1335344207515662
398,3,256,-3.725415914149941,7.450831828299882,-2.763125419920768,-.9622904942291685
398,4,10,-1.800834925691501,3.601669851383003,-.9004174628457415,-.9004174628457597
399,1,784,.000000000000000,.000000000000000,-1.997338929043627,1.997338929043627
399,2,256,-3.994677858087912,7.989355716175824,-3.859938959867691,-.1347388982202194
399,3,256,-3.725200061647961,7.450400123295922,-2.762485389756625,-.9627146718913383
399,4,10,-1.799770717865092,3.599541435730185,-.8998853589325549,-.8998853589325373
400,1,784,.000000000000000,.000000000000000,-1.997091315435283,1.997091315435283
400,2,256,-3.994182630870431,7.988365261740863,-3.861085723003784,-.1330969078666472
400,3,256,-3.727988815137238,7.455977630274475,-2.769363947031509,-.9586248681057287
400,4,10,-1.810739078925990,3.621478157851980,-.9053695394630066,-.9053695394629834
401,1,784,.000000000000000,.000000000000000,-1.996015463323410,1.996015463323410
401,2,256,-3.992030926646716,7.984061853293431,-3.859368727182731,-.1326621994639848
401,3,256,-3.726706527718143,7.453413055436287,-2.762760923341163,-.9639456043769793
401,4,10,-1.798815318963674,3.597630637927347,-.8994076594818404,-.8994076594818332
402,1,784,.000000000000000,.000000000000000,-1.996429595165642,1.996429595165642
402,2,256,-3.992859190330966,7.985718380661932,-3.860212062765398,-.1326471275655682
402,3,256,-3.727564935199740,7.455129870399479,-2.770837152649345,-.9567277825503955
402,4,10,-1.814109370099171,3.628218740198342,-.9070546850495870,-.9070546850495841
403,1,784,.000000000000000,.000000000000000,-1.995825798369675,1.995825798369675
403,2,256,-3.991651596739335,7.983303193478670,-3.859298080144524,-.1323535165948074
403,3,256,-3.726944563549867,7.453889127099734,-2.766387437604116,-.9605571259457486
403,4,10,-1.805830311658546,3.611660623317092,-.9029151558292660,-.9029151558292801
404,1,784,.000000000000000,.000000000000000,-1.996136732388389,1.996136732388389
404,2,256,-3.992273464776485,7.984546929552971,-3.860286483331288,-.1319869814451979
404,3,256,-3.728299501885502,7.456599003771004,-2.763125596363313,-.9651739055221907
404,4,10,-1.797951690840851,3.595903381681701,-.8989758454204171,-.8989758454204334
405,1,784,.000000000000000,.000000000000000,-1.996290601489191,1.996290601489191
405,2,256,-3.992581202978568,7.985162405957136,-3.859596044841506,-.1329851581370631
405,3,256,-3.726610886704386,7.453221773408773,-2.767178382188448,-.9594325045159386
405,4,10,-1.807745877672266,3.615491755344533,-.9038729388361314,-.9038729388361347
406,1,784,.000000000000000,.000000000000000,-1.996892726819094,1.996892726819094
406,2,256,-3.993785453638265,7.987570907276529,-3.860063732780403,-.1337217208578599
406,3,256,-3.726342011922797,7.452684023845594,-2.774403940017269,-.9519380719055278
406,4,10,-1.822465868111936,3.644931736223872,-.9112329340559605,-.9112329340559754
407,1,784,.000000000000000,.000000000000000,-1.996165156766524,1.996165156766524
407,2,256,-3.992330313533162,7.984660627066323,-3.859460410059648,-.1328699034735176
407,3,256,-3.726590506586641,7.453181013173283,-2.764186358688481,-.9624041478981581
407,4,10,-1.801782210790724,3.603564421581448,-.9008911053953612,-.9008911053953628
408,1,784,.000000000000000,.000000000000000,-1.996184666118844,1.996184666118844
408,2,256,-3.992369332237558,7.984738664475117,-3.858113552398435,-.1342557798391256
408,3,256,-3.723857772559049,7.447715545118099,-2.769132596521675,-.9547251760373738
408,4,10,-1.814407420484173,3.628814840968345,-.9072037102420859,-.9072037102420869
409,1,784,.000000000000000,.000000000000000,-1.996351532151443,1.996351532151443
409,2,256,-3.992703064303398,7.985406128606796,-3.858737584127765,-.1339654801756349
409,3,256,-3.724772103952636,7.449544207905273,-2.777267965670261,-.9475041382823756
409,4,10,-1.829763827387863,3.659527654775725,-.9148819136939426,-.9148819136939202
410,1,784,.000000000000000,.000000000000000,-1.996596827728337,1.996596827728337
410,2,256,-3.993193655456773,7.986387310913545,-3.859398749936753,-.1337949055200205
410,3,256,-3.725603844416598,7.451207688833196,-2.766483849983989,-.9591199944326072
410,4,10,-1.807363855551140,3.614727711102280,-.9036819277755738,-.9036819277755666
411,1,784,.000000000000000,.000000000000000,-1.995952499604222,1.995952499604222
411,2,256,-3.991904999208164,7.983809998416328,-3.859538328526507,-.1323666706816568
411,3,256,-3.727171657845041,7.454343315690082,-2.760098030460159,-.9670736273848823
411,4,10,-1.793024403075750,3.586048806151500,-.8965122015378718,-.8965122015378783
412,1,784,.000000000000000,.000000000000000,-1.996373810065191,1.996373810065191
412,2,256,-3.992747620130402,7.985495240260803,-3.858224008847181,-.1345236112832195
412,3,256,-3.723700397564041,7.447400795128083,-2.776892827519960,-.9468075700440796
412,4,10,-1.830085257475960,3.660170514951920,-.9150426287379735,-.9150426287379865
413,1,784,.000000000000000,.000000000000000,-1.995536682797038,1.995536682797038
413,2,256,-3.991073365593541,7.982146731187082,-3.857989081962986,-.1330842836305574
413,3,256,-3.724904798331730,7.449809596663461,-2.772052731153055,-.9528520671786770
413,4,10,-1.819200663974202,3.638401327948404,-.9096003319871094,-.9096003319870926
414,1,784,.000000000000000,.000000000000000,-1.996408536775585,1.996408536775585
414,2,256,-3.992817073551148,7.985634147102296,-3.859446354237893,-.1333707193132549
414,3,256,-3.726075634924544,7.452151269849088,-2.762653731874461,-.9634219030500832
414,4,10,-1.799231828824316,3.598463657648632,-.8996159144121534,-.8996159144121626
415,1,784,.000000000000000,.000000000000000,-1.996430715085651,1.996430715085651
415,2,256,-3.992861430171364,7.985722860342728,-3.859264210226159,-.1335972199452037
415,3,256,-3.725666990281058,7.451333980562116,-2.764687024572102,-.9609799657089568
415,4,10,-1.803707058863184,3.607414117726369,-.9018535294315939,-.9018535294315901
416,1,784,.000000000000000,.000000000000000,-1.995548076204863,1.995548076204863
416,2,256,-3.991096152410152,7.982192304820305,-3.857403340323363,-.1336928120867868
416,3,256,-3.723710528237426,7.447421056474853,-2.768389660876205,-.9553208673612188
416,4,10,-1.813068793515415,3.626137587030831,-.9065343967577062,-.9065343967577087
417,1,784,.000000000000000,.000000000000000,-1.996548280421653,1.996548280421653
417,2,256,-3.993096560842552,7.986193121685105,-3.860808549236119,-.1322880116064370
417,3,256,-3.728520537628786,7.457041075257571,-2.776577367471043,-.9519431701577400
417,4,10,-1.824634197313160,3.649268394626320,-.9123170986565819,-.9123170986565782
418,1,784,.000000000000000,.000000000000000,-1.995824318874897,1.995824318874897
418,2,256,-3.991648637749398,7.983297275498797,-3.858684450484211,-.1329641872651885
418,3,256,-3.725720263218590,7.451440526437179,-2.761167263971834,-.9645529992467562
418,4,10,-1.796614264725051,3.593228529450102,-.8983071323625160,-.8983071323625352
419,1,784,.000000000000000,.000000000000000,-1.995779379437597,1.995779379437597
419,2,256,-3.991558758875647,7.983117517751294,-3.858528805484964,-.1330299533906804
419,3,256,-3.725498852094664,7.450997704189328,-2.762461458598183,-.9630373934964833
419,4,10,-1.799424065101629,3.598848130203258,-.8997120325508114,-.8997120325508174
420,1,784,.000000000000000,.000000000000000,-1.995830864480519,1.995830864480519
420,2,256,-3.991661728961983,7.983323457923966,-3.859065400721064,-.1325963282409162
420,3,256,-3.726469072480930,7.452938144961859,-2.791509606383612,-.9349594660973162
420,4,10,-1.856550140286148,3.713100280572297,-.9282750701430686,-.9282750701430800
421,1,784,.000000000000000,.000000000000000,-1.996635725769235,1.996635725769235
421,2,256,-3.993271451538903,7.986542903077806,-3.860032665001762,-.1332387865371408
421,3,256,-3.726793878464851,7.453587756929702,-2.771797282444422,-.9549965960204310
421,4,10,-1.816800686423782,3.633601372847563,-.9084003432118930,-.9084003432118889
422,1,784,.000000000000000,.000000000000000,-1.996397151916499,1.996397151916499
422,2,256,-3.992794303833463,7.985588607666926,-3.859617605064594,-.1331766987688687
422,3,256,-3.726440906296411,7.452881812592822,-2.767773544499619,-.9586673617967936
422,4,10,-1.809106182703061,3.618212365406121,-.9045530913515268,-.9045530913515335
423,1,784,.000000000000000,.000000000000000,-1.995703042113677,1.995703042113677
423,2,256,-3.991406084227320,7.982812168454640,-3.859326742699954,-.1320793415273637
423,3,256,-3.727247401172755,7.454494802345510,-2.771431958342757,-.9558154428299962
423,4,10,-1.815616515512975,3.631233031025951,-.9078082577564820,-.9078082577564935
424,1,784,.000000000000000,.000000000000000,-1.996092615552850,1.996092615552850
424,2,256,-3.992185231105724,7.984370462211448,-3.860137056754682,-.1320481743510408
424,3,256,-3.728088882403472,7.456177764806944,-2.763542634582527,-.9645462478209427
424,4,10,-1.798996386761375,3.597992773522749,-.8994981933806987,-.8994981933806758
425,1,784,.000000000000000,.000000000000000,-1.996130917047482,1.996130917047482
425,2,256,-3.992261834094958,7.984523668189915,-3.859148196410369,-.1331136376845908
425,3,256,-3.726034558725974,7.452069117451948,-2.777651824397772,-.9483827343282006
425,4,10,-1.829269090069777,3.658538180139555,-.9146345450348851,-.9146345450348922
426,1,784,.000000000000000,.000000000000000,-1.995878846998507,1.995878846998507
426,2,256,-3.991757693996974,7.983515387993949,-3.858484509070371,-.1332731849266056
426,3,256,-3.725211324143490,7.450422648286979,-2.770238966567040,-.9549723575764500
426,4,10,-1.815266608990361,3.630533217980721,-.9076333044951752,-.9076333044951852
427,1,784,.000000000000000,.000000000000000,-1.995978391025325,1.995978391025325
427,2,256,-3.991956782051095,7.983913564102190,-3.859741770652992,-.1322150113981038
427,3,256,-3.727526759255428,7.455053518510857,-2.777384515483268,-.9501422437721629
427,4,10,-1.827242271711194,3.654484543422388,-.9136211358555952,-.9136211358555986
428,1,784,.000000000000000,.000000000000000,-1.996143379749824,1.996143379749824
428,2,256,-3.992286759500327,7.984573519000654,-3.859728255657285,-.1325585038430427
428,3,256,-3.727169751815326,7.454339503630652,-2.763036034572965,-.9641337172423635
428,4,10,-1.798902317331006,3.597804634662013,-.8994511586655030,-.8994511586655036
429,1,784,.000000000000000,.000000000000000,-1.996430239448546,1.996430239448546
429,2,256,-3.992860478896842,7.985720957793684,-3.858459399023858,-.1344010798729808
429,3,256,-3.724058319150757,7.448116638301514,-2.762268570921887,-.9617897482288724
429,4,10,-1.800478822693135,3.600957645386271,-.9002394113465727,-.9002394113465627
430,1,784,.000000000000000,.000000000000000,-1.996173838329375,1.996173838329375
430,2,256,-3.992347676658925,7.984695353317851,-3.858720748745295,-.1336269279136343
430,3,256,-3.725093820831153,7.450187641662307,-2.757626015166180,-.9674678056649749
430,4,10,-1.790158209500518,3.580316419001036,-.8950791047502580,-.8950791047502600
431,1,784,.000000000000000,.000000000000000,-1.996716318394851,1.996716318394851
431,2,256,-3.993432636789418,7.986865273578836,-3.860096578268581,-.1333360585208373
431,3,256,-3.726760519747451,7.453521039494902,-2.769054585041099,-.9577059347063493
431,4,10,-1.811348650334736,3.622697300669471,-.9056743251673749,-.9056743251673607
432,1,784,.000000000000000,.000000000000000,-1.996276372608743,1.996276372608743
432,2,256,-3.992552745217079,7.985105490434157,-3.860261717792074,-.1322910274250018
432,3,256,-3.727970690366403,7.455941380732805,-2.763965675125052,-.9640050152413532
432,4,10,-1.799960659883435,3.599921319766870,-.8999803299417169,-.8999803299417176
433,1,784,.000000000000000,.000000000000000,-1.996219899219598,1.996219899219598
433,2,256,-3.992439798439536,7.984879596879072,-3.860287863066414,-.1321519353731202
433,3,256,-3.728135927693812,7.456271855387624,-2.781752060114077,-.9463838675797374
433,4,10,-1.835368192534523,3.670736385069046,-.9176840962672594,-.9176840962672635
434,1,784,.000000000000000,.000000000000000,-1.996073380061316,1.996073380061316
434,2,256,-3.992146760122463,7.984293520244925,-3.858615274552365,-.1335314855701009
434,3,256,-3.725083788982641,7.450167577965281,-2.783283300770885,-.9418004882117527
434,4,10,-1.841482812559677,3.682965625119354,-.9207414062798411,-.9207414062798360
435,1,784,.000000000000000,.000000000000000,-1.996054609332400,1.996054609332400
435,2,256,-3.992109218664924,7.984218437329847,-3.858498693436240,-.1336105252286848
435,3,256,-3.724888168207548,7.449776336415097,-2.770662198942324,-.9542259692652214
435,4,10,-1.816436229676972,3.632872459353945,-.9082181148384871,-.9082181148384851
436,1,784,.000000000000000,.000000000000000,-1.996352715318855,1.996352715318855
436,2,256,-3.992705430637743,7.985410861275486,-3.858809214376054,-.1338962162616874
436,3,256,-3.724912998114486,7.449825996228973,-2.776296519607512,-.9486164785069738
436,4,10,-1.827680041100648,3.655360082201296,-.9138400205503159,-.9138400205503323
437,1,784,.000000000000000,.000000000000000,-1.995799871108520,1.995799871108520
437,2,256,-3.991599742217386,7.983199484434771,-3.858673090574069,-.1329266516433169
437,3,256,-3.725746438931195,7.451492877862389,-2.783766204784425,-.9419802341467690
437,4,10,-1.841785970637739,3.683571941275478,-.9208929853188733,-.9208929853188660
438,1,784,.000000000000000,.000000000000000,-1.995371237944498,1.995371237944498
438,2,256,-3.990742475889335,7.981484951778670,-3.857666519374960,-.1330759565143749
438,3,256,-3.724590562861132,7.449181125722264,-2.764473297293304,-.9601172655678283
438,4,10,-1.804356031725697,3.608712063451395,-.9021780158628416,-.9021780158628558
439,1,784,.000000000000000,.000000000000000,-1.995717147181303,1.995717147181303
439,2,256,-3.991434294363201,7.982868588726403,-3.857704025860745,-.1337302685024517
439,3,256,-3.723973757358982,7.447947514717963,-2.774752115054003,-.9492216423049800
439,4,10,-1.825530472749104,3.651060945498207,-.9127652363745576,-.9127652363745455
440,1,784,.000000000000000,.000000000000000,-1.996910940358490,1.996910940358490
440,2,256,-3.993821880716963,7.987643761433926,-3.859863156996302,-.1339587237206618
440,3,256,-3.725904433275591,7.451808866551183,-2.774481168967653,-.9514232643079366
440,4,10,-1.823057904659681,3.646115809319361,-.9115289523298435,-.9115289523298371
441,1,784,.000000000000000,.000000000000000,-1.996378806535084,1.996378806535084
441,2,256,-3.992757613069483,7.985515226138966,-3.859231681201714,-.1335259318677681
441,3,256,-3.725705749333320,7.451411498666640,-2.776464464511704,-.9492412848216156
441,4,10,-1.827223179690142,3.654446359380285,-.9136115898450718,-.9136115898450701
442,1,784,.000000000000000,.000000000000000,-1.996386824951286,1.996386824951286
442,2,256,-3.992773649902118,7.985547299804237,-3.858703055062652,-.1340705948394647
442,3,256,-3.724632460222521,7.449264920445041,-2.773855826197385,-.9507766340251363
442,4,10,-1.823079192172031,3.646158384344063,-.9115395960860152,-.9115395960860161
443,1,784,.000000000000000,.000000000000000,-1.995992600279783,1.995992600279783
443,2,256,-3.991985200559069,7.983970401118139,-3.858529304416910,-.1334558961421627
443,3,256,-3.725073408273998,7.450146816547996,-2.773777306103080,-.9512961021709185
443,4,10,-1.822481203931930,3.644962407863861,-.9112406019659522,-.9112406019659782
444,1,784,.000000000000000,.000000000000000,-1.996194661270571,1.996194661270571
444,2,256,-3.992389322541313,7.984778645082627,-3.858702556887416,-.1336867656538953
444,3,256,-3.725015791233719,7.450031582467438,-2.762852308821543,-.9621634824121774
444,4,10,-1.800688826409387,3.601377652818774,-.9003444132046979,-.9003444132046892
445,1,784,.000000000000000,.000000000000000,-1.996431340759690,1.996431340759690
445,2,256,-3.992862681519505,7.985725363039010,-3.859289928126544,-.1335727533929604
445,3,256,-3.725717174733904,7.451434349467808,-2.773662839103384,-.9520543356305229
445,4,10,-1.821608503473059,3.643217006946119,-.9108042517365317,-.9108042517365278
446,1,784,.000000000000000,.000000000000000,-1.996348917209325,1.996348917209325
446,2,256,-3.992697834419017,7.985395668838033,-3.860132253573068,-.1325655808459435
446,3,256,-3.727566672727269,7.455133345454539,-2.770978368142940,-.9565883045843308
446,4,10,-1.814390063558409,3.628780127116818,-.9071950317791958,-.9071950317792132
447,1,784,.000000000000000,.000000000000000,-1.995874429286124,1.995874429286124
447,2,256,-3.991748858571545,7.983497717143090,-3.859288097957884,-.1324607606136597
447,3,256,-3.726827337343375,7.453654674686750,-2.774839218967351,-.9519881183760242
447,4,10,-1.822851100591184,3.645702201182367,-.9114255502955917,-.9114255502955917
448,1,784,.000000000000000,.000000000000000,-1.996123215288817,1.996123215288817
448,2,256,-3.992246430577380,7.984492861154760,-3.858532575280594,-.1337138552967842
448,3,256,-3.724818719983335,7.449637439966670,-2.766439116308663,-.9583796036746759
448,4,10,-1.808059512633773,3.616119025267546,-.9040297563168838,-.9040297563168892
449,1,784,.000000000000000,.000000000000000,-1.996331199422708,1.996331199422708
449,2,256,-3.992662398845309,7.985324797690619,-3.859585483243602,-.1330769156017088
449,3,256,-3.726508567641790,7.453017135283581,-2.779017309875504,-.9474912577662868
449,4,10,-1.831526052109233,3.663052104218466,-.9157630260546138,-.9157630260546192
450,1,784,.000000000000000,.000000000000000,-1.996057895871093,1.996057895871093
450,2,256,-3.992115791742113,7.984231583484226,-3.859060784009101,-.1330550077330146
450,3,256,-3.726005776275885,7.452011552551770,-2.781604552488206,-.9444012237876759
450,4,10,-1.837203328700407,3.674406657400814,-.9186016643501995,-.9186016643502070
451,1,784,.000000000000000,.000000000000000,-1.996810802943656,1.996810802943656
451,2,256,-3.993621605887405,7.987243211774810,-3.859495227966400,-.1341263779210049
451,3,256,-3.725368850045179,7.450737700090358,-2.762532901070753,-.9628359489744275
451,4,10,-1.799696952096026,3.599393904192052,-.8998484760480088,-.8998484760480172
452,1,784,.000000000000000,.000000000000000,-1.996142892922256,1.996142892922256
452,2,256,-3.992285785844969,7.984571571689939,-3.858716791345034,-.1335689944999368
452,3,256,-3.725147796845750,7.450295593691500,-2.774538496861555,-.9506092999841945
452,4,10,-1.823929196877560,3.647858393755121,-.9119645984387805,-.9119645984387797
453,1,784,.000000000000000,.000000000000000,-1.995889078924838,1.995889078924838
453,2,256,-3.991778157850071,7.983556315700143,-3.859269952897692,-.1325082049523766
453,3,256,-3.726761747945824,7.453523495891648,-2.769509759616400,-.9572519883294243
453,4,10,-1.812257771287083,3.624515542574166,-.9061288856435492,-.9061288856435340
454,1,784,.000000000000000,.000000000000000,-1.995904160871248,1.995904160871248
454,2,256,-3.991808321742154,7.983616643484308,-3.858703750693305,-.1331045710488497
454,3,256,-3.725599179644369,7.451198359288738,-2.778081114138206,-.9475180655061620
454,4,10,-1.830563048632281,3.661126097264563,-.9152815243161486,-.9152815243161330
455,1,784,.000000000000000,.000000000000000,-1.995392700725695,1.995392700725695
455,2,256,-3.990785401451062,7.981570802902125,-3.858824285496429,-.1319611159546358
455,3,256,-3.726863169541352,7.453726339082705,-2.793296321330031,-.9335668482113207
455,4,10,-1.859729473118592,3.719458946237184,-.9298647365593030,-.9298647365592891
456,1,784,.000000000000000,.000000000000000,-1.995681531860817,1.995681531860817
456,2,256,-3.991363063722062,7.982726127444124,-3.858376905945414,-.1329861577766490
456,3,256,-3.725390748169286,7.450781496338571,-2.769133537733970,-.9562572104353155
456,4,10,-1.812876327298744,3.625752654597489,-.9064381636493706,-.9064381636493740
457,1,784,.000000000000000,.000000000000000,-1.996427374090911,1.996427374090911
457,2,256,-3.992854748182107,7.985709496364215,-3.858725193396515,-.1341295547855932
457,3,256,-3.724595638611275,7.449191277222551,-2.775205693103819,-.9493899455074563
457,4,10,-1.825815747596441,3.651631495192882,-.9129078737982198,-.9129078737982211
458,1,784,.000000000000000,.000000000000000,-1.995999954302341,1.995999954302341
458,2,256,-3.991999908604798,7.983999817209597,-3.858376021752049,-.1336238868527487
458,3,256,-3.724752134899379,7.449504269798759,-2.770596045611071,-.9541560892883085
458,4,10,-1.816439956322733,3.632879912645466,-.9082199781613634,-.9082199781613697
459,1,784,.000000000000000,.000000000000000,-1.996810890705351,1.996810890705351
459,2,256,-3.993621781410791,7.987243562821583,-3.859614248464529,-.1340075329462600
459,3,256,-3.725606715518500,7.451213431036999,-2.783331073629710,-.9422756418887883
459,4,10,-1.841055431741061,3.682110863482122,-.9205277158705276,-.9205277158705333
460,1,784,.000000000000000,.000000000000000,-1.996153822061583,1.996153822061583
460,2,256,-3.992307644122990,7.984615288245980,-3.859094651230337,-.1332129928926500
460,3,256,-3.725881658337260,7.451763316674520,-2.770780558252478,-.9551011000847807
460,4,10,-1.815679458167447,3.631358916334895,-.9078397290837237,-.9078397290837237
461,1,784,.000000000000000,.000000000000000,-1.996405352711849,1.996405352711849
461,2,256,-3.992810705423704,7.985621410847408,-3.860009008893357,-.1328016965303447
461,3,256,-3.727207312362705,7.454414624725409,-2.769016331017448,-.9581909813452587
461,4,10,-1.810825349671867,3.621650699343734,-.9054126748359336,-.9054126748359335
462,1,784,.000000000000000,.000000000000000,-1.996415573256099,1.996415573256099
462,2,256,-3.992831146512212,7.985662293024425,-3.859512933436658,-.1333182130755557
462,3,256,-3.726194720360846,7.452389440721692,-2.769223461323470,-.9569712590373788
462,4,10,-1.812252202285810,3.624504404571620,-.9061261011429124,-.9061261011428978
463,1,784,.000000000000000,.000000000000000,-1.996501250847210,1.996501250847210
463,2,256,-3.993002501694070,7.986005003388140,-3.859664982464134,-.1333375192299347
463,3,256,-3.726327463233733,7.452654926467466,-2.761850217964637,-.9644772452690928
463,4,10,-1.797372972695417,3.594745945390834,-.8986864863477133,-.8986864863477037
464,1,784,.000000000000000,.000000000000000,-1.996040105001837,1.996040105001837
464,2,256,-3.992080210003591,7.984160420007183,-3.859650366456761,-.1324298435468334
464,3,256,-3.727220522909875,7.454441045819750,-2.765600660576244,-.9616198623336309
464,4,10,-1.803980798242664,3.607961596485327,-.9019903991213206,-.9019903991213430
465,1,784,.000000000000000,.000000000000000,-1.996132182250585,1.996132182250585
465,2,256,-3.992264364501672,7.984528729003345,-3.859409258247312,-.1328551062543610
465,3,256,-3.726554151993621,7.453108303987243,-2.777095985098538,-.9494581668950850
465,4,10,-1.827637818203597,3.655275636407194,-.9138189091018084,-.9138189091017884
466,1,784,.000000000000000,.000000000000000,-1.996546751119259,1.996546751119259
466,2,256,-3.993093502238107,7.986187004476214,-3.860125596571837,-.1329679056662680
466,3,256,-3.727157690905219,7.454315381810439,-2.788868399227347,-.9382892916778754
466,4,10,-1.850579107549520,3.701158215099040,-.9252895537747650,-.9252895537747552
467,1,784,.000000000000000,.000000000000000,-1.996325516210256,1.996325516210256
467,2,256,-3.992651032420216,7.985302064840432,-3.858589361598182,-.1340616708220331
467,3,256,-3.724527690776190,7.449055381552380,-2.766059808483736,-.9584678822924554
467,4,10,-1.807591926191616,3.615183852383232,-.9037959630958089,-.9037959630958070
468,1,784,.000000000000000,.000000000000000,-1.995919301612635,1.995919301612635
468,2,256,-3.991838603225586,7.983677206451172,-3.858275452708560,-.1335631505170262
468,3,256,-3.724712302191906,7.449424604383811,-2.773409005833717,-.9513032963581886
468,4,10,-1.822105709475571,3.644211418951141,-.9110528547377938,-.9110528547377769
469,1,784,.000000000000000,.000000000000000,-1.996442566390996,1.996442566390996
469,2,256,-3.992885132781363,7.985770265562727,-3.859381483059330,-.1335036497220297
469,3,256,-3.725877833336827,7.451755666673654,-2.761657208906429,-.9642206244303967
469,4,10,-1.797436584476197,3.594873168952395,-.8987182922380930,-.8987182922381040
470,1,784,.000000000000000,.000000000000000,-1.995917247182516,1.995917247182516
470,2,256,-3.991834494365284,7.983668988730568,-3.858293241065957,-.1335412532993277
470,3,256,-3.724751987766696,7.449503975533393,-2.780651312095421,-.9441006756712744
470,4,10,-1.836550636423942,3.673101272847884,-.9182753182119804,-.9182753182119615
471,1,784,.000000000000000,.000000000000000,-1.995930373334411,1.995930373334411
471,2,256,-3.991860746669472,7.983721493338945,-3.859095315834070,-.1327654308353967
471,3,256,-3.726329884999354,7.452659769998708,-2.764281846735544,-.9620480382638104
471,4,10,-1.802233808471779,3.604467616943558,-.9011169042358828,-.9011169042358961
472,1,784,.000000000000000,.000000000000000,-1.996379677864345,1.996379677864345
472,2,256,-3.992759355728110,7.985518711456221,-3.860346062867365,-.1324132928607475
472,3,256,-3.727932770005968,7.455865540011937,-2.769783011507200,-.9581497584987697
472,4,10,-1.811633253008383,3.623266506016766,-.9058166265041824,-.9058166265042006
473,1,784,.000000000000000,.000000000000000,-1.996291474503177,1.996291474503177
473,2,256,-3.992582949006112,7.985165898012225,-3.859633134130643,-.1329498148754625
473,3,256,-3.726683319254539,7.453366638509078,-2.777207298570019,-.9494760206845184
473,4,10,-1.827731277885106,3.655462555770211,-.9138656389425515,-.9138656389425542
474,1,784,.000000000000000,.000000000000000,-1.995543288343671,1.995543288343671
474,2,256,-3.991086576687175,7.982173153374349,-3.858738601077475,-.1323479756096957
474,3,256,-3.726390625467674,7.452781250935349,-2.769321154770586,-.9570694706970886
474,4,10,-1.812251684073553,3.624503368147107,-.9061258420367795,-.9061258420367739
475,1,784,.000000000000000,.000000000000000,-1.996301159537698,1.996301159537698
475,2,256,-3.992602319076096,7.985204638152193,-3.859927147392347,-.1326751716837512
475,3,256,-3.727251975709378,7.454503951418755,-2.775979262597509,-.9512727131118699
475,4,10,-1.824706549485744,3.649413098971487,-.9123532747428631,-.9123532747428803
476,1,784,.000000000000000,.000000000000000,-1.996239573327342,1.996239573327342
476,2,256,-3.992479146654808,7.984958293309615,-3.860114669055748,-.1323644775990624
476,3,256,-3.727750191456945,7.455500382913890,-2.763576835192208,-.9641733562647351
476,4,10,-1.799403478927598,3.598806957855196,-.8997017394637986,-.8997017394637994
477,1,784,.000000000000000,.000000000000000,-1.996411609559174,1.996411609559174
477,2,256,-3.992823219118736,7.985646438237473,-3.859298215412952,-.1335250037057789
477,3,256,-3.725773211707481,7.451546423414962,-2.765688411580713,-.9600848001267671
477,4,10,-1.805603611453859,3.611207222907719,-.9028018057269290,-.9028018057269304
478,1,784,.000000000000000,.000000000000000,-1.995940272526542,1.995940272526542
478,2,256,-3.991880545053390,7.983761090106780,-3.859402144301190,-.1324784007522019
478,3,256,-3.726923743549153,7.453847487098306,-2.773623292458724,-.9533004510904313
478,4,10,-1.820322841368121,3.640645682736241,-.9101614206840736,-.9101614206840467
479,1,784,.000000000000000,.000000000000000,-1.996180957449774,1.996180957449774
479,2,256,-3.992361914899171,7.984723829798343,-3.858257801000255,-.1341041138989141
479,3,256,-3.724153687100542,7.448307374201083,-2.759762010948661,-.9643916761518835
479,4,10,-1.795370334796361,3.590740669592723,-.8976851673981847,-.8976851673981767
480,1,784,.000000000000000,.000000000000000,-1.995875748935071,1.995875748935071
480,2,256,-3.991751497869756,7.983502995739512,-3.859126699232930,-.1326247986368232
480,3,256,-3.726501900595566,7.453003801191132,-2.763976031858860,-.9625258687367065
480,4,10,-1.801450163122007,3.602900326244014,-.9007250815609986,-.9007250815610086
481,1,784,.000000000000000,.000000000000000,-1.995432912820994,1.995432912820994
481,2,256,-3.990865825641849,7.981731651283699,-3.858439790724384,-.1324260349174640
481,3,256,-3.726013755806816,7.452027511613632,-2.773534391650562,-.9524793641562552
481,4,10,-1.821055027494372,3.642110054988743,-.9105275137471709,-.9105275137472006
482,1,784,.000000000000000,.000000000000000,-1.996567103487656,1.996567103487656
482,2,256,-3.993134206975020,7.986268413950040,-3.860782430863888,-.1323517761111339
482,3,256,-3.728430654752516,7.456861309505031,-2.770372808864285,-.9580578458882317
482,4,10,-1.812314962976108,3.624629925952215,-.9061574814880563,-.9061574814880512
483,1,784,.000000000000000,.000000000000000,-1.995362378598540,1.995362378598540
483,2,256,-3.990724757196909,7.981449514393819,-3.858299606523404,-.1324251506735062
483,3,256,-3.725874455849964,7.451748911699928,-2.786409418221989,-.9394650376279748
483,4,10,-1.846944380594234,3.693888761188468,-.9234721902971259,-.9234721902971076
484,1,784,.000000000000000,.000000000000000,-1.995863542283844,1.995863542283844
484,2,256,-3.991727084567844,7.983454169135689,-3.858391851409900,-.1333352331579464
484,3,256,-3.725056618252089,7.450113236504177,-2.770982521548593,-.9540740967034946
484,4,10,-1.816908424845071,3.633816849690141,-.9084542124225353,-.9084542124225354
485,1,784,.000000000000000,.000000000000000,-1.996095611012354,1.996095611012354
485,2,256,-3.992191222024990,7.984382444049980,-3.858412887142239,-.1337783348827488
485,3,256,-3.724634552260115,7.449269104520229,-2.770023207796852,-.9546113444632626
485,4,10,-1.815411863333920,3.630823726667841,-.9077059316669672,-.9077059316669533
486,1,784,.000000000000000,.000000000000000,-1.995950712173550,1.995950712173550
486,2,256,-3.991901424346661,7.983802848693322,-3.858538446456773,-.1333629778898850
486,3,256,-3.725175468566285,7.450350937132570,-2.776809737114243,-.9483657314520425
486,4,10,-1.828444005662039,3.656888011324079,-.9142220028310160,-.9142220028310232
487,1,784,.000000000000000,.000000000000000,-1.995945250183183,1.995945250183183
487,2,256,-3.991890500367168,7.983781000734336,-3.859778584279630,-.1321119160875452
487,3,256,-3.727666668192862,7.455333336385723,-2.771202663723172,-.9564640044696870
487,4,10,-1.814738659253474,3.629477318506949,-.9073693296267261,-.9073693296267485
488,1,784,.000000000000000,.000000000000000,-1.996639377315394,1.996639377315394
488,2,256,-3.993278754630842,7.986557509261685,-3.859624443057078,-.1336543115737652
488,3,256,-3.725970131483333,7.451940262966666,-2.775988587192017,-.9499815442913155
488,4,10,-1.826007042900678,3.652014085801357,-.9130035214503316,-.9130035214503469
489,1,784,.000000000000000,.000000000000000,-1.995826985095435,1.995826985095435
489,2,256,-3.991653970191013,7.983307940382026,-3.857624319142859,-.1340296510481545
489,3,256,-3.723594668094940,7.447189336189880,-2.773034155314654,-.9505605127802880
489,4,10,-1.822473642534468,3.644947285068936,-.9112368212672279,-.9112368212672399
490,1,784,.000000000000000,.000000000000000,-1.995932077467856,1.995932077467856
490,2,256,-3.991864154935528,7.983728309871056,-3.858919793856495,-.1329443610790360
490,3,256,-3.725975432776948,7.451950865553895,-2.765957899903031,-.9600175328739157
490,4,10,-1.805940367028772,3.611880734057545,-.9029701835143926,-.9029701835143802
491,1,784,.000000000000000,.000000000000000,-1.995991659650658,1.995991659650658
491,2,256,-3.991983319301617,7.983966638603233,-3.859130777407429,-.1328525418941869
491,3,256,-3.726278235513428,7.452556471026855,-2.769435202531310,-.9568430329821173
491,4,10,-1.812592169549059,3.625184339098118,-.9062960847745400,-.9062960847745184
492,1,784,.000000000000000,.000000000000000,-1.996546462009198,1.996546462009198
492,2,256,-3.993092924017831,7.986185848035663,-3.859589292221020,-.1335036317968107
492,3,256,-3.726085660423449,7.452171320846898,-2.772825794958680,-.9532598654647674
492,4,10,-1.819565929493685,3.639131858987371,-.9097829647468573,-.9097829647468286
493,1,784,.000000000000000,.000000000000000,-1.996270357619500,1.996270357619500
493,2,256,-3.992540715239479,7.985081430478958,-3.859467590326348,-.1330731249131318
493,3,256,-3.726394465413878,7.452788930827756,-2.773061880390248,-.9533325850236306
493,4,10,-1.819729295366817,3.639458590733634,-.9098646476833979,-.9098646476834192
494,1,784,.000000000000000,.000000000000000,-1.995701977987198,1.995701977987198
494,2,256,-3.991403955974446,7.982807911948893,-3.858294246435559,-.1331097095388872
494,3,256,-3.725184536896809,7.450369073793619,-2.762783069677421,-.9624014672193894
494,4,10,-1.800381602458116,3.600763204916231,-.9001908012290611,-.9001908012290543
495,1,784,.000000000000000,.000000000000000,-1.995538398567768,1.995538398567768
495,2,256,-3.991076797135509,7.982153594271018,-3.859634288657418,-.1314425084780928
495,3,256,-3.728191780179389,7.456383560358779,-2.758850462654705,-.9693413175246814
495,4,10,-1.789509145130111,3.579018290260222,-.8947545725650565,-.8947545725650545
496,1,784,.000000000000000,.000000000000000,-1.996118314631124,1.996118314631124
496,2,256,-3.992236629262643,7.984473258525287,-3.860244840465034,-.1319917887976103
496,3,256,-3.728253051667424,7.456506103334847,-2.762068660750056,-.9661843909173663
496,4,10,-1.795884269832300,3.591768539664599,-.8979421349161489,-.8979421349161506
497,1,784,.000000000000000,.000000000000000,-1.996535410243398,1.996535410243398
497,2,256,-3.993070820486778,7.986141640973555,-3.858857981896159,-.1342128385906159
497,3,256,-3.724645143305421,7.449290286610841,-2.773882338771084,-.9507628045343354
497,4,10,-1.823119534236646,3.646239068473292,-.9115597671183272,-.9115597671183187
498,1,784,.000000000000000,.000000000000000,-1.996194417757928,1.996194417757928
498,2,256,-3.992388835516792,7.984777671033584,-3.858928578967527,-.1334602565492646
498,3,256,-3.725468322418750,7.450936644837499,-2.783839598594351,-.9416287238243992
498,4,10,-1.842210874769515,3.684421749539029,-.9211054373847523,-.9211054373847624
499,1,784,.000000000000000,.000000000000000,-1.995934383301357,1.995934383301357
499,2,256,-3.991868766602215,7.983737533204430,-3.858706943027162,-.1331618235750525
499,3,256,-3.725545119451719,7.451090238903437,-2.767047676802716,-.9584974426490021
499,4,10,-1.808550234153828,3.617100468307657,-.9042751170769120,-.9042751170769163
500,1,784,.000000000000000,.000000000000000,-1.995767145772638,1.995767145772638
500,2,256,-3.991534291545367,7.983068583090733,-3.857694324686237,-.1338399668591287
500,3,256,-3.723854357827082,7.447708715654163,-2.763405704774479,-.9604486530526016
500,4,10,-1.802957051721756,3.605914103443513,-.9014785258608757,-.9014785258608806
501,1,784,.000000000000000,.000000000000000,-1.996379539899807,1.996379539899807
501,2,256,-3.992759079799313,7.985518159598626,-3.859224219375572,-.1335348604237423
501,3,256,-3.725689358951589,7.451378717903178,-2.760021801532633,-.9656675574189607
501,4,10,-1.794354244113713,3.588708488227426,-.8971771220568674,-.8971771220568457
502,1,784,.000000000000000,.000000000000000,-1.995879547074297,1.995879547074297
502,2,256,-3.991759094148336,7.983518188296672,-3.858941037836985,-.1328180563113475
502,3,256,-3.726122981525218,7.452245963050435,-2.759929612078482,-.9661933694467367
502,4,10,-1.793736242631575,3.587472485263151,-.8968681213157907,-.8968681213157846
503,1,784,.000000000000000,.000000000000000,-1.996255191836326,1.996255191836326
503,2,256,-3.992510383673206,7.985020767346413,-3.859485754606610,-.1330246290665960
503,3,256,-3.726461125540328,7.452922251080656,-2.772661845512645,-.9537992800276835
503,4,10,-1.818862565484723,3.637725130969447,-.9094312827423623,-.9094312827423611
504,1,784,.000000000000000,.000000000000000,-1.995975310055457,1.995975310055457
504,2,256,-3.991950620110517,7.983901240221034,-3.859028630616213,-.1329219894943030
504,3,256,-3.726106641121313,7.452213282242625,-2.766011201212897,-.9600954399084132
504,4,10,-1.805915761304289,3.611831522608578,-.9029578806521407,-.9029578806521485
505,1,784,.000000000000000,.000000000000000,-1.996100099516819,1.996100099516819
505,2,256,-3.992200199033425,7.984400398066851,-3.859564196875626,-.1326360021577976
505,3,256,-3.726928194717536,7.453856389435073,-2.763869302905535,-.9630588918120014
505,4,10,-1.800810411093471,3.601620822186943,-.9004052055467270,-.9004052055467442
506,1,784,.000000000000000,.000000000000000,-1.996254797629389,1.996254797629389
506,2,256,-3.992509595259269,7.985019190518537,-3.860174692859760,-.1323349023995091
506,3,256,-3.727839790460771,7.455679580921543,-2.759459270490874,-.9683805199698959
506,4,10,-1.791078750521011,3.582157501042023,-.8955393752605044,-.8955393752605068
507,1,784,.000000000000000,.000000000000000,-1.996218451530605,1.996218451530605
507,2,256,-3.992436903061063,7.984873806122127,-3.860633146806680,-.1318037562543838
507,3,256,-3.728829390551613,7.457658781103225,-2.769487482180109,-.9593419083715056
507,4,10,-1.810145573808090,3.620291147616179,-.9050727869040346,-.9050727869040551
508,1,784,.000000000000000,.000000000000000,-1.995767920028372,1.995767920028372
508,2,256,-3.991535840057046,7.983071680114091,-3.858271352357606,-.1332644876994385
508,3,256,-3.725006864658258,7.450013729316516,-2.761908273383916,-.9630985912743394
508,4,10,-1.798809682109372,3.597619364218744,-.8994048410546851,-.8994048410546869
509,1,784,.000000000000000,.000000000000000,-1.995607676457897,1.995607676457897
509,2,256,-3.991215352916355,7.982430705832710,-3.858285528820804,-.1329298240955513
509,3,256,-3.725355704725725,7.450711409451450,-2.769466309200603,-.9558893955251191
509,4,10,-1.813576913675395,3.627153827350790,-.9067884568376976,-.9067884568376976
510,1,784,.000000000000000,.000000000000000,-1.996215951802750,1.996215951802750
510,2,256,-3.992431903605425,7.984863807210850,-3.859350659282088,-.1330812443233413
510,3,256,-3.726269414958373,7.452538829916747,-2.776095321997238,-.9501740929611384
510,4,10,-1.825921229035824,3.651842458071648,-.9129606145179043,-.9129606145179194
511,1,784,.000000000000000,.000000000000000,-1.996041081067950,1.996041081067950
511,2,256,-3.992082162135135,7.984164324270270,-3.858713852890665,-.1333683092444706
511,3,256,-3.725345543645249,7.450691087290497,-2.770078900071097,-.9552666435741540
511,4,10,-1.814812256496773,3.629624512993546,-.9074061282483824,-.9074061282483905
512,1,784,.000000000000000,.000000000000000,-1.997052499514712,1.997052499514712
512,2,256,-3.994104999029733,7.988209998059466,-3.859380514073277,-.1347244849564548
512,3,256,-3.724656029117620,7.449312058235240,-2.765945610188131,-.9587104189294895
512,4,10,-1.807235191259156,3.614470382518312,-.9036175956295676,-.9036175956295891
513,1,784,.000000000000000,.000000000000000,-1.996062367511087,1.996062367511087
513,2,256,-3.992124735021755,7.984249470043509,-3.859443650320099,-.1326810847016554
513,3,256,-3.726762565617912,7.453525131235823,-2.772023016451091,-.9547395491668236
513,4,10,-1.817283467284149,3.634566934568297,-.9086417336420760,-.9086417336420731
514,1,784,.000000000000000,.000000000000000,-1.995986255697167,1.995986255697167
514,2,256,-3.991972511393866,7.983945022787733,-3.860489133213906,-.1314833781799598
514,3,256,-3.729005755033274,7.458011510066549,-2.771349520453256,-.9576562345800195
514,4,10,-1.813693285873054,3.627386571746107,-.9068466429365152,-.9068466429365387
515,1,784,.000000000000000,.000000000000000,-1.996117910536334,1.996117910536334
515,2,256,-3.992235821072857,7.984471642145714,-3.859849561290488,-.1323862597823726
515,3,256,-3.727463301508509,7.454926603017017,-2.764204851599685,-.9632584499088233
515,4,10,-1.800946401691060,3.601892803382119,-.9004732008455324,-.9004732008455272
516,1,784,.000000000000000,.000000000000000,-1.996022918124859,1.996022918124859
516,2,256,-3.992045836249268,7.984091672498536,-3.858763247131280,-.1332825891179897
516,3,256,-3.725480658012938,7.450961316025876,-2.759490433864823,-.9659902241481159
516,4,10,-1.793500209716806,3.587000419433612,-.8967501048584010,-.8967501048584053
517,1,784,.000000000000000,.000000000000000,-1.996216519149360,1.996216519149360
517,2,256,-3.992433038298297,7.984866076596594,-3.858898404712254,-.1335346335860443
517,3,256,-3.725363771125640,7.450727542251279,-2.764016281516613,-.9613474896090293
517,4,10,-1.802668791907440,3.605337583814879,-.9013343959537153,-.9013343959537243
518,1,784,.000000000000000,.000000000000000,-1.996953819918623,1.996953819918623
518,2,256,-3.993907639836827,7.987815279673654,-3.858628787833018,-.1352788520038087
518,3,256,-3.723349935828797,7.446699871657594,-2.765555064921184,-.9577948709076078
518,4,10,-1.807760194013579,3.615520388027159,-.9038800970067878,-.9038800970067916
519,1,784,.000000000000000,.000000000000000,-1.996658879436950,1.996658879436950
519,2,256,-3.993317758873398,7.986635517746796,-3.859384895242618,-.1339328636307793
519,3,256,-3.725452031611452,7.450904063222905,-2.764315172516335,-.9611368590951171
519,4,10,-1.803178313421326,3.606356626842651,-.9015891567106650,-.9015891567106606
520,1,784,.000000000000000,.000000000000000,-1.996364776052226,1.996364776052226
520,2,256,-3.992729552104620,7.985459104209240,-3.859173288919448,-.1335562631851734
520,3,256,-3.725617025733927,7.451234051467853,-2.764062824249833,-.9615542014840883
520,4,10,-1.802508622765230,3.605017245530460,-.9012543113826169,-.9012543113826130
521,1,784,.000000000000000,.000000000000000,-1.996401691594083,1.996401691594083
521,2,256,-3.992803383187909,7.985606766375818,-3.859863497396838,-.1329398857910732
521,3,256,-3.726923611605514,7.453847223211027,-2.771502779213336,-.9554208323921779
521,4,10,-1.816081946821146,3.632163893642291,-.9080409734105795,-.9080409734105658
522,1,784,.000000000000000,.000000000000000,-1.996172119382990,1.996172119382990
522,2,256,-3.992344238766138,7.984688477532275,-3.859480638785951,-.1328635999801875
522,3,256,-3.726617038806264,7.453234077612529,-2.772191620590357,-.9544254182159131
522,4,10,-1.817766202374765,3.635532404749530,-.9088831011873962,-.9088831011873686
523,1,784,.000000000000000,.000000000000000,-1.996271408585525,1.996271408585525
523,2,256,-3.992542817170975,7.985085634341949,-3.859909280928592,-.1326335362423836
523,3,256,-3.727275744685994,7.454551489371989,-2.767433395944642,-.9598423487413555
523,4,10,-1.807591047203169,3.615182094406339,-.9037955236015771,-.9037955236015922
524,1,784,.000000000000000,.000000000000000,-1.995780051956409,1.995780051956409
524,2,256,-3.991560103912955,7.983120207825910,-3.859624109117187,-.1319359947957679
524,3,256,-3.727688114321814,7.455376228643629,-2.765810137190160,-.9618779771316542
524,4,10,-1.803932160058775,3.607864320117549,-.9019660800293845,-.9019660800293898
525,1,784,.000000000000000,.000000000000000,-1.996051988635016,1.996051988635016
525,2,256,-3.992103977270049,7.984207954540098,-3.860086880735563,-.1320170965344858
525,3,256,-3.728069784201216,7.456139568402431,-2.765039415091484,-.9630303691097314
525,4,10,-1.802009045981879,3.604018091963758,-.9010045229909337,-.9010045229909455
526,1,784,.000000000000000,.000000000000000,-1.996103380990792,1.996103380990792
526,2,256,-3.992206761982123,7.984413523964246,-3.858641199262363,-.1335655627197582
526,3,256,-3.725075636543387,7.450151273086774,-2.795294271312184,-.9297813652312032
526,4,10,-1.865512906081234,3.731025812162468,-.9327564530406118,-.9327564530406222
527,1,784,.000000000000000,.000000000000000,-1.996809781689384,1.996809781689384
527,2,256,-3.993619563378048,7.987239126756096,-3.860775744850273,-.1328438185277750
527,3,256,-3.727931926321933,7.455863852643867,-2.774195482500945,-.9537364438209883
527,4,10,-1.820459038680128,3.640918077360257,-.9102295193400552,-.9102295193400731
528,1,784,.000000000000000,.000000000000000,-1.996548378923387,1.996548378923387
528,2,256,-3.993096757846089,7.986193515692179,-3.860213521346256,-.1328832364998372
528,3,256,-3.727330284845772,7.454660569691543,-2.771256533712286,-.9560737511334859
528,4,10,-1.815182782578819,3.630365565157637,-.9075913912894159,-.9075913912894028
529,1,784,.000000000000000,.000000000000000,-1.995905888636256,1.995905888636256
529,2,256,-3.991811777271937,7.983623554543874,-3.858893000374841,-.1329187768970938
529,3,256,-3.725974223477253,7.451948446954507,-2.760537654807489,-.9654365686697669
529,4,10,-1.795101086137810,3.590202172275620,-.8975505430689034,-.8975505430689066
530,1,784,.000000000000000,.000000000000000,-1.996280683176253,1.996280683176253
530,2,256,-3.992561366352499,7.985122732704998,-3.861080794111933,-.1314805722405676
530,3,256,-3.729600221871916,7.459200443743832,-2.780140794956957,-.9494594269149593
530,4,10,-1.830681368042542,3.661362736085083,-.9153406840212777,-.9153406840212641
531,1,784,.000000000000000,.000000000000000,-1.995966178936408,1.995966178936408
531,2,256,-3.991932357873055,7.983864715746111,-3.858127034674503,-.1338053231985530
531,3,256,-3.724321711475810,7.448643422951619,-2.767310553349560,-.9570111581262513
531,4,10,-1.810299395222919,3.620598790445838,-.9051496976114635,-.9051496976114560
532,1,784,.000000000000000,.000000000000000,-1.996133162012866,1.996133162012866
532,2,256,-3.992266324025454,7.984532648050909,-3.858390942773238,-.1338753812522133
532,3,256,-3.724515561520732,7.449031123041464,-2.776849908342848,-.9476656531778845
532,4,10,-1.829184255164938,3.658368510329876,-.9145921275824740,-.9145921275824640
533,1,784,.000000000000000,.000000000000000,-1.996654632458277,1.996654632458277
533,2,256,-3.993309264916691,7.986618529833382,-3.859958036389370,-.1333512285273227
533,3,256,-3.726606807862311,7.453213615724622,-2.757584723456470,-.9690220844058393
533,4,10,-1.788562639050758,3.577125278101515,-.8942813195253798,-.8942813195253780
534,1,784,.000000000000000,.000000000000000,-1.995748916483088,1.995748916483088
534,2,256,-3.991497832966664,7.982995665933329,-3.857794884779421,-.1337029481872422
534,3,256,-3.724091936592847,7.448183873185695,-2.763379209670012,-.9607127269228313
534,4,10,-1.802666482747363,3.605332965494727,-.9013332413736805,-.9013332413736828
535,1,784,.000000000000000,.000000000000000,-1.996473796798232,1.996473796798232
535,2,256,-3.992947593596511,7.985895187193021,-3.860679293982258,-.1322682996142496
535,3,256,-3.728410994368162,7.456821988736325,-2.776281359930833,-.9521296344373290
535,4,10,-1.824151725493630,3.648303450987260,-.9120758627468061,-.9120758627468244
536,1,784,.000000000000000,.000000000000000,-1.995999144804502,1.995999144804502
536,2,256,-3.991998289609173,7.983996579218346,-3.858504053899976,-.1334942357091998
536,3,256,-3.725009818190537,7.450019636381073,-2.766508146306592,-.9585016718839423
536,4,10,-1.808006474422246,3.616012948844492,-.9040032372111222,-.9040032372111237
537,1,784,.000000000000000,.000000000000000,-1.996117445021052,1.996117445021052
537,2,256,-3.992234890042066,7.984469780084132,-3.858815281320002,-.1334196087220639
537,3,256,-3.725395672598129,7.450791345196259,-2.757115798234202,-.9682798743639260
537,4,10,-1.788835923870499,3.577671847740997,-.8944179619352539,-.8944179619352448
538,1,784,.000000000000000,.000000000000000,-1.996528733786193,1.996528733786193
538,2,256,-3.993057467572512,7.986114935145024,-3.859787873032792,-.1332695945397183
538,3,256,-3.726518278493096,7.453036556986191,-2.771715155115809,-.9548031233772896
538,4,10,-1.816912031738429,3.633824063476857,-.9084560158692105,-.9084560158692182
539,1,784,.000000000000000,.000000000000000,-1.995649763627563,1.995649763627563
539,2,256,-3.991299527254872,7.982599054509745,-3.859747186644573,-.1315523406103007
539,3,256,-3.728194846033674,7.456389692067349,-2.760661546074116,-.9675332999595585
539,4,10,-1.793128246114188,3.586256492228375,-.8965641230571036,-.8965641230570838
540,1,784,.000000000000000,.000000000000000,-1.996038205527834,1.996038205527834
540,2,256,-3.992076411055791,7.984152822111581,-3.859301853059326,-.1327745579964639
540,3,256,-3.726527295063048,7.453054590126095,-2.756431218602825,-.9700960764602246
540,4,10,-1.786335142142661,3.572670284285322,-.8931675710713300,-.8931675710713307
541,1,784,.000000000000000,.000000000000000,-1.997337660304348,1.997337660304348
541,2,256,-3.994675320608942,7.989350641217884,-3.860050250725389,-.1346250698835531
541,3,256,-3.725425180842036,7.450850361684072,-2.772337131611406,-.9530880492306313
541,4,10,-1.819249082380731,3.638498164761462,-.9096245411903654,-.9096245411903658
542,1,784,.000000000000000,.000000000000000,-1.996498670034163,1.996498670034163
542,2,256,-3.992997340068499,7.985994680136999,-3.860356556243839,-.1326407838246604
542,3,256,-3.727715772419302,7.455431544838604,-2.770134411640127,-.9575813607791727
542,4,10,-1.812553050860890,3.625106101721779,-.9062765254304540,-.9062765254304359
543,1,784,.000000000000000,.000000000000000,-1.995946226340874,1.995946226340874
543,2,256,-3.991892452681185,7.983784905362370,-3.858904871658422,-.1329875810227643
543,3,256,-3.725917290634941,7.451834581269883,-2.761255928294422,-.9646613623405206
543,4,10,-1.796594565953733,3.593189131907465,-.8982972829768741,-.8982972829768586
544,1,784,.000000000000000,.000000000000000,-1.996182450229665,1.996182450229665
544,2,256,-3.992364900459561,7.984729800919123,-3.858606685733402,-.1337582147261597
544,3,256,-3.724848471007021,7.449696942014041,-2.774732797578329,-.9501156734286883
544,4,10,-1.824617124149191,3.649234248298382,-.9123085620745939,-.9123085620745969
545,1,784,.000000000000000,.000000000000000,-1.995762094064082,1.995762094064082
545,2,256,-3.991524188128188,7.983048376256376,-3.859126606503685,-.1323975816245017
545,3,256,-3.726729024879551,7.453458049759102,-2.770995703372254,-.9557333215072954
545,4,10,-1.815262381865306,3.630524763730612,-.9076311909326558,-.9076311909326502
546,1,784,.000000000000000,.000000000000000,-1.996891534752169,1.996891534752169
546,2,256,-3.993783069504571,7.987566139009141,-3.860677990950484,-.1331050785540883
546,3,256,-3.727572912396485,7.455145824792971,-2.766408179941080,-.9611647324554076
546,4,10,-1.805243447485539,3.610486894971078,-.9026217237427655,-.9026217237427733
547,1,784,.000000000000000,.000000000000000,-1.996400101484689,1.996400101484689
547,2,256,-3.992800202968978,7.985600405937955,-3.858651456220162,-.1341487467488192
547,3,256,-3.724502709470780,7.449005418941560,-2.769170049915540,-.9553326595552407
547,4,10,-1.813837390360153,3.627674780720306,-.9069186951800706,-.9069186951800819
548,1,784,.000000000000000,.000000000000000,-1.996731225435197,1.996731225435197
548,2,256,-3.993462450870766,7.986924901741532,-3.859506443529420,-.1339560073413524
548,3,256,-3.725550436188264,7.451100872376528,-2.770015880554273,-.9555345556339895
548,4,10,-1.814481324920105,3.628962649840210,-.9072406624600565,-.9072406624600481
549,1,784,.000000000000000,.000000000000000,-1.995538380537070,1.995538380537070
549,2,256,-3.991076761074145,7.982153522148289,-3.858307142543831,-.1327696185303097
549,3,256,-3.725537524013538,7.451075048027075,-2.770794803330679,-.9547427206828590
549,4,10,-1.816052082647832,3.632104165295664,-.9080260413239157,-.9080260413239163
550,1,784,.000000000000000,.000000000000000,-1.995760926098587,1.995760926098587
550,2,256,-3.991521852197057,7.983043704394115,-3.857622827515122,-.1338990246819322
550,3,256,-3.723723802833246,7.447447605666492,-2.773433681674089,-.9502901211591562
550,4,10,-1.823143560515103,3.646287121030205,-.9115717802575521,-.9115717802575505
551,1,784,.000000000000000,.000000000000000,-1.996294259324314,1.996294259324314
551,2,256,-3.992588518649162,7.985177037298325,-3.858088468561888,-.1345000500872764
551,3,256,-3.723588418474929,7.447176836949858,-2.768572133811425,-.9550162846635047
551,4,10,-1.813555849147684,3.627111698295369,-.9067779245738470,-.9067779245738374
552,1,784,.000000000000000,.000000000000000,-1.996869873868103,1.996869873868103
552,2,256,-3.993739747736736,7.987479495473472,-3.860000853879522,-.1337388938572155
552,3,256,-3.726261960022834,7.452523920045667,-2.766273408074275,-.9599885519485624
552,4,10,-1.806284856125700,3.612569712251401,-.9031424280628544,-.9031424280628457
553,1,784,.000000000000000,.000000000000000,-1.996271582219304,1.996271582219304
553,2,256,-3.992543164438536,7.985086328877072,-3.859120189746889,-.1334229746916475
553,3,256,-3.725697215055308,7.451394430110615,-2.772702870006123,-.9529943450491836
553,4,10,-1.819708524957070,3.639417049914141,-.9098542624785392,-.9098542624785312
554,1,784,.000000000000000,.000000000000000,-1.996034756500100,1.996034756500100
554,2,256,-3.992069512999997,7.984139025999994,-3.860236311505235,-.1318332014947602
554,3,256,-3.728403110010129,7.456806220020257,-2.779344351916968,-.9490587580931590
554,4,10,-1.830285593823655,3.660571187647309,-.9151427969118319,-.9151427969118228
555,1,784,.000000000000000,.000000000000000,-1.995600832520249,1.995600832520249
555,2,256,-3.991201665041543,7.982403330083087,-3.858388848292668,-.1328128167488764
555,3,256,-3.725576031544672,7.451152063089343,-2.773315944696403,-.9522600868482690
555,4,10,-1.821055857847955,3.642111715695910,-.9105279289239856,-.9105279289239695
556,1,784,.000000000000000,.000000000000000,-1.995511082924788,1.995511082924788
556,2,256,-3.991022165849758,7.982044331699517,-3.858024511116001,-.1329976547337582
556,3,256,-3.725026856382245,7.450053712764491,-2.767404176884775,-.9576226794974699
556,4,10,-1.809781497387125,3.619562994774250,-.9048907486935649,-.9048907486935605
557,1,784,.000000000000000,.000000000000000,-1.996626369739954,1.996626369739954
557,2,256,-3.993252739479526,7.986505478959051,-3.859178194892503,-.1340745445870252
557,3,256,-3.725103650305047,7.450207300610095,-2.778801205059978,-.9463024452450741
557,4,10,-1.832498759814853,3.664997519629705,-.9162493799074285,-.9162493799074242
558,1,784,.000000000000000,.000000000000000,-1.995921572353643,1.995921572353643
558,2,256,-3.991843144707629,7.983686289415258,-3.860159081361031,-.1316840633465990
558,3,256,-3.728475018015123,7.456950036030245,-2.767333658180918,-.9611413598342065
558,4,10,-1.806192298347091,3.612384596694183,-.9030961491735322,-.9030961491735593
559,1,784,.000000000000000,.000000000000000,-1.995715555294249,1.995715555294249
559,2,256,-3.991431110588464,7.982862221176928,-3.859089805525235,-.1323413050632276
559,3,256,-3.726748500461751,7.453497000923502,-2.766123861899850,-.9606246385619013
559,4,10,-1.805499223337722,3.610998446675444,-.9027496116688617,-.9027496116688601
560,1,784,.000000000000000,.000000000000000,-1.995398852428782,1.995398852428782
560,2,256,-3.990797704857787,7.981595409715575,-3.858062805075146,-.1327348997826419
560,3,256,-3.725327905292762,7.450655810585524,-2.759494525057383,-.9658333802353783
560,4,10,-1.793661144822031,3.587322289644062,-.8968305724110180,-.8968305724110128
561,1,784,.000000000000000,.000000000000000,-1.997044945395005,1.997044945395005
561,2,256,-3.994089890789301,7.988179781578602,-3.860096246646261,-.1339936441430402
561,3,256,-3.726102602502671,7.452205205005342,-2.774834854072184,-.9512677484304852
561,4,10,-1.823567105641879,3.647134211283758,-.9117835528209328,-.9117835528209465
562,1,784,.000000000000000,.000000000000000,-1.995568722032709,1.995568722032709
562,2,256,-3.991137444066009,7.982274888132019,-3.858410879924996,-.1327265641410139
562,3,256,-3.725684315784639,7.451368631569278,-2.754839543375690,-.9708447724089463
562,4,10,-1.783994770966813,3.567989541933625,-.8919973854834048,-.8919973854834080
563,1,784,.000000000000000,.000000000000000,-1.995974083039368,1.995974083039368
563,2,256,-3.991948166078893,7.983896332157786,-3.859144595054902,-.1328035710239893
563,3,256,-3.726341024031021,7.452682048062042,-2.761357588297297,-.9649834357337244
563,4,10,-1.796374152563534,3.592748305127067,-.8981870762817614,-.8981870762817722
564,1,784,.000000000000000,.000000000000000,-1.996323230836932,1.996323230836932
564,2,256,-3.992646461673671,7.985292923347341,-3.858268836405707,-.1343776252679615
564,3,256,-3.723891211137176,7.447782422274352,-2.765879850890260,-.9580113602469144
564,4,10,-1.807868490642974,3.615736981285947,-.9039342453214858,-.9039342453214880
565,1,784,.000000000000000,.000000000000000,-1.996132546123732,1.996132546123732
565,2,256,-3.992265092247572,7.984530184495145,-3.859627040034351,-.1326380522132177
565,3,256,-3.726988987821183,7.453977975642366,-2.768652969323825,-.9583360184973566
565,4,10,-1.810316950826399,3.620633901652798,-.9051584754132027,-.9051584754131963
566,1,784,.000000000000000,.000000000000000,-1.996319442712227,1.996319442712227
566,2,256,-3.992638885424886,7.985277770849772,-3.858034760690416,-.1346041247344648
566,3,256,-3.723430635956551,7.446861271913102,-2.767828715463010,-.9556019204935418
566,4,10,-1.812226794969658,3.624453589939316,-.9061133974848210,-.9061133974848367
567,1,784,.000000000000000,.000000000000000,-1.996190200091514,1.996190200091514
567,2,256,-3.992380400182956,7.984760800365912,-3.860132948643365,-.1322474515395932
567,3,256,-3.727885497103752,7.455770994207505,-2.764051015348328,-.9638344817554236
567,4,10,-1.800216533592956,3.600433067185912,-.9001082667964799,-.9001082667964759
568,1,784,.000000000000000,.000000000000000,-1.995275616233957,1.995275616233957
568,2,256,-3.990551232467579,7.981102464935158,-3.858195943690734,-.1323552887768425
568,3,256,-3.725840654913271,7.451681309826542,-2.776144163271502,-.9496964916417694
568,4,10,-1.826447671629450,3.652895343258899,-.9132238358147209,-.9132238358147289
569,1,784,.000000000000000,.000000000000000,-1.996356725702178,1.996356725702178
569,2,256,-3.992713451404350,7.985426902808699,-3.859768085720168,-.1329453656841834
569,3,256,-3.726822720036076,7.453645440072153,-2.763827912880894,-.9629948071551792
569,4,10,-1.800833105725817,3.601666211451634,-.9004165528629069,-.9004165528629102
570,1,784,.000000000000000,.000000000000000,-1.996057064317734,1.996057064317734
570,2,256,-3.992114128635634,7.984228257271267,-3.858878947363775,-.1332351812718618
570,3,256,-3.725643766092219,7.451287532184439,-2.769553391888277,-.9560903742039396
570,4,10,-1.813463017684492,3.626926035368983,-.9067315088422392,-.9067315088422525
571,1,784,.000000000000000,.000000000000000,-1.996377750414231,1.996377750414231
571,2,256,-3.992755500828131,7.985511001656262,-3.859287053696519,-.1334684471316071
571,3,256,-3.725818606564682,7.451637213129364,-2.779433913150232,-.9463846934144489
571,4,10,-1.833049219735870,3.666098439471740,-.9165246098679387,-.9165246098679312
572,1,784,.000000000000000,.000000000000000,-1.995894675510003,1.995894675510003
572,2,256,-3.991789351019924,7.983578702039848,-3.857952536323912,-.1338368146960127
572,3,256,-3.724115721627875,7.448231443255750,-2.772231798629857,-.9518839229980165
572,4,10,-1.820347875631913,3.640695751263827,-.9101739378159499,-.9101739378159635
573,1,784,.000000000000000,.000000000000000,-1.996726704852471,1.996726704852471
573,2,256,-3.993453409704667,7.986906819409334,-3.860220660176139,-.1332327495285291
573,3,256,-3.726987910647157,7.453975821294313,-2.761455582728692,-.9655323279184651
573,4,10,-1.795923254810049,3.591846509620098,-.8979616274050252,-.8979616274050244
574,1,784,.000000000000000,.000000000000000,-1.995882363329154,1.995882363329154
574,2,256,-3.991764726658412,7.983529453316825,-3.859623349153298,-.1321413775051172
574,3,256,-3.727481971648038,7.454963943296075,-2.764843285320438,-.9626386863276000
574,4,10,-1.802204598992594,3.604409197985189,-.9011022994962952,-.9011022994962992
575,1,784,.000000000000000,.000000000000000,-1.996228178403264,1.996228178403264
575,2,256,-3.992456356806331,7.984912713612663,-3.858974190118752,-.1334821666875805
575,3,256,-3.725492023430826,7.450984046861651,-2.767584128868151,-.9579078945626726
575,4,10,-1.809676234305326,3.619352468610653,-.9048381171526642,-.9048381171526623
576,1,784,.000000000000000,.000000000000000,-1.995879753298025,1.995879753298025
576,2,256,-3.991759506596286,7.983519013192572,-3.858386545757901,-.1333729608383833
576,3,256,-3.725013584919739,7.450027169839478,-2.779151436875026,-.9458621480447130
576,4,10,-1.833289288830287,3.666578577660574,-.9166446444151497,-.9166446444151375
577,1,784,.000000000000000,.000000000000000,-1.996616826181605,1.996616826181605
577,2,256,-3.993233652363352,7.986467304726705,-3.860467019380134,-.1327666329832163
577,3,256,-3.727700386396730,7.455400772793459,-2.774575100856655,-.9531252855400747
577,4,10,-1.821449815316224,3.642899630632448,-.9107249076581245,-.9107249076580993
578,1,784,.000000000000000,.000000000000000,-1.996047168035339,1.996047168035339
578,2,256,-3.992094336070556,7.984188672141111,-3.859550632150859,-.1325437039196911
578,3,256,-3.727006928231147,7.454013856462295,-2.775455676046482,-.9515512521846664
578,4,10,-1.823904423861914,3.647808847723827,-.9119522119309601,-.9119522119309537
579,1,784,.000000000000000,.000000000000000,-1.995777718966911,1.995777718966911
579,2,256,-3.991555437933566,7.983110875867132,-3.858703937002794,-.1328515009307714
579,3,256,-3.725852436071942,7.451704872143885,-2.773900884528280,-.9519515515436622
579,4,10,-1.821949332984762,3.643898665969524,-.9109746664923957,-.9109746664923668
580,1,784,.000000000000000,.000000000000000,-1.995371957384156,1.995371957384156
580,2,256,-3.990743914767569,7.981487829535138,-3.857355212739943,-.1333887020276238
580,3,256,-3.723966510711390,7.447933021422780,-2.771902623371586,-.9520638873398021
580,4,10,-1.819838736031578,3.639677472063157,-.9099193680157962,-.9099193680157823
581,1,784,.000000000000000,.000000000000000,-1.995827310890753,1.995827310890753
581,2,256,-3.991654621780870,7.983309243561741,-3.858892902433099,-.1327617193477736
581,3,256,-3.726131183085149,7.452262366170298,-2.765991806115752,-.9601393769693953
581,4,10,-1.805852429146843,3.611704858293687,-.9029262145734128,-.9029262145734306
582,1,784,.000000000000000,.000000000000000,-1.996442794563151,1.996442794563151
582,2,256,-3.992885589125472,7.985771178250944,-3.860643310460046,-.1322422786654243
582,3,256,-3.728401031793680,7.456802063587360,-2.764966004422882,-.9634350273707984
582,4,10,-1.801530977051985,3.603061954103969,-.9007654885259849,-.9007654885259999
583,1,784,.000000000000000,.000000000000000,-1.996134844188471,1.996134844188471
583,2,256,-3.992269688376260,7.984539376752521,-3.859271405376866,-.1329982829993958
583,3,256,-3.726273122376526,7.452546244753052,-2.769506556035937,-.9567665663405881
583,4,10,-1.812739989695091,3.625479979390182,-.9063699948475423,-.9063699948475485
584,1,784,.000000000000000,.000000000000000,-1.996425353010966,1.996425353010966
584,2,256,-3.992850706022009,7.985701412044018,-3.861354805974178,-.1314959000478314
584,3,256,-3.729858905925980,7.459717811851960,-2.769873320635354,-.9599855852906265
584,4,10,-1.809887735344291,3.619775470688582,-.9049438676721389,-.9049438676721522
585,1,784,.000000000000000,.000000000000000,-1.996080460948408,1.996080460948408
585,2,256,-3.992160921896458,7.984321843792917,-3.858893316586836,-.1332676053096233
585,3,256,-3.725625711276852,7.451251422553704,-2.764511384260188,-.9611143270166619
585,4,10,-1.803397057243531,3.606794114487062,-.9016985286217613,-.9016985286217695
586,1,784,.000000000000000,.000000000000000,-1.996264431966959,1.996264431966959
586,2,256,-3.992528863933470,7.985057727866940,-3.858904034040308,-.1336248298931626
586,3,256,-3.725279204146600,7.450558408293200,-2.771953203726926,-.9533260004196732
586,4,10,-1.818627203307146,3.637254406614292,-.9093136016535766,-.9093136016535694
587,1,784,.000000000000000,.000000000000000,-1.996109597231051,1.996109597231051
587,2,256,-3.992219194462047,7.984438388924095,-3.859772138214365,-.1324470562476850
587,3,256,-3.727325081966566,7.454650163933131,-2.771323595581242,-.9560014863853201
587,4,10,-1.815322109195855,3.630644218391710,-.9076610545979308,-.9076610545979246
588,1,784,.000000000000000,.000000000000000,-1.995937373849111,1.995937373849111
588,2,256,-3.991874747698615,7.983749495397230,-3.857688007216109,-.1341867404825060
588,3,256,-3.723501266734075,7.447002533468150,-2.773646409658685,-.9498548570753887
588,4,10,-1.823791552583384,3.647583105166768,-.9118957762916895,-.9118957762916946
589,1,784,.000000000000000,.000000000000000,-1.995840540000393,1.995840540000393
589,2,256,-3.991681080000535,7.983362160001071,-3.859177728030927,-.1325033519696077
589,3,256,-3.726674376060848,7.453348752121697,-2.773628030224376,-.9530463458364692
589,4,10,-1.820581684387691,3.641163368775381,-.9102908421938434,-.9102908421938471
590,1,784,.000000000000000,.000000000000000,-1.995221589430678,1.995221589430678
590,2,256,-3.990443178861364,7.980886357722728,-3.858928659631171,-.1315145192301874
590,3,256,-3.727414140400875,7.454828280801750,-2.784706790707580,-.9427073496932956
590,4,10,-1.841999441014161,3.683998882028321,-.9209997205070886,-.9209997205070721
591,1,784,.000000000000000,.000000000000000,-1.996087919660500,1.996087919660500
591,2,256,-3.992175839321336,7.984351678642671,-3.858735979348666,-.1334398599726709
591,3,256,-3.725296119376616,7.450592238753232,-2.770741061264751,-.9545550581118658
591,4,10,-1.816186003153194,3.632372006306388,-.9080930015765858,-.9080930015766082
592,1,784,.000000000000000,.000000000000000,-1.996568075436827,1.996568075436827
592,2,256,-3.993136150873502,7.986272301747004,-3.860072736184537,-.1330634146889662
592,3,256,-3.727009321495018,7.454018642990037,-2.769756784788199,-.9572525367068140
592,4,10,-1.812504248080972,3.625008496161943,-.9062521240404947,-.9062521240404769
593,1,784,.000000000000000,.000000000000000,-1.996862355443201,1.996862355443201
593,2,256,-3.993724710886085,7.987449421772170,-3.860352038917409,-.1333726719686777
593,3,256,-3.726979366948325,7.453958733896649,-2.766183203820971,-.9607961631273539
593,4,10,-1.805387040693534,3.610774081387069,-.9026935203467633,-.9026935203467714
594,1,784,.000000000000000,.000000000000000,-1.995684865445377,1.995684865445377
594,2,256,-3.991369730891485,7.982739461782970,-3.858640451421421,-.1327292794700654
594,3,256,-3.725911171952103,7.451822343904206,-2.768275236193297,-.9576359357588002
594,4,10,-1.810639300434531,3.621278600869061,-.9053196502172578,-.9053196502172732
595,1,784,.000000000000000,.000000000000000,-1.996302890449655,1.996302890449655
595,2,256,-3.992605780900348,7.985211561800695,-3.859278343009534,-.1333274378908123
595,3,256,-3.725950905119471,7.451901810238941,-2.765444131355630,-.9605067737638435
595,4,10,-1.804937357591493,3.609874715182986,-.9024686787957513,-.9024686787957420
596,1,784,.000000000000000,.000000000000000,-1.996368312961762,1.996368312961762
596,2,256,-3.992736625923478,7.985473251846956,-3.860515823192823,-.1322208027306534
596,3,256,-3.728295020462096,7.456590040924192,-2.764341750982750,-.9639532694793467
596,4,10,-1.800388481503365,3.600776963006731,-.9001942407516905,-.9001942407516748
597,1,784,.000000000000000,.000000000000000,-1.996442527019758,1.996442527019758
597,2,256,-3.992885054039669,7.985770108079338,-3.859057430789476,-.1338276232501945
597,3,256,-3.725229807539157,7.450459615078313,-2.776654863791610,-.9485749437475474
597,4,10,-1.828079920043777,3.656159840087553,-.9140399600218919,-.9140399600218848
598,1,784,.000000000000000,.000000000000000,-1.995791120613114,1.995791120613114
598,2,256,-3.991582241226948,7.983164482453897,-3.858101374647220,-.1334808665797263
598,3,256,-3.724620508067958,7.449241016135915,-2.769281951131737,-.9553385569362225
598,4,10,-1.813943394195268,3.627886788390537,-.9069716970976294,-.9069716970976389
599,1,784,.000000000000000,.000000000000000,-1.995298655713265,1.995298655713265
599,2,256,-3.990597311426609,7.981194622853217,-3.858038913228343,-.1325583981982654
599,3,256,-3.725480515029634,7.450961030059268,-2.778808539454121,-.9466719755755152
599,4,10,-1.832136563878094,3.664273127756188,-.9160682819390403,-.9160682819390538
600,1,784,.000000000000000,.000000000000000,-1.996095746199983,1.996095746199983
600,2,256,-3.992191492400048,7.984382984800096,-3.858419363275455,-.1337721291245927
600,3,256,-3.724647234151236,7.449294468302472,-2.763046224668861,-.9616010094823767
600,4,10,-1.801445215186776,3.602890430373552,-.9007226075933894,-.9007226075933870
601,1,784,.000000000000000,.000000000000000,-1.995588515945356,1.995588515945356
601,2,256,-3.991177031890985,7.982354063781971,-3.858690299406450,-.1324867324845368
601,3,256,-3.726203566922425,7.452407133844850,-2.764036819858775,-.9621667470636508
601,4,10,-1.801870072795353,3.603740145590705,-.9009350363976825,-.9009350363976703
602,1,784,.000000000000000,.000000000000000,-1.996361747473470,1.996361747473470
602,2,256,-3.992723494945984,7.985446989891968,-3.859222350101629,-.1335011448443545
602,3,256,-3.725721205256290,7.451442410512580,-2.776536140813743,-.9491850644425477
602,4,10,-1.827351076371172,3.654702152742345,-.9136755381855837,-.9136755381855887
603,1,784,.000000000000000,.000000000000000,-1.995674837655748,1.995674837655748
603,2,256,-3.991349675311509,7.982699350623019,-3.858590475478903,-.1327591998326078
603,3,256,-3.725831275646314,7.451662551292627,-2.767111608513796,-.9587196671325172
603,4,10,-1.808391941381270,3.616783882762540,-.9041959706906373,-.9041959706906325
604,1,784,.000000000000000,.000000000000000,-1.995542561783084,1.995542561783084
604,2,256,-3.991085123565738,7.982170247131475,-3.859316841403225,-.1317682821625094
604,3,256,-3.727548559239977,7.455097118479953,-2.767600189934424,-.9599483693055542
604,4,10,-1.807651820628549,3.615303641257098,-.9038259103142803,-.9038259103142686
605,1,784,.000000000000000,.000000000000000,-1.996085819104397,1.996085819104397
605,2,256,-3.992171638208726,7.984343276417452,-3.860239391068308,-.1319322471404162
605,3,256,-3.728307143927802,7.456614287855603,-2.768276561664770,-.9600305822630341
605,4,10,-1.808245979401701,3.616491958803402,-.9041229897008561,-.9041229897008449
606,1,784,.000000000000000,.000000000000000,-1.995770425557986,1.995770425557986
606,2,256,-3.991540851115563,7.983081702231127,-3.859213114752948,-.1323277363626151
606,3,256,-3.726885378389995,7.453770756779990,-2.771389630497255,-.9554957478927396
606,4,10,-1.815893882604585,3.631787765209169,-.9079469413022923,-.9079469413022923
607,1,784,.000000000000000,.000000000000000,-1.995291600934604,1.995291600934604
607,2,256,-3.990583201869772,7.981166403739545,-3.856984307710499,-.1335988941592700
607,3,256,-3.723385413551987,7.446770827103974,-2.769033656478106,-.9543517570738802
607,4,10,-1.814681899404420,3.629363798808841,-.9073409497022081,-.9073409497022119
608,1,784,.000000000000000,.000000000000000,-1.996408673200251,1.996408673200251
608,2,256,-3.992817346400360,7.985634692800719,-3.859410672412967,-.1334066739873933
608,3,256,-3.726003998425538,7.452007996851076,-2.786314633938666,-.9396893644868741
608,4,10,-1.846625269451898,3.693250538903797,-.9233126347259498,-.9233126347259485
609,1,784,.000000000000000,.000000000000000,-1.996142496840146,1.996142496840146
609,2,256,-3.992284993679583,7.984569987359166,-3.858897991379015,-.1333870023005663
609,3,256,-3.725510989077838,7.451021978155676,-2.770177134935864,-.9553338541419754
609,4,10,-1.814843280794018,3.629686561588036,-.9074216403969945,-.9074216403970231
610,1,784,.000000000000000,.000000000000000,-1.995879771261337,1.995879771261337
610,2,256,-3.991759542522273,7.983519085044547,-3.858393045043088,-.1333664974791925
610,3,256,-3.725026547563407,7.450053095126814,-2.773859336271535,-.9511672112918746
610,4,10,-1.822692124979583,3.645384249959166,-.9113460624897834,-.9113460624897994
611,1,784,.000000000000000,.000000000000000,-1.995944552731989,1.995944552731989
611,2,256,-3.991889105464113,7.983778210928225,-3.858966758581186,-.1329223468829263
611,3,256,-3.726044411698457,7.452088823396913,-2.757194510591709,-.9688499011067452
611,4,10,-1.788344609485031,3.576689218970062,-.8941723047425113,-.8941723047425195
612,1,784,.000000000000000,.000000000000000,-1.996063200261950,1.996063200261950
612,2,256,-3.992126400523670,7.984252801047340,-3.859144831503130,-.1329815690205423
612,3,256,-3.726163262481892,7.452326524963785,-2.761606568878201,-.9645566936036923
612,4,10,-1.797049875274035,3.594099750548071,-.8985249376370205,-.8985249376370157
613,1,784,.000000000000000,.000000000000000,-1.996213805626303,1.996213805626303
613,2,256,-3.992427611252579,7.984855222505158,-3.859225100784674,-.1332025104679053
613,3,256,-3.726022590316410,7.452045180632820,-2.771668801445029,-.9543537888713819
613,4,10,-1.817315012573312,3.634630025146623,-.9086575062866580,-.9086575062866536
614,1,784,.000000000000000,.000000000000000,-1.995748495113124,1.995748495113124
614,2,256,-3.991496990225548,7.982993980451096,-3.859503366445350,-.1319936237801971
614,3,256,-3.727509742664509,7.455019485329018,-2.778029732732993,-.9494800099315170
614,4,10,-1.828549722801524,3.657099445603048,-.9142748614007653,-.9142748614007590
615,1,784,.000000000000000,.000000000000000,-1.995976793833539,1.995976793833539
615,2,256,-3.991953587667608,7.983907175335215,-3.858428930031323,-.1335246576362828
615,3,256,-3.724904272395717,7.449808544791433,-2.770449180655151,-.9544550917405675
615,4,10,-1.815994088914719,3.631988177829437,-.9079970444573653,-.9079970444573529
616,1,784,.000000000000000,.000000000000000,-1.996507860729928,1.996507860729928
616,2,256,-3.993015721459351,7.986031442918701,-3.859684098201562,-.1333316232577864
616,3,256,-3.726352474943766,7.452704949887531,-2.762842122260875,-.9635103526828876
616,4,10,-1.799331769578478,3.598663539156955,-.8996658847892420,-.8996658847892357
617,1,784,.000000000000000,.000000000000000,-1.997024451292478,1.997024451292478
617,2,256,-3.994048902585383,7.988097805170766,-3.860762231053563,-.1332866715318164
617,3,256,-3.727475559522078,7.454951119044155,-2.760121500407885,-.9673540591141887
617,4,10,-1.792767441293606,3.585534882587213,-.8963837206468001,-.8963837206468063
618,1,784,.000000000000000,.000000000000000,-1.995811185017097,1.995811185017097
618,2,256,-3.991622370034326,7.983244740068652,-3.859209636043976,-.1324127339903496
618,3,256,-3.726796902053496,7.453593804106991,-2.770716408402529,-.9560804936509679
618,4,10,-1.814635914751317,3.629271829502634,-.9073179573756516,-.9073179573756657
619,1,784,.000000000000000,.000000000000000,-1.996170346477272,1.996170346477272
619,2,256,-3.992340692954778,7.984681385909555,-3.859632523178266,-.1327081697765096
619,3,256,-3.726924353401856,7.453848706803712,-2.778458223728396,-.9484661296734587
619,4,10,-1.829992094054834,3.659984188109669,-.9149960470274051,-.9149960470274294
620,1,784,.000000000000000,.000000000000000,-1.996415997487630,1.996415997487630
620,2,256,-3.992831994974409,7.985663989948819,-3.858484520191008,-.1343474747834001
620,3,256,-3.724137045406831,7.448274090813662,-2.773265745326358,-.9508713000804750
620,4,10,-1.822394445245961,3.644788890491922,-.9111972226229811,-.9111972226229800
621,1,784,.000000000000000,.000000000000000,-1.996569244421405,1.996569244421405
621,2,256,-3.993138488842646,7.986276977685291,-3.859896858047745,-.1332416307949003
621,3,256,-3.726655227252803,7.453310454505606,-2.776379670615202,-.9502755566376011
621,4,10,-1.826104113977723,3.652208227955446,-.9130520569888638,-.9130520569888589
622,1,784,.000000000000000,.000000000000000,-1.995753881710082,1.995753881710082
622,2,256,-3.991507763419711,7.983015526839422,-3.857101851938066,-.1344059114816477
622,3,256,-3.722695940455829,7.445391880911658,-2.787208122865565,-.9354878175902644
622,4,10,-1.851720305275166,3.703440610550332,-.9258601526375831,-.9258601526375830
623,1,784,.000000000000000,.000000000000000,-1.996874340169878,1.996874340169878
623,2,256,-3.993748680339705,7.987497360679410,-3.860161124045429,-.1335875562942731
623,3,256,-3.726573567751129,7.453147135502259,-2.770020766423020,-.9565528013281072
623,4,10,-1.813467965094928,3.626935930189856,-.9067339825474675,-.9067339825474605
624,1,784,.000000000000000,.000000000000000,-1.996438986551323,1.996438986551323
624,2,256,-3.992877973102803,7.985755946205606,-3.859553300270457,-.1333246728323422
624,3,256,-3.726228627438259,7.452457254876517,-2.777237424427343,-.9489912030109167
624,4,10,-1.828246221416411,3.656492442832823,-.9141231107082094,-.9141231107082021
625,1,784,.000000000000000,.000000000000000,-1.995595608606184,1.995595608606184
625,2,256,-3.991191217212129,7.982382434424258,-3.858691356322075,-.1324998608900524
625,3,256,-3.726191495431915,7.452382990863830,-2.774964999944150,-.9512264954877662
625,4,10,-1.823738504456531,3.647477008913063,-.9118692522282553,-.9118692522282760
626,1,784,.000000000000000,.000000000000000,-1.996090866495692,1.996090866495692
626,2,256,-3.992181732991755,7.984363465983511,-3.859622705460460,-.1325590275312976
626,3,256,-3.727063677929447,7.454127355858893,-2.767260902696666,-.9598027752327843
626,4,10,-1.807458127463806,3.614916254927612,-.9037290637318977,-.9037290637319084
627,1,784,.000000000000000,.000000000000000,-1.995663858482946,1.995663858482946
627,2,256,-3.991327716965966,7.982655433931932,-3.859222942756827,-.1321047742091385
627,3,256,-3.727118168547712,7.454236337095424,-2.768717252579729,-.9584009159679850
627,4,10,-1.810316336611713,3.620632673223426,-.9051581683058458,-.9051581683058672
628,1,784,.000000000000000,.000000000000000,-1.995698468710141,1.995698468710141
628,2,256,-3.991396937421113,7.982793874842225,-3.858860238898977,-.1325366985221397
628,3,256,-3.726323540378126,7.452647080756251,-2.778034379745408,-.9482891606327180
628,4,10,-1.829745219113155,3.659490438226309,-.9148726095565747,-.9148726095565798
629,1,784,.000000000000000,.000000000000000,-1.996292821791782,1.996292821791782
629,2,256,-3.992585643583413,7.985171287166826,-3.860069097583670,-.1325165459997408
629,3,256,-3.727552551583583,7.455105103167166,-2.762695672079000,-.9648568795045842
629,4,10,-1.797838792574227,3.595677585148454,-.8989193962871107,-.8989193962871160
630,1,784,.000000000000000,.000000000000000,-1.995960020949209,1.995960020949209
630,2,256,-3.991920041897997,7.983840083795993,-3.858485909634029,-.1334341322639661
630,3,256,-3.725051777369052,7.450103554738104,-2.760798175499044,-.9642536018700061
630,4,10,-1.796544573628421,3.593089147256842,-.8982722868142263,-.8982722868141949
631,1,784,.000000000000000,.000000000000000,-1.996157771341773,1.996157771341773
631,2,256,-3.992315542683308,7.984631085366616,-3.858715802924686,-.1335997397586253
631,3,256,-3.725116063165747,7.450232126331493,-2.762075727743522,-.9630403354222244
631,4,10,-1.799035392321212,3.598070784642425,-.8995176961606075,-.8995176961606048
632,1,784,.000000000000000,.000000000000000,-1.995889000176365,1.995889000176365
632,2,256,-3.991778000353428,7.983556000706857,-3.859011179306886,-.1327668210465426
632,3,256,-3.726244358261080,7.452488716522160,-2.761344886331313,-.9648994719297664
632,4,10,-1.796445414401580,3.592890828803161,-.8982227072007927,-.8982227072007878
633,1,784,.000000000000000,.000000000000000,-1.995698077470137,1.995698077470137
633,2,256,-3.991396154940563,7.982792309881126,-3.858400405722573,-.1329957492179867
633,3,256,-3.725404656504845,7.450809313009691,-2.764856173122721,-.9605484833821215
633,4,10,-1.804307689740589,3.608615379481178,-.9021538448702864,-.9021538448703027
634,1,784,.000000000000000,.000000000000000,-1.996344087866058,1.996344087866058
634,2,256,-3.992688175732088,7.985376351464176,-3.859671943136036,-.1330162325960531
634,3,256,-3.726655710540006,7.453311421080011,-2.781075849372994,-.9455798611670100
634,4,10,-1.835495988206044,3.670991976412087,-.9177479941030163,-.9177479941030274
635,1,784,.000000000000000,.000000000000000,-1.995765098210341,1.995765098210341
635,2,256,-3.991530196421097,7.983060392842194,-3.858099485339395,-.1334307110817039
635,3,256,-3.724668774257927,7.449337548515854,-2.767649288598322,-.9570194856596033
635,4,10,-1.810629802938529,3.621259605877057,-.9053149014692692,-.9053149014692594
636,1,784,.000000000000000,.000000000000000,-1.996305104089696,1.996305104089696
636,2,256,-3.992610208179245,7.985220416358491,-3.859133726073388,-.1334764821058568
636,3,256,-3.725657243967284,7.451314487934567,-2.776964529914710,-.9486927140525729
636,4,10,-1.828271815862052,3.656543631724104,-.9141359079310178,-.9141359079310343
637,1,784,.000000000000000,.000000000000000,-1.996300074441968,1.996300074441968
637,2,256,-3.992600148884265,7.985200297768531,-3.859557050344254,-.1330430985400122
637,3,256,-3.726513951804682,7.453027903609365,-2.761916605820010,-.9645973459846731
637,4,10,-1.797319259835440,3.594638519670879,-.8986596299177222,-.8986596299177175
638,1,784,.000000000000000,.000000000000000,-1.996382115856595,1.996382115856595
638,2,256,-3.992764231712909,7.985528463425817,-3.859251554445245,-.1335126772676634
638,3,256,-3.725738877177161,7.451477754354323,-2.763124939950305,-.9626139372268575
638,4,10,-1.800511002723323,3.601022005446645,-.9002555013616541,-.9002555013616687
639,1,784,.000000000000000,.000000000000000,-1.995776162048023,1.995776162048023
639,2,256,-3.991552324096258,7.983104648192516,-3.857314797004390,-.1342375270918705
639,3,256,-3.723077269912908,7.446154539825817,-2.778630218224952,-.9444470516879573
639,4,10,-1.834183166537178,3.668366333074355,-.9170915832685853,-.9170915832685925
640,1,784,.000000000000000,.000000000000000,-1.996364183650770,1.996364183650770
640,2,256,-3.992728367301585,7.985456734603170,-3.859357261603759,-.1333711056978246
640,3,256,-3.725986155905770,7.451972311811541,-2.764594797539904,-.9613913583658648
640,4,10,-1.803203439173851,3.606406878347701,-.9016017195869169,-.9016017195869340
641,1,784,.000000000000000,.000000000000000,-1.997605409723718,1.997605409723718
641,2,256,-3.995210819446402,7.990421638892804,-3.861296600882289,-.1339142185641142
641,3,256,-3.727382382317029,7.454764764634057,-2.781021451077691,-.9463609312393365
641,4,10,-1.834660519838222,3.669321039676444,-.9173302599191198,-.9173302599191021
642,1,784,.000000000000000,.000000000000000,-1.996507963461993,1.996507963461993
642,2,256,-3.993015926924276,7.986031853848552,-3.858969568354661,-.1340463585696157
642,3,256,-3.724923209785487,7.449846419570974,-2.785683382901866,-.9392398268836194
642,4,10,-1.846443556018393,3.692887112036786,-.9232217780091967,-.9232217780091962
643,1,784,.000000000000000,.000000000000000,-1.996252996235940,1.996252996235940
643,2,256,-3.992505992472414,7.985011984944829,-3.859829262751306,-.1326767297211048
643,3,256,-3.727152533030738,7.454305066061477,-2.761371816086691,-.9657807169440487
643,4,10,-1.795591099142639,3.591182198285279,-.8977955495713189,-.8977955495713204
644,1,784,.000000000000000,.000000000000000,-1.996140460984901,1.996140460984901
644,2,256,-3.992280921969426,7.984561843938852,-3.858964453827701,-.1333164681417225
644,3,256,-3.725647985685588,7.451295971371175,-2.758876632842333,-.9667713528432558
644,4,10,-1.792105279999060,3.584210559998120,-.8960526399995332,-.8960526399995269
645,1,784,.000000000000000,.000000000000000,-1.996712962449801,1.996712962449801
645,2,256,-3.993425924899010,7.986851849798020,-3.859608296143136,-.1338176287558772
645,3,256,-3.725790667386768,7.451581334773537,-2.781830560050942,-.9439601073358252
645,4,10,-1.837870452715237,3.675740905430475,-.9189352263576092,-.9189352263576286
646,1,784,.000000000000000,.000000000000000,-1.995939133702443,1.995939133702443
646,2,256,-3.991878267405111,7.983756534810222,-3.859138638646396,-.1327396287587125
646,3,256,-3.726399009887813,7.452798019775626,-2.764713955670866,-.9616850542169452
646,4,10,-1.803028901453802,3.606057802907604,-.9015144507269123,-.9015144507268897
647,1,784,.000000000000000,.000000000000000,-1.996259716048504,1.996259716048504
647,2,256,-3.992519432097389,7.985038864194778,-3.859086199629822,-.1334332324675629
647,3,256,-3.725652967162830,7.451305934325660,-2.780609640708657,-.9450433264541690
647,4,10,-1.835566314254716,3.671132628509432,-.9177831571273429,-.9177831571273728
648,1,784,.000000000000000,.000000000000000,-1.996228427735998,1.996228427735998
648,2,256,-3.992456855471815,7.984913710943629,-3.859021090363012,-.1334357651088023
648,3,256,-3.725585325253951,7.451170650507902,-2.764865988259511,-.9607193369944376
648,4,10,-1.804146651264995,3.608293302529991,-.9020733256324953,-.9020733256325000
649,1,784,.000000000000000,.000000000000000,-1.995715083597321,1.995715083597321
649,2,256,-3.991430167194451,7.982860334388902,-3.859955771114617,-.1314743960798351
649,3,256,-3.728481375034646,7.456962750069293,-2.765738207121127,-.9627431679135215
649,4,10,-1.802995039207656,3.605990078415312,-.9014975196038307,-.9014975196038252
650,1,784,.000000000000000,.000000000000000,-1.997094748871586,1.997094748871586
650,2,256,-3.994189497743141,7.988378995486283,-3.860169169000161,-.1340203287429789
650,3,256,-3.726148840257307,7.452297680514613,-2.773093571197806,-.9530552690595009
650,4,10,-1.820038302138435,3.640076604276871,-.9100191510692297,-.9100191510692059
651,1,784,.000000000000000,.000000000000000,-1.995571762544439,1.995571762544439
651,2,256,-3.991143525088889,7.982287050177779,-3.858864836061567,-.1322786890273226
651,3,256,-3.726586147034184,7.453172294068367,-2.762456422113616,-.9641297249205681
651,4,10,-1.798326697192981,3.596653394385963,-.8991633485964908,-.8991633485964906
652,1,784,.000000000000000,.000000000000000,-1.995986917471995,1.995986917471995
652,2,256,-3.991973834943480,7.983947669886961,-3.859319770913261,-.1326540640302206
652,3,256,-3.726665706882430,7.453331413764861,-2.771950242095648,-.9547154647867825
652,4,10,-1.817234777308765,3.634469554617530,-.9086173886543845,-.9086173886543806
653,1,784,.000000000000000,.000000000000000,-1.996541743517396,1.996541743517396
653,2,256,-3.993083487034440,7.986166974068880,-3.858914782319723,-.1341687047147160
653,3,256,-3.724746077604770,7.449492155209541,-2.773472855376652,-.9512732222281195
653,4,10,-1.822199633148640,3.644399266297281,-.9110998165743183,-.9110998165743222
654,1,784,.000000000000000,.000000000000000,-1.995568563320383,1.995568563320383
654,2,256,-3.991137126640671,7.982274253281341,-3.858877872802017,-.1322592538386513
654,3,256,-3.726618618963403,7.453237237926806,-2.762743830581428,-.9638747883819707
654,4,10,-1.798869042199599,3.597738084399199,-.8994345210997908,-.8994345210998088
655,1,784,.000000000000000,.000000000000000,-1.996763892455067,1.996763892455067
655,2,256,-3.993527784909678,7.987055569819356,-3.860298682042040,-.1332291028676423
655,3,256,-3.727069579173935,7.454139158347870,-2.778352918745630,-.9487166604283033
655,4,10,-1.829636258317336,3.659272516634671,-.9148181291586576,-.9148181291586782
656,1,784,.000000000000000,.000000000000000,-1.996305952106830,1.996305952106830
656,2,256,-3.992611904213283,7.985223808426565,-3.859320536403919,-.1332913678093650
656,3,256,-3.726029168594002,7.452058337188004,-2.785892025449055,-.9401371431449488
656,4,10,-1.845754882303943,3.691509764607886,-.9228774411519699,-.9228774411519728
657,1,784,.000000000000000,.000000000000000,-1.996444042369542,1.996444042369542
657,2,256,-3.992888084739463,7.985776169478926,-3.859860106507500,-.1330279782319641
657,3,256,-3.726832128276318,7.453664256552636,-2.761478728073497,-.9653534002028215
657,4,10,-1.796125327871066,3.592250655742133,-.8980626639355378,-.8980626639355285
658,1,784,.000000000000000,.000000000000000,-1.996780132339331,1.996780132339331
658,2,256,-3.993560264678819,7.987120529357638,-3.859869273674872,-.1336909910039452
658,3,256,-3.726178282671146,7.452356565342293,-2.771497159606245,-.9546811230649015
658,4,10,-1.816816036541406,3.633632073082812,-.9084080182707019,-.9084080182707041
659,1,784,.000000000000000,.000000000000000,-1.996487133274947,1.996487133274947
659,2,256,-3.992974266549986,7.985948533099973,-3.859106805148576,-.1338674614014091
659,3,256,-3.725239343747131,7.450478687494262,-2.759981303242402,-.9652580405047279
659,4,10,-1.794723262737554,3.589446525475108,-.8973616313687750,-.8973616313687793
660,1,784,.000000000000000,.000000000000000,-1.995559539237758,1.995559539237758
660,2,256,-3.991119078475722,7.982238156951444,-3.858301445549280,-.1328176329264454
660,3,256,-3.725483812623309,7.450967625246618,-2.770213270549514,-.9552705420737928
660,4,10,-1.814942728475989,3.629885456951979,-.9074713642379960,-.9074713642379935
661,1,784,.000000000000000,.000000000000000,-1.995879620075752,1.995879620075752
661,2,256,-3.991759240151651,7.983518480303301,-3.859129212926041,-.1326300272256072
661,3,256,-3.726499185700248,7.452998371400496,-2.768739125135097,-.9577600605651480
661,4,10,-1.810979064569612,3.621958129139224,-.9054895322848064,-.9054895322848060
662,1,784,.000000000000000,.000000000000000,-1.996064012106673,1.996064012106673
662,2,256,-3.992128024213644,7.984256048427288,-3.860097987732134,-.1320300364815098
662,3,256,-3.728067951251065,7.456135902502131,-2.761968015465716,-.9660999357853430
662,4,10,-1.795868079680500,3.591736159361001,-.8979340398402548,-.8979340398402457
663,1,784,.000000000000000,.000000000000000,-1.996302726662198,1.996302726662198
663,2,256,-3.992605453324942,7.985210906649884,-3.860243561937631,-.1323618913873126
663,3,256,-3.727881670550965,7.455763341101930,-2.771926114866593,-.9559555556843727
663,4,10,-1.815970559182317,3.631941118364634,-.9079852795911598,-.9079852795911575
664,1,784,.000000000000000,.000000000000000,-1.996675978263896,1.996675978263896
664,2,256,-3.993351956528203,7.986703913056406,-3.859922148872875,-.1334298076553312
664,3,256,-3.726492341217982,7.452984682435964,-2.762027256690468,-.9644650845275132
664,4,10,-1.797562172162967,3.595124344325935,-.8987810860814884,-.8987810860814790
665,1,784,.000000000000000,.000000000000000,-1.995839272228175,1.995839272228175
665,2,256,-3.991678544456652,7.983357088913305,-3.857852323892994,-.1338262205636612
665,3,256,-3.724026103329594,7.448052206659189,-2.761563127859918,-.9624629754696763
665,4,10,-1.799100152390194,3.598200304780389,-.8995500761950983,-.8995500761950960
666,1,784,.000000000000000,.000000000000000,-1.996672115764689,1.996672115764689
666,2,256,-3.993344231529627,7.986688463059254,-3.859043755748248,-.1343004757813806
666,3,256,-3.724743279967306,7.449486559934613,-2.763541297303156,-.9612019826641515
666,4,10,-1.802339314639212,3.604678629278424,-.9011696573195962,-.9011696573196158
667,1,784,.000000000000000,.000000000000000,-1.995936386982177,1.995936386982177
667,2,256,-3.991872773964487,7.983745547928975,-3.858911665247824,-.1329611087166617
667,3,256,-3.725950556531446,7.451901113062893,-2.771536349647334,-.9544142068841145
667,4,10,-1.817122142763377,3.634244285526753,-.9085610713816852,-.9085610713816916
668,1,784,.000000000000000,.000000000000000,-1.996539870331073,1.996539870331073
668,2,256,-3.993079740661818,7.986159481323636,-3.859705694377543,-.1333740462842738
668,3,256,-3.726331648093242,7.452663296186484,-2.768121655293387,-.9582099927998534
668,4,10,-1.809911662493844,3.619823324987688,-.9049558312469146,-.9049558312469295
669,1,784,.000000000000000,.000000000000000,-1.995777674693421,1.995777674693421
669,2,256,-3.991555349387371,7.983110698774743,-3.858147419364819,-.1334079300225495
669,3,256,-3.724739489342683,7.449478978685366,-2.767393225915225,-.9573462634274562
669,4,10,-1.810046962487642,3.620093924975284,-.9050234812438234,-.9050234812438184
670,1,784,.000000000000000,.000000000000000,-1.996703956526802,1.996703956526802
670,2,256,-3.993407913052699,7.986815826105397,-3.859524051334215,-.1338838617184862
670,3,256,-3.725640189614750,7.451280379229501,-2.761651493749596,-.9639886958651538
670,4,10,-1.797662797884366,3.595325595768731,-.8988313989421853,-.8988313989421802
671,1,784,.000000000000000,.000000000000000,-1.995766332631759,1.995766332631759
671,2,256,-3.991532665263016,7.983065330526031,-3.859195959187540,-.1323367060754745
671,3,256,-3.726859253111810,7.453718506223620,-2.766097331269711,-.9607619218421002
671,4,10,-1.805335409427856,3.610670818855713,-.9026677047139292,-.9026677047139272
672,1,784,.000000000000000,.000000000000000,-1.996041321802494,1.996041321802494
672,2,256,-3.992082643604996,7.984165287209992,-3.858870243785964,-.1332123998190305
672,3,256,-3.725657843966907,7.451315687933813,-2.773615384301151,-.9520424596657550
672,4,10,-1.821572924635369,3.643145849270738,-.9107864623176805,-.9107864623176886
673,1,784,.000000000000000,.000000000000000,-1.995497324687224,1.995497324687224
673,2,256,-3.990994649374517,7.981989298749035,-3.858710777199200,-.1322838721753166
673,3,256,-3.726426905023676,7.452853810047351,-2.760960663120194,-.9654662419034843
673,4,10,-1.795494421216434,3.590988842432867,-.8977472106082149,-.8977472106082187
674,1,784,.000000000000000,.000000000000000,-1.995433186056905,1.995433186056905
674,2,256,-3.990866372113870,7.981732744227741,-3.857894527128485,-.1329718449853886
674,3,256,-3.724922682143415,7.449845364286831,-2.763326450313088,-.9615962318303242
674,4,10,-1.801730218483030,3.603460436966059,-.9008651092415105,-.9008651092415189
675,1,784,.000000000000000,.000000000000000,-1.995991348436575,1.995991348436575
675,2,256,-3.991982696873360,7.983965393746721,-3.857880774035785,-.1341019228375773
675,3,256,-3.723778851198627,7.447557702397255,-2.763065546508249,-.9607133046903776
675,4,10,-1.802352241818084,3.604704483636168,-.9011761209090376,-.9011761209090462
676,1,784,.000000000000000,.000000000000000,-1.995942403816985,1.995942403816985
676,2,256,-3.991884807634393,7.983769615268787,-3.859617199190000,-.1322676084443963
676,3,256,-3.727349590746239,7.454699181492478,-2.771241443453173,-.9561081472930683
676,4,10,-1.815133296160319,3.630266592320638,-.9075666480801582,-.9075666480801607
677,1,784,.000000000000000,.000000000000000,-1.996842128184010,1.996842128184010
677,2,256,-3.993684256367321,7.987368512734642,-3.860290974624738,-.1333932817425810
677,3,256,-3.726897692881364,7.453795385762729,-2.767448221003971,-.9594494718773935
677,4,10,-1.807998749126482,3.615997498252963,-.9039993745632403,-.9039993745632416
678,1,784,.000000000000000,.000000000000000,-1.996578859484648,1.996578859484648
678,2,256,-3.993157718969460,7.986315437938920,-3.859699432663212,-.1334582863062510
678,3,256,-3.726241146357679,7.452482292715358,-2.795988876891720,-.9302522694659605
678,4,10,-1.865736607426325,3.731473214852651,-.9328683037131574,-.9328683037131681
679,1,784,.000000000000000,.000000000000000,-1.995683670770231,1.995683670770231
679,2,256,-3.991367341541012,7.982734683082024,-3.858084202322894,-.1332831392181174
679,3,256,-3.724801063105033,7.449602126210066,-2.773463447534393,-.9513376155706412
679,4,10,-1.822125831963441,3.644251663926882,-.9110629159817265,-.9110629159817147
680,1,784,.000000000000000,.000000000000000,-1.996331937869286,1.996331937869286
680,2,256,-3.992663875738330,7.985327751476659,-3.860351412905977,-.1323124628323531
680,3,256,-3.728038950073264,7.456077900146528,-2.764401895397674,-.9636370546755897
680,4,10,-1.800764840721983,3.601529681443966,-.9003824203609863,-.9003824203609965
681,1,784,.000000000000000,.000000000000000,-1.995531993435304,1.995531993435304
681,2,256,-3.991063986870884,7.982127973741767,-3.858370644094523,-.1326933427763596
681,3,256,-3.725677301318554,7.451354602637108,-2.755951405629125,-.9697258956894304
681,4,10,-1.786225509939796,3.572451019879592,-.8931127549699018,-.8931127549698943
682,1,784,.000000000000000,.000000000000000,-1.996291992824164,1.996291992824164
682,2,256,-3.992583985648585,7.985167971297170,-3.859592484317372,-.1329915013312157
682,3,256,-3.726600982986559,7.453201965973117,-2.769780115497905,-.9568208674886544
682,4,10,-1.812959248009394,3.625918496018787,-.9064796240046985,-.9064796240046952
683,1,784,.000000000000000,.000000000000000,-1.996384471274398,1.996384471274398
683,2,256,-3.992768942549068,7.985537885098136,-3.859562447821000,-.1332064947280649
683,3,256,-3.726355953093448,7.452711906186895,-2.762196109022816,-.9641598440706340
683,4,10,-1.798036264952424,3.596072529904849,-.8990181324762104,-.8990181324762140
684,1,784,.000000000000000,.000000000000000,-1.995556657041768,1.995556657041768
684,2,256,-3.991113314083193,7.982226628166386,-3.857991200470008,-.1331221136131855
684,3,256,-3.724869086856820,7.449738173713641,-2.774339682328871,-.9505294045279502
684,4,10,-1.823810277801290,3.647620555602579,-.9119051389006289,-.9119051389006606
685,1,784,.000000000000000,.000000000000000,-1.996135756778874,1.996135756778874
685,2,256,-3.992271513557600,7.984543027115199,-3.859161995677406,-.1331095178801953
685,3,256,-3.726052477797075,7.452104955594150,-2.762298071639584,-.9637544061574908
685,4,10,-1.798543665482117,3.597087330964233,-.8992718327410506,-.8992718327410661
686,1,784,.000000000000000,.000000000000000,-1.996340054626173,1.996340054626173
686,2,256,-3.992680109252563,7.985360218505127,-3.859722738361155,-.1329573708914059
686,3,256,-3.726765367469917,7.453530734939833,-2.780033516725897,-.9467318507440200
686,4,10,-1.833301665981822,3.666603331963644,-.9166508329909135,-.9166508329909087
687,1,784,.000000000000000,.000000000000000,-1.996775121671394,1.996775121671394
687,2,256,-3.993550243342412,7.987100486684824,-3.859664426251286,-.1338858170911320
687,3,256,-3.725778609159754,7.451557218319508,-2.766997856160979,-.9587807529987715
687,4,10,-1.808217103162191,3.616434206324381,-.9041085515810924,-.9041085515810977
688,1,784,.000000000000000,.000000000000000,-1.995716861289550,1.995716861289550
688,2,256,-3.991433722579391,7.982867445158782,-3.858491038080762,-.1329426844986279
688,3,256,-3.725548353582208,7.451096707164416,-2.773763824733187,-.9517845288490228
688,4,10,-1.821979295883942,3.643958591767884,-.9109896479419750,-.9109896479419670
689,1,784,.000000000000000,.000000000000000,-1.996549858570151,1.996549858570151
689,2,256,-3.993099717140637,7.986199434281273,-3.859638247432312,-.1334614697083263
689,3,256,-3.726176777723991,7.452353555447982,-2.777502112549508,-.9486746651744831
689,4,10,-1.828827447374684,3.657654894749368,-.9144137236873509,-.9144137236873334
690,1,784,.000000000000000,.000000000000000,-1.995634813222630,1.995634813222630
690,2,256,-3.991269626445859,7.982539252891717,-3.858172708847239,-.1330969175986190
690,3,256,-3.725075791249395,7.450151582498791,-2.763864948620569,-.9612108426288267
690,4,10,-1.802654105991908,3.605308211983815,-.9013270529959575,-.9013270529959502
691,1,784,.000000000000000,.000000000000000,-1.995967513928637,1.995967513928637
691,2,256,-3.991935027856960,7.983870055713920,-3.858530533220967,-.1334044946359942
691,3,256,-3.725126038584687,7.450252077169375,-2.770520447630165,-.9546055909545225
691,4,10,-1.815914856675694,3.631829713351387,-.9079574283378390,-.9079574283378550
692,1,784,.000000000000000,.000000000000000,-1.995802374019536,1.995802374019536
692,2,256,-3.991604748038934,7.983209496077867,-3.858193944991664,-.1334108030472720
692,3,256,-3.724783141944468,7.449566283888936,-2.760028344315455,-.9647547976290138
692,4,10,-1.795273546686660,3.590547093373320,-.8976367733433269,-.8976367733433329
693,1,784,.000000000000000,.000000000000000,-1.995606395273811,1.995606395273811
693,2,256,-3.991212790548004,7.982425581096009,-3.859179352968864,-.1320334375791375
693,3,256,-3.727145915390174,7.454291830780347,-2.762944363795215,-.9642015515949575
693,4,10,-1.798742812200310,3.597485624400621,-.8993714061001569,-.8993714061001540
694,1,784,.000000000000000,.000000000000000,-1.996432080682445,1.996432080682445
694,2,256,-3.992864161364917,7.985728322729833,-3.859832293992838,-.1330318673720779
694,3,256,-3.726800426620940,7.453600853241880,-2.781533800095049,-.9452666265258908
694,4,10,-1.836267173569330,3.672534347138660,-.9181335867846554,-.9181335867846746
695,1,784,.000000000000000,.000000000000000,-1.996040748201990,1.996040748201990
695,2,256,-3.992081496404094,7.984162992808189,-3.858757314105959,-.1333241822981350
695,3,256,-3.725433131807697,7.450866263615393,-2.776159897022158,-.9492732347855402
695,4,10,-1.826886662236383,3.653773324472765,-.9134433311181879,-.9134433311181949
696,1,784,.000000000000000,.000000000000000,-1.996486212467281,1.996486212467281
696,2,256,-3.992972424934696,7.985944849869392,-3.858949743879160,-.1340226810555342
696,3,256,-3.724927062823801,7.449854125647602,-2.771164126013808,-.9537629368099928
696,4,10,-1.817401189203856,3.634802378407713,-.9087005946019291,-.9087005946019273
697,1,784,.000000000000000,.000000000000000,-1.995886546950428,1.995886546950428
697,2,256,-3.991773093901412,7.983546187802824,-3.858788685048515,-.1329844088528957
697,3,256,-3.725804276196020,7.451608552392040,-2.766101583773511,-.9597026924225068
697,4,10,-1.806398891350846,3.612797782701692,-.9031994456754266,-.9031994456754195
698,1,784,.000000000000000,.000000000000000,-1.996620271063434,1.996620271063434
698,2,256,-3.993240542126482,7.986481084252964,-3.859772630655097,-.1334679114713875
698,3,256,-3.726304719183217,7.452609438366435,-2.767827767237887,-.9584769519453293
698,4,10,-1.809350815292436,3.618701630584871,-.9046754076462227,-.9046754076462130
699,1,784,.000000000000000,.000000000000000,-1.995799342674503,1.995799342674503
699,2,256,-3.991598685348748,7.983197370697496,-3.858190321291233,-.1334083640575187
699,3,256,-3.724781957233287,7.449563914466573,-2.771839597780762,-.9529423594525221
699,4,10,-1.818897238328062,3.637794476656125,-.9094486191640339,-.9094486191640283
700,1,784,.000000000000000,.000000000000000,-1.995298924342936,1.995298924342936
700,2,256,-3.990597848686031,7.981195697372061,-3.857844367358940,-.1327534813270913
700,3,256,-3.725090886031878,7.450181772063757,-2.764150216427705,-.9609406696041751
700,4,10,-1.803209546823412,3.606419093646824,-.9016047734117024,-.9016047734117096
701,1,784,.000000000000000,.000000000000000,-1.996695599926826,1.996695599926826
701,2,256,-3.993391199853838,7.986782399707677,-3.860134474626659,-.1332567252271801
701,3,256,-3.726877749399812,7.453755498799625,-2.773622332562742,-.9532554168370647
701,4,10,-1.820366915725828,3.640733831451657,-.9101834578629123,-.9101834578629157
702,1,784,.000000000000000,.000000000000000,-1.995782919741483,1.995782919741483
702,2,256,-3.991565839482817,7.983131678965634,-3.859193021632302,-.1323728178505124
702,3,256,-3.726820203781688,7.453640407563375,-2.762615633089304,-.9642045706923829
702,4,10,-1.798411062396962,3.596822124793923,-.8992055311984853,-.8992055311984762
703,1,784,.000000000000000,.000000000000000,-1.996126863079595,1.996126863079595
703,2,256,-3.992253726159432,7.984507452318865,-3.859632937324589,-.1326207888348409
703,3,256,-3.727012148490210,7.454024296980419,-2.763939463793535,-.9630726846966747
703,4,10,-1.800866779097088,3.601733558194176,-.9004333895485394,-.9004333895485481
704,1,784,.000000000000000,.000000000000000,-1.995242767880346,1.995242767880346
704,2,256,-3.990485535761250,7.980971071522500,-3.858315963206864,-.1321695725543848
704,3,256,-3.726146390652708,7.452292781305417,-2.772724914826038,-.9534214758266681
704,4,10,-1.819303438999051,3.638606877998103,-.9096517194995208,-.9096517194995305
705,1,784,.000000000000000,.000000000000000,-1.996128299654781,1.996128299654781
705,2,256,-3.992256599309778,7.984513198619557,-3.858040939245654,-.1342156600641254
705,3,256,-3.723825279181889,7.447650558363779,-2.772404210618414,-.9514210685634747
705,4,10,-1.820983142055073,3.641966284110146,-.9104915710275439,-.9104915710275293
706,1,784,.000000000000000,.000000000000000,-1.996295138929586,1.996295138929586
706,2,256,-3.992590277859470,7.985180555718939,-3.859031099113037,-.1335591787464294
706,3,256,-3.725471920366636,7.450943840733272,-2.766535332653814,-.9589365877128240
706,4,10,-1.807598744940726,3.615197489881453,-.9037993724703614,-.9037993724703655
707,1,784,.000000000000000,.000000000000000,-1.995712141697148,1.995712141697148
707,2,256,-3.991424283393032,7.982848566786063,-3.858760262505951,-.1326640208870830
707,3,256,-3.726096241617576,7.452192483235152,-2.770461547380516,-.9556346942370630
707,4,10,-1.814826853143445,3.629653706286891,-.9074134265717168,-.9074134265717287
708,1,784,.000000000000000,.000000000000000,-1.996377841645775,1.996377841645775
708,2,256,-3.992755683291098,7.985511366582196,-3.860793089172301,-.1319625941187998
708,3,256,-3.728830495053029,7.457660990106057,-2.771483509050915,-.9573469860021173
708,4,10,-1.814136523048774,3.628273046097547,-.9070682615243879,-.9070682615243855
709,1,784,.000000000000000,.000000000000000,-1.995503167317894,1.995503167317894
709,2,256,-3.991006334635053,7.982012669270105,-3.859114407191962,-.1318919274430909
709,3,256,-3.727222479748371,7.454444959496742,-2.773468701205360,-.9537537785430098
709,4,10,-1.819714922662599,3.639429845325199,-.9098574613312891,-.9098574613313106
710,1,784,.000000000000000,.000000000000000,-1.996401898610781,1.996401898610781
710,2,256,-3.992803797220979,7.985607594441959,-3.860404042292430,-.1323997549285515
710,3,256,-3.728004287363046,7.456008574726092,-2.765929174697779,-.9620751126652677
710,4,10,-1.803854062032243,3.607708124064486,-.9019270310161303,-.9019270310161128
711,1,784,.000000000000000,.000000000000000,-1.995154262379435,1.995154262379435
711,2,256,-3.990308524759145,7.980617049518290,-3.857443983509110,-.1328645412500365
711,3,256,-3.724579442259438,7.449158884518876,-2.772836377325146,-.9517430649342881
711,4,10,-1.821093312390947,3.642186624781894,-.9105466561954738,-.9105466561954737
712,1,784,.000000000000000,.000000000000000,-1.995860406811934,1.995860406811934
712,2,256,-3.991720813623770,7.983441627247540,-3.858697268856228,-.1330235447675426
712,3,256,-3.725673724088419,7.451347448176837,-2.781528856515272,-.9441448675731466
712,4,10,-1.837383988941982,3.674767977883964,-.9186919944709814,-.9186919944710008
713,1,784,.000000000000000,.000000000000000,-1.995952956351130,1.995952956351130
713,2,256,-3.991905912702487,7.983811825404974,-3.859042767818322,-.1328631448841691
713,3,256,-3.726179622934565,7.452359245869129,-2.764472320591240,-.9617073023433280
713,4,10,-1.802765018248090,3.605530036496180,-.9013825091240479,-.9013825091240423
714,1,784,.000000000000000,.000000000000000,-1.995713174139029,1.995713174139029
714,2,256,-3.991426348277955,7.982852696555909,-3.858092856629818,-.1333334916481360
714,3,256,-3.724759364981492,7.449518729962985,-2.762620485777413,-.9621388792040804
714,4,10,-1.800481606573247,3.600963213146495,-.9002408032866259,-.9002408032866213
715,1,784,.000000000000000,.000000000000000,-1.996432698556936,1.996432698556936
715,2,256,-3.992865397113979,7.985730794227958,-3.858553913863297,-.1343114832506781
715,3,256,-3.724242430612635,7.448484861225269,-2.771287738874173,-.9529546917384594
715,4,10,-1.818333047135614,3.636666094271229,-.9091665235678119,-.9091665235678021
716,1,784,.000000000000000,.000000000000000,-1.995910074731484,1.995910074731484
716,2,256,-3.991820149462834,7.983640298925668,-3.857826545081759,-.1339936043810784
716,3,256,-3.723832940700464,7.447665881400928,-2.762602028178196,-.9612309125222649
716,4,10,-1.801371115655844,3.602742231311688,-.9006855578279224,-.9006855578279213
717,1,784,.000000000000000,.000000000000000,-1.996446139320930,1.996446139320930
717,2,256,-3.992892278642195,7.985784557284390,-3.859884659833791,-.1330076188084032
717,3,256,-3.726877041025619,7.453754082051238,-2.762794978371526,-.9640820626540919
717,4,10,-1.798712915717334,3.597425831434669,-.8993564578586669,-.8993564578586674
718,1,784,.000000000000000,.000000000000000,-1.996412851372066,1.996412851372066
718,2,256,-3.992825702743460,7.985651405486920,-3.860050697727759,-.1327750050156997
718,3,256,-3.727275692711313,7.454551385422627,-2.766112945858134,-.9611627468531786
718,4,10,-1.804950199004872,3.609900398009745,-.9024750995024382,-.9024750995024343
719,1,784,.000000000000000,.000000000000000,-1.995594738211590,1.995594738211590
719,2,256,-3.991189476423028,7.982378952846057,-3.858598938139780,-.1325905382832446
719,3,256,-3.726008399856394,7.452016799712788,-2.773975445832041,-.9520329540243535
719,4,10,-1.821942491807699,3.643884983615398,-.9109712459038493,-.9109712459038497
720,1,784,.000000000000000,.000000000000000,-1.996514761463555,1.996514761463555
720,2,256,-3.993029522927400,7.986059045854799,-3.859999497782720,-.1330300251446779
720,3,256,-3.726969472637835,7.453938945275669,-2.760206198661926,-.9667632739759079
720,4,10,-1.793442924685514,3.586885849371027,-.8967214623427562,-.8967214623427575
721,1,784,.000000000000000,.000000000000000,-1.996468088266749,1.996468088266749
721,2,256,-3.992936176533199,7.985872353066399,-3.859333174725666,-.1336030018075287
721,3,256,-3.725730172917599,7.451460345835198,-2.765272411236642,-.9604577616809612
721,4,10,-1.804814649555454,3.609629299110908,-.9024073247777220,-.9024073247777321
722,1,784,.000000000000000,.000000000000000,-1.996439808977341,1.996439808977341
722,2,256,-3.992879617954793,7.985759235909586,-3.859480560359007,-.1333990575957819
722,3,256,-3.726081502763260,7.452163005526520,-2.776818831129963,-.9492626716332987
722,4,10,-1.827556159496566,3.655112318993132,-.9137780797482959,-.9137780797482702
723,1,784,.000000000000000,.000000000000000,-1.996202706960704,1.996202706960704
723,2,256,-3.992405413921510,7.984810827843020,-3.859771516995679,-.1326338969258339
723,3,256,-3.727137620069784,7.454275240139569,-2.762443375659744,-.9646942444100405
723,4,10,-1.797749131249523,3.595498262499047,-.8988745656247695,-.8988745656247539
724,1,784,.000000000000000,.000000000000000,-1.996152608680002,1.996152608680002
724,2,256,-3.992305217359781,7.984610434719563,-3.858928350580059,-.1333768667797243
724,3,256,-3.725551483800249,7.451102967600499,-2.767256417405291,-.9582950663949558
724,4,10,-1.808961351010470,3.617922702020939,-.9044806755052357,-.9044806755052338
725,1,784,.000000000000000,.000000000000000,-1.995904802447509,1.995904802447509
725,2,256,-3.991809604894131,7.983619209788262,-3.858627390096926,-.1331822147972057
725,3,256,-3.725445175299246,7.450890350598492,-2.772580881413506,-.9528642938857366
725,4,10,-1.819716587528183,3.639433175056366,-.9098582937640920,-.9098582937640913
726,1,784,.000000000000000,.000000000000000,-1.995843065849544,1.995843065849544
726,2,256,-3.991686131699636,7.983372263399272,-3.858872995202783,-.1328131364968523
726,3,256,-3.726059858706591,7.452119717413183,-2.761351614712364,-.9647082439942296
726,4,10,-1.796643370718239,3.593286741436478,-.8983216853591246,-.8983216853591147
727,1,784,.000000000000000,.000000000000000,-1.996471426108866,1.996471426108866
727,2,256,-3.992942852217622,7.985885704435245,-3.860375832823444,-.1325670193941766
727,3,256,-3.727808813429180,7.455617626858361,-2.764338850519373,-.9634699629098096
727,4,10,-1.800868887609557,3.601737775219115,-.9004344438047945,-.9004344438047630
728,1,784,.000000000000000,.000000000000000,-1.995981617797843,1.995981617797843
728,2,256,-3.991963235595676,7.983926471191352,-3.859085352505173,-.1328778830904996
728,3,256,-3.726207469414985,7.452414938829970,-2.766913119821617,-.9592943495933677
728,4,10,-1.807618770228588,3.615237540457177,-.9038093851142845,-.9038093851143042
729,1,784,.000000000000000,.000000000000000,-1.996443610580443,1.996443610580443
729,2,256,-3.992887221160496,7.985774442320992,-3.859737821056086,-.1331494001044091
729,3,256,-3.726588420950966,7.453176841901932,-2.763604242011958,-.9629841789390079
729,4,10,-1.800620063072628,3.601240126145255,-.9003100315363147,-.9003100315363129
730,1,784,.000000000000000,.000000000000000,-1.996339582406895,1.996339582406895
730,2,256,-3.992679164813640,7.985358329627280,-3.858876536274482,-.1338026285391596
730,3,256,-3.725073907735024,7.450147815470047,-2.759524507896211,-.9655493998388121
730,4,10,-1.793975108057279,3.587950216114558,-.8969875540286274,-.8969875540286520
731,1,784,.000000000000000,.000000000000000,-1.995285066585389,1.995285066585389
731,2,256,-3.990570133170798,7.981140266341596,-3.857765363832901,-.1328047693379010
731,3,256,-3.724960594494931,7.449921188989862,-2.759564326842998,-.9653962676519309
731,4,10,-1.794168059190977,3.588336118381954,-.8970840295954884,-.8970840295954886
732,1,784,.000000000000000,.000000000000000,-1.996618013467394,1.996618013467394
732,2,256,-3.993236026934948,7.986472053869895,-3.859459435927858,-.1337765910070874
732,3,256,-3.725682844921396,7.451365689842793,-2.774895581107959,-.9507872638134344
732,4,10,-1.824108317294983,3.648216634589966,-.9120541586474948,-.9120541586474887
733,1,784,.000000000000000,.000000000000000,-1.995601142206439,1.995601142206439
733,2,256,-3.991202284412560,7.982404568825119,-3.857990604709982,-.1332116797025774
733,3,256,-3.724778925007035,7.449557850014070,-2.762376159454691,-.9624027655523429
733,4,10,-1.799973393902302,3.599946787804603,-.8999866969511515,-.8999866969511504
734,1,784,.000000000000000,.000000000000000,-1.996033340872086,1.996033340872086
734,2,256,-3.992066681744313,7.984133363488627,-3.858441339276065,-.1336253424682477
734,3,256,-3.724815996807807,7.449631993615614,-2.761756029419624,-.9630599673881854
734,4,10,-1.798696062031266,3.597392124062532,-.8993480310156404,-.8993480310156253
735,1,784,.000000000000000,.000000000000000,-1.997150636254473,1.997150636254473
735,2,256,-3.994301272509304,7.988602545018607,-3.860962574183258,-.1333386983260451
735,3,256,-3.727623875857475,7.455247751714951,-2.775609433934052,-.9520144419234248
735,4,10,-1.823594992010537,3.647189984021073,-.9117974960052667,-.9117974960052698
736,1,784,.000000000000000,.000000000000000,-1.996461509764317,1.996461509764317
736,2,256,-3.992923019528705,7.985846039057409,-3.859220609733359,-.1337024097953411
736,3,256,-3.725518199938124,7.451036399876249,-2.784453851056204,-.9410643488819158
736,4,10,-1.843389502174313,3.686779004348626,-.9216947510871600,-.9216947510871533
737,1,784,.000000000000000,.000000000000000,-1.995538793273724,1.995538793273724
737,2,256,-3.991077586548032,7.982155173096063,-3.857868841015438,-.1332087455325927
737,3,256,-3.724660095483621,7.449320190967241,-2.760745714508069,-.9639143809755516
737,4,10,-1.796831333532710,3.593662667065419,-.8984156667663550,-.8984156667663545
738,1,784,.000000000000000,.000000000000000,-1.995937236039819,1.995937236039819
738,2,256,-3.991874472079835,7.983748944159671,-3.859159937796441,-.1327145342833961
738,3,256,-3.726445403512944,7.452890807025888,-2.791795436260709,-.9346499672522354
738,4,10,-1.857145469008155,3.714290938016310,-.9285727345040867,-.9285727345040683
739,1,784,.000000000000000,.000000000000000,-1.995795543030003,1.995795543030003
739,2,256,-3.991591086059887,7.983182172119775,-3.857861321648580,-.1337297644113031
739,3,256,-3.724131557237097,7.448263114474194,-2.776895932628971,-.9472356246081270
739,4,10,-1.829660308020800,3.659320616041600,-.9148301540103908,-.9148301540104091
740,1,784,.000000000000000,.000000000000000,-1.996291661584148,1.996291661584148
740,2,256,-3.992583323168685,7.985166646337370,-3.859069370217370,-.1335139529513143
740,3,256,-3.725555417266303,7.451110834532606,-2.779790139965989,-.9457652773003142
740,4,10,-1.834024862665552,3.668049725331104,-.9170124313327731,-.9170124313327790
741,1,784,.000000000000000,.000000000000000,-1.995762551628556,1.995762551628556
741,2,256,-3.991525103256597,7.983050206513194,-3.858040601487487,-.1334845017691119
741,3,256,-3.724556099717673,7.449112199435346,-2.769402043851094,-.9551540558665766
741,4,10,-1.814247987984325,3.628495975968649,-.9071239939921655,-.9071239939921590
742,1,784,.000000000000000,.000000000000000,-1.995784521842780,1.995784521842780
742,2,256,-3.991569043685597,7.983138087371194,-3.858318476088288,-.1332505675973069
742,3,256,-3.725067908491164,7.450135816982328,-2.762762857565265,-.9623050509258959
742,4,10,-1.800457806639512,3.600915613279025,-.9002289033197588,-.9002289033197532
743,1,784,.000000000000000,.000000000000000,-1.996125292887403,1.996125292887403
743,2,256,-3.992250585775148,7.984501171550296,-3.859116243420604,-.1331343423545441
743,3,256,-3.725981901066629,7.451963802133259,-2.764473526990002,-.9615083740766250
743,4,10,-1.802965152913616,3.605930305827233,-.9014825764568006,-.9014825764568158
744,1,784,.000000000000000,.000000000000000,-1.995931860538088,1.995931860538088
744,2,256,-3.991863721075488,7.983727442150975,-3.859357400965047,-.1325063201104401
744,3,256,-3.726851080854031,7.453702161708062,-2.764587973797691,-.9622631070563360
744,4,10,-1.802324866741459,3.604649733482917,-.9011624333707350,-.9011624333707240
745,1,784,.000000000000000,.000000000000000,-1.996160594652759,1.996160594652759
745,2,256,-3.992321189305346,7.984642378610691,-3.859688060845731,-.1326331284596185
745,3,256,-3.727054932386047,7.454109864772094,-2.774400096109510,-.9526548362765358
745,4,10,-1.821745259833103,3.643490519666205,-.9108726299165375,-.9108726299165647
746,1,784,.000000000000000,.000000000000000,-1.995941249375410,1.995941249375410
746,2,256,-3.991882498751047,7.983764997502094,-3.858900308985354,-.1329821897656947
746,3,256,-3.725918119219663,7.451836238439325,-2.781099733801094,-.9448183854185724
746,4,10,-1.836281348382288,3.672562696764576,-.9181406741911534,-.9181406741911349
747,1,784,.000000000000000,.000000000000000,-1.996139659089257,1.996139659089257
747,2,256,-3.992279318178286,7.984558636356572,-3.859713364869172,-.1325659533091109
747,3,256,-3.727147411560157,7.454294823120314,-2.768664557488051,-.9584828540721012
747,4,10,-1.810181703416271,3.620363406832541,-.9050908517081380,-.9050908517081326
748,1,784,.000000000000000,.000000000000000,-1.995982511428466,1.995982511428466
748,2,256,-3.991965022856950,7.983930045713900,-3.859253759667320,-.1327112631896294
748,3,256,-3.726542496477449,7.453084992954898,-2.772627788021275,-.9539147084561750
748,4,10,-1.818713079564841,3.637426159129682,-.9093565397824191,-.9093565397824215
749,1,784,.000000000000000,.000000000000000,-1.996352492989229,1.996352492989229
749,2,256,-3.992704985979062,7.985409971958124,-3.859524535526726,-.1331804504523370
749,3,256,-3.726344085074853,7.452688170149706,-2.762878762676925,-.9634653223979263
749,4,10,-1.799413440278870,3.598826880557740,-.8997067201394291,-.8997067201394409
750,1,784,.000000000000000,.000000000000000,-1.995822048125319,1.995822048125319
750,2,256,-3.991644096250613,7.983288192501226,-3.858377243869160,-.1332668523814538
750,3,256,-3.725110391487439,7.450220782974878,-2.772113629878933,-.9529967616085046
750,4,10,-1.819116868270186,3.638233736540372,-.9095584341350947,-.9095584341350915
751,1,784,.000000000000000,.000000000000000,-1.996790437692473,1.996790437692473
751,2,256,-3.993580875385031,7.987161750770063,-3.859883367690162,-.1336975076948704
751,3,256,-3.726185859995118,7.452371719990236,-2.774779706870942,-.9514061531241721
751,4,10,-1.823373553746510,3.646747107493020,-.9116867768732543,-.9116867768732561
752,1,784,.000000000000000,.000000000000000,-1.996131485200824,1.996131485200824
752,2,256,-3.992262970402066,7.984525940804133,-3.860337530002388,-.1319254403996785
752,3,256,-3.728412089603457,7.456824179206914,-2.762755032754677,-.9656570568487811
752,4,10,-1.797097975906221,3.594195951812442,-.8985489879531161,-.8985489879531051
753,1,784,.000000000000000,.000000000000000,-1.995896821750901,1.995896821750901
753,2,256,-3.991793643501451,7.983587287002901,-3.857785994530753,-.1340076489706969
753,3,256,-3.723778345559516,7.447556691119033,-2.783449391439680,-.9403289541198350
753,4,10,-1.843120437319668,3.686240874639337,-.9215602186598263,-.9215602186598422
754,1,784,.000000000000000,.000000000000000,-1.995991084026013,1.995991084026013
754,2,256,-3.991982168051613,7.983964336103226,-3.859818375008039,-.1321637930435754
754,3,256,-3.727654581964118,7.455309163928236,-2.766775638684627,-.9608789432794951
754,4,10,-1.805896695405203,3.611793390810406,-.9029483477025999,-.9029483477026029
755,1,784,.000000000000000,.000000000000000,-1.996170605834440,1.996170605834440
755,2,256,-3.992341211669249,7.984682423338498,-3.859098480053718,-.1332427316155294
755,3,256,-3.725855748438408,7.451711496876816,-2.771149725307607,-.9547060231308009
755,4,10,-1.816443702176661,3.632887404353322,-.9082218510883261,-.9082218510883345
756,1,784,.000000000000000,.000000000000000,-1.996389442147422,1.996389442147422
756,2,256,-3.992778884295324,7.985557768590648,-3.859874999735124,-.1329038845602001
756,3,256,-3.726971115175449,7.453942230350897,-2.768077252838711,-.9588938623367352
756,4,10,-1.809183390501992,3.618366781003984,-.9045916952510080,-.9045916952509839
757,1,784,.000000000000000,.000000000000000,-1.996270544179357,1.996270544179357
757,2,256,-3.992541088358565,7.985082176717131,-3.858502312342824,-.1340387760157413
757,3,256,-3.724463536326999,7.448927072653998,-2.785712745908294,-.9387507904187060
757,4,10,-1.846961955489651,3.693923910979302,-.9234809777448264,-.9234809777448246
758,1,784,.000000000000000,.000000000000000,-1.995509317634203,1.995509317634203
758,2,256,-3.991018635268408,7.982037270536816,-3.858283185764284,-.1327354495041183
758,3,256,-3.725547736260339,7.451095472520677,-2.774918939593082,-.9506287966672562
758,4,10,-1.824290142926011,3.648580285852022,-.9121450714629992,-.9121450714630120
759,1,784,.000000000000000,.000000000000000,-1.995498529621243,1.995498529621243
759,2,256,-3.990997059242119,7.981994118484239,-3.856802000790249,-.1341950584518667
759,3,256,-3.722606942337932,7.445213884675864,-2.760588740589914,-.9620182017480148
759,4,10,-1.798570538841822,3.597141077683644,-.8992852694209056,-.8992852694209161
760,1,784,.000000000000000,.000000000000000,-1.995336162514678,1.995336162514678
760,2,256,-3.990672325029403,7.981344650058806,-3.857940550931093,-.1327317740983086
760,3,256,-3.725208776832711,7.450417553665422,-2.769160706745038,-.9560480700876730
760,4,10,-1.813112636657217,3.626225273314434,-.9065563183286180,-.9065563183285992
761,1,784,.000000000000000,.000000000000000,-1.996628979886020,1.996628979886020
761,2,256,-3.993257959772194,7.986515919544387,-3.859811112018610,-.1334468477535824
761,3,256,-3.726364264265225,7.452728528530451,-2.769778893951412,-.9565853703138150
761,4,10,-1.813193523637641,3.626387047275282,-.9065967618188241,-.9065967618188169
762,1,784,.000000000000000,.000000000000000,-1.996384477993542,1.996384477993542
762,2,256,-3.992768955986496,7.985537911972992,-3.859585467814714,-.1331834881717811
762,3,256,-3.726401979642363,7.452803959284727,-2.767280207186591,-.9591217724557716
762,4,10,-1.808158434730831,3.616316869461663,-.9040792173654197,-.9040792173654117
763,1,784,.000000000000000,.000000000000000,-1.996477773308184,1.996477773308184
763,2,256,-3.992955546616330,7.985911093232660,-3.860328265847025,-.1326272807693035
763,3,256,-3.727700985077704,7.455401970155408,-2.764229998253827,-.9634709868238756
763,4,10,-1.800759011429977,3.601518022859955,-.9003795057149840,-.9003795057149931
764,1,784,.000000000000000,.000000000000000,-1.996089270083473,1.996089270083473
764,2,256,-3.992178540166951,7.984357080333902,-3.859965962727564,-.1322125774393871
764,3,256,-3.727753385288172,7.455506770576345,-2.773307709721306,-.9544456755668678
764,4,10,-1.818862034154439,3.637724068308878,-.9094310170772131,-.9094310170772262
765,1,784,.000000000000000,.000000000000000,-1.996804459105515,1.996804459105515
765,2,256,-3.993608918211129,7.987217836422257,-3.860449519795211,-.1331593984159199
765,3,256,-3.727290121379347,7.454580242758695,-2.768144625817451,-.9591454955618978
765,4,10,-1.808999130255520,3.617998260511041,-.9044995651277579,-.9044995651277628
766,1,784,.000000000000000,.000000000000000,-1.996395448465258,1.996395448465258
766,2,256,-3.992790896930545,7.985581793861090,-3.860549501693785,-.1322413952367616
766,3,256,-3.728308106457055,7.456616212914111,-2.777272182841301,-.9510359236157554
766,4,10,-1.826236259225557,3.652472518451114,-.9131181296127716,-.9131181296127852
767,1,784,.000000000000000,.000000000000000,-1.996236693057296,1.996236693057296
767,2,256,-3.992473386114292,7.984946772228584,-3.858796511644848,-.1336768744694423
767,3,256,-3.725119637175083,7.450239274350166,-2.762091288305274,-.9630283488698080
767,4,10,-1.799062939435457,3.598125878870914,-.8995314697177209,-.8995314697177360
768,1,784,.000000000000000,.000000000000000,-1.996086056517592,1.996086056517592
768,2,256,-3.992172113035853,7.984344226071705,-3.859991626124451,-.1321804869114030
768,3,256,-3.727811139213607,7.455622278427214,-2.759061513069520,-.9687496261440893
768,4,10,-1.790311886925310,3.580623773850620,-.8951559434626597,-.8951559434626504
769,1,784,.000000000000000,.000000000000000,-1.995543743615164,1.995543743615164
769,2,256,-3.991087487229954,7.982174974459909,-3.859123443842483,-.1319640433874700
769,3,256,-3.727159400454622,7.454318800909244,-2.764955166215614,-.9622042342390056
769,4,10,-1.802750931976601,3.605501863953203,-.9013754659882960,-.9013754659883055
770,1,784,.000000000000000,.000000000000000,-1.996433098048801,1.996433098048801
770,2,256,-3.992866196097645,7.985732392195290,-3.859400983385390,-.1334652127122543
770,3,256,-3.725935770673339,7.451871541346678,-2.762958794686829,-.9629769759865129
770,4,10,-1.799981818700454,3.599963637400909,-.8999909093502352,-.8999909093502192
771,1,784,.000000000000000,.000000000000000,-1.996948617933084,1.996948617933084
771,2,256,-3.993897235865881,7.987794471731762,-3.860029757849087,-.1338674780167912
771,3,256,-3.726162279832151,7.452324559664302,-2.772826042491448,-.9533362373407051
771,4,10,-1.819489805150876,3.638979610301751,-.9097449025754464,-.9097449025754294
772,1,784,.000000000000000,.000000000000000,-1.996486627302525,1.996486627302525
772,2,256,-3.992973254605068,7.985946509210136,-3.859630783275602,-.1333424713294681
772,3,256,-3.726288311945943,7.452576623891885,-2.775643576401051,-.9506447355448900
772,4,10,-1.824998840855947,3.649997681711894,-.9124994204279804,-.9124994204279668
773,1,784,.000000000000000,.000000000000000,-1.996197649215614,1.996197649215614
773,2,256,-3.992395298431128,7.984790596862255,-3.859668553397819,-.1327267450333103
773,3,256,-3.726941808364422,7.453883616728844,-2.769843938027456,-.9570978703369701
773,4,10,-1.812746067690486,3.625492135380971,-.9063730338452479,-.9063730338452376
774,1,784,.000000000000000,.000000000000000,-1.996117145098373,1.996117145098373
774,2,256,-3.992234290196660,7.984468580393321,-3.859458608434366,-.1327756817622940
774,3,256,-3.726682926671492,7.453365853342985,-2.760892507800750,-.9657904188707435
774,4,10,-1.795102088929501,3.590204177859002,-.8975510444647529,-.8975510444647482
775,1,784,.000000000000000,.000000000000000,-1.995289844228557,1.995289844228557
775,2,256,-3.990579688457302,7.981159376914603,-3.859105115801778,-.1314745726555272
775,3,256,-3.727630543146473,7.455261086292946,-2.779878324502745,-.9477522186437229
775,4,10,-1.832126105859056,3.664252211718113,-.9160630529295311,-.9160630529295251
776,1,784,.000000000000000,.000000000000000,-1.995864099519684,1.995864099519684
776,2,256,-3.991728199040045,7.983456398080089,-3.858454959301711,-.1332732397383325
776,3,256,-3.725181719563746,7.450363439127493,-2.761688698889711,-.9634930206740333
776,4,10,-1.798195678215367,3.596391356430733,-.8990978391076810,-.8990978391076855
777,1,784,.000000000000000,.000000000000000,-1.995951669221878,1.995951669221878
777,2,256,-3.991903338443863,7.983806676887727,-3.858213239284504,-.1336900991593543
777,3,256,-3.724523140124767,7.449046280249535,-2.764153531848856,-.9603696082759131
777,4,10,-1.803783923572449,3.607567847144898,-.9018919617862262,-.9018919617862226
778,1,784,.000000000000000,.000000000000000,-1.996505288136595,1.996505288136595
778,2,256,-3.993010576273104,7.986021152546209,-3.859706687836219,-.1333038884368853
778,3,256,-3.726402799399447,7.452805598798895,-2.776580223414748,-.9498225759847030
778,4,10,-1.826757647430244,3.653515294860488,-.9133788237151229,-.9133788237151214
779,1,784,.000000000000000,.000000000000000,-1.995577866392564,1.995577866392564
779,2,256,-3.991155732785294,7.982311465570588,-3.857844427582669,-.1333113052026257
779,3,256,-3.724533122380165,7.449066244760330,-2.783023440737465,-.9415096816426970
779,4,10,-1.841513759094702,3.683027518189404,-.9207568795473612,-.9207568795473409
780,1,784,.000000000000000,.000000000000000,-1.996659773537011,1.996659773537011
780,2,256,-3.993319547074480,7.986639094148959,-3.859633648884527,-.1336858981899526
780,3,256,-3.725947750695273,7.451895501390545,-2.760529850704418,-.9654178999908567
780,4,10,-1.795111950713805,3.590223901427611,-.8975559753569005,-.8975559753569050
781,1,784,.000000000000000,.000000000000000,-1.996695690598189,1.996695690598189
781,2,256,-3.993391381197513,7.986782762395026,-3.859945944159072,-.1334454370384424
781,3,256,-3.726500507121687,7.453001014243375,-2.770416238511934,-.9560842686097553
781,4,10,-1.814331969902107,3.628663939804215,-.9071659849510535,-.9071659849510540
782,1,784,.000000000000000,.000000000000000,-1.995789319625260,1.995789319625260
782,2,256,-3.991578639249474,7.983157278498949,-3.857594327641128,-.1339843116083441
782,3,256,-3.723610016031550,7.447220032063099,-2.789869389939544,-.9337406260920063
782,4,10,-1.856128763847346,3.712257527694693,-.9280643819236759,-.9280643819236701
783,1,784,.000000000000000,.000000000000000,-1.996475734335300,1.996475734335300
783,2,256,-3.992951468670157,7.985902937340313,-3.859230443091310,-.1337210255788445
783,3,256,-3.725509417512251,7.451018835024501,-2.765786477534361,-.9597229399778879
783,4,10,-1.806063537556707,3.612127075113414,-.9030317687783488,-.9030317687783580
784,1,784,.000000000000000,.000000000000000,-1.997144481073710,1.997144481073710
784,2,256,-3.994288962147313,7.988577924294627,-3.860965859240369,-.1333231029069415
784,3,256,-3.727642756333251,7.455285512666503,-2.767144297461487,-.9604984588717623
784,4,10,-1.806645838589652,3.613291677179304,-.9033229192948242,-.9033229192948277
785,1,784,.000000000000000,.000000000000000,-1.996126621744920,1.996126621744920
785,2,256,-3.992253243490128,7.984506486980257,-3.859086941199978,-.1331663022901474
785,3,256,-3.725920638910287,7.451841277820574,-2.759501506202194,-.9664191327080925
785,4,10,-1.793082373494277,3.586164746988555,-.8965411867471346,-.8965411867471424
786,1,784,.000000000000000,.000000000000000,-1.995601583138745,1.995601583138745
786,2,256,-3.991203166277538,7.982406332555075,-3.858708156596790,-.1324950096807453
786,3,256,-3.726213146916384,7.452426293832767,-2.766395914857230,-.9598172320591527
786,4,10,-1.806578682798356,3.613157365596713,-.9032893413991817,-.9032893413991746
787,1,784,.000000000000000,.000000000000000,-1.996008318868182,1.996008318868182
787,2,256,-3.992016637736280,7.984033275472560,-3.859520653890177,-.1324959838461053
787,3,256,-3.727024670043913,7.454049340087827,-2.804683568454775,-.9223411015891365
787,4,10,-1.882342466865580,3.764684933731161,-.9411712334327837,-.9411712334327965
788,1,784,.000000000000000,.000000000000000,-1.995893652679859,1.995893652679859
788,2,256,-3.991787305359615,7.983574610719230,-3.859712031590437,-.1320752737691811
788,3,256,-3.727636757820996,7.455273515641992,-2.765059959097183,-.9625767987238116
788,4,10,-1.802483160373228,3.604966320746456,-.9012415801866065,-.9012415801866218
789,1,784,.000000000000000,.000000000000000,-1.995870187661162,1.995870187661162
789,2,256,-3.991740375322221,7.983480750644442,-3.857919661149452,-.1338207141727634
789,3,256,-3.724098946976737,7.448197893953473,-2.761905317476154,-.9621936295005843
789,4,10,-1.799711687975736,3.599423375951471,-.8998558439878614,-.8998558439878742
790,1,784,.000000000000000,.000000000000000,-1.996718925232306,1.996718925232306
790,2,256,-3.993437850464574,7.986875700929149,-3.860314334594318,-.1331235158702576
790,3,256,-3.727190818724193,7.454381637448386,-2.769007927778007,-.9581828909461850
790,4,10,-1.810825036832010,3.621650073664020,-.9054125184159949,-.9054125184160148
791,1,784,.000000000000000,.000000000000000,-1.996590670222546,1.996590670222546
791,2,256,-3.993181340445179,7.986362680890359,-3.859684483306119,-.1334968571390610
791,3,256,-3.726187626167061,7.452375252334122,-2.762488923124443,-.9636987030426187
791,4,10,-1.798790220081734,3.597580440163469,-.8993951100408664,-.8993951100408679
792,1,784,.000000000000000,.000000000000000,-1.995497308653950,1.995497308653950
792,2,256,-3.990994617307693,7.981989234615385,-3.859082489374313,-.1319121279333755
792,3,256,-3.727170361440682,7.454340722881364,-2.776076265438734,-.9510940960019494
792,4,10,-1.824982169436729,3.649964338873457,-.9124910847183667,-.9124910847183619
793,1,784,.000000000000000,.000000000000000,-1.996258076600543,1.996258076600543
793,2,256,-3.992516153200809,7.985032306401617,-3.858803939377683,-.1337122138231228
793,3,256,-3.725091725554063,7.450183451108127,-2.775535208659293,-.9495565168947711
793,4,10,-1.825978691764265,3.651957383528530,-.9129893458821514,-.9129893458821134
794,1,784,.000000000000000,.000000000000000,-1.995274819706728,1.995274819706728
794,2,256,-3.990549639413683,7.981099278827366,-3.858230083041052,-.1323195563726335
794,3,256,-3.725910526668777,7.451821053337555,-2.772221936543954,-.9536885901248194
794,4,10,-1.818533346419266,3.637066692838532,-.9092666732096278,-.9092666732096382
795,1,784,.000000000000000,.000000000000000,-1.996043912620019,1.996043912620019
795,2,256,-3.992087825239632,7.984175650479265,-3.859148754611178,-.1329390706284543
795,3,256,-3.726209683982299,7.452419367964597,-2.778047694460947,-.9481619895213508
795,4,10,-1.829885704939577,3.659771409879154,-.9149428524697925,-.9149428524697844
796,1,784,.000000000000000,.000000000000000,-1.996098723449484,1.996098723449484
796,2,256,-3.992197446898642,7.984394893797283,-3.858400442568886,-.1337970043297535
796,3,256,-3.724603438238920,7.449206876477840,-2.770366645477718,-.9542367927612005
796,4,10,-1.816129852716632,3.632259705433263,-.9080649263583176,-.9080649263583139
797,1,784,.000000000000000,.000000000000000,-1.996038644125921,1.996038644125921
797,2,256,-3.992077288251324,7.984154576502648,-3.859351521029612,-.1327257672217108
797,3,256,-3.726625753807268,7.453251507614537,-2.764622080895104,-.9620036729121664
797,4,10,-1.802618407982827,3.605236815965653,-.9013092039914129,-.9013092039914138
798,1,784,.000000000000000,.000000000000000,-1.995918756666318,1.995918756666318
798,2,256,-3.991837513332220,7.983675026664439,-3.858512829503167,-.1333246838290507
798,3,256,-3.725188145673653,7.450376291347307,-2.764125036853982,-.9610631088196701
798,4,10,-1.803061928034263,3.606123856068527,-.9015309640171325,-.9015309640171313
799,1,784,.000000000000000,.000000000000000,-1.995369018626998,1.995369018626998
799,2,256,-3.990738037253537,7.981476074507075,-3.858204215208110,-.1325338220454243
799,3,256,-3.725670393162333,7.451340786324667,-2.767108105062444,-.9585622880998893
799,4,10,-1.808545816962662,3.617091633925325,-.9042729084813309,-.9042729084813315
800,1,784,.000000000000000,.000000000000000,-1.996153741455586,1.996153741455586
800,2,256,-3.992307482911479,7.984614965822957,-3.859448484038558,-.1328589988729218
800,3,256,-3.726589485165971,7.453178970331942,-2.782980408287429,-.9436090768785393
800,4,10,-1.839371331408924,3.678742662817849,-.9196856657044562,-.9196856657044680
801,1,784,.000000000000000,.000000000000000,-1.995878451476498,1.995878451476498
801,2,256,-3.991756902952701,7.983513805905402,-3.858934665333159,-.1328222376195438
801,3,256,-3.726112427713113,7.452224855426226,-2.757506640310875,-.9686057874022420
801,4,10,-1.788900852908421,3.577801705816843,-.8944504264542114,-.8944504264542100
802,1,784,.000000000000000,.000000000000000,-1.995861617715151,1.995861617715151
802,2,256,-3.991723235430304,7.983446470860608,-3.858740954140727,-.1329822812895743
802,3,256,-3.725758672851414,7.451517345702828,-2.788728081747510,-.9370305911039021
802,4,10,-1.851697490643846,3.703394981287692,-.9258487453219302,-.9258487453219157
803,1,784,.000000000000000,.000000000000000,-1.995574869151018,1.995574869151018
803,2,256,-3.991149738301933,7.982299476603865,-3.858745885033506,-.1324038532684280
803,3,256,-3.726342031765230,7.452684063530460,-2.762642774741205,-.9636992570240256
803,4,10,-1.798943517717428,3.597887035434856,-.8994717588587183,-.8994717588587092
804,1,784,.000000000000000,.000000000000000,-1.996176365941198,1.996176365941198
804,2,256,-3.992352731882097,7.984705463764194,-3.859809443141353,-.1325432887407429
804,3,256,-3.727266154400386,7.454532308800772,-2.771222210463792,-.9560439439365954
804,4,10,-1.815178266527285,3.630356533054570,-.9075891332636402,-.9075891332636447
805,1,784,.000000000000000,.000000000000000,-1.996153845898823,1.996153845898823
805,2,256,-3.992307691798334,7.984615383596668,-3.859706961065753,-.1326007307325787
805,3,256,-3.727106230333836,7.454212460667673,-2.767856130578738,-.9592500997550973
805,4,10,-1.808606030823625,3.617212061647250,-.9043030154118080,-.9043030154118172
806,1,784,.000000000000000,.000000000000000,-1.995940995421988,1.995940995421988
806,2,256,-3.991881990843826,7.983763981687653,-3.859283037211573,-.1325989536322539
806,3,256,-3.726684083578791,7.453368167157581,-2.768142615846935,-.9585414677318549
806,4,10,-1.809601148114716,3.619202296229432,-.9048005740573498,-.9048005740573667
807,1,784,.000000000000000,.000000000000000,-1.996004303388047,1.996004303388047
807,2,256,-3.992008606776050,7.984017213552099,-3.859116359481681,-.1328922472943712
807,3,256,-3.726224112187154,7.452448224374308,-2.771045822662159,-.9551782895249978
807,4,10,-1.815867533137044,3.631735066274087,-.9079337665685218,-.9079337665685216
808,1,784,.000000000000000,.000000000000000,-1.995863620981784,1.995863620981784
808,2,256,-3.991727241963510,7.983454483927019,-3.857641933567258,-.1340853083962527
808,3,256,-3.723556625170736,7.447113250341472,-2.769398332308834,-.9541582928619038
808,4,10,-1.815240039446729,3.630480078893458,-.9076200197233608,-.9076200197233681
809,1,784,.000000000000000,.000000000000000,-1.995594155043602,1.995594155043602
809,2,256,-3.991188310087144,7.982376620174287,-3.858027083950566,-.1331612261365794
809,3,256,-3.724865857814110,7.449731715628220,-2.766347124197856,-.9585187336162553
809,4,10,-1.807828390581791,3.615656781163582,-.9039141952908953,-.9039141952908956
810,1,784,.000000000000000,.000000000000000,-1.996099938456091,1.996099938456091
810,2,256,-3.992199876912478,7.984399753824956,-3.859670405559930,-.1325294713525487
810,3,256,-3.727140934207996,7.454281868415991,-2.804707504860079,-.9224334293479202
810,4,10,-1.882274075512479,3.764548151024958,-.9411370377562377,-.9411370377562415
811,1,784,.000000000000000,.000000000000000,-1.996255878475692,1.996255878475692
811,2,256,-3.992511756951965,7.985023513903929,-3.859195720667513,-.1333160362844517
811,3,256,-3.725879684383529,7.451759368767058,-2.764851760378062,-.9610279240054675
811,4,10,-1.803823836372464,3.607647672744928,-.9019119181862416,-.9019119181862222
812,1,784,.000000000000000,.000000000000000,-1.996076437203741,1.996076437203741
812,2,256,-3.992152874407798,7.984305748815596,-3.859077935305995,-.1330749391018015
812,3,256,-3.726002996204399,7.452005992408798,-2.768211675771048,-.9577913204333496
812,4,10,-1.810420355337607,3.620840710675214,-.9052101776687941,-.9052101776688126
813,1,784,.000000000000000,.000000000000000,-1.996645160663597,1.996645160663597
813,2,256,-3.993290321327053,7.986580642654105,-3.859915346505674,-.1333749748213804
813,3,256,-3.726540371683981,7.453080743367963,-2.760974421624536,-.9655659500594481
813,4,10,-1.795408471564904,3.590816943129807,-.8977042357824609,-.8977042357824428
814,1,784,.000000000000000,.000000000000000,-1.996160665670588,1.996160665670588
814,2,256,-3.992321331340987,7.984642662681974,-3.858986114497777,-.1333352168432107
814,3,256,-3.725650897654510,7.451301795309019,-2.768568705537950,-.9570821921165585
814,4,10,-1.811486513421518,3.622973026843037,-.9057432567107624,-.9057432567107562
815,1,784,.000000000000000,.000000000000000,-1.995924399036609,1.995924399036609
815,2,256,-3.991848798073565,7.983697596147130,-3.858611167405893,-.1332376306676739
815,3,256,-3.725373536738696,7.450747073477393,-2.764171936486350,-.9612016002523452
815,4,10,-1.802970336234129,3.605940672468257,-.9014851681170651,-.9014851681170634
816,1,784,.000000000000000,.000000000000000,-1.995611453622061,1.995611453622061
816,2,256,-3.991222907243351,7.982445814486701,-3.858207056505547,-.1330158507378022
816,3,256,-3.725191205766898,7.450382411533796,-2.760537283152609,-.9646539226142931
816,4,10,-1.795883360538255,3.591766721076511,-.8979416802691206,-.8979416802691350
817,1,784,.000000000000000,.000000000000000,-1.996378945433126,1.996378945433126
817,2,256,-3.992757890866135,7.985515781732270,-3.859936468700424,-.1328214221657106
817,3,256,-3.727115046534307,7.454230093068615,-2.770579797948751,-.9565352485855551
817,4,10,-1.814044549362918,3.628089098725837,-.9070222746814554,-.9070222746814631
818,1,784,.000000000000000,.000000000000000,-1.996076917153129,1.996076917153129
818,2,256,-3.992153834305729,7.984307668611459,-3.858178633683306,-.1339752006224202
818,3,256,-3.724203433060048,7.448406866120096,-2.761222257914354,-.9629811751456909
818,4,10,-1.798241082768365,3.596482165536730,-.8991205413841761,-.8991205413841888
819,1,784,.000000000000000,.000000000000000,-1.996766416912708,1.996766416912708
819,2,256,-3.993532833825280,7.987065667650561,-3.860073807727014,-.1334590260982654
819,3,256,-3.726614781628576,7.453229563257151,-2.768588250010395,-.9580265316181823
819,4,10,-1.810561718392163,3.621123436784327,-.9052808591960880,-.9052808591960753
820,1,784,.000000000000000,.000000000000000,-1.996112832910148,1.996112832910148
820,2,256,-3.992225665820469,7.984451331640938,-3.859450335258462,-.1327753305620065
820,3,256,-3.726675004696093,7.453350009392186,-2.773674795790300,-.9530002089057918
820,4,10,-1.820674586883954,3.641349173767908,-.9103372934419832,-.9103372934419707
821,1,784,.000000000000000,.000000000000000,-1.996463678346180,1.996463678346180
821,2,256,-3.992927356691745,7.985854713383491,-3.860127250695291,-.1328001059964518
821,3,256,-3.727327144697948,7.454654289395895,-2.767648614903452,-.9596785297944973
821,4,10,-1.807970085108682,3.615940170217365,-.9039850425543414,-.9039850425543412
822,1,784,.000000000000000,.000000000000000,-1.997560389371811,1.997560389371811
822,2,256,-3.995120778743385,7.990241557486771,-3.861320188087173,-.1338005906562108
822,3,256,-3.727519597430751,7.455039194861502,-2.764001789249154,-.9635178081815986
822,4,10,-1.800483981067572,3.600967962135144,-.9002419905337889,-.9002419905337832
823,1,784,.000000000000000,.000000000000000,-1.996114114245377,1.996114114245377
823,2,256,-3.992228228490526,7.984456456981052,-3.858969182776627,-.1332590457138979
823,3,256,-3.725710137062935,7.451420274125869,-2.770902678379553,-.9548074586833856
823,4,10,-1.816095219696605,3.632190439393210,-.9080476098483002,-.9080476098483048
824,1,784,.000000000000000,.000000000000000,-1.996537118851057,1.996537118851057
824,2,256,-3.993074237701718,7.986148475403437,-3.860615581535298,-.1324586561664188
824,3,256,-3.728156925368529,7.456313850737057,-2.768982406723394,-.9591745186451296
824,4,10,-1.809807888078308,3.619615776156616,-.9049039440391540,-.9049039440391540
825,1,784,.000000000000000,.000000000000000,-1.996477710199956,1.996477710199956
825,2,256,-3.992955420399588,7.985910840799177,-3.859951730646012,-.1330036897535767
825,3,256,-3.726948040892031,7.453896081784062,-2.758835087602061,-.9681129532899685
825,4,10,-1.790722134312015,3.581444268624030,-.8953610671560068,-.8953610671560083
826,1,784,.000000000000000,.000000000000000,-1.996046907774784,1.996046907774784
826,2,256,-3.992093815549850,7.984187631099700,-3.859095058064878,-.1329987574849738
826,3,256,-3.726096300580300,7.452192601160600,-2.783948204975803,-.9421480956044996
826,4,10,-1.841800109371426,3.683600218742852,-.9209000546857095,-.9209000546857163
827,1,784,.000000000000000,.000000000000000,-1.996040142585772,1.996040142585772
827,2,256,-3.992080285171345,7.984160570342691,-3.859116703513326,-.1329635816580165
827,3,256,-3.726153121855218,7.452306243710437,-2.772670836343744,-.9534822855114734
827,4,10,-1.819188550832366,3.638377101664732,-.9095942754161891,-.9095942754161771
828,1,784,.000000000000000,.000000000000000,-1.995819944160485,1.995819944160485
828,2,256,-3.991639888320728,7.983279776641456,-3.858489828206246,-.1331500601144777
828,3,256,-3.725339768091567,7.450679536183134,-2.763697210884704,-.9616425572068639
828,4,10,-1.802054653677885,3.604109307355770,-.9010273268389388,-.9010273268389459
829,1,784,.000000000000000,.000000000000000,-1.995951334870075,1.995951334870075
829,2,256,-3.991902669739810,7.983805339479620,-3.860660215487093,-.1312424542527179
829,3,256,-3.729417761234197,7.458835522468394,-2.790606573582258,-.9388111876519393
829,4,10,-1.851795385930485,3.703590771860970,-.9258976929652381,-.9258976929652468
830,1,784,.000000000000000,.000000000000000,-1.996403460708376,1.996403460708376
830,2,256,-3.992806921416782,7.985613842833565,-3.858776867133734,-.1340300542830494
830,3,256,-3.724746812850725,7.449493625701449,-2.763957507314527,-.9607893055361973
830,4,10,-1.803168201778346,3.606336403556693,-.9015841008891678,-.9015841008891785
831,1,784,.000000000000000,.000000000000000,-1.996090145899470,1.996090145899470
831,2,256,-3.992180291798484,7.984360583596968,-3.857789904608148,-.1343903871903356
831,3,256,-3.723399517417278,7.446799034834557,-2.782913064168893,-.9404864532483851
831,4,10,-1.842426610920433,3.684853221840867,-.9212133054602168,-.9212133054602170
832,1,784,.000000000000000,.000000000000000,-1.997042867736129,1.997042867736129
832,2,256,-3.994085735471927,7.988171470943855,-3.861209314573529,-.1328764208984022
832,3,256,-3.728332893674584,7.456665787349168,-2.772085233807485,-.9562476598670943
832,4,10,-1.815837573940139,3.631675147880278,-.9079187869700865,-.9079187869700522
833,1,784,.000000000000000,.000000000000000,-1.996472051675300,1.996472051675300
833,2,256,-3.992944103350558,7.985888206701116,-3.859345946182528,-.1335981571680324
833,3,256,-3.725747789014078,7.451495578028156,-2.772134960445587,-.9536128285684918
833,4,10,-1.818522131876718,3.637044263753437,-.9092610659383620,-.9092610659383565
834,1,784,.000000000000000,.000000000000000,-1.996444357196702,1.996444357196702
834,2,256,-3.992888714392761,7.985777428785522,-3.859279712604594,-.1336090017881686
834,3,256,-3.725670710815593,7.451341421631186,-2.761581638146889,-.9640890726687030
834,4,10,-1.797492565477990,3.594985130955980,-.8987462827389998,-.8987462827389906
835,1,784,.000000000000000,.000000000000000,-1.996180247719567,1.996180247719567
835,2,256,-3.992360495439084,7.984720990878168,-3.859408254582032,-.1329522408570522
835,3,256,-3.726456013724912,7.452912027449823,-2.763818272098756,-.9626377416261528
835,4,10,-1.801180530472599,3.602361060945197,-.9005902652362918,-.9005902652363070
836,1,784,.000000000000000,.000000000000000,-1.996245009421391,1.996245009421391
836,2,256,-3.992490018842781,7.984980037685562,-3.860589876551158,-.1319001422916223
836,3,256,-3.728689734259837,7.457379468519674,-2.772653151774190,-.9560365824856473
836,4,10,-1.816616569288841,3.633233138577681,-.9083082846444208,-.9083082846444197
837,1,784,.000000000000000,.000000000000000,-1.996816490765400,1.996816490765400
837,2,256,-3.993632981530834,7.987265963061668,-3.860177280121248,-.1334557014095898
837,3,256,-3.726721578712052,7.453443157424105,-2.766603036189419,-.9601185425226323
837,4,10,-1.806484493667157,3.612968987334315,-.9032422468335751,-.9032422468335820
838,1,784,.000000000000000,.000000000000000,-1.996285309006691,1.996285309006691
838,2,256,-3.992570618013235,7.985141236026470,-3.860275245575316,-.1322953724379171
838,3,256,-3.727979873136668,7.455959746273336,-2.773553881128775,-.9544259920078940
838,4,10,-1.819127889120290,3.638255778240580,-.9095639445601500,-.9095639445601398
839,1,784,.000000000000000,.000000000000000,-1.996048071197806,1.996048071197806
839,2,256,-3.992096142396463,7.984192284792925,-3.859080892235653,-.1330152501608111
839,3,256,-3.726065642075672,7.452131284151345,-2.768920561684950,-.9571450803907230
839,4,10,-1.811775481294204,3.623550962588407,-.9058877406471035,-.9058877406471000
840,1,784,.000000000000000,.000000000000000,-1.995813921603377,1.995813921603377
840,2,256,-3.991627843206615,7.983255686413229,-3.859032846985135,-.1325949962214847
840,3,256,-3.726437850763515,7.452875701527031,-2.777697835631507,-.9487400151320057
840,4,10,-1.828957820499492,3.657915640998983,-.9144789102497526,-.9144789102497393
841,1,784,.000000000000000,.000000000000000,-1.997248442512941,1.997248442512941
841,2,256,-3.994496885025781,7.988993770051563,-3.860579245321129,-.1339176397046546
841,3,256,-3.726661605616647,7.453323211233295,-2.767265172901918,-.9593964327147279
841,4,10,-1.807868740187478,3.615737480374956,-.9039343700937339,-.9039343700937442
842,1,784,.000000000000000,.000000000000000,-1.995956353877852,1.995956353877852
842,2,256,-3.991912707755471,7.983825415510942,-3.858311113722875,-.1336015940325941
842,3,256,-3.724709519689913,7.449419039379826,-2.771476090052765,-.9532334296371510
842,4,10,-1.818242660415490,3.636485320830979,-.9091213302077427,-.9091213302077468
843,1,784,.000000000000000,.000000000000000,-1.995900293798097,1.995900293798097
843,2,256,-3.991800587596344,7.983601175192687,-3.859489714935018,-.1323108726613227
843,3,256,-3.727178842273951,7.454357684547902,-2.770217905682839,-.9569609365911115
843,4,10,-1.813256969091846,3.626513938183692,-.9066284845459203,-.9066284845459257
844,1,784,.000000000000000,.000000000000000,-1.996051459328815,1.996051459328815
844,2,256,-3.992102918657331,7.984205837314662,-3.859596501868016,-.1325064167893197
844,3,256,-3.727090085078329,7.454180170156659,-2.761143218547566,-.9659468665307640
844,4,10,-1.795196352016737,3.590392704033474,-.8975981760083648,-.8975981760083722
845,1,784,.000000000000000,.000000000000000,-1.996290948229203,1.996290948229203
845,2,256,-3.992581896458597,7.985163792917193,-3.859386446608382,-.1331954498502197
845,3,256,-3.726190996758445,7.452381993516890,-2.760002598846130,-.9661883979123124
845,4,10,-1.793814200933908,3.587628401867816,-.8969071004669530,-.8969071004669544
846,1,784,.000000000000000,.000000000000000,-1.996932566408693,1.996932566408693
846,2,256,-3.993865132817602,7.987730265635204,-3.861627563701714,-.1322375691158853
846,3,256,-3.729389994586044,7.458779989172088,-2.771012625417081,-.9583773691689610
846,4,10,-1.812635256248109,3.625270512496218,-.9063176281240599,-.9063176281240490
847,1,784,.000000000000000,.000000000000000,-1.995769602828217,1.995769602828217
847,2,256,-3.991539205656516,7.983078411313032,-3.858133553308176,-.1334056523483412
847,3,256,-3.724727900959844,7.449455801919687,-2.760955248829354,-.9637726521304868
847,4,10,-1.797182596698794,3.594365193397588,-.8985912983493961,-.8985912983493982
848,1,784,.000000000000000,.000000000000000,-1.995609995191675,1.995609995191675
848,2,256,-3.991219990383199,7.982439980766398,-3.857989699136609,-.1332302912465887
848,3,256,-3.724759407890083,7.449518815780166,-2.775484458094944,-.9492749497951362
848,4,10,-1.826209508300014,3.652419016600028,-.9131047541500105,-.9131047541500036
849,1,784,.000000000000000,.000000000000000,-1.995511743349259,1.995511743349259
849,2,256,-3.991023486698684,7.982046973397368,-3.859387374174098,-.1316361125245844
849,3,256,-3.727751261649699,7.455502523299399,-2.764504674627982,-.9632465870217137
849,4,10,-1.801258087606297,3.602516175212595,-.9006290438031402,-.9006290438031572
850,1,784,.000000000000000,.000000000000000,-1.996050188866923,1.996050188866923
850,2,256,-3.992100377734090,7.984200755468179,-3.858668204240123,-.1334321734939701
850,3,256,-3.725236030746293,7.450472061492587,-2.771399645193540,-.9538363855527563
850,4,10,-1.817563259640675,3.635126519281350,-.9087816298203382,-.9087816298203366
851,1,784,.000000000000000,.000000000000000,-1.995962421414329,1.995962421414329
851,2,256,-3.991924842828464,7.983849685656928,-3.859375462434380,-.1325493803940844
851,3,256,-3.726826082040192,7.453652164080383,-2.769372490888306,-.9574535911518876
851,4,10,-1.811918899736514,3.623837799473029,-.9059594498682525,-.9059594498682618
852,1,784,.000000000000000,.000000000000000,-1.995937805887273,1.995937805887273
852,2,256,-3.991875611774566,7.983751223549131,-3.858745433950734,-.1331301778238357
852,3,256,-3.725615256127145,7.451230512254290,-2.767381424639457,-.9582338314876917
852,4,10,-1.809147593152000,3.618295186304000,-.9045737965759979,-.9045737965760018
853,1,784,.000000000000000,.000000000000000,-1.996738560081998,1.996738560081998
853,2,256,-3.993477120163805,7.986954240327610,-3.859515411929394,-.1339617082344091
853,3,256,-3.725553703695014,7.451107407390029,-2.770239852128293,-.9553138515667172
853,4,10,-1.814926000561805,3.629852001123609,-.9074630002808997,-.9074630002809051
854,1,784,.000000000000000,.000000000000000,-1.996280040311792,1.996280040311792
854,2,256,-3.992560080623832,7.985120161247663,-3.859036192453015,-.1335238881708175
854,3,256,-3.725512304282245,7.451024608564491,-2.769136370424820,-.9563759338574261
854,4,10,-1.812760436567203,3.625520873134407,-.9063802182835925,-.9063802182836110
855,1,784,.000000000000000,.000000000000000,-1.995588757204126,1.995588757204126
855,2,256,-3.991177514408119,7.982355028816238,-3.858581973469674,-.1325955409384443
855,3,256,-3.725986432530976,7.451972865061952,-2.778193058268922,-.9477933742620536
855,4,10,-1.830399684006732,3.660799368013465,-.9151998420033715,-.9151998420033607
856,1,784,.000000000000000,.000000000000000,-1.996243822990436,1.996243822990436
856,2,256,-3.992487645980582,7.984975291961165,-3.859286637590396,-.1332010083901877
856,3,256,-3.726085629199934,7.452171258399868,-2.761756594227517,-.9643290349724188
856,4,10,-1.797427559255106,3.594855118510211,-.8987137796275551,-.8987137796275508
857,1,784,.000000000000000,.000000000000000,-1.996803538385874,1.996803538385874
857,2,256,-3.993607076771509,7.987214153543017,-3.859756952741887,-.1338501240296243
857,3,256,-3.725906828711646,7.451813657423291,-2.760005462041391,-.9659013666702538
857,4,10,-1.794104095370767,3.588208190741533,-.8970520476853792,-.8970520476853874
858,1,784,.000000000000000,.000000000000000,-1.995899003398445,1.995899003398445
858,2,256,-3.991798006797620,7.983596013595239,-3.859056490053992,-.1327415167436294
858,3,256,-3.726314973310922,7.452629946621843,-2.761082860103552,-.9652321132073681
858,4,10,-1.795850746896013,3.591701493792026,-.8979253734480021,-.8979253734480110
859,1,784,.000000000000000,.000000000000000,-1.996293227347367,1.996293227347367
859,2,256,-3.992586454694943,7.985172909389886,-3.859468684578984,-.1331177701159618
859,3,256,-3.726350914463006,7.452701828926013,-2.762447809230944,-.9639031052320600
859,4,10,-1.798544703998662,3.597089407997325,-.8992723519993309,-.8992723519993318
860,1,784,.000000000000000,.000000000000000,-1.996852060386078,1.996852060386078
860,2,256,-3.993704120772287,7.987408241544575,-3.859757554431968,-.1339465663403196
860,3,256,-3.725810988091758,7.451621976183516,-2.762575150466883,-.9632358376248736
860,4,10,-1.799339312841978,3.598678625683957,-.8996696564209941,-.8996696564209843
861,1,784,.000000000000000,.000000000000000,-1.995376714120183,1.995376714120183
861,2,256,-3.990753428240476,7.981506856480951,-3.858188737482429,-.1325646907580505
861,3,256,-3.725624046724365,7.451248093448730,-2.779448130060149,-.9461759166642173
861,4,10,-1.833272213395796,3.666544426791592,-.9166361066979026,-.9166361066978935
862,1,784,.000000000000000,.000000000000000,-1.995622868720331,1.995622868720331
862,2,256,-3.991245737440399,7.982491474880797,-3.858764693980278,-.1324810434601210
862,3,256,-3.726283650519996,7.452567301039991,-2.761397097666626,-.9648865528533707
862,4,10,-1.796510544813353,3.593021089626706,-.8982552724066786,-.8982552724066742
863,1,784,.000000000000000,.000000000000000,-1.995900581036840,1.995900581036840
863,2,256,-3.991801162073938,7.983602324147876,-3.858519976662143,-.1332811854117956
863,3,256,-3.725238791250642,7.450477582501284,-2.759609967845188,-.9656288234054519
863,4,10,-1.793981144439777,3.587962288879554,-.8969905722198879,-.8969905722198892
864,1,784,.000000000000000,.000000000000000,-1.996236543939279,1.996236543939279
864,2,256,-3.992473087878393,7.984946175756787,-3.859377835845031,-.1330952520333659
864,3,256,-3.726282583811719,7.452565167623439,-2.776764232311521,-.9495183515001966
864,4,10,-1.827245880811535,3.654491761623069,-.9136229404057715,-.9136229404057630
865,1,784,.000000000000000,.000000000000000,-1.995571410904556,1.995571410904556
865,2,256,-3.991142821808801,7.982285643617602,-3.858115657800994,-.1330271640078070
865,3,256,-3.725088493792462,7.450176987584924,-2.772986631771555,-.9521018620209083
865,4,10,-1.820884769750243,3.641769539500487,-.9104423848751171,-.9104423848751263
866,1,784,.000000000000000,.000000000000000,-1.995978723771690,1.995978723771690
866,2,256,-3.991957447543379,7.983914895086757,-3.858466851528899,-.1334905960144779
866,3,256,-3.724976255513878,7.449952511027757,-2.759771429865766,-.9652048256481172
866,4,10,-1.794566604217129,3.589133208434258,-.8972833021085564,-.8972833021085725
867,1,784,.000000000000000,.000000000000000,-1.996143986020817,1.996143986020817
867,2,256,-3.992287972041921,7.984575944083843,-3.859389831737257,-.1328981403046626
867,3,256,-3.726491691432830,7.452983382865660,-2.790391104061169,-.9361005873716606
867,4,10,-1.854290516689464,3.708581033378928,-.9271452583447276,-.9271452583447359
868,1,784,.000000000000000,.000000000000000,-1.995319710713371,1.995319710713371
868,2,256,-3.990639421426488,7.981278842852976,-3.857685841823571,-.1329535796029137
868,3,256,-3.724732262220664,7.449464524441328,-2.768507550649865,-.9562247115707981
868,4,10,-1.812282839079334,3.624565678158667,-.9061414195396640,-.9061414195396699
869,1,784,.000000000000000,.000000000000000,-1.995835409809602,1.995835409809602
869,2,256,-3.991670819619367,7.983341639238734,-3.858024452690920,-.1336463669284486
869,3,256,-3.724378085762823,7.448756171525646,-2.766886760458808,-.9574913253040161
869,4,10,-1.809395435154989,3.618790870309978,-.9046977175774927,-.9046977175774967
870,1,784,.000000000000000,.000000000000000,-1.995619968081940,1.995619968081940
870,2,256,-3.991239936163748,7.982479872327496,-3.858535205425832,-.1327047307379124
870,3,256,-3.725830474688141,7.451660949376283,-2.766113619036576,-.9597168556515659
870,4,10,-1.806396763385364,3.612793526770729,-.9031983816926769,-.9031983816926875
871,1,784,.000000000000000,.000000000000000,-1.995846899150420,1.995846899150420
871,2,256,-3.991693798300681,7.983387596601363,-3.859466062073885,-.1322277362267923
871,3,256,-3.727238325846765,7.454476651693531,-2.769963549213706,-.9572747766330585
871,4,10,-1.812688772580486,3.625377545160972,-.9063443862902395,-.9063443862902466
872,1,784,.000000000000000,.000000000000000,-1.995520004579291,1.995520004579291
872,2,256,-3.991040009158029,7.982080018316058,-3.858915245171156,-.1321247639868747
872,3,256,-3.726790481183525,7.453580962367051,-2.764282182435859,-.9625082987476653
872,4,10,-1.801773883687987,3.603547767375974,-.9008869418439965,-.9008869418439901
873,1,784,.000000000000000,.000000000000000,-1.995757397233255,1.995757397233255
873,2,256,-3.991514794466189,7.983029588932379,-3.858293756327799,-.1332210381383920
873,3,256,-3.725072718189177,7.450145436378353,-2.764538611729338,-.9605341064598377
873,4,10,-1.804004505269604,3.608009010539208,-.9020022526347916,-.9020022526348120
874,1,784,.000000000000000,.000000000000000,-1.996485145829748,1.996485145829748
874,2,256,-3.992970291659073,7.985940583318147,-3.860671612148137,-.1322986795109395
874,3,256,-3.728372932636727,7.456745865273454,-2.764468529396525,-.9639044032401989
874,4,10,-1.800564126156280,3.601128252312560,-.9002820630781393,-.9002820630781406
875,1,784,.000000000000000,.000000000000000,-1.996606978062468,1.996606978062468
875,2,256,-3.993213956125465,7.986427912250930,-3.860251085754793,-.1329628703706716
875,3,256,-3.727288215384537,7.454576430769075,-2.766469377631425,-.9608188377531125
875,4,10,-1.805650539878205,3.611301079756410,-.9028252699390996,-.9028252699391061
876,1,784,.000000000000000,.000000000000000,-1.995983658295704,1.995983658295704
876,2,256,-3.991967316591157,7.983934633182313,-3.859341985711050,-.1326253308801065
876,3,256,-3.726716654830716,7.453433309661433,-2.767538283978279,-.9591783708524370
876,4,10,-1.808359913125873,3.616719826251746,-.9041799565629332,-.9041799565629403
877,1,784,.000000000000000,.000000000000000,-1.995994872574761,1.995994872574761
877,2,256,-3.991989745150030,7.983979490300060,-3.859363890779967,-.1326258543700581
877,3,256,-3.726738036410252,7.453476072820504,-2.772229344130798,-.9545086922794521
877,4,10,-1.817720651851177,3.635441303702355,-.9088603259255928,-.9088603259255844
878,1,784,.000000000000000,.000000000000000,-1.995751405950214,1.995751405950214
878,2,256,-3.991502811900928,7.983005623801857,-3.858104352355314,-.1333984595456140
878,3,256,-3.724705892809836,7.449411785619671,-2.768093875146452,-.9566120176633846
878,4,10,-1.811481857482699,3.622963714965397,-.9057409287413528,-.9057409287413458
879,1,784,.000000000000000,.000000000000000,-1.996322989634356,1.996322989634356
879,2,256,-3.992645979268652,7.985291958537303,-3.859422826247742,-.1332231530209075
879,3,256,-3.726199673226525,7.452399346453050,-2.762987447038338,-.9632122261881845
879,4,10,-1.799775220849903,3.599550441699807,-.8998876104249510,-.8998876104249522
880,1,784,.000000000000000,.000000000000000,-1.996574327896528,1.996574327896528
880,2,256,-3.993148655793136,7.986297311586273,-3.858839189990452,-.1343094658026859
880,3,256,-3.724529724187722,7.449059448375444,-2.775776538035472,-.9487531861522486
880,4,10,-1.827023351883105,3.654046703766210,-.9135116759415486,-.9135116759415566
881,1,784,.000000000000000,.000000000000000,-1.995900746504329,1.995900746504329
881,2,256,-3.991801493008721,7.983602986017441,-3.858134205140840,-.1336672878678803
881,3,256,-3.724466917273189,7.448933834546378,-2.781737331745764,-.9427295855274239
881,4,10,-1.839007746218502,3.678015492437004,-.9195038731092551,-.9195038731092467
882,1,784,.000000000000000,.000000000000000,-1.996733112890279,1.996733112890279
882,2,256,-3.993466225781146,7.986932451562293,-3.859229687729476,-.1342365380516725
882,3,256,-3.724993149678579,7.449986299357159,-2.769817785013365,-.9551753646652156
882,4,10,-1.814642420348349,3.629284840696698,-.9073212101741667,-.9073212101741821
883,1,784,.000000000000000,.000000000000000,-1.995998700865498,1.995998700865498
883,2,256,-3.991997401730837,7.983994803461673,-3.858108351976565,-.1338890497542719
883,3,256,-3.724219302221788,7.448438604443576,-2.781031285207918,-.9431880170138733
883,4,10,-1.837843268193699,3.675686536387399,-.9189216340968481,-.9189216340968516
884,1,784,.000000000000000,.000000000000000,-1.996146690093017,1.996146690093017
884,2,256,-3.992293380185990,7.984586760371981,-3.859390351215072,-.1329030289709154
884,3,256,-3.726487322244190,7.452974644488379,-2.776606743717322,-.9498805785268721
884,4,10,-1.826726165190539,3.653452330381078,-.9133630825952674,-.9133630825952717
885,1,784,.000000000000000,.000000000000000,-1.996556744652316,1.996556744652316
885,2,256,-3.993113489304254,7.986226978608507,-3.858924252026210,-.1341892372780473
885,3,256,-3.724735014747863,7.449470029495727,-2.761371355173772,-.9633636595740914
885,4,10,-1.798007695599758,3.596015391199517,-.8990038477998765,-.8990038477998819
886,1,784,.000000000000000,.000000000000000,-1.996268693077592,1.996268693077592
886,2,256,-3.992537386155146,7.985074772310292,-3.859158123991389,-.1333792621637581
886,3,256,-3.725778861827949,7.451557723655897,-2.769413224708609,-.9563656371193401
886,4,10,-1.813047587589615,3.626095175179230,-.9065237937948104,-.9065237937948044
887,1,784,.000000000000000,.000000000000000,-1.996060349290558,1.996060349290558
887,2,256,-3.992120698581060,7.984241397162119,-3.858568011657447,-.1335526869236116
887,3,256,-3.725015324733633,7.450030649467267,-2.766477710355336,-.9585376143782988
887,4,10,-1.807940095976896,3.615880191953792,-.9039700479884469,-.9039700479884490
888,1,784,.000000000000000,.000000000000000,-1.995983951692079,1.995983951692079
888,2,256,-3.991967903384028,7.983935806768057,-3.859428894321455,-.1325390090625717
888,3,256,-3.726889885258724,7.453779770517447,-2.756814219771134,-.9700756654875895
888,4,10,-1.786738554283536,3.573477108567071,-.8933692771417574,-.8933692771417784
889,1,784,.000000000000000,.000000000000000,-1.996543342398865,1.996543342398865
889,2,256,-3.993086684798098,7.986173369596196,-3.859691487148994,-.1333951976491040
889,3,256,-3.726296289500251,7.452592579000502,-2.776220599855133,-.9500756896451177
889,4,10,-1.826144910210006,3.652289820420013,-.9130724551050056,-.9130724551050008
890,1,784,.000000000000000,.000000000000000,-1.995847336122741,1.995847336122741
890,2,256,-3.991694672246086,7.983389344492172,-3.858574824061601,-.1331198481844823
890,3,256,-3.725454975877834,7.450909951755667,-2.765988487372974,-.9594664885048572
890,4,10,-1.806521998868229,3.613043997736459,-.9032609994341158,-.9032609994341132
891,1,784,.000000000000000,.000000000000000,-1.995926633127045,1.995926633127045
891,2,256,-3.991853266254640,7.983706532509280,-3.858612291923418,-.1332409743312195
891,3,256,-3.725371317592778,7.450742635185557,-2.779583025444248,-.9457882921485296
891,4,10,-1.833794733295769,3.667589466591539,-.9168973666478780,-.9168973666478910
892,1,784,.000000000000000,.000000000000000,-1.996226502189101,1.996226502189101
892,2,256,-3.992453004378193,7.984906008756386,-3.859414277389336,-.1330387269888592
892,3,256,-3.726375550400526,7.452751100801053,-2.766493207262647,-.9598823431378798
892,4,10,-1.806610864124822,3.613221728249645,-.9033054320624100,-.9033054320624121
893,1,784,.000000000000000,.000000000000000,-1.995655923597063,1.995655923597063
893,2,256,-3.991311847193918,7.982623694387835,-3.858433959001313,-.1328778881926071
893,3,256,-3.725556070808688,7.451112141617377,-2.764229194382676,-.9613268764260087
893,4,10,-1.802902317956843,3.605804635913686,-.9014511589784246,-.9014511589784184
894,1,784,.000000000000000,.000000000000000,-1.996790003289668,1.996790003289668
894,2,256,-3.993580006579769,7.987160013159539,-3.859606065312974,-.1339739412667940
894,3,256,-3.725632124046674,7.451264248093348,-2.773570747745833,-.9520613763008416
894,4,10,-1.821509371445057,3.643018742890114,-.9107546857225278,-.9107546857225292
895,1,784,.000000000000000,.000000000000000,-1.996313141675625,1.996313141675625
895,2,256,-3.992626283350686,7.985252566701371,-3.857699356123638,-.1349269272270505
895,3,256,-3.722772428896139,7.445544857792277,-2.768849016041989,-.9539234128541503
895,4,10,-1.814925603187956,3.629851206375912,-.9074628015939786,-.9074628015939772
896,1,784,.000000000000000,.000000000000000,-1.996357752417126,1.996357752417126
896,2,256,-3.992715504834457,7.985431009668914,-3.859687011199944,-.1330284936345124
896,3,256,-3.726658517566285,7.453317035132569,-2.768570643060273,-.9580878745060143
896,4,10,-1.810482768554889,3.620965537109778,-.9052413842774503,-.9052413842774387
897,1,784,.000000000000000,.000000000000000,-1.995842826244938,1.995842826244938
897,2,256,-3.991685652490241,7.983371304980482,-3.858519172051734,-.1331664804385081
897,3,256,-3.725352691613653,7.450705383227307,-2.765572501165259,-.9597801904483936
897,4,10,-1.805792310716955,3.611584621433910,-.9028961553584630,-.9028961553584918
898,1,784,.000000000000000,.000000000000000,-1.996358297196092,1.996358297196092
898,2,256,-3.992716594391947,7.985433188783894,-3.857544395010220,-.1351721993817250
898,3,256,-3.722372195628569,7.444744391257138,-2.769260148212790,-.9531120474157834
898,4,10,-1.816148100797315,3.632296201594631,-.9080740503986581,-.9080740503986575
899,1,784,.000000000000000,.000000000000000,-1.995838241699783,1.995838241699783
899,2,256,-3.991676483399348,7.983352966798696,-3.858935099918459,-.1327413834808904
899,3,256,-3.726193716437568,7.452387432875136,-2.768136672988942,-.9580570434486266
899,4,10,-1.810079629540537,3.620159259081074,-.9050398147702658,-.9050398147702710
900,1,784,.000000000000000,.000000000000000,-1.996189696215233,1.996189696215233
900,2,256,-3.992379392429718,7.984758784859435,-3.858617073377581,-.1337623190521362
900,3,256,-3.724854754324808,7.449709508649616,-2.767286163036472,-.9575685912883349
900,4,10,-1.809717571748243,3.619435143496486,-.9048587858741233,-.9048587858741198
901,1,784,.000000000000000,.000000000000000,-1.995949627154781,1.995949627154781
901,2,256,-3.991899254308879,7.983798508617759,-3.858805380812200,-.1330938734966805
901,3,256,-3.725711507315162,7.451423014630325,-2.787556352392854,-.9381551549223086
901,4,10,-1.849401197470866,3.698802394941733,-.9247005987354353,-.9247005987354312
902,1,784,.000000000000000,.000000000000000,-1.996170765815197,1.996170765815197
902,2,256,-3.992341531630338,7.984683063260675,-3.859416771479845,-.1329247601504955
902,3,256,-3.726492011329727,7.452984022659454,-2.791619055113289,-.9348729562164346
902,4,10,-1.856746098897285,3.713492197794571,-.9283730494486427,-.9283730494486425
903,1,784,.000000000000000,.000000000000000,-1.996430785883164,1.996430785883164
903,2,256,-3.992861571767076,7.985723143534153,-3.859346386251359,-.1335151855157173
903,3,256,-3.725831200736381,7.451662401472762,-2.762159299687873,-.9636719010485100
903,4,10,-1.798487398639366,3.596974797278731,-.8992436993196771,-.8992436993196884
904,1,784,.000000000000000,.000000000000000,-1.996256496420251,1.996256496420251
904,2,256,-3.992512992840614,7.985025985681228,-3.859072336974378,-.1334406558662344
904,3,256,-3.725631681108484,7.451263362216968,-2.775168633487640,-.9504630476208432
904,4,10,-1.824705585867035,3.649411171734069,-.9123527929335119,-.9123527929335229
905,1,784,.000000000000000,.000000000000000,-1.995583163254405,1.995583163254405
905,2,256,-3.991166326508811,7.982332653017622,-3.859051460275208,-.1321148662336044
905,3,256,-3.726936594041621,7.453873188083243,-2.765206491156187,-.9617301028854335
905,4,10,-1.803476388270777,3.606952776541554,-.9017381941353840,-.9017381941353928
906,1,784,.000000000000000,.000000000000000,-1.995846262201686,1.995846262201686
906,2,256,-3.991692524403200,7.983385048806400,-3.859318326412959,-.1323741979902408
906,3,256,-3.726944128422442,7.453888256844885,-2.773650185600528,-.9532939428219122
906,4,10,-1.820356242778509,3.640712485557019,-.9101781213892539,-.9101781213892555
907,1,784,.000000000000000,.000000000000000,-1.995471278887684,1.995471278887684
907,2,256,-3.990942557775692,7.981885115551384,-3.858891459655184,-.1320510981205054
907,3,256,-3.726840361534896,7.453680723069793,-2.763444180290418,-.9633961812444768
907,4,10,-1.800047999045833,3.600095998091666,-.9000239995229161,-.9000239995229166
908,1,784,.000000000000000,.000000000000000,-1.995917033429083,1.995917033429083
908,2,256,-3.991834066858373,7.983668133716747,-3.858478089336460,-.1333559775219163
908,3,256,-3.725122111814587,7.450244223629174,-2.777158942992910,-.9479631688216744
908,4,10,-1.829195774171069,3.658391548342137,-.9145978870855360,-.9145978870855327
909,1,784,.000000000000000,.000000000000000,-1.996393996578600,1.996393996578600
909,2,256,-3.992787993156596,7.985575986313192,-3.860791020170752,-.1319969729858434
909,3,256,-3.728794047183948,7.457588094367895,-2.781268126705697,-.9475259204782507
909,4,10,-1.833742206227084,3.667484412454169,-.9168711031135439,-.9168711031135404
910,1,784,.000000000000000,.000000000000000,-1.996993050099243,1.996993050099243
910,2,256,-3.993986100198528,7.987972200397055,-3.859997980113721,-.1339881200848063
910,3,256,-3.726009860029138,7.452019720058277,-2.760731897101826,-.9652779629273135
910,4,10,-1.795453934174691,3.590907868349382,-.8977269670873433,-.8977269670873473
911,1,784,.000000000000000,.000000000000000,-1.995717633966068,1.995717633966068
911,2,256,-3.991435267931428,7.982870535862856,-3.859189109682255,-.1322461582491734
911,3,256,-3.726942951432506,7.453885902865012,-2.770519092156416,-.9564238592760874
911,4,10,-1.814095232880474,3.628190465760949,-.9070476164402290,-.9070476164402456
912,1,784,.000000000000000,.000000000000000,-1.996053623829516,1.996053623829516
912,2,256,-3.992107247658639,7.984214495317278,-3.859071897794041,-.1330353498645979
912,3,256,-3.726036547928865,7.452073095857730,-2.769738352016506,-.9562981959123602
912,4,10,-1.813440156103958,3.626880312207915,-.9067200780519823,-.9067200780519753
913,1,784,.000000000000000,.000000000000000,-1.996521274261259,1.996521274261259
913,2,256,-3.993042548522333,7.986085097044666,-3.860357422747810,-.1326851257745236
913,3,256,-3.727672296973333,7.455344593946665,-2.781162781023440,-.9465095159498925
913,4,10,-1.834653265073781,3.669306530147562,-.9173266325368901,-.9173266325368910
914,1,784,.000000000000000,.000000000000000,-1.996612315380966,1.996612315380966
914,2,256,-3.993224630761779,7.986449261523559,-3.859510548058803,-.1337140827029750
914,3,256,-3.725796465355693,7.451592930711387,-2.777323587703898,-.9484728776517956
914,4,10,-1.828850710052126,3.657701420104252,-.9144253550260617,-.9144253550260643
915,1,784,.000000000000000,.000000000000000,-1.995588417698687,1.995588417698687
915,2,256,-3.991176835397036,7.982353670794073,-3.858384842708591,-.1327919926884498
915,3,256,-3.725592850019942,7.451185700039884,-2.757111831205557,-.9684810188143884
915,4,10,-1.788630812391309,3.577261624782619,-.8943154061956544,-.8943154061956551
916,1,784,.000000000000000,.000000000000000,-1.996066934553318,1.996066934553318
916,2,256,-3.992133869106812,7.984267738213624,-3.859265786485837,-.1328680826209763
916,3,256,-3.726397703864843,7.452795407729686,-2.757857761112465,-.9685399427523750
916,4,10,-1.789317818359914,3.578635636719827,-.8946589091799482,-.8946589091799649
917,1,784,.000000000000000,.000000000000000,-1.996117151778933,1.996117151778933
917,2,256,-3.992234303558037,7.984468607116074,-3.858829835852296,-.1334044677057399
917,3,256,-3.725425368146723,7.450850736293446,-2.761164723210901,-.9642606449358199
917,4,10,-1.796904078275077,3.593808156550154,-.8984520391375339,-.8984520391375431
918,1,784,.000000000000000,.000000000000000,-1.996457251246116,1.996457251246116
918,2,256,-3.992914502492100,7.985829004984200,-3.859735179481493,-.1331793230106097
918,3,256,-3.726555856470703,7.453111712941406,-2.773070100342245,-.9534857561284582
918,4,10,-1.819584344213732,3.639168688427465,-.9097921721068676,-.9097921721068646
919,1,784,.000000000000000,.000000000000000,-1.996081145409224,1.996081145409224
919,2,256,-3.992162290818619,7.984324581637237,-3.859856645226929,-.1323056455916891
919,3,256,-3.727550999635404,7.455101999270807,-2.763746809079206,-.9638041905561940
919,4,10,-1.799942618523017,3.599885237046034,-.8999713092615039,-.8999713092615128
920,1,784,.000000000000000,.000000000000000,-1.995836605106686,1.995836605106686
920,2,256,-3.991673210213562,7.983346420427123,-3.858595008296552,-.1330782019170087
920,3,256,-3.725516806379820,7.451033612759639,-2.761890729761006,-.9636260766188166
920,4,10,-1.798264653142282,3.596529306284563,-.8991323265711377,-.8991323265711442
921,1,784,.000000000000000,.000000000000000,-1.996392153045005,1.996392153045005
921,2,256,-3.992784306089590,7.985568612179181,-3.859061983437279,-.1337223226523121
921,3,256,-3.725339660784518,7.450679321569035,-2.784565141084629,-.9407745196998905
921,4,10,-1.843790621384682,3.687581242769363,-.9218953106923522,-.9218953106923293
922,1,784,.000000000000000,.000000000000000,-1.995709484990369,1.995709484990369
922,2,256,-3.991418969980517,7.982837939961033,-3.858587014660054,-.1328319553204614
922,3,256,-3.725755059339472,7.451510118678945,-2.779514902211591,-.9462401571278829
922,4,10,-1.833274745083782,3.666549490167564,-.9166373725419039,-.9166373725418784
923,1,784,.000000000000000,.000000000000000,-1.996550785951091,1.996550785951091
923,2,256,-3.993101571901841,7.986203143803682,-3.860293871788847,-.1328077001129917
923,3,256,-3.727486171675599,7.454972343351199,-2.762892583221479,-.9645935884541177
923,4,10,-1.798298994767442,3.596597989534885,-.8991494973837225,-.8991494973837197
924,1,784,.000000000000000,.000000000000000,-1.995423329338702,1.995423329338702
924,2,256,-3.990846658677831,7.981693317355663,-3.858059753952790,-.1327869047250376
924,3,256,-3.725272849228040,7.450545698456080,-2.786516985013526,-.9387558642145134
924,4,10,-1.847761120798876,3.695522241597752,-.9238805603994331,-.9238805603994429
925,1,784,.000000000000000,.000000000000000,-1.996683742981654,1.996683742981654
925,2,256,-3.993367485963568,7.986734971927136,-3.860470707982894,-.1328967779806719
925,3,256,-3.727573930002493,7.455147860004986,-2.776831604284006,-.9507423257184853
925,4,10,-1.826089278565540,3.652178557131080,-.9130446392827689,-.9130446392827708
926,1,784,.000000000000000,.000000000000000,-1.996306601162848,1.996306601162848
926,2,256,-3.992613202326192,7.985226404652384,-3.858588741162014,-.1340244611641823
926,3,256,-3.724564279998390,7.449128559996780,-2.771966214741110,-.9525980652572801
926,4,10,-1.819368149483871,3.638736298967743,-.9096840747419450,-.9096840747419263
927,1,784,.000000000000000,.000000000000000,-1.995158786653592,1.995158786653592
927,2,256,-3.990317573307120,7.980635146614239,-3.858010195910205,-.1323073773969147
927,3,256,-3.725702818513267,7.451405637026533,-2.778031330505536,-.9476714880077278
927,4,10,-1.830359842497849,3.660719684995697,-.9151799212489213,-.9151799212489272
928,1,784,.000000000000000,.000000000000000,-1.995683535324556,1.995683535324556
928,2,256,-3.991367070649054,7.982734141298108,-3.857573962830495,-.1337931078185605
928,3,256,-3.723780855011965,7.447561710023931,-2.766126333311385,-.9576545217005803
928,4,10,-1.808471811610872,3.616943623221744,-.9042359058054471,-.9042359058054253
929,1,784,.000000000000000,.000000000000000,-1.996200953659772,1.996200953659772
929,2,256,-3.992401907319099,7.984803814638199,-3.860073481184836,-.1323284261342612
929,3,256,-3.727745055050339,7.455490110100679,-2.770200659541981,-.9575443955083573
929,4,10,-1.812656264033851,3.625312528067702,-.9063281320169166,-.9063281320169342
930,1,784,.000000000000000,.000000000000000,-1.996293760696771,1.996293760696771
930,2,256,-3.992587521394180,7.985175042788360,-3.859282698319296,-.1333048230748876
930,3,256,-3.725977875245061,7.451955750490122,-2.781919913296198,-.9440579619488573
930,4,10,-1.837861951347354,3.675723902694709,-.9189309756736797,-.9189309756736745
931,1,784,.000000000000000,.000000000000000,-1.995751977574767,1.995751977574767
931,2,256,-3.991503955149498,7.983007910298995,-3.857855495208507,-.1336484599409877
931,3,256,-3.724207035267541,7.448414070535082,-2.764522297091111,-.9596847381764360
931,4,10,-1.804837558914761,3.609675117829521,-.9024187794573630,-.9024187794573979
932,1,784,.000000000000000,.000000000000000,-1.995850896300222,1.995850896300222
932,2,256,-3.991701792600458,7.983403585200916,-3.858889187950079,-.1328126046503798
932,3,256,-3.726076583299525,7.452153166599049,-2.775097545234893,-.9509790380646328
932,4,10,-1.824118507170068,3.648237014340135,-.9120592535850369,-.9120592535850305
933,1,784,.000000000000000,.000000000000000,-1.996328501229798,1.996328501229798
933,2,256,-3.992657002460326,7.985314004920652,-3.860082354818480,-.1325746476418476
933,3,256,-3.727507707177017,7.455015414354033,-2.764466567078959,-.9630411400980594
933,4,10,-1.801425426980535,3.602850853961070,-.9007127134902756,-.9007127134902595
934,1,784,.000000000000000,.000000000000000,-1.996516741750193,1.996516741750193
934,2,256,-3.993033483500082,7.986066967000164,-3.858771071360276,-.1342624121398074
934,3,256,-3.724508659220120,7.449017318440239,-2.775899499582957,-.9486091596371643
934,4,10,-1.827290339945764,3.654580679891527,-.9136451699728726,-.9136451699728909
935,1,784,.000000000000000,.000000000000000,-1.995814014170509,1.995814014170509
935,2,256,-3.991628028341678,7.983256056683357,-3.859346116072679,-.1322819122690020
935,3,256,-3.727064203804328,7.454128407608655,-2.771160651176571,-.9559035526277554
935,4,10,-1.815257098548792,3.630514197097583,-.9076285492744010,-.9076285492743904
936,1,784,.000000000000000,.000000000000000,-1.996307359060336,1.996307359060336
936,2,256,-3.992614718120926,7.985229436241852,-3.859772921729410,-.1328417963915176
936,3,256,-3.726931125338491,7.453862250676981,-2.760630821333187,-.9663003040053050
936,4,10,-1.794330517328221,3.588661034656442,-.8971652586641130,-.8971652586641081
937,1,784,.000000000000000,.000000000000000,-1.996228425681207,1.996228425681207
937,2,256,-3.992456851362149,7.984913702724297,-3.859968358994765,-.1324884923673868
937,3,256,-3.727479866627212,7.454959733254424,-2.777405606482736,-.9500742601444749
937,4,10,-1.827331346338345,3.654662692676690,-.9136656731691791,-.9136656731691659
938,1,784,.000000000000000,.000000000000000,-1.995979756880822,1.995979756880822
938,2,256,-3.991959513762230,7.983919027524459,-3.859190687956112,-.1327688258061210
938,3,256,-3.726421862150395,7.452843724300791,-2.765139171524998,-.9612826906253970
938,4,10,-1.803856480899412,3.607712961798824,-.9019282404497084,-.9019282404497034
939,1,784,.000000000000000,.000000000000000,-1.995536303798724,1.995536303798724
939,2,256,-3.991072607597312,7.982145215194623,-3.858263744615365,-.1328088629819427
939,3,256,-3.725454881633245,7.450909763266489,-2.765356937837379,-.9600979437958673
939,4,10,-1.805258994041470,3.610517988082940,-.9026294970207358,-.9026294970207340
940,1,784,.000000000000000,.000000000000000,-1.996140533266301,1.996140533266301
940,2,256,-3.992281066532362,7.984562133064724,-3.859518842662268,-.1327622238700950
940,3,256,-3.726756618791613,7.453513237583225,-2.772843254020398,-.9539133647712170
940,4,10,-1.818929889248853,3.637859778497707,-.9094649446244314,-.9094649446244218
941,1,784,.000000000000000,.000000000000000,-1.996520272592263,1.996520272592263
941,2,256,-3.993040545184702,7.986081090369405,-3.859982601364739,-.1330579438199602
941,3,256,-3.726924657544991,7.453849315089982,-2.777246669191648,-.9496779883533397
941,4,10,-1.827568680838341,3.655137361676683,-.9137843404191742,-.9137843404191675
942,1,784,.000000000000000,.000000000000000,-1.996249373785146,1.996249373785146
942,2,256,-3.992498747570350,7.984997495140699,-3.858314034652373,-.1341847129179732
942,3,256,-3.724129321734661,7.448258643469322,-2.764544552999181,-.9595847687354793
942,4,10,-1.804959784263891,3.609919568527781,-.9024798921319542,-.9024798921319368
943,1,784,.000000000000000,.000000000000000,-1.996426694808588,1.996426694808588
943,2,256,-3.992853389617005,7.985706779234009,-3.858989362566334,-.1338640270506725
943,3,256,-3.725125335515707,7.450250671031413,-2.762575857068528,-.9625494784471761
943,4,10,-1.800026378621578,3.600052757243156,-.9000131893107832,-.9000131893107948
944,1,784,.000000000000000,.000000000000000,-1.996259622844520,1.996259622844520
944,2,256,-3.992519245689113,7.985038491378226,-3.858983097495600,-.1335361481935158
944,3,256,-3.725446949302356,7.450893898604712,-2.762037063237447,-.9634098860649091
944,4,10,-1.798627177172738,3.597254354345477,-.8993135885863681,-.8993135885863704
945,1,784,.000000000000000,.000000000000000,-1.996302412089895,1.996302412089895
945,2,256,-3.992604824179915,7.985209648359829,-3.859176473724079,-.1334283504558370
945,3,256,-3.725748123268255,7.451496246536511,-2.762985232747313,-.9627628905209449
945,4,10,-1.800222342226232,3.600444684452464,-.9001111711131271,-.9001111711131050
946,1,784,.000000000000000,.000000000000000,-1.995452758459989,1.995452758459989
946,2,256,-3.990905516920278,7.981811033840556,-3.857670011425103,-.1332355054951718
946,3,256,-3.724434505930127,7.448869011860254,-2.761849113262874,-.9625853926672534
946,4,10,-1.799263720595518,3.598527441191036,-.8996318602977581,-.8996318602977598
947,1,784,.000000000000000,.000000000000000,-1.995964799445135,1.995964799445135
947,2,256,-3.991929598889733,7.983859197779466,-3.859059364949654,-.1328702339400832
947,3,256,-3.726189131009031,7.452378262018062,-2.762286354171386,-.9639027768376465
947,4,10,-1.798383577333731,3.596767154667461,-.8991917886668657,-.8991917886668650
948,1,784,.000000000000000,.000000000000000,-1.996106483408985,1.996106483408985
948,2,256,-3.992212966817537,7.984425933635073,-3.859699621488280,-.1325133453292590
948,3,256,-3.727186276158343,7.454372552316686,-2.775308087096083,-.9518781890622606
948,4,10,-1.823429898033565,3.646859796067131,-.9117149490167878,-.9117149490167777
949,1,784,.000000000000000,.000000000000000,-1.996128010835913,1.996128010835913
949,2,256,-3.992256021671747,7.984512043343494,-3.859441038527520,-.1328149831442308
949,3,256,-3.726626055382976,7.453252110765953,-2.773979290721856,-.9526467646611194
949,4,10,-1.821332526060474,3.642665052120948,-.9106662630302469,-.9106662630302276
950,1,784,.000000000000000,.000000000000000,-1.995861416331024,1.995861416331024
950,2,256,-3.991722832661853,7.983445665323707,-3.858531309196537,-.1331915234653172
950,3,256,-3.725339785730983,7.450679571461967,-2.767699581797334,-.9576402039336467
950,4,10,-1.810059377863630,3.620118755727260,-.9050296889318211,-.9050296889318086
951,1,784,.000000000000000,.000000000000000,-1.996139016409148,1.996139016409148
951,2,256,-3.992278032818351,7.984556065636702,-3.858897011737866,-.1333810210804871
951,3,256,-3.725515990657680,7.451031981315359,-2.761446131214381,-.9640698594432974
951,4,10,-1.797376271771316,3.594752543542631,-.8986881358856587,-.8986881358856573
952,1,784,.000000000000000,.000000000000000,-1.995980887103138,1.995980887103138
952,2,256,-3.991961774205801,7.983923548411601,-3.857902731307892,-.1340590428979072
952,3,256,-3.723843688409803,7.447687376819605,-2.762208012817603,-.9616356755921965
952,4,10,-1.800572337225704,3.601144674451409,-.9002861686128496,-.9002861686128545
953,1,784,.000000000000000,.000000000000000,-1.995366902840958,1.995366902840958
953,2,256,-3.990733805681873,7.981467611363746,-3.857853639015902,-.1328801666659711
953,3,256,-3.724973472349646,7.449946944699293,-2.768548564640924,-.9564249077087263
953,4,10,-1.812123656931982,3.624247313863964,-.9060618284659786,-.9060618284660031
954,1,784,.000000000000000,.000000000000000,-1.996093811857573,1.996093811857573
954,2,256,-3.992187623714973,7.984375247429946,-3.860342282471845,-.1318453412431228
954,3,256,-3.728496941228554,7.456993882457108,-2.769463987261739,-.9590329539668139
954,4,10,-1.810431033294912,3.620862066589824,-.9052155166474627,-.9052155166474494
955,1,784,.000000000000000,.000000000000000,-1.996035222129350,1.996035222129350
955,2,256,-3.992070444259050,7.984140888518100,-3.858752887398148,-.1333175568609018
955,3,256,-3.725435330537656,7.450870661075312,-2.768235582094318,-.9571997484433380
955,4,10,-1.811035833651030,3.622071667302059,-.9055179168255201,-.9055179168255096
956,1,784,.000000000000000,.000000000000000,-1.995769152250128,1.995769152250128
956,2,256,-3.991538304499864,7.983076608999728,-3.859393915439962,-.1321443890599008
956,3,256,-3.727249526379466,7.454499052758932,-2.767346383643428,-.9599031427360372
956,4,10,-1.807443240907193,3.614886481814386,-.9037216204535922,-.9037216204536009
957,1,784,.000000000000000,.000000000000000,-1.995658557053122,1.995658557053122
957,2,256,-3.991317114105621,7.982634228211242,-3.858672400485768,-.1326447136198534
957,3,256,-3.726027686865282,7.452055373730563,-2.769628988699334,-.9563986981659472
957,4,10,-1.813230290533377,3.626460581066754,-.9066151452666880,-.9066151452666890
958,1,784,.000000000000000,.000000000000000,-1.995757687629715,1.995757687629715
958,2,256,-3.991515375259771,7.983030750519542,-3.857911512837140,-.1336038624226294
958,3,256,-3.724307650414933,7.448615300829866,-2.776034306407133,-.9482733440077956
958,4,10,-1.827760962399407,3.655521924798814,-.9138804811997125,-.9138804811996944
959,1,784,.000000000000000,.000000000000000,-1.996867248715113,1.996867248715113
959,2,256,-3.993734497430832,7.987468994861665,-3.859839671212150,-.1338948262186859
959,3,256,-3.725944844994224,7.451889689988448,-2.764107618875225,-.9618372261189981
959,4,10,-1.802270392756381,3.604540785512762,-.9011351963781939,-.9011351963781868
960,1,784,.000000000000000,.000000000000000,-1.995808975852415,1.995808975852415
960,2,256,-3.991617951704555,7.983235903409110,-3.858697974476433,-.1329199772281206
960,3,256,-3.725777997248077,7.451555994496155,-2.763201178672404,-.9625768185756719
960,4,10,-1.800624360096764,3.601248720193527,-.9003121800483889,-.9003121800483750
961,1,784,.000000000000000,.000000000000000,-1.995891281971321,1.995891281971321
961,2,256,-3.991782563942263,7.983565127884527,-3.858164108620848,-.1336184553214156
961,3,256,-3.724545653298781,7.449091306597562,-2.781886774963674,-.9426588783351070
961,4,10,-1.839227896628313,3.678455793256627,-.9196139483141508,-.9196139483141628
962,1,784,.000000000000000,.000000000000000,-1.995319229186232,1.995319229186232
962,2,256,-3.990638458372394,7.981276916744789,-3.858085843428799,-.1325526149435971
962,3,256,-3.725533228484966,7.451066456969933,-2.767539333982210,-.9579938945027586
962,4,10,-1.809545439479274,3.619090878958548,-.9047727197396416,-.9047727197396321
963,1,784,.000000000000000,.000000000000000,-1.995533078869081,1.995533078869081
963,2,256,-3.991066157738770,7.982132315477540,-3.858210521261590,-.1328556364771810
963,3,256,-3.725354884785119,7.450709769570238,-2.761463351170861,-.9638915336142633
963,4,10,-1.797571817556702,3.595143635113404,-.8987859087783491,-.8987859087783532
964,1,784,.000000000000000,.000000000000000,-1.996222461730005,1.996222461730005
964,2,256,-3.992444923460285,7.984889846920569,-3.859030338504466,-.1334145849558199
964,3,256,-3.725615753548859,7.451231507097718,-2.772109748617278,-.9535060049315872
964,4,10,-1.818603743685654,3.637207487371307,-.9093018718428214,-.9093018718428318
965,1,784,.000000000000000,.000000000000000,-1.995231085786992,1.995231085786992
965,2,256,-3.990462171574333,7.980924343148666,-3.857666161243353,-.1327960103309813
965,3,256,-3.724870150912319,7.449740301824638,-2.762350257277597,-.9625198936347239
965,4,10,-1.799830363642474,3.599660727284947,-.8999151818212343,-.8999151818212393
966,1,784,.000000000000000,.000000000000000,-1.995484112945588,1.995484112945588
966,2,256,-3.990968225891054,7.981936451782109,-3.858703349518743,-.1322648763723137
966,3,256,-3.726438473146063,7.452876946292126,-2.763114131966559,-.9633243411795057
966,4,10,-1.799789790786820,3.599579581573639,-.8998948953934049,-.8998948953934148
967,1,784,.000000000000000,.000000000000000,-1.996761386754976,1.996761386754976
967,2,256,-3.993522773510064,7.987045547020129,-3.860237636789777,-.1332851367202839
967,3,256,-3.726952500069319,7.453905000138638,-2.770143122632742,-.9568093774365821
967,4,10,-1.813333745195891,3.626667490391782,-.9066668725979404,-.9066668725979503
968,1,784,.000000000000000,.000000000000000,-1.996557667459872,1.996557667459872
968,2,256,-3.993115334919587,7.986230669839174,-3.860173968256637,-.1329413666629498
968,3,256,-3.727232601593538,7.454465203187075,-2.763043996516243,-.9641886050772908
968,4,10,-1.798855391438964,3.597710782877928,-.8994276957194771,-.8994276957194869
969,1,784,.000000000000000,.000000000000000,-1.996009330363065,1.996009330363065
969,2,256,-3.992018660725506,7.984037321451011,-3.860028760275803,-.1319899004497039
969,3,256,-3.728038859825420,7.456077719650840,-2.764500317926843,-.9635385418985757
969,4,10,-1.800961776028222,3.601923552056445,-.9004808880141083,-.9004808880141141
970,1,784,.000000000000000,.000000000000000,-1.996274733645613,1.996274733645613
970,2,256,-3.992549467290630,7.985098934581260,-3.859665200647178,-.1328842666434596
970,3,256,-3.726780934003008,7.453561868006015,-2.774158380398436,-.9526225536045693
970,4,10,-1.821535826793749,3.643071653587497,-.9107679133968752,-.9107679133968734
971,1,784,.000000000000000,.000000000000000,-1.995955600152890,1.995955600152890
971,2,256,-3.991911200305799,7.983822400611599,-3.859499892455543,-.1324113078502598
971,3,256,-3.727088584605592,7.454177169211184,-2.768598899281050,-.9584896853245419
971,4,10,-1.810109213956806,3.620218427913612,-.9050546069784005,-.9050546069784056
972,1,784,.000000000000000,.000000000000000,-1.996973523594736,1.996973523594736
972,2,256,-3.993947047189562,7.987894094379125,-3.860101592440510,-.1338454547490508
972,3,256,-3.726256137691216,7.452512275382433,-2.765835942874335,-.9604201948168808
972,4,10,-1.805415748057091,3.610831496114182,-.9027078740285613,-.9027078740285299
973,1,784,.000000000000000,.000000000000000,-1.995850627122409,1.995850627122409
973,2,256,-3.991701254245446,7.983402508490891,-3.857341037580216,-.1343602166652304
973,3,256,-3.722980820915804,7.445961641831608,-2.764475805320598,-.9585050155952025
973,4,10,-1.805970789725577,3.611941579451154,-.9029853948627948,-.9029853948627820
974,1,784,.000000000000000,.000000000000000,-1.995601238736486,1.995601238736486
974,2,256,-3.991202477472898,7.982404954945797,-3.859299461872134,-.1319030156007636
974,3,256,-3.727396446271118,7.454792892542235,-2.772544155304490,-.9548522909666310
974,4,10,-1.817691864337663,3.635383728675326,-.9088459321688398,-.9088459321688233
975,1,784,.000000000000000,.000000000000000,-1.995982285584177,1.995982285584177
975,2,256,-3.991964571168011,7.983929142336021,-3.858687735842680,-.1332768353253295
975,3,256,-3.725410900517232,7.450821801034464,-2.769705423677776,-.9557054768394595
975,4,10,-1.813999946838544,3.627999893677088,-.9069999734192693,-.9069999734192746
976,1,784,.000000000000000,.000000000000000,-1.996304060761129,1.996304060761129
976,2,256,-3.992608121522304,7.985216243044609,-3.859018565276390,-.1335895562459160
976,3,256,-3.725429009030474,7.450858018060948,-2.760067702076363,-.9653613069541126
976,4,10,-1.794706395122201,3.589412790244402,-.8973531975611065,-.8973531975610946
977,1,784,.000000000000000,.000000000000000,-1.996194263690175,1.996194263690175
977,2,256,-3.992388527380124,7.984777054760247,-3.858856012082046,-.1335325152980793
977,3,256,-3.725323496783631,7.450646993567262,-2.795303923885898,-.9300195728977360
977,4,10,-1.865284350988050,3.730568701976100,-.9326421754940246,-.9326421754940251
978,1,784,.000000000000000,.000000000000000,-1.995977261710104,1.995977261710104
978,2,256,-3.991954523419990,7.983909046839980,-3.858832240663555,-.1331222827564336
978,3,256,-3.725709957906482,7.451419915812964,-2.779455594807113,-.9462543630993669
978,4,10,-1.833201231707294,3.666402463414589,-.9166006158536593,-.9166006158536351
979,1,784,.000000000000000,.000000000000000,-1.995633193489715,1.995633193489715
979,2,256,-3.991266386979487,7.982532773958974,-3.858449732827438,-.1328166541520460
979,3,256,-3.725633078675598,7.451266157351196,-2.776648858605140,-.9489842200704577
979,4,10,-1.827664638534820,3.655329277069640,-.9138323192674145,-.9138323192674060
980,1,784,.000000000000000,.000000000000000,-1.996397900652551,1.996397900652551
980,2,256,-3.992795801304803,7.985591602609606,-3.858956911019017,-.1338388902857865
980,3,256,-3.725118020732915,7.450236041465829,-2.756633920983478,-.9684840997494369
980,4,10,-1.788149821234021,3.576299642468042,-.8940749106170101,-.8940749106170109
981,1,784,.000000000000000,.000000000000000,-1.997064599311678,1.997064599311678
981,2,256,-3.994129198623854,7.988258397247709,-3.858691863907486,-.1354373347163662
981,3,256,-3.723254529191594,7.446509058383188,-2.764955687970145,-.9582988412214454
981,4,10,-1.806656846748667,3.613313693497334,-.9033284233743357,-.9033284233743313
982,1,784,.000000000000000,.000000000000000,-1.996051935418570,1.996051935418570
982,2,256,-3.992103870837165,7.984207741674330,-3.858567528769266,-.1335363420678993
982,3,256,-3.725031186701247,7.450062373402495,-2.766834369574717,-.9581968171265320
982,4,10,-1.808637552448020,3.617275104896039,-.9043187762240219,-.9043187762239975
983,1,784,.000000000000000,.000000000000000,-1.995749908372789,1.995749908372789
983,2,256,-3.991499816746332,7.982999633492665,-3.858172789246398,-.1333270274999307
983,3,256,-3.724845761747339,7.449691523494677,-2.771472378517430,-.9533733832299068
983,4,10,-1.818098995287619,3.636197990575238,-.9090494976438190,-.9090494976437998
984,1,784,.000000000000000,.000000000000000,-1.997148496303209,1.997148496303209
984,2,256,-3.994296992606270,7.988593985212541,-3.859633356759759,-.1346636358465149
984,3,256,-3.724969720913049,7.449939441826098,-2.782263866276055,-.9427058546369951
984,4,10,-1.839558011639001,3.679116023278001,-.9197790058195047,-.9197790058194960
985,1,784,.000000000000000,.000000000000000,-1.996672410676809,1.996672410676809
985,2,256,-3.993344821354198,7.986689642708396,-3.861117616167182,-.1322272051870143
985,3,256,-3.728890410980787,7.457780821961575,-2.762419766240582,-.9664706447402069
985,4,10,-1.795949121500421,3.591898243000842,-.8979745607502095,-.8979745607502112
986,1,784,.000000000000000,.000000000000000,-1.995665390076484,1.995665390076484
986,2,256,-3.991330780152703,7.982661560305407,-3.858310927621447,-.1330198525312571
986,3,256,-3.725291075090056,7.450582150180112,-2.754418756917015,-.9708723181730449
986,4,10,-1.783546438744102,3.567092877488204,-.8917732193720480,-.8917732193720544
987,1,784,.000000000000000,.000000000000000,-1.995997674367942,1.995997674367942
987,2,256,-3.991995348736020,7.983990697472040,-3.858231927754172,-.1337634209818480
987,3,256,-3.724468506772546,7.448937013545093,-2.767914406449104,-.9565541003234418
987,4,10,-1.811360306125747,3.622720612251494,-.9056801530628723,-.9056801530628746
988,1,784,.000000000000000,.000000000000000,-1.996760877438020,1.996760877438020
988,2,256,-3.993521754876654,7.987043509753308,-3.860016747198336,-.1335050076783157
988,3,256,-3.726511739520756,7.453023479041511,-2.763299148527753,-.9632125909930055
988,4,10,-1.800086557534877,3.600173115069754,-.9000432787674342,-.9000432787674427
989,1,784,.000000000000000,.000000000000000,-1.996764057874570,1.996764057874570
989,2,256,-3.993528115749653,7.987056231499307,-3.861405472561337,-.1321226431883165
989,3,256,-3.729282829373381,7.458565658746762,-2.782059025604049,-.9472238037693266
989,4,10,-1.834835221834588,3.669670443669177,-.9174176109172838,-.9174176109173046
990,1,784,.000000000000000,.000000000000000,-1.996159174288501,1.996159174288501
990,2,256,-3.992318348576935,7.984636697153871,-3.858947967836856,-.1333703807400765
990,3,256,-3.725577587096593,7.451155174193185,-2.765064442833171,-.9605131442634243
990,4,10,-1.804551298569603,3.609102597139207,-.9022756492848106,-.9022756492847928
991,1,784,.000000000000000,.000000000000000,-1.996618631549778,1.996618631549778
991,2,256,-3.993237263100184,7.986474526200368,-3.859920911335504,-.1333163517646825
991,3,256,-3.726604559571570,7.453209119143139,-2.794315495377287,-.9322890641942825
991,4,10,-1.862026431183122,3.724052862366245,-.9310132155915659,-.9310132155915567
992,1,784,.000000000000000,.000000000000000,-1.996507197511872,1.996507197511872
992,2,256,-3.993014395023437,7.986028790046873,-3.860190659973668,-.1328237350497684
992,3,256,-3.727366924923769,7.454733849847537,-2.778737765388437,-.9486291595353307
992,4,10,-1.830108605853290,3.660217211706580,-.9150543029266411,-.9150543029266489
993,1,784,.000000000000000,.000000000000000,-1.996277730576027,1.996277730576027
993,2,256,-3.992555461151934,7.985110922303869,-3.860016210037425,-.1325392511145066
993,3,256,-3.727476958922497,7.454953917844994,-2.768973502713759,-.9585034562087345
993,4,10,-1.810470046504732,3.620940093009464,-.9052350232523643,-.9052350232523678
994,1,784,.000000000000000,.000000000000000,-1.996398318340587,1.996398318340587
994,2,256,-3.992796636681194,7.985593273362388,-3.859411977591826,-.1333846590893681
994,3,256,-3.726027318502548,7.452054637005095,-2.775992871083608,-.9500344474189391
994,4,10,-1.825958423664753,3.651916847329505,-.9129792118323715,-.9129792118323812
995,1,784,.000000000000000,.000000000000000,-1.996270060459591,1.996270060459591
995,2,256,-3.992540120918521,7.985080241837042,-3.858335832340971,-.1342042885775543
995,3,256,-3.724131543762648,7.448263087525296,-2.775605376756388,-.9485261670062588
995,4,10,-1.827079209750018,3.654158419500037,-.9135396048750112,-.9135396048750072
996,1,784,.000000000000000,.000000000000000,-1.996628780867069,1.996628780867069
996,2,256,-3.993257561734119,7.986515123468239,-3.860068934372312,-.1331886273618088
996,3,256,-3.726880307010298,7.453760614020597,-2.767868848580329,-.9590114584299692
996,4,10,-1.808857390150177,3.617714780300354,-.9044286950750848,-.9044286950750927
997,1,784,.000000000000000,.000000000000000,-1.996294590495133,1.996294590495133
997,2,256,-3.992589180990379,7.985178361980758,-3.858693856862959,-.1338953241274199
997,3,256,-3.724798532735588,7.449597065471177,-2.775714153236551,-.9490843794990383
997,4,10,-1.826629773737425,3.653259547474851,-.9133148868687226,-.9133148868687024
998,1,784,.000000000000000,.000000000000000,-1.995838324600858,1.995838324600858
998,2,256,-3.991676649201845,7.983353298403690,-3.859341405719305,-.1323352434825427
998,3,256,-3.727006162236823,7.454012324473646,-2.774981925492364,-.9520242367444574
998,4,10,-1.822957688747831,3.645915377495663,-.9114788443739215,-.9114788443739101
999,1,784,.000000000000000,.000000000000000,-1.996023509059241,1.996023509059241
999,2,256,-3.992047018118817,7.984094036237633,-3.858822273406240,-.1332247447125747
999,3,256,-3.725597528694242,7.451195057388484,-2.759174992045091,-.9664225366491483
999,4,10,-1.792752455396176,3.585504910792352,-.8963762276980924,-.8963762276980833
1000,1,784,.000000000000000,.000000000000000,-1.996431466111485,1.996431466111485
1000,2,256,-3.992862932222802,7.985725864445604,-3.859475951487178,-.1333869807356253
1000,3,256,-3.726088970751207,7.452177941502414,-2.766058957856646,-.9600300128945618
1000,4,10,-1.806028944961906,3.612057889923811,-.9030144724809537,-.9030144724809521
