id,stability,max_real_part,max_kappa_in,min_kappa_in,max_kappa_out,min_kappa_out
1,stable,-1.000000000000000,5.069399344691192,-3.237971336711780,2.118023362309032,-2.405671880114824
2,stable,-1.000000000000000,5.266392527344578,-3.532886865665205,2.281233472516760,-2.036909734466462
3,stable,-1.000000000000000,5.458681247480854,-3.304008381855965,1.771409626817331,-2.288035096804379
4,stable,-1.000000000000000,5.294728454906362,-3.862317358463770,2.154246264486574,-2.037370658195869
5,stable,-1.000000000000000,5.657506111369003,-2.331212037883233,1.715240822813939,-1.944023699237732
6,stable,-1.000000000000000,4.451576503923206,-2.890116274676984,2.105806175299222,-1.939362418343080
7,stable,-1.000000000000000,4.628096703670963,-3.009507986055723,1.940893325576326,-2.178484988398850
8,stable,-1.000000000000000,6.033294316119282,-5.274263122904813,1.889627018244937,-1.921071839053184
9,stable,-1.000000000000000,5.330109277825613,-3.475632371249958,1.874432131240610,-2.258433471666649
10,stable,-1.000000000000000,5.327809705304389,-3.885488366984646,1.961876620014664,-1.925866187724750
11,stable,-1.000000000000000,5.566080899834560,-4.393631104343513,1.806799730635248,-1.756752491812222
12,stable,-1.000000000000000,5.366076978308229,-3.749829743304872,1.606482041068375,-1.911448744911468
13,stable,-1.000000000000000,5.330647573355236,-4.088445944376872,2.360967359214555,-1.993885610136203
14,stable,-1.000000000000000,5.958884688348917,-2.860685127037868,1.667344980960479,-1.836745318199974
15,stable,-1.000000000000000,4.657706844140193,-4.859180531709171,1.764693092089146,-1.899898030758777
16,stable,-1.000000000000000,4.942407418755465,-2.839342505696550,1.953059108607704,-1.772434996426455
17,stable,-1.000000000000000,5.292401286784298,-2.330305375726311,1.749518981014262,-1.828851203667000
18,stable,-1.000000000000000,7.030800901455223,-2.393635314929270,2.216689773544203,-1.724381618347252
19,stable,-1.000000000000000,3.918899053356654,-2.804156669739314,1.662844868187676,-1.941692712109216
20,stable,-1.000000000000000,4.660546316893488,-2.117988558145953,1.898775521898642,-2.837958174175583
21,stable,-1.000000000000000,4.451792496161943,-2.309598000067126,3.278129962069215,-2.192442940548062
22,stable,-1.000000000000000,5.470998249293189,-3.491320170904146,2.974764413462253,-2.563878574757837
23,stable,-1.000000000000000,5.886313795112073,-3.047263425498386,2.074918355559930,-2.250425922102295
24,stable,-1.000000000000000,6.129378596480819,-3.866245361110487,2.829090727886069,-2.239044610323617
25,stable,-1.000000000000000,5.399519264989067,-3.732112174518988,2.550665406044573,-2.277802517462987
26,stable,-1.000000000000000,3.905453005497293,-2.686512004260294,2.131212189560756,-2.439054113521706
27,stable,-1.000000000000000,4.371345113002462,-3.694822002093133,2.963027579084155,-1.775493131979601
28,stable,-1.000000000000000,6.207593084785913,-3.949817829125095,1.879774010274559,-1.758846942131640
29,stable,-1.000000000000000,5.465032224718016,-3.824811330814555,2.079373254313396,-2.457139809615910
30,stable,-1.000000000000000,5.519941255006415,-4.151304753409931,1.865274345211219,-2.236039124429226
31,stable,-1.000000000000000,5.751164997862361,-4.575296724178770,2.207226969243493,-1.865087970552850
32,stable,-1.000000000000000,4.403496936167357,-6.032943496160442,1.772942376635910,-1.962319449288771
33,stable,-1.000000000000000,4.720920593477786,-3.203462672303431,1.819862677257333,-2.323399852568400
34,stable,-1.000000000000000,4.001799630692403,-3.112244571151678,1.944192033261061,-2.424608377739787
35,stable,-1.000000000000000,4.784830718708690,-4.499629804937285,1.978794090333395,-2.032067428677692
36,stable,-1.000000000000000,4.324012632547237,-2.731282720153104,1.701274944236502,-2.045268506131833
37,stable,-1.000000000000000,5.079356704936799,-3.743611751815479,2.162616630317643,-2.467884732061066
38,stable,-1.000000000000000,5.803467574311071,-3.823286355040182,2.367404079996049,-2.149477025726810
39,stable,-1.000000000000000,4.978954849844740,-3.748047808079718,1.888314827118847,-2.195029578026151
40,stable,-1.000000000000000,5.468627009104239,-4.740080508698156,2.185584802471567,-1.763859586790204
41,stable,-1.000000000000000,4.048454334039661,-3.229598938658455,1.821359615656547,-2.983284695474140
42,stable,-1.000000000000000,4.081292011345795,-3.818118557845992,1.830544846365228,-2.561296368192416
43,stable,-1.000000000000000,3.837685109298036,-3.167542535782559,2.000282117878669,-2.246179779176600
44,stable,-1.000000000000000,4.755745188274886,-3.784506201261138,2.452571845584316,-1.985549953766167
45,stable,-1.000000000000000,5.356524748058291,-4.203438107011607,2.225345073500648,-1.945045227883384
46,stable,-1.000000000000000,5.285663141141413,-3.486270787336252,2.151631995453499,-1.739625341433566
47,stable,-1.000000000000000,4.963746491615893,-4.073621508265205,1.733138041105121,-2.222038979060017
48,stable,-1.000000000000000,7.049333500762259,-4.748218559878296,2.679347137920558,-1.771249205165077
49,stable,-1.000000000000000,5.717642798743327,-3.466578843392199,1.726815986796282,-2.139843081356958
50,stable,-1.000000000000000,4.483308504284651,-3.489077180936874,1.956674784843926,-1.887426241373760
51,stable,-1.000000000000000,4.065209506930842,-3.636972611762758,1.831468455697177,-2.479444320866605
52,stable,-1.000000000000000,4.314928577595310,-3.551964881044114,2.316206533112563,-1.874418244231492
53,stable,-1.000000000000000,5.269055137570831,-3.964105322964315,2.340818859636784,-1.743282081792131
54,stable,-1.000000000000000,5.534644448147446,-4.512745021849696,1.787895379471593,-1.824043932138011
55,stable,-1.000000000000000,5.663553672653507,-5.649391184868364,1.920091020641848,-2.345506396377459
56,stable,-1.000000000000000,4.650922348751919,-3.315214370886679,2.114183233818039,-2.561489434010582
57,stable,-1.000000000000000,4.378827253909549,-5.193800366072537,2.031617352971807,-2.291337363712955
58,stable,-1.000000000000000,5.587404096087994,-4.389158031553961,2.560558743542060,-1.606745702243643
59,stable,-1.000000000000000,4.725285932927363,-3.662596847622808,1.894051780589507,-2.179382208618335
60,stable,-1.000000000000000,6.577549183864903,-3.045134781161323,1.975943320896477,-1.850940311676823
61,stable,-1.000000000000000,4.469260615100211,-5.023680188652179,1.727689494786318,-2.156904348867101
62,stable,-1.000000000000000,4.322204250340292,-4.169690305359836,1.994629162596539,-1.634199233260006
63,stable,-1.000000000000000,5.041347556592882,-3.681910587896709,2.038630363298580,-1.951916572637856
64,stable,-1.000000000000000,5.904127563160728,-4.500880758154381,1.882485886555514,-2.027606587609625
65,stable,-1.000000000000000,6.604250671392947,-3.092486243818712,1.884579045319697,-2.309245851502055
66,stable,-1.000000000000000,8.035687238603714,-3.876947434735484,2.938452378381044,-2.127169022074668
67,stable,-1.000000000000000,6.218861838991870,-4.495987879188760,2.302746528759599,-2.571915480511962
68,stable,-1.000000000000000,4.697651825270441,-4.803909438393021,2.128897684167896,-1.956830735667609
69,stable,-1.000000000000000,5.075596787828545,-3.379540285802250,1.833034278650302,-2.709233386383858
70,stable,-1.000000000000000,4.257974501333592,-3.897984595736489,1.669049725867808,-2.140606383793056
71,stable,-1.000000000000000,5.250405364917242,-4.449974457267672,1.652257498208201,-1.836102884903084
72,stable,-1.000000000000000,5.162169219343923,-3.946474508269603,1.649599033524282,-1.982277803937905
73,stable,-1.000000000000000,5.128435256541707,-3.630665636792401,1.931301316479221,-2.454275319891167
74,stable,-1.000000000000000,5.410484076754074,-5.778916036557348,2.016321839252441,-1.861157030129107
75,stable,-1.000000000000000,5.309761161894130,-4.467603858684015,2.086422923835926,-2.694524474936770
76,stable,-1.000000000000000,4.426090659433612,-3.896529712823394,1.846410755446414,-1.796660621614137
77,stable,-1.000000000000000,6.161790693506191,-3.360515174652392,1.695165755256312,-2.069837109171203
78,stable,-1.000000000000000,5.852495492130402,-4.790036192745902,1.746695782232564,-2.513041923171841
79,stable,-1.000000000000000,4.743061751141795,-3.120593490719330,2.057823090348393,-2.266627725446597
80,stable,-1.000000000000000,9.011461530259112,-3.341458556154976,1.969482515589334,-2.040970124071464
81,stable,-1.000000000000000,6.414649132260820,-3.835761805748916,2.025810534163611,-1.918390139588155
82,stable,-1.000000000000000,5.347293000522768,-2.763547289519920,2.594504179018259,-2.121034996715025
83,stable,-1.000000000000000,4.947023336058919,-2.979493631319201,2.964761297160294,-1.988977815140970
84,stable,-1.000000000000000,5.795052827299514,-3.629347350077296,1.856033296237001,-1.701869208394783
85,stable,-1.000000000000000,5.390199838926492,-3.296373182602110,1.809952501324005,-1.994153424864635
86,stable,-1.000000000000000,5.454049233005207,-3.875761096765928,2.131408124754671,-1.862245714204619
87,stable,-1.000000000000000,5.711647080063813,-3.507510941384680,1.934678677120246,-1.688841659808531
88,stable,-1.000000000000000,6.225653215612510,-3.359003636087436,2.070449734106660,-2.036036480683833
89,stable,-1.000000000000000,5.506402538478142,-3.396938346464594,2.101306055705209,-2.068355050403625
90,stable,-1.000000000000000,4.478120511488669,-3.982035111926962,2.749158508180699,-1.975976494897623
91,stable,-1.000000000000000,4.472520191942749,-3.178732935746666,2.274854027346009,-2.302217734773876
92,stable,-1.000000000000000,5.854199400171638,-3.415657975217982,1.980423385699396,-1.801357451215154
93,stable,-1.000000000000000,4.535821560566546,-5.686128400411690,1.956309470115229,-2.236379542970099
94,stable,-1.000000000000000,4.774907377242926,-3.215680560475448,1.914682629867457,-2.076321149943396
95,stable,-1.000000000000000,6.594176944061473,-3.431681466332520,2.278012226859573,-1.922181511763483
96,stable,-1.000000000000000,4.887541925978439,-3.241264494601637,1.887286650286114,-2.334448315581540
97,stable,-1.000000000000000,5.393261004502165,-4.717038929647970,1.842795122822281,-2.200115525483852
98,stable,-1.000000000000000,3.649578006246884,-3.614832980383653,2.531323428374890,-2.191072182380594
99,stable,-1.000000000000000,5.104983708646614,-3.725696945144591,2.089492785162292,-2.835970716667362
100,stable,-1.000000000000000,5.343888765019074,-3.582510964111862,1.687622821704281,-1.638548910152167
101,stable,-1.000000000000000,5.299193795450265,-3.488538222794887,1.944447437883355,-1.766925684758462
102,stable,-1.000000000000000,5.796054549289693,-4.458263774769875,1.782526318391319,-1.734439887426561
103,stable,-1.000000000000000,7.010775742033729,-3.552292209249572,1.958432151121087,-2.320068792090751
104,stable,-1.000000000000000,4.863040558178909,-3.430886349873617,1.899982437607832,-2.221938352100551
105,stable,-1.000000000000000,6.539035499314195,-4.591315587716963,2.192125824018149,-1.969205276807770
106,stable,-1.000000000000000,4.937430973441224,-3.843208289894392,2.103596579399891,-2.274718421962461
107,stable,-1.000000000000000,4.822953938888531,-4.245758224060410,1.910682311980054,-2.360173423658125
108,stable,-1.000000000000000,4.295767540439556,-2.276530104030826,2.486935671971878,-1.606497914704960
109,stable,-1.000000000000000,5.775204590533349,-4.279141415372578,1.903526762151159,-2.185940672061406
110,stable,-1.000000000000000,5.494421492010588,-3.474827852667659,2.361550161236664,-1.743593883671565
111,stable,-1.000000000000000,5.229543443019793,-4.060334287348269,2.032652696594596,-2.634863164974377
112,stable,-1.000000000000000,7.277493440393300,-2.547604336064978,1.522693676408380,-2.045080062260240
113,stable,-1.000000000000000,5.131587827687326,-3.684407836259197,1.881881317793159,-2.401544377557002
114,stable,-1.000000000000000,5.769900813018467,-3.007816623419785,1.853869018901605,-2.665973539929837
115,stable,-1.000000000000000,5.136467946205812,-6.056442764123858,1.601454337185714,-2.047174042178085
116,stable,-1.000000000000000,4.718169627376483,-3.502117750875186,1.861232718219981,-2.100793146702927
117,stable,-1.000000000000000,6.089552907316829,-4.234179888364451,1.923506831109989,-2.455696469522081
118,stable,-1.000000000000000,5.450604811980156,-3.724333682184806,2.098059826472308,-2.031063015048858
119,stable,-1.000000000000000,5.732922663897625,-3.509447373315197,1.875708021798346,-2.016646848176606
120,stable,-1.000000000000000,4.713204860192491,-4.288207434407923,2.042569155019009,-2.847229337901808
121,stable,-1.000000000000000,4.605539956515713,-3.243476605653996,2.452225981047377,-2.923015993088484
122,stable,-1.000000000000000,4.366697885794565,-4.315735482225136,1.874880670547100,-2.121294762822799
123,stable,-1.000000000000000,7.675449624694011,-2.958833251988835,2.145756780868396,-1.852105556834431
124,stable,-1.000000000000000,5.826193175191293,-4.409871399533586,1.986616240523290,-2.385128753288882
125,stable,-1.000000000000000,5.505758892217273,-4.444432348333066,2.618653274490498,-1.727022426901385
126,stable,-1.000000000000000,7.304126648174133,-4.048590671023703,1.783693358302116,-2.069904868723825
127,stable,-1.000000000000000,5.145737926941365,-3.916147750293021,1.902549031190574,-2.016970089840470
128,stable,-1.000000000000000,4.140478192770388,-4.906178039419501,1.995954996848013,-2.351243395445636
129,stable,-1.000000000000000,5.655592787632486,-2.573223413601227,1.745839730952866,-2.855769161193166
130,stable,-1.000000000000000,6.419670254108496,-2.545816742742318,2.004408197419252,-2.496031825197861
131,stable,-1.000000000000000,6.541924112174456,-2.689209801903417,2.123779605084565,-1.863896855036728
132,stable,-1.000000000000000,5.370511716379951,-4.417140134692090,1.655881055048667,-1.717125713592395
133,stable,-1.000000000000000,4.795409917089273,-4.232896366673231,1.953145975188818,-2.198410554905422
134,stable,-1.000000000000000,6.951905356003408,-3.699919474507624,1.948349701167899,-1.835574741184246
135,stable,-1.000000000000000,4.957342455236358,-4.442576779867522,1.617581566970330,-1.877912969444878
136,stable,-1.000000000000000,4.437308498803759,-2.990972582741961,1.697014866513200,-2.458907874068245
137,stable,-1.000000000000000,5.563168258704536,-2.525133839531918,1.471276360098273,-1.891555687732762
138,stable,-1.000000000000000,6.003522949605212,-3.847920563606749,2.078307644987945,-2.767534376180265
139,stable,-1.000000000000000,4.866879171135224,-3.371534595462435,2.346056153706741,-2.077157580642961
140,stable,-1.000000000000000,6.088647669519560,-2.153593161703611,2.051055933814496,-2.456281888589729
141,stable,-1.000000000000000,6.241152659938052,-4.192215793047581,2.108966776519082,-2.678447156038601
142,stable,-1.000000000000000,4.462615770673438,-4.013937812349468,1.771701128454879,-2.044810090155806
143,stable,-1.000000000000000,5.468150685199362,-3.160041729119257,1.723157116750372,-1.857536091818474
144,stable,-1.000000000000000,6.097146747939405,-3.899480442501954,1.981190280697774,-1.841375189193059
145,stable,-1.000000000000000,4.018007050949336,-2.670868809444073,2.437381753232330,-2.592667750141118
146,stable,-1.000000000000000,7.040824346935551,-2.592524909196072,2.233854213205632,-2.341709386644652
147,stable,-1.000000000000000,5.155082939148997,-3.222040384411230,2.441520958047477,-2.259261439437978
148,stable,-1.000000000000000,5.453678674163712,-3.867301856080303,1.809476231050212,-1.745389038522262
149,stable,-1.000000000000000,4.999311934805519,-4.581007120941649,2.172121810493991,-2.610564818329294
150,stable,-1.000000000000000,6.663751723132009,-4.119006093795178,1.726313092134660,-2.029836051282473
151,stable,-1.000000000000000,5.528236594043847,-3.811563351384393,1.907925035455264,-2.140682852565078
152,stable,-1.000000000000000,6.275339896317746,-4.902327513904311,2.080619700951502,-2.267741242947523
153,stable,-1.000000000000000,6.319450770824915,-3.370572115847608,2.120091851582401,-2.132774628465995
154,stable,-1.000000000000000,4.253544556733686,-3.917814446118427,2.107388553442433,-1.972341558546759
155,stable,-1.000000000000000,5.545332018365116,-4.396701568955905,2.273647664580494,-2.933996114268666
156,stable,-1.000000000000000,4.931150018699554,-3.859349860857947,2.631478225463070,-1.959570972830988
157,stable,-1.000000000000000,4.887384235567879,-3.368557204121316,2.212946062209085,-1.634801229462028
158,stable,-1.000000000000000,6.004397828859510,-3.843649182555964,1.710023572668433,-2.117945420439355
159,stable,-1.000000000000000,5.236663533483807,-4.745419290604332,2.474868796765804,-2.811531910163467
160,stable,-1.000000000000000,4.654266610428749,-3.354328151806840,2.543518593185581,-2.388537866063416
161,stable,-1.000000000000000,6.011647969149635,-4.064402663207147,2.280039693927392,-2.436062259017490
162,stable,-1.000000000000000,4.466295850827009,-2.974895557243144,2.225454292609356,-2.362215678265784
163,stable,-1.000000000000000,5.784638667149920,-2.446547446510522,2.628264577127993,-2.322896655372460
164,stable,-1.000000000000000,5.355741331890385,-4.503097050937868,2.045414621068630,-1.973668751947116
165,stable,-1.000000000000000,5.189092801108927,-5.740781559827155,2.023406351952872,-1.895361927367048
166,stable,-1.000000000000000,4.753436744373175,-2.384047202303009,1.788208927668165,-2.390734951826744
167,stable,-1.000000000000000,4.378025879115739,-3.800023053925543,2.324003146321047,-2.118835323257372
168,stable,-1.000000000000000,5.603814063928439,-3.797049874578079,2.235038851096760,-1.908411034964956
169,stable,-1.000000000000000,5.743445239335415,-2.854581276676981,2.334655408165418,-2.024741110682953
170,stable,-1.000000000000000,4.259976198547520,-6.051883195899791,1.902742181378017,-1.808565161540173
171,stable,-1.000000000000000,5.760733568313299,-4.927010187642736,2.470340070110979,-2.185546782420715
172,stable,-1.000000000000000,5.887033256192808,-3.129984160746972,2.813475053873844,-1.871709686063696
173,stable,-1.000000000000000,4.981655964991660,-4.242706582677783,2.333625791565282,-1.905988565762527
174,stable,-1.000000000000000,6.296787346246674,-3.504807156892639,1.845962913503172,-2.283304078853689
175,stable,-1.000000000000000,5.793762590750703,-6.721329525345936,1.951030155185435,-2.460044390434632
176,stable,-1.000000000000000,4.879369145752207,-5.362994388866355,1.902525040321052,-2.138857856160030
177,stable,-1.000000000000000,4.543375345048844,-3.024931192168879,2.414797268022085,-1.716387113148812
178,stable,-1.000000000000000,4.321940720001294,-3.270114914936130,1.957805977741373,-2.251526376581751
179,stable,-1.000000000000000,5.972385783272330,-2.884925262012985,2.152963653963525,-2.260126887136721
180,stable,-1.000000000000000,5.020705611208541,-3.049829269031761,2.154957176011521,-2.371387070641504
181,stable,-1.000000000000000,5.981215266700019,-3.989900525311896,1.843267370597459,-2.441448571858928
182,stable,-1.000000000000000,5.873356126856379,-3.662152948490984,2.253440423606662,-2.073382916278206
183,stable,-1.000000000000000,4.960611198926927,-5.157586735804216,2.122754097916186,-2.128757565049455
184,stable,-1.000000000000000,7.584820030882838,-3.476456694593253,1.500131912529469,-2.121898740559118
185,stable,-1.000000000000000,4.494068475905806,-5.063508001934679,1.703006695592194,-1.960201888869051
186,stable,-1.000000000000000,4.457438211175031,-3.220161647579516,2.238774147699587,-1.913311154639814
187,stable,-1.000000000000000,4.329921599266527,-4.288218430388952,1.691038070945069,-2.080576892825775
188,stable,-1.000000000000000,4.978175099136934,-3.228542666685826,2.694671830162406,-2.042174604343018
189,stable,-1.000000000000000,4.819530315580778,-3.624973774079990,1.935466351453215,-2.133507562568411
190,stable,-1.000000000000000,3.616247308251332,-3.775602535715734,2.305632085448451,-1.896671551658073
191,stable,-1.000000000000000,5.442818594561686,-3.930249199005630,2.017766424338333,-2.222689299611375
192,stable,-1.000000000000000,3.777229015831836,-2.316786935560231,1.805219561094418,-1.905533503042534
193,stable,-1.000000000000000,5.001922795316204,-3.424897506163688,1.968429784959881,-2.236260686317110
194,stable,-1.000000000000000,5.610807873876183,-2.262566379768032,2.100782781373709,-1.833032683411147
195,stable,-1.000000000000000,4.816881723338156,-6.668663238979207,2.263983879558509,-1.691661193908658
196,stable,-1.000000000000000,4.991493329499463,-3.557077665729594,2.279851664119633,-2.581994716107147
197,stable,-1.000000000000000,4.673129738032003,-3.784359889286861,2.323546698695282,-2.007851670903619
198,stable,-1.000000000000000,5.497298295795190,-4.413042016269173,2.145320156938396,-2.005161706765648
199,stable,-1.000000000000000,5.839501255736650,-4.518785856002069,2.143568086925370,-1.797413681168109
200,stable,-1.000000000000000,4.386343494882567,-3.008862480572134,2.048592623090371,-1.741033737780526
201,stable,-1.000000000000000,7.450772245290864,-3.557074372205534,2.337593503441894,-1.840416371764150
202,stable,-1.000000000000000,4.103367714182241,-2.746858360902479,1.653055498609319,-2.162465764849912
203,stable,-1.000000000000000,3.781384120178700,-3.959536506833501,1.862988543231040,-1.855820275843143
204,stable,-1.000000000000000,4.777563273335545,-6.088466838507884,1.894841209636070,-2.101977972866734
205,stable,-1.000000000000000,5.686218796232424,-2.621469219113351,2.199186283774907,-1.715617251233198
206,stable,-1.000000000000000,5.015211248748528,-4.102527275183093,2.138498568208888,-1.859681770903990
207,stable,-1.000000000000000,5.432390436690184,-3.615474109494244,2.703513112850487,-2.260766220380901
208,stable,-1.000000000000000,5.042314181009715,-3.530374464988199,1.926443010408548,-1.794474622874986
209,stable,-1.000000000000000,5.675659871456446,-3.227288007440848,1.647086056647822,-1.856204172421712
210,stable,-1.000000000000000,6.017547186027514,-3.459842138327076,2.365251899260329,-2.388124672579579
211,stable,-1.000000000000000,5.149317267772858,-3.480113364908902,2.135475624425453,-2.243804151683435
212,stable,-1.000000000000000,5.950030566198620,-3.706865393556654,2.402116514975205,-2.178502045106143
213,stable,-1.000000000000000,5.484027056652849,-4.352046319858346,1.795029618777335,-2.476187752268743
214,stable,-1.000000000000000,5.510494142552488,-3.290642182211741,1.566848161804955,-2.651303191261832
215,stable,-1.000000000000000,7.567572867526906,-4.857848592921073,1.912149997951929,-2.000099384669738
216,stable,-1.000000000000000,5.629765479781781,-2.496505634371715,2.053648302739020,-2.351237089314964
217,stable,-1.000000000000000,4.746728013982647,-3.630141014295077,1.878862434648909,-2.138185659132432
218,stable,-1.000000000000000,4.432033479075471,-4.735959860503499,2.118962550228389,-1.792941967956722
219,stable,-1.000000000000000,4.914098006898712,-4.468801045845794,2.770132641133387,-2.419492327317130
220,stable,-1.000000000000000,6.528815924575611,-2.517234637060028,2.403214709600434,-2.089160428673495
221,stable,-1.000000000000000,4.207869613263028,-3.485202555067417,2.387251764273969,-1.898757117683999
222,stable,-1.000000000000000,5.797769769793376,-4.115024986953358,2.097379603779700,-2.637451012968086
223,stable,-1.000000000000000,5.836246756177388,-4.107780418649781,1.947455832443666,-2.043300862656906
224,stable,-1.000000000000000,4.771315525387763,-3.590177287315782,2.215994601978309,-1.918014306495024
225,stable,-1.000000000000000,5.113415928990435,-5.521330818788556,2.243744447870995,-2.069026078272145
226,stable,-1.000000000000000,4.483175096118430,-3.633092915959423,1.812153811362805,-2.640157551504672
227,stable,-1.000000000000000,5.423291237297235,-3.664777881896953,2.537266906001605,-2.665544514471549
228,stable,-1.000000000000000,5.659433399094269,-4.520601645141141,1.738853884162381,-1.772863964753924
229,stable,-1.000000000000000,4.951792507394202,-3.145218417877913,1.833954738336615,-1.974793891713489
230,stable,-1.000000000000000,4.749464834378159,-2.619837524987815,1.670682277428568,-1.911167950951494
231,stable,-1.000000000000000,6.304992683762976,-3.153129474438174,2.257353505527135,-1.968100487283664
232,stable,-1.000000000000000,4.502736309674219,-3.626216358090460,1.636958242539549,-2.095324730034918
233,stable,-1.000000000000000,4.726103973953286,-3.206750898196333,1.762063640868291,-1.779679326980840
234,stable,-1.000000000000000,6.077144327078713,-4.806301758300833,1.888985455385409,-1.418766105663963
235,stable,-1.000000000000000,7.008690024274983,-3.457450632124164,1.906544449448120,-1.949493331136182
236,stable,-1.000000000000000,5.149591149289336,-4.470354812496225,1.688870024867356,-1.940871642669663
237,stable,-1.000000000000000,4.506368253219989,-3.931485116911972,2.271841142035555,-2.126081649563275
238,stable,-1.000000000000000,4.774168951815227,-3.360210091901536,2.098177795181982,-2.295582738763187
239,stable,-1.000000000000000,4.368576698267134,-4.025058371073101,2.206844996660948,-2.372707549046027
240,stable,-1.000000000000000,5.882127331591619,-3.636063768375607,2.002000354812481,-2.199478859081864
241,stable,-1.000000000000000,5.062032737245318,-5.043968911047159,2.145132866950007,-1.408056935295463
242,stable,-1.000000000000000,6.984940143775020,-3.108056830657006,2.204411333790631,-2.454682479496114
243,stable,-1.000000000000000,4.744615136183711,-2.530649826818262,2.047272656927817,-2.855874829343520
244,stable,-1.000000000000000,5.295314479574699,-4.596429591489141,1.693850709620165,-2.242179486784153
245,stable,-1.000000000000000,4.380166481416381,-2.781678406739957,1.610168374143541,-2.047919922973961
246,stable,-1.000000000000000,4.975697726426006,-3.974947942183462,2.287131750170374,-2.209985732421046
247,stable,-1.000000000000000,4.848427962417190,-1.851328903889225,1.844255477946717,-1.850526100490242
248,stable,-1.000000000000000,4.870370140466548,-3.767888633010443,1.779780178563669,-2.512059041182511
249,stable,-1.000000000000000,5.673369741929491,-3.283111133023340,2.052366192336194,-2.750694191723596
250,stable,-1.000000000000000,5.170932862587506,-5.041682637562189,1.889222492929548,-2.250260367713054
251,stable,-1.000000000000000,5.472320152803150,-4.432143947276927,2.416329770465381,-1.906651410274208
252,stable,-1.000000000000000,4.793746011113399,-3.449566404779034,1.946502489037812,-1.815065266971942
253,stable,-1.000000000000000,5.333837155212677,-3.737881099958031,1.967832753252878,-1.904396661033388
254,stable,-1.000000000000000,4.675512749388872,-4.469111788872397,2.513639343436807,-1.801486949436367
255,stable,-1.000000000000000,5.063783847595914,-3.294168625066959,1.627881576190703,-2.114402384264395
256,stable,-1.000000000000000,5.650380185528775,-1.997532032946765,1.765202613052679,-1.926162551739253
257,stable,-1.000000000000000,4.503258765293140,-3.193278643098893,1.966208567726426,-2.163125403923914
258,stable,-1.000000000000000,5.116949164628750,-2.367486447907140,1.646253700833768,-2.295108187594451
259,stable,-1.000000000000000,4.694494784836934,-3.728651399862429,1.818932670401409,-1.891730673494749
260,stable,-1.000000000000000,5.799662547760818,-5.062778851369558,1.904901485308073,-1.978218517819187
261,stable,-1.000000000000000,6.305380513105774,-2.870021220667695,1.670371306361631,-2.132575219962746
262,stable,-1.000000000000000,5.613359625755038,-3.427473763789749,1.701111697824672,-1.949186115060002
263,stable,-1.000000000000000,4.819534654157906,-3.557730519172765,2.153655972681008,-2.318211273523048
264,stable,-1.000000000000000,4.671897854514100,-3.247713955344807,2.157493207701918,-2.057991449342808
265,stable,-1.000000000000000,4.897554717426829,-5.332002785794657,2.319093964528292,-2.317857253132388
266,stable,-1.000000000000000,5.073313924920512,-2.923571813007584,1.858518333028769,-2.386741285677999
267,stable,-1.000000000000000,5.324937969668099,-2.776553896992482,1.900522465133690,-2.480920170899481
268,stable,-1.000000000000000,6.440401216881583,-5.118003319770651,2.385252171749016,-1.724962113366928
269,stable,-1.000000000000000,6.199915737248375,-4.245505849568872,2.200349700859078,-2.122233595699072
270,stable,-1.000000000000000,5.493720668933747,-3.826421417958045,1.801812624384183,-1.996344795887126
271,stable,-1.000000000000000,4.970876784921529,-3.168613433294922,1.964141853895853,-1.758994531905046
272,stable,-1.000000000000000,4.682177291848348,-3.995729911058334,1.699994470051024,-1.936450562905520
273,stable,-1.000000000000000,6.348825186953036,-3.521750734260422,1.986631618638057,-1.604446014142013
274,stable,-1.000000000000000,4.249158249451284,-3.178378904300189,2.174973463304923,-1.899903179233661
275,stable,-1.000000000000000,5.289332058164291,-2.332105290712207,1.812210958953074,-1.884742649621330
276,stable,-1.000000000000000,5.551228682910732,-4.128284133323177,1.812682235904504,-1.662834643462702
277,stable,-1.000000000000000,4.177551764674718,-4.196227658907446,2.111767974216491,-2.127673960581888
278,stable,-1.000000000000000,5.509907669787935,-4.128541862050042,1.781004050746560,-1.917401639046147
279,stable,-1.000000000000000,6.161521816769891,-4.234923114890989,2.698228400084190,-2.025771380314836
280,stable,-1.000000000000000,4.856291186632006,-5.833346282110142,1.740599056574865,-1.976514354511892
281,stable,-1.000000000000000,6.055804386440286,-2.979649786168011,1.748242952465034,-1.734460393548943
282,stable,-1.000000000000000,5.252242462109280,-4.305429979547625,1.703439587028697,-2.085120124713285
283,stable,-1.000000000000000,5.876498577912571,-3.184726425261033,2.094240997641464,-2.072428955838404
284,stable,-1.000000000000000,5.056086223597958,-3.082777797040762,1.515909258276224,-2.224193812115118
285,stable,-1.000000000000000,5.076431668945588,-3.808576308882039,2.781885465476080,-1.937337031355128
286,stable,-1.000000000000000,6.640699745676102,-5.600536625493987,1.970032643759623,-2.184437629824970
287,stable,-1.000000000000000,3.727180024288828,-3.465090183613938,2.056335088738706,-1.746731687802821
288,stable,-1.000000000000000,5.944648114087613,-4.114332499913871,1.926475465035765,-2.159487586759496
289,stable,-1.000000000000000,4.706254721146252,-3.426864507557184,1.784541210858151,-2.154233992972877
290,stable,-1.000000000000000,6.213989391811992,-4.458497945917770,2.365064629528206,-2.060337269345837
291,stable,-1.000000000000000,5.895112645863264,-2.347108412213856,2.052761252271011,-2.064284876338206
292,stable,-1.000000000000000,6.023193389963126,-3.360013193676423,1.879462640732527,-2.040943927131593
293,stable,-1.000000000000000,4.510677475736884,-2.568821884458885,3.131946758250706,-1.729751987179043
294,stable,-1.000000000000000,4.083587401792101,-4.166871058270772,2.323571550135966,-2.224402970517986
295,stable,-1.000000000000000,5.405557620790205,-4.365064560699466,2.034420725656673,-1.745610730766202
296,stable,-1.000000000000000,5.219195078709163,-3.578394817261142,2.326324057212332,-1.657109963416588
297,stable,-1.000000000000000,6.081112501429743,-2.016463397158077,1.900666641187854,-2.139006184763275
298,stable,-1.000000000000000,4.570527374058656,-2.914871559631138,1.866536266112234,-2.625021314786864
299,stable,-1.000000000000000,4.324347648651383,-4.295917361443571,2.197544437716715,-1.562231114847236
300,stable,-1.000000000000000,6.763497187828762,-4.284210747653560,2.246149996230088,-2.252918456564657
301,stable,-1.000000000000000,5.282504561095266,-3.037007228078437,1.852200163295493,-1.679251125315204
302,stable,-1.000000000000000,6.228669636934683,-3.201290435448755,1.932009010386537,-2.085255381301977
303,stable,-1.000000000000000,4.762234539019119,-3.477973502289387,1.945623935263939,-2.368531021231320
304,stable,-1.000000000000000,4.668466790193634,-3.592061391016614,2.094292699825019,-1.885007609496824
305,stable,-1.000000000000000,5.735132676879402,-3.407222896974417,2.124365444142313,-1.452458956569899
306,stable,-1.000000000000000,4.347946218622383,-3.219267140048032,1.687263865489513,-2.225944737205282
307,stable,-1.000000000000000,5.803373046750494,-3.520858802004113,2.422404151991941,-1.851617998094298
308,stable,-1.000000000000000,5.190204197882849,-4.775878816971272,1.876664523234467,-2.174432570260251
309,stable,-1.000000000000000,5.577984243274841,-2.786299455054177,2.060618234216236,-2.364576673920965
310,stable,-1.000000000000000,3.981929747569666,-2.779303669536603,2.025244685381040,-2.155723189178389
311,stable,-1.000000000000000,6.763418546233879,-3.610479347811633,1.878188426955603,-1.798745183084975
312,stable,-1.000000000000000,3.684016830156907,-4.424150322636706,2.077922724769451,-1.591957609110978
313,stable,-1.000000000000000,5.663223704206757,-2.359600657007832,2.246631721776794,-2.452096494904254
314,stable,-1.000000000000000,7.237487636863079,-4.043404523577919,1.447477561916457,-2.046834261622280
315,stable,-1.000000000000000,5.771630009270666,-3.498445196848479,1.777374037075788,-1.868692839518189
316,stable,-1.000000000000000,4.989414030223088,-4.406096229562536,1.991640280815773,-2.494484605034813
317,stable,-1.000000000000000,6.706448907178128,-3.292284365499654,1.783777939388528,-1.897846807725728
318,stable,-1.000000000000000,4.673073822945298,-3.941761255890015,1.908390535856597,-2.164500157206930
319,stable,-1.000000000000000,7.121810019176337,-2.907423962376924,2.574293708894402,-2.011391478001315
320,stable,-1.000000000000000,3.481897084588127,-3.996006582638074,1.809495071298443,-2.151312866073567
321,stable,-1.000000000000000,4.650155342795188,-4.346759693982676,1.972764927078970,-1.906211310815706
322,stable,-1.000000000000000,4.845365268993191,-3.774448572625261,3.020395360596012,-2.141089571989141
323,stable,-1.000000000000000,5.279937342724224,-3.661550939061271,2.042042540240800,-2.227957812370732
324,stable,-1.000000000000000,4.906595476633811,-3.993487763666053,1.781899006629828,-2.123073924973141
325,stable,-1.000000000000000,4.953096284923959,-2.946571667904209,2.632903330202680,-2.093312100274488
326,stable,-1.000000000000000,4.497567630278354,-2.843910282364959,1.811525260098279,-1.766864229110070
327,stable,-1.000000000000000,4.591628135231076,-3.295416006847518,1.564480376136089,-1.548867128323764
328,stable,-1.000000000000000,3.893426835231367,-2.472212329543254,2.414395693922415,-2.232732068747282
329,stable,-1.000000000000000,5.093598844869121,-2.926205951816883,2.082055348262656,-1.745918087661266
330,stable,-1.000000000000000,5.282251953193736,-3.817101976035701,2.037691823323257,-2.034934393537696
331,stable,-1.000000000000000,4.236293089474202,-3.653972259893635,1.859031411120668,-1.609143226698507
332,stable,-1.000000000000000,6.089505642226868,-3.674088408341049,1.786428011197131,-2.149724069284275
333,stable,-1.000000000000000,4.372608017765742,-4.717377263761591,1.683134550170507,-2.488466060047358
334,stable,-1.000000000000000,4.753345972047100,-4.838695697042567,1.756936877383851,-2.134275078598876
335,stable,-1.000000000000000,5.338260956967133,-4.088592456424522,1.989613230805844,-1.801615604956169
336,stable,-1.000000000000000,5.224436930431693,-2.528827744201408,2.072424391983077,-2.007612954825163
337,stable,-1.000000000000000,5.807544967123249,-3.237667713927294,1.713746479741530,-1.896080863312818
338,stable,-1.000000000000000,4.250353106327339,-2.374916843662504,2.044163941449369,-2.068011090392247
339,stable,-1.000000000000000,5.895255518684280,-3.802054986110306,1.692925954805105,-2.111894516536267
340,stable,-1.000000000000000,5.506675727690890,-4.330922700741212,1.936977585573914,-2.141466694651172
341,stable,-1.000000000000000,5.130594425587333,-2.697387879605230,2.061431928450475,-2.122829200481647
342,stable,-1.000000000000000,4.105863454664359,-3.066851622323156,1.633811552193947,-2.280243112589233
343,stable,-1.000000000000000,4.736622537908261,-5.304560358687922,2.045738937449642,-1.774246863787994
344,stable,-1.000000000000000,6.659228556581184,-4.128750829444471,2.796642809085824,-3.093468274033512
345,stable,-1.000000000000000,3.845417597225605,-3.018803906903486,2.144060262406128,-1.895373425213620
346,stable,-1.000000000000000,5.933894428542771,-3.706727125485486,2.081483089714311,-1.805364769941662
347,stable,-1.000000000000000,8.081409315709607,-4.202084184065825,1.960686934646219,-2.071665799827315
348,stable,-1.000000000000000,5.925699677194643,-5.217600493766440,1.685346336802468,-1.722619763138937
349,stable,-1.000000000000000,5.771705169452616,-4.420602562946442,1.816474619088694,-2.398833437997382
350,stable,-1.000000000000000,5.161440152111936,-4.909955620489200,1.918931087209785,-1.935912917222595
351,stable,-1.000000000000000,4.316004826119752,-2.254198390670354,2.067546705948189,-1.993196869036183
352,stable,-1.000000000000000,5.059991411435476,-3.653264937573113,1.898674260824919,-2.026497662765905
353,stable,-1.000000000000000,5.078635583158757,-2.880586111525190,2.167587861884385,-1.716430116051924
354,stable,-1.000000000000000,5.449554337003065,-3.313397571851965,1.801188501907745,-2.141129851923324
355,stable,-1.000000000000000,4.758412055292865,-3.002328916267288,1.625980624463409,-2.144597796912421
356,stable,-1.000000000000000,6.713781108475814,-5.577494449455116,1.967586931772530,-3.141872554318979
357,stable,-1.000000000000000,5.155690568884893,-3.198187045716622,2.139503745536786,-1.900995577045251
358,stable,-1.000000000000000,4.716371261412860,-2.893823358415830,2.343432869529352,-2.166013807582203
359,stable,-1.000000000000000,4.748379049950017,-4.354499340846814,1.861548521672376,-2.786004963214509
360,stable,-1.000000000000000,6.782608698842523,-2.985648213885725,1.758823951764498,-1.759088067454286
361,stable,-1.000000000000000,5.366736861957179,-3.017842050907348,2.186600468819961,-1.986557825643104
362,stable,-1.000000000000000,6.139037592511158,-4.322916091801744,2.265708648017608,-2.262502801837400
363,stable,-1.000000000000000,4.230440746297973,-2.678286570648197,1.774845208768966,-1.913366166641936
364,stable,-1.000000000000000,6.511652516805043,-2.843469131854363,1.802468120120466,-2.071402046596631
365,stable,-1.000000000000000,5.581792407432658,-5.033763370392990,2.504248139332049,-2.352748515171697
366,stable,-1.000000000000000,6.710474316132604,-5.319399782711116,2.181796435965225,-2.237587014562450
367,stable,-1.000000000000000,4.681980433393619,-4.845475315145450,2.369633028632961,-2.039990260382183
368,stable,-1.000000000000000,5.343337919352052,-3.194745099925058,1.990750682656653,-1.671136377553921
369,stable,-1.000000000000000,5.925453213807486,-3.171426587757196,2.063580120011466,-1.934027578681707
370,stable,-1.000000000000000,4.393692794637900,-3.211406564863864,2.821527254243847,-1.997423067514319
371,stable,-1.000000000000000,5.323322013384313,-3.988292711699614,1.889008321712026,-1.745945078087971
372,stable,-1.000000000000000,4.413780847047747,-4.528710084072372,2.079770535798161,-1.951525620417669
373,stable,-1.000000000000000,5.425544745270599,-3.177203265026037,2.159138898903620,-1.546442264050711
374,stable,-1.000000000000000,4.033458583013271,-2.725075592420581,2.272448727744631,-2.455284556723200
375,stable,-1.000000000000000,4.546331793432728,-3.922946115984814,2.158552003558725,-2.079008100263309
376,stable,-1.000000000000000,4.077398521876603,-2.753584078393033,2.319378765881993,-2.115535479446407
377,stable,-1.000000000000000,5.248063458384422,-2.869252053405944,2.080518319271505,-2.223081356205512
378,stable,-1.000000000000000,5.385430766258651,-3.805808568395150,1.875105637009256,-2.031468483444769
379,stable,-1.000000000000000,5.426216020394349,-4.165895127895055,1.993014743435197,-1.909475893509807
380,stable,-1.000000000000000,4.528127566591138,-2.709748762423260,2.860915696655866,-1.974063830508385
381,stable,-1.000000000000000,5.467602236396488,-3.189839805192605,2.491888493765146,-1.695703701727325
382,stable,-1.000000000000000,4.855240479417262,-4.179036470122810,1.916967798490077,-1.817837687529391
383,stable,-1.000000000000000,5.824694321704328,-5.912063781161123,3.164530572714284,-1.869776545441709
384,stable,-1.000000000000000,6.503236770164222,-2.872129528732330,2.155785251292400,-1.925067272444721
385,stable,-1.000000000000000,4.733776591295282,-3.359702421683323,1.992972193358582,-1.791592405468691
386,stable,-1.000000000000000,5.106891126568371,-3.908468427263870,1.595583917180193,-2.573384452320170
387,stable,-1.000000000000000,5.804167909383978,-4.729662705307419,2.108491755614523,-2.136221076129004
388,stable,-1.000000000000000,5.653998339752434,-3.702207840353367,1.762731038863421,-2.388744962518103
389,stable,-1.000000000000000,5.777258081143373,-4.042465446960705,1.958165850024670,-2.262630876852199
390,stable,-1.000000000000000,5.217608914984112,-4.127144407859305,1.888735135027673,-2.166695999098010
391,stable,-1.000000000000000,5.208944579810122,-2.902550964005059,1.740154250524938,-1.887399178725900
392,stable,-1.000000000000000,5.720659838902066,-3.124901686915109,2.271712618065067,-2.163502424722537
393,stable,-1.000000000000000,6.453221700036011,-3.960727059587953,1.859954552957788,-1.909286217181943
394,stable,-1.000000000000000,4.785811281442875,-3.291443907520261,2.399995024083182,-2.387167957960628
395,stable,-1.000000000000000,6.339232102545793,-4.891489121124323,1.824443334829994,-2.125649570079986
396,stable,-1.000000000000000,4.792962016243109,-4.186412464288878,2.547063019941561,-2.849531937565189
397,stable,-1.000000000000000,4.550277208057196,-2.526121060061996,2.084637894644402,-1.937740011722781
398,stable,-1.000000000000000,5.756981125938182,-1.959778010706941,1.912654922693036,-2.083537498721853
399,stable,-1.000000000000000,4.783526468298078,-2.642690476697680,2.312232391152065,-1.768237164797029
400,stable,-1.000000000000000,4.027539598238945,-3.004201077332254,1.678516894346103,-1.770258370495867
401,stable,-1.000000000000000,5.130143738851075,-3.298040617301012,1.593436721654143,-2.066933316644281
402,stable,-1.000000000000000,5.060020730194083,-5.141640181565890,1.922625505598262,-2.035722918168176
403,stable,-1.000000000000000,6.237895473714161,-2.908549557476363,2.246581687490107,-1.655347735155374
404,stable,-1.000000000000000,6.323237722132035,-2.677367555799719,1.785400944412686,-2.593737740811775
405,stable,-1.000000000000000,5.626248518041393,-4.352243038047163,1.931167540518800,-2.338333061197773
406,stable,-1.000000000000000,5.351620891284256,-5.193922224738344,1.873940788907930,-2.485607430280652
407,stable,-1.000000000000000,6.490858446617494,-3.802614309053752,2.120827221515356,-2.028900402568979
408,stable,-1.000000000000000,5.803530224835413,-4.025165159167955,2.051635013660416,-2.001875837671832
409,stable,-1.000000000000000,5.376735748017381,-2.738896932354692,1.987899298117554,-2.337864590706886
410,stable,-1.000000000000000,4.861507387471647,-4.117907701958757,1.847191007967922,-2.242639065254480
411,stable,-1.000000000000000,5.302647503143817,-4.335730336155393,1.721664336044341,-2.332060786371585
412,stable,-1.000000000000000,4.274927659273089,-2.609380790279829,2.013598228106275,-1.674940392142162
413,stable,-1.000000000000000,5.582789705484174,-3.480326642512409,2.405004123807885,-1.829844861436868
414,stable,-1.000000000000000,4.989662599509757,-5.011424238224208,1.619976990608848,-1.860267078038305
415,stable,-1.000000000000000,4.915257688204292,-2.332786134510570,2.240355363930576,-1.514992528595030
416,stable,-1.000000000000000,5.001552956396154,-3.703483422812496,2.215427071583690,-2.135106930072652
417,stable,-1.000000000000000,5.039734845227940,-3.487248960016586,1.779344828738431,-1.869366391096264
418,stable,-1.000000000000000,5.035141939188179,-2.586492107788217,1.907780734909466,-1.672452855156735
419,stable,-1.000000000000000,5.053489552803512,-2.942759015255433,2.140563637658488,-2.174793143756688
420,stable,-1.000000000000000,4.486639316135552,-4.664508118061349,1.892222261580173,-2.244293852243572
421,stable,-1.000000000000000,4.145320935909695,-3.459383142111619,1.606806404481176,-1.576881377201062
422,stable,-1.000000000000000,6.900902805267833,-2.732365838899568,2.092005075537600,-2.296187726315111
423,stable,-1.000000000000000,5.577583481921465,-2.312354615933145,2.007358688401837,-1.805260128545342
424,stable,-1.000000000000000,5.626174614080810,-3.314285439904779,2.492371202934009,-1.836023039184511
425,stable,-1.000000000000000,4.776482455934456,-2.974348535506579,2.357291475753300,-2.046089683601167
426,stable,-1.000000000000000,6.239539532990193,-3.477974089463714,2.320527068572119,-2.049848213442601
427,stable,-1.000000000000000,5.457027479278622,-3.200734151076176,2.154988267255249,-1.970642219763249
428,stable,-1.000000000000000,4.738371258463303,-3.775685151988000,2.033241458411794,-2.172920288576279
429,stable,-1.000000000000000,5.679868780265679,-4.113788760361786,2.243867286917521,-2.005903196404688
430,stable,-1.000000000000000,5.536735882833455,-3.864957094177953,1.985965584055521,-2.369967356789857
431,stable,-1.000000000000000,6.569581570770424,-3.014497002328426,1.971137185952102,-2.066354735405184
432,stable,-1.000000000000000,6.606498977496813,-3.611310483007401,1.876386668765917,-2.138576834651758
433,stable,-1.000000000000000,4.877753529457550,-2.696250300985412,1.814430733444169,-2.050055167215760
434,stable,-1.000000000000000,4.475231356525910,-3.643868301922339,2.322372101421934,-3.202611778106075
435,stable,-1.000000000000000,5.005190408417548,-4.916763004155655,1.973792399920058,-2.292149187996984
436,stable,-1.000000000000000,5.070111815293785,-2.940284341530059,2.468835764040705,-2.124747497728094
437,stable,-1.000000000000000,5.180635790893575,-4.542602570365489,1.701717610587366,-2.000517369771842
438,stable,-1.000000000000000,5.151758736163856,-2.962978111885604,2.395301249343902,-1.949719298048876
439,stable,-1.000000000000000,5.175365257120575,-3.045491144213884,2.393553862289991,-2.117350449509104
440,stable,-1.000000000000000,5.387865494136349,-3.743171247828286,2.480038543697447,-2.766572420950979
441,stable,-1.000000000000000,7.065868243960722,-3.420187963369244,2.145177494181553,-2.335764063202078
442,stable,-1.000000000000000,7.081434773688670,-4.614767449063947,2.248527872696286,-1.908345038944390
443,stable,-1.000000000000000,5.178885065659415,-2.724361795626464,2.387481011392083,-2.007750228847726
444,stable,-1.000000000000000,3.949946177652237,-4.004925893626933,2.486814151692670,-1.920072203269228
445,stable,-1.000000000000000,4.738364955075667,-4.182942555569753,1.812917726114392,-2.072393135866150
446,stable,-1.000000000000000,6.109469826980785,-3.544289520898019,2.360108023509383,-2.037267684005201
447,stable,-1.000000000000000,3.891748355701566,-4.742015317500773,1.939682826574426,-2.015123514080187
448,stable,-1.000000000000000,5.070694544338039,-3.661541460132867,2.443894053751137,-2.463899738097098
449,stable,-1.000000000000000,5.452541863727674,-3.976995946872194,1.598623758705799,-2.282434358043247
450,stable,-1.000000000000000,6.099092484695575,-4.027225675570662,1.806230037211208,-1.869909880304476
451,stable,-1.000000000000000,6.333668142589886,-3.550436197845556,1.700676010048483,-2.202392480248818
452,stable,-1.000000000000000,4.085426205987460,-4.871656765593798,1.917495291709201,-2.418396883411333
453,stable,-1.000000000000000,5.814283047286153,-3.451061938452767,2.102779596025357,-2.142667606356554
454,stable,-1.000000000000000,5.047612814990089,-2.525290694001342,1.910140934400260,-1.619358763215132
455,stable,-1.000000000000000,4.833473896869691,-2.791192171673174,2.065966084948741,-2.059617786551826
456,stable,-1.000000000000000,4.547960646812498,-4.215056461820495,1.967974104685709,-2.355464727501385
457,stable,-1.000000000000000,3.860275588587683,-3.576217153273319,2.429219084282522,-2.307228875230066
458,stable,-1.000000000000000,6.198706162067538,-2.874949106420900,1.928762274015753,-1.793244492379017
459,stable,-1.000000000000000,4.859831215819213,-3.647704987648467,1.994971735606669,-1.734743569861166
460,stable,-1.000000000000000,5.436370711840937,-4.703904057326326,1.927178077559802,-1.979055347852409
461,stable,-1.000000000000000,4.565517128874490,-3.444153704331256,2.188296194202849,-1.922057185089216
462,stable,-1.000000000000000,4.261820576180980,-4.238290625333320,2.024758364714216,-1.585179798770696
463,stable,-1.000000000000000,5.290950932481792,-3.880601015658613,2.627166597638279,-1.684696727024857
464,stable,-1.000000000000000,4.999393712161691,-3.862963472453885,1.746199262561277,-2.470991978567326
465,stable,-1.000000000000000,5.038110296976811,-4.552289533741714,2.227579246275127,-1.719823145482223
466,stable,-1.000000000000000,6.182611595773778,-3.632398025962175,1.974185406696051,-1.683435048093088
467,stable,-1.000000000000000,5.670455256177775,-5.154418152713333,2.188161660596961,-1.658284124190686
468,stable,-1.000000000000000,6.261835590790724,-3.984136661398225,2.190389626426622,-2.228254547226243
469,stable,-1.000000000000000,4.665054479133687,-2.584506499290001,1.885672449017875,-2.358393009933934
470,stable,-1.000000000000000,5.627390302905951,-3.111496059616911,1.826095430020359,-2.286170640843920
471,stable,-1.000000000000000,4.837097239986178,-2.268338288035011,2.163605920213740,-2.110480207717046
472,stable,-1.000000000000000,8.467807949287817,-5.022182739216987,2.097424556093756,-1.801043537067017
473,stable,-1.000000000000000,5.068128283892293,-3.579114504507743,1.947763824136928,-1.995819031726569
474,stable,-1.000000000000000,5.994884681356780,-3.661790306236071,2.113550691108685,-2.078952425974421
475,stable,-1.000000000000000,5.869075398615678,-5.124974470731104,2.153611931804335,-1.904648309704498
476,stable,-1.000000000000000,5.344706203250098,-4.585210624507454,1.896475322602782,-2.203031099954387
477,stable,-1.000000000000000,6.145271603971196,-3.330602976508089,1.886777648469433,-1.871467893419322
478,stable,-1.000000000000000,5.675301468327234,-3.170804853369191,2.273041065607686,-1.516330467478838
479,stable,-1.000000000000000,4.598809688439360,-3.794064751185942,2.063804563920712,-2.236080889706500
480,stable,-1.000000000000000,4.281580703733198,-2.661129521926341,1.656328795448644,-2.677189796930179
481,stable,-1.000000000000000,4.484521820690134,-4.447150163985498,1.903637320268899,-1.845896634506062
482,stable,-1.000000000000000,4.232239747698259,-2.674262524444202,1.955965961446054,-2.246803930553142
483,stable,-1.000000000000000,5.002942455514130,-3.604870369956188,2.097803094831761,-1.606205059506465
484,stable,-1.000000000000000,6.175556231901282,-4.630793397653179,1.905146107281325,-1.902569818776101
485,stable,-1.000000000000000,4.924680935582728,-3.985511169150413,2.786302719527157,-2.381109847687185
486,stable,-1.000000000000000,4.193580722530896,-2.617306070576888,1.598992316517979,-1.964412992238067
487,stable,-1.000000000000000,5.195149290870177,-2.936937710470374,2.435882879421115,-1.834741588565521
488,stable,-1.000000000000000,6.110545161206574,-4.929573511625676,2.045283095678315,-2.296179816592485
489,stable,-1.000000000000000,5.414580296233908,-2.773541946371552,2.271100798738189,-1.928060352132889
490,stable,-1.000000000000000,4.132641195803444,-4.695671707635483,2.388441698218230,-2.220329801872140
491,stable,-1.000000000000000,4.832885814394103,-3.762743453873554,1.897742336557712,-1.948260226403363
492,stable,-1.000000000000000,4.681517531127611,-4.553657184686017,1.763016141427215,-2.118774163944181
493,stable,-1.000000000000000,5.214184725264204,-3.390547934424831,2.426947976346128,-2.044161447207443
494,stable,-1.000000000000000,5.935886207240401,-3.468528963057906,1.660933761391789,-2.086728388036136
495,stable,-1.000000000000000,5.123099822849326,-4.948059926075075,2.757636382390046,-2.412206739361864
496,stable,-1.000000000000000,6.629634291224647,-4.210526904265862,1.898414967625285,-1.878476483398117
497,stable,-1.000000000000000,4.057845767662911,-4.077962155774003,2.127154077461455,-1.967657502158545
498,stable,-1.000000000000000,4.737862489619147,-3.804637830675347,1.830373471661005,-2.164481456740759
499,stable,-1.000000000000000,3.769373075367184,-3.624381410350907,1.633439935510978,-2.397757172584534
500,stable,-1.000000000000000,5.224564904794534,-4.918254360563878,1.920395670225844,-1.797167221156997
501,stable,-1.000000000000000,4.648952812945936,-4.370713915968736,1.993366522117867,-2.828614148660563
502,stable,-1.000000000000000,4.736284509990583,-3.717106735581183,1.898817364824936,-1.808756319107488
503,stable,-1.000000000000000,6.470875947052264,-4.226358000232722,2.192229629989015,-1.837803483125754
504,stable,-1.000000000000000,5.610632266980247,-3.621477999231502,1.941699260933092,-2.034131665539462
505,stable,-1.000000000000000,5.911195791217096,-3.330544720593025,2.116019851746387,-1.892370574423694
506,stable,-1.000000000000000,4.542375912598800,-4.024710415880691,1.726775312592508,-1.859402720612707
507,stable,-1.000000000000000,5.828544959120336,-2.430241601949092,1.935899479256477,-1.736858470132574
508,stable,-1.000000000000000,5.040523267034587,-3.476650934426289,2.261887429514900,-2.039458739076508
509,stable,-1.000000000000000,4.550331146921962,-3.806010935844824,1.838609494850971,-2.115023290847603
510,stable,-1.000000000000000,6.205906025410513,-3.637591497332323,1.912746034970041,-1.816295487922616
511,stable,-1.000000000000000,4.952734022283948,-3.325342803240346,2.343793420353904,-2.389102550921962
512,stable,-1.000000000000000,3.749440295803652,-4.243091103387997,1.900712757022120,-2.578948264825158
513,stable,-1.000000000000000,5.474576898988744,-3.552227745094569,2.118187060230412,-3.328956497083709
514,stable,-1.000000000000000,4.768001189484494,-2.768486827131710,1.949348570313305,-1.994612711365335
515,stable,-1.000000000000000,5.705405910746776,-3.691763911632734,1.735273723403225,-2.110897942911834
516,stable,-1.000000000000000,5.773638274462428,-4.412079423731484,1.767986002989346,-1.636683075834299
517,stable,-1.000000000000000,4.847100596009113,-3.592917831148952,2.162033043889096,-1.736437524785288
518,stable,-1.000000000000000,5.315689343420672,-3.195521537960303,3.096499177452642,-2.240610476503207
519,stable,-1.000000000000000,6.174553162389202,-3.297395624118508,1.760877891327254,-2.015605288528604
520,stable,-1.000000000000000,5.069499874647590,-3.385961781498736,2.447242996771820,-2.119378232047893
521,stable,-1.000000000000000,5.155307206956422,-3.108478765243490,1.792280982015654,-1.959592169849202
522,stable,-1.000000000000000,4.848635447514425,-3.293552124681810,1.910733133554459,-1.733523199101910
523,stable,-1.000000000000000,4.232624476469937,-3.858992265224515,2.073033969936660,-1.821912430343218
524,stable,-1.000000000000000,3.999380319371994,-3.542043526744237,2.035987661627587,-1.961492754664505
525,stable,-1.000000000000000,5.991713790874201,-3.721692026520032,2.083488197094994,-2.237503800715785
526,stable,-1.000000000000000,4.952450234857679,-5.616701620674576,1.923863988020457,-1.820016906538513
527,stable,-1.000000000000000,4.301329054826056,-5.478535728034331,1.571322391318972,-2.011557169491425
528,stable,-1.000000000000000,7.441362651621603,-3.683674631625763,2.035253898240626,-2.117090689600445
529,stable,-1.000000000000000,4.239329600175552,-4.008545332435460,2.163853465463035,-1.887342798989266
530,stable,-1.000000000000000,8.211055254774692,-4.634039501765074,1.898425370687619,-2.163139432785101
531,stable,-1.000000000000000,4.569086599578441,-4.061532363455626,2.091197640867904,-1.873005765810376
532,stable,-1.000000000000000,4.626368960583932,-2.950002026103903,2.644461753254291,-2.605735964723863
533,stable,-1.000000000000000,5.476006150936882,-4.051260409785755,2.214891023002565,-1.917693833675003
534,stable,-1.000000000000000,3.913280128123006,-3.655864172775182,1.951620118459687,-1.957765627361368
535,stable,-1.000000000000000,4.969512020812545,-3.933710235804028,1.887847444973886,-2.523351786221610
536,stable,-1.000000000000000,5.371859241080529,-3.191624292594497,2.300058739027008,-2.233723184443079
537,stable,-1.000000000000000,5.006286316403930,-5.143167225018260,1.911723502911627,-1.634605797473341
538,stable,-1.000000000000000,5.476145299711789,-2.899956571585790,2.295150040445151,-1.852190627949312
539,stable,-1.000000000000000,5.546106783898722,-5.069056188229297,2.039128803691710,-1.777862570001162
540,stable,-1.000000000000000,7.145453280044421,-3.134118968020630,2.395638069370762,-1.794301726738922
541,stable,-1.000000000000000,6.218742926575942,-3.041520132348523,2.271993975620717,-1.735436718910933
542,stable,-1.000000000000000,4.644987189254607,-4.909544456197182,1.775891285578837,-1.970866713818396
543,stable,-1.000000000000000,6.471967453129764,-3.333808130730176,1.847489908628631,-1.747492168302415
544,stable,-1.000000000000000,5.805581657084986,-2.524655640982019,2.277265489028650,-1.773300805609324
545,stable,-1.000000000000000,5.549266724759946,-4.268627244229720,2.045956215704791,-2.753585757454857
546,stable,-1.000000000000000,4.024249267051346,-4.440238383202086,2.150436065858230,-2.003836353251245
547,stable,-1.000000000000000,3.784273486042366,-5.291597376548452,2.162407147756312,-1.879654949996620
548,stable,-1.000000000000000,4.534333782263275,-2.956233357312158,2.198763035587035,-2.231154949142365
549,stable,-1.000000000000000,5.017486920345618,-3.196755696830223,2.429875152563909,-2.250809881367786
550,stable,-1.000000000000000,6.234565376580576,-4.023335300138569,2.055017522128765,-2.352539019568212
551,stable,-1.000000000000000,5.514146161389363,-3.270646191536798,1.809583984781057,-1.995561032905243
552,stable,-1.000000000000000,5.328645541347214,-3.265249675605446,1.988535347350080,-1.792396524746437
553,stable,-1.000000000000000,5.816113072374719,-3.099447898282961,1.934902935638092,-1.641302207717672
554,stable,-1.000000000000000,5.578854249612050,-2.723972757477895,2.204062036675168,-2.130309963031323
555,stable,-1.000000000000000,5.747095883023576,-3.804419691448857,1.940178552293219,-2.036841386026936
556,stable,-1.000000000000000,5.024805826615193,-3.084150905266142,2.196950999205001,-1.631046247974155
557,stable,-1.000000000000000,5.054911903804168,-4.696075224201195,1.729013261967339,-2.213478622143157
558,stable,-1.000000000000000,5.784007084424957,-2.930381850936101,2.469236399338115,-2.490872811758891
559,stable,-1.000000000000000,6.640804211805516,-4.017203281582624,2.204286234016763,-2.169229579332750
560,stable,-1.000000000000000,5.181678922499486,-4.478412013369962,2.724840807844885,-2.627181659452617
561,stable,-1.000000000000000,5.532224181428319,-5.065180794626940,2.301256799131806,-2.326263510389253
562,stable,-1.000000000000000,5.336544556950685,-4.219550872585387,2.108439649862703,-2.011421330505982
563,stable,-1.000000000000000,4.772018336210749,-3.392192930739839,1.836766032531159,-2.060334430774674
564,stable,-1.000000000000000,5.302124554327747,-4.587601518156589,2.197758710710332,-2.653309718729361
565,stable,-1.000000000000000,5.733729180297814,-3.284764503523547,1.823570686392486,-1.982149086048594
566,stable,-1.000000000000000,5.631944578228286,-3.356370098365005,2.139949676842662,-1.659423030738253
567,stable,-1.000000000000000,5.284491119254199,-3.463283758178477,2.088272277847864,-1.879770055034896
568,stable,-1.000000000000000,4.613168412721279,-3.058232646003489,1.823569404194131,-1.606615023396444
569,stable,-1.000000000000000,6.162035517361801,-2.498590058035916,1.662363252558862,-2.208259102349984
570,stable,-1.000000000000000,4.436251014412846,-3.976984512787567,1.740359092567815,-2.294683085812721
571,stable,-1.000000000000000,4.707431173148507,-3.391793954433524,1.912342174247897,-1.708755177387502
572,stable,-1.000000000000000,4.907881845035263,-3.607892602081847,2.085855914745480,-2.269486948905978
573,stable,-1.000000000000000,6.359874177200254,-3.432660754624521,2.082591199083254,-1.838471190771088
574,stable,-1.000000000000000,3.959312228445924,-3.742199225656805,1.931318124319660,-2.054923507341300
575,stable,-1.000000000000000,4.223629095344222,-4.090653547562397,1.877003123634495,-1.935938674752833
576,stable,-1.000000000000000,4.520777609493962,-2.737531643149850,1.884540740000375,-2.845258684727014
577,stable,-1.000000000000000,7.223216141574085,-2.947565864380522,2.050091390381567,-2.129835326864850
578,stable,-1.000000000000000,5.067720037895924,-2.713284839002881,2.698097184300423,-1.821533098060172
579,stable,-1.000000000000000,4.938302847745945,-3.313849207502244,1.859383524133591,-2.014683639165014
580,stable,-1.000000000000000,5.358449262319482,-4.528943947982043,2.806121270605217,-2.034912565606646
581,stable,-1.000000000000000,5.648070387051121,-5.810686862110742,2.818936782809033,-2.212739992803108
582,stable,-1.000000000000000,4.680663779345196,-3.968691527436022,2.810195777332410,-1.965256911542383
583,stable,-1.000000000000000,4.693728666941752,-2.818511679695803,1.752895273937611,-1.974060533801094
584,stable,-1.000000000000000,4.651953369742841,-2.977457172601135,1.916609090287238,-2.068338153505465
585,stable,-1.000000000000000,4.987794705893066,-3.481709406572918,1.717715558203054,-1.859243790619075
586,stable,-1.000000000000000,4.123527345897855,-2.320287505268425,2.167375485412776,-1.930612215655856
587,stable,-1.000000000000000,4.900039617437869,-5.018807791668223,1.901730600628071,-2.245598191628233
588,stable,-1.000000000000000,5.687246964662336,-3.169817455956945,1.661636056829593,-1.736962402937934
589,stable,-1.000000000000000,4.775438645187933,-3.970616557526228,2.061089970957255,-2.079716246109456
590,stable,-1.000000000000000,4.832636536453720,-3.457851807703264,2.196951637743041,-2.271890702773817
591,stable,-1.000000000000000,4.530841501647956,-3.525067720223205,2.232910421182169,-2.105755997676169
592,stable,-1.000000000000000,3.810345172443704,-4.484836625430034,2.600065389502561,-1.655564202694222
593,stable,-1.000000000000000,5.972887361662288,-2.947081337915733,2.514493048322038,-2.187693147105165
594,stable,-1.000000000000000,4.701821053095045,-4.806261939761498,1.919064171030186,-1.922008941124659
595,stable,-1.000000000000000,6.671463171573123,-2.021806921353345,1.893613750264194,-2.335658568492363
596,stable,-1.000000000000000,5.157708278231439,-6.501734586516250,2.169954112847336,-1.945678696967661
597,stable,-1.000000000000000,5.047445198582864,-3.241315811683307,2.002022558241151,-3.027661218657158
598,stable,-1.000000000000000,5.618973083328456,-4.332313120678009,2.262455147923902,-2.023468226572732
599,stable,-1.000000000000000,5.355050202415441,-4.470640433699373,1.694893921754556,-1.763168036035495
600,stable,-1.000000000000000,5.150811612948019,-5.745043226090274,3.050622404742171,-1.780903430713806
601,stable,-1.000000000000000,4.587193841434782,-3.971764745932887,1.855764924781397,-1.847747962921858
602,stable,-1.000000000000000,6.961250730506436,-3.055439145759919,2.086591988860164,-2.203148179454729
603,stable,-1.000000000000000,4.973035847557185,-3.370083943525970,1.706111204461195,-1.796091738506220
604,stable,-1.000000000000000,4.678733019514766,-3.595228016012697,2.214172747393604,-3.236582546844147
605,stable,-1.000000000000000,4.797366119229991,-3.498160066053970,2.177765128901228,-2.426914283889346
606,stable,-1.000000000000000,7.369182945389184,-4.688589495213819,1.726184280771122,-2.306543132057413
607,stable,-1.000000000000000,4.931544752010268,-6.229196765760207,1.827361381205264,-2.116394559649052
608,stable,-1.000000000000000,4.696683633206703,-2.857306768972194,2.154434387863148,-2.226417314261198
609,stable,-1.000000000000000,5.599280415495741,-3.707114572258433,1.791663163632620,-2.053718894858321
610,stable,-1.000000000000000,5.573897510575989,-4.319128043454839,3.025519644521410,-1.795731541526038
611,stable,-1.000000000000000,5.397714454906236,-4.430039449878677,1.986680040252395,-1.721778388397070
612,stable,-1.000000000000000,5.810216426005354,-3.554310030406668,2.590194869888364,-2.654973119409988
613,stable,-1.000000000000000,4.931634544176632,-3.012853226773586,2.082300050882623,-2.056792060582666
614,stable,-1.000000000000000,6.219368710335402,-3.619322273782018,1.938540430419380,-2.400993894087151
615,stable,-1.000000000000000,4.806434620084474,-2.677240244884160,2.431578723713756,-2.155159542395268
616,stable,-1.000000000000000,5.607117816733080,-3.911618741403800,2.304351699363906,-1.893957324908115
617,stable,-1.000000000000000,4.674423419994127,-4.351882013779687,1.922467399359448,-2.018613107735291
618,stable,-1.000000000000000,4.207308423130598,-2.687581939222582,1.835444645141251,-2.061593760387041
619,stable,-1.000000000000000,5.477840999839827,-3.476581481692847,1.914721031760564,-1.886538405728061
620,stable,-1.000000000000000,5.917499933904764,-2.781873461724899,1.767089310844312,-2.030273976037279
621,stable,-1.000000000000000,4.953043930416243,-4.916125601932436,1.913398151184083,-2.216141749871895
622,stable,-1.000000000000000,4.650629185382058,-4.430745122073859,1.719576598668937,-3.087214665894862
623,stable,-1.000000000000000,5.502072297179438,-5.499926819968096,1.780742969596758,-1.506048191920854
624,stable,-1.000000000000000,6.326530038495548,-3.373746669172760,1.771007955132518,-1.965062719827984
625,stable,-1.000000000000000,5.729171632992802,-3.964911288028816,2.229397859424353,-2.231296495956485
626,stable,-1.000000000000000,6.364835827247589,-6.548498506774195,2.004835465922952,-1.888527087881812
627,stable,-1.000000000000000,5.527118671529024,-3.887101189175155,1.906205158811645,-1.639502338366583
628,stable,-1.000000000000000,4.745252385802814,-6.163208077021409,1.859967405209318,-2.384217159691616
629,stable,-1.000000000000000,5.054600734822088,-2.800990177347558,2.183173646990326,-2.028885312378407
630,stable,-1.000000000000000,6.255448908761537,-3.761524098430527,2.156605378659151,-1.882541995903011
631,stable,-1.000000000000000,5.941168296518299,-3.028602725504243,1.685555131174624,-1.931624933553394
632,stable,-1.000000000000000,4.503656864092591,-3.805514810039313,1.686383580672555,-2.369493116209924
633,stable,-1.000000000000000,4.324054270291526,-2.828638316219440,2.175481243059039,-1.811744921549689
634,stable,-1.000000000000000,5.284793020109646,-2.289079747097276,2.019589922216255,-1.695458513451740
635,stable,-1.000000000000000,5.207732598469192,-2.865386424447934,2.052174507407472,-1.956937814189587
636,stable,-1.000000000000000,6.725510710397430,-3.435822488987469,2.433564645354636,-2.750447215366876
637,stable,-1.000000000000000,5.185618615327257,-2.773955734395713,1.608351080591092,-1.618879467598163
638,stable,-1.000000000000000,4.360936858181958,-3.573945180702140,1.885758287040517,-2.118945911701303
639,stable,-1.000000000000000,5.650442792561080,-5.009955188275853,1.604172707768157,-2.385416192177217
640,stable,-1.000000000000000,5.379764760844409,-4.992565039985493,2.390987704100553,-2.040461768337991
641,stable,-1.000000000000000,6.062580097875070,-3.230091020132022,2.650528710801154,-2.039863175734354
642,stable,-1.000000000000000,5.192509054591937,-3.194416646438185,2.347888046351727,-2.083069010172039
643,stable,-1.000000000000000,7.049102461791335,-4.390788973498275,2.051231212120911,-1.900512907161101
644,stable,-1.000000000000000,5.348247279413044,-3.517181252696901,1.865326348168310,-1.730170964787249
645,stable,-1.000000000000000,6.368644640118873,-5.616764556754788,2.076108333043521,-2.107642232382204
646,stable,-1.000000000000000,5.360364603548078,-3.793752485558798,2.031083792680874,-2.276319233467802
647,stable,-1.000000000000000,6.347963228721710,-2.738798312435392,2.012497393589001,-1.749876000860240
648,stable,-1.000000000000000,6.089862242207118,-4.317947685311083,1.944837613729760,-2.477521000080742
649,stable,-1.000000000000000,5.542404821335367,-2.422650842716394,1.939109300452401,-2.468083897292672
650,stable,-1.000000000000000,5.785360742840567,-2.758632157238026,1.940819331095554,-1.913091543538030
651,stable,-1.000000000000000,4.729604553775971,-3.262347736847005,1.949779204558581,-2.490106926881708
652,stable,-1.000000000000000,5.657160759954422,-2.987812546067289,2.378556274692528,-2.370704783141264
653,stable,-1.000000000000000,4.835895891730615,-3.492909854292520,1.708623748505488,-2.114854386309162
654,stable,-1.000000000000000,5.187702714974876,-2.732631109487556,1.967056703171693,-1.599009853540338
655,stable,-1.000000000000000,5.287896060566709,-3.024073675249383,1.784530983539298,-2.208769171575113
656,stable,-1.000000000000000,6.648187867587694,-3.407593372656265,1.830497146118432,-1.880711853998946
657,stable,-1.000000000000000,5.305476823014033,-2.854397810567207,2.303809555887710,-2.376416942977812
658,stable,-1.000000000000000,5.207612060459724,-2.622933032388573,2.130371900944738,-2.716919289145153
659,stable,-1.000000000000000,4.590502824597934,-3.145490426748438,2.038186810008483,-1.515161000424996
660,stable,-1.000000000000000,5.408333673265588,-3.520174515150757,2.333567403606139,-2.597221578005701
661,stable,-1.000000000000000,5.078135254723747,-4.862266678421292,1.725232650642283,-2.055982257006690
662,stable,-1.000000000000000,5.118221606091538,-4.278801739090341,2.122296712652314,-2.099199605436297
663,stable,-1.000000000000000,4.059255051965010,-2.498760726695764,1.830977581063053,-2.835934014001396
664,stable,-1.000000000000000,7.064201959379716,-4.176407413637207,1.953103898951667,-2.091923860658426
665,stable,-1.000000000000000,6.626254044742382,-1.994670110465449,2.124976648367010,-2.841319903905969
666,stable,-1.000000000000000,4.426682919494851,-4.007614161917445,2.294035942089977,-2.086087361007230
667,stable,-1.000000000000000,5.058869929991488,-3.875721067172890,1.992866009706631,-1.837093719164841
668,stable,-1.000000000000000,7.198406459763646,-3.430573458580511,2.206683496828191,-1.738084013835760
669,stable,-1.000000000000000,4.870333264792862,-5.016421671818534,2.830865967014688,-1.693477170425467
670,stable,-1.000000000000000,6.431044380922685,-3.496498809327022,2.230322109186091,-1.706766073359177
671,stable,-1.000000000000000,7.296734398092667,-3.164637751760893,1.956361482749344,-2.388949393818621
672,stable,-1.000000000000000,3.861347358273633,-3.055127331637777,2.097037357510999,-2.841996014314645
673,stable,-1.000000000000000,5.633847855679051,-3.441046728148649,2.121268430841155,-2.429213043767959
674,stable,-1.000000000000000,3.721320274016762,-2.879288341297070,2.960054116032552,-2.003463029337581
675,stable,-1.000000000000000,5.295442586510035,-3.702639985131100,2.244079997646622,-1.908091187942773
676,stable,-1.000000000000000,5.635691529823816,-4.897249705638387,2.482316379435360,-1.857580563984811
677,stable,-1.000000000000000,5.567139162216336,-2.930613005724808,2.449904422101099,-1.892205475072842
678,stable,-1.000000000000000,4.453502386026230,-2.468628706894378,2.166578503775781,-1.810853693867102
679,stable,-1.000000000000000,6.550441988496459,-3.210119689018029,1.920017794213891,-2.207726177643053
680,stable,-1.000000000000000,5.784317812249355,-3.307827853932395,2.168920328731474,-2.112973613577196
681,stable,-1.000000000000000,5.575710954002716,-3.553547386918581,2.200569180960883,-2.395198347512633
682,stable,-1.000000000000000,4.173132264499145,-3.246605428779731,2.495122874533990,-1.558061019342858
683,stable,-1.000000000000000,5.322288389885216,-3.467021948017646,2.725842776504578,-2.183065757853910
684,stable,-1.000000000000000,6.096013118600240,-2.993712481940747,1.752801492984872,-2.246003057691269
685,stable,-1.000000000000000,4.764618688619521,-4.326978478820820,2.220287218340673,-1.954581170575693
686,stable,-1.000000000000000,7.462814829232229,-3.623202192655299,2.633511923952028,-1.719217113633931
687,stable,-1.000000000000000,7.403165506402729,-4.707479033560958,2.153814289657021,-2.067044474271825
688,stable,-1.000000000000000,7.360276555882592,-5.117378235008800,2.486329438019311,-2.295821570325643
689,stable,-1.000000000000000,5.979024583815772,-4.386582988016016,1.742700450253324,-1.745691815274768
690,stable,-1.000000000000000,4.607138637824391,-3.425457627461583,2.086794940172695,-2.040945060143713
691,stable,-1.000000000000000,5.324105478513957,-3.970296456158394,2.389506520063151,-1.948182144144084
692,stable,-1.000000000000000,6.367837740879622,-3.701639279759547,1.911361465958180,-1.682022336113732
693,stable,-1.000000000000000,5.874782977396535,-4.252109689059580,1.944764869753271,-1.983377644646680
694,stable,-1.000000000000000,3.739541738435946,-2.748188232071698,1.650299243046902,-1.918423358350992
695,stable,-1.000000000000000,5.591945332336763,-3.619352879079088,1.993260529707186,-2.026538675883785
696,stable,-1.000000000000000,7.649769269250100,-4.423236304486636,1.639788410160691,-2.307692045986187
697,stable,-1.000000000000000,4.435501006257255,-3.797862404637272,2.081881379825063,-2.256203585064213
698,stable,-1.000000000000000,4.768661071502720,-4.190583189832978,2.774568102679041,-2.257622000644915
699,stable,-1.000000000000000,5.183160409707853,-4.362421187906875,2.255157605162822,-2.298565134988166
700,stable,-1.000000000000000,5.708137702175009,-2.936351661730441,1.634782331530005,-1.984221904334845
701,stable,-1.000000000000000,8.183812147020944,-4.143515504430979,2.042393364012241,-1.864196094596991
702,stable,-1.000000000000000,3.964301851108758,-4.101342579939228,2.038918738486245,-1.919572745682672
703,stable,-1.000000000000000,5.004251263075275,-3.752382444727118,2.052129510731902,-1.897804723819718
704,stable,-1.000000000000000,4.368192595866276,-2.994025685460656,1.809589201133349,-2.497344913863344
705,stable,-1.000000000000000,5.624043670613901,-2.928456654157571,2.144359595491551,-1.920040122815408
706,stable,-1.000000000000000,4.399015313290874,-3.624907167446509,1.945625136955641,-1.580268694699043
707,stable,-1.000000000000000,4.000479510279547,-2.937359027069760,1.884080908261240,-2.052342298251460
708,stable,-1.000000000000000,4.409040489248582,-3.277366769445507,2.352588381909300,-1.928702306060586
709,stable,-1.000000000000000,5.025371166235345,-3.965564772024663,2.177570810192265,-2.459169535199180
710,stable,-1.000000000000000,6.277086742329629,-5.400297951742687,2.450472852273379,-2.030873173265718
711,stable,-1.000000000000000,5.608673767055734,-3.561711824702797,2.036530533834593,-3.366035420680419
712,stable,-1.000000000000000,3.987984576458985,-3.475546759727877,1.792319401807617,-2.597308689466445
713,stable,-1.000000000000000,3.947860966920416,-2.727644905391571,2.225961024349090,-2.224606793958628
714,stable,-1.000000000000000,5.228190056019230,-4.145953203347744,1.945295025783707,-1.733321821549907
715,stable,-1.000000000000000,5.006288019227213,-3.645922629519191,1.975571369519457,-1.681861916847993
716,stable,-1.000000000000000,4.933343390815935,-3.714548069143348,2.470803913660347,-1.807627067028079
717,stable,-1.000000000000000,6.413328387545334,-2.860184514727734,1.742984830634668,-2.231597726829932
718,stable,-1.000000000000000,3.719647161264220,-3.407196534433751,1.533934484119527,-2.009403500705957
719,stable,-1.000000000000000,5.067154567921534,-2.613019336124125,2.098792347242124,-2.244133719912497
720,stable,-1.000000000000000,4.956953825450910,-3.905249313058448,2.076000150904292,-1.757781816413626
721,stable,-1.000000000000000,5.100319556921022,-2.701111011192552,2.158595108252484,-2.178078009630553
722,stable,-1.000000000000000,5.551745118849794,-4.504185087042060,1.838016466470435,-2.247862419113517
723,stable,-1.000000000000000,4.576561317386222,-5.032393075656728,2.071335884858854,-1.991748007771093
724,stable,-1.000000000000000,4.708081949713232,-3.488052013748529,1.944863039629126,-2.031756135867909
725,stable,-1.000000000000000,5.767090101668146,-4.078526653989684,2.018558272509836,-1.713976417231606
726,stable,-1.000000000000000,6.162091167971084,-5.138334863037016,2.392710304120556,-2.018207617336884
727,stable,-1.000000000000000,4.782889686226554,-2.650308104736951,2.025504778604954,-2.196966195886489
728,stable,-1.000000000000000,5.227947876679536,-3.765502706781263,1.547719051071908,-1.615100111521315
729,stable,-1.000000000000000,5.921784409685642,-4.232498538687651,1.926767400553217,-2.138813472585753
730,stable,-1.000000000000000,6.765728233556729,-3.876852296736615,2.680905800079927,-2.089033885975368
731,stable,-1.000000000000000,3.857270486001653,-2.674445522017777,1.829382907599211,-2.165281847264851
732,stable,-1.000000000000000,5.093891372450116,-5.190242418910202,2.283562779426575,-2.026620308330166
733,stable,-1.000000000000000,4.366808523453074,-5.588537619572890,2.053174093132839,-1.978140388324391
734,stable,-1.000000000000000,5.555669503810350,-2.958827543814550,1.970549527846742,-2.568175551365130
735,stable,-1.000000000000000,4.065039711887948,-3.568939466349548,1.746667813917156,-2.521175542118726
736,stable,-1.000000000000000,4.572930040980282,-5.685365766668838,1.790150645392714,-2.609833122434793
737,stable,-1.000000000000000,5.053548636638880,-1.950263063088642,2.538630226277746,-2.685743304755306
738,stable,-1.000000000000000,5.381150958404760,-3.987970234929890,2.248658757016528,-2.639843820594251
739,stable,-1.000000000000000,5.397490949246276,-2.641640975522023,2.243959963554516,-2.062372147571295
740,stable,-1.000000000000000,4.685269887806498,-2.973184314054379,2.073199356091209,-2.082360336353304
741,stable,-1.000000000000000,5.360912270585686,-2.489637386592221,1.738498592865653,-1.878046034631552
742,stable,-1.000000000000000,4.522555887160706,-3.646549706282713,2.064554589393083,-1.914328933708020
743,stable,-1.000000000000000,4.937472202960635,-2.790366131868723,1.699207856552675,-1.991747149790172
744,stable,-1.000000000000000,4.862913213975844,-2.683821686034207,2.043274000476231,-1.769337590085343
745,stable,-1.000000000000000,5.149402620118053,-4.084936940154876,1.792536909750197,-2.059171202781727
746,stable,-1.000000000000000,4.116161307450966,-3.649135985466273,2.117724103853106,-1.929757283680374
747,stable,-1.000000000000000,5.748448536141950,-4.664640914672418,1.779039874738373,-2.568412813125178
748,stable,-1.000000000000000,4.095778816350503,-3.239032962305828,1.951089829439297,-1.699533327191602
749,stable,-1.000000000000000,7.668752572724770,-3.788127195657580,2.036972393849283,-2.328417961543892
750,stable,-1.000000000000000,5.943168327663443,-3.434134776020073,1.880897480936255,-2.023300720698899
751,stable,-1.000000000000000,6.042013321366539,-2.344479902520106,1.996853688382544,-1.732791300601093
752,stable,-1.000000000000000,6.078864152659662,-2.681331198356929,1.857786727463463,-2.150808798614889
753,stable,-1.000000000000000,4.353108786199300,-5.140435529159731,2.117402360330743,-2.023470009153243
754,stable,-1.000000000000000,5.855284509190824,-4.211547757171502,2.262615710918908,-1.820771492552012
755,stable,-1.000000000000000,5.934710469955462,-2.154304125651834,1.686572352860821,-2.074442961020395
756,stable,-1.000000000000000,4.663028538532672,-3.484156419137435,2.293134897496202,-1.883335191872902
757,stable,-1.000000000000000,3.894609081398812,-4.025689823336506,1.948356618871912,-1.814788772055181
758,stable,-1.000000000000000,5.083763248068863,-2.842898757735384,1.817265162753756,-1.849696075201791
759,stable,-1.000000000000000,5.509405463039002,-3.217251657479210,1.839036170211330,-1.549856821722642
760,stable,-1.000000000000000,5.131847289405414,-3.588239076212631,1.881070284551242,-2.106726642698050
761,stable,-1.000000000000000,5.789322966989857,-2.955331806675531,1.882607421139255,-1.930915441887919
762,stable,-1.000000000000000,6.032816561285472,-2.390762585317134,1.697924644366140,-1.776981739385519
763,stable,-1.000000000000000,6.124055598120322,-2.572039482955006,1.888417633424979,-1.994999865011778
764,stable,-1.000000000000000,7.044013806209477,-3.940149899382959,1.936665723114857,-2.113956107641570
765,stable,-1.000000000000000,4.470498456030327,-3.852523449881119,1.470909869647585,-2.689392849977594
766,stable,-1.000000000000000,5.572741991076327,-3.470203421180486,1.855861205476685,-2.087452507112175
767,stable,-1.000000000000000,4.208208159598826,-2.408145867850180,1.671706468681805,-1.818998395232484
768,stable,-1.000000000000000,6.157366382882174,-3.383467700368783,1.989349537019734,-2.535146559122950
769,stable,-1.000000000000000,6.317509034684917,-5.412212025988993,2.224085476365872,-2.245686415757518
770,stable,-1.000000000000000,4.536586015048670,-3.332692841329845,1.719346886384301,-2.055368170535075
771,stable,-1.000000000000000,5.242351340977621,-4.262846448978962,1.580359260653495,-1.823136725107361
772,stable,-1.000000000000000,7.170459498247510,-5.817236039561976,2.246207233285531,-1.684458353993250
773,stable,-1.000000000000000,4.773754273111990,-3.549105119142041,1.982936822685588,-2.098687079793308
774,stable,-1.000000000000000,4.902260539165582,-3.610235838932567,1.785058509325609,-1.973946848273044
775,stable,-1.000000000000000,6.381756811519153,-4.803165594996244,2.206340218544938,-2.981538413092494
776,stable,-1.000000000000000,5.660924460644310,-4.882601761546539,2.135694449709263,-2.001195930992253
777,stable,-1.000000000000000,6.308578173106071,-6.133594185223046,2.029637766827364,-1.739760918047978
778,stable,-1.000000000000000,5.303815539751668,-3.127716718467127,2.056258868455188,-2.442813615023624
779,stable,-1.000000000000000,4.309864282295166,-3.584199756886846,1.959770245361142,-1.659390281420201
780,stable,-1.000000000000000,5.759868896551779,-2.681028584527667,2.160068259530817,-1.632098564994521
781,stable,-1.000000000000000,5.212679989090248,-4.537322549298551,2.777227145299548,-2.319469498703256
782,stable,-1.000000000000000,4.686773457302479,-5.689330959699873,1.642928166351339,-2.244651081389748
783,stable,-1.000000000000000,7.045827612724679,-3.476323390241305,1.978622207025182,-1.524578408687375
784,stable,-1.000000000000000,5.375971545581706,-4.290877367137000,1.827301522134803,-2.014442015788518
785,stable,-1.000000000000000,3.990785030428924,-2.227759145760501,2.712884648542968,-2.306660584348720
786,stable,-1.000000000000000,5.617209782867576,-5.201028530966141,2.127868224517442,-1.794140901823994
787,stable,-1.000000000000000,4.755087920464575,-4.238570476540190,2.472877236315981,-1.797225089045241
788,stable,-1.000000000000000,4.765275720361387,-3.785564591718867,2.213313420303166,-1.786804173398195
789,stable,-1.000000000000000,4.745821880422227,-4.112341663010739,1.792776321293786,-1.825305756181479
790,stable,-1.000000000000000,6.325706313735282,-4.324428357107536,1.575399359338917,-2.430246216783416
791,stable,-1.000000000000000,5.651712625502114,-3.107216157339280,2.088162882253528,-2.684898239211179
792,stable,-1.000000000000000,8.034678496886045,-4.000169955470483,2.057614253921201,-2.172655133879744
793,stable,-1.000000000000000,5.200607114500599,-2.737462883233093,2.165106108121108,-1.739521478186361
794,stable,-1.000000000000000,4.769336528035637,-3.799683110668411,1.928894013864920,-2.206017083954066
795,stable,-1.000000000000000,4.523416119714966,-3.764473508250376,1.572179512135335,-2.227187524287729
796,stable,-1.000000000000000,5.830055912359967,-2.520343618562038,1.822738461472909,-2.723572372546187
797,stable,-1.000000000000000,7.815326534851920,-3.978549340023164,1.842448092414998,-2.055858614505269
798,stable,-1.000000000000000,6.183204011205817,-2.588073680723028,2.079866562446114,-1.966911215225991
799,stable,-1.000000000000000,4.177529014661559,-2.730833599045582,1.802766299748328,-1.881497565074824
800,stable,-1.000000000000000,6.090923018920876,-4.864850082507473,2.559829697536770,-1.883307223324664
801,stable,-1.000000000000000,7.053620312712155,-2.733492950734217,1.994924736820394,-1.882952904241392
802,stable,-1.000000000000000,3.693324509724334,-4.070515847066417,1.951817366993055,-1.778250395320356
803,stable,-1.000000000000000,3.928047163761221,-3.452823182538850,2.038770939456299,-1.647792394156568
804,stable,-1.000000000000000,7.617002253573446,-4.283091743858677,1.857858355608187,-1.959075559883786
805,stable,-1.000000000000000,5.938020676789165,-3.514004227519081,1.917578060529195,-1.864206558384467
806,stable,-1.000000000000000,6.380256785254460,-3.867275862725364,1.924189886311069,-1.742003214545548
807,stable,-1.000000000000000,6.165994348848471,-4.636800287851656,2.107544464059174,-2.294136650976725
808,stable,-1.000000000000000,5.841128691623453,-4.728022097224311,1.740670940838754,-1.850190378478146
809,stable,-1.000000000000000,5.429703117541067,-5.989482180499181,2.302424108900595,-2.211544680409133
810,stable,-1.000000000000000,4.149938125934568,-5.394082779675955,1.965804641404247,-1.809988255845383
811,stable,-1.000000000000000,4.383873613587639,-3.883311277044413,1.801945162471384,-2.212037568664527
812,stable,-1.000000000000000,5.453099120856677,-3.612587091367459,2.211666373943444,-2.060126628959551
813,stable,-1.000000000000000,4.001469658542192,-2.995183387654833,1.968472143984400,-2.535318670474226
814,stable,-1.000000000000000,6.419699505800963,-5.523686547516263,1.912447718692420,-1.514920687914127
815,stable,-1.000000000000000,6.131355142049870,-3.659078382086591,1.979832085664384,-2.225987932266435
816,stable,-1.000000000000000,6.003377215718501,-4.482210021837091,1.916129230718070,-2.101963079738198
817,stable,-1.000000000000000,7.417476707283640,-4.228286061003018,2.323428561678156,-2.270537819014862
818,stable,-1.000000000000000,6.415320566244191,-2.984962187863857,1.989254479485680,-1.849426381872036
819,stable,-1.000000000000000,6.308286860988119,-2.793561243262957,2.287803395913215,-1.771766302059405
820,stable,-1.000000000000000,4.724052575023961,-4.156178885044937,1.897620774194365,-1.729442461422877
821,stable,-1.000000000000000,4.940990720613627,-2.633696351066646,1.542253657826222,-2.226698856553412
822,stable,-1.000000000000000,5.907403338103904,-3.231671635123348,2.173327241223888,-2.132591970090289
823,stable,-1.000000000000000,6.356826464223559,-4.520332789368695,1.695886416127905,-2.522503091604449
824,stable,-1.000000000000000,4.177535022216034,-3.445679123069567,1.816726709948853,-2.591185236349702
825,stable,-1.000000000000000,6.419936571805010,-3.589326177694602,1.866850801976398,-1.825139093736652
826,stable,-1.000000000000000,4.786545600727550,-2.422285805321735,2.111669490928762,-2.191135908738943
827,stable,-1.000000000000000,3.833852917240620,-4.150923369015800,2.384374266723171,-1.773447016312275
828,stable,-1.000000000000000,3.742953525837038,-4.458262398235092,1.997550110390875,-2.579870671266690
829,stable,-1.000000000000000,4.807812466984615,-4.767223799284693,2.036947298212908,-2.108354213007260
830,stable,-1.000000000000000,4.193532525270712,-3.699942824387108,2.209728321875446,-1.963120632804930
831,stable,-1.000000000000000,5.606078603806964,-3.561462699729645,2.278288032626733,-1.688578781147953
832,stable,-1.000000000000000,5.610148601561377,-3.706196919637478,1.970943729975261,-1.955730494693853
833,stable,-1.000000000000000,4.892022366744641,-4.171304455958307,2.156652839563321,-2.242641821736470
834,stable,-1.000000000000000,5.894103947879557,-4.460540992407914,1.907349433633499,-2.116754709291854
835,stable,-1.000000000000000,5.472357614256907,-4.453232716770799,2.538330774375936,-2.373489006335149
836,stable,-1.000000000000000,4.257329948019105,-2.412923409430732,2.149427741911495,-1.770737644692417
837,stable,-1.000000000000000,5.922441870439798,-4.293632035609335,2.177359685912961,-2.623323089530459
838,stable,-1.000000000000000,4.590795970631007,-3.171058557856668,1.689917884184979,-2.124799722805619
839,stable,-1.000000000000000,5.889004974944328,-4.147256016185565,1.881943694461370,-2.024027894607570
840,stable,-1.000000000000000,5.598164037261085,-4.602347099960753,2.092604907695204,-1.888135157758370
841,stable,-1.000000000000000,6.590340748007293,-3.085073636571224,2.837761123199016,-2.753016647533514
842,stable,-1.000000000000000,6.779570540442364,-3.739464100071928,2.424368129461072,-1.779183758480940
843,stable,-1.000000000000000,6.153458181815950,-3.174654402362648,1.912627067067660,-1.800304888340179
844,stable,-1.000000000000000,4.842506876650987,-3.200425726361573,2.151607248932123,-1.764865592587739
845,stable,-1.000000000000000,4.193890149988874,-4.008596491825301,1.892146784448414,-1.751549468201119
846,stable,-1.000000000000000,6.171704338154086,-3.221654608249082,2.183246900560334,-1.531792427791515
847,stable,-1.000000000000000,5.097045163121948,-3.511924184480449,2.073224834719440,-2.012675396050327
848,stable,-1.000000000000000,5.920469056529328,-3.049233190416999,2.230987617047504,-2.052576980204321
849,stable,-1.000000000000000,5.260769018328574,-4.309020738754043,1.803449410770554,-2.490872150228824
850,stable,-1.000000000000000,4.411806943855481,-4.570739822028600,2.015381374745630,-2.190251650288701
851,stable,-1.000000000000000,5.933313757865108,-4.489777994720498,2.129271681304090,-2.176488950906787
852,stable,-1.000000000000000,4.954312959511299,-2.922808617062401,1.660615241824416,-2.522055842797272
853,stable,-1.000000000000000,6.027407984816818,-2.876630277045479,2.140696553047746,-1.829507388159982
854,stable,-1.000000000000000,7.101756022784684,-4.462440406704445,1.809687832806958,-2.453417946933769
855,stable,-1.000000000000000,4.098216606173082,-4.150388046939042,1.745442713858210,-2.088060370180756
856,stable,-1.000000000000000,6.889943299214792,-3.075100931651832,1.683797325473279,-1.875290629322990
857,stable,-1.000000000000000,5.067320292197110,-5.070641813833390,1.850812315286021,-2.217104578856379
858,stable,-1.000000000000000,5.273091509498045,-5.196706909031491,1.928327538451413,-1.821817950229160
859,stable,-1.000000000000000,5.445630313988659,-2.778254721464691,1.987374107004143,-1.920673004206037
860,stable,-1.000000000000000,4.404275791777764,-4.385149366440601,2.150121179700363,-2.287857881397940
861,stable,-1.000000000000000,4.512219500189531,-3.557708180185728,2.372853363837748,-2.125289425079245
862,stable,-1.000000000000000,4.811222630189150,-3.606263459754700,1.775775383866858,-2.113138050364796
863,stable,-1.000000000000000,6.200031661504909,-4.184893525580264,1.879389819681819,-2.387982246989850
864,stable,-1.000000000000000,5.394700926924997,-4.179423392328317,2.587061396101490,-1.748543489607982
865,stable,-1.000000000000000,4.042125465380195,-4.768240765566588,1.870503586018458,-2.589862958237063
866,stable,-1.000000000000000,4.107164393484709,-3.514391768832866,2.031914174585836,-2.146996713825502
867,stable,-1.000000000000000,7.699452635519265,-3.630362339127942,1.720526549557690,-1.927594914799556
868,stable,-1.000000000000000,5.750625731408945,-3.900413283192393,2.353992016425764,-1.676213001221186
869,stable,-1.000000000000000,4.243369457282824,-3.392085683823097,1.617052410714678,-2.239558343309909
870,stable,-1.000000000000000,8.898251215216078,-3.010342359411879,2.446015933994204,-2.746321249520406
871,stable,-1.000000000000000,4.661658139644715,-3.707361734734150,2.125007201801054,-1.836891737584665
872,stable,-1.000000000000000,5.791730601680683,-3.601478925440460,1.805650159192737,-1.804814951959997
873,stable,-1.000000000000000,4.859895474859513,-4.229724042179441,2.102937379735522,-2.084897605003789
874,stable,-1.000000000000000,4.126646852402700,-3.642968228938116,2.002014515222982,-2.274342425516807
875,stable,-1.000000000000000,4.152466313433251,-3.359738753286365,2.272198627120815,-1.990397929745086
876,stable,-1.000000000000000,5.535690670345502,-2.863080115923367,1.946331293554977,-2.404692473588511
877,stable,-1.000000000000000,7.541525057215949,-5.090023003556780,2.124991468386725,-2.067277427307999
878,stable,-1.000000000000000,6.962353560371412,-3.579230124960304,1.520474310265854,-1.934125985164428
879,stable,-1.000000000000000,4.850430825623334,-3.912202837142104,2.230797497089952,-1.907684031408280
880,stable,-1.000000000000000,4.853307635217789,-3.880502164825884,1.803498231805861,-1.679000697564334
881,stable,-1.000000000000000,4.939064903628605,-4.244950068296021,2.271043988992460,-1.994227779243374
882,stable,-1.000000000000000,5.745398127561202,-3.242968104863394,2.111099452129565,-2.130373104067985
883,stable,-1.000000000000000,5.873369920438563,-3.863429529879795,2.396438055762701,-2.282700882758945
884,stable,-1.000000000000000,5.030091761786025,-3.867100899256002,1.801613128278404,-1.960563910295605
885,stable,-1.000000000000000,3.857424664667633,-1.990997478438658,2.035495062707923,-1.890660593257053
886,stable,-1.000000000000000,5.670192796889751,-2.858783022609714,2.462657854717690,-2.180731484857461
887,stable,-1.000000000000000,4.485441139928298,-5.667971842645784,2.041579926386476,-1.620125958696008
888,stable,-1.000000000000000,6.127533654151193,-3.831669615581632,1.680336717981845,-2.494427699944936
889,stable,-1.000000000000000,5.018111879178832,-2.707233590357646,2.651560841593891,-2.059111689683050
890,stable,-1.000000000000000,6.207751027905033,-3.233085917316203,2.028811605181545,-2.253707003663294
891,stable,-1.000000000000000,5.254106636719371,-3.288271755940514,2.032809881158755,-2.657684015925042
892,stable,-1.000000000000000,5.318297131478175,-3.597518123664486,1.991692458163016,-1.611711751203984
893,stable,-1.000000000000000,6.194158746788162,-3.467053284461144,1.763947854080470,-1.969489428098314
894,stable,-1.000000000000000,4.722281437728043,-3.785109518918034,1.747921556001529,-1.607018009759486
895,stable,-1.000000000000000,4.376389436554746,-3.148575958330184,2.162630855076713,-1.896651927359926
896,stable,-1.000000000000000,5.806293759975233,-5.143831238718121,2.324901415558998,-1.914870803389931
897,stable,-1.000000000000000,5.014977459028160,-3.924208779222681,1.875962657431955,-2.337275847326964
898,stable,-1.000000000000000,6.686577201475302,-4.391630522884952,1.831854557356564,-2.201094227086287
899,stable,-1.000000000000000,4.385340561813791,-4.932208032616472,2.340614947752329,-2.317675674799830
900,stable,-1.000000000000000,6.041263209757744,-3.926242999048554,2.197026922192890,-3.111489086528309
901,stable,-1.000000000000000,3.965574244761228,-2.832908912783751,2.180882068350911,-2.041557869641110
902,stable,-1.000000000000000,3.807170609092282,-3.648936979967402,3.108378605335020,-1.863267694148817
903,stable,-1.000000000000000,6.226202681369614,-3.177634451036283,2.096809944254346,-2.559119586963789
904,stable,-1.000000000000000,5.042932064898196,-2.646227359626209,1.923726053093560,-1.765025396947749
905,stable,-1.000000000000000,6.437930629232142,-3.458237190865475,2.375406217877753,-2.132901829900220
906,stable,-1.000000000000000,6.656127799309616,-3.976869817303850,1.909377485688310,-1.995167142245919
907,stable,-1.000000000000000,5.825456149672391,-3.351478594246146,2.155313106253743,-2.167401668208186
908,stable,-1.000000000000000,5.368047195806867,-3.720858547887474,1.803605253924616,-2.168651726664393
909,stable,-1.000000000000000,4.528268124016904,-3.929301885696987,2.503671155369375,-2.205629308940843
910,stable,-1.000000000000000,6.401259989606842,-4.980468039357220,1.967317366244970,-2.670803467131918
911,stable,-1.000000000000000,3.707346534021781,-3.195332119154045,2.476209905755240,-2.021547863420892
912,stable,-1.000000000000000,3.634291107271565,-3.158347878607856,1.834116317681037,-2.806204778571555
913,stable,-1.000000000000000,6.344615473681188,-3.063276497012339,1.983836946485098,-1.819771056383615
914,stable,-1.000000000000000,4.947056857963616,-3.951194467220375,2.081914419075474,-1.948013736866415
915,stable,-1.000000000000000,5.507810908951797,-5.435708474757121,2.183762379165273,-1.924030524329282
916,stable,-1.000000000000000,7.323228905806900,-3.779727209017437,2.083381276286673,-2.203002241905779
917,stable,-1.000000000000000,5.221024073849549,-3.960618472316128,1.874544778955169,-2.162695842853282
918,stable,-1.000000000000000,4.402198062656680,-3.228288620175590,1.697472191764973,-1.912846350518521
919,stable,-1.000000000000000,5.090767995839997,-3.367327013759677,1.720262345086667,-1.994865398854017
920,stable,-1.000000000000000,4.795301108122658,-2.639090965531068,1.920176483195974,-1.639477738528512
921,stable,-1.000000000000000,4.896029887182522,-4.782741311895734,2.189717228800873,-2.322541869012639
922,stable,-1.000000000000000,5.065219720810092,-3.798484882208868,1.901836316916160,-2.095789826722466
923,stable,-1.000000000000000,4.578660156416845,-3.330677581281634,1.916992372134700,-1.971543289721012
924,stable,-1.000000000000000,4.383175630318874,-3.223395347406040,1.820802243077196,-1.679854123620316
925,stable,-1.000000000000000,4.250285647627607,-3.795647001439647,2.425702669424936,-1.829745795635972
926,stable,-1.000000000000000,6.786657005966845,-2.253485072848889,2.386542524880497,-2.161671515728813
927,stable,-1.000000000000000,5.268422148932586,-3.765859440871282,2.159627933986485,-2.352560890678433
928,stable,-1.000000000000000,5.551843881868990,-2.708128101059629,1.998809342883760,-2.064665759680793
929,stable,-1.000000000000000,4.790422697125905,-3.934176788061450,1.766289837105433,-1.898688669869443
930,stable,-1.000000000000000,5.250840369510115,-2.642622337392822,2.081445187504869,-2.491863712108170
931,stable,-1.000000000000000,5.364710402736819,-2.671431744332949,1.895991443772800,-1.676710833271500
932,stable,-1.000000000000000,5.297619303193642,-3.398114499410440,2.046200690208934,-2.408895318645591
933,stable,-1.000000000000000,4.613493479255339,-3.203977161596413,2.404435143427690,-1.846192846191116
934,stable,-1.000000000000000,6.106797019940132,-3.495497962714580,1.877579385414720,-1.800972254481167
935,stable,-1.000000000000000,5.286479806650277,-5.797720307702548,2.006703194172587,-2.608999468968250
936,stable,-1.000000000000000,5.554670473007718,-4.185905718164577,1.850540535117034,-1.925733584796944
937,stable,-1.000000000000000,4.358145345730009,-3.445453261520015,1.831145919932169,-2.149168684089091
938,stable,-1.000000000000000,5.851379770215317,-3.547760727262357,1.939599638950313,-1.761094840534497
939,stable,-1.000000000000000,5.659220455372633,-2.831915217117057,1.815435932716355,-2.754373150644824
940,stable,-1.000000000000000,5.956845308506672,-4.494088187559100,2.066634611459449,-2.061588043114170
941,stable,-1.000000000000000,4.876706596456643,-3.035801369267574,2.223817231249996,-2.020519881509244
942,stable,-1.000000000000000,6.430331802606815,-6.066977492367187,1.722650390722265,-2.406155764605501
943,stable,-1.000000000000000,4.046309047524119,-3.989055586396717,2.098406386328861,-1.781781892408617
944,stable,-1.000000000000000,4.839796291940729,-3.955725333467853,2.478361468412913,-2.021136795985512
945,stable,-1.000000000000000,4.606073122689850,-3.932454564853288,1.948036363231950,-1.680079467441828
946,stable,-1.000000000000000,4.525114439820754,-5.108898655096709,1.836019228794612,-1.931597884758958
947,stable,-1.000000000000000,4.865406615525899,-2.862568892656782,2.384456865198445,-2.375057039316744
948,stable,-1.000000000000000,5.041325133344799,-3.615796413865610,1.784384546976071,-1.709852266532835
949,stable,-1.000000000000000,6.079701934890181,-3.694924788369462,2.244850090079126,-2.055745363002643
950,stable,-1.000000000000000,4.484534216130669,-4.874082862503201,2.017555789323524,-2.010952331678709
951,stable,-1.000000000000000,5.062943085969891,-3.016416855894931,1.933506473433226,-2.267969689572055
952,stable,-1.000000000000000,5.261362420671503,-2.978435353463283,2.196124743728433,-2.345908953691833
953,stable,-1.000000000000000,4.308693672374829,-4.477649129894417,1.693563777196687,-1.630433359241579
954,stable,-1.000000000000000,4.668868907378055,-2.709751370966842,2.232406632043421,-2.074265239585657
955,stable,-1.000000000000000,5.475259481143439,-2.605866337587941,1.789689989527687,-2.839504948908143
956,stable,-1.000000000000000,5.390418629598571,-3.991960316521727,2.021854685735889,-1.877836656902218
957,stable,-1.000000000000000,5.995114366953203,-2.640141674684855,2.002887736773118,-1.836249989690259
958,stable,-1.000000000000000,5.523512366087743,-3.365027305771946,1.961060375906527,-1.852997832465917
959,stable,-1.000000000000000,4.700433705620526,-4.720665881701279,1.606034173310036,-2.311344585730694
960,stable,-1.000000000000000,3.602105047139048,-4.215090477540798,2.049322078295518,-2.148855818348238
961,stable,-1.000000000000000,4.844456275121047,-3.591571445460431,1.768884340005570,-2.292526725505013
962,stable,-1.000000000000000,5.264275302222813,-4.289442157635676,1.977992645624909,-1.980033655883744
963,stable,-1.000000000000000,4.932445723556157,-3.500733206303266,1.816904698836879,-1.736890777669032
964,stable,-1.000000000000000,4.842037977490691,-4.516814690272440,2.079077756381594,-1.853117400023621
965,stable,-1.000000000000000,4.444203460738208,-2.728002783363991,1.878066432778724,-1.938483939447906
966,stable,-1.000000000000000,5.328610236814711,-3.198123571506585,1.906191928777844,-1.928589399583871
967,stable,-1.000000000000000,4.789143666304881,-2.178719026822364,2.026269594964106,-2.237517567817122
968,stable,-1.000000000000000,4.793322716039256,-5.060347992424795,2.053080241777934,-1.846823973872233
969,stable,-1.000000000000000,4.692497899515729,-4.245277331257967,1.913095367141068,-1.822731507243589
970,stable,-1.000000000000000,6.276014409857453,-3.914892021246487,1.462088759377366,-2.370886020071339
971,stable,-1.000000000000000,4.772611413463892,-2.644002910674317,1.868880356021691,-1.715955087274779
972,stable,-1.000000000000000,4.382978963345522,-4.082334398068269,2.076151596062118,-1.876219190831762
973,stable,-1.000000000000000,4.599636752849619,-3.966528624325292,1.609081452654209,-2.006263280462008
974,stable,-1.000000000000000,6.129146975861659,-4.122743929678109,1.852886316832155,-2.252644922991749
975,stable,-1.000000000000000,6.313551616010955,-4.397229588968912,1.748164900462143,-2.921141236089170
976,stable,-1.000000000000000,5.666266345919212,-3.587121736112749,2.148994241724722,-1.785329050384462
977,stable,-1.000000000000000,4.857253920126823,-4.177033494663192,1.791697378735989,-1.954347930266522
978,stable,-1.000000000000000,5.896868768293643,-4.419542397583427,1.701417898271757,-1.810680647147819
979,stable,-1.000000000000000,5.452477005073888,-2.749997683138645,2.150430793859414,-1.604055851756129
980,stable,-1.000000000000000,4.412717453684309,-3.896272641882433,2.319450695824344,-1.871396591057419
981,stable,-1.000000000000000,4.737867602947517,-3.263908308530517,2.350448586657876,-2.486741406210058
982,stable,-1.000000000000000,4.942982392246449,-5.206939982781478,1.980260588228703,-2.265751221799292
983,stable,-1.000000000000000,4.903824708766479,-3.403344701880997,1.699603528744774,-1.861752355500357
984,stable,-1.000000000000000,5.779202293342678,-3.526834555977985,2.310047010309063,-1.762748387220199
985,stable,-1.000000000000000,6.686840955655498,-4.515629042063665,2.683133123355219,-2.179252743793768
986,stable,-1.000000000000000,5.906175991811324,-2.948129410156980,1.904560516602942,-1.732373134524096
987,stable,-1.000000000000000,3.730551780914539,-4.030345731967827,2.194027746969368,-1.879238775472913
988,stable,-1.000000000000000,4.527019910419767,-3.064930672626360,2.156073165941052,-1.770046973484568
989,stable,-1.000000000000000,5.202393481275067,-2.683245384898328,2.177573533495888,-2.166767117625568
990,stable,-1.000000000000000,4.905792545592703,-4.822460180512280,1.720091087307082,-1.608285684342263
991,stable,-1.000000000000000,6.069283802484279,-3.648967216504388,1.949390438268892,-2.136620243894868
992,stable,-1.000000000000000,5.239719288453671,-3.072062436099259,2.022903095989022,-2.900488522893284
993,stable,-1.000000000000000,6.100881305988878,-5.293945906763838,1.859955139370868,-1.690853618769324
994,stable,-1.000000000000000,5.380090757418657,-4.778176306135720,2.084639377950225,-2.346050044536241
995,stable,-1.000000000000000,6.019671583620948,-2.439004768450104,2.045100370887667,-3.348697105888277
996,stable,-1.000000000000000,4.564504731473789,-2.699251022706449,1.738558255136013,-2.014784872844757
997,stable,-1.000000000000000,6.034785340903909,-2.932121592829390,1.676781797781587,-3.064340766286477
998,stable,-1.000000000000000,4.780962195472966,-3.992340178090672,1.578339602623601,-2.138589141424745
999,stable,-1.000000000000000,5.725289242473082,-3.092885130940886,3.530658819581731,-2.478360203094780
1000,stable,-1.000000000000000,5.189471851066628,-3.969121650156922,1.979640037578065,-1.827559838187881
