id,Layer,node_count,HR_total,EPR_total,WR_total,UR_total
0,1,784,.000000000000000,.000000000000000,-24.77941287312256,24.77941287312256
0,2,256,-49.55882574624427,99.11765149248853,-52.64522864924707,3.086402903002788
0,3,10,-55.73163155224903,111.4632631044981,-27.86581577612450,-27.86581577612453
1,1,784,.000000000000000,.000000000000000,-27.17403654022472,27.17403654022472
1,2,256,-54.34807308044858,108.6961461608972,-46.40874425867229,-7.939328821776248
1,3,10,-38.46941543689524,76.93883087379048,-19.23470771844763,-19.23470771844761
2,1,784,.000000000000000,.000000000000000,-27.47051299720506,27.47051299720506
2,2,256,-54.94102599440929,109.8820519888186,-46.19909553791528,-8.741930456493959
2,3,10,-37.45716508142051,74.91433016284103,-18.72858254071025,-18.72858254071026
3,1,784,.000000000000000,.000000000000000,-27.58888662798060,27.58888662798060
3,2,256,-55.17777325596032,110.3555465119206,-46.17216313602665,-9.005610119933687
3,3,10,-37.16655301609213,74.33310603218426,-18.58327650804607,-18.58327650804607
4,1,784,.000000000000000,.000000000000000,-27.31427831689774,27.31427831689774
4,2,256,-54.62855663379464,109.2571132675893,-46.39849367952050,-8.230062954274173
4,3,10,-38.16843072524544,76.33686145049087,-19.08421536262272,-19.08421536262271
5,1,784,.000000000000000,.000000000000000,-27.61720960733786,27.61720960733786
5,2,256,-55.23441921467489,110.4688384293498,-46.17927414073161,-9.055145073943255
5,3,10,-37.12412906678752,74.24825813357505,-18.56206453339377,-18.56206453339376
6,1,784,.000000000000000,.000000000000000,-27.46394526067409,27.46394526067409
6,2,256,-54.92789052134728,109.8557810426946,-46.32389263810303,-8.603997883244299
6,3,10,-37.71989475485790,75.43978950971581,-18.85994737742895,-18.85994737742896
7,1,784,.000000000000000,.000000000000000,-27.45488736144221,27.45488736144221
7,2,256,-54.90977472288363,109.8195494457673,-46.20904025695623,-8.700734465927413
7,3,10,-37.50830579102794,75.01661158205589,-18.75415289551398,-18.75415289551396
8,1,784,.000000000000000,.000000000000000,-27.39322022726170,27.39322022726170
8,2,256,-54.78644045452255,109.5728809090451,-46.00479267440861,-8.781647780113961
8,3,10,-37.22314489429384,74.44628978858768,-18.61157244714691,-18.61157244714693
9,1,784,.000000000000000,.000000000000000,-27.33914953114274,27.33914953114274
9,2,256,-54.67829906228469,109.3565981245694,-46.48698588544378,-8.191313176840925
9,3,10,-38.29567270860201,76.59134541720402,-19.14783635430100,-19.14783635430101
10,1,784,.000000000000000,.000000000000000,-27.18856315317979,27.18856315317979
10,2,256,-54.37712630635881,108.7542526127176,-46.50987579861629,-7.867250507742562
10,3,10,-38.64262529087286,77.28525058174571,-19.32131264543643,-19.32131264543643
11,1,784,.000000000000000,.000000000000000,-27.34770006548187,27.34770006548187
11,2,256,-54.69540013096290,109.3908002619258,-46.26310150021114,-8.432298630751731
11,3,10,-37.83080286945863,75.66160573891726,-18.91540143472930,-18.91540143472932
12,1,784,.000000000000000,.000000000000000,-28.09380770830665,28.09380770830665
12,2,256,-56.18761541661241,112.3752308332248,-45.69282775280919,-10.49478766380326
12,3,10,-35.19804008900509,70.39608017801018,-17.59902004450254,-17.59902004450255
13,1,784,.000000000000000,.000000000000000,-27.78249065637444,27.78249065637444
13,2,256,-55.56498131274807,111.1299626254961,-45.64415927290380,-9.920822039844266
13,3,10,-35.72333723305871,71.44667446611743,-17.86166861652936,-17.86166861652936
14,1,784,.000000000000000,.000000000000000,-27.55677344510775,27.55677344510775
14,2,256,-55.11354689021461,110.2270937804292,-45.86383661601667,-9.249710274197966
14,3,10,-36.61412634181786,73.22825268363572,-18.30706317090893,-18.30706317090893
15,1,784,.000000000000000,.000000000000000,-26.84053046480571,26.84053046480571
15,2,256,-53.68106092961063,107.3621218592213,-46.77032229191140,-6.910738637699216
15,3,10,-39.85958365421141,79.71916730842281,-19.92979182710570,-19.92979182710570
16,1,784,.000000000000000,.000000000000000,-27.38899605743321,27.38899605743321
16,2,256,-54.77799211486555,109.5559842297311,-46.29531685654122,-8.482675258324372
16,3,10,-37.81264159821600,75.62528319643199,-18.90632079910800,-18.90632079910800
17,1,784,.000000000000000,.000000000000000,-27.39807079985549,27.39807079985549
17,2,256,-54.79614159971015,109.5922831994203,-46.29257727978694,-8.503564319923214
17,3,10,-37.78901295986290,75.57802591972580,-18.89450647993145,-18.89450647993146
18,1,784,.000000000000000,.000000000000000,-27.46930423648488,27.46930423648488
18,2,256,-54.93860847296899,109.8772169459380,-46.04117872146048,-8.897429751508565
18,3,10,-37.14374896995107,74.28749793990214,-18.57187448497552,-18.57187448497554
19,1,784,.000000000000000,.000000000000000,-27.66345613766066,27.66345613766066
19,2,256,-55.32691227532054,110.6538245506411,-46.01094487799638,-9.315967397324153
19,3,10,-36.69497748067137,73.38995496134274,-18.34748874033569,-18.34748874033568
20,1,784,.000000000000000,.000000000000000,-27.29449623574752,27.29449623574752
20,2,256,-54.58899247149427,109.1779849429885,-46.16862967816040,-8.420362793333835
20,3,10,-37.74826688482575,75.49653376965151,-18.87413344241288,-18.87413344241288
21,1,784,.000000000000000,.000000000000000,-27.23855177516311,27.23855177516311
21,2,256,-54.47710355032540,108.9542071006508,-46.42322271765417,-8.053880832671215
21,3,10,-38.36934188498217,76.73868376996434,-19.18467094249107,-19.18467094249108
22,1,784,.000000000000000,.000000000000000,-27.42770106873808,27.42770106873808
22,2,256,-54.85540213747533,109.7108042749507,-46.15431975968126,-8.701082377794078
22,3,10,-37.45323738188637,74.90647476377274,-18.72661869094318,-18.72661869094319
23,1,784,.000000000000000,.000000000000000,-27.83209937359648,27.83209937359648
23,2,256,-55.66419874719220,111.3283974943844,-45.92376329124509,-9.740435455947084
23,3,10,-36.18332783529717,72.36665567059434,-18.09166391764859,-18.09166391764858
24,1,784,.000000000000000,.000000000000000,-27.28072089355707,27.28072089355707
24,2,256,-54.56144178711330,109.1228835742266,-46.24300190705865,-8.318439880054614
24,3,10,-37.92456202700325,75.84912405400651,-18.96228101350162,-18.96228101350163
25,1,784,.000000000000000,.000000000000000,-27.62828628966094,27.62828628966094
25,2,256,-55.25657257932109,110.5131451586422,-46.17938333160955,-9.077189247711518
25,3,10,-37.10219408389718,74.20438816779436,-18.55109704194859,-18.55109704194858
26,1,784,.000000000000000,.000000000000000,-27.86849827238243,27.86849827238243
26,2,256,-55.73699654476398,111.4739930895280,-45.86527686462479,-9.871719680139249
26,3,10,-35.99355718448470,71.98711436896940,-17.99677859224235,-17.99677859224234
27,1,784,.000000000000000,.000000000000000,-27.47405610693848,27.47405610693848
27,2,256,-54.94811221387616,109.8962244277523,-46.27436252810693,-8.673749685769231
27,3,10,-37.60061284233686,75.20122568467372,-18.80030642116843,-18.80030642116842
28,1,784,.000000000000000,.000000000000000,-27.73354835810269,27.73354835810269
28,2,256,-55.46709671620453,110.9341934324091,-45.95020759442712,-9.516889121777389
28,3,10,-36.43331847264888,72.86663694529776,-18.21665923632445,-18.21665923632444
29,1,784,.000000000000000,.000000000000000,-27.78547252770571,27.78547252770571
29,2,256,-55.57094505541062,111.1418901108212,-46.25751245681788,-9.313432598592751
29,3,10,-36.94407985822430,73.88815971644860,-18.47203992911215,-18.47203992911215
30,1,784,.000000000000000,.000000000000000,-27.63249136519274,27.63249136519274
30,2,256,-55.26498273038463,110.5299654607693,-45.96837120892068,-9.296611521463964
30,3,10,-36.67175968745587,73.34351937491174,-18.33587984372794,-18.33587984372792
31,1,784,.000000000000000,.000000000000000,-27.38445690965436,27.38445690965436
31,2,256,-54.76891381930793,109.5378276386159,-46.14870798976200,-8.620205829545883
31,3,10,-37.52850216021533,75.05700432043065,-18.76425108010766,-18.76425108010767
32,1,784,.000000000000000,.000000000000000,-27.26478027485251,27.26478027485251
32,2,256,-54.52956054970421,109.0591210994084,-46.47669688945936,-8.052863660244823
32,3,10,-38.42383322921369,76.84766645842738,-19.21191661460685,-19.21191661460684
33,1,784,.000000000000000,.000000000000000,-27.49552310122328,27.49552310122328
33,2,256,-54.99104620244568,109.9820924048914,-46.16258664760682,-8.828459554838881
33,3,10,-37.33412709276710,74.66825418553421,-18.66706354638355,-18.66706354638355
34,1,784,.000000000000000,.000000000000000,-27.61575173092800,27.61575173092800
34,2,256,-55.23150346185513,110.4630069237103,-46.02267790358655,-9.208825558268607
34,3,10,-36.81385234531707,73.62770469063415,-18.40692617265853,-18.40692617265854
35,1,784,.000000000000000,.000000000000000,-27.67750215983473,27.67750215983473
35,2,256,-55.35500431966859,110.7100086393372,-45.89449524783548,-9.460509071833119
35,3,10,-36.43398617600152,72.86797235200304,-18.21699308800076,-18.21699308800076
36,1,784,.000000000000000,.000000000000000,-27.29623658682387,27.29623658682387
36,2,256,-54.59247317364696,109.1849463472939,-46.45126526015197,-8.141207913494947
36,3,10,-38.31005734665624,76.62011469331247,-19.15502867332812,-19.15502867332811
37,1,784,.000000000000000,.000000000000000,-27.67395193771050,27.67395193771050
37,2,256,-55.34790387542015,110.6958077508403,-45.73540235820104,-9.612501517219156
37,3,10,-36.12290084098104,72.24580168196208,-18.06145042049052,-18.06145042049052
38,1,784,.000000000000000,.000000000000000,-27.59271011619841,27.59271011619841
38,2,256,-55.18542023239605,110.3708404647921,-46.12261346274456,-9.062806769651537
38,3,10,-37.05980669309215,74.11961338618430,-18.52990334654608,-18.52990334654607
39,1,784,.000000000000000,.000000000000000,-27.31762367354767,27.31762367354767
39,2,256,-54.63524734709447,109.2704946941889,-46.06468964192903,-8.570557705165463
39,3,10,-37.49413193676273,74.98826387352545,-18.74706596838136,-18.74706596838135
40,1,784,.000000000000000,.000000000000000,-27.49221778647755,27.49221778647755
40,2,256,-54.98443557295431,109.9688711459086,-45.84101412529259,-9.143421447661696
40,3,10,-36.69759267763009,73.39518535526018,-18.34879633881504,-18.34879633881505
41,1,784,.000000000000000,.000000000000000,-27.17576998933609,27.17576998933609
41,2,256,-54.35153997867139,108.7030799573428,-46.29951670691878,-8.052023271752638
41,3,10,-38.24749343516530,76.49498687033061,-19.12374671758266,-19.12374671758265
42,1,784,.000000000000000,.000000000000000,-27.27548239241586,27.27548239241586
42,2,256,-54.55096478483087,109.1019295696617,-46.24359990878759,-8.307364876043236
42,3,10,-37.93623503274354,75.87247006548708,-18.96811751637177,-18.96811751637178
43,1,784,.000000000000000,.000000000000000,-27.97321179125395,27.97321179125395
43,2,256,-55.94642358250706,111.8928471650141,-45.71228109369165,-10.23414248881541
43,3,10,-35.47813860487545,70.95627720975089,-17.73906930243772,-17.73906930243772
44,1,784,.000000000000000,.000000000000000,-27.18273073038107,27.18273073038107
44,2,256,-54.36546146076128,108.7309229215226,-46.48856180694053,-7.876899653820754
44,3,10,-38.61166215311896,77.22332430623791,-19.30583107655947,-19.30583107655949
45,1,784,.000000000000000,.000000000000000,-27.43514487723716,27.43514487723716
45,2,256,-54.87028975447357,109.7405795089471,-46.20343631421335,-8.666853440260214
45,3,10,-37.53658287395228,75.07316574790457,-18.76829143697615,-18.76829143697613
46,1,784,.000000000000000,.000000000000000,-27.46492217415267,27.46492217415267
46,2,256,-54.92984434830447,109.8596886966089,-45.89070657818850,-9.039137770115978
46,3,10,-36.85156880807172,73.70313761614344,-18.42578440403586,-18.42578440403587
47,1,784,.000000000000000,.000000000000000,-27.57285754040792,27.57285754040792
47,2,256,-55.14571508081497,110.2914301616299,-46.13296353025505,-9.012751550559898
47,3,10,-37.12021197969431,74.24042395938862,-18.56010598984716,-18.56010598984715
48,1,784,.000000000000000,.000000000000000,-27.65067940982739,27.65067940982739
48,2,256,-55.30135881965390,110.6027176393078,-45.91541929253700,-9.385939527116896
48,3,10,-36.52947976541928,73.05895953083856,-18.26473988270964,-18.26473988270964
49,1,784,.000000000000000,.000000000000000,-27.42347113188528,27.42347113188528
49,2,256,-54.84694226376971,109.6938845275394,-46.01007792638625,-8.836864337383449
49,3,10,-37.17321358900198,74.34642717800396,-18.58660679450099,-18.58660679450100
50,1,784,.000000000000000,.000000000000000,-27.31190332557697,27.31190332557697
50,2,256,-54.62380665115316,109.2476133023063,-46.37680161379962,-8.247005037353544
50,3,10,-38.12979657644523,76.25959315289046,-19.06489828822262,-19.06489828822261
51,1,784,.000000000000000,.000000000000000,-27.32949243941376,27.32949243941376
51,2,256,-54.65898487882669,109.3179697576534,-46.17972299195720,-8.479261886869493
51,3,10,-37.70046110508687,75.40092221017373,-18.85023055254344,-18.85023055254343
52,1,784,.000000000000000,.000000000000000,-27.19118725721543,27.19118725721543
52,2,256,-54.38237451443011,108.7647490288602,-46.46450501219104,-7.917869502239086
52,3,10,-38.54663550995109,77.09327101990218,-19.27331775497556,-19.27331775497553
53,1,784,.000000000000000,.000000000000000,-27.69450522240608,27.69450522240608
53,2,256,-55.38901044481136,110.7780208896227,-45.99246196376377,-9.396548481047551
53,3,10,-36.59591348271540,73.19182696543081,-18.29795674135771,-18.29795674135770
54,1,784,.000000000000000,.000000000000000,-27.81922737824942,27.81922737824942
54,2,256,-55.63845475649812,111.2769095129962,-45.89015571164426,-9.748299044853885
54,3,10,-36.14185666678954,72.28371333357909,-18.07092833339477,-18.07092833339477
55,1,784,.000000000000000,.000000000000000,-27.57566875111478,27.57566875111478
55,2,256,-55.15133750222878,110.3026750044576,-45.79113947675224,-9.360198025476498
55,3,10,-36.43094145127498,72.86188290254997,-18.21547072563749,-18.21547072563749
56,1,784,.000000000000000,.000000000000000,-27.56446795658617,27.56446795658617
56,2,256,-55.12893591317153,110.2578718263431,-46.08335579819469,-9.045580114976762
56,3,10,-37.03777568321712,74.07555136643424,-18.51888784160856,-18.51888784160856
57,1,784,.000000000000000,.000000000000000,-27.74424772649217,27.74424772649217
57,2,256,-55.48849545298350,110.9769909059670,-46.10496245960569,-9.383532993377857
57,3,10,-36.72142946622702,73.44285893245404,-18.36071473311350,-18.36071473311351
58,1,784,.000000000000000,.000000000000000,-27.73842113572531,27.73842113572531
58,2,256,-55.47684227144979,110.9536845428996,-46.02964656785858,-9.447195703591220
58,3,10,-36.58245086426655,73.16490172853311,-18.29122543213327,-18.29122543213328
59,1,784,.000000000000000,.000000000000000,-27.52462065636896,27.52462065636896
59,2,256,-55.04924131273705,110.0984826254741,-46.25240803629775,-8.796833276439271
59,3,10,-37.45557475985767,74.91114951971534,-18.72778737992883,-18.72778737992883
60,1,784,.000000000000000,.000000000000000,-27.60362333562881,27.60362333562881
60,2,256,-55.20724667125688,110.4144933425138,-46.07512961400231,-9.132117057254545
60,3,10,-36.94301255674691,73.88602511349383,-18.47150627837345,-18.47150627837345
61,1,784,.000000000000000,.000000000000000,-27.57563255548234,27.57563255548234
61,2,256,-55.15126511096391,110.3025302219278,-46.22667350368603,-8.924591607277870
61,3,10,-37.30208189640732,74.60416379281463,-18.65104094820366,-18.65104094820365
62,1,784,.000000000000000,.000000000000000,-27.50044835998326,27.50044835998326
62,2,256,-55.00089671996564,110.0017934399313,-46.17136837051420,-8.829528349451444
62,3,10,-37.34184002106192,74.68368004212384,-18.67092001053097,-18.67092001053095
63,1,784,.000000000000000,.000000000000000,-27.54127142968469,27.54127142968469
63,2,256,-55.08254285936853,110.1650857187371,-46.23331271129915,-8.849230148069360
63,3,10,-37.38408256322901,74.76816512645803,-18.69204128161451,-18.69204128161451
64,1,784,.000000000000000,.000000000000000,-27.52401577596720,27.52401577596720
64,2,256,-55.04803155193359,110.0960631038672,-46.00811135879478,-9.039920193138780
64,3,10,-36.96819116565518,73.93638233131037,-18.48409558282759,-18.48409558282759
65,1,784,.000000000000000,.000000000000000,-27.29764964753035,27.29764964753035
65,2,256,-54.59529929505987,109.1905985901197,-46.33855205057267,-8.256747244487196
65,3,10,-38.08180480608466,76.16360961216932,-19.04090240304233,-19.04090240304232
66,1,784,.000000000000000,.000000000000000,-27.84345452955294,27.84345452955294
66,2,256,-55.68690905910511,111.3738181182102,-45.85692726948012,-9.829981789625046
66,3,10,-36.02694547985423,72.05389095970847,-18.01347273992712,-18.01347273992712
67,1,784,.000000000000000,.000000000000000,-27.39676209462959,27.39676209462959
67,2,256,-54.79352418925836,109.5870483785167,-46.14141541746260,-8.652108771795735
67,3,10,-37.48930664566605,74.97861329133211,-18.74465332283303,-18.74465332283302
68,1,784,.000000000000000,.000000000000000,-27.42350101227037,27.42350101227037
68,2,256,-54.84700202453988,109.6940040490798,-46.45797842355776,-8.389023600982121
68,3,10,-38.06895482257477,76.13790964514955,-19.03447741128739,-19.03447741128738
69,1,784,.000000000000000,.000000000000000,-27.72618352780596,27.72618352780596
69,2,256,-55.45236705561113,110.9047341112223,-46.00913044119758,-9.443236614413564
69,3,10,-36.56589382678316,73.13178765356632,-18.28294691339158,-18.28294691339158
70,1,784,.000000000000000,.000000000000000,-27.48169050311533,27.48169050311533
70,2,256,-54.96338100622990,109.9267620124598,-46.35355113427158,-8.609829871958349
70,3,10,-37.74372126231240,75.48744252462480,-18.87186063115620,-18.87186063115620
71,1,784,.000000000000000,.000000000000000,-27.31614664172397,27.31614664172397
71,2,256,-54.63229328344703,109.2645865668941,-45.89472499180440,-8.737568291642676
71,3,10,-37.15715670016088,74.31431340032177,-18.57857835008044,-18.57857835008044
72,1,784,.000000000000000,.000000000000000,-27.66468637682081,27.66468637682081
72,2,256,-55.32937275364087,110.6587455072817,-45.99488314963004,-9.334489604010789
72,3,10,-36.66039354561843,73.32078709123687,-18.33019677280922,-18.33019677280921
73,1,784,.000000000000000,.000000000000000,-27.63125081605400,27.63125081605400
73,2,256,-55.26250163210710,110.5250032642142,-45.88905141767875,-9.373450214428358
73,3,10,-36.51560120324956,73.03120240649912,-18.25780060162478,-18.25780060162478
74,1,784,.000000000000000,.000000000000000,-27.35854813518130,27.35854813518130
74,2,256,-54.71709627036174,109.4341925407235,-46.40622068744997,-8.310875582911768
74,3,10,-38.09534510453739,76.19069020907477,-19.04767255226869,-19.04767255226870
75,1,784,.000000000000000,.000000000000000,-27.17244715731665,27.17244715731665
75,2,256,-54.34489431463248,108.6897886292650,-46.40678592232122,-7.938108392311316
75,3,10,-38.46867753000905,76.93735506001809,-19.23433876500452,-19.23433876500452
76,1,784,.000000000000000,.000000000000000,-27.26482310859453,27.26482310859453
76,2,256,-54.52964621718822,109.0592924343764,-46.47982541278874,-8.049820804399445
76,3,10,-38.43000460838847,76.86000921677694,-19.21500230419424,-19.21500230419423
77,1,784,.000000000000000,.000000000000000,-27.85009231523563,27.85009231523563
77,2,256,-55.70018463047045,111.4003692609409,-46.03055826365916,-9.669626366811334
77,3,10,-36.36093189684699,72.72186379369398,-18.18046594842350,-18.18046594842349
78,1,784,.000000000000000,.000000000000000,-27.52191113658421,27.52191113658421
78,2,256,-55.04382227316757,110.0876445463351,-45.85281484940296,-9.191007423764654
78,3,10,-36.66180742563743,73.32361485127487,-18.33090371281871,-18.33090371281872
79,1,784,.000000000000000,.000000000000000,-27.93112461339593,27.93112461339593
79,2,256,-55.86224922679101,111.7244984535820,-45.76391001582308,-10.09833921096794
79,3,10,-35.66557080485431,71.33114160970862,-17.83278540242716,-17.83278540242716
80,1,784,.000000000000000,.000000000000000,-27.33574078131997,27.33574078131997
80,2,256,-54.67148156263919,109.3429631252784,-46.24275179697898,-8.428729765660208
80,3,10,-37.81402203131792,75.62804406263584,-18.90701101565897,-18.90701101565896
81,1,784,.000000000000000,.000000000000000,-27.51706214900991,27.51706214900991
81,2,256,-55.03412429801897,110.0682485960379,-46.48272367637535,-8.551400621643602
81,3,10,-37.93132305473092,75.86264610946185,-18.96566152736546,-18.96566152736546
82,1,784,.000000000000000,.000000000000000,-27.39515332601396,27.39515332601396
82,2,256,-54.79030665202703,109.5806133040541,-46.27932852186380,-8.510978130163252
82,3,10,-37.76835039169971,75.53670078339943,-18.88417519584986,-18.88417519584985
83,1,784,.000000000000000,.000000000000000,-27.45516892366387,27.45516892366387
83,2,256,-54.91033784732689,109.8206756946538,-46.11977403073712,-8.790563816589739
83,3,10,-37.32921021414657,74.65842042829314,-18.66460510707329,-18.66460510707328
84,1,784,.000000000000000,.000000000000000,-27.65830010537881,27.65830010537881
84,2,256,-55.31660021075678,110.6332004215136,-45.92035657775335,-9.396243633003399
84,3,10,-36.52411294474913,73.04822588949826,-18.26205647237456,-18.26205647237456
85,1,784,.000000000000000,.000000000000000,-27.46404915110325,27.46404915110325
85,2,256,-54.92809830220572,109.8561966044114,-46.14159766847420,-8.786500633731507
85,3,10,-37.35509703474189,74.71019406948378,-18.67754851737094,-18.67754851737094
86,1,784,.000000000000000,.000000000000000,-27.70530370359127,27.70530370359127
86,2,256,-55.41060740718172,110.8212148143634,-46.12522928301397,-9.285378124167723
86,3,10,-36.83985115884548,73.67970231769097,-18.41992557942274,-18.41992557942274
87,1,784,.000000000000000,.000000000000000,-27.57802007849007,27.57802007849007
87,2,256,-55.15604015697931,110.3120803139586,-46.26728537990159,-8.888754777077708
87,3,10,-37.37853060282306,74.75706120564612,-18.68926530141153,-18.68926530141153
88,1,784,.000000000000000,.000000000000000,-27.72648014884074,27.72648014884074
88,2,256,-55.45296029768070,110.9059205953614,-45.79702207248783,-9.655938225192857
88,3,10,-36.14108384729415,72.28216769458830,-18.07054192364707,-18.07054192364708
89,1,784,.000000000000000,.000000000000000,-27.39756308988290,27.39756308988290
89,2,256,-54.79512617976505,109.5902523595301,-46.26779478313761,-8.527331396627428
89,3,10,-37.74046338650937,75.48092677301874,-18.87023169325469,-18.87023169325468
90,1,784,.000000000000000,.000000000000000,-27.78190393313385,27.78190393313385
90,2,256,-55.56380786626696,111.1276157325339,-45.78705484347459,-9.776753022792388
90,3,10,-36.01030182068140,72.02060364136280,-18.00515091034070,-18.00515091034070
91,1,784,.000000000000000,.000000000000000,-27.67019111135223,27.67019111135223
91,2,256,-55.34038222270368,110.6807644454074,-45.83254738288191,-9.507834839821792
91,3,10,-36.32471254305925,72.64942508611850,-18.16235627152962,-18.16235627152962
92,1,784,.000000000000000,.000000000000000,-27.35640561785445,27.35640561785445
92,2,256,-54.71281123570805,109.4256224714161,-46.13055780443749,-8.582253431270546
92,3,10,-37.54830437316616,75.09660874633232,-18.77415218658308,-18.77415218658308
93,1,784,.000000000000000,.000000000000000,-27.62461339717470,27.62461339717470
93,2,256,-55.24922679434867,110.4984535886973,-45.96100074160896,-9.288226052739704
93,3,10,-36.67277468886844,73.34554937773689,-18.33638734443423,-18.33638734443421
94,1,784,.000000000000000,.000000000000000,-27.50018701987650,27.50018701987650
94,2,256,-55.00037403975224,110.0007480795045,-46.30084360768434,-8.699530432067849
94,3,10,-37.60131317561569,75.20262635123137,-18.80065658780784,-18.80065658780784
95,1,784,.000000000000000,.000000000000000,-27.50202367481543,27.50202367481543
95,2,256,-55.00404734963009,110.0080946992602,-46.32190610818686,-8.682141241443194
95,3,10,-37.63976486674282,75.27952973348563,-18.81988243337141,-18.81988243337141
96,1,784,.000000000000000,.000000000000000,-27.56774049982275,27.56774049982275
96,2,256,-55.13548099964476,110.2709619992895,-46.20365849259726,-8.931822507047515
96,3,10,-37.27183598554890,74.54367197109781,-18.63591799277444,-18.63591799277446
97,1,784,.000000000000000,.000000000000000,-28.14182019212812,28.14182019212812
97,2,256,-56.28364038425538,112.5672807685108,-45.98336505732540,-10.30027532692996
97,3,10,-35.68308973039463,71.36617946078927,-17.84154486519732,-17.84154486519732
98,1,784,.000000000000000,.000000000000000,-27.67284331341208,27.67284331341208
98,2,256,-55.34568662682345,110.6913732536469,-45.83831851282827,-9.507368113995158
98,3,10,-36.33095039883230,72.66190079766460,-18.16547519941615,-18.16547519941616
99,1,784,.000000000000000,.000000000000000,-27.51885339112981,27.51885339112981
99,2,256,-55.03770678225882,110.0754135645176,-46.24697426513570,-8.790732517123123
99,3,10,-37.45624174801173,74.91248349602346,-18.72812087400586,-18.72812087400586
100,1,784,.000000000000000,.000000000000000,-27.43764446053687,27.43764446053687
100,2,256,-54.87528892107298,109.7505778421460,-46.26707446129791,-8.608214459775034
100,3,10,-37.65886000152206,75.31772000304412,-18.82943000076103,-18.82943000076104
101,1,784,.000000000000000,.000000000000000,-27.21855066558990,27.21855066558990
101,2,256,-54.43710133117890,108.8742026623578,-46.65330833703144,-7.783792994147480
101,3,10,-38.86951534288313,77.73903068576627,-19.43475767144157,-19.43475767144157
102,1,784,.000000000000000,.000000000000000,-27.53517395472118,27.53517395472118
102,2,256,-55.07034790944160,110.1406958188832,-46.09091604880716,-8.979431860634429
102,3,10,-37.11148418817189,74.22296837634377,-18.55574209408595,-18.55574209408593
103,1,784,.000000000000000,.000000000000000,-27.57511230513060,27.57511230513060
103,2,256,-55.15022461026037,110.3004492205207,-46.06853740899760,-9.081687201262776
103,3,10,-36.98685020773399,73.97370041546799,-18.49342510386700,-18.49342510386699
104,1,784,.000000000000000,.000000000000000,-27.39754282634368,27.39754282634368
104,2,256,-54.79508565268660,109.5901713053732,-46.57600427348183,-8.219081379204765
104,3,10,-38.35692289427624,76.71384578855248,-19.17846144713812,-19.17846144713812
105,1,784,.000000000000000,.000000000000000,-27.80597918517203,27.80597918517203
105,2,256,-55.61195837034319,111.2239167406864,-46.09517264449573,-9.516785725847489
105,3,10,-36.57838691864740,73.15677383729479,-18.28919345932369,-18.28919345932370
106,1,784,.000000000000000,.000000000000000,-27.73386917368144,27.73386917368144
106,2,256,-55.46773834736205,110.9354766947241,-45.87115866409751,-9.596579683264530
106,3,10,-36.27457898083210,72.54915796166419,-18.13728949041605,-18.13728949041604
107,1,784,.000000000000000,.000000000000000,-27.81618451994191,27.81618451994191
107,2,256,-55.63236903988304,111.2647380797661,-46.14076415848870,-9.491604881394354
107,3,10,-36.64915927709345,73.29831855418691,-18.32457963854673,-18.32457963854673
108,1,784,.000000000000000,.000000000000000,-27.25874462174056,27.25874462174056
108,2,256,-54.51748924348033,109.0349784869607,-46.22005540867219,-8.297433834808137
108,3,10,-37.92262157386323,75.84524314772646,-18.96131078693161,-18.96131078693162
109,1,784,.000000000000000,.000000000000000,-27.57860885023815,27.57860885023815
109,2,256,-55.15721770047550,110.3144354009510,-46.11150899413303,-9.045708706342440
109,3,10,-37.06580028778978,74.13160057557957,-18.53290014389489,-18.53290014389490
110,1,784,.000000000000000,.000000000000000,-27.54677338420088,27.54677338420088
110,2,256,-55.09354676840094,110.1870935368019,-46.30173056659514,-8.791816201805831
110,3,10,-37.50991436478844,75.01982872957689,-18.75495718239423,-18.75495718239422
111,1,784,.000000000000000,.000000000000000,-27.27970808599948,27.27970808599948
111,2,256,-54.55941617199806,109.1188323439961,-46.36450122041526,-8.194914951582856
111,3,10,-38.16958626883152,76.33917253766303,-19.08479313441577,-19.08479313441575
112,1,784,.000000000000000,.000000000000000,-27.56358653156168,27.56358653156168
112,2,256,-55.12717306312242,110.2543461262448,-46.34093834728556,-8.786234715836873
112,3,10,-37.55470363144785,75.10940726289570,-18.77735181572392,-18.77735181572393
113,1,784,.000000000000000,.000000000000000,-27.58340399465185,27.58340399465185
113,2,256,-55.16680798930287,110.3336159786057,-46.25736122100162,-8.909446768301210
113,3,10,-37.34791445269958,74.69582890539915,-18.67395722634979,-18.67395722634979
114,1,784,.000000000000000,.000000000000000,-27.65625521125133,27.65625521125133
114,2,256,-55.31251042250181,110.6250208450036,-46.23538080752745,-9.077129614974396
114,3,10,-37.15825119255224,74.31650238510449,-18.57912559627612,-18.57912559627612
115,1,784,.000000000000000,.000000000000000,-27.85255024609474,27.85255024609474
115,2,256,-55.70510049218859,111.4102009843772,-45.77114981708149,-9.933950675107146
115,3,10,-35.83719914197346,71.67439828394691,-17.91859957098672,-17.91859957098673
116,1,784,.000000000000000,.000000000000000,-27.54145409887436,27.54145409887436
116,2,256,-55.08290819774777,110.1658163954955,-46.17301286388975,-8.909895333858074
116,3,10,-37.26311753003080,74.52623506006161,-18.63155876501540,-18.63155876501541
117,1,784,.000000000000000,.000000000000000,-27.66719401606602,27.66719401606602
117,2,256,-55.33438803213118,110.6687760642624,-46.13784787960937,-9.196540152521786
117,3,10,-36.94130772708674,73.88261545417348,-18.47065386354337,-18.47065386354337
118,1,784,.000000000000000,.000000000000000,-27.70967791955735,27.70967791955735
118,2,256,-55.41935583911395,110.8387116782279,-45.90538269995800,-9.513973139155940
118,3,10,-36.39140956080119,72.78281912160239,-18.19570478040061,-18.19570478040059
119,1,784,.000000000000000,.000000000000000,-27.22410944065846,27.22410944065846
119,2,256,-54.44821888131609,108.8964377626322,-46.38953858237434,-8.058680298941724
119,3,10,-38.33085828343184,76.66171656686367,-19.16542914171591,-19.16542914171592
120,1,784,.000000000000000,.000000000000000,-27.28660189949446,27.28660189949446
120,2,256,-54.57320379898808,109.1464075979762,-46.24845825695415,-8.324745542033954
120,3,10,-37.92371271491936,75.84742542983872,-18.96185635745968,-18.96185635745968
121,1,784,.000000000000000,.000000000000000,-27.63160763920259,27.63160763920259
121,2,256,-55.26321527840432,110.5264305568086,-46.03240183155400,-9.230813446850275
121,3,10,-36.80158838470292,73.60317676940583,-18.40079419235146,-18.40079419235146
122,1,784,.000000000000000,.000000000000000,-27.43813618554196,27.43813618554196
122,2,256,-54.87627237108306,109.7525447421661,-46.45081312019868,-8.425459250884437
122,3,10,-38.02535386931339,76.05070773862678,-19.01267693465670,-19.01267693465669
123,1,784,.000000000000000,.000000000000000,-27.41450843922164,27.41450843922164
123,2,256,-54.82901687844245,109.6580337568849,-46.06735079384876,-8.761666084593696
123,3,10,-37.30568470925427,74.61136941850853,-18.65284235462713,-18.65284235462714
124,1,784,.000000000000000,.000000000000000,-27.34335460876173,27.34335460876173
124,2,256,-54.68670921752263,109.3734184350453,-46.13547483270190,-8.551234384820745
124,3,10,-37.58424044788030,75.16848089576060,-18.79212022394015,-18.79212022394015
125,1,784,.000000000000000,.000000000000000,-28.00636930322666,28.00636930322666
125,2,256,-56.01273860645244,112.0254772129049,-46.00488154949997,-10.00785705695255
125,3,10,-35.99702449254657,71.99404898509314,-17.99851224627328,-17.99851224627329
126,1,784,.000000000000000,.000000000000000,-28.09600484166865,28.09600484166865
126,2,256,-56.19200968333652,112.3840193666730,-45.65524204778473,-10.53676763555175
126,3,10,-35.11847441223217,70.23694882446435,-17.55923720611608,-17.55923720611609
127,1,784,.000000000000000,.000000000000000,-27.78362675821461,27.78362675821461
127,2,256,-55.56725351642845,111.1345070328569,-45.94396863669370,-9.623284879734733
127,3,10,-36.32068375695812,72.64136751391624,-18.16034187847906,-18.16034187847906
128,1,784,.000000000000000,.000000000000000,-27.23942816205910,27.23942816205910
128,2,256,-54.47885632411733,108.9577126482347,-46.35974535290269,-8.119110971214662
128,3,10,-38.24063438168714,76.48126876337429,-19.12031719084358,-19.12031719084356
129,1,784,.000000000000000,.000000000000000,-27.65867261927367,27.65867261927367
129,2,256,-55.31734523854652,110.6346904770930,-46.36045693889987,-8.956888299646646
129,3,10,-37.40356863925241,74.80713727850483,-18.70178431962620,-18.70178431962621
130,1,784,.000000000000000,.000000000000000,-28.08890419325223,28.08890419325223
130,2,256,-56.17780838650367,112.3556167730073,-45.63369846683702,-10.54410991966665
130,3,10,-35.08958854716953,70.17917709433905,-17.54479427358477,-17.54479427358476
131,1,784,.000000000000000,.000000000000000,-27.30609385798665,27.30609385798665
131,2,256,-54.61218771597250,109.2243754319450,-46.24866328744211,-8.363524428530392
131,3,10,-37.88513885891088,75.77027771782176,-18.94256942945545,-18.94256942945543
132,1,784,.000000000000000,.000000000000000,-27.65632943530272,27.65632943530272
132,2,256,-55.31265887060457,110.6253177412091,-46.06302165824951,-9.249637212355063
132,3,10,-36.81338444589362,73.62676889178724,-18.40669222294681,-18.40669222294681
133,1,784,.000000000000000,.000000000000000,-27.39747016817084,27.39747016817084
133,2,256,-54.79494033634092,109.5898806726818,-46.48454427961339,-8.310396056727562
133,3,10,-38.17414822288502,76.34829644577003,-19.08707411144250,-19.08707411144250
134,1,784,.000000000000000,.000000000000000,-27.41705072541345,27.41705072541345
134,2,256,-54.83410145082601,109.6682029016520,-45.89457344156027,-8.939528009265787
134,3,10,-36.95504543229365,73.91009086458730,-18.47752271614682,-18.47752271614683
135,1,784,.000000000000000,.000000000000000,-27.45730886856944,27.45730886856944
135,2,256,-54.91461773713797,109.8292354742759,-46.34627727488783,-8.568340462250099
135,3,10,-37.77793681263693,75.55587362527386,-18.88896840631846,-18.88896840631848
136,1,784,.000000000000000,.000000000000000,-27.31459725584204,27.31459725584204
136,2,256,-54.62919451168327,109.2583890233665,-46.12381031650060,-8.505384195182678
136,3,10,-37.61842612131712,75.23685224263424,-18.80921306065856,-18.80921306065855
137,1,784,.000000000000000,.000000000000000,-27.55557160879744,27.55557160879744
137,2,256,-55.11114321759405,110.2222864351881,-46.37156363587724,-8.739579581716770
137,3,10,-37.63198405415964,75.26396810831929,-18.81599202707982,-18.81599202707982
138,1,784,.000000000000000,.000000000000000,-27.82490643826877,27.82490643826877
138,2,256,-55.64981287653674,111.2996257530735,-45.95342718119533,-9.696385695341373
138,3,10,-36.25704148585316,72.51408297170632,-18.12852074292658,-18.12852074292658
139,1,784,.000000000000000,.000000000000000,-27.92446589216675,27.92446589216675
139,2,256,-55.84893178433273,111.6978635686655,-45.86151291399585,-9.987418870336844
139,3,10,-35.87409404365822,71.74818808731644,-17.93704702182910,-17.93704702182911
140,1,784,.000000000000000,.000000000000000,-27.51766444773410,27.51766444773410
140,2,256,-55.03532889546749,110.0706577909350,-46.05328249029329,-8.982046405174199
140,3,10,-37.07123608511827,74.14247217023653,-18.53561804255913,-18.53561804255913
141,1,784,.000000000000000,.000000000000000,-27.66473791953452,27.66473791953452
141,2,256,-55.32947583906824,110.6589516781365,-46.33444586558378,-8.995029973484433
141,3,10,-37.33941589209855,74.67883178419710,-18.66970794604927,-18.66970794604928
142,1,784,.000000000000000,.000000000000000,-27.56678532250150,27.56678532250150
142,2,256,-55.13357064500213,110.2671412900043,-46.28697354947523,-8.846597095526953
142,3,10,-37.44037645394747,74.88075290789493,-18.72018822697373,-18.72018822697373
143,1,784,.000000000000000,.000000000000000,-27.75398436904283,27.75398436904283
143,2,256,-55.50796873808486,111.0159374761697,-45.98738647165181,-9.520582266433026
143,3,10,-36.46680420521797,72.93360841043594,-18.23340210260898,-18.23340210260898
144,1,784,.000000000000000,.000000000000000,-27.65866127224505,27.65866127224505
144,2,256,-55.31732254448927,110.6346450889785,-45.71650443458481,-9.600818109904466
144,3,10,-36.11568632467949,72.23137264935897,-18.05784316233975,-18.05784316233974
145,1,784,.000000000000000,.000000000000000,-27.30430108148805,27.30430108148805
145,2,256,-54.60860216297532,109.2172043259506,-46.64133593451371,-7.967266228461588
145,3,10,-38.67406970605131,77.34813941210263,-19.33703485302565,-19.33703485302566
146,1,784,.000000000000000,.000000000000000,-27.56317366877192,27.56317366877192
146,2,256,-55.12634733754306,110.2526946750861,-45.93995575219613,-9.186391585346954
146,3,10,-36.75356416684834,73.50712833369668,-18.37678208342416,-18.37678208342417
147,1,784,.000000000000000,.000000000000000,-27.42015399759014,27.42015399759014
147,2,256,-54.84030799517944,109.6806159903589,-46.34951198987122,-8.490796005308285
147,3,10,-37.85871598456203,75.71743196912406,-18.92935799228102,-18.92935799228101
148,1,784,.000000000000000,.000000000000000,-27.47245384558664,27.47245384558664
148,2,256,-54.94490769117245,109.8898153823449,-46.38108296028242,-8.563824730890031
148,3,10,-37.81725822939152,75.63451645878304,-18.90862911469578,-18.90862911469575
149,1,784,.000000000000000,.000000000000000,-27.54606024248721,27.54606024248721
149,2,256,-55.09212048497354,110.1842409699471,-46.25497971685600,-8.837140768117589
149,3,10,-37.41783894873756,74.83567789747512,-18.70891947436878,-18.70891947436878
150,1,784,.000000000000000,.000000000000000,-27.63881654928280,27.63881654928280
150,2,256,-55.27763309856483,110.5552661971297,-45.92688335354570,-9.350749745019121
150,3,10,-36.57613360852574,73.15226721705149,-18.28806680426288,-18.28806680426287
151,1,784,.000000000000000,.000000000000000,-27.88725184147971,27.88725184147971
151,2,256,-55.77450368295856,111.5490073659171,-45.70850708862515,-10.06599659433343
151,3,10,-35.64251049429091,71.28502098858182,-17.82125524714545,-17.82125524714546
152,1,784,.000000000000000,.000000000000000,-27.94099008103089,27.94099008103089
152,2,256,-55.88198016206098,111.7639603241220,-46.02023644079615,-9.861743721264832
152,3,10,-36.15849271953051,72.31698543906103,-18.07924635976525,-18.07924635976526
153,1,784,.000000000000000,.000000000000000,-27.76943274089527,27.76943274089527
153,2,256,-55.53886548178973,111.0777309635795,-45.87176884466649,-9.667096637123306
153,3,10,-36.20467220754231,72.40934441508462,-18.10233610377115,-18.10233610377116
154,1,784,.000000000000000,.000000000000000,-27.52466223022814,27.52466223022814
154,2,256,-55.04932446045541,110.0986489209108,-46.24061792488564,-8.808706535569794
154,3,10,-37.43191138931500,74.86382277863001,-18.71595569465750,-18.71595569465751
155,1,784,.000000000000000,.000000000000000,-27.55587632451711,27.55587632451711
155,2,256,-55.11175264903336,110.2235052980667,-46.24886624263406,-8.862886406399330
155,3,10,-37.38597983623384,74.77195967246767,-18.69298991811693,-18.69298991811691
156,1,784,.000000000000000,.000000000000000,-27.96694407011825,27.96694407011825
156,2,256,-55.93388814023567,111.8677762804713,-45.66169305433254,-10.27219508590312
156,3,10,-35.38949796842861,70.77899593685721,-17.69474898421430,-17.69474898421430
157,1,784,.000000000000000,.000000000000000,-27.15240307133050,27.15240307133050
157,2,256,-54.30480614266018,108.6096122853204,-46.36942931967032,-7.935376822989865
157,3,10,-38.43405249667963,76.86810499335925,-19.21702624833981,-19.21702624833982
158,1,784,.000000000000000,.000000000000000,-27.60539055972530,27.60539055972530
158,2,256,-55.21078111944975,110.4215622388995,-46.17085234204995,-9.039928777399759
158,3,10,-37.13092356464936,74.26184712929873,-18.56546178232469,-18.56546178232468
159,1,784,.000000000000000,.000000000000000,-27.49586478744030,27.49586478744030
159,2,256,-54.99172957487986,109.9834591497597,-46.17043181276617,-8.821297762113648
159,3,10,-37.34913405065171,74.69826810130341,-18.67456702532585,-18.67456702532585
160,1,784,.000000000000000,.000000000000000,-27.45548133130952,27.45548133130952
160,2,256,-54.91096266261827,109.8219253252365,-46.16303032876494,-8.747932333853308
160,3,10,-37.41509799491082,74.83019598982163,-18.70754899745541,-18.70754899745540
161,1,784,.000000000000000,.000000000000000,-27.43860441475431,27.43860441475431
161,2,256,-54.87720882950778,109.7544176590156,-46.25664656263493,-8.620562266872858
161,3,10,-37.63608429576125,75.27216859152250,-18.81804214788062,-18.81804214788064
162,1,784,.000000000000000,.000000000000000,-27.27309009807907,27.27309009807907
162,2,256,-54.54618019615729,109.0923603923146,-46.63045788319000,-7.915722312967383
162,3,10,-38.71473557022174,77.42947114044348,-19.35736778511087,-19.35736778511087
163,1,784,.000000000000000,.000000000000000,-27.26850161039052,27.26850161039052
163,2,256,-54.53700322078016,109.0740064415603,-46.30328217489963,-8.233721045880561
163,3,10,-38.06956112901825,76.13912225803649,-19.03478056450912,-19.03478056450912
164,1,784,.000000000000000,.000000000000000,-27.45316827914644,27.45316827914644
164,2,256,-54.90633655829205,109.8126731165841,-46.14734269060683,-8.758993867685231
164,3,10,-37.38834882292078,74.77669764584155,-18.69417441146038,-18.69417441146040
165,1,784,.000000000000000,.000000000000000,-27.96862573773316,27.96862573773316
165,2,256,-55.93725147546542,111.8745029509308,-45.82140316986614,-10.11584830559928
165,3,10,-35.70555486426606,71.41110972853213,-17.85277743213303,-17.85277743213303
166,1,784,.000000000000000,.000000000000000,-27.40487543926031,27.40487543926031
166,2,256,-54.80975087851982,109.6195017570396,-46.11724359484857,-8.692507283671251
166,3,10,-37.42473631117648,74.84947262235296,-18.71236815558824,-18.71236815558824
167,1,784,.000000000000000,.000000000000000,-27.73112236602329,27.73112236602329
167,2,256,-55.46224473204565,110.9244894640913,-45.95882133556405,-9.503423396481621
167,3,10,-36.45539793908162,72.91079587816324,-18.22769896954081,-18.22769896954081
168,1,784,.000000000000000,.000000000000000,-27.29203007624371,27.29203007624371
168,2,256,-54.58406015248659,109.1681203049732,-46.27162858991560,-8.312431562570982
168,3,10,-37.95919702734378,75.91839405468757,-18.97959851367190,-18.97959851367190
169,1,784,.000000000000000,.000000000000000,-27.40459570182309,27.40459570182309
169,2,256,-54.80919140364539,109.6183828072908,-46.10063272080470,-8.708558682840668
169,3,10,-37.39207403796317,74.78414807592634,-18.69603701898159,-18.69603701898158
170,1,784,.000000000000000,.000000000000000,-27.11074771231249,27.11074771231249
170,2,256,-54.22149542462405,108.4429908492481,-46.50444068657480,-7.717054738049300
170,3,10,-38.78738594852463,77.57477189704926,-19.39369297426232,-19.39369297426231
171,1,784,.000000000000000,.000000000000000,-27.47032775368002,27.47032775368002
171,2,256,-54.94065550735922,109.8813110147184,-46.37507949907003,-8.565576008289147
171,3,10,-37.80950349078005,75.61900698156009,-18.90475174539003,-18.90475174539002
172,1,784,.000000000000000,.000000000000000,-27.86251357271298,27.86251357271298
172,2,256,-55.72502714542515,111.4500542908503,-45.77051934014660,-9.954507805278519
172,3,10,-35.81601153486730,71.63202306973460,-17.90800576743365,-17.90800576743365
173,1,784,.000000000000000,.000000000000000,-27.41139281033975,27.41139281033975
173,2,256,-54.82278562067870,109.6455712413574,-46.16208550395705,-8.660700116721632
173,3,10,-37.50138538723458,75.00277077446917,-18.75069269361729,-18.75069269361729
174,1,784,.000000000000000,.000000000000000,-27.45356863269192,27.45356863269192
174,2,256,-54.90713726538303,109.8142745307661,-46.51640103531311,-8.390736230069905
174,3,10,-38.12566480524237,76.25132961048473,-19.06283240262118,-19.06283240262118
175,1,784,.000000000000000,.000000000000000,-27.59859134590913,27.59859134590913
175,2,256,-55.19718269181746,110.3943653836349,-45.69298052201803,-9.504202169799409
175,3,10,-36.18877835221777,72.37755670443553,-18.09438917610888,-18.09438917610888
176,1,784,.000000000000000,.000000000000000,-27.37813559683896,27.37813559683896
176,2,256,-54.75627119367700,109.5125423873540,-46.42116744104876,-8.335103752628250
176,3,10,-38.08606368841969,76.17212737683938,-19.04303184420985,-19.04303184420984
177,1,784,.000000000000000,.000000000000000,-27.45404578067143,27.45404578067143
177,2,256,-54.90809156134209,109.8161831226842,-46.08118565062890,-8.826905910713229
177,3,10,-37.25427973991483,74.50855947982966,-18.62713986995741,-18.62713986995742
178,1,784,.000000000000000,.000000000000000,-27.64329170092287,27.64329170092287
178,2,256,-55.28658340184494,110.5731668036899,-45.87816945720238,-9.408413944642607
178,3,10,-36.46975551255890,72.93951102511780,-18.23487775627945,-18.23487775627945
179,1,784,.000000000000000,.000000000000000,-27.30935155164600,27.30935155164600
179,2,256,-54.61870310329118,109.2374062065824,-46.28515076260463,-8.333552340686520
179,3,10,-37.95159842191732,75.90319684383464,-18.97579921095866,-18.97579921095866
180,1,784,.000000000000000,.000000000000000,-27.41610367817480,27.41610367817480
180,2,256,-54.83220735634879,109.6644147126976,-46.52337754577534,-8.308829810573425
180,3,10,-38.21454773520112,76.42909547040225,-19.10727386760056,-19.10727386760057
181,1,784,.000000000000000,.000000000000000,-27.70616906510401,27.70616906510401
181,2,256,-55.41233813020718,110.8246762604144,-45.75056617259713,-9.661771957610073
181,3,10,-36.08879421498623,72.17758842997246,-18.04439710749311,-18.04439710749312
182,1,784,.000000000000000,.000000000000000,-27.72514161529497,27.72514161529497
182,2,256,-55.45028323058912,110.9005664611782,-46.07015362245763,-9.380129608131480
182,3,10,-36.69002401432536,73.38004802865072,-18.34501200716268,-18.34501200716268
183,1,784,.000000000000000,.000000000000000,-27.89304840210622,27.89304840210622
183,2,256,-55.78609680421154,111.5721936084231,-45.94379666328240,-9.842300140929162
183,3,10,-36.10149652235237,72.20299304470474,-18.05074826117619,-18.05074826117618
184,1,784,.000000000000000,.000000000000000,-27.60152769846669,27.60152769846669
184,2,256,-55.20305539693258,110.4061107938652,-45.85114568325119,-9.351909713681382
184,3,10,-36.49923596956896,72.99847193913793,-18.24961798478449,-18.24961798478448
185,1,784,.000000000000000,.000000000000000,-27.52425876901049,27.52425876901049
185,2,256,-55.04851753802019,110.0970350760404,-46.04343373728640,-9.005083800733775
185,3,10,-37.03834993655177,74.07669987310354,-18.51917496827589,-18.51917496827588
186,1,784,.000000000000000,.000000000000000,-27.62076775218112,27.62076775218112
186,2,256,-55.24153550436136,110.4830710087227,-46.16105118213957,-9.080484322221858
186,3,10,-37.08056685991682,74.16113371983364,-18.54028342995841,-18.54028342995842
187,1,784,.000000000000000,.000000000000000,-27.38722894175969,27.38722894175969
187,2,256,-54.77445788351860,109.5489157670372,-46.26872526505919,-8.505732618459424
187,3,10,-37.76299264659891,75.52598529319782,-18.88149632329945,-18.88149632329946
188,1,784,.000000000000000,.000000000000000,-27.23227003290604,27.23227003290604
188,2,256,-54.46454006581128,108.9290801316226,-46.01416859402206,-8.450371471789257
188,3,10,-37.56379712223195,75.12759424446391,-18.78189856111597,-18.78189856111598
189,1,784,.000000000000000,.000000000000000,-27.53407219724645,27.53407219724645
189,2,256,-55.06814439449201,110.1362887889840,-46.05523042171758,-9.012913972774410
189,3,10,-37.04231644894235,74.08463289788470,-18.52115822447118,-18.52115822447118
190,1,784,.000000000000000,.000000000000000,-27.64901713490814,27.64901713490814
190,2,256,-55.29803426981541,110.5960685396308,-46.07361050014706,-9.224423769668347
190,3,10,-36.84918673047790,73.69837346095579,-18.42459336523894,-18.42459336523895
191,1,784,.000000000000000,.000000000000000,-27.35671144240789,27.35671144240789
191,2,256,-54.71342288481497,109.4268457696299,-46.26590275977114,-8.447520125043834
191,3,10,-37.81838263472648,75.63676526945295,-18.90919131736324,-18.90919131736324
192,1,784,.000000000000000,.000000000000000,-27.50519955588503,27.50519955588503
192,2,256,-55.01039911176915,110.0207982235383,-46.23892845333409,-8.771470658435048
192,3,10,-37.46745779489824,74.93491558979647,-18.73372889744912,-18.73372889744912
193,1,784,.000000000000000,.000000000000000,-27.39563268502473,27.39563268502473
193,2,256,-54.79126537004869,109.5825307400974,-46.26933636879056,-8.521929001258096
193,3,10,-37.74740736753165,75.49481473506330,-18.87370368376581,-18.87370368376583
194,1,784,.000000000000000,.000000000000000,-27.28002117483171,27.28002117483171
194,2,256,-54.56004234966260,109.1200846993252,-46.23459110117084,-8.325451248491714
194,3,10,-37.90913985267834,75.81827970535667,-18.95456992633916,-18.95456992633917
195,1,784,.000000000000000,.000000000000000,-27.39238977786964,27.39238977786964
195,2,256,-54.78477955573843,109.5695591114769,-46.18282723159520,-8.601952324143211
195,3,10,-37.58087490745118,75.16174981490235,-18.79043745372559,-18.79043745372559
196,1,784,.000000000000000,.000000000000000,-27.60500341790367,27.60500341790367
196,2,256,-55.21000683580652,110.4200136716130,-46.17453967379215,-9.035467162014342
196,3,10,-37.13907251177697,74.27814502355393,-18.56953625588849,-18.56953625588847
197,1,784,.000000000000000,.000000000000000,-27.28118505366805,27.28118505366805
197,2,256,-54.56237010733527,109.1247402146705,-46.40804189604089,-8.154328211294404
197,3,10,-38.25371368474567,76.50742736949134,-19.12685684237283,-19.12685684237283
198,1,784,.000000000000000,.000000000000000,-27.26016422584774,27.26016422584774
198,2,256,-54.52032845169473,109.0406569033895,-46.39609651546555,-8.124231936229155
198,3,10,-38.27186457923557,76.54372915847114,-19.13593228961778,-19.13593228961779
199,1,784,.000000000000000,.000000000000000,-27.34444790989815,27.34444790989815
199,2,256,-54.68889581979553,109.3777916395911,-46.29392723539722,-8.394968584398287
199,3,10,-37.89895865099812,75.79791730199624,-18.94947932549905,-18.94947932549906
200,1,784,.000000000000000,.000000000000000,-27.62647990792980,27.62647990792980
200,2,256,-55.25295981585880,110.5059196317176,-45.73137110856474,-9.521588707294031
200,3,10,-36.20978240126992,72.41956480253984,-18.10489120063496,-18.10489120063496
201,1,784,.000000000000000,.000000000000000,-27.36458446632427,27.36458446632427
201,2,256,-54.72916893264777,109.4583378652955,-46.35078817117000,-8.378380761477812
201,3,10,-37.97240740969136,75.94481481938271,-18.98620370484569,-18.98620370484567
202,1,784,.000000000000000,.000000000000000,-27.66748170328036,27.66748170328036
202,2,256,-55.33496340655988,110.6699268131198,-45.94092715179144,-9.394036254768473
202,3,10,-36.54689089702214,73.09378179404428,-18.27344544851107,-18.27344544851108
203,1,784,.000000000000000,.000000000000000,-27.18441507368825,27.18441507368825
203,2,256,-54.36883014737567,108.7376602947513,-46.32415798579861,-8.044672161577074
203,3,10,-38.27948582422065,76.55897164844130,-19.13974291211033,-19.13974291211032
204,1,784,.000000000000000,.000000000000000,-27.48589633494977,27.48589633494977
204,2,256,-54.97179266989873,109.9435853397975,-45.95719253735938,-9.014600132539316
204,3,10,-36.94259240481924,73.88518480963849,-18.47129620240963,-18.47129620240962
205,1,784,.000000000000000,.000000000000000,-27.15633708065207,27.15633708065207
205,2,256,-54.31267416130328,108.6253483226066,-46.47816998673216,-7.834504174571129
205,3,10,-38.64366581216019,77.28733162432037,-19.32183290608009,-19.32183290608010
206,1,784,.000000000000000,.000000000000000,-27.14149434547931,27.14149434547931
206,2,256,-54.28298869095775,108.5659773819155,-46.46067198150427,-7.822316709453483
206,3,10,-38.63835527204995,77.27671054409990,-19.31917763602498,-19.31917763602497
207,1,784,.000000000000000,.000000000000000,-27.36740102823600,27.36740102823600
207,2,256,-54.73480205647116,109.4696041129423,-46.22238697929609,-8.512415077175049
207,3,10,-37.70997190212027,75.41994380424053,-18.85498595106013,-18.85498595106014
208,1,784,.000000000000000,.000000000000000,-27.98676311838158,27.98676311838158
208,2,256,-55.97352623676233,111.9470524735247,-45.55044592673769,-10.42308031002466
208,3,10,-35.12736561671220,70.25473123342441,-17.56368280835609,-17.56368280835611
209,1,784,.000000000000000,.000000000000000,-27.53926743639463,27.53926743639463
209,2,256,-55.07853487278841,110.1570697455768,-45.88930581614097,-9.189229056647427
209,3,10,-36.70007675949270,73.40015351898539,-18.35003837974635,-18.35003837974635
210,1,784,.000000000000000,.000000000000000,-27.49169807616094,27.49169807616094
210,2,256,-54.98339615232108,109.9667923046422,-46.28209238722740,-8.701303765093636
210,3,10,-37.58078862213294,75.16157724426589,-18.79039431106647,-18.79039431106647
211,1,784,.000000000000000,.000000000000000,-27.97355702643059,27.97355702643059
211,2,256,-55.94711405286033,111.8942281057207,-46.15870018803382,-9.788413864826540
211,3,10,-36.37028632320644,72.74057264641287,-18.18514316160322,-18.18514316160321
212,1,784,.000000000000000,.000000000000000,-27.73127469264861,27.73127469264861
212,2,256,-55.46254938529645,110.9250987705929,-45.90728904368778,-9.555260341608644
212,3,10,-36.35202870207831,72.70405740415663,-18.17601435103916,-18.17601435103916
213,1,784,.000000000000000,.000000000000000,-27.42803485419775,27.42803485419775
213,2,256,-54.85606970839469,109.7121394167894,-46.49235007696124,-8.363719631433494
213,3,10,-38.12863044552689,76.25726089105379,-19.06431522276345,-19.06431522276345
214,1,784,.000000000000000,.000000000000000,-27.71717232685108,27.71717232685108
214,2,256,-55.43434465370131,110.8686893074026,-45.95146111464420,-9.482883539057141
214,3,10,-36.46857757558620,72.93715515117239,-18.23428878779310,-18.23428878779309
215,1,784,.000000000000000,.000000000000000,-27.89984929081978,27.89984929081978
215,2,256,-55.79969858163872,111.5993971632774,-45.89376074160164,-9.905937840037071
215,3,10,-35.98782290156372,71.97564580312745,-17.99391145078187,-17.99391145078186
216,1,784,.000000000000000,.000000000000000,-27.61126897049929,27.61126897049929
216,2,256,-55.22253794099781,110.4450758819956,-45.91662311824585,-9.305914822751998
216,3,10,-36.61070829549301,73.22141659098602,-18.30535414774651,-18.30535414774651
217,1,784,.000000000000000,.000000000000000,-27.27624267251088,27.27624267251088
217,2,256,-54.55248534502095,109.1049706900419,-45.94934374929210,-8.603141595728797
217,3,10,-37.34620215356247,74.69240430712495,-18.67310107678124,-18.67310107678123
218,1,784,.000000000000000,.000000000000000,-27.69962610725771,27.69962610725771
218,2,256,-55.39925221451463,110.7985044290293,-45.63527402383967,-9.763978190674923
218,3,10,-35.87129583316395,71.74259166632790,-17.93564791658198,-17.93564791658197
219,1,784,.000000000000000,.000000000000000,-27.20101679216672,27.20101679216672
219,2,256,-54.40203358433261,108.8040671686652,-46.35764989813386,-8.044383686198781
219,3,10,-38.31326621193421,76.62653242386841,-19.15663310596710,-19.15663310596710
220,1,784,.000000000000000,.000000000000000,-27.19184973297806,27.19184973297806
220,2,256,-54.38369946595530,108.7673989319106,-46.45397785641629,-7.929721609539018
220,3,10,-38.52425624687646,77.04851249375292,-19.26212812343822,-19.26212812343824
221,1,784,.000000000000000,.000000000000000,-27.54623641412897,27.54623641412897
221,2,256,-55.09247282825704,110.1849456565141,-46.18735438580972,-8.905118442447362
221,3,10,-37.28223594336156,74.56447188672313,-18.64111797168078,-18.64111797168078
222,1,784,.000000000000000,.000000000000000,-27.77395935014769,27.77395935014769
222,2,256,-55.54791870029451,111.0958374005890,-45.94205602298148,-9.605862677313088
222,3,10,-36.33619334566754,72.67238669133508,-18.16809667283377,-18.16809667283377
223,1,784,.000000000000000,.000000000000000,-27.59677471245799,27.59677471245799
223,2,256,-55.19354942491511,110.3870988498302,-46.16237565987340,-9.031173765041684
223,3,10,-37.13120189483088,74.26240378966176,-18.56560094741544,-18.56560094741544
224,1,784,.000000000000000,.000000000000000,-27.29874255782363,27.29874255782363
224,2,256,-54.59748511564643,109.1949702312929,-46.17901856300871,-8.418466552637705
224,3,10,-37.76055201037020,75.52110402074041,-18.88027600518510,-18.88027600518511
225,1,784,.000000000000000,.000000000000000,-27.45138230906828,27.45138230906828
225,2,256,-54.90276461813574,109.8055292362715,-46.34825586467650,-8.554508753459285
225,3,10,-37.79374711121638,75.58749422243277,-18.89687355560819,-18.89687355560820
226,1,784,.000000000000000,.000000000000000,-27.74598077349527,27.74598077349527
226,2,256,-55.49196154698976,110.9839230939795,-46.26385515110009,-9.228106395889634
226,3,10,-37.03574875520965,74.07149751041929,-18.51787437760482,-18.51787437760482
227,1,784,.000000000000000,.000000000000000,-27.35707414790363,27.35707414790363
227,2,256,-54.71414829580639,109.4282965916128,-46.57405040418126,-8.140097891625160
227,3,10,-38.43395251255522,76.86790502511043,-19.21697625627761,-19.21697625627760
228,1,784,.000000000000000,.000000000000000,-27.92695544413947,27.92695544413947
228,2,256,-55.85391088827810,111.7078217765562,-45.95503598201115,-9.898874906266926
228,3,10,-36.05616107574343,72.11232215148685,-18.02808053787171,-18.02808053787171
229,1,784,.000000000000000,.000000000000000,-27.53396226954884,27.53396226954884
229,2,256,-55.06792453909684,110.1358490781937,-46.01522828147945,-9.052696257617400
229,3,10,-36.96253202386119,73.92506404772237,-18.48126601193059,-18.48126601193059
230,1,784,.000000000000000,.000000000000000,-27.25591617192760,27.25591617192760
230,2,256,-54.51183234385434,109.0236646877087,-46.11471874875541,-8.397113595098958
230,3,10,-37.71760515365565,75.43521030731129,-18.85880257682782,-18.85880257682783
231,1,784,.000000000000000,.000000000000000,-27.32944832219726,27.32944832219726
231,2,256,-54.65889664439360,109.3177932887872,-46.01778152952701,-8.641115114866656
231,3,10,-37.37666641465947,74.75333282931895,-18.68833320732974,-18.68833320732974
232,1,784,.000000000000000,.000000000000000,-27.40890815914635,27.40890815914635
232,2,256,-54.81781631829183,109.6356326365837,-46.05550008387505,-8.762316234416808
232,3,10,-37.29318384945737,74.58636769891474,-18.64659192472868,-18.64659192472868
233,1,784,.000000000000000,.000000000000000,-27.34958748560967,27.34958748560967
233,2,256,-54.69917497121846,109.3983499424369,-46.27317590165163,-8.425999069566835
233,3,10,-37.84717683208394,75.69435366416788,-18.92358841604197,-18.92358841604197
234,1,784,.000000000000000,.000000000000000,-27.96370478433232,27.96370478433232
234,2,256,-55.92740956866385,111.8548191373277,-45.87967335649108,-10.04773621217281
234,3,10,-35.83193714431744,71.66387428863487,-17.91596857215871,-17.91596857215872
235,1,784,.000000000000000,.000000000000000,-27.72821152427768,27.72821152427768
235,2,256,-55.45642304855453,110.9128460971091,-45.91673311859964,-9.539689929954895
235,3,10,-36.37704318864390,72.75408637728779,-18.18852159432194,-18.18852159432196
236,1,784,.000000000000000,.000000000000000,-27.57739073950166,27.57739073950166
236,2,256,-55.15478147900252,110.3095629580050,-45.96490496441980,-9.189876514582688
236,3,10,-36.77502844983629,73.55005689967258,-18.38751422491814,-18.38751422491816
237,1,784,.000000000000000,.000000000000000,-27.60103835300011,27.60103835300011
237,2,256,-55.20207670599939,110.4041534119988,-45.99520093580169,-9.206875770197673
237,3,10,-36.78832516560320,73.57665033120639,-18.39416258280160,-18.39416258280160
238,1,784,.000000000000000,.000000000000000,-27.41245994048888,27.41245994048888
238,2,256,-54.82491988097695,109.6498397619539,-46.21019254027466,-8.614727340702299
238,3,10,-37.59546519957154,75.19093039914308,-18.79773259978576,-18.79773259978578
239,1,784,.000000000000000,.000000000000000,-27.56228174822912,27.56228174822912
239,2,256,-55.12456349645737,110.2491269929147,-45.99092097774248,-9.133642518714911
239,3,10,-36.85727845902673,73.71455691805346,-18.42863922951337,-18.42863922951337
240,1,784,.000000000000000,.000000000000000,-28.13228903724708,28.13228903724708
240,2,256,-56.26457807449339,112.5291561489868,-45.53749111477730,-10.72708695971609
240,3,10,-34.81040415506039,69.62080831012078,-17.40520207753020,-17.40520207753020
241,1,784,.000000000000000,.000000000000000,-27.65113990482713,27.65113990482713
241,2,256,-55.30227980965348,110.6045596193070,-45.97759198649497,-9.324687823158502
241,3,10,-36.65290416333565,73.30580832667130,-18.32645208166783,-18.32645208166783
242,1,784,.000000000000000,.000000000000000,-27.31822713693764,27.31822713693764
242,2,256,-54.63645427387447,109.2729085477489,-46.24092572099109,-8.395528552883384
242,3,10,-37.84539716810688,75.69079433621376,-18.92269858405344,-18.92269858405344
243,1,784,.000000000000000,.000000000000000,-27.57107046939249,27.57107046939249
243,2,256,-55.14214093878423,110.2842818775685,-45.95605725550362,-9.186083683280627
243,3,10,-36.76997357222215,73.53994714444430,-18.38498678611107,-18.38498678611107
244,1,784,.000000000000000,.000000000000000,-27.59852170021490,27.59852170021490
244,2,256,-55.19704340042900,110.3940868008580,-45.94201022312798,-9.255033177300989
244,3,10,-36.68697704582617,73.37395409165234,-18.34348852291309,-18.34348852291308
245,1,784,.000000000000000,.000000000000000,-27.84538306349219,27.84538306349219
245,2,256,-55.69076612698359,111.3815322539672,-45.75049903448515,-9.940267092498479
245,3,10,-35.81023194198582,71.62046388397164,-17.90511597099292,-17.90511597099291
246,1,784,.000000000000000,.000000000000000,-27.50790558051829,27.50790558051829
246,2,256,-55.01581116103577,110.0316223220715,-46.37234515840767,-8.643466002628070
246,3,10,-37.72887915577878,75.45775831155755,-18.86443957788939,-18.86443957788939
247,1,784,.000000000000000,.000000000000000,-27.54185078945977,27.54185078945977
247,2,256,-55.08370157891875,110.1674031578375,-45.88516718537153,-9.198534393547170
247,3,10,-36.68663279182353,73.37326558364707,-18.34331639591177,-18.34331639591177
248,1,784,.000000000000000,.000000000000000,-27.21258571905807,27.21258571905807
248,2,256,-54.42517143811529,108.8503428762306,-46.46048887080825,-7.964682567307046
248,3,10,-38.49580630350040,76.99161260700080,-19.24790315175020,-19.24790315175020
249,1,784,.000000000000000,.000000000000000,-27.51088900212370,27.51088900212370
249,2,256,-55.02177800424658,110.0435560084932,-45.86163377127271,-9.160144232973899
249,3,10,-36.70148953829799,73.40297907659598,-18.35074476914899,-18.35074476914901
250,1,784,.000000000000000,.000000000000000,-27.58825463061466,27.58825463061466
250,2,256,-55.17650926122855,110.3530185224571,-46.22498162411572,-8.951527637112831
250,3,10,-37.27345398700202,74.54690797400404,-18.63672699350102,-18.63672699350100
251,1,784,.000000000000000,.000000000000000,-27.37949706734556,27.37949706734556
251,2,256,-54.75899413469025,109.5179882693805,-46.44565556924379,-8.313338565446477
251,3,10,-38.13231700379653,76.26463400759306,-19.06615850189826,-19.06615850189826
252,1,784,.000000000000000,.000000000000000,-27.43552368537719,27.43552368537719
252,2,256,-54.87104737075352,109.7420947415070,-46.35852425025537,-8.512523120498114
252,3,10,-37.84600112975642,75.69200225951285,-18.92300056487821,-18.92300056487822
253,1,784,.000000000000000,.000000000000000,-27.26881706775809,27.26881706775809
253,2,256,-54.53763413551534,109.0752682710307,-46.35013953109351,-8.187494604421845
253,3,10,-38.16264492667083,76.32528985334166,-19.08132246333541,-19.08132246333542
254,1,784,.000000000000000,.000000000000000,-27.37940317518940,27.37940317518940
254,2,256,-54.75880635037795,109.5176127007559,-46.23930286102174,-8.519503489356227
254,3,10,-37.71979937166466,75.43959874332933,-18.85989968583234,-18.85989968583233
255,1,784,.000000000000000,.000000000000000,-27.63900612749765,27.63900612749765
255,2,256,-55.27801225499454,110.5560245099891,-46.13602523766389,-9.141987017330607
255,3,10,-36.99403822033248,73.98807644066495,-18.49701911016624,-18.49701911016624
256,1,784,.000000000000000,.000000000000000,-27.35191843828439,27.35191843828439
256,2,256,-54.70383687656798,109.4076737531360,-46.19183082652464,-8.512006050043349
256,3,10,-37.67982477648046,75.35964955296092,-18.83991238824023,-18.83991238824023
257,1,784,.000000000000000,.000000000000000,-27.64354941519918,27.64354941519918
257,2,256,-55.28709883039755,110.5741976607951,-46.09402308237804,-9.193075748019528
257,3,10,-36.90094733435767,73.80189466871533,-18.45047366717883,-18.45047366717884
258,1,784,.000000000000000,.000000000000000,-28.05838154902589,28.05838154902589
258,2,256,-56.11676309805094,112.2335261961019,-45.69619766926836,-10.42056542878259
258,3,10,-35.27563224048497,70.55126448096993,-17.63781612024248,-17.63781612024249
259,1,784,.000000000000000,.000000000000000,-27.41250903275066,27.41250903275066
259,2,256,-54.82501806550050,109.6500361310010,-46.30131760282420,-8.523700462676320
259,3,10,-37.77761714014706,75.55523428029413,-18.88880857007353,-18.88880857007353
260,1,784,.000000000000000,.000000000000000,-27.43908140786487,27.43908140786487
260,2,256,-54.87816281572893,109.7563256314579,-46.24783553235838,-8.630327283370512
260,3,10,-37.61750824898709,75.23501649797419,-18.80875412449355,-18.80875412449355
261,1,784,.000000000000000,.000000000000000,-27.38403284889643,27.38403284889643
261,2,256,-54.76806569779203,109.5361313955841,-46.12880133554525,-8.639264362246800
261,3,10,-37.48953697329762,74.97907394659525,-18.74476848664882,-18.74476848664880
262,1,784,.000000000000000,.000000000000000,-27.22486261732343,27.22486261732343
262,2,256,-54.44972523464612,108.8994504692922,-46.51699687639002,-7.932728358256055
262,3,10,-38.58426851813316,77.16853703626631,-19.29213425906658,-19.29213425906657
263,1,784,.000000000000000,.000000000000000,-27.52194419036443,27.52194419036443
263,2,256,-55.04388838072809,110.0877767614562,-46.17004819467648,-8.873840186051623
263,3,10,-37.29620800862399,74.59241601724798,-18.64810400431201,-18.64810400431199
264,1,784,.000000000000000,.000000000000000,-27.10220129474478,27.10220129474478
264,2,256,-54.20440258948869,108.4088051789774,-46.38872131435541,-7.815681275133310
264,3,10,-38.57304003922130,77.14608007844259,-19.28652001961064,-19.28652001961065
265,1,784,.000000000000000,.000000000000000,-27.09465829426872,27.09465829426872
265,2,256,-54.18931658853658,108.3786331770732,-46.34827379407537,-7.841042794461178
265,3,10,-38.50723099961337,77.01446199922674,-19.25361549980668,-19.25361549980668
266,1,784,.000000000000000,.000000000000000,-27.62545741795415,27.62545741795415
266,2,256,-55.25091483590747,110.5018296718149,-46.13280298218888,-9.118111853718570
266,3,10,-37.01469112846949,74.02938225693897,-18.50734556423474,-18.50734556423475
267,1,784,.000000000000000,.000000000000000,-27.55840883421347,27.55840883421347
267,2,256,-55.11681766842603,110.2336353368521,-45.95765854094109,-9.159159127484903
267,3,10,-36.79849941345540,73.59699882691079,-18.39924970672769,-18.39924970672770
268,1,784,.000000000000000,.000000000000000,-28.01887054413116,28.01887054413116
268,2,256,-56.03774108826145,112.0754821765229,-45.73894888203182,-10.29879220622962
268,3,10,-35.44015667580138,70.88031335160277,-17.72007833790069,-17.72007833790069
269,1,784,.000000000000000,.000000000000000,-27.11387927172848,27.11387927172848
269,2,256,-54.22775854345603,108.4555170869121,-46.29444727332013,-7.933311270135994
269,3,10,-38.36113600318328,76.72227200636657,-19.18056800159164,-19.18056800159165
270,1,784,.000000000000000,.000000000000000,-27.35638187743772,27.35638187743772
270,2,256,-54.71276375487464,109.4255275097493,-46.24573661033779,-8.467027144536855
270,3,10,-37.77870946580008,75.55741893160015,-18.88935473290005,-18.88935473290004
271,1,784,.000000000000000,.000000000000000,-27.70846248180931,27.70846248180931
271,2,256,-55.41692496361779,110.8338499272356,-45.97600134511251,-9.440923618505265
271,3,10,-36.53507772660639,73.07015545321278,-18.26753886330319,-18.26753886330319
272,1,784,.000000000000000,.000000000000000,-27.48599609618133,27.48599609618133
272,2,256,-54.97199219236182,109.9439843847236,-46.45735529263737,-8.514636899724433
272,3,10,-37.94271839291210,75.88543678582420,-18.97135919645605,-18.97135919645605
273,1,784,.000000000000000,.000000000000000,-27.66565500612328,27.66565500612328
273,2,256,-55.33131001224566,110.6626200244913,-45.92576761067803,-9.405542401567628
273,3,10,-36.52022520910956,73.04045041821912,-18.26011260455478,-18.26011260455478
274,1,784,.000000000000000,.000000000000000,-27.93297252568881,27.93297252568881
274,2,256,-55.86594505137686,111.7318901027537,-45.89192723578189,-9.974017815594923
274,3,10,-35.91790942018616,71.83581884037231,-17.95895471009308,-17.95895471009307
275,1,784,.000000000000000,.000000000000000,-27.45247628093135,27.45247628093135
275,2,256,-54.90495256186189,109.8099051237238,-46.14044440035600,-8.764508161505871
275,3,10,-37.37593623884931,74.75187247769861,-18.68796811942466,-18.68796811942464
276,1,784,.000000000000000,.000000000000000,-27.68926431317899,27.68926431317899
276,2,256,-55.37852862635721,110.7570572527144,-46.01907916810999,-9.359449458247203
276,3,10,-36.65962970986195,73.31925941972389,-18.32981485493097,-18.32981485493097
277,1,784,.000000000000000,.000000000000000,-27.66022088941467,27.66022088941467
277,2,256,-55.32044177882853,110.6408835576571,-45.95998156377694,-9.360460215051598
277,3,10,-36.59952134872448,73.19904269744896,-18.29976067436224,-18.29976067436224
278,1,784,.000000000000000,.000000000000000,-27.48064176612364,27.48064176612364
278,2,256,-54.96128353224648,109.9225670644930,-46.25677176494442,-8.704511767302057
278,3,10,-37.55225999764156,75.10451999528311,-18.77612999882079,-18.77612999882077
279,1,784,.000000000000000,.000000000000000,-27.45780621040178,27.45780621040178
279,2,256,-54.91561242080273,109.8312248416055,-46.17498160340639,-8.740630817396317
279,3,10,-37.43435078600926,74.86870157201852,-18.71717539300463,-18.71717539300463
280,1,784,.000000000000000,.000000000000000,-27.56446268843975,27.56446268843975
280,2,256,-55.12892537687864,110.2578507537573,-46.16354143390354,-8.965383942975103
280,3,10,-37.19815749092760,74.39631498185520,-18.59907874546380,-18.59907874546379
281,1,784,.000000000000000,.000000000000000,-27.90462768536852,27.90462768536852
281,2,256,-55.80925537073622,111.6185107414724,-45.81586968694019,-9.993385683796049
281,3,10,-35.82248400314334,71.64496800628667,-17.91124200157166,-17.91124200157167
282,1,784,.000000000000000,.000000000000000,-27.48473451515991,27.48473451515991
282,2,256,-54.96946903031895,109.9389380606379,-46.33338949441007,-8.636079535908900
282,3,10,-37.69730995850032,75.39461991700064,-18.84865497925016,-18.84865497925016
283,1,784,.000000000000000,.000000000000000,-27.26174754286085,27.26174754286085
283,2,256,-54.52349508572091,109.0469901714418,-46.29536284116742,-8.228132244553498
283,3,10,-38.06723059661305,76.13446119322610,-19.03361529830654,-19.03361529830651
284,1,784,.000000000000000,.000000000000000,-27.54586411466556,27.54586411466556
284,2,256,-55.09172822933027,110.1834564586605,-46.07597329727359,-9.015754932056700
284,3,10,-37.06021836521602,74.12043673043205,-18.53010918260802,-18.53010918260801
285,1,784,.000000000000000,.000000000000000,-27.16579530665695,27.16579530665695
285,2,256,-54.33159061331305,108.6631812266261,-46.48189582439910,-7.849694788913948
285,3,10,-38.63220103548429,77.26440207096857,-19.31610051774215,-19.31610051774213
286,1,784,.000000000000000,.000000000000000,-27.41701386881513,27.41701386881513
286,2,256,-54.83402773762938,109.6680554752588,-46.13909336794438,-8.694934369685054
286,3,10,-37.44415899825849,74.88831799651697,-18.72207949912925,-18.72207949912924
287,1,784,.000000000000000,.000000000000000,-27.63105975433676,27.63105975433676
287,2,256,-55.26211950867275,110.5242390173455,-46.09737020319098,-9.164749305481772
287,3,10,-36.93262089770842,73.86524179541685,-18.46631044885421,-18.46631044885422
288,1,784,.000000000000000,.000000000000000,-27.45200293515626,27.45200293515626
288,2,256,-54.90400587031175,109.8080117406235,-46.20654986025561,-8.697456010056097
288,3,10,-37.50909385019867,75.01818770039733,-18.75454692509935,-18.75454692509933
289,1,784,.000000000000000,.000000000000000,-28.17370499309786,28.17370499309786
289,2,256,-56.34740998619492,112.6948199723898,-45.68888142704834,-10.65852855914654
289,3,10,-35.03035286790100,70.06070573580200,-17.51517643395050,-17.51517643395050
290,1,784,.000000000000000,.000000000000000,-27.56152485897364,27.56152485897364
290,2,256,-55.12304971794657,110.2460994358931,-46.14719534710413,-8.975854370842448
290,3,10,-37.17134097626088,74.34268195252176,-18.58567048813044,-18.58567048813045
291,1,784,.000000000000000,.000000000000000,-27.60032294718669,27.60032294718669
291,2,256,-55.20064589437257,110.4012917887451,-45.89405726044937,-9.306588633923228
291,3,10,-36.58746862652528,73.17493725305056,-18.29373431326264,-18.29373431326263
292,1,784,.000000000000000,.000000000000000,-27.73040754523890,27.73040754523890
292,2,256,-55.46081509047700,110.9216301809540,-45.82269822282298,-9.638116867653958
292,3,10,-36.18458135516821,72.36916271033643,-18.09229067758411,-18.09229067758411
293,1,784,.000000000000000,.000000000000000,-27.66380516029872,27.66380516029872
293,2,256,-55.32761032059665,110.6552206411933,-45.92766834536485,-9.399941975231778
293,3,10,-36.52772637013226,73.05545274026453,-18.26386318506613,-18.26386318506614
294,1,784,.000000000000000,.000000000000000,-27.38971408930575,27.38971408930575
294,2,256,-54.77942817861069,109.5588563572214,-45.87963570525884,-8.899792473351864
294,3,10,-36.97984323190613,73.95968646381226,-18.48992161595307,-18.48992161595307
295,1,784,.000000000000000,.000000000000000,-27.66321289200913,27.66321289200913
295,2,256,-55.32642578401742,110.6528515680348,-45.98030507044508,-9.346120713572395
295,3,10,-36.63418435687183,73.26836871374367,-18.31709217843592,-18.31709217843592
296,1,784,.000000000000000,.000000000000000,-27.64523094116894,27.64523094116894
296,2,256,-55.29046188233701,110.5809237646740,-45.91784657526965,-9.372615307067369
296,3,10,-36.54523126820146,73.09046253640291,-18.27261563410073,-18.27261563410072
297,1,784,.000000000000000,.000000000000000,-27.77685803311450,27.77685803311450
297,2,256,-55.55371606622819,111.1074321324564,-45.65027301428810,-9.903443051940062
297,3,10,-35.74682996234724,71.49365992469448,-17.87341498117362,-17.87341498117363
298,1,784,.000000000000000,.000000000000000,-27.52907448812812,27.52907448812812
298,2,256,-55.05814897625542,110.1162979525108,-45.82167226370015,-9.236476712555225
298,3,10,-36.58519555114409,73.17039110228818,-18.29259777557206,-18.29259777557203
299,1,784,.000000000000000,.000000000000000,-27.53788186284379,27.53788186284379
299,2,256,-55.07576372568671,110.1515274513734,-46.17846571361055,-8.897298012076179
299,3,10,-37.28116770153354,74.56233540306708,-18.64058385076678,-18.64058385076677
300,1,784,.000000000000000,.000000000000000,-27.44729179944411,27.44729179944411
300,2,256,-54.89458359888738,109.7891671977748,-46.01983062733699,-8.874752971550430
300,3,10,-37.14507765578571,74.29015531157141,-18.57253882789285,-18.57253882789285
301,1,784,.000000000000000,.000000000000000,-27.57067427118737,27.57067427118737
301,2,256,-55.14134854237392,110.2826970847478,-46.40704049759705,-8.734308044776874
301,3,10,-37.67273245281935,75.34546490563871,-18.83636622640968,-18.83636622640968
302,1,784,.000000000000000,.000000000000000,-27.72873460280340,27.72873460280340
302,2,256,-55.45746920560600,110.9149384112120,-45.90749919703291,-9.549970008573078
302,3,10,-36.35752918845897,72.71505837691794,-18.17876459422949,-18.17876459422948
303,1,784,.000000000000000,.000000000000000,-27.66710702350034,27.66710702350034
303,2,256,-55.33421404699984,110.6684280939997,-46.02945080989672,-9.304763237103101
303,3,10,-36.72468757279281,73.44937514558562,-18.36234378639640,-18.36234378639641
304,1,784,.000000000000000,.000000000000000,-27.25971082804054,27.25971082804054
304,2,256,-54.51942165608030,109.0388433121606,-46.27001246241291,-8.249409193667436
304,3,10,-38.02060326874460,76.04120653748920,-19.01030163437230,-19.01030163437230
305,1,784,.000000000000000,.000000000000000,-27.70351016438396,27.70351016438396
305,2,256,-55.40702032876718,110.8140406575344,-46.00963194338469,-9.397388385382479
305,3,10,-36.61224355800140,73.22448711600279,-18.30612177900070,-18.30612177900070
306,1,784,.000000000000000,.000000000000000,-27.42428274097110,27.42428274097110
306,2,256,-54.84856548194135,109.6971309638827,-46.13574662014064,-8.712818861800690
306,3,10,-37.42292775833912,74.84585551667824,-18.71146387916957,-18.71146387916956
307,1,784,.000000000000000,.000000000000000,-27.36295894693102,27.36295894693102
307,2,256,-54.72591789386127,109.4518357877225,-46.25945677821598,-8.466461115645295
307,3,10,-37.79299566256986,75.58599132513972,-18.89649783128492,-18.89649783128494
308,1,784,.000000000000000,.000000000000000,-27.39564446327600,27.39564446327600
308,2,256,-54.79128892655116,109.5825778531023,-46.38747875577678,-8.403810170774449
308,3,10,-37.98366858500147,75.96733717000295,-18.99183429250073,-18.99183429250074
309,1,784,.000000000000000,.000000000000000,-27.45510812352300,27.45510812352300
309,2,256,-54.91021624704524,109.8204324940905,-46.52434874767821,-8.385867499366997
309,3,10,-38.13848124831037,76.27696249662074,-19.06924062415518,-19.06924062415520
310,1,784,.000000000000000,.000000000000000,-27.58652008513124,27.58652008513124
310,2,256,-55.17304017026164,110.3460803405233,-46.18930832270567,-8.983731847555992
310,3,10,-37.20557647514882,74.41115295029763,-18.60278823757441,-18.60278823757441
311,1,784,.000000000000000,.000000000000000,-27.50249224218211,27.50249224218211
311,2,256,-55.00498448436344,110.0099689687269,-46.24415350339722,-8.760830980966233
311,3,10,-37.48332252243016,74.96664504486033,-18.74166126121507,-18.74166126121509
312,1,784,.000000000000000,.000000000000000,-27.72664278733362,27.72664278733362
312,2,256,-55.45328557466642,110.9065711493328,-45.89494768401300,-9.558337890653428
312,3,10,-36.33660979335871,72.67321958671742,-18.16830489667936,-18.16830489667935
313,1,784,.000000000000000,.000000000000000,-27.48248845364946,27.48248845364946
313,2,256,-54.96497690729806,109.9299538145961,-45.83960099265522,-9.125375914642804
313,3,10,-36.71422507801163,73.42845015602326,-18.35711253900581,-18.35711253900581
314,1,784,.000000000000000,.000000000000000,-27.59926654532195,27.59926654532195
314,2,256,-55.19853309064309,110.3970661812862,-46.30586415022522,-8.892668940417909
314,3,10,-37.41319520980648,74.82639041961296,-18.70659760490324,-18.70659760490324
315,1,784,.000000000000000,.000000000000000,-27.71697247351091,27.71697247351091
315,2,256,-55.43394494702101,110.8678898940420,-46.04444550032680,-9.389499446694213
315,3,10,-36.65494605363179,73.30989210726358,-18.32747302681589,-18.32747302681589
316,1,784,.000000000000000,.000000000000000,-27.54836635265476,27.54836635265476
316,2,256,-55.09673270530870,110.1934654106174,-45.97411575512609,-9.122616950182611
316,3,10,-36.85149880494266,73.70299760988532,-18.42574940247133,-18.42574940247133
317,1,784,.000000000000000,.000000000000000,-27.39121823266789,27.39121823266789
317,2,256,-54.78243646533495,109.5648729306699,-46.52404632385483,-8.258390141480126
317,3,10,-38.26565618237390,76.53131236474779,-19.13282809118695,-19.13282809118694
318,1,784,.000000000000000,.000000000000000,-27.35303658589532,27.35303658589532
318,2,256,-54.70607317178984,109.4121463435797,-46.30798584786672,-8.398087323923116
318,3,10,-37.90989852394275,75.81979704788550,-18.95494926197138,-18.95494926197137
319,1,784,.000000000000000,.000000000000000,-27.59428452008120,27.59428452008120
319,2,256,-55.18856904016160,110.3771380803232,-45.98542001177656,-9.203149028385004
319,3,10,-36.78227098339075,73.56454196678149,-18.39113549169537,-18.39113549169537
320,1,784,.000000000000000,.000000000000000,-27.72412504172226,27.72412504172226
320,2,256,-55.44825008344371,110.8965001668874,-45.94268863568232,-9.505561447761382
320,3,10,-36.43712718792012,72.87425437584024,-18.21856359396007,-18.21856359396006
321,1,784,.000000000000000,.000000000000000,-27.33851721135994,27.33851721135994
321,2,256,-54.67703442271901,109.3540688454380,-46.30402949541524,-8.373004927303779
321,3,10,-37.93102456811063,75.86204913622126,-18.96551228405531,-18.96551228405532
322,1,784,.000000000000000,.000000000000000,-27.19999261203050,27.19999261203050
322,2,256,-54.39998522406022,108.7999704481204,-46.77371446199697,-7.626270762063217
322,3,10,-39.14744369993292,78.29488739986584,-19.57372184996646,-19.57372184996645
323,1,784,.000000000000000,.000000000000000,-27.52361150316865,27.52361150316865
323,2,256,-55.04722300633651,110.0944460126730,-46.23865895713570,-8.808564049200790
323,3,10,-37.43009490793412,74.86018981586824,-18.71504745396705,-18.71504745396706
324,1,784,.000000000000000,.000000000000000,-27.61072858076449,27.61072858076449
324,2,256,-55.22145716152819,110.4429143230564,-45.93744722232915,-9.284009939199033
324,3,10,-36.65343728312928,73.30687456625856,-18.32671864156464,-18.32671864156464
325,1,784,.000000000000000,.000000000000000,-27.62910829104273,27.62910829104273
325,2,256,-55.25821658208456,110.5164331641691,-45.93251838279589,-9.325698199288714
325,3,10,-36.60682018350631,73.21364036701262,-18.30341009175315,-18.30341009175316
326,1,784,.000000000000000,.000000000000000,-27.54039097418041,27.54039097418041
326,2,256,-55.08078194836001,110.1615638967200,-46.23143377644840,-8.849348171911561
326,3,10,-37.38208560453604,74.76417120907207,-18.69104280226802,-18.69104280226802
327,1,784,.000000000000000,.000000000000000,-27.22857259754783,27.22857259754783
327,2,256,-54.45714519509488,108.9142903901898,-46.42971267004632,-8.027432525048557
327,3,10,-38.40228014499693,76.80456028999386,-19.20114007249847,-19.20114007249846
328,1,784,.000000000000000,.000000000000000,-27.27081234585057,27.27081234585057
328,2,256,-54.54162469170029,109.0832493834006,-46.37263114789823,-8.168993543802090
328,3,10,-38.20363760409529,76.40727520819058,-19.10181880204765,-19.10181880204764
329,1,784,.000000000000000,.000000000000000,-27.60616934581849,27.60616934581849
329,2,256,-55.21233869163614,110.4246773832723,-46.00757141277380,-9.204767278862361
329,3,10,-36.80280413391063,73.60560826782127,-18.40140206695531,-18.40140206695531
330,1,784,.000000000000000,.000000000000000,-27.73079166895395,27.73079166895395
330,2,256,-55.46158333790709,110.9231666758142,-45.65549287463745,-9.806090463269634
330,3,10,-35.84940241136698,71.69880482273396,-17.92470120568349,-17.92470120568348
331,1,784,.000000000000000,.000000000000000,-27.55384185839666,27.55384185839666
331,2,256,-55.10768371679248,110.2153674335850,-45.93642044605954,-9.171263270732918
331,3,10,-36.76515717532580,73.53031435065161,-18.38257858766291,-18.38257858766290
332,1,784,.000000000000000,.000000000000000,-27.71347004346929,27.71347004346929
332,2,256,-55.42694008693775,110.8538801738755,-46.11668242911487,-9.310257657822948
332,3,10,-36.80642477129104,73.61284954258208,-18.40321238564552,-18.40321238564552
333,1,784,.000000000000000,.000000000000000,-27.32319004547866,27.32319004547866
333,2,256,-54.64638009095650,109.2927601819130,-46.43629099430055,-8.210089096656002
333,3,10,-38.22620189764371,76.45240379528742,-19.11310094882186,-19.11310094882185
334,1,784,.000000000000000,.000000000000000,-27.77874230838074,27.77874230838074
334,2,256,-55.55748461676063,111.1149692335213,-45.81629299195559,-9.741191624805044
334,3,10,-36.07510136714971,72.15020273429941,-18.03755068357485,-18.03755068357485
335,1,784,.000000000000000,.000000000000000,-27.41748521004716,27.41748521004716
335,2,256,-54.83497042009348,109.6699408401870,-46.26800461448900,-8.566965805604472
335,3,10,-37.70103880888370,75.40207761776740,-18.85051940444186,-18.85051940444185
336,1,784,.000000000000000,.000000000000000,-27.21287574968350,27.21287574968350
336,2,256,-54.42575149936616,108.8515029987323,-46.51840039081564,-7.907351108550515
336,3,10,-38.61104928226429,77.22209856452858,-19.30552464113215,-19.30552464113214
337,1,784,.000000000000000,.000000000000000,-27.63061787127506,27.63061787127506
337,2,256,-55.26123574254933,110.5224714850987,-46.05629971573498,-9.204936026814352
337,3,10,-36.85136368891980,73.70272737783961,-18.42568184445990,-18.42568184445990
338,1,784,.000000000000000,.000000000000000,-27.73197560738256,27.73197560738256
338,2,256,-55.46395121476433,110.9279024295287,-46.09289852738199,-9.371052687382358
338,3,10,-36.72184583999879,73.44369167999758,-18.36092291999940,-18.36092291999939
339,1,784,.000000000000000,.000000000000000,-27.55960251945202,27.55960251945202
339,2,256,-55.11920503890323,110.2384100778065,-45.95308687358352,-9.166118165319730
339,3,10,-36.78696870826292,73.57393741652584,-18.39348435413146,-18.39348435413145
340,1,784,.000000000000000,.000000000000000,-27.50773548093429,27.50773548093429
340,2,256,-55.01547096186770,110.0309419237354,-46.20111211998068,-8.814358841887044
340,3,10,-37.38675327809287,74.77350655618574,-18.69337663904643,-18.69337663904643
341,1,784,.000000000000000,.000000000000000,-27.54608243136494,27.54608243136494
341,2,256,-55.09216486272904,110.1843297254581,-46.07827628273004,-9.013888579998939
341,3,10,-37.06438770273027,74.12877540546054,-18.53219385136514,-18.53219385136514
342,1,784,.000000000000000,.000000000000000,-27.53296051315169,27.53296051315169
342,2,256,-55.06592102630251,110.1318420526050,-46.31110335867619,-8.754817667626293
342,3,10,-37.55628569104906,75.11257138209812,-18.77814284552453,-18.77814284552453
343,1,784,.000000000000000,.000000000000000,-27.44088177349145,27.44088177349145
343,2,256,-54.88176354698204,109.7635270939641,-46.25452428823342,-8.627239258748592
343,3,10,-37.62728502948400,75.25457005896800,-18.81364251474201,-18.81364251474200
344,1,784,.000000000000000,.000000000000000,-27.21631867418967,27.21631867418967
344,2,256,-54.43263734837850,108.8652746967570,-46.11601007828428,-8.316627270094280
344,3,10,-37.79938280818916,75.59876561637833,-18.89969140409459,-18.89969140409458
345,1,784,.000000000000000,.000000000000000,-27.07113105769900,27.07113105769900
345,2,256,-54.14226211539719,108.2845242307944,-46.45457619939176,-7.687685916005391
345,3,10,-38.76689028338556,77.53378056677111,-19.38344514169277,-19.38344514169278
346,1,784,.000000000000000,.000000000000000,-27.50022751545601,27.50022751545601
346,2,256,-55.00045503091122,110.0009100618224,-46.32403308427425,-8.676421946636975
346,3,10,-37.64761113763645,75.29522227527289,-18.82380556881822,-18.82380556881823
347,1,784,.000000000000000,.000000000000000,-27.67145543679389,27.67145543679389
347,2,256,-55.34291087358694,110.6858217471739,-46.02313200132156,-9.319778872265369
347,3,10,-36.70335312905538,73.40670625811076,-18.35167656452769,-18.35167656452769
348,1,784,.000000000000000,.000000000000000,-27.53109720712508,27.53109720712508
348,2,256,-55.06219441424940,110.1243888284988,-46.14393375350462,-8.918260660744783
348,3,10,-37.22567309275902,74.45134618551803,-18.61283654637952,-18.61283654637951
349,1,784,.000000000000000,.000000000000000,-27.22532236587983,27.22532236587983
349,2,256,-54.45064473175876,108.9012894635175,-46.39670450454370,-8.053940227215094
349,3,10,-38.34276427732777,76.68552855465553,-19.17138213866389,-19.17138213866389
350,1,784,.000000000000000,.000000000000000,-27.54007712162372,27.54007712162372
350,2,256,-55.08015424324664,110.1603084864933,-46.21863581717479,-8.861518426071834
350,3,10,-37.35711739110212,74.71423478220424,-18.67855869555107,-18.67855869555106
351,1,784,.000000000000000,.000000000000000,-27.18361525823029,27.18361525823029
351,2,256,-54.36723051645982,108.7344610329196,-46.32113775974537,-8.046092756714398
351,3,10,-38.27504500303018,76.55009000606036,-19.13752250151508,-19.13752250151510
352,1,784,.000000000000000,.000000000000000,-27.64881725834007,27.64881725834007
352,2,256,-55.29763451667930,110.5952690333586,-45.95362581494403,-9.344008701735246
352,3,10,-36.60961711320799,73.21923422641598,-18.30480855660399,-18.30480855660399
353,1,784,.000000000000000,.000000000000000,-27.33233288398931,27.33233288398931
353,2,256,-54.66466576797786,109.3293315359557,-46.44527637978695,-8.219389388190898
353,3,10,-38.22588699159525,76.45177398319051,-19.11294349579762,-19.11294349579763
354,1,784,.000000000000000,.000000000000000,-27.87359727497680,27.87359727497680
354,2,256,-55.74719454995279,111.4943890999056,-45.80792166091743,-9.939272889035367
354,3,10,-35.86864877188124,71.73729754376248,-17.93432438594061,-17.93432438594062
355,1,784,.000000000000000,.000000000000000,-27.77472261978461,27.77472261978461
355,2,256,-55.54944523956842,111.0988904791368,-46.15777358150110,-9.391671658067251
355,3,10,-36.76610192343306,73.53220384686611,-18.38305096171653,-18.38305096171653
356,1,784,.000000000000000,.000000000000000,-27.35039303657490,27.35039303657490
356,2,256,-54.70078607314898,109.4015721462980,-46.47366154663406,-8.227124526514897
356,3,10,-38.24653702011836,76.49307404023672,-19.12326851005918,-19.12326851005917
357,1,784,.000000000000000,.000000000000000,-27.16100419083623,27.16100419083623
357,2,256,-54.32200838167161,108.6440167633432,-46.41845800659261,-7.903550375079033
357,3,10,-38.51490763151271,77.02981526302543,-19.25745381575636,-19.25745381575636
358,1,784,.000000000000000,.000000000000000,-27.40578872770329,27.40578872770329
358,2,256,-54.81157745540569,109.6231549108114,-45.95986661157846,-8.851710843827249
358,3,10,-37.10815576775039,74.21631153550078,-18.55407788387519,-18.55407788387519
359,1,784,.000000000000000,.000000000000000,-27.48160970660096,27.48160970660096
359,2,256,-54.96321941320105,109.9264388264021,-46.39978141860396,-8.563437994597088
359,3,10,-37.83634342400607,75.67268684801213,-18.91817171200303,-18.91817171200303
360,1,784,.000000000000000,.000000000000000,-27.17029954945144,27.17029954945144
360,2,256,-54.34059909890205,108.6811981978041,-46.69664030471773,-7.643958794184294
360,3,10,-39.05268151053259,78.10536302106517,-19.52634075526630,-19.52634075526629
361,1,784,.000000000000000,.000000000000000,-27.13030661456205,27.13030661456205
361,2,256,-54.26061322912326,108.5212264582465,-46.30549159359396,-7.955121635529249
361,3,10,-38.35036995806392,76.70073991612783,-19.17518497903195,-19.17518497903196
362,1,784,.000000000000000,.000000000000000,-27.55223052289590,27.55223052289590
362,2,256,-55.10446104579098,110.2089220915820,-46.25151232469180,-8.852948721099215
362,3,10,-37.39856360359173,74.79712720718345,-18.69928180179586,-18.69928180179587
363,1,784,.000000000000000,.000000000000000,-27.75286536593579,27.75286536593579
363,2,256,-55.50573073187068,111.0114614637414,-45.78615250152280,-9.719578230347906
363,3,10,-36.06657427117407,72.13314854234814,-18.03328713558703,-18.03328713558703
364,1,784,.000000000000000,.000000000000000,-27.83800040039731,27.83800040039731
364,2,256,-55.67600080079377,111.3520016015875,-46.13789572641728,-9.538105074376420
364,3,10,-36.59979065204008,73.19958130408016,-18.29989532602005,-18.29989532602003
365,1,784,.000000000000000,.000000000000000,-27.25228079061150,27.25228079061150
365,2,256,-54.50456158122211,109.0091231624442,-46.26879311160359,-8.235768469618513
365,3,10,-38.03302464198426,76.06604928396852,-19.01651232099213,-19.01651232099213
366,1,784,.000000000000000,.000000000000000,-27.20828914750994,27.20828914750994
366,2,256,-54.41657829501901,108.8331565900380,-46.55271599058941,-7.863862304429637
366,3,10,-38.68885368615892,77.37770737231784,-19.34442684307946,-19.34442684307946
367,1,784,.000000000000000,.000000000000000,-27.37817474150271,27.37817474150271
367,2,256,-54.75634948300461,109.5126989660092,-46.26277578447273,-8.493573698531842
367,3,10,-37.76920208594007,75.53840417188015,-18.88460104297004,-18.88460104297004
368,1,784,.000000000000000,.000000000000000,-27.45490656224060,27.45490656224060
368,2,256,-54.90981312448027,109.8196262489605,-46.33392081560116,-8.575892308879185
368,3,10,-37.75802850672110,75.51605701344219,-18.87901425336055,-18.87901425336054
369,1,784,.000000000000000,.000000000000000,-27.51811297521695,27.51811297521695
369,2,256,-55.03622595043306,110.0724519008661,-46.33774267958378,-8.698483270849268
369,3,10,-37.63925940873367,75.27851881746734,-18.81962970436684,-18.81962970436684
370,1,784,.000000000000000,.000000000000000,-27.52375862845477,27.52375862845477
370,2,256,-55.04751725690878,110.0950345138176,-46.24166753505231,-8.805849721856458
370,3,10,-37.43581781319504,74.87163562639009,-18.71790890659752,-18.71790890659753
371,1,784,.000000000000000,.000000000000000,-27.25377435167595,27.25377435167595
371,2,256,-54.50754870335111,109.0150974067022,-46.68155552021835,-7.825993183132755
371,3,10,-38.85556233708473,77.71112467416947,-19.42778116854238,-19.42778116854236
372,1,784,.000000000000000,.000000000000000,-27.24248850280994,27.24248850280994
372,2,256,-54.48497700561906,108.9699540112381,-46.37935853147933,-8.105618474139735
372,3,10,-38.27374005733874,76.54748011467748,-19.13687002866937,-19.13687002866937
373,1,784,.000000000000000,.000000000000000,-27.45566947941120,27.45566947941120
373,2,256,-54.91133895882157,109.8226779176431,-46.20733604498545,-8.704002913836115
373,3,10,-37.50333313114849,75.00666626229697,-18.75166656557425,-18.75166656557424
374,1,784,.000000000000000,.000000000000000,-27.23077072401612,27.23077072401612
374,2,256,-54.46154144803146,108.9230828960629,-46.41090590803462,-8.050635539996845
374,3,10,-38.36027036803693,76.72054073607386,-19.18013518401846,-19.18013518401846
375,1,784,.000000000000000,.000000000000000,-27.67822806946709,27.67822806946709
375,2,256,-55.35645613893343,110.7129122778669,-45.90507344279541,-9.451382696137973
375,3,10,-36.45369074665662,72.90738149331324,-18.22684537332831,-18.22684537332831
376,1,784,.000000000000000,.000000000000000,-27.43040463275894,27.43040463275894
376,2,256,-54.86080926551710,109.7216185310342,-46.41174665834789,-8.449062607169202
376,3,10,-37.96268405117782,75.92536810235565,-18.98134202558891,-18.98134202558891
377,1,784,.000000000000000,.000000000000000,-27.65141681411152,27.65141681411152
377,2,256,-55.30283362822213,110.6056672564443,-45.96358407382913,-9.339249554393039
377,3,10,-36.62433451943526,73.24866903887052,-18.31216725971763,-18.31216725971764
378,1,784,.000000000000000,.000000000000000,-27.60393171170825,27.60393171170825
378,2,256,-55.20786342341572,110.4157268468314,-46.25687600976383,-8.950987413651873
378,3,10,-37.30588859611116,74.61177719222232,-18.65294429805558,-18.65294429805559
379,1,784,.000000000000000,.000000000000000,-27.83919990829915,27.83919990829915
379,2,256,-55.67839981659755,111.3567996331951,-45.78166690591860,-9.896732910678908
379,3,10,-35.88493399523887,71.76986799047775,-17.94246699761943,-17.94246699761944
380,1,784,.000000000000000,.000000000000000,-27.78051662332997,27.78051662332997
380,2,256,-55.56103324665909,111.1220664933182,-45.82371795599380,-9.737315290665279
380,3,10,-36.08640266532771,72.17280533065542,-18.04320133266386,-18.04320133266386
381,1,784,.000000000000000,.000000000000000,-28.04579041801571,28.04579041801571
381,2,256,-56.09158083603058,112.1831616720612,-45.80314236046989,-10.28843847556070
381,3,10,-35.51470388490838,71.02940776981676,-17.75735194245419,-17.75735194245419
382,1,784,.000000000000000,.000000000000000,-27.43628637858721,27.43628637858721
382,2,256,-54.87257275717356,109.7451455143471,-45.98236083985280,-8.890211917320787
382,3,10,-37.09214892253114,74.18429784506228,-18.54607446126557,-18.54607446126557
383,1,784,.000000000000000,.000000000000000,-27.38882379711086,27.38882379711086
383,2,256,-54.77764759422087,109.5552951884417,-45.99699795432770,-8.780649639893186
383,3,10,-37.21634831443368,74.43269662886736,-18.60817415721684,-18.60817415721684
384,1,784,.000000000000000,.000000000000000,-27.29497851097087,27.29497851097087
384,2,256,-54.58995702194096,109.1799140438819,-46.32495115200259,-8.265005869938371
384,3,10,-38.05994528206337,76.11989056412675,-19.02997264103170,-19.02997264103168
385,1,784,.000000000000000,.000000000000000,-27.51336018359384,27.51336018359384
385,2,256,-55.02672036718690,110.0534407343738,-45.93077733044792,-9.095943036738950
385,3,10,-36.83483429370813,73.66966858741627,-18.41741714685407,-18.41741714685407
386,1,784,.000000000000000,.000000000000000,-27.26941228359568,27.26941228359568
386,2,256,-54.53882456719056,109.0776491343811,-46.32475355320883,-8.214071013981725
386,3,10,-38.11068253922629,76.22136507845258,-19.05534126961315,-19.05534126961314
387,1,784,.000000000000000,.000000000000000,-27.78968710427285,27.78968710427285
387,2,256,-55.57937420854487,111.1587484170897,-45.97640690732890,-9.602967301215971
387,3,10,-36.37343960611211,72.74687921222421,-18.18671980305605,-18.18671980305606
388,1,784,.000000000000000,.000000000000000,-27.94965100651701,27.94965100651701
388,2,256,-55.89930201303313,111.7986040260663,-45.87764037206625,-10.02166164096687
388,3,10,-35.85597873109858,71.71195746219716,-17.92798936554929,-17.92798936554929
389,1,784,.000000000000000,.000000000000000,-27.35789690997877,27.35789690997877
389,2,256,-54.71579381995669,109.4315876399134,-46.18296809910896,-8.532825720847688
389,3,10,-37.65014237826044,75.30028475652088,-18.82507118913022,-18.82507118913021
390,1,784,.000000000000000,.000000000000000,-27.47924513273336,27.47924513273336
390,2,256,-54.95849026546588,109.9169805309318,-46.15395708174270,-8.804533183723239
390,3,10,-37.34942389801862,74.69884779603724,-18.67471194900932,-18.67471194900930
391,1,784,.000000000000000,.000000000000000,-27.59118759947285,27.59118759947285
391,2,256,-55.18237519894494,110.3647503978899,-45.84509342708880,-9.337281771856098
391,3,10,-36.50781165523186,73.01562331046372,-18.25390582761593,-18.25390582761593
392,1,784,.000000000000000,.000000000000000,-27.56742075896558,27.56742075896558
392,2,256,-55.13484151793037,110.2696830358607,-45.93029909974057,-9.204542418189776
392,3,10,-36.72575668154995,73.45151336309991,-18.36287834077498,-18.36287834077498
393,1,784,.000000000000000,.000000000000000,-27.54409154402734,27.54409154402734
393,2,256,-55.08818308805383,110.1763661761077,-46.08836560288272,-8.999817485171118
393,3,10,-37.08854811771079,74.17709623542159,-18.54427405885539,-18.54427405885540
394,1,784,.000000000000000,.000000000000000,-27.22535334763576,27.22535334763576
394,2,256,-54.45070669527068,108.9014133905414,-46.36039462204009,-8.090312073230548
394,3,10,-38.27008254880874,76.54016509761747,-19.13504127440438,-19.13504127440437
395,1,784,.000000000000000,.000000000000000,-27.94714584136944,27.94714584136944
395,2,256,-55.89429168273804,111.7885833654761,-45.89841102938366,-9.995880653354400
395,3,10,-35.90253037602841,71.80506075205682,-17.95126518801420,-17.95126518801420
396,1,784,.000000000000000,.000000000000000,-27.38052401997136,27.38052401997136
396,2,256,-54.76104803994192,109.5220960798838,-46.04839572042433,-8.712652319517550
396,3,10,-37.33574340090598,74.67148680181197,-18.66787170045299,-18.66787170045299
397,1,784,.000000000000000,.000000000000000,-27.33242274704071,27.33242274704071
397,2,256,-54.66484549408058,109.3296909881612,-46.27083581486865,-8.394009679211919
397,3,10,-37.87682613565592,75.75365227131184,-18.93841306782796,-18.93841306782797
398,1,784,.000000000000000,.000000000000000,-27.71352938499879,27.71352938499879
398,2,256,-55.42705876999685,110.8541175399937,-45.71127950868595,-9.715779261310875
398,3,10,-35.99550024737424,71.99100049474848,-17.99775012368712,-17.99775012368712
399,1,784,.000000000000000,.000000000000000,-27.68562647158076,27.68562647158076
399,2,256,-55.37125294316068,110.7425058863214,-45.90022758461822,-9.471025358542461
399,3,10,-36.42920222607497,72.85840445214994,-18.21460111303748,-18.21460111303749
400,1,784,.000000000000000,.000000000000000,-27.69472493884284,27.69472493884284
400,2,256,-55.38944987768482,110.7788997553696,-45.97491734715221,-9.414532530532666
400,3,10,-36.56038481661870,73.12076963323740,-18.28019240830935,-18.28019240830935
401,1,784,.000000000000000,.000000000000000,-27.59639460373429,27.59639460373429
401,2,256,-55.19278920746769,110.3855784149354,-46.34669365396056,-8.846095553507077
401,3,10,-37.50059810045273,75.00119620090545,-18.75029905022635,-18.75029905022637
402,1,784,.000000000000000,.000000000000000,-26.98562336669104,26.98562336669104
402,2,256,-53.97124673338126,107.9424934667625,-46.32092495351399,-7.650321779867268
402,3,10,-38.67060317364589,77.34120634729179,-19.33530158682296,-19.33530158682294
403,1,784,.000000000000000,.000000000000000,-27.61000092902771,27.61000092902771
403,2,256,-55.22000185805460,110.4400037161092,-45.75997398361603,-9.460027874438595
403,3,10,-36.29994610917659,72.59989221835318,-18.14997305458830,-18.14997305458829
404,1,784,.000000000000000,.000000000000000,-27.59590598392833,27.59590598392833
404,2,256,-55.19181196785593,110.3836239357119,-45.69372013836919,-9.498091829486748
404,3,10,-36.19562830888159,72.39125661776318,-18.09781415444080,-18.09781415444080
405,1,784,.000000000000000,.000000000000000,-27.53791848392790,27.53791848392790
405,2,256,-55.07583696785500,110.1516739357100,-45.93560111003809,-9.140235857816968
405,3,10,-36.79536525222025,73.59073050444050,-18.39768262611013,-18.39768262611013
406,1,784,.000000000000000,.000000000000000,-27.53345129788549,27.53345129788549
406,2,256,-55.06690259577012,110.1338051915402,-46.16485644130461,-8.902046154465470
406,3,10,-37.26281028683836,74.52562057367672,-18.63140514341918,-18.63140514341918
407,1,784,.000000000000000,.000000000000000,-27.51534120881015,27.51534120881015
407,2,256,-55.03068241761941,110.0613648352388,-46.11063998019918,-8.920042437420252
407,3,10,-37.19059754277808,74.38119508555616,-18.59529877138904,-18.59529877138904
408,1,784,.000000000000000,.000000000000000,-27.44384201267497,27.44384201267497
408,2,256,-54.88768402534917,109.7753680506983,-46.29115105872376,-8.596532966625437
408,3,10,-37.69461809209746,75.38923618419493,-18.84730904604873,-18.84730904604874
409,1,784,.000000000000000,.000000000000000,-27.61307672600482,27.61307672600482
409,2,256,-55.22615345200875,110.4523069040175,-45.80420700366691,-9.421946448341851
409,3,10,-36.38226055532427,72.76452111064854,-18.19113027766213,-18.19113027766214
410,1,784,.000000000000000,.000000000000000,-27.39367227836402,27.39367227836402
410,2,256,-54.78734455672718,109.5746891134544,-46.36828597605904,-8.419058580668192
410,3,10,-37.94922739539003,75.89845479078005,-18.97461369769501,-18.97461369769502
411,1,784,.000000000000000,.000000000000000,-27.81250574574153,27.81250574574153
411,2,256,-55.62501149148223,111.2500229829645,-45.78475143995389,-9.840260051528338
411,3,10,-35.94449138842470,71.88898277684940,-17.97224569421236,-17.97224569421234
412,1,784,.000000000000000,.000000000000000,-27.50545685462189,27.50545685462189
412,2,256,-55.01091370924289,110.0218274184858,-46.22180131668033,-8.789112392562547
412,3,10,-37.43268892411697,74.86537784823395,-18.71634446205850,-18.71634446205848
413,1,784,.000000000000000,.000000000000000,-27.52873944488716,27.52873944488716
413,2,256,-55.05747888977349,110.1149577795470,-46.29242201824545,-8.765056871528047
413,3,10,-37.52736514671660,75.05473029343321,-18.76368257335829,-18.76368257335831
414,1,784,.000000000000000,.000000000000000,-27.76110393228461,27.76110393228461
414,2,256,-55.52220786456832,111.0444157291366,-45.93734163755939,-9.584866227008931
414,3,10,-36.35247541054965,72.70495082109930,-18.17623770527483,-18.17623770527483
415,1,784,.000000000000000,.000000000000000,-27.42364848231392,27.42364848231392
415,2,256,-54.84729696462696,109.6945939292539,-46.06759218511397,-8.779704779513006
415,3,10,-37.28788740560012,74.57577481120025,-18.64394370280006,-18.64394370280006
416,1,784,.000000000000000,.000000000000000,-27.26121869083042,27.26121869083042
416,2,256,-54.52243738166003,109.0448747633201,-46.54384750554001,-7.978589876120029
416,3,10,-38.56525762941916,77.13051525883832,-19.28262881470958,-19.28262881470958
417,1,784,.000000000000000,.000000000000000,-27.57028133812429,27.57028133812429
417,2,256,-55.14056267624781,110.2811253524956,-46.01948365555494,-9.121079020692822
417,3,10,-36.89840463486129,73.79680926972257,-18.44920231743065,-18.44920231743064
418,1,784,.000000000000000,.000000000000000,-27.37466092370807,27.37466092370807
418,2,256,-54.74932184741532,109.4986436948306,-46.11445814752109,-8.634863699894192
418,3,10,-37.47959444762613,74.95918889525225,-18.73979722381306,-18.73979722381307
419,1,784,.000000000000000,.000000000000000,-27.72103796416025,27.72103796416025
419,2,256,-55.44207592831967,110.8841518566393,-46.20886432426296,-9.233211604056715
419,3,10,-36.97565272020542,73.95130544041083,-18.48782636010271,-18.48782636010272
420,1,784,.000000000000000,.000000000000000,-27.19226308812037,27.19226308812037
420,2,256,-54.38452617623987,108.7690523524797,-46.21755113231763,-8.166975043922305
420,3,10,-38.05057608839444,76.10115217678887,-19.02528804419723,-19.02528804419722
421,1,784,.000000000000000,.000000000000000,-27.52751965066911,27.52751965066911
421,2,256,-55.05503930133737,110.1100786026747,-46.04757585391535,-9.007463447422040
421,3,10,-37.04011240649250,74.08022481298501,-18.52005620324625,-18.52005620324626
422,1,784,.000000000000000,.000000000000000,-27.37569108172249,27.37569108172249
422,2,256,-54.75138216344423,109.5027643268885,-46.35822010217199,-8.393162061272218
422,3,10,-37.96505804089895,75.93011608179789,-18.98252902044947,-18.98252902044947
423,1,784,.000000000000000,.000000000000000,-27.72727366977678,27.72727366977678
423,2,256,-55.45454733955271,110.9090946791054,-45.98098295864335,-9.473564380909343
423,3,10,-36.50741857773318,73.01483715546637,-18.25370928886659,-18.25370928886660
424,1,784,.000000000000000,.000000000000000,-27.45789156942169,27.45789156942169
424,2,256,-54.91578313884261,109.8315662776852,-46.35664356627128,-8.559139572571318
424,3,10,-37.79750399369915,75.59500798739830,-18.89875199684958,-18.89875199684957
425,1,784,.000000000000000,.000000000000000,-27.38860356303845,27.38860356303845
425,2,256,-54.77720712607607,109.5544142521521,-46.11046158730320,-8.666745538772867
425,3,10,-37.44371604852950,74.88743209705899,-18.72185802426475,-18.72185802426475
426,1,784,.000000000000000,.000000000000000,-27.63427113384104,27.63427113384104
426,2,256,-55.26854226768125,110.5370845353625,-46.01293460965683,-9.255607658024397
426,3,10,-36.75732695163164,73.51465390326328,-18.37866347581582,-18.37866347581582
427,1,784,.000000000000000,.000000000000000,-27.60882719879664,27.60882719879664
427,2,256,-55.21765439759240,110.4353087951848,-46.22823568091705,-8.989418716675385
427,3,10,-37.23881696424082,74.47763392848164,-18.61940848212041,-18.61940848212041
428,1,784,.000000000000000,.000000000000000,-27.73244368240295,27.73244368240295
428,2,256,-55.46488736480512,110.9297747296102,-45.83910951015800,-9.625777854647078
428,3,10,-36.21333165551013,72.42666331102026,-18.10666582775506,-18.10666582775508
429,1,784,.000000000000000,.000000000000000,-27.22552939926198,27.22552939926198
429,2,256,-54.45105879852304,108.9021175970461,-46.51228940285277,-7.938769395670282
429,3,10,-38.57352000718166,77.14704001436331,-19.28676000359082,-19.28676000359082
430,1,784,.000000000000000,.000000000000000,-27.65618140271856,27.65618140271856
430,2,256,-55.31236280543631,110.6247256108726,-46.25612816313760,-9.056234642298705
430,3,10,-37.19989352083805,74.39978704167609,-18.59994676041903,-18.59994676041902
431,1,784,.000000000000000,.000000000000000,-27.27710692939844,27.27710692939844
431,2,256,-54.55421385879603,109.1084277175921,-46.48679777949319,-8.067416079302831
431,3,10,-38.41938170018953,76.83876340037907,-19.20969085009476,-19.20969085009477
432,1,784,.000000000000000,.000000000000000,-27.48205619690147,27.48205619690147
432,2,256,-54.96411239380206,109.9282247876041,-46.24944225693125,-8.714670136870831
432,3,10,-37.53477212005959,75.06954424011917,-18.76738606002979,-18.76738606002980
433,1,784,.000000000000000,.000000000000000,-27.58892731325672,27.58892731325672
433,2,256,-55.17785462651266,110.3557092530253,-45.93184686482932,-9.246007761683282
433,3,10,-36.68583910314525,73.37167820629050,-18.34291955157262,-18.34291955157263
434,1,784,.000000000000000,.000000000000000,-27.76039695840629,27.76039695840629
434,2,256,-55.52079391681181,111.0415878336236,-45.79938556068807,-9.721408356123751
434,3,10,-36.07797720456347,72.15595440912693,-18.03898860228174,-18.03898860228173
435,1,784,.000000000000000,.000000000000000,-27.28754649037513,27.28754649037513
435,2,256,-54.57509298074939,109.1501859614988,-46.28707998739628,-8.288012993353126
435,3,10,-37.99906699404234,75.99813398808469,-18.99953349702117,-18.99953349702119
436,1,784,.000000000000000,.000000000000000,-27.52564234289875,27.52564234289875
436,2,256,-55.05128468579669,110.1025693715934,-46.21974218626428,-8.831542499532455
436,3,10,-37.38819968673099,74.77639937346197,-18.69409984336549,-18.69409984336550
437,1,784,.000000000000000,.000000000000000,-27.39606106907787,27.39606106907787
437,2,256,-54.79212213815491,109.5842442763098,-46.55473522992504,-8.237386908229915
437,3,10,-38.31734832169428,76.63469664338855,-19.15867416084714,-19.15867416084713
438,1,784,.000000000000000,.000000000000000,-27.62227542441772,27.62227542441772
438,2,256,-55.24455084883466,110.4891016976693,-46.14109949029693,-9.103451358537711
438,3,10,-37.03764813175840,74.07529626351679,-18.51882406587919,-18.51882406587919
439,1,784,.000000000000000,.000000000000000,-27.68369935544485,27.68369935544485
439,2,256,-55.36739871088891,110.7347974217778,-46.04491246763974,-9.322486243249159
439,3,10,-36.72242622438976,73.44485244877953,-18.36121311219488,-18.36121311219489
440,1,784,.000000000000000,.000000000000000,-27.48983353189276,27.48983353189276
440,2,256,-54.97966706378475,109.9593341275695,-46.36623191050859,-8.613435153276125
440,3,10,-37.75279675723167,75.50559351446334,-18.87639837861583,-18.87639837861584
441,1,784,.000000000000000,.000000000000000,-27.47886854339708,27.47886854339708
441,2,256,-54.95773708679327,109.9154741735865,-46.21409810959623,-8.743638977197012
441,3,10,-37.47045913239842,74.94091826479684,-18.73522956619921,-18.73522956619921
442,1,784,.000000000000000,.000000000000000,-28.12514590015770,28.12514590015770
442,2,256,-56.25029180031454,112.5005836006291,-45.76347564135868,-10.48681615895585
442,3,10,-35.27665948240199,70.55331896480398,-17.63832974120099,-17.63832974120099
443,1,784,.000000000000000,.000000000000000,-27.54345869467303,27.54345869467303
443,2,256,-55.08691738934510,110.1738347786902,-45.99029997364002,-9.096617415705072
443,3,10,-36.89368255793414,73.78736511586828,-18.44684127896708,-18.44684127896706
444,1,784,.000000000000000,.000000000000000,-27.82325040515238,27.82325040515238
444,2,256,-55.64650081030396,111.2930016206079,-46.02036610285699,-9.626134707446999
444,3,10,-36.39423139540916,72.78846279081831,-18.19711569770457,-18.19711569770459
445,1,784,.000000000000000,.000000000000000,-27.43660482742144,27.43660482742144
445,2,256,-54.87320965484202,109.7464193096840,-45.97972034870153,-8.893489306140493
445,3,10,-37.08623104256021,74.17246208512043,-18.54311552128010,-18.54311552128012
446,1,784,.000000000000000,.000000000000000,-27.43524868343124,27.43524868343124
446,2,256,-54.87049736686155,109.7409947337231,-46.06299404425257,-8.807503322609040
446,3,10,-37.25549072164266,74.51098144328532,-18.62774536082134,-18.62774536082132
447,1,784,.000000000000000,.000000000000000,-27.34534192562334,27.34534192562334
447,2,256,-54.69068385124585,109.3813677024917,-46.22787782948802,-8.462806021757812
447,3,10,-37.76507180772937,75.53014361545874,-18.88253590386469,-18.88253590386469
448,1,784,.000000000000000,.000000000000000,-27.18805506357859,27.18805506357859
448,2,256,-54.37611012715634,108.7522202543127,-46.15517685596986,-8.220933271186553
448,3,10,-37.93424358478247,75.86848716956494,-18.96712179239123,-18.96712179239124
449,1,784,.000000000000000,.000000000000000,-27.54203224168963,27.54203224168963
449,2,256,-55.08406448337841,110.1681289667568,-46.36625507184117,-8.717809411537241
449,3,10,-37.64844566030312,75.29689132060625,-18.82422283015156,-18.82422283015157
450,1,784,.000000000000000,.000000000000000,-27.59814587187833,27.59814587187833
450,2,256,-55.19629174375579,110.3925834875116,-45.99913467257391,-9.197157071181907
450,3,10,-36.80197760139120,73.60395520278240,-18.40098880069559,-18.40098880069560
451,1,784,.000000000000000,.000000000000000,-27.71901487913163,27.71901487913163
451,2,256,-55.43802975826239,110.8760595165248,-46.06043683904403,-9.377592919218451
451,3,10,-36.68284391982474,73.36568783964948,-18.34142195991237,-18.34142195991237
452,1,784,.000000000000000,.000000000000000,-27.59448651125636,27.59448651125636
452,2,256,-55.18897302251191,110.3779460450238,-46.12935017716008,-9.059622845351839
452,3,10,-37.06972733180744,74.13945466361488,-18.53486366590371,-18.53486366590372
453,1,784,.000000000000000,.000000000000000,-27.09479550180055,27.09479550180055
453,2,256,-54.18959100360026,108.3791820072005,-46.53158751210056,-7.658003491499676
453,3,10,-38.87358402060008,77.74716804120015,-19.43679201030004,-19.43679201030004
454,1,784,.000000000000000,.000000000000000,-27.68536231161493,27.68536231161493
454,2,256,-55.37072462322902,110.7414492464580,-45.92714132312288,-9.443583300106116
454,3,10,-36.48355802301597,72.96711604603193,-18.24177901150798,-18.24177901150798
455,1,784,.000000000000000,.000000000000000,-27.85609882121424,27.85609882121424
455,2,256,-55.71219764242767,111.4243952848553,-45.87110281903978,-9.841094823387895
455,3,10,-36.03000799565106,72.06001599130212,-18.01500399782553,-18.01500399782553
456,1,784,.000000000000000,.000000000000000,-27.66924819495455,27.66924819495455
456,2,256,-55.33849638990826,110.6769927798165,-45.84033772090064,-9.498158669007671
456,3,10,-36.34217905189213,72.68435810378426,-18.17108952594607,-18.17108952594606
457,1,784,.000000000000000,.000000000000000,-27.80569889633529,27.80569889633529
457,2,256,-55.61139779266971,111.2227955853394,-45.70698735004493,-9.904410442624776
457,3,10,-35.80257690741934,71.60515381483867,-17.90128845370967,-17.90128845370967
458,1,784,.000000000000000,.000000000000000,-27.06361371251631,27.06361371251631
458,2,256,-54.12722742503183,108.2544548500637,-46.58882675284467,-7.538400672187126
458,3,10,-39.05042608065669,78.10085216131338,-19.52521304032835,-19.52521304032834
459,1,784,.000000000000000,.000000000000000,-27.57006650699705,27.57006650699705
459,2,256,-55.14013301399324,110.2802660279865,-46.20358786191776,-8.936545152075505
459,3,10,-37.26704270984143,74.53408541968285,-18.63352135492071,-18.63352135492071
460,1,784,.000000000000000,.000000000000000,-27.62891335631861,27.62891335631861
460,2,256,-55.25782671263649,110.5156534252730,-45.96350688516387,-9.294319827472586
460,3,10,-36.66918705769042,73.33837411538084,-18.33459352884522,-18.33459352884521
461,1,784,.000000000000000,.000000000000000,-27.78393135206818,27.78393135206818
461,2,256,-55.56786270413559,111.1357254082712,-46.10939694933030,-9.458465754805278
461,3,10,-36.65093119452420,73.30186238904841,-18.32546559726210,-18.32546559726210
462,1,784,.000000000000000,.000000000000000,-27.53048053500259,27.53048053500259
462,2,256,-55.06096107000440,110.1219221400088,-46.43861242027504,-8.622348649729286
462,3,10,-37.81626377054499,75.63252754108997,-18.90813188527250,-18.90813188527249
463,1,784,.000000000000000,.000000000000000,-27.93468911336489,27.93468911336489
463,2,256,-55.86937822672896,111.7387564534579,-46.04678219967519,-9.822596027053761
463,3,10,-36.22418617262058,72.44837234524117,-18.11209308631030,-18.11209308631028
464,1,784,.000000000000000,.000000000000000,-27.57960321463383,27.57960321463383
464,2,256,-55.15920642926676,110.3184128585335,-46.07337550680091,-9.085830922465840
464,3,10,-36.98754458433427,73.97508916866855,-18.49377229216713,-18.49377229216714
465,1,784,.000000000000000,.000000000000000,-27.39745091973945,27.39745091973945
465,2,256,-54.79490183947809,109.5898036789562,-45.88109082115052,-8.913811018327552
465,3,10,-36.96727980282218,73.93455960564437,-18.48363990141109,-18.48363990141109
466,1,784,.000000000000000,.000000000000000,-27.39262894959570,27.39262894959570
466,2,256,-54.78525789919053,109.5705157983811,-46.39703137691193,-8.388226522278590
466,3,10,-38.00880485463255,76.01760970926510,-19.00440242731628,-19.00440242731628
467,1,784,.000000000000000,.000000000000000,-27.93534510647951,27.93534510647951
467,2,256,-55.87069021295825,111.7413804259165,-45.98740092999160,-9.883289282966615
467,3,10,-36.10411164702416,72.20822329404832,-18.05205582351208,-18.05205582351208
468,1,784,.000000000000000,.000000000000000,-27.27607362395767,27.27607362395767
468,2,256,-54.55214724791445,109.1042944958289,-46.13031787953537,-8.421829368379123
468,3,10,-37.70848851115540,75.41697702231080,-18.85424425557770,-18.85424425557770
469,1,784,.000000000000000,.000000000000000,-27.77575237351911,27.77575237351911
469,2,256,-55.55150474703739,111.1030094940748,-46.01643001235238,-9.535074734684999
469,3,10,-36.48135527766656,72.96271055533312,-18.24067763883328,-18.24067763883329
470,1,784,.000000000000000,.000000000000000,-27.26049921145357,27.26049921145357
470,2,256,-54.52099842290627,109.0419968458125,-46.19160318332524,-8.329395239581027
470,3,10,-37.86220794374336,75.72441588748673,-18.93110397187169,-18.93110397187168
471,1,784,.000000000000000,.000000000000000,-27.50960286633222,27.50960286633222
471,2,256,-55.01920573266355,110.0384114653271,-46.05934774072693,-8.959857991936639
471,3,10,-37.09948974878944,74.19897949757888,-18.54974487439472,-18.54974487439473
472,1,784,.000000000000000,.000000000000000,-27.35498382004227,27.35498382004227
472,2,256,-54.70996764008369,109.4199352801674,-46.28715653638909,-8.422811103694578
472,3,10,-37.86434543269372,75.72869086538743,-18.93217271634686,-18.93217271634686
473,1,784,.000000000000000,.000000000000000,-27.51932577732675,27.51932577732675
473,2,256,-55.03865155465279,110.0773031093056,-46.25663024815510,-8.782021306497702
473,3,10,-37.47460894165657,74.94921788331314,-18.73730447082828,-18.73730447082828
474,1,784,.000000000000000,.000000000000000,-27.67945290152638,27.67945290152638
474,2,256,-55.35890580305191,110.7178116061038,-45.97831194071994,-9.380593862332022
474,3,10,-36.59771807838709,73.19543615677418,-18.29885903919354,-18.29885903919355
475,1,784,.000000000000000,.000000000000000,-27.33072464954996,27.33072464954996
475,2,256,-54.66144929909918,109.3228985981984,-45.97960409256483,-8.681845206534298
475,3,10,-37.29775888602974,74.59551777205948,-18.64887944301487,-18.64887944301488
476,1,784,.000000000000000,.000000000000000,-27.24072889931048,27.24072889931048
476,2,256,-54.48145779862011,108.9629155972402,-46.16997107463971,-8.311486723980369
476,3,10,-37.85848435065851,75.71696870131703,-18.92924217532926,-18.92924217532925
477,1,784,.000000000000000,.000000000000000,-27.34545037361552,27.34545037361552
477,2,256,-54.69090074723018,109.3818014944604,-46.35259247027292,-8.338308276957250
477,3,10,-38.01428419331485,76.02856838662970,-19.00714209665743,-19.00714209665742
478,1,784,.000000000000000,.000000000000000,-27.80893052279897,27.80893052279897
478,2,256,-55.61786104559720,111.2357220911944,-45.77406322031243,-9.843797825284737
478,3,10,-35.93026539502685,71.86053079005370,-17.96513269751343,-17.96513269751343
479,1,784,.000000000000000,.000000000000000,-27.71993798974157,27.71993798974157
479,2,256,-55.43987597948232,110.8797519589646,-46.32890408626577,-9.110971893216536
479,3,10,-37.21793219304838,74.43586438609675,-18.60896609652419,-18.60896609652418
480,1,784,.000000000000000,.000000000000000,-27.62331312634013,27.62331312634013
480,2,256,-55.24662625267944,110.4932525053589,-45.91618488609595,-9.330441366583472
480,3,10,-36.58574351951166,73.17148703902332,-18.29287175975583,-18.29287175975583
481,1,784,.000000000000000,.000000000000000,-27.33625096770652,27.33625096770652
481,2,256,-54.67250193541230,109.3450038708246,-46.50358907729454,-8.168912858117727
481,3,10,-38.33467621917599,76.66935243835198,-19.16733810958799,-19.16733810958801
482,1,784,.000000000000000,.000000000000000,-27.86603343780916,27.86603343780916
482,2,256,-55.73206687561754,111.4641337512351,-45.68465796705156,-10.04740890856593
482,3,10,-35.63724905848483,71.27449811696967,-17.81862452924242,-17.81862452924242
483,1,784,.000000000000000,.000000000000000,-27.39331626450698,27.39331626450698
483,2,256,-54.78663252901312,109.5732650580262,-46.22595655601901,-8.560675972994082
483,3,10,-37.66528058302413,75.33056116604827,-18.83264029151207,-18.83264029151207
484,1,784,.000000000000000,.000000000000000,-27.92223084950177,27.92223084950177
484,2,256,-55.84446169900272,111.6889233980054,-45.53773147302755,-10.30673022597519
484,3,10,-35.23100124705154,70.46200249410309,-17.61550062352577,-17.61550062352577
485,1,784,.000000000000000,.000000000000000,-27.95864249497883,27.95864249497883
485,2,256,-55.91728498995687,111.8345699799137,-45.80320608259300,-10.11407890736387
485,3,10,-35.68912717522828,71.37825435045656,-17.84456358761414,-17.84456358761414
486,1,784,.000000000000000,.000000000000000,-27.73851046300584,27.73851046300584
486,2,256,-55.47702092601087,110.9540418520217,-46.08965825350671,-9.387362672504125
486,3,10,-36.70229558100177,73.40459116200354,-18.35114779050089,-18.35114779050087
487,1,784,.000000000000000,.000000000000000,-27.68933336437736,27.68933336437736
487,2,256,-55.37866672875393,110.7573334575079,-46.17617584643700,-9.202490882316917
487,3,10,-36.97368496411926,73.94736992823852,-18.48684248205963,-18.48684248205963
488,1,784,.000000000000000,.000000000000000,-27.17515635698109,27.17515635698109
488,2,256,-54.35031271396146,108.7006254279229,-46.36611840766844,-7.984194306292951
488,3,10,-38.38192410137464,76.76384820274929,-19.19096205068732,-19.19096205068732
489,1,784,.000000000000000,.000000000000000,-27.40044285279768,27.40044285279768
489,2,256,-54.80088570559452,109.6017714111890,-46.60735769300722,-8.193528012587310
489,3,10,-38.41382968041905,76.82765936083810,-19.20691484020952,-19.20691484020953
490,1,784,.000000000000000,.000000000000000,-27.67882080287036,27.67882080287036
490,2,256,-55.35764160573988,110.7152832114798,-45.96886260164869,-9.388779004091193
490,3,10,-36.58008359755667,73.16016719511333,-18.29004179877833,-18.29004179877833
491,1,784,.000000000000000,.000000000000000,-27.39027213022021,27.39027213022021
491,2,256,-54.78054426043960,109.5610885208792,-46.32156821818638,-8.458976042253227
491,3,10,-37.86259217593231,75.72518435186463,-18.93129608796616,-18.93129608796616
492,1,784,.000000000000000,.000000000000000,-27.45295905472448,27.45295905472448
492,2,256,-54.90591810944813,109.8118362188963,-46.34995031861641,-8.555967790831739
492,3,10,-37.79398252778380,75.58796505556761,-18.89699126389190,-18.89699126389190
493,1,784,.000000000000000,.000000000000000,-27.46848411418853,27.46848411418853
493,2,256,-54.93696822837615,109.8739364567523,-45.91191285387744,-9.025055374498708
493,3,10,-36.88685747937789,73.77371495875579,-18.44342873968895,-18.44342873968894
494,1,784,.000000000000000,.000000000000000,-27.37708744002288,27.37708744002288
494,2,256,-54.75417488004489,109.5083497600898,-46.57423505036493,-8.179939829679951
494,3,10,-38.39429522068413,76.78859044136826,-19.19714761034207,-19.19714761034206
495,1,784,.000000000000000,.000000000000000,-27.41317017878810,27.41317017878810
495,2,256,-54.82634035757543,109.6526807151509,-46.11252624638657,-8.713814111188842
495,3,10,-37.39871213519692,74.79742427039383,-18.69935606759845,-18.69935606759846
496,1,784,.000000000000000,.000000000000000,-27.73672187821670,27.73672187821670
496,2,256,-55.47344375643261,110.9468875128652,-45.97899569413665,-9.494448062295975
496,3,10,-36.48454763183982,72.96909526367963,-18.24227381591991,-18.24227381591991
497,1,784,.000000000000000,.000000000000000,-27.26034383531822,27.26034383531822
497,2,256,-54.52068767063560,109.0413753412712,-46.38003558861217,-8.140652082023433
497,3,10,-38.23938350658790,76.47876701317580,-19.11969175329395,-19.11969175329395
498,1,784,.000000000000000,.000000000000000,-27.52764281839301,27.52764281839301
498,2,256,-55.05528563678516,110.1105712735703,-46.08612667458672,-8.969158962198447
498,3,10,-37.11696771238741,74.23393542477483,-18.55848385619371,-18.55848385619371
499,1,784,.000000000000000,.000000000000000,-27.71825324677640,27.71825324677640
499,2,256,-55.43650649355196,110.8730129871039,-46.16823319935184,-9.268273294200156
499,3,10,-36.89995990515079,73.79991981030159,-18.44997995257541,-18.44997995257539
500,1,784,.000000000000000,.000000000000000,-27.43937969066871,27.43937969066871
500,2,256,-54.87875938133657,109.7575187626731,-46.13414542101641,-8.744613960320144
500,3,10,-37.38953146069544,74.77906292139087,-18.69476573034773,-18.69476573034772
501,1,784,.000000000000000,.000000000000000,-27.69129571834008,27.69129571834008
501,2,256,-55.38259143667938,110.7651828733588,-45.89440784384915,-9.488183592830209
501,3,10,-36.40622425101812,72.81244850203623,-18.20311212550906,-18.20311212550906
502,1,784,.000000000000000,.000000000000000,-27.72962114890737,27.72962114890737
502,2,256,-55.45924229781384,110.9184845956277,-46.15896467658408,-9.300277621229739
502,3,10,-36.85868705535351,73.71737411070703,-18.42934352767676,-18.42934352767676
503,1,784,.000000000000000,.000000000000000,-27.84892703032079,27.84892703032079
503,2,256,-55.69785406064084,111.3957081212817,-45.80843707435176,-9.889416986289005
503,3,10,-35.91902008806194,71.83804017612388,-17.95951004403097,-17.95951004403096
504,1,784,.000000000000000,.000000000000000,-27.40980631169856,27.40980631169856
504,2,256,-54.81961262339634,109.6392252467927,-46.30965156170006,-8.509961061696274
504,3,10,-37.79969050000296,75.59938100000592,-18.89984525000148,-18.89984525000148
505,1,784,.000000000000000,.000000000000000,-27.30391181825698,27.30391181825698
505,2,256,-54.60782363651317,109.2156472730263,-46.26482927843151,-8.342994358081661
505,3,10,-37.92183492034900,75.84366984069800,-18.96091746017450,-18.96091746017450
506,1,784,.000000000000000,.000000000000000,-27.73140815503175,27.73140815503175
506,2,256,-55.46281631006260,110.9256326201252,-46.03572478949897,-9.427091520563682
506,3,10,-36.60863326893443,73.21726653786885,-18.30431663446722,-18.30431663446721
507,1,784,.000000000000000,.000000000000000,-27.42256830925333,27.42256830925333
507,2,256,-54.84513661850580,109.6902732370116,-46.32849519208915,-8.516641426416642
507,3,10,-37.81185376567168,75.62370753134336,-18.90592688283584,-18.90592688283584
508,1,784,.000000000000000,.000000000000000,-27.73806069760299,27.73806069760299
508,2,256,-55.47612139520515,110.9522427904103,-45.96854877532522,-9.507572619879976
508,3,10,-36.46097615544441,72.92195231088881,-18.23048807772220,-18.23048807772221
509,1,784,.000000000000000,.000000000000000,-27.60539552858155,27.60539552858155
509,2,256,-55.21079105716222,110.4215821143244,-46.18375875545472,-9.027032301707498
509,3,10,-37.15672645374639,74.31345290749279,-18.57836322687319,-18.57836322687320
510,1,784,.000000000000000,.000000000000000,-27.86346361287293,27.86346361287293
510,2,256,-55.72692722574508,111.4538544514902,-46.20054331693697,-9.526383908808135
510,3,10,-36.67415940812799,73.34831881625598,-18.33707970406400,-18.33707970406400
511,1,784,.000000000000000,.000000000000000,-27.55623227848817,27.55623227848817
511,2,256,-55.11246455697550,110.2249291139510,-46.57357164890825,-8.538892908067272
511,3,10,-38.03467874084014,76.06935748168027,-19.01733937042007,-19.01733937042007
512,1,784,.000000000000000,.000000000000000,-27.52794480422070,27.52794480422070
512,2,256,-55.05588960844047,110.1117792168809,-46.17098231491201,-8.884907293528558
512,3,10,-37.28607502138259,74.57215004276519,-18.64303751069130,-18.64303751069130
513,1,784,.000000000000000,.000000000000000,-27.58992133932864,27.58992133932864
513,2,256,-55.17984267865648,110.3596853573130,-45.97208515648431,-9.207757522172184
513,3,10,-36.76432763431129,73.52865526862257,-18.38216381715565,-18.38216381715564
514,1,784,.000000000000000,.000000000000000,-27.43852380439479,27.43852380439479
514,2,256,-54.87704760878886,109.7540952175777,-46.26198564754288,-8.615061961245978
514,3,10,-37.64692368629608,75.29384737259217,-18.82346184314805,-18.82346184314803
515,1,784,.000000000000000,.000000000000000,-27.42223772294883,27.42223772294883
515,2,256,-54.84447544589684,109.6889508917937,-46.05185590543321,-8.792619540463589
515,3,10,-37.25923636496881,74.51847272993763,-18.62961818248441,-18.62961818248441
516,1,784,.000000000000000,.000000000000000,-27.26576631057566,27.26576631057566
516,2,256,-54.53153262115053,109.0630652423011,-46.53161601226738,-7.999916608883119
516,3,10,-38.53169940338346,77.06339880676691,-19.26584970169174,-19.26584970169171
517,1,784,.000000000000000,.000000000000000,-27.12021555734695,27.12021555734695
517,2,256,-54.24043111469305,108.4808622293861,-46.46754409930625,-7.772887015386816
517,3,10,-38.69465708391860,77.38931416783720,-19.34732854195930,-19.34732854195930
518,1,784,.000000000000000,.000000000000000,-27.24426648070085,27.24426648070085
518,2,256,-54.48853296140085,108.9770659228017,-46.15189147669108,-8.336641484709794
518,3,10,-37.81524999198045,75.63049998396090,-18.90762499599023,-18.90762499599021
519,1,784,.000000000000000,.000000000000000,-27.62659946619581,27.62659946619581
519,2,256,-55.25319893239079,110.5063978647816,-45.96031594311292,-9.292882989277878
519,3,10,-36.66743295383420,73.33486590766840,-18.33371647691711,-18.33371647691709
520,1,784,.000000000000000,.000000000000000,-27.33273114657726,27.33273114657726
520,2,256,-54.66546229315367,109.3309245863073,-46.17245622660607,-8.493006066547606
520,3,10,-37.67945016005765,75.35890032011530,-18.83972508002882,-18.83972508002883
521,1,784,.000000000000000,.000000000000000,-27.43965297374086,27.43965297374086
521,2,256,-54.87930594748092,109.7586118949618,-46.17590921537876,-8.703396732102135
521,3,10,-37.47251248327578,74.94502496655156,-18.73625624163790,-18.73625624163789
522,1,784,.000000000000000,.000000000000000,-27.22578069251039,27.22578069251039
522,2,256,-54.45156138501994,108.9031227700399,-46.39258671450104,-8.058974670518891
522,3,10,-38.33361204398129,76.66722408796258,-19.16680602199064,-19.16680602199064
523,1,784,.000000000000000,.000000000000000,-27.97897032795528,27.97897032795528
523,2,256,-55.95794065590984,111.9158813118197,-45.77803298527441,-10.17990767063539
523,3,10,-35.59812531463820,71.19625062927641,-17.79906265731910,-17.79906265731910
524,1,784,.000000000000000,.000000000000000,-27.87786953465018,27.87786953465018
524,2,256,-55.75573906929951,111.5114781385990,-45.78450727309249,-9.971231796207022
524,3,10,-35.81327547688466,71.62655095376931,-17.90663773844233,-17.90663773844232
525,1,784,.000000000000000,.000000000000000,-27.40428808065032,27.40428808065032
525,2,256,-54.80857616129978,109.6171523225996,-46.30595772800818,-8.502618433291582
525,3,10,-37.80333929471583,75.60667858943165,-18.90166964735791,-18.90166964735792
526,1,784,.000000000000000,.000000000000000,-27.23881097929389,27.23881097929389
526,2,256,-54.47762195858697,108.9552439171739,-46.32050725857724,-8.157114700009732
526,3,10,-38.16339255856671,76.32678511713341,-19.08169627928335,-19.08169627928335
527,1,784,.000000000000000,.000000000000000,-27.69692144238927,27.69692144238927
527,2,256,-55.39384288477779,110.7876857695556,-45.80330038385628,-9.590542500921499
527,3,10,-36.21275788293395,72.42551576586790,-18.10637894146697,-18.10637894146698
528,1,784,.000000000000000,.000000000000000,-27.21078422000844,27.21078422000844
528,2,256,-54.42156844001600,108.8431368800320,-46.43406429096854,-7.987504149047488
528,3,10,-38.44656014192023,76.89312028384046,-19.22328007096011,-19.22328007096012
529,1,784,.000000000000000,.000000000000000,-27.63407918134006,27.63407918134006
529,2,256,-55.26815836267936,110.5363167253587,-46.11090793914118,-9.157250423538157
529,3,10,-36.95365751560221,73.90731503120442,-18.47682875780111,-18.47682875780111
530,1,784,.000000000000000,.000000000000000,-27.31563357472452,27.31563357472452
530,2,256,-54.63126714944821,109.2625342988964,-46.31996010026864,-8.311307049179518
530,3,10,-38.00865305108827,76.01730610217655,-19.00432652554414,-19.00432652554413
531,1,784,.000000000000000,.000000000000000,-27.66072854122763,27.66072854122763
531,2,256,-55.32145708245434,110.6429141649087,-46.36455267149653,-8.956904410957780
531,3,10,-37.40764826053800,74.81529652107601,-18.70382413026900,-18.70382413026900
532,1,784,.000000000000000,.000000000000000,-27.54079423225654,27.54079423225654
532,2,256,-55.08158846451222,110.1631769290244,-45.99785351756758,-9.083734946944640
532,3,10,-36.91411857062210,73.82823714124420,-18.45705928531105,-18.45705928531105
533,1,784,.000000000000000,.000000000000000,-27.28227072257828,27.28227072257828
533,2,256,-54.56454144515572,109.1290828903114,-46.51969960926334,-8.044841835892358
533,3,10,-38.47485777337018,76.94971554674035,-19.23742888668509,-19.23742888668509
534,1,784,.000000000000000,.000000000000000,-27.84725807044550,27.84725807044550
534,2,256,-55.69451614089016,111.3890322817803,-45.60710360617182,-10.08741253471842
534,3,10,-35.51969107145253,71.03938214290507,-17.75984553572627,-17.75984553572627
535,1,784,.000000000000000,.000000000000000,-27.71444709544535,27.71444709544535
535,2,256,-55.42889419088980,110.8577883817796,-45.88186680960557,-9.547027381284277
535,3,10,-36.33483942832046,72.66967885664091,-18.16741971416023,-18.16741971416022
536,1,784,.000000000000000,.000000000000000,-27.51062088071932,27.51062088071932
536,2,256,-55.02124176143791,110.0424835228758,-46.21724067021664,-8.804001091221279
536,3,10,-37.41323957899453,74.82647915798906,-18.70661978949727,-18.70661978949726
537,1,784,.000000000000000,.000000000000000,-27.35752364194360,27.35752364194360
537,2,256,-54.71504728388632,109.4300945677726,-46.37190125023368,-8.343146033652637
537,3,10,-38.02875521658022,76.05751043316045,-19.01437760829011,-19.01437760829011
538,1,784,.000000000000000,.000000000000000,-27.18544517462197,27.18544517462197
538,2,256,-54.37089034924315,108.7417806984863,-46.49615567802113,-7.874734671222008
538,3,10,-38.62142100679829,77.24284201359659,-19.31071050339915,-19.31071050339916
539,1,784,.000000000000000,.000000000000000,-27.66504479157166,27.66504479157166
539,2,256,-55.33008958314241,110.6601791662848,-45.86408672953816,-9.466002853604287
539,3,10,-36.39808387593302,72.79616775186604,-18.19904193796651,-18.19904193796651
540,1,784,.000000000000000,.000000000000000,-27.43844647315393,27.43844647315393
540,2,256,-54.87689294630703,109.7537858926141,-46.58454609270575,-8.292346853601256
540,3,10,-38.29219923910368,76.58439847820736,-19.14609961955184,-19.14609961955184
541,1,784,.000000000000000,.000000000000000,-27.58797689592197,27.58797689592197
541,2,256,-55.17595379184313,110.3519075836863,-46.12182813266919,-9.054125659173884
541,3,10,-37.06770247349451,74.13540494698901,-18.53385123674726,-18.53385123674725
542,1,784,.000000000000000,.000000000000000,-27.58175485451099,27.58175485451099
542,2,256,-55.16350970902115,110.3270194180423,-46.13122419443378,-9.032285514587363
542,3,10,-37.09893867984558,74.19787735969116,-18.54946933992280,-18.54946933992279
543,1,784,.000000000000000,.000000000000000,-27.51941955263594,27.51941955263594
543,2,256,-55.03883910527104,110.0776782105421,-46.24735131610532,-8.791487789165709
543,3,10,-37.45586352693881,74.91172705387761,-18.72793176346941,-18.72793176346941
544,1,784,.000000000000000,.000000000000000,-27.69532966998501,27.69532966998501
544,2,256,-55.39065933996910,110.7813186799382,-46.12026360521147,-9.270395734757660
544,3,10,-36.84986787045300,73.69973574090599,-18.42493393522650,-18.42493393522650
545,1,784,.000000000000000,.000000000000000,-27.39603837627801,27.39603837627801
545,2,256,-54.79207675255522,109.5841535051104,-46.14828117999590,-8.643795572559332
545,3,10,-37.50448560743571,75.00897121487142,-18.75224280371786,-18.75224280371785
546,1,784,.000000000000000,.000000000000000,-27.44613438066763,27.44613438066763
546,2,256,-54.89226876133439,109.7845375226688,-45.99812886456592,-8.894139896768454
546,3,10,-37.10398896779668,74.20797793559336,-18.55199448389834,-18.55199448389834
547,1,784,.000000000000000,.000000000000000,-27.86781221441387,27.86781221441387
547,2,256,-55.73562442882701,111.4712488576540,-45.98310003106371,-9.752524397763260
547,3,10,-36.23057563329964,72.46115126659929,-18.11528781664982,-18.11528781664982
548,1,784,.000000000000000,.000000000000000,-27.55330632675870,27.55330632675870
548,2,256,-55.10661265351656,110.2132253070331,-46.32207929155752,-8.784533361959081
548,3,10,-37.53754592959758,75.07509185919515,-18.76877296479879,-18.76877296479879
549,1,784,.000000000000000,.000000000000000,-27.43908440744282,27.43908440744282
549,2,256,-54.87816881488493,109.7563376297699,-46.09440949783002,-8.783759317054853
549,3,10,-37.31065018077435,74.62130036154871,-18.65532509038718,-18.65532509038718
550,1,784,.000000000000000,.000000000000000,-27.46861302726492,27.46861302726492
550,2,256,-54.93722605452898,109.8744521090580,-46.22199448425394,-8.715231570275016
550,3,10,-37.50676291397813,75.01352582795626,-18.75338145698907,-18.75338145698906
551,1,784,.000000000000000,.000000000000000,-27.18039489725100,27.18039489725100
551,2,256,-54.36078979450116,108.7215795890023,-46.23025802516207,-8.130531769339068
551,3,10,-38.09972625582216,76.19945251164432,-19.04986312791108,-19.04986312791108
552,1,784,.000000000000000,.000000000000000,-27.57801891219232,27.57801891219232
552,2,256,-55.15603782438385,110.3120756487677,-45.84138433040347,-9.314653493980362
552,3,10,-36.52673083642225,73.05346167284449,-18.26336541821112,-18.26336541821112
553,1,784,.000000000000000,.000000000000000,-27.33873895148120,27.33873895148120
553,2,256,-54.67747790296159,109.3549558059232,-46.12825620384130,-8.549221699120306
553,3,10,-37.57903450472012,75.15806900944024,-18.78951725236007,-18.78951725236005
554,1,784,.000000000000000,.000000000000000,-27.45018308877198,27.45018308877198
554,2,256,-54.90036617754309,109.8007323550862,-46.07369913513896,-8.826667042404141
554,3,10,-37.24703209273400,74.49406418546799,-18.62351604636700,-18.62351604636700
555,1,784,.000000000000000,.000000000000000,-27.05236068329310,27.05236068329310
555,2,256,-54.10472136658537,108.2094427331707,-46.50318776871950,-7.601533597865880
555,3,10,-38.90165417085282,77.80330834170563,-19.45082708542640,-19.45082708542641
556,1,784,.000000000000000,.000000000000000,-27.57625066518576,27.57625066518576
556,2,256,-55.15250133037064,110.3050026607413,-45.95374552764414,-9.198755802726568
556,3,10,-36.75498972491675,73.50997944983349,-18.37749486245837,-18.37749486245837
557,1,784,.000000000000000,.000000000000000,-27.57755731602046,27.57755731602046
557,2,256,-55.15511463203998,110.3102292640800,-46.14205729589650,-9.013057336143506
557,3,10,-37.12899995975216,74.25799991950431,-18.56449997987608,-18.56449997987608
558,1,784,.000000000000000,.000000000000000,-27.82623776769461,27.82623776769461
558,2,256,-55.65247553538838,111.3049510707768,-45.93510918001028,-9.717366355378084
558,3,10,-36.21774282463136,72.43548564926272,-18.10887141231569,-18.10887141231567
559,1,784,.000000000000000,.000000000000000,-27.62047863779148,27.62047863779148
559,2,256,-55.24095727558213,110.4819145511643,-46.27610188325022,-8.964855392331893
559,3,10,-37.31124649091751,74.62249298183502,-18.65562324545875,-18.65562324545876
560,1,784,.000000000000000,.000000000000000,-27.49461360735356,27.49461360735356
560,2,256,-54.98922721470633,109.9784544294127,-46.52585238490275,-8.463374829803538
560,3,10,-38.06247755509841,76.12495511019682,-19.03123877754920,-19.03123877754920
561,1,784,.000000000000000,.000000000000000,-27.48817163693854,27.48817163693854
561,2,256,-54.97634327387625,109.9526865477525,-46.29106379847035,-8.685279475405906
561,3,10,-37.60578432306360,75.21156864612720,-18.80289216153180,-18.80289216153180
562,1,784,.000000000000000,.000000000000000,-27.78048098353070,27.78048098353070
562,2,256,-55.56096196706066,111.1219239341213,-45.80567788890431,-9.755284078156370
562,3,10,-36.05039381074709,72.10078762149418,-18.02519690537355,-18.02519690537353
563,1,784,.000000000000000,.000000000000000,-27.62361969106768,27.62361969106768
563,2,256,-55.24723938213447,110.4944787642689,-46.06206739347443,-9.185171988660063
563,3,10,-36.87689540481349,73.75379080962698,-18.43844770240676,-18.43844770240674
564,1,784,.000000000000000,.000000000000000,-27.88174092786415,27.88174092786415
564,2,256,-55.76348185572749,111.5269637114550,-45.68799843959415,-10.07548341613331
564,3,10,-35.61251502346000,71.22503004692000,-17.80625751173001,-17.80625751172999
565,1,784,.000000000000000,.000000000000000,-27.35152838045399,27.35152838045399
565,2,256,-54.70305676090719,109.4061135218144,-46.29955280493918,-8.403503955967974
565,3,10,-37.89604884897038,75.79209769794076,-18.94802442448519,-18.94802442448519
566,1,784,.000000000000000,.000000000000000,-27.66900786992145,27.66900786992145
566,2,256,-55.33801573984203,110.6760314796841,-46.03221809298128,-9.305797646860784
566,3,10,-36.72642044611964,73.45284089223928,-18.36321022305982,-18.36321022305982
567,1,784,.000000000000000,.000000000000000,-27.68345105884825,27.68345105884825
567,2,256,-55.36690211769567,110.7338042353913,-45.73995905417192,-9.626943063523731
567,3,10,-36.11301599064738,72.22603198129475,-18.05650799532368,-18.05650799532369
568,1,784,.000000000000000,.000000000000000,-27.26161612077030,27.26161612077030
568,2,256,-54.52323224153973,109.0464644830795,-46.53827670867153,-7.984955532868202
568,3,10,-38.55332117580245,77.10664235160490,-19.27666058790124,-19.27666058790122
569,1,784,.000000000000000,.000000000000000,-27.50206224533784,27.50206224533784
569,2,256,-55.00412449067484,110.0082489813497,-46.05464699083315,-8.949477499841670
569,3,10,-37.10516949099068,74.21033898198137,-18.55258474549533,-18.55258474549534
570,1,784,.000000000000000,.000000000000000,-27.57448036684960,27.57448036684960
570,2,256,-55.14896073369837,110.2979214673967,-45.90131164695020,-9.247649086748174
570,3,10,-36.65366256020121,73.30732512040241,-18.32683128010060,-18.32683128010060
571,1,784,.000000000000000,.000000000000000,-27.39915187151705,27.39915187151705
571,2,256,-54.79830374303331,109.5966074860666,-46.20393101815154,-8.594372724881810
571,3,10,-37.60955829326885,75.21911658653771,-18.80477914663444,-18.80477914663443
572,1,784,.000000000000000,.000000000000000,-27.63363119006638,27.63363119006638
572,2,256,-55.26726238013190,110.5345247602638,-46.11880448223686,-9.148457897895028
572,3,10,-36.97034658434104,73.94069316868209,-18.48517329217052,-18.48517329217053
573,1,784,.000000000000000,.000000000000000,-27.48416734439527,27.48416734439527
573,2,256,-54.96833468878965,109.9366693775793,-46.06201727064590,-8.906317418143759
573,3,10,-37.15569985250131,74.31139970500261,-18.57784992625066,-18.57784992625066
574,1,784,.000000000000000,.000000000000000,-27.28091034604072,27.28091034604072
574,2,256,-54.56182069208058,109.1236413841612,-46.52410583002562,-8.037714862054900
574,3,10,-38.48639096796990,76.97278193593981,-19.24319548398494,-19.24319548398496
575,1,784,.000000000000000,.000000000000000,-27.59632135590453,27.59632135590453
575,2,256,-55.19264271180814,110.3852854236163,-46.22379735288063,-8.968845358927554
575,3,10,-37.25495199395228,74.50990398790456,-18.62747599697615,-18.62747599697614
576,1,784,.000000000000000,.000000000000000,-27.53198959103279,27.53198959103279
576,2,256,-55.06397918206484,110.1279583641297,-46.28742468659385,-8.776554495470998
576,3,10,-37.51087019112202,75.02174038224405,-18.75543509556102,-18.75543509556101
577,1,784,.000000000000000,.000000000000000,-27.50965843418601,27.50965843418601
577,2,256,-55.01931686837125,110.0386337367425,-46.22697671055472,-8.792340157816533
577,3,10,-37.43463655273735,74.86927310547469,-18.71731827636867,-18.71731827636867
578,1,784,.000000000000000,.000000000000000,-27.31687588357478,27.31687588357478
578,2,256,-54.63375176714869,109.2675035342974,-46.30509307504396,-8.328658692104794
578,3,10,-37.97643438293834,75.95286876587667,-18.98821719146917,-18.98821719146916
579,1,784,.000000000000000,.000000000000000,-27.27258069116092,27.27258069116092
579,2,256,-54.54516138232108,109.0903227646422,-46.47311512772466,-8.072046254596430
579,3,10,-38.40106887312740,76.80213774625480,-19.20053443656369,-19.20053443656370
580,1,784,.000000000000000,.000000000000000,-27.56896425682014,27.56896425682014
580,2,256,-55.13792851363955,110.2758570272791,-45.98691247695405,-9.151016036685437
580,3,10,-36.83589644026780,73.67179288053559,-18.41794822013390,-18.41794822013389
581,1,784,.000000000000000,.000000000000000,-27.32565570132093,27.32565570132093
581,2,256,-54.65131140264113,109.3026228052823,-46.43802956914923,-8.213281833491870
581,3,10,-38.22474773565656,76.44949547131311,-19.11237386782827,-19.11237386782829
582,1,784,.000000000000000,.000000000000000,-27.46579523637360,27.46579523637360
582,2,256,-54.93159047274636,109.8631809454927,-46.08502310427524,-8.846567368471174
582,3,10,-37.23845573580322,74.47691147160644,-18.61922786790161,-18.61922786790161
583,1,784,.000000000000000,.000000000000000,-27.79774099223438,27.79774099223438
583,2,256,-55.59548198446799,111.1909639689360,-45.73341394604891,-9.862068038419155
583,3,10,-35.87134590762891,71.74269181525781,-17.93567295381445,-17.93567295381445
584,1,784,.000000000000000,.000000000000000,-27.60929074740070,27.60929074740070
584,2,256,-55.21858149480060,110.4371629896012,-45.96868806312836,-9.249893431672254
584,3,10,-36.71879463145527,73.43758926291055,-18.35939731572763,-18.35939731572763
585,1,784,.000000000000000,.000000000000000,-27.63790987741693,27.63790987741693
585,2,256,-55.27581975483305,110.5516395096661,-46.04144946876107,-9.234370286071968
585,3,10,-36.80707918268826,73.61415836537651,-18.40353959134413,-18.40353959134412
586,1,784,.000000000000000,.000000000000000,-27.58076809218936,27.58076809218936
586,2,256,-55.16153618437785,110.3230723687557,-46.03713172201982,-9.124404462358024
586,3,10,-36.91272725966099,73.82545451932198,-18.45636362983049,-18.45636362983050
587,1,784,.000000000000000,.000000000000000,-27.49274691078734,27.49274691078734
587,2,256,-54.98549382157388,109.9709876431478,-46.27897726602923,-8.706516555544640
587,3,10,-37.57246071048377,75.14492142096753,-18.78623035524188,-18.78623035524189
588,1,784,.000000000000000,.000000000000000,-27.83071098122181,27.83071098122181
588,2,256,-55.66142196244273,111.3228439248855,-46.07217519722715,-9.589246765215636
588,3,10,-36.48292843201067,72.96585686402133,-18.24146421600533,-18.24146421600533
589,1,784,.000000000000000,.000000000000000,-28.03035382887350,28.03035382887350
589,2,256,-56.06070765774626,112.1214153154925,-45.70068334019359,-10.36002431755264
589,3,10,-35.34065902264012,70.68131804528024,-17.67032951132006,-17.67032951132005
590,1,784,.000000000000000,.000000000000000,-27.36350595553867,27.36350595553867
590,2,256,-54.72701191107654,109.4540238221531,-46.09685274187704,-8.630159169199523
590,3,10,-37.46669357267669,74.93338714535338,-18.73334678633834,-18.73334678633834
591,1,784,.000000000000000,.000000000000000,-27.65171117944263,27.65171117944263
591,2,256,-55.30342235888445,110.6068447177689,-46.02571200148963,-9.277710357394849
591,3,10,-36.74800164409393,73.49600328818786,-18.37400082204697,-18.37400082204697
592,1,784,.000000000000000,.000000000000000,-27.54533490713984,27.54533490713984
592,2,256,-55.09066981427890,110.1813396285578,-46.00127069643415,-9.089399117844700
592,3,10,-36.91187157858864,73.82374315717728,-18.45593578929432,-18.45593578929432
593,1,784,.000000000000000,.000000000000000,-27.72201152013682,27.72201152013682
593,2,256,-55.44402304027284,110.8880460805457,-45.83395493175365,-9.610068108519183
593,3,10,-36.22388682323368,72.44777364646735,-18.11194341161684,-18.11194341161684
594,1,784,.000000000000000,.000000000000000,-27.47034943570582,27.47034943570582
594,2,256,-54.94069887141086,109.8813977428217,-45.88366407656964,-9.057034794841226
594,3,10,-36.82662928172758,73.65325856345515,-18.41331464086379,-18.41331464086379
595,1,784,.000000000000000,.000000000000000,-27.29960364369150,27.29960364369150
595,2,256,-54.59920728738223,109.1984145747645,-46.36190810610556,-8.237299181276651
595,3,10,-38.12460892482811,76.24921784965622,-19.06230446241404,-19.06230446241406
596,1,784,.000000000000000,.000000000000000,-27.44067813743798,27.44067813743798
596,2,256,-54.88135627487510,109.7627125497502,-46.30077796047470,-8.580578314400393
596,3,10,-37.72019964607348,75.44039929214696,-18.86009982303674,-18.86009982303674
597,1,784,.000000000000000,.000000000000000,-27.61219633003628,27.61219633003628
597,2,256,-55.22439266007176,110.4487853201435,-46.31219353327815,-8.912199126793626
597,3,10,-37.39999440648364,74.79998881296729,-18.69999720324182,-18.69999720324182
598,1,784,.000000000000000,.000000000000000,-27.21899056164533,27.21899056164533
598,2,256,-54.43798112328984,108.8759622465797,-46.37764876512210,-8.060332358167717
598,3,10,-38.31731640695358,76.63463281390716,-19.15865820347679,-19.15865820347679
599,1,784,.000000000000000,.000000000000000,-27.40672710010018,27.40672710010018
599,2,256,-54.81345420019957,109.6269084003991,-46.22763587393023,-8.585818326269276
599,3,10,-37.64181754766015,75.28363509532029,-18.82090877383006,-18.82090877383007
600,1,784,.000000000000000,.000000000000000,-27.53318324126914,27.53318324126914
600,2,256,-55.06636648253752,110.1327329650750,-46.16223820968415,-8.904128272853361
600,3,10,-37.25810993682997,74.51621987365995,-18.62905496841499,-18.62905496841499
601,1,784,.000000000000000,.000000000000000,-27.72565732164790,27.72565732164790
601,2,256,-55.45131464329494,110.9026292865899,-46.07708457808008,-9.374230065214849
601,3,10,-36.70285451286439,73.40570902572878,-18.35142725643219,-18.35142725643220
602,1,784,.000000000000000,.000000000000000,-27.51187502501921,27.51187502501921
602,2,256,-55.02375005003757,110.0475001000751,-45.90697999811282,-9.116770051924773
602,3,10,-36.79020994618722,73.58041989237444,-18.39510497309361,-18.39510497309361
603,1,784,.000000000000000,.000000000000000,-27.78005854442877,27.78005854442877
603,2,256,-55.56011708885664,111.1202341777133,-45.82651931109636,-9.733597777760314
603,3,10,-36.09292153333524,72.18584306667049,-18.04646076666763,-18.04646076666763
604,1,784,.000000000000000,.000000000000000,-27.39634111547559,27.39634111547559
604,2,256,-54.79268223095038,109.5853644619008,-46.53737317327760,-8.255309057672765
604,3,10,-38.28206411560402,76.56412823120804,-19.14103205780201,-19.14103205780201
605,1,784,.000000000000000,.000000000000000,-27.16098096889845,27.16098096889845
605,2,256,-54.32196193779605,108.6439238755921,-46.55279043376787,-7.769171504028137
605,3,10,-38.78361892973891,77.56723785947783,-19.39180946486946,-19.39180946486945
606,1,784,.000000000000000,.000000000000000,-27.74733256524724,27.74733256524724
606,2,256,-55.49466513049363,110.9893302609873,-45.83823685868171,-9.656428271811965
606,3,10,-36.18180858686886,72.36361717373772,-18.09090429343443,-18.09090429343442
607,1,784,.000000000000000,.000000000000000,-27.68929568314662,27.68929568314662
607,2,256,-55.37859136629242,110.7571827325848,-46.07719697311261,-9.301394393179800
607,3,10,-36.77580257993196,73.55160515986391,-18.38790128996598,-18.38790128996598
608,1,784,.000000000000000,.000000000000000,-27.42422314626722,27.42422314626722
608,2,256,-54.84844629253352,109.6968925850670,-46.24148922189599,-8.606957070637510
608,3,10,-37.63453215125765,75.26906430251530,-18.81726607562883,-18.81726607562882
609,1,784,.000000000000000,.000000000000000,-27.50695071333586,27.50695071333586
609,2,256,-55.01390142667087,110.0278028533417,-46.15314505216902,-8.860756374501852
609,3,10,-37.29238867766633,74.58477735533266,-18.64619433883317,-18.64619433883316
610,1,784,.000000000000000,.000000000000000,-27.31882457937374,27.31882457937374
610,2,256,-54.63764915874668,109.2752983174934,-46.11585645468813,-8.521792704058592
610,3,10,-37.59406375062870,75.18812750125740,-18.79703187531435,-18.79703187531435
611,1,784,.000000000000000,.000000000000000,-27.33246521748432,27.33246521748432
611,2,256,-54.66493043496784,109.3298608699357,-46.47679781188754,-8.188132623080303
611,3,10,-38.28866518880641,76.57733037761282,-19.14433259440320,-19.14433259440321
612,1,784,.000000000000000,.000000000000000,-27.63602152924352,27.63602152924352
612,2,256,-55.27204305848630,110.5440861169726,-45.66861992052710,-9.603423137959204
612,3,10,-36.06519678256704,72.13039356513409,-18.03259839128351,-18.03259839128352
613,1,784,.000000000000000,.000000000000000,-27.07299774053169,27.07299774053169
613,2,256,-54.14599548106248,108.2919909621250,-46.32772253735294,-7.818272943709609
613,3,10,-38.50944959364249,77.01889918728499,-19.25472479682124,-19.25472479682125
614,1,784,.000000000000000,.000000000000000,-27.51173238344331,27.51173238344331
614,2,256,-55.02346476688577,110.0469295337715,-45.97616515474268,-9.047299612143055
614,3,10,-36.92886554259881,73.85773108519763,-18.46443277129940,-18.46443277129941
615,1,784,.000000000000000,.000000000000000,-27.25279702223441,27.25279702223441
615,2,256,-54.50559404446801,109.0111880889360,-46.21146177217349,-8.294132272294545
615,3,10,-37.91732949987808,75.83465899975616,-18.95866474993904,-18.95866474993904
616,1,784,.000000000000000,.000000000000000,-27.45560570351767,27.45560570351767
616,2,256,-54.91121140703449,109.8224228140690,-46.18215207592276,-8.729059331111719
616,3,10,-37.45309274481023,74.90618548962046,-18.72654637240511,-18.72654637240511
617,1,784,.000000000000000,.000000000000000,-27.42972200123820,27.42972200123820
617,2,256,-54.85944400247554,109.7188880049511,-46.10212521722941,-8.757318785246127
617,3,10,-37.34480643198246,74.68961286396492,-18.67240321599124,-18.67240321599123
618,1,784,.000000000000000,.000000000000000,-27.45482515979103,27.45482515979103
618,2,256,-54.90965031958123,109.8193006391625,-46.12974914253551,-8.779901177045698
618,3,10,-37.34984796548900,74.69969593097801,-18.67492398274451,-18.67492398274451
619,1,784,.000000000000000,.000000000000000,-27.54741529475918,27.54741529475918
619,2,256,-55.09483058951758,110.1896611790352,-46.17938721769198,-8.915443371825523
619,3,10,-37.26394384586568,74.52788769173135,-18.63197192293283,-18.63197192293284
620,1,784,.000000000000000,.000000000000000,-27.71305243441895,27.71305243441895
620,2,256,-55.42610486883711,110.8522097376742,-45.99261325183675,-9.433491617000362
620,3,10,-36.55912163483551,73.11824326967101,-18.27956081741776,-18.27956081741775
621,1,784,.000000000000000,.000000000000000,-27.77309112066129,27.77309112066129
621,2,256,-55.54618224132179,111.0923644826436,-45.96923743333011,-9.576944807991644
621,3,10,-36.39229262533765,72.78458525067531,-18.19614631266883,-18.19614631266882
622,1,784,.000000000000000,.000000000000000,-27.38012438379232,27.38012438379232
622,2,256,-54.76024876758383,109.5204975351677,-46.39810798044775,-8.362140787136108
622,3,10,-38.03596719331079,76.07193438662158,-19.01798359665539,-19.01798359665540
623,1,784,.000000000000000,.000000000000000,-27.40118005572676,27.40118005572676
623,2,256,-54.80236011145270,109.6047202229054,-46.19621289026069,-8.606147221192010
623,3,10,-37.59006566906783,75.18013133813565,-18.79503283453392,-18.79503283453391
624,1,784,.000000000000000,.000000000000000,-27.50064393450762,27.50064393450762
624,2,256,-55.00128786901443,110.0025757380289,-46.27588334822197,-8.725404520792413
624,3,10,-37.55047882742875,75.10095765485751,-18.77523941371438,-18.77523941371438
625,1,784,.000000000000000,.000000000000000,-27.73034593493875,27.73034593493875
625,2,256,-55.46069186987667,110.9213837397533,-46.34783608410127,-9.112855785775425
625,3,10,-37.23498029832499,74.46996059664998,-18.61749014916250,-18.61749014916250
626,1,784,.000000000000000,.000000000000000,-27.49741007385775,27.49741007385775
626,2,256,-54.99482014771472,109.9896402954294,-46.00654357117332,-8.988276576541384
626,3,10,-37.01826699463112,74.03653398926224,-18.50913349731555,-18.50913349731556
627,1,784,.000000000000000,.000000000000000,-27.40288183111151,27.40288183111151
627,2,256,-54.80576366222223,109.6115273244445,-46.24047434073048,-8.565289321491738
627,3,10,-37.67518501923786,75.35037003847572,-18.83759250961893,-18.83759250961892
628,1,784,.000000000000000,.000000000000000,-27.31592438257805,27.31592438257805
628,2,256,-54.63184876515526,109.2636975303105,-46.11505275620369,-8.516796008951571
628,3,10,-37.59825674725127,75.19651349450254,-18.79912837362563,-18.79912837362563
629,1,784,.000000000000000,.000000000000000,-27.54661166972777,27.54661166972777
629,2,256,-55.09322333945466,110.1864466789093,-46.28327301256703,-8.809950326887648
629,3,10,-37.47332268567854,74.94664537135708,-18.73666134283926,-18.73666134283927
630,1,784,.000000000000000,.000000000000000,-27.87908327034940,27.87908327034940
630,2,256,-55.75816654069795,111.5163330813959,-45.72348994017381,-10.03467660052413
630,3,10,-35.68881333964885,71.37762667929769,-17.84440666982442,-17.84440666982443
631,1,784,.000000000000000,.000000000000000,-27.38358709238798,27.38358709238798
631,2,256,-54.76717418477514,109.5343483695503,-46.28917644918135,-8.477997735593778
631,3,10,-37.81117871358674,75.62235742717348,-18.90558935679337,-18.90558935679337
632,1,784,.000000000000000,.000000000000000,-27.45297350639770,27.45297350639770
632,2,256,-54.90594701279460,109.8118940255892,-46.26228643807616,-8.643660574718471
632,3,10,-37.61862586335683,75.23725172671365,-18.80931293167842,-18.80931293167841
633,1,784,.000000000000000,.000000000000000,-27.58106422213478,27.58106422213478
633,2,256,-55.16212844426880,110.3242568885376,-46.31927829911713,-8.842850145151667
633,3,10,-37.47642815396463,74.95285630792925,-18.73821407698231,-18.73821407698231
634,1,784,.000000000000000,.000000000000000,-27.72014300775325,27.72014300775325
634,2,256,-55.44028601550573,110.8805720310115,-46.21071613663570,-9.229569878870066
634,3,10,-36.98114625776479,73.96229251552958,-18.49057312888239,-18.49057312888239
635,1,784,.000000000000000,.000000000000000,-27.54395280063546,27.54395280063546
635,2,256,-55.08790560127009,110.1758112025402,-45.97014351072447,-9.117762090545643
635,3,10,-36.85238142017801,73.70476284035601,-18.42619071008900,-18.42619071008900
636,1,784,.000000000000000,.000000000000000,-27.37602109972445,27.37602109972445
636,2,256,-54.75204219944805,109.5040843988961,-46.55355606466205,-8.198486134786014
636,3,10,-38.35506992987520,76.71013985975040,-19.17753496493759,-19.17753496493761
637,1,784,.000000000000000,.000000000000000,-27.90029108507466,27.90029108507466
637,2,256,-55.80058217014845,111.6011643402969,-45.81741755444799,-9.983164615700515
637,3,10,-35.83425293874664,71.66850587749329,-17.91712646937331,-17.91712646937332
638,1,784,.000000000000000,.000000000000000,-27.81905832532447,27.81905832532447
638,2,256,-55.63811665064811,111.2762333012962,-45.65782771417565,-9.980288936472435
638,3,10,-35.67753877770240,71.35507755540479,-17.83876938885120,-17.83876938885119
639,1,784,.000000000000000,.000000000000000,-27.67551746345960,27.67551746345960
639,2,256,-55.35103492691842,110.7020698538368,-46.14188442261317,-9.209150504305249
639,3,10,-36.93273391830707,73.86546783661414,-18.46636695915354,-18.46636695915353
640,1,784,.000000000000000,.000000000000000,-27.79103161615557,27.79103161615557
640,2,256,-55.58206323231034,111.1641264646207,-46.05271307369392,-9.529350158616435
640,3,10,-36.52336291507664,73.04672583015328,-18.26168145753832,-18.26168145753832
641,1,784,.000000000000000,.000000000000000,-27.59078797467876,27.59078797467876
641,2,256,-55.18157594935681,110.3631518987136,-46.01214086850003,-9.169435080856754
641,3,10,-36.84270578764246,73.68541157528492,-18.42135289382123,-18.42135289382123
642,1,784,.000000000000000,.000000000000000,-27.33460742059236,27.33460742059236
642,2,256,-54.66921484118395,109.3384296823679,-46.42206732537318,-8.247147515810772
642,3,10,-38.17491980956152,76.34983961912305,-19.08745990478077,-19.08745990478075
643,1,784,.000000000000000,.000000000000000,-27.53951426576828,27.53951426576828
643,2,256,-55.07902853153572,110.1580570630714,-46.15468132192599,-8.924347209609744
643,3,10,-37.23033411231542,74.46066822463084,-18.61516705615771,-18.61516705615770
644,1,784,.000000000000000,.000000000000000,-27.44041808059113,27.44041808059113
644,2,256,-54.88083616118151,109.7616723223630,-46.33879185308881,-8.542044308092704
644,3,10,-37.79674754499526,75.59349508999051,-18.89837377249763,-18.89837377249763
645,1,784,.000000000000000,.000000000000000,-27.51596267709588,27.51596267709588
645,2,256,-55.03192535419097,110.0638507083819,-46.44851064770558,-8.583414706485369
645,3,10,-37.86509594121939,75.73019188243877,-18.93254797060969,-18.93254797060969
646,1,784,.000000000000000,.000000000000000,-27.90506027108765,27.90506027108765
646,2,256,-55.81012054217448,111.6202410843490,-45.57611913229622,-10.23400140987823
646,3,10,-35.34211772241719,70.68423544483439,-17.67105886120859,-17.67105886120860
647,1,784,.000000000000000,.000000000000000,-27.33004994833052,27.33004994833052
647,2,256,-54.66009989666022,109.3201997933204,-46.31839075043833,-8.341709146221891
647,3,10,-37.97668160421557,75.95336320843114,-18.98834080210779,-18.98834080210779
648,1,784,.000000000000000,.000000000000000,-27.30941107419088,27.30941107419088
648,2,256,-54.61882214838092,109.2376442967618,-45.97628776623970,-8.642534382141234
648,3,10,-37.33375338409768,74.66750676819535,-18.66687669204883,-18.66687669204885
649,1,784,.000000000000000,.000000000000000,-27.55214094213605,27.55214094213605
649,2,256,-55.10428188427115,110.2085637685423,-45.88408023328975,-9.220201650981412
649,3,10,-36.66387858230749,73.32775716461498,-18.33193929115376,-18.33193929115373
650,1,784,.000000000000000,.000000000000000,-27.29023991491433,27.29023991491433
650,2,256,-54.58047982982779,109.1609596596556,-46.35301854353332,-8.227461286294448
650,3,10,-38.12555725723805,76.25111451447610,-19.06277862861904,-19.06277862861901
651,1,784,.000000000000000,.000000000000000,-27.56383277299235,27.56383277299235
651,2,256,-55.12766554598389,110.2553310919678,-46.11845965332159,-9.009205892662369
651,3,10,-37.10925376065833,74.21850752131667,-18.55462688032917,-18.55462688032917
652,1,784,.000000000000000,.000000000000000,-27.20648921730181,27.20648921730181
652,2,256,-54.41297843460283,108.8259568692057,-46.68459851036951,-7.728379924233274
652,3,10,-38.95621858613541,77.91243717227081,-19.47810929306771,-19.47810929306770
653,1,784,.000000000000000,.000000000000000,-27.67622462017190,27.67622462017190
653,2,256,-55.35244924034301,110.7048984806860,-46.13821833581619,-9.214230904526763
653,3,10,-36.92398743128861,73.84797486257722,-18.46199371564431,-18.46199371564430
654,1,784,.000000000000000,.000000000000000,-27.78705161461533,27.78705161461533
654,2,256,-55.57410322922979,111.1482064584596,-46.04926162072279,-9.524841608507014
654,3,10,-36.52442001221497,73.04884002442994,-18.26221000610748,-18.26221000610749
655,1,784,.000000000000000,.000000000000000,-27.85954014009319,27.85954014009319
655,2,256,-55.71908028018553,111.4381605603711,-46.10856170553063,-9.610518574654902
655,3,10,-36.49804313087488,72.99608626174977,-18.24902156543744,-18.24902156543744
656,1,784,.000000000000000,.000000000000000,-27.63679059193068,27.63679059193068
656,2,256,-55.27358118386059,110.5471623677212,-46.09154229193658,-9.182038891924053
656,3,10,-36.90950340001169,73.81900680002339,-18.45475170000585,-18.45475170000584
657,1,784,.000000000000000,.000000000000000,-27.60657499372727,27.60657499372727
657,2,256,-55.21314998745375,110.4262999749075,-46.02408385644814,-9.189066131005580
657,3,10,-36.83501772544176,73.67003545088352,-18.41750886272088,-18.41750886272087
658,1,784,.000000000000000,.000000000000000,-27.70508241565336,27.70508241565336
658,2,256,-55.41016483130588,110.8203296626118,-46.05159858566953,-9.358566245636331
658,3,10,-36.69303234003237,73.38606468006475,-18.34651617001619,-18.34651617001619
659,1,784,.000000000000000,.000000000000000,-27.58070785181947,27.58070785181947
659,2,256,-55.16141570363811,110.3228314072762,-46.05547607685144,-9.105939626786684
659,3,10,-36.94953645006391,73.89907290012782,-18.47476822503194,-18.47476822503196
660,1,784,.000000000000000,.000000000000000,-27.49638765928619,27.49638765928619
660,2,256,-54.99277531857160,109.9855506371432,-45.71185712339574,-9.280918195175827
660,3,10,-36.43093892821906,72.86187785643813,-18.21546946410953,-18.21546946410954
661,1,784,.000000000000000,.000000000000000,-27.39700986170326,27.39700986170326
661,2,256,-54.79401972340570,109.5880394468114,-46.38089416948832,-8.413125553917396
661,3,10,-37.96776861557007,75.93553723114013,-18.98388430778503,-18.98388430778503
662,1,784,.000000000000000,.000000000000000,-27.11474582215845,27.11474582215845
662,2,256,-54.22949164431605,108.4589832886321,-46.32109475610113,-7.908396888214951
662,3,10,-38.41269786788533,76.82539573577067,-19.20634893394267,-19.20634893394267
663,1,784,.000000000000000,.000000000000000,-27.51272016393711,27.51272016393711
663,2,256,-55.02544032787333,110.0508806557467,-46.11081668780378,-8.914623640069600
663,3,10,-37.19619304773333,74.39238609546666,-18.59809652386667,-18.59809652386666
664,1,784,.000000000000000,.000000000000000,-27.75798443194395,27.75798443194395
664,2,256,-55.51596886388705,111.0319377277741,-46.18906691626076,-9.326901947626315
664,3,10,-36.86216496863358,73.72432993726716,-18.43108248431680,-18.43108248431678
665,1,784,.000000000000000,.000000000000000,-27.31654858108711,27.31654858108711
665,2,256,-54.63309716217333,109.2661943243467,-46.17208251456069,-8.461014647612672
665,3,10,-37.71106786694719,75.42213573389438,-18.85553393347359,-18.85553393347359
666,1,784,.000000000000000,.000000000000000,-27.52723220641769,27.52723220641769
666,2,256,-55.05446441283449,110.1089288256690,-45.95767626572503,-9.096788147109471
666,3,10,-36.86088811861474,73.72177623722948,-18.43044405930737,-18.43044405930737
667,1,784,.000000000000000,.000000000000000,-27.31654845161097,27.31654845161097
667,2,256,-54.63309690322112,109.2661938064422,-46.31066957804216,-8.322427325178944
667,3,10,-37.98824225286243,75.97648450572487,-18.99412112643121,-18.99412112643123
668,1,784,.000000000000000,.000000000000000,-27.13814876054963,27.13814876054963
668,2,256,-54.27629752109838,108.5525950421968,-46.57774102596012,-7.698556495138249
668,3,10,-38.87918453082106,77.75836906164213,-19.43959226541053,-19.43959226541054
669,1,784,.000000000000000,.000000000000000,-27.85761053334127,27.85761053334127
669,2,256,-55.71522106668174,111.4304421333635,-45.88047893093473,-9.834742135746952
669,3,10,-36.04573679518698,72.09147359037395,-18.02286839759348,-18.02286839759348
670,1,784,.000000000000000,.000000000000000,-27.40768556925624,27.40768556925624
670,2,256,-54.81537113851159,109.6307422770232,-46.01482601743029,-8.800545121081285
670,3,10,-37.21428089634817,74.42856179269634,-18.60714044817409,-18.60714044817409
671,1,784,.000000000000000,.000000000000000,-27.32026158369798,27.32026158369798
671,2,256,-54.64052316739503,109.2810463347901,-46.13465662135867,-8.505866546036383
671,3,10,-37.62879007532143,75.25758015064287,-18.81439503766072,-18.81439503766071
672,1,784,.000000000000000,.000000000000000,-27.14439369271951,27.14439369271951
672,2,256,-54.28878738543821,108.5775747708764,-46.30047180732073,-7.988315578117471
672,3,10,-38.31215622920244,76.62431245840489,-19.15607811460123,-19.15607811460122
673,1,784,.000000000000000,.000000000000000,-27.49974939188574,27.49974939188574
673,2,256,-54.99949878377068,109.9989975675414,-46.40932328190471,-8.590175501865922
673,3,10,-37.81914778003798,75.63829556007596,-18.90957389001899,-18.90957389001899
674,1,784,.000000000000000,.000000000000000,-27.04063861746200,27.04063861746200
674,2,256,-54.08127723492322,108.1625544698464,-46.44113014322092,-7.640147091702284
674,3,10,-38.80098305151783,77.60196610303566,-19.40049152575891,-19.40049152575892
675,1,784,.000000000000000,.000000000000000,-27.55992096523924,27.55992096523924
675,2,256,-55.11984193047769,110.2396838609554,-46.31865893937382,-8.801182991103872
675,3,10,-37.51747594826909,75.03495189653819,-18.75873797413455,-18.75873797413454
676,1,784,.000000000000000,.000000000000000,-27.82615711848980,27.82615711848980
676,2,256,-55.65231423697869,111.3046284739574,-45.72835670773623,-9.923957529242498
676,3,10,-35.80439917849290,71.60879835698580,-17.90219958924645,-17.90219958924645
677,1,784,.000000000000000,.000000000000000,-27.66258683945465,27.66258683945465
677,2,256,-55.32517367890852,110.6503473578170,-46.13613246577895,-9.189041213129626
677,3,10,-36.94709125264843,73.89418250529685,-18.47354562632422,-18.47354562632421
678,1,784,.000000000000000,.000000000000000,-27.55194615609490,27.55194615609490
678,2,256,-55.10389231218893,110.2077846243779,-46.47467957032922,-8.629212741859725
678,3,10,-37.84546682846862,75.69093365693723,-18.92273341423432,-18.92273341423431
679,1,784,.000000000000000,.000000000000000,-27.36009792216116,27.36009792216116
679,2,256,-54.72019584432148,109.4403916886430,-46.00631769048144,-8.713878153840026
679,3,10,-37.29243953664061,74.58487907328123,-18.64621976832030,-18.64621976832031
680,1,784,.000000000000000,.000000000000000,-27.35686341100276,27.35686341100276
680,2,256,-54.71372682200467,109.4274536440093,-46.56203426408376,-8.151692557920924
680,3,10,-38.41034170616201,76.82068341232402,-19.20517085308101,-19.20517085308100
681,1,784,.000000000000000,.000000000000000,-27.49359383760322,27.49359383760322
681,2,256,-54.98718767520558,109.9743753504112,-46.52679491705760,-8.460392758148036
681,3,10,-38.06640215890869,76.13280431781737,-19.03320107945435,-19.03320107945434
682,1,784,.000000000000000,.000000000000000,-27.42319731292988,27.42319731292988
682,2,256,-54.84639462585903,109.6927892517181,-46.17329900930147,-8.673095616557529
682,3,10,-37.50020339274310,75.00040678548621,-18.75010169637155,-18.75010169637155
683,1,784,.000000000000000,.000000000000000,-27.70872070909537,27.70872070909537
683,2,256,-55.41744141818992,110.8348828363798,-46.05421194522027,-9.363229472969660
683,3,10,-36.69098247224976,73.38196494449952,-18.34549123612488,-18.34549123612488
684,1,784,.000000000000000,.000000000000000,-27.63832826167489,27.63832826167489
684,2,256,-55.27665652334900,110.5533130466980,-46.45982541784899,-8.816831105500000
684,3,10,-37.64299431234815,75.28598862469630,-18.82149715617409,-18.82149715617407
685,1,784,.000000000000000,.000000000000000,-27.38059399677169,27.38059399677169
685,2,256,-54.76118799354264,109.5223759870853,-46.44918219751379,-8.312005796028823
685,3,10,-38.13717640148415,76.27435280296829,-19.06858820074207,-19.06858820074208
686,1,784,.000000000000000,.000000000000000,-27.57066762236571,27.57066762236571
686,2,256,-55.14133524473058,110.2826704894612,-45.72834439421377,-9.412990850516799
686,3,10,-36.31535354369613,72.63070708739225,-18.15767677184806,-18.15767677184807
687,1,784,.000000000000000,.000000000000000,-27.34137811553318,27.34137811553318
687,2,256,-54.68275623106550,109.3655124621310,-46.08893864915157,-8.593817581913902
687,3,10,-37.49512106723684,74.99024213447369,-18.74756053361842,-18.74756053361842
688,1,784,.000000000000000,.000000000000000,-27.43874466101270,27.43874466101270
688,2,256,-54.87748932202457,109.7549786440491,-46.34375684363785,-8.533732478386735
688,3,10,-37.81002436525031,75.62004873050063,-18.90501218262515,-18.90501218262516
689,1,784,.000000000000000,.000000000000000,-27.43708009235062,27.43708009235062
689,2,256,-54.87416018470039,109.7483203694008,-46.28794633712138,-8.586213847578959
689,3,10,-37.70173248954163,75.40346497908327,-18.85086624477081,-18.85086624477081
690,1,784,.000000000000000,.000000000000000,-27.48358427130300,27.48358427130300
690,2,256,-54.96716854260522,109.9343370852104,-46.16788217675546,-8.799286365849737
690,3,10,-37.36859581090491,74.73719162180981,-18.68429790545245,-18.68429790545245
691,1,784,.000000000000000,.000000000000000,-27.81605140671191,27.81605140671191
691,2,256,-55.63210281342303,111.2642056268461,-45.98052147211069,-9.651581341312278
691,3,10,-36.32894013079765,72.65788026159530,-18.16447006539882,-18.16447006539882
692,1,784,.000000000000000,.000000000000000,-27.70263832626278,27.70263832626278
692,2,256,-55.40527665252473,110.8105533050495,-46.25332806582203,-9.151948586702691
692,3,10,-37.10137947911851,74.20275895823701,-18.55068973955925,-18.55068973955925
693,1,784,.000000000000000,.000000000000000,-27.67249325986693,27.67249325986693
693,2,256,-55.34498651973303,110.6899730394661,-45.99438710673147,-9.350599413001593
693,3,10,-36.64378769372904,73.28757538745808,-18.32189384686453,-18.32189384686452
694,1,784,.000000000000000,.000000000000000,-27.46987200406010,27.46987200406010
694,2,256,-54.93974400811939,109.8794880162388,-46.18089571741422,-8.758848290705181
694,3,10,-37.42204742670821,74.84409485341642,-18.71102371335410,-18.71102371335411
695,1,784,.000000000000000,.000000000000000,-27.17836238271747,27.17836238271747
695,2,256,-54.35672476543410,108.7134495308682,-46.58934842099583,-7.767376344438193
695,3,10,-38.82197207655684,77.64394415311368,-19.41098603827842,-19.41098603827843
696,1,784,.000000000000000,.000000000000000,-27.31502319990044,27.31502319990044
696,2,256,-54.63004639980002,109.2600927996000,-46.69010979188566,-7.939936607914432
696,3,10,-38.75017318397032,77.50034636794064,-19.37508659198515,-19.37508659198516
697,1,784,.000000000000000,.000000000000000,-27.35795995449292,27.35795995449292
697,2,256,-54.71591990898508,109.4318398179702,-46.20094253258618,-8.514977376398882
697,3,10,-37.68596515618646,75.37193031237292,-18.84298257809323,-18.84298257809323
698,1,784,.000000000000000,.000000000000000,-27.14277502849234,27.14277502849234
698,2,256,-54.28555005698384,108.5711001139677,-46.43673837129079,-7.848811685693049
698,3,10,-38.58792668559690,77.17585337119380,-19.29396334279845,-19.29396334279843
699,1,784,.000000000000000,.000000000000000,-27.66577695151492,27.66577695151492
699,2,256,-55.33155390302901,110.6631078060580,-46.10078035171479,-9.230773551314181
699,3,10,-36.87000680039982,73.74001360079964,-18.43500340019992,-18.43500340019990
700,1,784,.000000000000000,.000000000000000,-27.74744476075296,27.74744476075296
700,2,256,-55.49488952150509,110.9897790430102,-45.88466332653472,-9.610226194970421
700,3,10,-36.27443713156345,72.54887426312689,-18.13721856578172,-18.13721856578172
701,1,784,.000000000000000,.000000000000000,-27.65693244649029,27.65693244649029
701,2,256,-55.31386489297974,110.6277297859595,-46.19730561311768,-9.116559279862072
701,3,10,-37.08074633325477,74.16149266650955,-18.54037316662739,-18.54037316662738
702,1,784,.000000000000000,.000000000000000,-27.12486303944875,27.12486303944875
702,2,256,-54.24972607889667,108.4994521577933,-46.63182481055301,-7.617901268343695
702,3,10,-39.01392354220848,78.02784708441696,-19.50696177110424,-19.50696177110424
703,1,784,.000000000000000,.000000000000000,-27.51814898101595,27.51814898101595
703,2,256,-55.03629796203106,110.0725959240621,-46.17357987016953,-8.862718091861552
703,3,10,-37.31086177830713,74.62172355661426,-18.65543088915357,-18.65543088915356
704,1,784,.000000000000000,.000000000000000,-27.54763521701112,27.54763521701112
704,2,256,-55.09527043402143,110.1905408680429,-45.93864822462573,-9.156622209395673
704,3,10,-36.78202601522923,73.56405203045847,-18.39101300761461,-18.39101300761461
705,1,784,.000000000000000,.000000000000000,-27.29720687019439,27.29720687019439
705,2,256,-54.59441374038785,109.1888274807757,-46.32728811839419,-8.267125621993676
705,3,10,-38.06016249639969,76.12032499279938,-19.03008124819984,-19.03008124819985
706,1,784,.000000000000000,.000000000000000,-27.55408949319859,27.55408949319859
706,2,256,-55.10817898639636,110.2163579727927,-46.21263888533345,-8.895540101062871
706,3,10,-37.31709878426975,74.63419756853949,-18.65854939213487,-18.65854939213488
707,1,784,.000000000000000,.000000000000000,-27.39731057851924,27.39731057851924
707,2,256,-54.79462115703773,109.5892423140755,-46.32629524159405,-8.468325915443664
707,3,10,-37.85796932614956,75.71593865229913,-18.92898466307478,-18.92898466307479
708,1,784,.000000000000000,.000000000000000,-27.33174986069672,27.33174986069672
708,2,256,-54.66349972139265,109.3269994427853,-46.24767200479118,-8.415827716601429
708,3,10,-37.83184428818898,75.66368857637795,-18.91592214409448,-18.91592214409449
709,1,784,.000000000000000,.000000000000000,-27.62261230830510,27.62261230830510
709,2,256,-55.24522461660933,110.4904492332187,-45.89650768192526,-9.348716934684068
709,3,10,-36.54779074724034,73.09558149448068,-18.27389537362017,-18.27389537362016
710,1,784,.000000000000000,.000000000000000,-27.68815726141878,27.68815726141878
710,2,256,-55.37631452283686,110.7526290456737,-45.78181275817673,-9.594501764660063
710,3,10,-36.18731099351580,72.37462198703160,-18.09365549675791,-18.09365549675790
711,1,784,.000000000000000,.000000000000000,-27.29153078608910,27.29153078608910
711,2,256,-54.58306157217744,109.1661231443549,-46.26738390781371,-8.315677664363728
711,3,10,-37.95170624344915,75.90341248689830,-18.97585312172457,-18.97585312172458
712,1,784,.000000000000000,.000000000000000,-27.67092573094452,27.67092573094452
712,2,256,-55.34185146188820,110.6837029237764,-45.98844047991615,-9.353410981971992
712,3,10,-36.63502949794338,73.27005899588676,-18.31751474897169,-18.31751474897169
713,1,784,.000000000000000,.000000000000000,-27.02911198946939,27.02911198946939
713,2,256,-54.05822397893796,108.1164479578759,-46.27099394743450,-7.787230031503482
713,3,10,-38.48376391593017,76.96752783186034,-19.24188195796508,-19.24188195796509
714,1,784,.000000000000000,.000000000000000,-27.95890337187848,27.95890337187848
714,2,256,-55.91780674375613,111.8356134875123,-45.83262341705366,-10.08518332670246
714,3,10,-35.74744009035039,71.49488018070079,-17.87372004517519,-17.87372004517520
715,1,784,.000000000000000,.000000000000000,-27.76902477594414,27.76902477594414
715,2,256,-55.53804955188743,111.0760991037749,-45.90747315710423,-9.630576394783249
715,3,10,-36.27689676232012,72.55379352464024,-18.13844838116006,-18.13844838116006
716,1,784,.000000000000000,.000000000000000,-27.69463695481408,27.69463695481408
716,2,256,-55.38927390962735,110.7785478192547,-46.02683533227344,-9.362438577353881
716,3,10,-36.66439675491871,73.32879350983742,-18.33219837745936,-18.33219837745936
717,1,784,.000000000000000,.000000000000000,-27.47369648712007,27.47369648712007
717,2,256,-54.94739297423931,109.8947859484786,-46.18499762293290,-8.762395351306441
717,3,10,-37.42260227162562,74.84520454325124,-18.71130113581281,-18.71130113581281
718,1,784,.000000000000000,.000000000000000,-27.90654717951703,27.90654717951703
718,2,256,-55.81309435903330,111.6261887180666,-46.15174636814474,-9.661347990888514
718,3,10,-36.49039837725541,72.98079675451082,-18.24519918862770,-18.24519918862770
719,1,784,.000000000000000,.000000000000000,-27.08496635530457,27.08496635530457
719,2,256,-54.16993271060830,108.3398654212166,-46.46885820183921,-7.701074508769126
719,3,10,-38.76778369306925,77.53556738613850,-19.38389184653462,-19.38389184653463
720,1,784,.000000000000000,.000000000000000,-27.49124491206989,27.49124491206989
720,2,256,-54.98248982413890,109.9649796482778,-45.83617072991038,-9.146319094228486
720,3,10,-36.68985163568104,73.37970327136209,-18.34492581784053,-18.34492581784051
721,1,784,.000000000000000,.000000000000000,-27.91178750310601,27.91178750310601
721,2,256,-55.82357500621109,111.6471500124222,-46.11338666105772,-9.710188345153369
721,3,10,-36.40319831590352,72.80639663180705,-18.20159915795176,-18.20159915795176
722,1,784,.000000000000000,.000000000000000,-27.47274199948888,27.47274199948888
722,2,256,-54.94548399897685,109.8909679979537,-46.11300866351361,-8.832475335463229
722,3,10,-37.28053332804955,74.56106665609910,-18.64026666402478,-18.64026666402478
723,1,784,.000000000000000,.000000000000000,-27.76551242600427,27.76551242600427
723,2,256,-55.53102485200774,111.0620497040155,-45.77108915525567,-9.759935696752077
723,3,10,-36.01115345850275,72.02230691700549,-18.00557672925137,-18.00557672925138
724,1,784,.000000000000000,.000000000000000,-27.84868926637084,27.84868926637084
724,2,256,-55.69737853274085,111.3947570654817,-45.64726560662295,-10.05011292611790
724,3,10,-35.59715268050422,71.19430536100845,-17.79857634025211,-17.79857634025212
725,1,784,.000000000000000,.000000000000000,-27.60614728379106,27.60614728379106
725,2,256,-55.21229456758135,110.4245891351627,-46.18671186183752,-9.025582705743806
725,3,10,-37.16112915609290,74.32225831218580,-18.58056457804645,-18.58056457804644
726,1,784,.000000000000000,.000000000000000,-27.40240518996881,27.40240518996881
726,2,256,-54.80481037993672,109.6096207598734,-46.39994665926254,-8.404863720674225
726,3,10,-37.99508293858744,75.99016587717489,-18.99754146929373,-18.99754146929372
727,1,784,.000000000000000,.000000000000000,-27.40592459003534,27.40592459003534
727,2,256,-54.81184918006988,109.6236983601398,-46.24623337554417,-8.565615804525732
727,3,10,-37.68061757101759,75.36123514203517,-18.84030878550879,-18.84030878550880
728,1,784,.000000000000000,.000000000000000,-27.47295241404992,27.47295241404992
728,2,256,-54.94590482809897,109.8918096561979,-46.23384508870300,-8.712059739395967
728,3,10,-37.52178534930621,75.04357069861243,-18.76089267465312,-18.76089267465310
729,1,784,.000000000000000,.000000000000000,-27.65561154851056,27.65561154851056
729,2,256,-55.31122309702030,110.6224461940406,-46.05286606571186,-9.258357031308446
729,3,10,-36.79450903440261,73.58901806880522,-18.39725451720130,-18.39725451720131
730,1,784,.000000000000000,.000000000000000,-27.57286186820299,27.57286186820299
730,2,256,-55.14572373640517,110.2914474728103,-46.43408083882913,-8.711642897576002
730,3,10,-37.72243794125231,75.44487588250462,-18.86121897062616,-18.86121897062615
731,1,784,.000000000000000,.000000000000000,-27.64503171204146,27.64503171204146
731,2,256,-55.29006342408213,110.5801268481643,-45.78222556846237,-9.507837855619698
731,3,10,-36.27438771284187,72.54877542568374,-18.13719385642094,-18.13719385642094
732,1,784,.000000000000000,.000000000000000,-27.69069921116534,27.69069921116534
732,2,256,-55.38139842232989,110.7627968446598,-46.17308472058795,-9.208313701741940
732,3,10,-36.96477101884520,73.92954203769040,-18.48238550942260,-18.48238550942260
733,1,784,.000000000000000,.000000000000000,-27.44933339530679,27.44933339530679
733,2,256,-54.89866679061274,109.7973335812255,-46.23978262219898,-8.658884168413781
733,3,10,-37.58089845378437,75.16179690756874,-18.79044922689218,-18.79044922689219
734,1,784,.000000000000000,.000000000000000,-27.44561519724580,27.44561519724580
734,2,256,-54.89123039449074,109.7824607889815,-46.18892952052534,-8.702300873965424
734,3,10,-37.48662864655907,74.97325729311814,-18.74331432327953,-18.74331432327953
735,1,784,.000000000000000,.000000000000000,-27.67636802172746,27.67636802172746
735,2,256,-55.35273604345404,110.7054720869081,-46.14719561150628,-9.205540431947806
735,3,10,-36.94165517955759,73.88331035911519,-18.47082758977880,-18.47082758977880
736,1,784,.000000000000000,.000000000000000,-27.14204879365281,27.14204879365281
736,2,256,-54.28409758730483,108.5681951746097,-46.21429700805329,-8.069800579251499
736,3,10,-38.14449642880098,76.28899285760195,-19.07224821440049,-19.07224821440049
737,1,784,.000000000000000,.000000000000000,-27.42207432530117,27.42207432530117
737,2,256,-54.84414865060145,109.6882973012029,-46.41004815947030,-8.434100491131170
737,3,10,-37.97594766833830,75.95189533667660,-18.98797383416915,-18.98797383416915
738,1,784,.000000000000000,.000000000000000,-27.34727396407760,27.34727396407760
738,2,256,-54.69454792815445,109.3890958563089,-46.29024140750431,-8.404306520650172
738,3,10,-37.88593488685328,75.77186977370656,-18.94296744342664,-18.94296744342664
739,1,784,.000000000000000,.000000000000000,-27.34749947906549,27.34749947906549
739,2,256,-54.69499895813016,109.3899979162603,-46.14565471838492,-8.549344239745276
739,3,10,-37.59631047863880,75.19262095727760,-18.79815523931940,-18.79815523931940
740,1,784,.000000000000000,.000000000000000,-27.50680992089944,27.50680992089944
740,2,256,-55.01361984179812,110.0272396835962,-46.32107470671335,-8.692545135084710
740,3,10,-37.62852957162779,75.25705914325557,-18.81426478581390,-18.81426478581389
741,1,784,.000000000000000,.000000000000000,-27.30119446577728,27.30119446577728
741,2,256,-54.60238893155380,109.2047778631076,-46.27900337436846,-8.323385557185334
741,3,10,-37.95561781718230,75.91123563436460,-18.97780890859114,-18.97780890859115
742,1,784,.000000000000000,.000000000000000,-27.35648212669414,27.35648212669414
742,2,256,-54.71296425338748,109.4259285067750,-46.32725599717295,-8.385708256214569
742,3,10,-37.94154774095755,75.88309548191511,-18.97077387047878,-18.97077387047877
743,1,784,.000000000000000,.000000000000000,-27.08109295673772,27.08109295673772
743,2,256,-54.16218591347470,108.3243718269494,-46.45634072101819,-7.705845192456494
743,3,10,-38.75049552856087,77.50099105712174,-19.37524776428043,-19.37524776428044
744,1,784,.000000000000000,.000000000000000,-27.60902480815869,27.60902480815869
744,2,256,-55.21804961631650,110.4360992326330,-45.88648870168722,-9.331560914629280
744,3,10,-36.55492778705712,73.10985557411425,-18.27746389352856,-18.27746389352856
745,1,784,.000000000000000,.000000000000000,-27.77224036450699,27.77224036450699
745,2,256,-55.54448072901318,111.0889614580264,-46.03726126069770,-9.507219468315485
745,3,10,-36.53004179238138,73.06008358476276,-18.26502089619069,-18.26502089619068
746,1,784,.000000000000000,.000000000000000,-27.60311906875522,27.60311906875522
746,2,256,-55.20623813750957,110.4124762750191,-46.03236957507811,-9.173868562431473
746,3,10,-36.85850101264581,73.71700202529162,-18.42925050632290,-18.42925050632291
747,1,784,.000000000000000,.000000000000000,-27.57676234335710,27.57676234335710
747,2,256,-55.15352468671335,110.3070493734267,-46.34963329238936,-8.803891394323959
747,3,10,-37.54574189806459,75.09148379612918,-18.77287094903230,-18.77287094903229
748,1,784,.000000000000000,.000000000000000,-27.56567544976715,27.56567544976715
748,2,256,-55.13135089953340,110.2627017990668,-46.38147863986899,-8.749872259664409
748,3,10,-37.63160638020376,75.26321276040753,-18.81580319010188,-18.81580319010188
749,1,784,.000000000000000,.000000000000000,-27.76844175478065,27.76844175478065
749,2,256,-55.53688350956048,111.0737670191210,-46.00870377369178,-9.528179735868690
749,3,10,-36.48052403782225,72.96104807564450,-18.24026201891113,-18.24026201891113
750,1,784,.000000000000000,.000000000000000,-27.40243898102631,27.40243898102631
750,2,256,-54.80487796205188,109.6097559241038,-46.25789244337863,-8.546985518673244
750,3,10,-37.71090692470454,75.42181384940908,-18.85545346235227,-18.85545346235227
751,1,784,.000000000000000,.000000000000000,-27.23394429553069,27.23394429553069
751,2,256,-54.46788859106058,108.9357771821212,-46.55871565402586,-7.909172937034704
751,3,10,-38.64954271699032,77.29908543398064,-19.32477135849516,-19.32477135849516
752,1,784,.000000000000000,.000000000000000,-27.47187782093437,27.47187782093437
752,2,256,-54.94375564186789,109.8875112837358,-46.09812004291660,-8.845635598951326
752,3,10,-37.25248444396442,74.50496888792884,-18.62624222198222,-18.62624222198220
753,1,784,.000000000000000,.000000000000000,-28.05140602747549,28.05140602747549
753,2,256,-56.10281205495018,112.2056241099004,-45.86097079014805,-10.24184126480209
753,3,10,-35.61912952534517,71.23825905069035,-17.80956476267259,-17.80956476267259
754,1,784,.000000000000000,.000000000000000,-27.60477759188372,27.60477759188372
754,2,256,-55.20955518376659,110.4191103675332,-46.09856569267488,-9.110989491091704
754,3,10,-36.98757620158239,73.97515240316478,-18.49378810079119,-18.49378810079120
755,1,784,.000000000000000,.000000000000000,-27.55157011269963,27.55157011269963
755,2,256,-55.10314022539846,110.2062804507969,-46.16653034778578,-8.936609877612629
755,3,10,-37.22992047017233,74.45984094034466,-18.61496023508617,-18.61496023508616
756,1,784,.000000000000000,.000000000000000,-27.37507645127595,27.37507645127595
756,2,256,-54.75015290255115,109.5003058051023,-46.25830925522146,-8.491843647329633
756,3,10,-37.76646560789103,75.53293121578206,-18.88323280394552,-18.88323280394551
757,1,784,.000000000000000,.000000000000000,-27.68333029271435,27.68333029271435
757,2,256,-55.36666058542789,110.7333211708558,-46.22889810866653,-9.137762476761386
757,3,10,-37.09113563190432,74.18227126380863,-18.54556781595215,-18.54556781595215
758,1,784,.000000000000000,.000000000000000,-27.44402896630071,27.44402896630071
758,2,256,-54.88805793260057,109.7761158652011,-46.46908657490209,-8.418971357698469
758,3,10,-38.05011521720279,76.10023043440557,-19.02505760860140,-19.02505760860137
759,1,784,.000000000000000,.000000000000000,-27.50334872036839,27.50334872036839
759,2,256,-55.00669744073600,110.0133948814720,-46.24429406597143,-8.762403374764572
759,3,10,-37.48189069120604,74.96378138241208,-18.74094534560302,-18.74094534560302
760,1,784,.000000000000000,.000000000000000,-27.41348098057414,27.41348098057414
760,2,256,-54.82696196114750,109.6539239222950,-46.31987356301900,-8.507088398128461
760,3,10,-37.81278516488971,75.62557032977942,-18.90639258244486,-18.90639258244485
761,1,784,.000000000000000,.000000000000000,-27.74120220744996,27.74120220744996
761,2,256,-55.48240441489909,110.9648088297982,-45.97545399527758,-9.506950419621491
761,3,10,-36.46850357565526,72.93700715131051,-18.23425178782762,-18.23425178782763
762,1,784,.000000000000000,.000000000000000,-27.81796022110207,27.81796022110207
762,2,256,-55.63592044220329,111.2718408844066,-45.58951281033489,-10.04640763186842
762,3,10,-35.54310517846560,71.08621035693120,-17.77155258923280,-17.77155258923280
763,1,784,.000000000000000,.000000000000000,-27.39671767895334,27.39671767895334
763,2,256,-54.79343535790590,109.5868707158118,-46.42849457575779,-8.364940782148135
763,3,10,-38.06355379360881,76.12710758721762,-19.03177689680440,-19.03177689680441
764,1,784,.000000000000000,.000000000000000,-27.35860576804190,27.35860576804190
764,2,256,-54.71721153608298,109.4344230721660,-46.07709528490855,-8.640116251174435
764,3,10,-37.43697903373327,74.87395806746655,-18.71848951686664,-18.71848951686664
765,1,784,.000000000000000,.000000000000000,-27.87013942936776,27.87013942936776
765,2,256,-55.74027885873471,111.4805577174694,-46.03467519683376,-9.705603661900925
765,3,10,-36.32907153493201,72.65814306986402,-18.16453576746601,-18.16453576746600
766,1,784,.000000000000000,.000000000000000,-27.67708902910871,27.67708902910871
766,2,256,-55.35417805821663,110.7083561164333,-45.81265399556487,-9.541524062651781
766,3,10,-36.27112993291228,72.54225986582456,-18.13556496645614,-18.13556496645614
767,1,784,.000000000000000,.000000000000000,-27.32147545291839,27.32147545291839
767,2,256,-54.64295090583597,109.2859018116719,-46.22109380090011,-8.421857104935933
767,3,10,-37.79923669596327,75.59847339192655,-18.89961834798164,-18.89961834798163
768,1,784,.000000000000000,.000000000000000,-27.78546857621347,27.78546857621347
768,2,256,-55.57093715242605,111.1418743048521,-46.21988948660412,-9.351047665821929
768,3,10,-36.86884182078131,73.73768364156263,-18.43442091039066,-18.43442091039065
769,1,784,.000000000000000,.000000000000000,-27.43478996041586,27.43478996041586
769,2,256,-54.86957992083084,109.7391598416617,-46.32186691962593,-8.547713001204874
769,3,10,-37.77415391842024,75.54830783684048,-18.88707695921013,-18.88707695921011
770,1,784,.000000000000000,.000000000000000,-27.45331329478530,27.45331329478530
770,2,256,-54.90662658956982,109.8132531791396,-46.33686943995234,-8.569757149617461
770,3,10,-37.76711229033409,75.53422458066818,-18.88355614516704,-18.88355614516705
771,1,784,.000000000000000,.000000000000000,-27.47552064859238,27.47552064859238
771,2,256,-54.95104129718393,109.9020825943679,-46.08213462824370,-8.868906668940257
771,3,10,-37.21322795930258,74.42645591860516,-18.60661397965129,-18.60661397965129
772,1,784,.000000000000000,.000000000000000,-27.62683868736463,27.62683868736463
772,2,256,-55.25367737472844,110.5073547494569,-46.12729356340802,-9.126383811320393
772,3,10,-37.00090975208680,74.00181950417360,-18.50045487604340,-18.50045487604340
773,1,784,.000000000000000,.000000000000000,-27.53333564239825,27.53333564239825
773,2,256,-55.06667128479568,110.1333425695914,-46.10453410878833,-8.962137176007349
773,3,10,-37.14239693278015,74.28479386556030,-18.57119846639008,-18.57119846639007
774,1,784,.000000000000000,.000000000000000,-27.40191932920534,27.40191932920534
774,2,256,-54.80383865840988,109.6076773168198,-46.24251114067531,-8.561327517734568
774,3,10,-37.68118362293992,75.36236724587984,-18.84059181146996,-18.84059181146996
775,1,784,.000000000000000,.000000000000000,-27.60511974052762,27.60511974052762
775,2,256,-55.21023948105440,110.4204789621088,-46.17462434439720,-9.035615136657269
775,3,10,-37.13900920773906,74.27801841547812,-18.56950460386953,-18.56950460386953
776,1,784,.000000000000000,.000000000000000,-27.61665372036973,27.61665372036973
776,2,256,-55.23330744073863,110.4666148814773,-46.21637997785130,-9.016927462887338
776,3,10,-37.19945251496308,74.39890502992617,-18.59972625748154,-18.59972625748154
777,1,784,.000000000000000,.000000000000000,-27.69664879465539,27.69664879465539
777,2,256,-55.39329758930996,110.7865951786199,-45.98479089358248,-9.408506695727517
777,3,10,-36.57628419785411,73.15256839570822,-18.28814209892706,-18.28814209892705
778,1,784,.000000000000000,.000000000000000,-27.93137039426978,27.93137039426978
778,2,256,-55.86274078853867,111.7254815770773,-45.63424364648700,-10.22849714205172
778,3,10,-35.40574650443442,70.81149300886884,-17.70287325221722,-17.70287325221720
779,1,784,.000000000000000,.000000000000000,-27.60104991937934,27.60104991937934
779,2,256,-55.20209983875785,110.4041996775157,-46.12552554124186,-9.076574297515966
779,3,10,-37.04895124372509,74.09790248745018,-18.52447562186254,-18.52447562186255
780,1,784,.000000000000000,.000000000000000,-27.46927626438870,27.46927626438870
780,2,256,-54.93855252877657,109.8771050575531,-46.15299430915611,-8.785558219620482
780,3,10,-37.36743608953477,74.73487217906954,-18.68371804476739,-18.68371804476738
781,1,784,.000000000000000,.000000000000000,-27.56448250335436,27.56448250335436
781,2,256,-55.12896500670795,110.2579300134159,-46.24395055843058,-8.885014448277307
781,3,10,-37.35893611015250,74.71787222030500,-18.67946805507624,-18.67946805507625
782,1,784,.000000000000000,.000000000000000,-27.56475305150492,27.56475305150492
782,2,256,-55.12950610300899,110.2590122060180,-46.02356366339676,-9.105942439612212
782,3,10,-36.91762122378372,73.83524244756744,-18.45881061189187,-18.45881061189185
783,1,784,.000000000000000,.000000000000000,-27.58552064641524,27.58552064641524
783,2,256,-55.17104129282967,110.3420825856593,-46.26973226096951,-8.901309031860134
783,3,10,-37.36842322910856,74.73684645821712,-18.68421161455428,-18.68421161455428
784,1,784,.000000000000000,.000000000000000,-27.74728624106916,27.74728624106916
784,2,256,-55.49457248213754,110.9891449642751,-45.98020228837779,-9.514370193759728
784,3,10,-36.46583209461725,72.93166418923450,-18.23291604730863,-18.23291604730862
785,1,784,.000000000000000,.000000000000000,-27.64264864544745,27.64264864544745
785,2,256,-55.28529729089404,110.5705945817881,-46.09877886869144,-9.186518422202631
785,3,10,-36.91226044648797,73.82452089297594,-18.45613022324398,-18.45613022324400
786,1,784,.000000000000000,.000000000000000,-27.75533972048087,27.75533972048087
786,2,256,-55.51067944096093,111.0213588819219,-46.04527490134184,-9.465404539619088
786,3,10,-36.57987036172196,73.15974072344392,-18.28993518086098,-18.28993518086097
787,1,784,.000000000000000,.000000000000000,-27.66986293059536,27.66986293059536
787,2,256,-55.33972586118985,110.6794517223797,-45.98322223623371,-9.356503624956153
787,3,10,-36.62671861127671,73.25343722255343,-18.31335930563836,-18.31335930563836
788,1,784,.000000000000000,.000000000000000,-27.59303994533787,27.59303994533787
788,2,256,-55.18607989067501,110.3721597813500,-45.97662621288620,-9.209453677788831
788,3,10,-36.76717253509651,73.53434507019301,-18.38358626754825,-18.38358626754826
789,1,784,.000000000000000,.000000000000000,-27.53291248013859,27.53291248013859
789,2,256,-55.06582496027636,110.1316499205527,-46.09334398416269,-8.972480976113683
789,3,10,-37.12086300804815,74.24172601609631,-18.56043150402408,-18.56043150402408
790,1,784,.000000000000000,.000000000000000,-27.06860822156172,27.06860822156172
790,2,256,-54.13721644312257,108.2744328862451,-46.67015002882614,-7.467066414296436
790,3,10,-39.20308361452886,78.40616722905773,-19.60154180726443,-19.60154180726443
791,1,784,.000000000000000,.000000000000000,-27.12195464513396,27.12195464513396
791,2,256,-54.24390929026713,108.4878185805343,-46.29760768309476,-7.946301607172339
791,3,10,-38.35130607592160,76.70261215184320,-19.17565303796080,-19.17565303796080
792,1,784,.000000000000000,.000000000000000,-27.69847929286259,27.69847929286259
792,2,256,-55.39695858572433,110.7939171714487,-45.94741922699626,-9.449539358728080
792,3,10,-36.49787986826737,72.99575973653474,-18.24893993413367,-18.24893993413369
793,1,784,.000000000000000,.000000000000000,-27.52168706450508,27.52168706450508
793,2,256,-55.04337412900941,110.0867482580188,-46.13103946574542,-8.912334663263955
793,3,10,-37.21870480248066,74.43740960496132,-18.60935240124033,-18.60935240124034
794,1,784,.000000000000000,.000000000000000,-27.32897317426801,27.32897317426801
794,2,256,-54.65794634853528,109.3158926970706,-46.34245917393300,-8.315487174602247
794,3,10,-38.02697199932994,76.05394399865989,-19.01348599966498,-19.01348599966497
795,1,784,.000000000000000,.000000000000000,-27.46656328799628,27.46656328799628
795,2,256,-54.93312657599176,109.8662531519835,-45.88199082478658,-9.051135751205132
795,3,10,-36.83085507358064,73.66171014716127,-18.41542753679032,-18.41542753679031
796,1,784,.000000000000000,.000000000000000,-27.38269875262361,27.38269875262361
796,2,256,-54.76539750524639,109.5307950104928,-46.38464312281398,-8.380754382432386
796,3,10,-38.00388874038078,76.00777748076156,-19.00194437019039,-19.00194437019039
797,1,784,.000000000000000,.000000000000000,-27.83864844149490,27.83864844149490
797,2,256,-55.67729688298896,111.3545937659779,-45.96507528643030,-9.712221596558704
797,3,10,-36.25285368987075,72.50570737974149,-18.12642684493537,-18.12642684493537
798,1,784,.000000000000000,.000000000000000,-27.41395381296785,27.41395381296785
798,2,256,-54.82790762593496,109.6558152518699,-46.03948926107502,-8.788418364859877
798,3,10,-37.25107089621430,74.50214179242860,-18.62553544810716,-18.62553544810715
799,1,784,.000000000000000,.000000000000000,-27.27150482824917,27.27150482824917
799,2,256,-54.54300965649760,109.0860193129952,-46.21805372585828,-8.324955930639344
799,3,10,-37.89309779521811,75.78619559043622,-18.94654889760906,-18.94654889760906
800,1,784,.000000000000000,.000000000000000,-27.45748589527069,27.45748589527069
800,2,256,-54.91497179054058,109.8299435810812,-46.48042338894336,-8.434548401597208
800,3,10,-38.04587498734527,76.09174997469054,-19.02293749367265,-19.02293749367263
801,1,784,.000000000000000,.000000000000000,-27.47462533215775,27.47462533215775
801,2,256,-54.94925066431468,109.8985013286294,-46.38816182326288,-8.561088841051799
801,3,10,-37.82707298221024,75.65414596442048,-18.91353649110512,-18.91353649110512
802,1,784,.000000000000000,.000000000000000,-27.57958910611231,27.57958910611231
802,2,256,-55.15917821222379,110.3183564244476,-45.86265416630309,-9.296524045920712
802,3,10,-36.56613012038154,73.13226024076309,-18.28306506019078,-18.28306506019077
803,1,784,.000000000000000,.000000000000000,-27.63619525794633,27.63619525794633
803,2,256,-55.27239051589185,110.5447810317837,-46.35006976207531,-8.922320753816551
803,3,10,-37.42774900825794,74.85549801651588,-18.71387450412897,-18.71387450412897
804,1,784,.000000000000000,.000000000000000,-27.55291891448045,27.55291891448045
804,2,256,-55.10583782896008,110.2116756579202,-46.12785030314515,-8.977987525814921
804,3,10,-37.14986277732943,74.29972555465886,-18.57493138866471,-18.57493138866472
805,1,784,.000000000000000,.000000000000000,-27.81541302601618,27.81541302601618
805,2,256,-55.63082605203152,111.2616521040630,-46.03582910853540,-9.594996943496112
805,3,10,-36.44083216503844,72.88166433007689,-18.22041608251922,-18.22041608251923
806,1,784,.000000000000000,.000000000000000,-27.55806748220937,27.55806748220937
806,2,256,-55.11613496441796,110.2322699288359,-46.14858866132857,-8.967546303089378
806,3,10,-37.18104235823835,74.36208471647670,-18.59052117911918,-18.59052117911917
807,1,784,.000000000000000,.000000000000000,-27.36656650496382,27.36656650496382
807,2,256,-54.73313300992677,109.4662660198535,-46.36210228973035,-8.371030720196424
807,3,10,-37.99107156953310,75.98214313906621,-18.99553578476655,-18.99553578476655
808,1,784,.000000000000000,.000000000000000,-27.67699678937023,27.67699678937023
808,2,256,-55.35399357873958,110.7079871574792,-46.12246508335559,-9.231528495383971
808,3,10,-36.89093658797081,73.78187317594163,-18.44546829398541,-18.44546829398541
809,1,784,.000000000000000,.000000000000000,-27.58107859744869,27.58107859744869
809,2,256,-55.16215719489655,110.3243143897931,-46.18896846026844,-8.973188734628074
809,3,10,-37.21577972563958,74.43155945127916,-18.60788986281978,-18.60788986281979
810,1,784,.000000000000000,.000000000000000,-27.68368167256492,27.68368167256492
810,2,256,-55.36736334512904,110.7347266902581,-46.23863368556425,-9.128729659564824
810,3,10,-37.10990402599857,74.21980805199715,-18.55495201299929,-18.55495201299929
811,1,784,.000000000000000,.000000000000000,-27.55139761763237,27.55139761763237
811,2,256,-55.10279523526393,110.2055904705279,-45.91365102493491,-9.189144210328999
811,3,10,-36.72450681460509,73.44901362921017,-18.36225340730254,-18.36225340730255
812,1,784,.000000000000000,.000000000000000,-27.90931869086703,27.90931869086703
812,2,256,-55.81863738173320,111.6372747634664,-45.46797602207175,-10.35066135966151
812,3,10,-35.11731466240940,70.23462932481880,-17.55865733120470,-17.55865733120470
813,1,784,.000000000000000,.000000000000000,-27.53788144049745,27.53788144049745
813,2,256,-55.07576288099408,110.1515257619882,-46.57387042129592,-8.501892459698187
813,3,10,-38.07197796159689,76.14395592319377,-19.03598898079844,-19.03598898079844
814,1,784,.000000000000000,.000000000000000,-27.67268591203116,27.67268591203116
814,2,256,-55.34537182406159,110.6907436481232,-45.91341260817326,-9.431959215888275
814,3,10,-36.48145339228417,72.96290678456835,-18.24072669614208,-18.24072669614209
815,1,784,.000000000000000,.000000000000000,-27.43113218648237,27.43113218648237
815,2,256,-54.86226437296398,109.7245287459280,-46.10788896882791,-8.754375404136015
815,3,10,-37.35351356469110,74.70702712938220,-18.67675678234554,-18.67675678234556
816,1,784,.000000000000000,.000000000000000,-27.50872045995015,27.50872045995015
816,2,256,-55.01744091989941,110.0348818397988,-46.20482669101948,-8.812614228879957
816,3,10,-37.39221246213871,74.78442492427742,-18.69610623106935,-18.69610623106935
817,1,784,.000000000000000,.000000000000000,-27.93438761222493,27.93438761222493
817,2,256,-55.86877522444914,111.7375504488983,-45.60953197549053,-10.25924324895858
817,3,10,-35.35028872653111,70.70057745306222,-17.67514436326556,-17.67514436326555
818,1,784,.000000000000000,.000000000000000,-27.38712137631552,27.38712137631552
818,2,256,-54.77424275263021,109.5484855052604,-46.03003541679102,-8.744207335839224
818,3,10,-37.28582808095097,74.57165616190194,-18.64291404047549,-18.64291404047549
819,1,784,.000000000000000,.000000000000000,-27.06774104758654,27.06774104758654
819,2,256,-54.13548209517224,108.2709641903445,-46.62946303646881,-7.506019058703437
819,3,10,-39.12344397776452,78.24688795552905,-19.56172198888227,-19.56172198888227
820,1,784,.000000000000000,.000000000000000,-27.40598494743251,27.40598494743251
820,2,256,-54.81196989486421,109.6239397897284,-46.23416209624624,-8.577807798618000
820,3,10,-37.65635429762740,75.31270859525480,-18.82817714881370,-18.82817714881370
821,1,784,.000000000000000,.000000000000000,-27.91144751785535,27.91144751785535
821,2,256,-55.82289503570976,111.6457900714195,-45.42510699451868,-10.39778804119106
821,3,10,-35.02731895332681,70.05463790665362,-17.51365947666341,-17.51365947666341
822,1,784,.000000000000000,.000000000000000,-27.15939006489800,27.15939006489800
822,2,256,-54.31878012979510,108.6375602595902,-46.70341139743919,-7.615368732355948
822,3,10,-39.08804266508242,78.17608533016484,-19.54402133254121,-19.54402133254121
823,1,784,.000000000000000,.000000000000000,-27.48397772695927,27.48397772695927
823,2,256,-54.96795545391774,109.9359109078355,-45.85034635886345,-9.117609095054277
823,3,10,-36.73273726380834,73.46547452761668,-18.36636863190417,-18.36636863190417
824,1,784,.000000000000000,.000000000000000,-27.37609574738192,27.37609574738192
824,2,256,-54.75219149476298,109.5043829895260,-46.24498303052771,-8.507208464235280
824,3,10,-37.73777456629163,75.47554913258325,-18.86888728314580,-18.86888728314582
825,1,784,.000000000000000,.000000000000000,-27.55129570738332,27.55129570738332
825,2,256,-55.10259141476580,110.2051828295316,-46.28985415380228,-8.812737260963544
825,3,10,-37.47711689283791,74.95423378567583,-18.73855844641896,-18.73855844641896
826,1,784,.000000000000000,.000000000000000,-27.63281901313716,27.63281901313716
826,2,256,-55.26563802627351,110.5312760525470,-46.25118323690739,-9.014454789366134
826,3,10,-37.23672844754044,74.47345689508087,-18.61836422377021,-18.61836422377022
827,1,784,.000000000000000,.000000000000000,-27.39052027406379,27.39052027406379
827,2,256,-54.78104054812673,109.5620810962535,-46.13416718199328,-8.646873366133473
827,3,10,-37.48729381585900,74.97458763171799,-18.74364690792949,-18.74364690792951
828,1,784,.000000000000000,.000000000000000,-27.61179141814479,27.61179141814479
828,2,256,-55.22358283628880,110.4471656725776,-46.03716793350668,-9.186414902782078
828,3,10,-36.85075303072378,73.70150606144756,-18.42537651536189,-18.42537651536188
829,1,784,.000000000000000,.000000000000000,-27.31386288203027,27.31386288203027
829,2,256,-54.62772576405968,109.2554515281194,-46.32842841848316,-8.299297345576543
829,3,10,-38.02913107290577,76.05826214581154,-19.01456553645288,-19.01456553645288
830,1,784,.000000000000000,.000000000000000,-27.47976933260540,27.47976933260540
830,2,256,-54.95953866520995,109.9190773304199,-46.21509308821505,-8.744445576994915
830,3,10,-37.47064751121930,74.94129502243861,-18.73532375560965,-18.73532375560966
831,1,784,.000000000000000,.000000000000000,-27.17749990882443,27.17749990882443
831,2,256,-54.35499981764800,108.7099996352960,-46.46114147231384,-7.893858345334142
831,3,10,-38.56728312697888,77.13456625395776,-19.28364156348945,-19.28364156348944
832,1,784,.000000000000000,.000000000000000,-27.45214831456224,27.45214831456224
832,2,256,-54.90429662912358,109.8085932582472,-46.40183137186644,-8.502465257257150
832,3,10,-37.89936611460846,75.79873222921692,-18.94968305730423,-18.94968305730423
833,1,784,.000000000000000,.000000000000000,-27.51247140988567,27.51247140988567
833,2,256,-55.02494281977052,110.0498856395410,-46.03241528691449,-8.992527532856059
833,3,10,-37.03988775405757,74.07977550811513,-18.51994387702878,-18.51994387702878
834,1,784,.000000000000000,.000000000000000,-27.35080784940982,27.35080784940982
834,2,256,-54.70161569881889,109.4032313976378,-46.37585970862951,-8.325755990189348
834,3,10,-38.05010371843932,76.10020743687865,-19.02505185921967,-19.02505185921966
835,1,784,.000000000000000,.000000000000000,-27.89279448048153,27.89279448048153
835,2,256,-55.78558896096219,111.5711779219244,-45.94959203282620,-9.835996928136025
835,3,10,-36.11359510468932,72.22719020937865,-18.05679755234466,-18.05679755234466
836,1,784,.000000000000000,.000000000000000,-27.49681916834711,27.49681916834711
836,2,256,-54.99363833669345,109.9872766733869,-46.10972520320151,-8.883913133491903
836,3,10,-37.22581206970878,74.45162413941756,-18.61290603485439,-18.61290603485439
837,1,784,.000000000000000,.000000000000000,-27.52544028098163,27.52544028098163
837,2,256,-55.05088056196242,110.1017611239248,-46.26903310425865,-8.781847457703803
837,3,10,-37.48718564655399,74.97437129310798,-18.74359282327699,-18.74359282327700
838,1,784,.000000000000000,.000000000000000,-28.07057706674210,28.07057706674210
838,2,256,-56.14115413348340,112.2823082669668,-45.91377883895152,-10.22737529453193
838,3,10,-35.68640354441872,71.37280708883745,-17.84320177220935,-17.84320177220936
839,1,784,.000000000000000,.000000000000000,-27.20067858424723,27.20067858424723
839,2,256,-54.40135716849368,108.8027143369874,-46.51451110790620,-7.886846060587415
839,3,10,-38.62766504731798,77.25533009463595,-19.31383252365899,-19.31383252365899
840,1,784,.000000000000000,.000000000000000,-27.70887205355756,27.70887205355756
840,2,256,-55.41774410711430,110.8354882142286,-46.00442172491105,-9.413322382203251
840,3,10,-36.59109934270695,73.18219868541389,-18.29554967135347,-18.29554967135348
841,1,784,.000000000000000,.000000000000000,-27.24674016512543,27.24674016512543
841,2,256,-54.49348033025004,108.9869606605001,-46.49818724764695,-7.995293082603073
841,3,10,-38.50289416504309,77.00578833008618,-19.25144708252154,-19.25144708252155
842,1,784,.000000000000000,.000000000000000,-27.88528889990556,27.88528889990556
842,2,256,-55.77057779981036,111.5411555996207,-45.98339153757763,-9.787186262232705
842,3,10,-36.19620527534410,72.39241055068820,-18.09810263767205,-18.09810263767205
843,1,784,.000000000000000,.000000000000000,-27.31368845727346,27.31368845727346
843,2,256,-54.62737691454608,109.2547538290922,-46.50044093299581,-8.126935981550291
843,3,10,-38.37350495144468,76.74700990288936,-19.18675247572234,-19.18675247572235
844,1,784,.000000000000000,.000000000000000,-27.45098934837162,27.45098934837162
844,2,256,-54.90197869674237,109.8039573934847,-46.35650752992730,-8.545471166815110
844,3,10,-37.81103636311136,75.62207272622271,-18.90551818155567,-18.90551818155567
845,1,784,.000000000000000,.000000000000000,-27.51981065994217,27.51981065994217
845,2,256,-55.03962131988353,110.0792426397671,-46.07389884235871,-8.965722477524857
845,3,10,-37.10817636483299,74.21635272966597,-18.55408818241649,-18.55408818241649
846,1,784,.000000000000000,.000000000000000,-27.51227046778506,27.51227046778506
846,2,256,-55.02454093556924,110.0490818711385,-45.96129728814189,-9.063243647427409
846,3,10,-36.89805364071364,73.79610728142728,-18.44902682035681,-18.44902682035682
847,1,784,.000000000000000,.000000000000000,-27.10813879793950,27.10813879793950
847,2,256,-54.21627759587820,108.4325551917564,-46.62200920342330,-7.594268392454913
847,3,10,-39.02774081096754,78.05548162193507,-19.51387040548377,-19.51387040548376
848,1,784,.000000000000000,.000000000000000,-28.12895626015647,28.12895626015647
848,2,256,-56.25791252031211,112.5158250406242,-45.85960780748718,-10.39830471282493
848,3,10,-35.46130309466140,70.92260618932281,-17.73065154733070,-17.73065154733070
849,1,784,.000000000000000,.000000000000000,-27.66147898548441,27.66147898548441
849,2,256,-55.32295797096803,110.6459159419361,-46.25874836047709,-9.064209610490924
849,3,10,-37.19453874998536,74.38907749997071,-18.59726937499268,-18.59726937499268
850,1,784,.000000000000000,.000000000000000,-27.58563405379904,27.58563405379904
850,2,256,-55.17126810759724,110.3425362151945,-46.06350847379507,-9.107759633802162
850,3,10,-36.95574883999203,73.91149767998407,-18.47787441999603,-18.47787441999601
851,1,784,.000000000000000,.000000000000000,-27.64908417977703,27.64908417977703
851,2,256,-55.29816835955332,110.5963367191066,-45.81020115757551,-9.487967201977742
851,3,10,-36.32223395559697,72.64446791119394,-18.16111697779849,-18.16111697779849
852,1,784,.000000000000000,.000000000000000,-27.85369299879958,27.85369299879958
852,2,256,-55.70738599759839,111.4147719951968,-45.85009069955044,-9.857295298047992
852,3,10,-35.99279540150160,71.98559080300319,-17.99639770075080,-17.99639770075080
853,1,784,.000000000000000,.000000000000000,-27.40861106986817,27.40861106986817
853,2,256,-54.81722213973561,109.6344442794712,-46.37498059210188,-8.442241547633712
853,3,10,-37.93273904446732,75.86547808893464,-18.96636952223367,-18.96636952223366
854,1,784,.000000000000000,.000000000000000,-27.71908032454973,27.71908032454973
854,2,256,-55.43816064909863,110.8763212981973,-45.77447130900150,-9.663689340097166
854,3,10,-36.11078196890348,72.22156393780696,-18.05539098445174,-18.05539098445174
855,1,784,.000000000000000,.000000000000000,-27.31881119492371,27.31881119492371
855,2,256,-54.63762238984652,109.2752447796930,-46.43106454675105,-8.206557843095487
855,3,10,-38.22450670365475,76.44901340730949,-19.11225335182737,-19.11225335182737
856,1,784,.000000000000000,.000000000000000,-27.41574502806026,27.41574502806026
856,2,256,-54.83149005611974,109.6629801122395,-46.52921006121648,-8.302279994903238
856,3,10,-38.22693006631243,76.45386013262485,-19.11346503315621,-19.11346503315622
857,1,784,.000000000000000,.000000000000000,-27.58245396387534,27.58245396387534
857,2,256,-55.16490792774987,110.3298158554997,-45.96109409865084,-9.203813829099001
857,3,10,-36.75728026955102,73.51456053910204,-18.37864013477551,-18.37864013477551
858,1,784,.000000000000000,.000000000000000,-27.81153342353991,27.81153342353991
858,2,256,-55.62306684707896,111.2461336941579,-45.83833772226289,-9.784729124816051
858,3,10,-36.05360859744603,72.10721719489206,-18.02680429872301,-18.02680429872301
859,1,784,.000000000000000,.000000000000000,-27.62800515647881,27.62800515647881
859,2,256,-55.25601031295674,110.5120206259135,-45.78129264156397,-9.474717671392748
859,3,10,-36.30657497017046,72.61314994034092,-18.15328748508523,-18.15328748508524
860,1,784,.000000000000000,.000000000000000,-27.85782855216365,27.85782855216365
860,2,256,-55.71565710432645,111.4313142086529,-46.11997711198971,-9.595679992336732
860,3,10,-36.52429711965215,73.04859423930431,-18.26214855982608,-18.26214855982608
861,1,784,.000000000000000,.000000000000000,-27.50760918204245,27.50760918204245
861,2,256,-55.01521836408402,110.0304367281680,-46.08111340147924,-8.934104962604804
861,3,10,-37.14700843887360,74.29401687774720,-18.57350421943680,-18.57350421943680
862,1,784,.000000000000000,.000000000000000,-27.72456797240406,27.72456797240406
862,2,256,-55.44913594480740,110.8982718896148,-46.05656315896547,-9.392572785841878
862,3,10,-36.66399037312277,73.32798074624554,-18.33199518656139,-18.33199518656139
863,1,784,.000000000000000,.000000000000000,-27.85772161602406,27.85772161602406
863,2,256,-55.71544323204734,111.4308864640947,-45.96112409211671,-9.754319139930605
863,3,10,-36.20680495218528,72.41360990437056,-18.10340247609264,-18.10340247609264
864,1,784,.000000000000000,.000000000000000,-27.42207134870086,27.42207134870086
864,2,256,-54.84414269740086,109.6882853948017,-46.08229484610699,-8.761847851293894
864,3,10,-37.32044699481226,74.64089398962452,-18.66022349740614,-18.66022349740613
865,1,784,.000000000000000,.000000000000000,-27.48421595601211,27.48421595601211
865,2,256,-54.96843191202348,109.9368638240470,-46.37463771415938,-8.593794197864094
865,3,10,-37.78084351629442,75.56168703258885,-18.89042175814722,-18.89042175814721
866,1,784,.000000000000000,.000000000000000,-27.61475100614438,27.61475100614438
866,2,256,-55.22950201228793,110.4590040245759,-45.84756581819752,-9.381936194090427
866,3,10,-36.46562962410630,72.93125924821260,-18.23281481205315,-18.23281481205315
867,1,784,.000000000000000,.000000000000000,-27.97104998872414,27.97104998872414
867,2,256,-55.94209997744740,111.8841999548948,-45.94895069290501,-9.993149284542394
867,3,10,-35.95580140836175,71.91160281672350,-17.97790070418088,-17.97790070418088
868,1,784,.000000000000000,.000000000000000,-27.44819507505501,27.44819507505501
868,2,256,-54.89639015010908,109.7927803002182,-46.21015456599052,-8.686235584118609
868,3,10,-37.52391898187106,75.04783796374213,-18.76195949093552,-18.76195949093553
869,1,784,.000000000000000,.000000000000000,-27.12074918060252,27.12074918060252
869,2,256,-54.24149836120413,108.4829967224083,-46.59802892248385,-7.643469438720357
869,3,10,-38.95455948376264,77.90911896752529,-19.47727974188132,-19.47727974188133
870,1,784,.000000000000000,.000000000000000,-27.39490472281371,27.39490472281371
870,2,256,-54.78980944562652,109.5796188912530,-46.21439607247473,-8.575413373151823
870,3,10,-37.63898269932207,75.27796539864414,-18.81949134966103,-18.81949134966104
871,1,784,.000000000000000,.000000000000000,-27.79316490848955,27.79316490848955
871,2,256,-55.58632981697833,111.1726596339567,-45.99780513333227,-9.588524683646044
871,3,10,-36.40928044968539,72.81856089937078,-18.20464022484269,-18.20464022484270
872,1,784,.000000000000000,.000000000000000,-27.52698303552483,27.52698303552483
872,2,256,-55.05396607104881,110.1079321420976,-46.23031653822412,-8.823649532824666
872,3,10,-37.40666700539866,74.81333401079732,-18.70333350269933,-18.70333350269933
873,1,784,.000000000000000,.000000000000000,-27.36130423439441,27.36130423439441
873,2,256,-54.72260846878796,109.4452169375759,-46.25970656443462,-8.462901904353330
873,3,10,-37.79680466008047,75.59360932016094,-18.89840233004023,-18.89840233004023
874,1,784,.000000000000000,.000000000000000,-27.37880267414814,27.37880267414814
874,2,256,-54.75760534829553,109.5152106965911,-46.15332424675253,-8.604281101542997
874,3,10,-37.54904314520870,75.09808629041740,-18.77452157260434,-18.77452157260436
875,1,784,.000000000000000,.000000000000000,-27.55045246830723,27.55045246830723
875,2,256,-55.10090493661359,110.2018098732272,-46.32914502341294,-8.771759913200698
875,3,10,-37.55738511021141,75.11477022042283,-18.77869255510570,-18.77869255510571
876,1,784,.000000000000000,.000000000000000,-27.54471728739837,27.54471728739837
876,2,256,-55.08943457479599,110.1788691495920,-46.09180272136921,-8.997631853426753
876,3,10,-37.09417086794163,74.18834173588326,-18.54708543397081,-18.54708543397082
877,1,784,.000000000000000,.000000000000000,-27.40807077062593,27.40807077062593
877,2,256,-54.81614154125109,109.6322830825022,-46.21251290869455,-8.603628632556573
877,3,10,-37.60888427613716,75.21776855227432,-18.80444213806858,-18.80444213806858
878,1,784,.000000000000000,.000000000000000,-27.56850961555612,27.56850961555612
878,2,256,-55.13701923111140,110.2740384622228,-46.05221054706041,-9.084808684051035
878,3,10,-36.96740186300853,73.93480372601707,-18.48370093150426,-18.48370093150427
879,1,784,.000000000000000,.000000000000000,-27.56384449579786,27.56384449579786
879,2,256,-55.12768899159487,110.2553779831897,-45.94534119052995,-9.182347801064941
879,3,10,-36.76299338946419,73.52598677892837,-18.38149669473209,-18.38149669473210
880,1,784,.000000000000000,.000000000000000,-27.86736532658548,27.86736532658548
880,2,256,-55.73473065317012,111.4694613063402,-45.80496345053449,-9.929767202635579
880,3,10,-35.87519624789815,71.75039249579629,-17.93759812394907,-17.93759812394908
881,1,784,.000000000000000,.000000000000000,-27.45617086404575,27.45617086404575
881,2,256,-54.91234172809068,109.8246834561814,-46.19391056620969,-8.718431161881002
881,3,10,-37.47547940432785,74.95095880865570,-18.73773970216392,-18.73773970216392
882,1,784,.000000000000000,.000000000000000,-27.56413021232035,27.56413021232035
882,2,256,-55.12826042463994,110.2565208492799,-46.01667871484212,-9.111581709797777
882,3,10,-36.90509700504352,73.81019401008703,-18.45254850252176,-18.45254850252175
883,1,784,.000000000000000,.000000000000000,-27.45828888925010,27.45828888925010
883,2,256,-54.91657777849942,109.8331555569988,-46.41326889702776,-8.503308881471680
883,3,10,-37.90996001555524,75.81992003111048,-18.95498000777762,-18.95498000777763
884,1,784,.000000000000000,.000000000000000,-27.39883697623013,27.39883697623013
884,2,256,-54.79767395245936,109.5953479049187,-46.14576203098881,-8.651911921470559
884,3,10,-37.49385010951743,74.98770021903486,-18.74692505475872,-18.74692505475872
885,1,784,.000000000000000,.000000000000000,-27.54567555044972,27.54567555044972
885,2,256,-55.09135110089854,110.1827022017971,-46.05917135415872,-9.032179746739779
885,3,10,-37.02699160741816,74.05398321483632,-18.51349580370908,-18.51349580370908
886,1,784,.000000000000000,.000000000000000,-27.26320829977347,27.26320829977347
886,2,256,-54.52641659954612,109.0528331990922,-46.41733365765092,-8.109082941895187
886,3,10,-38.30825071575491,76.61650143150982,-19.15412535787745,-19.15412535787745
887,1,784,.000000000000000,.000000000000000,-27.45259702327828,27.45259702327828
887,2,256,-54.90519404655576,109.8103880931115,-46.20426453583996,-8.700929510715739
887,3,10,-37.50333502512343,75.00667005024687,-18.75166751256172,-18.75166751256172
888,1,784,.000000000000000,.000000000000000,-27.53187782528611,27.53187782528611
888,2,256,-55.06375565057134,110.1275113011427,-46.38588585850849,-8.677869792062879
888,3,10,-37.70801606644477,75.41603213288954,-18.85400803322239,-18.85400803322238
889,1,784,.000000000000000,.000000000000000,-27.75103301341117,27.75103301341117
889,2,256,-55.50206602682162,111.0041320536432,-45.97907770411098,-9.522988322710606
889,3,10,-36.45608938139954,72.91217876279907,-18.22804469069978,-18.22804469069976
890,1,784,.000000000000000,.000000000000000,-27.24058346133804,27.24058346133804
890,2,256,-54.48116692267519,108.9623338453504,-46.43494730373997,-8.046219618935233
890,3,10,-38.38872768480392,76.77745536960785,-19.19436384240197,-19.19436384240196
891,1,784,.000000000000000,.000000000000000,-27.54103959522619,27.54103959522619
891,2,256,-55.08207919045158,110.1641583809032,-46.19855183738728,-8.883527353064316
891,3,10,-37.31502448432209,74.63004896864419,-18.65751224216104,-18.65751224216104
892,1,784,.000000000000000,.000000000000000,-27.28693439817080,27.28693439817080
892,2,256,-54.57386879634081,109.1477375926816,-46.33657198561822,-8.237296810722578
892,3,10,-38.09927517489478,76.19855034978956,-19.04963758744740,-19.04963758744739
893,1,784,.000000000000000,.000000000000000,-27.63787694063075,27.63787694063075
893,2,256,-55.27575388126071,110.5515077625214,-45.87301511766493,-9.402738763595728
893,3,10,-36.47027635406837,72.94055270813674,-18.23513817703418,-18.23513817703418
894,1,784,.000000000000000,.000000000000000,-27.26922580451211,27.26922580451211
894,2,256,-54.53845160902340,109.0769032180468,-46.19370454191993,-8.344747067103441
894,3,10,-37.84895747481569,75.69791494963138,-18.92447873740785,-18.92447873740785
895,1,784,.000000000000000,.000000000000000,-27.54417663612880,27.54417663612880
895,2,256,-55.08835327225675,110.1767065445135,-45.92040297627982,-9.167950295976937
895,3,10,-36.75245268030206,73.50490536060411,-18.37622634015103,-18.37622634015103
896,1,784,.000000000000000,.000000000000000,-27.46077718211992,27.46077718211992
896,2,256,-54.92155436423904,109.8431087284781,-45.93405289510672,-8.987501469132322
896,3,10,-36.94655142597353,73.89310285194706,-18.47327571298677,-18.47327571298676
897,1,784,.000000000000000,.000000000000000,-27.28696093025342,27.28696093025342
897,2,256,-54.57392186050607,109.1478437210121,-46.18943223226173,-8.384489628244339
897,3,10,-37.80494260401657,75.60988520803313,-18.90247130200829,-18.90247130200828
898,1,784,.000000000000000,.000000000000000,-27.74299472495046,27.74299472495046
898,2,256,-55.48598944990019,110.9719788998004,-46.05523613795144,-9.430753311948759
898,3,10,-36.62448282600184,73.24896565200368,-18.31224141300092,-18.31224141300092
899,1,784,.000000000000000,.000000000000000,-27.28603668755710,27.28603668755710
899,2,256,-54.57207337511343,109.1441467502269,-46.37119769198350,-8.200875683129897
899,3,10,-38.17032200885279,76.34064401770557,-19.08516100442640,-19.08516100442639
900,1,784,.000000000000000,.000000000000000,-27.44528475126524,27.44528475126524
900,2,256,-54.89056950252969,109.7811390050594,-46.45186286802947,-8.438706634500228
900,3,10,-38.01315623352839,76.02631246705678,-19.00657811676420,-19.00657811676419
901,1,784,.000000000000000,.000000000000000,-27.41631055423310,27.41631055423310
901,2,256,-54.83262110846536,109.6652422169307,-46.40327530462825,-8.429345803837105
901,3,10,-37.97392950079034,75.94785900158068,-18.98696475039517,-18.98696475039517
902,1,784,.000000000000000,.000000000000000,-27.48842958218126,27.48842958218126
902,2,256,-54.97685916436177,109.9537183287235,-45.85315134389486,-9.123707820466906
902,3,10,-36.72944352342709,73.45888704685417,-18.36472176171355,-18.36472176171354
903,1,784,.000000000000000,.000000000000000,-27.30780353465522,27.30780353465522
903,2,256,-54.61560706930958,109.2312141386192,-46.29976577890947,-8.315841290400030
903,3,10,-37.98392448850860,75.96784897701720,-18.99196224425430,-18.99196224425430
904,1,784,.000000000000000,.000000000000000,-27.80641700281621,27.80641700281621
904,2,256,-55.61283400563165,111.2256680112633,-46.14752923756267,-9.465304768068956
904,3,10,-36.68222446949287,73.36444893898575,-18.34111223474644,-18.34111223474644
905,1,784,.000000000000000,.000000000000000,-27.54258720762519,27.54258720762519
905,2,256,-55.08517441524958,110.1703488304992,-46.18572440603888,-8.899450009210657
905,3,10,-37.28627439682737,74.57254879365475,-18.64313719841369,-18.64313719841368
906,1,784,.000000000000000,.000000000000000,-27.43020092763706,27.43020092763706
906,2,256,-54.86040185527323,109.7208037105465,-46.30868672716503,-8.551715128108176
906,3,10,-37.75697159905602,75.51394319811205,-18.87848579952801,-18.87848579952801
907,1,784,.000000000000000,.000000000000000,-27.25887405619313,27.25887405619313
907,2,256,-54.51774811238543,109.0354962247709,-46.26569711224835,-8.252051000137113
907,3,10,-38.01364611211041,76.02729222422083,-19.00682305605520,-19.00682305605521
908,1,784,.000000000000000,.000000000000000,-27.70157152939654,27.70157152939654
908,2,256,-55.40314305879228,110.8062861175846,-46.02389348261389,-9.379249576178339
908,3,10,-36.64464390643479,73.28928781286957,-18.32232195321739,-18.32232195321740
909,1,784,.000000000000000,.000000000000000,-27.72466870085832,27.72466870085832
909,2,256,-55.44933740171574,110.8986748034315,-46.11653297920165,-9.332804422514139
909,3,10,-36.78372855668666,73.56745711337332,-18.39186427834333,-18.39186427834333
910,1,784,.000000000000000,.000000000000000,-27.85236260296578,27.85236260296578
910,2,256,-55.70472520593072,111.4094504118614,-45.87468980648762,-9.830035399443084
910,3,10,-36.04465440704370,72.08930881408740,-18.02232720352184,-18.02232720352185
911,1,784,.000000000000000,.000000000000000,-27.78390246195099,27.78390246195099
911,2,256,-55.56780492390121,111.1356098478024,-45.77024175001962,-9.797563173881583
911,3,10,-35.97267857613720,71.94535715227440,-17.98633928806860,-17.98633928806859
912,1,784,.000000000000000,.000000000000000,-27.63254756004974,27.63254756004974
912,2,256,-55.26509512009863,110.5301902401973,-45.92821324974575,-9.336881870352912
912,3,10,-36.59133137939200,73.18266275878401,-18.29566568969599,-18.29566568969601
913,1,784,.000000000000000,.000000000000000,-27.24106418177736,27.24106418177736
913,2,256,-54.48212836355383,108.9642567271077,-46.22475589247121,-8.257372471082681
913,3,10,-37.96738342138764,75.93476684277529,-18.98369171069383,-18.98369171069382
914,1,784,.000000000000000,.000000000000000,-27.58115707215099,27.58115707215099
914,2,256,-55.16231414430114,110.3246282886023,-46.18062640773206,-8.981687736569041
914,3,10,-37.19893867116224,74.39787734232448,-18.59946933558111,-18.59946933558112
915,1,784,.000000000000000,.000000000000000,-27.27371525977621,27.27371525977621
915,2,256,-54.54743051955156,109.0948610391031,-46.29842783873266,-8.249002680818913
915,3,10,-38.04942515791288,76.09885031582576,-19.02471257895645,-19.02471257895643
916,1,784,.000000000000000,.000000000000000,-27.42977109047767,27.42977109047767
916,2,256,-54.85954218095456,109.7190843619091,-46.06438916504460,-8.795153015909932
916,3,10,-37.26923614913385,74.53847229826771,-18.63461807456692,-18.63461807456694
917,1,784,.000000000000000,.000000000000000,-27.39674596374962,27.39674596374962
917,2,256,-54.79349192749838,109.5869838549968,-46.24487198596948,-8.548619941528901
917,3,10,-37.69625204443974,75.39250408887948,-18.84812602221987,-18.84812602221987
918,1,784,.000000000000000,.000000000000000,-27.73428772496672,27.73428772496672
918,2,256,-55.46857544993257,110.9371508998651,-46.06647418023311,-9.402101269699511
918,3,10,-36.66437291053274,73.32874582106548,-18.33218645526637,-18.33218645526637
919,1,784,.000000000000000,.000000000000000,-27.94377142416137,27.94377142416137
919,2,256,-55.88754284832186,111.7750856966437,-45.98166362386788,-9.905879224454015
919,3,10,-36.07578439941302,72.15156879882605,-18.03789219970651,-18.03789219970651
920,1,784,.000000000000000,.000000000000000,-27.80619282907058,27.80619282907058
920,2,256,-55.61238565814039,111.2247713162808,-45.93876020733090,-9.673625450809475
920,3,10,-36.26513475652057,72.53026951304113,-18.13256737826028,-18.13256737826028
921,1,784,.000000000000000,.000000000000000,-27.44235572650666,27.44235572650666
921,2,256,-54.88471145301242,109.7694229060248,-46.06001363781621,-8.824697815196263
921,3,10,-37.23531582261910,74.47063164523820,-18.61765791130955,-18.61765791130954
922,1,784,.000000000000000,.000000000000000,-27.53079447207523,27.53079447207523
922,2,256,-55.06158894414958,110.1231778882992,-46.04436788423996,-9.017221059909625
922,3,10,-37.02714682432952,74.05429364865904,-18.51357341216475,-18.51357341216477
923,1,784,.000000000000000,.000000000000000,-27.71686483494834,27.71686483494834
923,2,256,-55.43372966989583,110.8674593397917,-46.20210634229480,-9.231623327601104
923,3,10,-36.97048301469279,73.94096602938558,-18.48524150734639,-18.48524150734639
924,1,784,.000000000000000,.000000000000000,-27.36182123140843,27.36182123140843
924,2,256,-54.72364246281608,109.4472849256322,-46.19032449133529,-8.533317971480701
924,3,10,-37.65700651985377,75.31401303970755,-18.82850325992689,-18.82850325992689
925,1,784,.000000000000000,.000000000000000,-27.30731626060143,27.30731626060143
925,2,256,-54.61463252120210,109.2292650424042,-46.05294875925309,-8.561683761949020
925,3,10,-37.49126499730323,74.98252999460647,-18.74563249865162,-18.74563249865162
926,1,784,.000000000000000,.000000000000000,-27.75196438897703,27.75196438897703
926,2,256,-55.50392877795324,111.0078575559065,-45.87086316404604,-9.633065613907210
926,3,10,-36.23779755013798,72.47559510027597,-18.11889877506898,-18.11889877506900
927,1,784,.000000000000000,.000000000000000,-27.39477809180555,27.39477809180555
927,2,256,-54.78955618361017,109.5791123672203,-46.09108066593050,-8.698475517679695
927,3,10,-37.39260514824996,74.78521029649991,-18.69630257412498,-18.69630257412497
928,1,784,.000000000000000,.000000000000000,-27.29090685729257,27.29090685729257
928,2,256,-54.58181371458438,109.1636274291688,-46.40651235769016,-8.175301356894186
928,3,10,-38.23121100079516,76.46242200159033,-19.11560550039758,-19.11560550039759
929,1,784,.000000000000000,.000000000000000,-27.54223673450499,27.54223673450499
929,2,256,-55.08447346900912,110.1689469380182,-46.22031774818750,-8.864155720821639
929,3,10,-37.35616202736504,74.71232405473009,-18.67808101368252,-18.67808101368252
930,1,784,.000000000000000,.000000000000000,-27.70290177915947,27.70290177915947
930,2,256,-55.40580355831811,110.8116071166362,-45.72622946569285,-9.679574092625248
930,3,10,-36.04665537306677,72.09331074613354,-18.02332768653338,-18.02332768653338
931,1,784,.000000000000000,.000000000000000,-27.68121562468319,27.68121562468319
931,2,256,-55.36243124936557,110.7248624987311,-46.12041237352093,-9.242018875844611
931,3,10,-36.87839349767548,73.75678699535095,-18.43919674883774,-18.43919674883774
932,1,784,.000000000000000,.000000000000000,-27.42788370991181,27.42788370991181
932,2,256,-54.85576741982283,109.7115348396457,-46.13262044924083,-8.723146970582027
932,3,10,-37.40947347865791,74.81894695731582,-18.70473673932896,-18.70473673932896
933,1,784,.000000000000000,.000000000000000,-27.66788044821010,27.66788044821010
933,2,256,-55.33576089641938,110.6715217928388,-46.03549933418550,-9.300261562233937
933,3,10,-36.73523777195071,73.47047554390143,-18.36761888597535,-18.36761888597536
934,1,784,.000000000000000,.000000000000000,-27.37744428713445,27.37744428713445
934,2,256,-54.75488857426811,109.5097771485362,-45.96886963563534,-8.786018938632738
934,3,10,-37.18285069700180,74.36570139400361,-18.59142534850090,-18.59142534850091
935,1,784,.000000000000000,.000000000000000,-27.25850084467621,27.25850084467621
935,2,256,-54.51700168935163,109.0340033787033,-46.40857190700522,-8.108429782346354
935,3,10,-38.30014212465805,76.60028424931610,-19.15007106232902,-19.15007106232903
936,1,784,.000000000000000,.000000000000000,-27.46320688205198,27.46320688205198
936,2,256,-54.92641376410314,109.8528275282063,-46.13885635992776,-8.787557404175379
936,3,10,-37.35129895575156,74.70259791150312,-18.67564947787578,-18.67564947787578
937,1,784,.000000000000000,.000000000000000,-27.52649796749932,27.52649796749932
937,2,256,-55.05299593499780,110.1059918699956,-45.95378127122282,-9.099214663774994
937,3,10,-36.85456660744702,73.70913321489404,-18.42728330372351,-18.42728330372351
938,1,784,.000000000000000,.000000000000000,-27.60713931979910,27.60713931979910
938,2,256,-55.21427863959736,110.4285572791947,-45.92749691376530,-9.286781725832055
938,3,10,-36.64071518793241,73.28143037586482,-18.32035759396621,-18.32035759396620
939,1,784,.000000000000000,.000000000000000,-27.36655073203336,27.36655073203336
939,2,256,-54.73310146406594,109.4662029281319,-46.28116169009992,-8.451939773966009
939,3,10,-37.82922191613308,75.65844383226616,-18.91461095806653,-18.91461095806655
940,1,784,.000000000000000,.000000000000000,-27.05319556179712,27.05319556179712
940,2,256,-54.10639112359351,108.2127822471870,-46.57263971056913,-7.533751413024332
940,3,10,-39.03888829754399,78.07777659508798,-19.51944414877199,-19.51944414877200
941,1,784,.000000000000000,.000000000000000,-27.62430843382175,27.62430843382175
941,2,256,-55.24861686764262,110.4972337352852,-45.96699641881842,-9.281620448824217
941,3,10,-36.68537596999336,73.37075193998672,-18.34268798499667,-18.34268798499669
942,1,784,.000000000000000,.000000000000000,-27.54078523768591,27.54078523768591
942,2,256,-55.08157047537102,110.1631409507420,-45.93711300345875,-9.144457471912254
942,3,10,-36.79265553154564,73.58531106309128,-18.39632776577282,-18.39632776577283
943,1,784,.000000000000000,.000000000000000,-27.67369008714155,27.67369008714155
943,2,256,-55.34738017428233,110.6947603485647,-46.23000923350300,-9.117370940779336
943,3,10,-37.11263829272283,74.22527658544566,-18.55631914636142,-18.55631914636142
944,1,784,.000000000000000,.000000000000000,-27.03389967798891,27.03389967798891
944,2,256,-54.06779935597700,108.1355987119540,-46.50860260305306,-7.559196752923942
944,3,10,-38.94940585012826,77.89881170025652,-19.47470292506413,-19.47470292506413
945,1,784,.000000000000000,.000000000000000,-27.66025128836637,27.66025128836637
945,2,256,-55.32050257673195,110.6410051534639,-45.99588935475422,-9.324613221977708
945,3,10,-36.67127613277569,73.34255226555138,-18.33563806638785,-18.33563806638784
946,1,784,.000000000000000,.000000000000000,-27.46464654252370,27.46464654252370
946,2,256,-54.92929308504657,109.8585861700931,-46.35590366940553,-8.573389415640985
946,3,10,-37.78251425376374,75.56502850752749,-18.89125712688187,-18.89125712688187
947,1,784,.000000000000000,.000000000000000,-27.95937715875124,27.95937715875124
947,2,256,-55.91875431750169,111.8375086350034,-45.92501506617781,-9.993739251323829
947,3,10,-35.93127581485317,71.86255162970633,-17.96563790742658,-17.96563790742658
948,1,784,.000000000000000,.000000000000000,-27.50094333440899,27.50094333440899
948,2,256,-55.00188666881711,110.0037733376342,-46.00957459201296,-8.992312076804174
948,3,10,-37.01726251520794,74.03452503041588,-18.50863125760397,-18.50863125760397
949,1,784,.000000000000000,.000000000000000,-27.37713272580446,27.37713272580446
949,2,256,-54.75426545160811,109.5085309032162,-46.25337286067092,-8.500892590937225
949,3,10,-37.75248026973287,75.50496053946574,-18.87624013486644,-18.87624013486644
950,1,784,.000000000000000,.000000000000000,-27.18880191288191,27.18880191288191
950,2,256,-54.37760382576304,108.7552076515261,-46.28730384301535,-8.090299982747656
950,3,10,-38.19700386026686,76.39400772053372,-19.09850193013343,-19.09850193013343
951,1,784,.000000000000000,.000000000000000,-27.44572059728014,27.44572059728014
951,2,256,-54.89144119455946,109.7828823891189,-46.57419948800831,-8.317241706551165
951,3,10,-38.25695778145633,76.51391556291266,-19.12847889072816,-19.12847889072817
952,1,784,.000000000000000,.000000000000000,-27.39437666064819,27.39437666064819
952,2,256,-54.78875332129558,109.5775066425912,-46.05576667197584,-8.732986649319692
952,3,10,-37.32278002265532,74.64556004531065,-18.66139001132766,-18.66139001132766
953,1,784,.000000000000000,.000000000000000,-27.66680754164423,27.66680754164423
953,2,256,-55.33361508328761,110.6672301665752,-45.99887539724610,-9.334739686041527
953,3,10,-36.66413571120375,73.32827142240750,-18.33206785560187,-18.33206785560188
954,1,784,.000000000000000,.000000000000000,-27.40807200874168,27.40807200874168
954,2,256,-54.81614401748250,109.6322880349650,-46.03137009544898,-8.784773922033517
954,3,10,-37.24659617341462,74.49319234682923,-18.62329808670730,-18.62329808670731
955,1,784,.000000000000000,.000000000000000,-27.40953844698901,27.40953844698901
955,2,256,-54.81907689397717,109.6381537879543,-46.42394575027861,-8.395131143698562
955,3,10,-38.02881460657922,76.05762921315844,-19.01440730328960,-19.01440730328961
956,1,784,.000000000000000,.000000000000000,-27.58545816842695,27.58545816842695
956,2,256,-55.17091633685305,110.3418326737061,-45.89289195776598,-9.278024379087098
956,3,10,-36.61486757867802,73.22973515735605,-18.30743378933902,-18.30743378933901
957,1,784,.000000000000000,.000000000000000,-27.53168154917370,27.53168154917370
957,2,256,-55.06336309834658,110.1267261966932,-46.13229497767340,-8.931068120673196
957,3,10,-37.20122685699939,74.40245371399878,-18.60061342849969,-18.60061342849970
958,1,784,.000000000000000,.000000000000000,-27.49178541394257,27.49178541394257
958,2,256,-54.98357082788436,109.9671416557687,-46.29075485710241,-8.692815970781886
958,3,10,-37.59793888631970,75.19587777263939,-18.79896944315986,-18.79896944315984
959,1,784,.000000000000000,.000000000000000,-27.59225235497440,27.59225235497440
959,2,256,-55.18450470994799,110.3690094198960,-46.03181901768328,-9.152685692264656
959,3,10,-36.87913332541784,73.75826665083568,-18.43956666270892,-18.43956666270892
960,1,784,.000000000000000,.000000000000000,-27.69099694012343,27.69099694012343
960,2,256,-55.38199388024609,110.7639877604922,-45.94990919033165,-9.432084689914431
960,3,10,-36.51782450041640,73.03564900083279,-18.25891225020819,-18.25891225020820
961,1,784,.000000000000000,.000000000000000,-27.71478895628118,27.71478895628118
961,2,256,-55.42957791256151,110.8591558251230,-45.74807103601415,-9.681506876547321
961,3,10,-36.06656415946605,72.13312831893209,-18.03328207973302,-18.03328207973303
962,1,784,.000000000000000,.000000000000000,-27.76413474795874,27.76413474795874
962,2,256,-55.52826949591662,111.0565389918332,-45.83203292237554,-9.696236573541125
962,3,10,-36.13579634883357,72.27159269766713,-18.06789817441679,-18.06789817441678
963,1,784,.000000000000000,.000000000000000,-27.41505919073690,27.41505919073690
963,2,256,-54.83011838147301,109.6602367629460,-46.41292559464216,-8.417192786830828
963,3,10,-37.99573280781053,75.99146561562107,-18.99786640390527,-18.99786640390526
964,1,784,.000000000000000,.000000000000000,-27.55652441042004,27.55652441042004
964,2,256,-55.11304882083927,110.2260976416785,-46.28509476386900,-8.827954056970263
964,3,10,-37.45714070689790,74.91428141379579,-18.72857035344894,-18.72857035344895
965,1,784,.000000000000000,.000000000000000,-27.45203835735657,27.45203835735657
965,2,256,-54.90407671471229,109.8081534294246,-46.28241958711865,-8.621657127593618
965,3,10,-37.66076245952423,75.32152491904846,-18.83038122976211,-18.83038122976212
966,1,784,.000000000000000,.000000000000000,-27.41315206476300,27.41315206476300
966,2,256,-54.82630412952516,109.6526082590503,-46.43841484078806,-8.387889288737107
966,3,10,-38.05052555205013,76.10105110410026,-19.02526277602507,-19.02526277602506
967,1,784,.000000000000000,.000000000000000,-27.54544578695806,27.54544578695806
967,2,256,-55.09089157391536,110.1817831478307,-46.19063401386925,-8.900257560046114
967,3,10,-37.29037645382230,74.58075290764459,-18.64518822691114,-18.64518822691115
968,1,784,.000000000000000,.000000000000000,-27.63934969430220,27.63934969430220
968,2,256,-55.27869938860354,110.5573987772071,-46.13532210025343,-9.143377288350093
968,3,10,-36.99194481190247,73.98388962380494,-18.49597240595124,-18.49597240595124
969,1,784,.000000000000000,.000000000000000,-27.40542741410623,27.40542741410623
969,2,256,-54.81085482821172,109.6217096564234,-46.16329650749753,-8.647558320714174
969,3,10,-37.51573818678254,75.03147637356507,-18.75786909339126,-18.75786909339127
970,1,784,.000000000000000,.000000000000000,-27.22232075543799,27.22232075543799
970,2,256,-54.44464151087512,108.8892830217502,-46.50630697368923,-7.938334537185932
970,3,10,-38.56797243650242,77.13594487300485,-19.28398621825121,-19.28398621825121
971,1,784,.000000000000000,.000000000000000,-27.63087007221147,27.63087007221147
971,2,256,-55.26174014442211,110.5234802888442,-46.10286466656690,-9.158875477855194
971,3,10,-36.94398918871086,73.88797837742172,-18.47199459435543,-18.47199459435543
972,1,784,.000000000000000,.000000000000000,-27.80931936594722,27.80931936594722
972,2,256,-55.61863873189364,111.2372774637873,-45.61999540063491,-9.998643331258782
972,3,10,-35.62135206937527,71.24270413875054,-17.81067603468764,-17.81067603468763
973,1,784,.000000000000000,.000000000000000,-27.41582249181370,27.41582249181370
973,2,256,-54.83164498362659,109.6632899672532,-46.34887142706471,-8.482773556561874
973,3,10,-37.86609787050199,75.73219574100398,-18.93304893525099,-18.93304893525100
974,1,784,.000000000000000,.000000000000000,-27.54893439970253,27.54893439970253
974,2,256,-55.09786879940426,110.1957375988085,-46.13439130307438,-8.963477496329849
974,3,10,-37.17091380674371,74.34182761348742,-18.58545690337186,-18.58545690337186
975,1,784,.000000000000000,.000000000000000,-27.57005902123988,27.57005902123988
975,2,256,-55.14011804247885,110.2802360849577,-46.20453719982387,-8.935580842654998
975,3,10,-37.26895635716802,74.53791271433604,-18.63447817858401,-18.63447817858401
976,1,784,.000000000000000,.000000000000000,-27.69166094731663,27.69166094731663
976,2,256,-55.38332189463246,110.7666437892649,-46.08985400988941,-9.293467884743009
976,3,10,-36.79638612514555,73.59277225029111,-18.39819306257278,-18.39819306257278
977,1,784,.000000000000000,.000000000000000,-27.60536097469445,27.60536097469445
977,2,256,-55.21072194938807,110.4214438987761,-46.16035516282790,-9.050366786560204
977,3,10,-37.10998837626687,74.21997675253374,-18.55499418813343,-18.55499418813344
978,1,784,.000000000000000,.000000000000000,-27.32189143874742,27.32189143874742
978,2,256,-54.64378287749405,109.2875657549881,-46.68526416876995,-7.958518708724095
978,3,10,-38.72674546004501,77.45349092009002,-19.36337273002252,-19.36337273002250
979,1,784,.000000000000000,.000000000000000,-27.50835049187325,27.50835049187325
979,2,256,-55.01670098374572,110.0334019674914,-46.20052289022583,-8.816178093519827
979,3,10,-37.38434479670519,74.76868959341037,-18.69217239835259,-18.69217239835260
980,1,784,.000000000000000,.000000000000000,-27.63103145579070,27.63103145579070
980,2,256,-55.26206291158060,110.5241258231612,-46.05154041667323,-9.210522494907353
980,3,10,-36.84101792176503,73.68203584353006,-18.42050896088253,-18.42050896088250
981,1,784,.000000000000000,.000000000000000,-27.40593891232181,27.40593891232181
981,2,256,-54.81187782464283,109.6237556492857,-46.27694586320612,-8.534931961436753
981,3,10,-37.74201390176851,75.48402780353702,-18.87100695088425,-18.87100695088425
982,1,784,.000000000000000,.000000000000000,-27.57083318738891,27.57083318738891
982,2,256,-55.14166637477702,110.2833327495540,-46.19363212963699,-8.948034245140034
982,3,10,-37.24559788449605,74.49119576899210,-18.62279894224803,-18.62279894224802
983,1,784,.000000000000000,.000000000000000,-27.80837797325244,27.80837797325244
983,2,256,-55.61675594650407,111.2335118930081,-45.74562970862500,-9.871126237879134
983,3,10,-35.87450347074501,71.74900694149002,-17.93725173537251,-17.93725173537251
984,1,784,.000000000000000,.000000000000000,-27.70827076100325,27.70827076100325
984,2,256,-55.41654152200563,110.8330830440113,-46.03215558860867,-9.384385933396906
984,3,10,-36.64776965521094,73.29553931042189,-18.32388482760548,-18.32388482760547
985,1,784,.000000000000000,.000000000000000,-27.52889072933551,27.52889072933551
985,2,256,-55.05778145867014,110.1155629173403,-45.99389826534357,-9.063883193326571
985,3,10,-36.93001507201617,73.86003014403234,-18.46500753600808,-18.46500753600809
986,1,784,.000000000000000,.000000000000000,-27.83604957706459,27.83604957706459
986,2,256,-55.67209915412845,111.3441983082569,-46.02361458032458,-9.648484573803843
986,3,10,-36.37513000651992,72.75026001303985,-18.18756500325996,-18.18756500325997
987,1,784,.000000000000000,.000000000000000,-27.27366041740356,27.27366041740356
987,2,256,-54.54732083480629,109.0946416696126,-46.49947819003500,-8.047842644771245
987,3,10,-38.45163554526296,76.90327109052592,-19.22581777263149,-19.22581777263147
988,1,784,.000000000000000,.000000000000000,-27.93687338050109,27.93687338050109
988,2,256,-55.87374676100141,111.7474935220028,-46.00069695284200,-9.873049808159394
988,3,10,-36.12764714468180,72.25529428936360,-18.06382357234090,-18.06382357234090
989,1,784,.000000000000000,.000000000000000,-28.24246094869662,28.24246094869662
989,2,256,-56.48492189739244,112.9698437947849,-45.58507786506774,-10.89984403232471
989,3,10,-34.68523383274223,69.37046766548445,-17.34261691637111,-17.34261691637112
990,1,784,.000000000000000,.000000000000000,-27.16084530541861,27.16084530541861
990,2,256,-54.32169061083637,108.6433812216727,-46.52481727189907,-7.796873338937257
990,3,10,-38.72794393296107,77.45588786592214,-19.36397196648052,-19.36397196648054
991,1,784,.000000000000000,.000000000000000,-28.02323962058066,28.02323962058066
991,2,256,-56.04647924116049,112.0929584823210,-45.71323126650505,-10.33324797465545
991,3,10,-35.37998329184879,70.75996658369758,-17.68999164592439,-17.68999164592439
992,1,784,.000000000000000,.000000000000000,-27.46132403395223,27.46132403395223
992,2,256,-54.92264806790367,109.8452961358073,-46.07800437817555,-8.844643689728098
992,3,10,-37.23336068844664,74.46672137689329,-18.61668034422332,-18.61668034422333
993,1,784,.000000000000000,.000000000000000,-27.44080676026062,27.44080676026062
993,2,256,-54.88161352052038,109.7632270410408,-46.17420839568315,-8.707405124837237
993,3,10,-37.46680327084507,74.93360654169014,-18.73340163542254,-18.73340163542254
994,1,784,.000000000000000,.000000000000000,-27.57223235919120,27.57223235919120
994,2,256,-55.14446471838156,110.2889294367631,-46.35287607030596,-8.791588648075617
994,3,10,-37.56128742222944,75.12257484445888,-18.78064371111472,-18.78064371111472
995,1,784,.000000000000000,.000000000000000,-27.10368989076973,27.10368989076973
995,2,256,-54.20737978153867,108.4147595630773,-46.56817214844893,-7.639207633089698
995,3,10,-38.92896451535838,77.85792903071676,-19.46448225767920,-19.46448225767918
996,1,784,.000000000000000,.000000000000000,-27.43688242781850,27.43688242781850
996,2,256,-54.87376485563615,109.7475297112723,-46.27528262164925,-8.598482233986939
996,3,10,-37.67680038766149,75.35360077532297,-18.83840019383074,-18.83840019383075
997,1,784,.000000000000000,.000000000000000,-27.45158420282192,27.45158420282192
997,2,256,-54.90316840564302,109.8063368112860,-46.21286718032434,-8.690301225318665
997,3,10,-37.52256595500488,75.04513191000976,-18.76128297750244,-18.76128297750245
998,1,784,.000000000000000,.000000000000000,-27.47511414940501,27.47511414940501
998,2,256,-54.95022829880918,109.9004565976184,-46.26817029242943,-8.682058006379746
998,3,10,-37.58611228604883,75.17222457209766,-18.79305614302442,-18.79305614302443
999,1,784,.000000000000000,.000000000000000,-27.55062705408961,27.55062705408961
999,2,256,-55.10125410817842,110.2025082163568,-46.18879606031426,-8.912458047864154
999,3,10,-37.27633801244923,74.55267602489846,-18.63816900622461,-18.63816900622462
1000,1,784,.000000000000000,.000000000000000,-27.58541997734194,27.58541997734194
1000,2,256,-55.17083995468314,110.3416799093663,-46.18319926434710,-8.987640690336031
1000,3,10,-37.19555857401021,74.39111714802043,-18.59777928700511,-18.59777928700510
