id,Layer,node_count,HR_total,EPR_total,WR_total,UR_total
0,1,784,.000000000000000,.000000000000000,-16.63741219685583,16.63741219685583
0,2,256,-33.27482439371094,66.54964878742187,-36.06978966017238,2.794965266461430
0,3,256,-38.86475492663308,77.72950985326617,-50.67109777995185,11.80634285331875
0,4,256,-62.47744063327063,124.9548812665413,-92.53022888068051,30.05278824740989
0,5,10,-122.5830171280905,245.1660342561810,-61.29150856404523,-61.29150856404526
1,1,784,.000000000000000,.000000000000000,-32.13749620690618,32.13749620690618
1,2,256,-64.27499241381153,128.5499848276231,-45.56366407547705,-18.71132833833447
1,3,256,-26.85233573714172,53.70467147428344,-25.15635293540241,-1.695982801739296
1,4,256,-23.46037013366310,46.92074026732620,-12.16664787359612,-11.29372226006697
1,5,10,-.8729256135290995,1.745851227058199,-.4364628067645510,-.4364628067645486
2,1,784,.000000000000000,.000000000000000,-32.29024521976157,32.29024521976157
2,2,256,-64.58049043952222,129.1609808790444,-45.58968755272595,-18.99080288679626
2,3,256,-26.59888466592882,53.19776933185764,-24.99411289664871,-1.604771769280101
2,4,256,-23.38934112736858,46.77868225473716,-12.12440901160604,-11.26493211576256
2,5,10,-.8594768958434771,1.718953791686954,-.4297384479217399,-.4297384479217372
3,1,784,.000000000000000,.000000000000000,-32.20444948131459,32.20444948131459
3,2,256,-64.40889896262834,128.8177979252567,-45.49319761377630,-18.91570134885205
3,3,256,-26.57749626492344,53.15499252984688,-25.05872021997667,-1.518776044946770
3,4,256,-23.53994417502989,47.07988835005978,-12.22633844302240,-11.31360573200750
3,5,10,-.9127327110148705,1.825465422029741,-.4563663555074343,-.4563663555074361
4,1,784,.000000000000000,.000000000000000,-32.55772705742437,32.55772705742437
4,2,256,-65.11545411484788,130.2309082296958,-45.53442763575291,-19.58102647909497
4,3,256,-25.95340115665698,51.90680231331395,-24.54577316855161,-1.407627988105385
4,4,256,-23.13814518044617,46.27629036089235,-12.09494980094580,-11.04319537950040
4,5,10,-1.051754421445404,2.103508842890809,-.5258772107227035,-.5258772107227009
5,1,784,.000000000000000,.000000000000000,-32.27389521850792,32.27389521850792
5,2,256,-64.54779043701492,129.0955808740298,-45.49140227918916,-19.05638815782580
5,3,256,-26.43501412136239,52.87002824272479,-24.94679617155786,-1.488217949804569
5,4,256,-23.45857822175325,46.91715644350650,-12.20517006367830,-11.25340815807491
5,5,10,-.9517619056033845,1.903523811206769,-.4758809528016932,-.4758809528016914
6,1,784,.000000000000000,.000000000000000,-32.18963114283899,32.18963114283899
6,2,256,-64.37926228567699,128.7585245713540,-45.36272575477194,-19.01653653090506
6,3,256,-26.34618922386598,52.69237844773196,-25.02762183302492,-1.318567390841062
6,4,256,-23.70905444218387,47.41810888436773,-12.33271455979106,-11.37633988239280
6,5,10,-.9563746773982809,1.912749354796562,-.4781873386991400,-.4781873386991409
7,1,784,.000000000000000,.000000000000000,-32.17540219121887,32.17540219121887
7,2,256,-64.35080438243692,128.7016087648738,-45.35005422680322,-19.00075015563372
7,3,256,-26.34930407116864,52.69860814233728,-25.07740630942784,-1.271897761740786
7,4,256,-23.80550854768708,47.61101709537416,-12.34276868583704,-11.46273986185005
7,5,10,-.8800288239869725,1.760057647973945,-.4400144119934862,-.4400144119934862
8,1,784,.000000000000000,.000000000000000,-32.24048135039250,32.24048135039250
8,2,256,-64.48096270078403,128.9619254015681,-45.31456772931880,-19.16639497146526
8,3,256,-26.14817275785266,52.29634551570532,-24.98311148336588,-1.165061274486781
8,4,256,-23.81805020887913,47.63610041775825,-12.34921480138193,-11.46883540749718
8,5,10,-.8803793938847529,1.760758787769506,-.4401896969423763,-.4401896969423766
9,1,784,.000000000000000,.000000000000000,-32.17839749613422,32.17839749613422
9,2,256,-64.35679499226750,128.7135899845350,-45.28715275911053,-19.06964223315700
9,3,256,-26.21751052595259,52.43502105190518,-25.02329025138950,-1.194220274563077
9,4,256,-23.82906997682639,47.65813995365277,-12.39472818333055,-11.43434179349584
9,5,10,-.9603863898346663,1.920772779669333,-.4801931949173343,-.4801931949173320
10,1,784,.000000000000000,.000000000000000,-32.40757915536466,32.40757915536466
10,2,256,-64.81515831072845,129.6303166214569,-45.52614081192072,-19.28901749880769
10,3,256,-26.23712331311219,52.47424662622437,-24.80273782226616,-1.434385490846002
10,4,256,-23.36835233142017,46.73670466284034,-12.14287549978159,-11.22547683163861
10,5,10,-.9173986681429847,1.834797336285969,-.4586993340714905,-.4586993340714940
11,1,784,.000000000000000,.000000000000000,-32.34642664529331,32.34642664529331
11,2,256,-64.69285329058576,129.3857065811715,-45.46877374254217,-19.22407954804364
11,3,256,-26.24469419449764,52.48938838899527,-24.89705982659344,-1.347634367904196
11,4,256,-23.54942545868927,47.09885091737853,-12.19831651588358,-11.35110894280568
11,5,10,-.8472075730779340,1.694415146155868,-.4236037865389655,-.4236037865389686
12,1,784,.000000000000000,.000000000000000,-32.09963847059993,32.09963847059993
12,2,256,-64.19927694119897,128.3985538823979,-45.27016553074883,-18.92911141045017
12,3,256,-26.34105412029776,52.68210824059553,-25.14555033727313,-1.195503783024640
12,4,256,-23.95004655424843,47.90009310849686,-12.43271940412862,-11.51732715011982
12,5,10,-.9153922540087622,1.830784508017524,-.4576961270043796,-.4576961270043826
13,1,784,.000000000000000,.000000000000000,-32.12897838089223,32.12897838089223
13,2,256,-64.25795676178360,128.5159135235672,-45.43679225387353,-18.82116450791003
13,3,256,-26.61562774596259,53.23125549192518,-25.13740115975170,-1.478226586210874
13,4,256,-23.65917457354082,47.31834914708163,-12.28280968826532,-11.37636488527549
13,5,10,-.9064448029897900,1.812889605979580,-.4532224014948978,-.4532224014948922
14,1,784,.000000000000000,.000000000000000,-32.04051694935909,32.04051694935909
14,2,256,-64.08103389871734,128.1620677974347,-45.34121267718692,-18.73982122153043
14,3,256,-26.60139145565565,53.20278291131130,-25.22606425904390,-1.375327196611709
14,4,256,-23.85073706243222,47.70147412486445,-12.37563215759552,-11.47510490483667
14,5,10,-.9005272527588540,1.801054505517708,-.4502636263794277,-.4502636263794262
15,1,784,.000000000000000,.000000000000000,-32.14393690472735,32.14393690472735
15,2,256,-64.28787380945383,128.5757476189077,-45.30669830621584,-18.98117550323799
15,3,256,-26.32552280297693,52.65104560595386,-25.09175369008701,-1.233769112889936
15,4,256,-23.85798457719702,47.71596915439403,-12.37924852090544,-11.47873605629157
15,5,10,-.9005124646138616,1.801024929227723,-.4502562323069296,-.4502562323069320
16,1,784,.000000000000000,.000000000000000,-32.11663851647947,32.11663851647947
16,2,256,-64.23327703295807,128.4665540659161,-45.23515955337014,-18.99811747958798
16,3,256,-26.23704207378130,52.47408414756260,-25.09978807895979,-1.137253994821538
16,4,256,-23.96253408413823,47.92506816827647,-12.46256050012050,-11.49997358401774
16,5,10,-.9625869161027477,1.925173832205495,-.4812934580513743,-.4812934580513734
17,1,784,.000000000000000,.000000000000000,-32.18532419749990,32.18532419749990
17,2,256,-64.37064839499894,128.7412967899979,-45.53323167391461,-18.83741672108431
17,3,256,-26.69581495282939,53.39162990565879,-25.07352092553178,-1.622294027297629
17,4,256,-23.45122689823409,46.90245379646818,-12.19601994615668,-11.25520695207742
17,5,10,-.9408129940792425,1.881625988158485,-.4704064970396236,-.4704064970396188
18,1,784,.000000000000000,.000000000000000,-32.31495245696018,32.31495245696018
18,2,256,-64.62990491391952,129.2598098278390,-45.41031088743221,-19.21959402648727
18,3,256,-26.19071686094410,52.38143372188819,-24.90289989762338,-1.287816963320702
18,4,256,-23.61508293430267,47.23016586860533,-12.25683137825765,-11.35825155604502
18,5,10,-.8985798222126343,1.797159644425269,-.4492899111063180,-.4492899111063163
19,1,784,.000000000000000,.000000000000000,-32.21341099781947,32.21341099781947
19,2,256,-64.42682199563795,128.8536439912759,-45.34656715639962,-19.08025483923833
19,3,256,-26.26631231716046,52.53262463432091,-25.00476628544593,-1.261546031714542
19,4,256,-23.74322025373137,47.48644050746273,-12.34797216471965,-11.39524808901173
19,5,10,-.9527240757079084,1.905448151415817,-.4763620378539534,-.4763620378539549
20,1,784,.000000000000000,.000000000000000,-32.05083136023602,32.05083136023602
20,2,256,-64.10166272047110,128.2033254409422,-45.37726444664007,-18.72439827383101
20,3,256,-26.65286617280819,53.30573234561638,-25.20776709342587,-1.445099079382330
20,4,256,-23.76266801404352,47.52533602808704,-12.34591860592849,-11.41674940811503
20,5,10,-.9291691978134415,1.858338395626883,-.4645845989067216,-.4645845989067199
21,1,784,.000000000000000,.000000000000000,-32.32912081790934,32.32912081790934
21,2,256,-64.65824163581793,129.3164832716359,-45.43758496671580,-19.22065666910208
21,3,256,-26.21692829761284,52.43385659522567,-24.90620630488888,-1.310721992723940
21,4,256,-23.59548431216495,47.19096862432990,-12.23330981372328,-11.36217449844166
21,5,10,-.8711353152816190,1.742270630563238,-.4355676576408090,-.4355676576408099
22,1,784,.000000000000000,.000000000000000,-32.11544097812270,32.11544097812270
22,2,256,-64.23088195624456,128.4617639124891,-45.44014526898955,-18.79073668725502
22,3,256,-26.64940858173362,53.29881716346725,-25.09711775628437,-1.552290825449256
22,4,256,-23.54482693083511,47.08965386167023,-12.28892111785550,-11.25590581297961
22,5,10,-1.033015304875917,2.066030609751834,-.5165076524379560,-.5165076524379610
23,1,784,.000000000000000,.000000000000000,-32.10467798063728,32.10467798063728
23,2,256,-64.20935596127362,128.4187119225472,-45.39541527983907,-18.81394068143453
23,3,256,-26.58147459840364,53.16294919680728,-25.11581153869511,-1.465663059708502
23,4,256,-23.65014847898658,47.30029695797315,-12.31168344922706,-11.33846502975950
23,5,10,-.9732184194675104,1.946436838935021,-.4866092097337538,-.4866092097337568
24,1,784,.000000000000000,.000000000000000,-32.19605034651839,32.19605034651839
24,2,256,-64.39210069303603,128.7842013860721,-45.47997529342021,-18.91212539961578
24,3,256,-26.56784989380354,53.13569978760709,-25.03877644913920,-1.529073444664363
24,4,256,-23.50970300447481,47.01940600894962,-12.22333154706888,-11.28637145740593
24,5,10,-.9369600896629676,1.873920179325935,-.4684800448314853,-.4684800448314823
25,1,784,.000000000000000,.000000000000000,-32.24232630114206,32.24232630114206
25,2,256,-64.48465260228321,128.9693052045664,-45.33179714281297,-19.15285545947023
25,3,256,-26.17894168334185,52.35788336668369,-24.98691510806597,-1.192026575275868
25,4,256,-23.79488853279006,47.58977706558013,-12.33639229662269,-11.45849623616737
25,5,10,-.8778960604552895,1.755792120910579,-.4389480302276439,-.4389480302276456
26,1,784,.000000000000000,.000000000000000,-32.30817869036926,32.30817869036926
26,2,256,-64.61635738073765,129.2327147614753,-45.45395122982882,-19.16240615090879
26,3,256,-26.29154507891922,52.58309015783844,-24.88491803645026,-1.406627042468959
26,4,256,-23.47829099398129,46.95658198796258,-12.21474664902532,-11.26354434495597
26,5,10,-.9512023040693283,1.902404608138657,-.4756011520346637,-.4756011520346648
27,1,784,.000000000000000,.000000000000000,-32.03379976650066,32.03379976650066
27,2,256,-64.06759953300049,128.1351990660010,-45.23564834359770,-18.83195118940276
27,3,256,-26.40369715419413,52.80739430838826,-25.22098836983953,-1.182708784354605
27,4,256,-24.03827958548492,48.07655917096984,-12.46278331159584,-11.57549627388909
27,5,10,-.8872870377067473,1.774574075413495,-.4436435188533747,-.4436435188533727
28,1,784,.000000000000000,.000000000000000,-32.41618566782491,32.41618566782491
28,2,256,-64.83237133564896,129.6647426712979,-45.65703693124800,-19.17533440440092
28,3,256,-26.48170252684615,52.96340505369229,-24.83742345249665,-1.644279074349508
28,4,256,-23.19314437814714,46.38628875629428,-12.03747070991887,-11.15567366822825
28,5,10,-.8817970416906025,1.763594083381205,-.4408985208452997,-.4408985208453027
29,1,784,.000000000000000,.000000000000000,-32.15370724745149,32.15370724745149
29,2,256,-64.30741449490202,128.6148289898040,-45.35275830082861,-18.95465619407350
29,3,256,-26.39810210675416,52.79620421350832,-25.06692097188656,-1.331181134867573
29,4,256,-23.73573983701897,47.47147967403794,-12.34408315014145,-11.39165668687751
29,5,10,-.9524264632638990,1.904852926527798,-.4762132316319503,-.4762132316319486
30,1,784,.000000000000000,.000000000000000,-32.29820898521437,32.29820898521437
30,2,256,-64.59641797042781,129.1928359408556,-45.46576897871820,-19.13064899170960
30,3,256,-26.33511998700770,52.67023997401541,-24.92964373062548,-1.405476256382236
30,4,256,-23.52416747424325,47.04833494848651,-12.21689016470965,-11.30727730953359
30,5,10,-.9096128551760834,1.819225710352167,-.4548064275880416,-.4548064275880417
31,1,784,.000000000000000,.000000000000000,-32.36452640285520,32.36452640285520
31,2,256,-64.72905280570953,129.4581056114191,-45.29639462346407,-19.43265818224545
31,3,256,-25.86373644121772,51.72747288243545,-24.82570479796945,-1.038031643248286
31,4,256,-23.78767315472110,47.57534630944220,-12.33395187071797,-11.45372128400313
31,5,10,-.8802305867148233,1.760461173429647,-.4401152933574134,-.4401152933574099
32,1,784,.000000000000000,.000000000000000,-32.43378739206690,32.43378739206690
32,2,256,-64.86757478413286,129.7351495682657,-45.59174583143400,-19.27582895269888
32,3,256,-26.31591687873420,52.63183375746840,-24.83893374542973,-1.476983133304475
32,4,256,-23.36195061212533,46.72390122425065,-12.08624484674520,-11.27570576538013
32,5,10,-.8105390813651121,1.621078162730224,-.4052695406825534,-.4052695406825586
33,1,784,.000000000000000,.000000000000000,-32.17887813865826,32.17887813865826
33,2,256,-64.35775627731566,128.7155125546313,-45.44708814650736,-18.91066813080828
33,3,256,-26.53642001569818,53.07284003139635,-25.09500089603829,-1.441419119659909
33,4,256,-23.65358177637831,47.30716355275662,-12.26772932028487,-11.38585245609345
33,5,10,-.8818768641913888,1.763753728382778,-.4409384320956939,-.4409384320956949
34,1,784,.000000000000000,.000000000000000,-32.28390538444790,32.28390538444790
34,2,256,-64.56781076889483,129.1356215377897,-45.54036975934570,-19.02744100954914
34,3,256,-26.51292874979567,53.02585749959135,-24.95718037869728,-1.555748371098410
34,4,256,-23.40143200759885,46.80286401519771,-12.15187877256854,-11.24955323503031
34,5,10,-.9023255375382199,1.804651075076440,-.4511627687691093,-.4511627687691105
35,1,784,.000000000000000,.000000000000000,-32.23373769950908,32.23373769950908
35,2,256,-64.46747539901719,128.9349507980344,-45.41840357572851,-19.04907182328866
35,3,256,-26.36933175243898,52.73866350487797,-25.04386541499627,-1.325466337442727
35,4,256,-23.71839907755353,47.43679815510707,-12.28183795278647,-11.43656112476707
35,5,10,-.8452768280193869,1.690553656038774,-.4226384140096937,-.4226384140096932
36,1,784,.000000000000000,.000000000000000,-32.37832017741149,32.37832017741149
36,2,256,-64.75664035482221,129.5132807096444,-45.64335143581843,-19.11328891900373
36,3,256,-26.53006251681387,53.06012503362773,-24.89313406938171,-1.636928447432147
36,4,256,-23.25620562194957,46.51241124389913,-12.05617320616818,-11.20003241578138
36,5,10,-.8561407903867817,1.712281580773563,-.4280703951933904,-.4280703951933915
37,1,784,.000000000000000,.000000000000000,-32.07783274341817,32.07783274341817
37,2,256,-64.15566548683549,128.3113309736710,-45.26027996347447,-18.89538552336101
37,3,256,-26.36489444011255,52.72978888022510,-25.15746264453485,-1.207431795577711
37,4,256,-23.95003084895713,47.90006169791427,-12.41946661145765,-11.53056423749948
37,5,10,-.8889023739581615,1.777804747916323,-.4444511869790796,-.4444511869790818
38,1,784,.000000000000000,.000000000000000,-32.04400944261042,32.04400944261042
38,2,256,-64.08801888521992,128.1760377704398,-45.27439676177234,-18.81362212344754
38,3,256,-26.46077463832392,52.92154927664784,-25.18753290604770,-1.273241732276250
38,4,256,-23.91429117377141,47.82858234754282,-12.43877938253688,-11.47551179123453
38,5,10,-.9632675913023385,1.926535182604677,-.4816337956511684,-.4816337956511702
39,1,784,.000000000000000,.000000000000000,-32.16156501578052,32.16156501578052
39,2,256,-64.32313003155997,128.6462600631199,-45.40042662192322,-18.92270340963677
39,3,256,-26.47772321228555,52.95544642457109,-25.08492459240638,-1.392798619879169
39,4,256,-23.69212597252724,47.38425194505447,-12.29453290441394,-11.39759306811330
39,5,10,-.8969398363006591,1.793879672601318,-.4484699181503302,-.4484699181503292
40,1,784,.000000000000000,.000000000000000,-32.35881285239019,32.35881285239019
40,2,256,-64.71762570477948,129.4352514095590,-45.47057194503152,-19.24705375974796
40,3,256,-26.22351818528263,52.44703637056525,-24.88292419771676,-1.340593987565885
40,4,256,-23.54233021015083,47.08466042030166,-12.21897446700893,-11.32335574314192
40,5,10,-.8956187238670061,1.791237447734012,-.4478093619335022,-.4478093619335041
41,1,784,.000000000000000,.000000000000000,-32.34948757248425,32.34948757248425
41,2,256,-64.69897514496762,129.3979502899352,-45.50676630854294,-19.19220883642465
41,3,256,-26.31455747211742,52.62911494423485,-24.90815798864298,-1.406399483474450
41,4,256,-23.50175850516849,47.00351701033697,-12.17338692138790,-11.32837158378060
41,5,10,-.8450153376072749,1.690030675214550,-.4225076688036370,-.4225076688036380
42,1,784,.000000000000000,.000000000000000,-32.17310723129373,32.17310723129373
42,2,256,-64.34621446258649,128.6924289251730,-45.24381706354477,-19.10239739904172
42,3,256,-26.14141966450217,52.28283932900435,-25.05652671042517,-1.084892954077002
42,4,256,-23.97163375634813,47.94326751269626,-12.43288357232987,-11.53875018401830
42,5,10,-.8941333883115674,1.788266776623135,-.4470666941557823,-.4470666941557851
43,1,784,.000000000000000,.000000000000000,-32.47563851097805,32.47563851097805
43,2,256,-64.95127702195519,129.9025540439104,-45.48129288299364,-19.46998413896156
43,3,256,-26.01130874403117,52.02261748806234,-24.71706196443937,-1.294246779591811
43,4,256,-23.42281518484751,46.84563036969502,-12.16032839125323,-11.26248679359427
43,5,10,-.8978415976589271,1.795683195317854,-.4489207988294656,-.4489207988294614
44,1,784,.000000000000000,.000000000000000,-32.13381723768562,32.13381723768562
44,2,256,-64.26763447537036,128.5352689507407,-45.19970565224487,-19.06792882312549
44,3,256,-26.13177682911843,52.26355365823685,-25.10956700708036,-1.022209822038038
44,4,256,-24.08735718504224,48.17471437008447,-12.49097199770777,-11.59638518733446
44,5,10,-.8945868103732654,1.789173620746531,-.4472934051866304,-.4472934051866349
45,1,784,.000000000000000,.000000000000000,-32.35874887080814,32.35874887080814
45,2,256,-64.71749774161536,129.4349954832307,-45.50854022521285,-19.20895751640253
45,3,256,-26.29958270880941,52.59916541761883,-24.86972569034059,-1.429857018468831
45,4,256,-23.43986867187175,46.87973734374350,-12.18272579777862,-11.25714287409313
45,5,10,-.9255829236854560,1.851165847370912,-.4627914618427295,-.4627914618427266
46,1,784,.000000000000000,.000000000000000,-32.11927453311442,32.11927453311442
46,2,256,-64.23854906622805,128.4770981324561,-45.45114544869325,-18.78740361753478
46,3,256,-26.66374183115767,53.32748366231533,-25.13210657379017,-1.531635257367471
46,4,256,-23.60047131642270,47.20094263284540,-12.27730254213160,-11.32316877429110
46,5,10,-.9541337678404855,1.908267535680971,-.4770668839202453,-.4770668839202403
47,1,784,.000000000000000,.000000000000000,-31.94396342990853,31.94396342990853
47,2,256,-63.88792685981617,127.7758537196323,-45.14758998853630,-18.74033687127987
47,3,256,-26.40725311725556,52.81450623451111,-25.27139823110910,-1.135854886146477
47,4,256,-24.13554334496261,48.27108668992521,-12.56659168038761,-11.56895166457501
47,5,10,-.9976400158126011,1.995280031625202,-.4988200079063021,-.4988200079062991
48,1,784,.000000000000000,.000000000000000,-32.01197968370107,32.01197968370107
48,2,256,-64.02395936740126,128.0479187348025,-45.27937954891779,-18.74457981848352
48,3,256,-26.53479973043334,53.06959946086668,-25.25210727543243,-1.282692455000934
48,4,256,-23.96941482043149,47.93882964086298,-12.42787744672216,-11.54153737370935
48,5,10,-.8863400730128246,1.772680146025649,-.4431700365064096,-.4431700365064149
49,1,784,.000000000000000,.000000000000000,-32.46952133973858,32.46952133973858
49,2,256,-64.93904267947613,129.8780853589523,-45.46162380162616,-19.47741887784997
49,3,256,-25.98420492377531,51.96840984755062,-24.75436295172490,-1.229841972050373
49,4,256,-23.52452097967459,47.04904195934919,-12.18380916011574,-11.34071181955883
49,5,10,-.8430973405569486,1.686194681113897,-.4215486702784743,-.4215486702784743
50,1,784,.000000000000000,.000000000000000,-32.31922220519225,32.31922220519225
50,2,256,-64.63844441038361,129.2768888207672,-45.50217110618652,-19.13627330419708
50,3,256,-26.36589780198852,52.73179560397705,-24.87017589600900,-1.495721905979506
50,4,256,-23.37445399002953,46.74890798005907,-12.17189957400567,-11.20255441602386
50,5,10,-.9693451579818406,1.938690315963681,-.4846725789909207,-.4846725789909200
51,1,784,.000000000000000,.000000000000000,-32.34926231281849,32.34926231281849
51,2,256,-64.69852462563625,129.3970492512725,-45.46988305318760,-19.22864157244866
51,3,256,-26.24124148073805,52.48248296147610,-24.85300769680341,-1.388233783934646
51,4,256,-23.46477391286873,46.92954782573746,-12.21325420488640,-11.25151970798234
51,5,10,-.9617344969040640,1.923468993808128,-.4808672484520323,-.4808672484520318
52,1,784,.000000000000000,.000000000000000,-32.11196552335696,32.11196552335696
52,2,256,-64.22393104671306,128.4478620934261,-45.26580910518407,-18.95812194152898
52,3,256,-26.30768716365414,52.61537432730827,-25.14616887038190,-1.161518293272268
52,4,256,-23.98465057710961,47.96930115421922,-12.41714983553869,-11.56750074157095
52,5,10,-.8496490939677551,1.699298187935510,-.4248245469838773,-.4248245469838779
53,1,784,.000000000000000,.000000000000000,-32.17022457935116,32.17022457935116
53,2,256,-64.34044915870147,128.6808983174029,-45.20826795642485,-19.13218120227666
53,3,256,-26.07608675414733,52.15217350829465,-25.04326402831563,-1.032822725831690
53,4,256,-24.01044130248399,48.02088260496799,-12.44416011001868,-11.56628119246529
53,5,10,-.8778789175533803,1.755757835106761,-.4389394587766889,-.4389394587766914
54,1,784,.000000000000000,.000000000000000,-32.24085557336560,32.24085557336560
54,2,256,-64.48171114673023,128.9634222934605,-45.52776831025781,-18.95394283647240
54,3,256,-26.57382547378457,53.14765094756915,-24.99369214021266,-1.580133333571903
54,4,256,-23.41355880664080,46.82711761328160,-12.17977615592274,-11.23378265071806
54,5,10,-.9459935052046884,1.891987010409377,-.4729967526023453,-.4729967526023431
55,1,784,.000000000000000,.000000000000000,-32.18843511887945,32.18843511887945
55,2,256,-64.37687023775800,128.7537404755160,-45.25366943020975,-19.12320080754828
55,3,256,-26.13046862266063,52.26093724532127,-25.05772969539003,-1.072738927270594
55,4,256,-23.98499076811948,47.96998153623897,-12.44065991889500,-11.54433084922449
55,5,10,-.8963290696705121,1.792658139341024,-.4481645348352577,-.4481645348352544
56,1,784,.000000000000000,.000000000000000,-32.13148205810472,32.13148205810472
56,2,256,-64.26296411620852,128.5259282324170,-45.31569420364774,-18.94726991256080
56,3,256,-26.36842429108604,52.73684858217209,-25.09611425982906,-1.272310031256966
56,4,256,-23.82380422857210,47.64760845714419,-12.37828110531875,-11.44552312325336
56,5,10,-.9327579820654074,1.865515964130815,-.4663789910327030,-.4663789910327043
57,1,784,.000000000000000,.000000000000000,-32.18674950084164,32.18674950084164
57,2,256,-64.37349900168238,128.7469980033648,-45.36907780276431,-19.00442119891805
57,3,256,-26.36465660384535,52.72931320769071,-25.04838201090431,-1.316274592941073
57,4,256,-23.73210741796325,47.46421483592649,-12.31486241589585,-11.41724500206737
57,5,10,-.8976174138284917,1.795234827656983,-.4488087069142463,-.4488087069142453
58,1,784,.000000000000000,.000000000000000,-32.27549779896394,32.27549779896394
58,2,256,-64.55099559792694,129.1019911958539,-45.50309178018503,-19.04790381774199
58,3,256,-26.45518796244219,52.91037592488438,-24.95801504702743,-1.497172915414760
58,4,256,-23.46084213161271,46.92168426322543,-12.19669705777824,-11.26414507383448
58,5,10,-.9325519839437534,1.865103967887507,-.4662759919718779,-.4662759919718755
59,1,784,.000000000000000,.000000000000000,-32.32807231576655,32.32807231576655
59,2,256,-64.65614463153223,129.3122892630645,-45.35750631099736,-19.29863832053497
59,3,256,-26.05886799046145,52.11773598092291,-24.84758120283711,-1.211286787624342
59,4,256,-23.63629441521278,47.27258883042557,-12.31026628533142,-11.32602812988137
59,5,10,-.9842381554500718,1.968476310900144,-.4921190777250372,-.4921190777250346
60,1,784,.000000000000000,.000000000000000,-32.32195131897815,32.32195131897815
60,2,256,-64.64390263795546,129.2878052759109,-45.40994829661685,-19.23395434133859
60,3,256,-26.17599395527744,52.35198791055488,-24.85993832206175,-1.316055633215710
60,4,256,-23.54388268884605,47.08776537769209,-12.25158782373780,-11.29229486510824
60,5,10,-.9592929586295524,1.918585917259105,-.4796464793147756,-.4796464793147768
61,1,784,.000000000000000,.000000000000000,-32.26548586108110,32.26548586108110
61,2,256,-64.53097172216121,129.0619434443224,-45.28284159714440,-19.24813012501686
61,3,256,-26.03471147212662,52.06942294425323,-24.96907552305478,-1.065635949071850
61,4,256,-23.90343957398289,47.80687914796579,-12.38094241563395,-11.52249715834893
61,5,10,-.8584452572849918,1.716890514569984,-.4292226286424952,-.4292226286424966
62,1,784,.000000000000000,.000000000000000,-32.12525666582827,32.12525666582827
62,2,256,-64.25051333165575,128.5010266633115,-45.54426316379642,-18.70625016785928
62,3,256,-26.83801299593631,53.67602599187263,-25.14418512045808,-1.693827875478256
62,4,256,-23.45035724497982,46.90071448995963,-12.19031999041294,-11.26003725456687
62,5,10,-.9302827358460284,1.860565471692057,-.4651413679230151,-.4651413679230132
63,1,784,.000000000000000,.000000000000000,-32.46846038655032,32.46846038655032
63,2,256,-64.93692077309974,129.8738415461995,-45.54100639808726,-19.39591437501245
63,3,256,-26.14509202307392,52.29018404614784,-24.72126426986447,-1.423827753209476
63,4,256,-23.29743651665499,46.59487303330998,-12.11839654380677,-11.17903997284820
63,5,10,-.9393565709585818,1.878713141917164,-.4696782854792906,-.4696782854792913
64,1,784,.000000000000000,.000000000000000,-31.97620139926572,31.97620139926572
64,2,256,-63.95240279853049,127.9048055970610,-45.21330802734072,-18.73909477118983
64,3,256,-26.47421325615003,52.94842651230005,-25.31968187381832,-1.154531382331679
64,4,256,-24.16515049148667,48.33030098297334,-12.51629566202809,-11.64885482945859
64,5,10,-.8674408325695075,1.734881665139015,-.4337204162847538,-.4337204162847538
65,1,784,.000000000000000,.000000000000000,-32.13172770910201,32.13172770910201
65,2,256,-64.26345541820309,128.5269108364062,-45.51936508835520,-18.74409032984793
65,3,256,-26.77527475850635,53.55054951701270,-25.18266166974612,-1.592613088760228
65,4,256,-23.59004858098590,47.18009716197180,-12.23825758595725,-11.35179099502866
65,5,10,-.8864665909285994,1.772933181857199,-.4432332954643005,-.4432332954642988
66,1,784,.000000000000000,.000000000000000,-32.13114864342932,32.13114864342932
66,2,256,-64.26229728685782,128.5245945737156,-45.39071284726471,-18.87158443959310
66,3,256,-26.51912840767076,53.03825681534153,-25.11412735783415,-1.405001049836632
66,4,256,-23.70912630799750,47.41825261599501,-12.31763519176647,-11.39149111623102
66,5,10,-.9261440755354554,1.852288151070911,-.4630720377677267,-.4630720377677288
67,1,784,.000000000000000,.000000000000000,-32.26890238037016,32.26890238037016
67,2,256,-64.53780476073943,129.0756095214789,-45.37408040861006,-19.16372435212934
67,3,256,-26.21035605647991,52.42071211295981,-24.93370050371796,-1.276655552761933
67,4,256,-23.65704495095601,47.31408990191203,-12.29897434972398,-11.35807060123204
67,5,10,-.9409037484919197,1.881807496983839,-.4704518742459604,-.4704518742459593
68,1,784,.000000000000000,.000000000000000,-32.23193832419381,32.23193832419381
68,2,256,-64.46387664838677,128.9277532967735,-45.44906120309535,-19.01481544529143
68,3,256,-26.43424575780305,52.86849151560610,-25.02379661256820,-1.410449145234828
68,4,256,-23.61334746733335,47.22669493466670,-12.26464086829167,-11.34870659904169
68,5,10,-.9159342692499725,1.831868538499945,-.4579671346249846,-.4579671346249879
69,1,784,.000000000000000,.000000000000000,-32.37674802068982,32.37674802068982
69,2,256,-64.75349604137872,129.5069920827574,-45.47196018606283,-19.28153585531592
69,3,256,-26.19042433074600,52.38084866149201,-24.82612510501179,-1.364299225734218
69,4,256,-23.46182587927759,46.92365175855517,-12.19734631252960,-11.26447956674796
69,5,10,-.9328667457816402,1.865733491563280,-.4664333728908199,-.4664333728908201
70,1,784,.000000000000000,.000000000000000,-32.16659185270159,32.16659185270159
70,2,256,-64.33318370540231,128.6663674108046,-45.34345918447558,-18.98972452092672
70,3,256,-26.35373466354805,52.70746932709609,-25.04715334157322,-1.306581321974800
70,4,256,-23.74057201959844,47.48114403919688,-12.33600107003482,-11.40457094956363
70,5,10,-.9314301204711872,1.862860240942374,-.4657150602355925,-.4657150602355948
71,1,784,.000000000000000,.000000000000000,-32.14639973677711,32.14639973677711
71,2,256,-64.29279947355330,128.5855989471066,-45.47143105646089,-18.82136841709237
71,3,256,-26.65006263936768,53.30012527873535,-25.12809179386626,-1.521970845501447
71,4,256,-23.60612094836480,47.21224189672960,-12.25413228402897,-11.35198866433584
71,5,10,-.9021436196931253,1.804287239386251,-.4510718098465615,-.4510718098465638
72,1,784,.000000000000000,.000000000000000,-32.09838898977071,32.09838898977071
72,2,256,-64.19677797954049,128.3935559590810,-45.40600533679532,-18.79077264274519
72,3,256,-26.61523269404930,53.23046538809861,-25.17992187816564,-1.435310815883660
72,4,256,-23.74461106228199,47.48922212456398,-12.30911538565554,-11.43549567662644
72,5,10,-.8736197090290699,1.747239418058140,-.4368098545145351,-.4368098545145349
73,1,784,.000000000000000,.000000000000000,-32.36139466733464,32.36139466733464
73,2,256,-64.72278933466843,129.4455786693369,-45.47383337537873,-19.24895595928976
73,3,256,-26.22487741608813,52.44975483217627,-24.85763292298214,-1.367244493105959
73,4,256,-23.49038842987622,46.98077685975245,-12.18866118982545,-11.30172724005077
73,5,10,-.8869339497746960,1.773867899549392,-.4434669748873472,-.4434669748873487
74,1,784,.000000000000000,.000000000000000,-32.24657536830333,32.24657536830333
74,2,256,-64.49315073660576,128.9863014732115,-45.52899991509995,-18.96415082150582
74,3,256,-26.56484909359322,53.12969818718644,-25.01636231979347,-1.548486773799764
74,4,256,-23.46787554599363,46.93575109198726,-12.17396287524411,-11.29391267074954
74,5,10,-.8800502044945462,1.760100408989092,-.4400251022472734,-.4400251022472728
75,1,784,.000000000000000,.000000000000000,-32.04570005485802,32.04570005485802
75,2,256,-64.09140010971511,128.1828002194302,-45.42593654092295,-18.66546356879213
75,3,256,-26.76047297212997,53.52094594425995,-25.27425255140392,-1.486220420726043
75,4,256,-23.78803213067791,47.57606426135581,-12.32183997630382,-11.46619215437408
75,5,10,-.8556478219297491,1.711295643859498,-.4278239109648758,-.4278239109648733
76,1,784,.000000000000000,.000000000000000,-32.22218703696483,32.22218703696483
76,2,256,-64.44437407392873,128.8887481478575,-45.39109217117091,-19.05328190275782
76,3,256,-26.33781026841228,52.67562053682456,-25.01972947004218,-1.318080798370105
76,4,256,-23.70164867167208,47.40329734334416,-12.29212314856481,-11.40952552310728
76,5,10,-.8825976254575455,1.765195250915091,-.4412988127287754,-.4412988127287703
77,1,784,.000000000000000,.000000000000000,-32.10808584638376,32.10808584638376
77,2,256,-64.21617169276662,128.4323433855332,-45.31519892482071,-18.90097276794592
77,3,256,-26.41422615687390,52.82845231374780,-25.10982882829563,-1.304397328578270
77,4,256,-23.80543149971737,47.61086299943474,-12.38713603433015,-11.41829546538722
77,5,10,-.9688405689429301,1.937681137885860,-.4844202844714645,-.4844202844714657
78,1,784,.000000000000000,.000000000000000,-32.24499546879394,32.24499546879394
78,2,256,-64.48999093758690,128.9799818751738,-45.42778568872588,-19.06220524886103
78,3,256,-26.36558043986392,52.73116087972784,-25.00678006048833,-1.358800379375597
78,4,256,-23.64797968111277,47.29595936222554,-12.25144055404345,-11.39653912706930
78,5,10,-.8549014269741821,1.709802853948364,-.4274507134870908,-.4274507134870913
79,1,784,.000000000000000,.000000000000000,-32.19549251315895,32.19549251315895
79,2,256,-64.39098502631693,128.7819700526339,-45.34607856598531,-19.04490646033164
79,3,256,-26.30117210565276,52.60234421130551,-25.01913824051875,-1.282033865134021
79,4,256,-23.73710437538470,47.47420875076940,-12.34371289415784,-11.39339148122684
79,5,10,-.9503214129309772,1.900642825861954,-.4751607064654876,-.4751607064654895
80,1,784,.000000000000000,.000000000000000,-32.45552006340446,32.45552006340446
80,2,256,-64.91104012680799,129.8220802536160,-45.33321400338472,-19.57782612342330
80,3,256,-25.75538787996057,51.51077575992115,-24.65464625341213,-1.100741626548420
80,4,256,-23.55390462686373,47.10780925372747,-12.27278225895478,-11.28112236790895
80,5,10,-.9916598910458190,1.983319782091638,-.4958299455229097,-.4958299455229094
81,1,784,.000000000000000,.000000000000000,-32.34282855156068,32.34282855156068
81,2,256,-64.68565710312042,129.3713142062408,-45.48047560267037,-19.20518150045003
81,3,256,-26.27529410221949,52.55058820443897,-24.83700227052204,-1.438291831697416
81,4,256,-23.39871043882464,46.79742087764927,-12.18883990124042,-11.20987053758420
81,5,10,-.9789693636562414,1.957938727312483,-.4894846818281207,-.4894846818281207
82,1,784,.000000000000000,.000000000000000,-32.26518209575131,32.26518209575131
82,2,256,-64.53036419150175,129.0607283830035,-45.42441230486011,-19.10595188664170
82,3,256,-26.31846041821751,52.63692083643501,-24.97627284279939,-1.342187575418118
82,4,256,-23.63408526738126,47.26817053476251,-12.28089644001181,-11.35318882736947
82,5,10,-.9277076126423385,1.855415225284677,-.4638538063211697,-.4638538063211686
83,1,784,.000000000000000,.000000000000000,-32.32082055551067,32.32082055551067
83,2,256,-64.64164111102045,129.2832822220409,-45.43271350027349,-19.20892761074697
83,3,256,-26.22378588952569,52.44757177905138,-24.90604205115243,-1.317743838373221
83,4,256,-23.58829821277922,47.17659642555844,-12.23802009086888,-11.35027812191037
83,5,10,-.8877419689585068,1.775483937917014,-.4438709844792523,-.4438709844792545
84,1,784,.000000000000000,.000000000000000,-32.26136115272962,32.26136115272962
84,2,256,-64.52272230545836,129.0454446109167,-45.45780665094603,-19.06491565451236
84,3,256,-26.39289099643285,52.78578199286569,-24.95412986291221,-1.438761133520613
84,4,256,-23.51536872939161,47.03073745878323,-12.22355231460817,-11.29181641478344
84,5,10,-.9317358998247178,1.863471799649436,-.4658679499123572,-.4658679499123606
85,1,784,.000000000000000,.000000000000000,-32.21220612533125,32.21220612533125
85,2,256,-64.42441225066160,128.8488245013232,-45.50432063779054,-18.92009161287107
85,3,256,-26.58422902491860,53.16845804983719,-25.03029109216590,-1.553937932752685
85,4,256,-23.47635315941325,46.95270631882650,-12.18560656772746,-11.29074659168581
85,5,10,-.8948599760416670,1.789719952083334,-.4474299880208329,-.4474299880208339
86,1,784,.000000000000000,.000000000000000,-32.07596992391395,32.07596992391395
86,2,256,-64.15193984782704,128.3038796956541,-45.36454637329259,-18.78739347453444
86,3,256,-26.57715289875724,53.15430579751449,-25.18816890458079,-1.388983994176443
86,4,256,-23.79918491040432,47.59836982080865,-12.36810971245495,-11.43107519794939
86,5,10,-.9370345145055748,1.874069029011150,-.4685172572527891,-.4685172572527858
87,1,784,.000000000000000,.000000000000000,-32.12927720256911,32.12927720256911
87,2,256,-64.25855440513733,128.5171088102747,-45.29096654402191,-18.96758786111542
87,3,256,-26.32337868290561,52.64675736581122,-25.06965196548924,-1.253726717416366
87,4,256,-23.81592524807289,47.63185049614577,-12.41531067096020,-11.40061457711269
87,5,10,-1.014696093847524,2.029392187695049,-.5073480469237607,-.5073480469237637
88,1,784,.000000000000000,.000000000000000,-32.29367296269276,32.29367296269276
88,2,256,-64.58734592538468,129.1746918507694,-45.16128016551547,-19.42606575986925
88,3,256,-25.73521440564539,51.47042881129079,-24.88957580277131,-.8456386028740736
88,4,256,-24.04393719989730,48.08787439979459,-12.46407591501081,-11.57986128488648
88,5,10,-.8842146301243554,1.768429260248711,-.4421073150621770,-.4421073150621784
89,1,784,.000000000000000,.000000000000000,-32.18873433082945,32.18873433082945
89,2,256,-64.37746866165799,128.7549373233160,-45.43018072487725,-18.94728793678072
89,3,256,-26.48289278809557,52.96578557619113,-25.11171171393464,-1.371181074160925
89,4,256,-23.74053063977372,47.48106127954743,-12.28479565553633,-11.45573498423737
89,5,10,-.8290606712989653,1.658121342597931,-.4145303356494845,-.4145303356494808
90,1,784,.000000000000000,.000000000000000,-32.25678752547808,32.25678752547808
90,2,256,-64.51357505095518,129.0271501019104,-45.24149784548029,-19.27207720547490
90,3,256,-25.96942064000453,51.93884128000906,-24.96966932674039,-.9997513132641365
90,4,256,-23.96991801347624,47.93983602695248,-12.42346891412592,-11.54644909935031
90,5,10,-.8770198147755692,1.754039629551138,-.4385099073877827,-.4385099073877866
91,1,784,.000000000000000,.000000000000000,-32.25078140272060,32.25078140272060
91,2,256,-64.50156280544036,129.0031256108807,-45.36475267247971,-19.13681013296066
91,3,256,-26.22794253951817,52.45588507903634,-24.99436205586557,-1.233580483652594
91,4,256,-23.76078157221297,47.52156314442594,-12.31165365836414,-11.44912791384886
91,5,10,-.8625257445153136,1.725051489030627,-.4312628722576556,-.4312628722576580
92,1,784,.000000000000000,.000000000000000,-32.36848937696141,32.36848937696141
92,2,256,-64.73697875392179,129.4739575078436,-45.31796642425255,-19.41901232966926
92,3,256,-25.89895409458235,51.79790818916470,-24.78370932021094,-1.115244774371398
92,4,256,-23.66846454583958,47.33692909167916,-12.31958496592092,-11.34887957991863
92,5,10,-.9707053860022918,1.941410772004584,-.4853526930011461,-.4853526930011457
93,1,784,.000000000000000,.000000000000000,-32.36329299990327,32.36329299990327
93,2,256,-64.72658599980568,129.4531719996114,-45.49290505835947,-19.23368094144623
93,3,256,-26.25922411691231,52.51844823382462,-24.87767261418307,-1.381551502729232
93,4,256,-23.49612111145387,46.99224222290775,-12.19278447744318,-11.30333663401069
93,5,10,-.8894478434325459,1.778895686865092,-.4447239217162740,-.4447239217162721
94,1,784,.000000000000000,.000000000000000,-32.08923369172044,32.08923369172044
94,2,256,-64.17846738344004,128.3569347668801,-45.37728721916741,-18.80118016427258
94,3,256,-26.57610705489394,53.15221410978787,-25.14255056073946,-1.433556494154477
94,4,256,-23.70899406658501,47.41798813317001,-12.33130574736770,-11.37768831921731
94,5,10,-.9536174281503895,1.907234856300779,-.4768087140751944,-.4768087140751953
95,1,784,.000000000000000,.000000000000000,-32.06670112648596,32.06670112648596
95,2,256,-64.13340225297105,128.2668045059421,-45.45446172021790,-18.67894053275319
95,3,256,-26.77552118746379,53.55104237492758,-25.23317966717518,-1.542341520288622
95,4,256,-23.69083814688656,47.38167629377311,-12.28218617857888,-11.40865196830768
95,5,10,-.8735342102712056,1.747068420542411,-.4367671051356020,-.4367671051356039
96,1,784,.000000000000000,.000000000000000,-32.28463665184210,32.28463665184210
96,2,256,-64.56927330368329,129.1385466073666,-45.56975639863155,-18.99951690505173
96,3,256,-26.57023949357888,53.14047898715776,-24.98870598047767,-1.581533513101215
96,4,256,-23.40717246737643,46.81434493475286,-12.14632485154602,-11.26084761583040
96,5,10,-.8854772357156063,1.770954471431213,-.4427386178578047,-.4427386178578017
97,1,784,.000000000000000,.000000000000000,-32.05094888261110,32.05094888261110
97,2,256,-64.10189776522138,128.2037955304428,-45.43076377216077,-18.67113399306063
97,3,256,-26.75962977909927,53.51925955819853,-25.24661710255517,-1.513012676544083
97,4,256,-23.73360442601107,47.46720885202214,-12.31141678287796,-11.42218764313312
97,5,10,-.8892291397448409,1.778458279489682,-.4446145698724219,-.4446145698724189
98,1,784,.000000000000000,.000000000000000,-32.05453220319217,32.05453220319217
98,2,256,-64.10906440638352,128.2181288127670,-45.35560290184656,-18.75346150453693
98,3,256,-26.60214139730884,53.20428279461768,-25.22637474875821,-1.375766648550593
98,4,256,-23.85060810020767,47.70121620041533,-12.37282378859189,-11.47778431161576
98,5,10,-.8950394769761243,1.790078953952249,-.4475197384880644,-.4475197384880598
99,1,784,.000000000000000,.000000000000000,-32.30091058160902,32.30091058160902
99,2,256,-64.60182116321715,129.2036423264343,-45.28408907362212,-19.31773208959506
99,3,256,-25.96635698402611,51.93271396805223,-24.89856189882952,-1.067795085196603
99,4,256,-23.83076681363294,47.66153362726588,-12.34416364521225,-11.48660316842068
99,5,10,-.8575604767915967,1.715120953583193,-.4287802383958001,-.4287802383957968
100,1,784,.000000000000000,.000000000000000,-32.01143502879788,32.01143502879788
100,2,256,-64.02287005759494,128.0457401151899,-45.22312841652853,-18.79974164106638
100,3,256,-26.42338677546125,52.84677355092251,-25.21843919149534,-1.204947583965937
100,4,256,-24.01349160752934,48.02698321505869,-12.48733301855285,-11.52615858897647
100,5,10,-.9611744295763605,1.922348859152721,-.4805872147881811,-.4805872147881793
101,1,784,.000000000000000,.000000000000000,-32.33830123716279,32.33830123716279
101,2,256,-64.67660247432472,129.3532049486494,-45.52533917130970,-19.15126330301501
101,3,256,-26.37407586829384,52.74815173658767,-24.88436965218613,-1.489706216107691
101,4,256,-23.39466343607847,46.78932687215694,-12.15851665403775,-11.23614678204072
101,5,10,-.9223698719970151,1.844739743994030,-.4611849359985084,-.4611849359985068
102,1,784,.000000000000000,.000000000000000,-32.21363322302613,32.21363322302613
102,2,256,-64.42726644605148,128.8545328921030,-45.46625279639290,-18.96101364965853
102,3,256,-26.50523914673355,53.01047829346710,-25.05455487117348,-1.450684275560059
102,4,256,-23.60387059561341,47.20774119122682,-12.23643697978421,-11.36743361582921
102,5,10,-.8690033639550043,1.738006727910009,-.4345016819775017,-.4345016819775026
103,1,784,.000000000000000,.000000000000000,-32.11327456324797,32.11327456324797
103,2,256,-64.22654912649503,128.4530982529901,-45.53670166131685,-18.68984746517821
103,3,256,-26.84685419613770,53.69370839227540,-25.19717467880164,-1.649679517336058
103,4,256,-23.54749516146556,47.09499032293111,-12.20276922575688,-11.34472593570868
103,5,10,-.8580432900481880,1.716086580096376,-.4290216450240933,-.4290216450240947
104,1,784,.000000000000000,.000000000000000,-32.15741454705257,32.15741454705257
104,2,256,-64.31482909410423,128.6296581882085,-45.29003963415549,-19.02478945994877
104,3,256,-26.26525017420584,52.53050034841167,-25.00489849071985,-1.260351683485971
104,4,256,-23.74454680723388,47.48909361446776,-12.39160446552418,-11.35294234170971
104,5,10,-1.038662123814466,2.077324247628932,-.5193310619072312,-.5193310619072345
105,1,784,.000000000000000,.000000000000000,-32.10408061507623,32.10408061507623
105,2,256,-64.20816123015167,128.4163224603033,-45.33796883459347,-18.87019239555819
105,3,256,-26.46777643903443,52.93555287806885,-25.15484223642610,-1.312934202608326
105,4,256,-23.84190803381777,47.68381606763555,-12.38315710449034,-11.45875092932743
105,5,10,-.9244061751629153,1.848812350325831,-.4622030875814574,-.4622030875814581
106,1,784,.000000000000000,.000000000000000,-32.33193360584725,32.33193360584725
106,2,256,-64.66386721169356,129.3277344233871,-45.39999968442132,-19.26386752727225
106,3,256,-26.13613215714817,52.27226431429634,-24.87806008194621,-1.258072075201965
106,4,256,-23.61998800674420,47.23997601348840,-12.25454768118312,-11.36544032556108
106,5,10,-.8891073556220201,1.778214711244040,-.4445536778110089,-.4445536778110113
107,1,784,.000000000000000,.000000000000000,-32.32269552566520,32.32269552566520
107,2,256,-64.64539105132941,129.2907821026588,-45.39990984117657,-19.24548121015287
107,3,256,-26.15442863102282,52.30885726204564,-24.88518468066878,-1.269243950354053
107,4,256,-23.61594073031469,47.23188146062939,-12.25208122063632,-11.36385950967838
107,5,10,-.8882217109579014,1.776443421915803,-.4441108554789520,-.4441108554789494
108,1,784,.000000000000000,.000000000000000,-32.12677147495663,32.12677147495663
108,2,256,-64.25354294991240,128.5070858998248,-45.21680072064615,-19.03674222926626
108,3,256,-26.18005849137901,52.36011698275802,-25.09006397767031,-1.089994513708711
108,4,256,-24.00006946396159,48.00013892792317,-12.45105281335519,-11.54901665060640
108,5,10,-.9020361627487858,1.804072325497572,-.4510180813743919,-.4510180813743939
109,1,784,.000000000000000,.000000000000000,-32.23370381706281,32.23370381706281
109,2,256,-64.46740763412478,128.9348152682496,-45.28271280552978,-19.18469482859505
109,3,256,-26.09801797693376,52.19603595386753,-24.99221167716489,-1.105806299768858
109,4,256,-23.88640537739605,47.77281075479210,-12.37700654260618,-11.50939883478986
109,5,10,-.8676077078163265,1.735215415632653,-.4338038539081647,-.4338038539081618
110,1,784,.000000000000000,.000000000000000,-32.16619372921864,32.16619372921864
110,2,256,-64.33238745843639,128.6647749168728,-45.47723508105628,-18.85515237738007
110,3,256,-26.62208270367539,53.24416540735078,-25.06397842219452,-1.558104281480865
110,4,256,-23.50587414071367,47.01174828142734,-12.24347725041070,-11.26239689030298
110,5,10,-.9810803601077062,1.962160720215412,-.4905401800538546,-.4905401800538515
111,1,784,.000000000000000,.000000000000000,-32.27103012584537,32.27103012584537
111,2,256,-64.54206025168983,129.0841205033797,-45.12039454929208,-19.42166570239776
111,3,256,-25.69872884689346,51.39745769378691,-24.87773997861714,-.8209888682763054
111,4,256,-24.05675111034083,48.11350222068167,-12.49356481059327,-11.56318629974757
111,5,10,-.9303785108456833,1.860757021691367,-.4651892554228421,-.4651892554228412
112,1,784,.000000000000000,.000000000000000,-32.18593221095995,32.18593221095995
112,2,256,-64.37186442191903,128.7437288438381,-45.47842143517303,-18.89344298674598
112,3,256,-26.58497844842615,53.16995689685229,-25.07562009901471,-1.509358349411451
112,4,256,-23.56626174960321,47.13252349920643,-12.23903528437330,-11.32722646522992
112,5,10,-.9118088191433991,1.823617638286798,-.4559044095716984,-.4559044095717007
113,1,784,.000000000000000,.000000000000000,-32.38568922651865,32.38568922651865
113,2,256,-64.77137845303642,129.5427569060728,-45.48453984219086,-19.28683861084556
113,3,256,-26.19770123134434,52.39540246268868,-24.86262095087631,-1.335080280468052
113,4,256,-23.52754067040823,47.05508134081646,-12.20167423092904,-11.32586643947918
113,5,10,-.8758077914498394,1.751615582899679,-.4379038957249205,-.4379038957249189
114,1,784,.000000000000000,.000000000000000,-32.32576154593111,32.32576154593111
114,2,256,-64.65152309186139,129.3030461837228,-45.66812233464996,-18.98340075721137
114,3,256,-26.68472157743772,53.36944315487545,-24.95729320545506,-1.727428371982654
114,4,256,-23.22986483347242,46.45972966694485,-12.05806233204964,-11.17180250142278
114,5,10,-.8862598306268659,1.772519661253732,-.4431299153134336,-.4431299153134322
115,1,784,.000000000000000,.000000000000000,-32.01325064233115,32.01325064233115
115,2,256,-64.02650128466142,128.0530025693228,-45.41913966412432,-18.60736162053708
115,3,256,-26.81177804358629,53.62355608717259,-25.29638375434021,-1.515394289246077
115,4,256,-23.78098946509412,47.56197893018823,-12.31828074491002,-11.46270872018410
115,5,10,-.8555720247259255,1.711144049451851,-.4277860123629633,-.4277860123629623
116,1,784,.000000000000000,.000000000000000,-32.32824624683294,32.32824624683294
116,2,256,-64.65649249366494,129.3129849873299,-45.45937503829554,-19.19711745536941
116,3,256,-26.26225758292525,52.52451516585050,-24.94592348660816,-1.316334096317091
116,4,256,-23.62958939029111,47.25917878058221,-12.23612086566499,-11.39346852462611
116,5,10,-.8426523410388992,1.685304682077798,-.4213261705194489,-.4213261705194502
117,1,784,.000000000000000,.000000000000000,-32.16603891633817,32.16603891633817
117,2,256,-64.33207783267538,128.6641556653508,-45.45156522404316,-18.88051260863225
117,3,256,-26.57105261541003,53.14210523082006,-25.07908815483649,-1.491964460573550
117,4,256,-23.58712369426293,47.17424738852586,-12.26266796740324,-11.32445572685971
117,5,10,-.9382122405435533,1.876424481087107,-.4691061202717765,-.4691061202717769
118,1,784,.000000000000000,.000000000000000,-32.38502691395436,32.38502691395436
118,2,256,-64.77005382790786,129.5401076558157,-45.42573587302093,-19.34431795488691
118,3,256,-26.08141791813318,52.16283583626636,-24.82821084758107,-1.253207070552116
118,4,256,-23.57500377702897,47.15000755405794,-12.21780042614542,-11.35720335088355
118,5,10,-.8605970752618523,1.721194150523705,-.4302985376309268,-.4302985376309253
119,1,784,.000000000000000,.000000000000000,-32.13605072000123,32.13605072000123
119,2,256,-64.27210144000155,128.5442028800031,-45.40536967985864,-18.86673176014291
119,3,256,-26.53863791971482,53.07727583942964,-25.11951544395850,-1.419122475756325
119,4,256,-23.70039296820221,47.40078593640442,-12.31445752748151,-11.38593544072068
119,5,10,-.9285220867608379,1.857044173521676,-.4642610433804178,-.4642610433804200
120,1,784,.000000000000000,.000000000000000,-32.30500982199140,32.30500982199140
120,2,256,-64.61001964398189,129.2200392879638,-45.29222658551199,-19.31779305846984
120,3,256,-25.97443352704122,51.94886705408244,-24.90329343906217,-1.071140087979078
120,4,256,-23.83215335108306,47.66430670216612,-12.34133595398514,-11.49081739709792
120,5,10,-.8505185568872204,1.701037113774441,-.4252592784436112,-.4252592784436093
121,1,784,.000000000000000,.000000000000000,-32.26869397683523,32.26869397683523
121,2,256,-64.53738795366958,129.0747759073392,-45.26238753974297,-19.27500041392664
121,3,256,-25.98738712581541,51.97477425163081,-24.95058927109498,-1.036797854720412
121,4,256,-23.91379141637455,47.82758283274909,-12.37726040639573,-11.53653100997883
121,5,10,-.8407293964169191,1.681458792833838,-.4203646982084605,-.4203646982084587
122,1,784,.000000000000000,.000000000000000,-32.23192966742445,32.23192966742445
122,2,256,-64.46385933484801,128.9277186696960,-45.45190429623995,-19.01195503860808
122,3,256,-26.43994925763095,52.87989851526189,-25.01340714520576,-1.426542112425194
122,4,256,-23.58686503278053,47.17373006556105,-12.25897383680064,-11.32789119597987
122,5,10,-.9310826408207572,1.862165281641514,-.4655413204103797,-.4655413204103775
123,1,784,.000000000000000,.000000000000000,-32.33057144351814,32.33057144351814
123,2,256,-64.66114288703540,129.3222857740708,-45.48954823009252,-19.17159465694291
123,3,256,-26.31795357314871,52.63590714629743,-24.84808006292868,-1.469873510220034
123,4,256,-23.37820655270860,46.75641310541721,-12.19575909885567,-11.18244745385293
123,5,10,-1.013311645002726,2.026623290005453,-.5066558225013637,-.5066558225013628
124,1,784,.000000000000000,.000000000000000,-32.19813899576239,32.19813899576239
124,2,256,-64.39627799152383,128.7925559830477,-45.31131569507546,-19.08496229644842
124,3,256,-26.22635339862612,52.45270679725224,-25.03397694509022,-1.192376453535899
124,4,256,-23.84160049155435,47.68320098310870,-12.36512511930399,-11.47647537225036
124,5,10,-.8886497470536567,1.777299494107313,-.4443248735268284,-.4443248735268283
125,1,784,.000000000000000,.000000000000000,-32.20845108593225,32.20845108593225
125,2,256,-64.41690217186367,128.8338043437273,-45.46869824479640,-18.94820392706723
125,3,256,-26.52049431772827,53.04098863545654,-25.04558440815288,-1.474909909575387
125,4,256,-23.57067449857747,47.14134899715495,-12.24396926783402,-11.32670523074345
125,5,10,-.9172640370905552,1.834528074181110,-.4586320185452776,-.4586320185452777
126,1,784,.000000000000000,.000000000000000,-32.15753124431480,32.15753124431480
126,2,256,-64.31506248862871,128.6301249772574,-45.26271802821437,-19.05234446041433
126,3,256,-26.21037356779915,52.42074713559830,-25.06481230764750,-1.145561260151664
126,4,256,-23.91925104749584,47.83850209499169,-12.42262432049299,-11.49662672700284
126,5,10,-.9259975934901362,1.851995186980272,-.4629987967450696,-.4629987967450667
127,1,784,.000000000000000,.000000000000000,-31.91562381072145,31.91562381072145
127,2,256,-63.83124762144201,127.6624952428840,-45.28754665572468,-18.54370096571729
127,3,256,-26.74384569000653,53.48769138001306,-25.37898156827195,-1.364864121734566
127,4,256,-24.01411744653738,48.02823489307477,-12.47687471832359,-11.53724272821379
127,5,10,-.9396319901097934,1.879263980219587,-.4698159950548976,-.4698159950548957
128,1,784,.000000000000000,.000000000000000,-32.10533894303735,32.10533894303735
128,2,256,-64.21067788607392,128.4213557721478,-45.15896748214588,-19.05171040392800
128,3,256,-26.10725707821706,52.21451415643411,-25.12374114325132,-.9835159349657193
128,4,256,-24.14022520828559,48.28045041657117,-12.50841658623958,-11.63180862204601
128,5,10,-.8766079641935720,1.753215928387144,-.4383039820967852,-.4383039820967867
129,1,784,.000000000000000,.000000000000000,-32.28752747410507,32.28752747410507
129,2,256,-64.57505494820917,129.1501098964183,-45.32620733022569,-19.24884761798352
129,3,256,-26.07735971224123,52.15471942448246,-24.94340759785766,-1.133952114383546
129,4,256,-23.80945548347411,47.61891096694821,-12.34474179475872,-11.46471368871536
129,5,10,-.8800281060433552,1.760056212086710,-.4400140530216756,-.4400140530216796
130,1,784,.000000000000000,.000000000000000,-32.16632449032543,32.16632449032543
130,2,256,-64.33264898064994,128.6652979612999,-45.36391687155763,-18.96873210909234
130,3,256,-26.39518476246440,52.79036952492880,-25.11048247989903,-1.284702282565396
130,4,256,-23.82578019733366,47.65156039466731,-12.34802347277359,-11.47775672456009
130,5,10,-.8702667482135600,1.740533496427120,-.4351333741067820,-.4351333741067780
131,1,784,.000000000000000,.000000000000000,-32.28819756609111,32.28819756609111
131,2,256,-64.57639513218132,129.1527902643626,-45.45438888755868,-19.12200624462264
131,3,256,-26.33238264293518,52.66476528587036,-24.94629871981231,-1.386083923122852
131,4,256,-23.56021479668949,47.12042959337899,-12.23412881546971,-11.32608598121978
131,5,10,-.9080428342499803,1.816085668499961,-.4540214171249912,-.4540214171249892
132,1,784,.000000000000000,.000000000000000,-32.11019806321828,32.11019806321828
132,2,256,-64.22039612643559,128.4407922528712,-45.30833729899432,-18.91205882744127
132,3,256,-26.39627847155219,52.79255694310437,-25.13374758993328,-1.262530881618930
132,4,256,-23.87121670831437,47.74243341662874,-12.40080453081853,-11.47041217749584
132,5,10,-.9303923533227009,1.860784706645402,-.4651961766613516,-.4651961766613494
133,1,784,.000000000000000,.000000000000000,-32.40993209872403,32.40993209872403
133,2,256,-64.81986419744725,129.6397283948945,-45.56712238008902,-19.25274181735818
133,3,256,-26.31438056273001,52.62876112546002,-24.78490833345297,-1.529472229277034
133,4,256,-23.25543610417594,46.51087220835188,-12.11804397197277,-11.13739213220316
133,5,10,-.9806518397696079,1.961303679539216,-.4903259198848056,-.4903259198848023
134,1,784,.000000000000000,.000000000000000,-32.06784696229590,32.06784696229590
134,2,256,-64.13569392459092,128.2713878491818,-45.23810869677347,-18.89758522781748
134,3,256,-26.34052346895502,52.68104693791004,-25.19273309777877,-1.147790371176263
134,4,256,-24.04494272660247,48.08988545320495,-12.46368432517041,-11.58125840143208
134,5,10,-.8824259237383266,1.764851847476653,-.4412129618691625,-.4412129618691642
135,1,784,.000000000000000,.000000000000000,-32.44714517754574,32.44714517754574
135,2,256,-64.89429035509056,129.7885807101811,-45.30845070310407,-19.58583965198651
135,3,256,-25.72261105111669,51.44522210223338,-24.67510452358825,-1.047506527528435
135,4,256,-23.62759799605983,47.25519599211965,-12.28421760066411,-11.34338039539571
135,5,10,-.9408372052684028,1.881674410536806,-.4704186026342020,-.4704186026342007
136,1,784,.000000000000000,.000000000000000,-32.16596181703085,32.16596181703085
136,2,256,-64.33192363406077,128.6638472681215,-45.55835369188601,-18.77356994217473
136,3,256,-26.78478374971039,53.56956749942078,-25.11456070711386,-1.670223042596551
136,4,256,-23.44433766451731,46.88867532903462,-12.17204202296734,-11.27229564154995
136,5,10,-.8997463814173711,1.799492762834742,-.4498731907086868,-.4498731907086843
137,1,784,.000000000000000,.000000000000000,-32.31248639282168,32.31248639282168
137,2,256,-64.62497278564248,129.2499455712850,-45.50720042978124,-19.11777235586121
137,3,256,-26.38942807391918,52.77885614783835,-24.92538002873659,-1.464048045182558
137,4,256,-23.46133198355404,46.92266396710807,-12.18297195023870,-11.27836003331533
137,5,10,-.9046119169233668,1.809223833846734,-.4523059584616843,-.4523059584616824
138,1,784,.000000000000000,.000000000000000,-32.29639071182903,32.29639071182903
138,2,256,-64.59278142365723,129.1855628473145,-45.47976562007764,-19.11301580357962
138,3,256,-26.36674981649709,52.73349963299418,-24.95636259885616,-1.410387217640930
138,4,256,-23.54597538121520,47.09195076243041,-12.21151357444891,-11.33446180676630
138,5,10,-.8770517676826183,1.754103535365237,-.4385258838413106,-.4385258838413076
139,1,784,.000000000000000,.000000000000000,-32.29405031369898,32.29405031369898
139,2,256,-64.58810062739710,129.1762012547942,-45.45224948023287,-19.13585114716419
139,3,256,-26.31639833306787,52.63279666613573,-24.92458189711922,-1.391816435948644
139,4,256,-23.53276546117060,47.06553092234120,-12.24223580343450,-11.29052965773610
139,5,10,-.9517061456984208,1.903412291396842,-.4758530728492092,-.4758530728492116
140,1,784,.000000000000000,.000000000000000,-32.20791998902209,32.20791998902209
140,2,256,-64.41583997804331,128.8316799560866,-45.49810137428462,-18.91773860375874
140,3,256,-26.58036277052500,53.16072554105001,-25.04264379877203,-1.537718971752990
140,4,256,-23.50492482701900,47.00984965403800,-12.21838364727633,-11.28654117974266
140,5,10,-.9318424675336766,1.863684935067353,-.4659212337668372,-.4659212337668395
141,1,784,.000000000000000,.000000000000000,-32.07031012712177,32.07031012712177
141,2,256,-64.14062025424268,128.2812405084854,-45.40368968040401,-18.73693057383871
141,3,256,-26.66675910656442,53.33351821312883,-25.18079403000083,-1.485965076563572
141,4,256,-23.69482895343731,47.38965790687462,-12.32134260247970,-11.37348635095762
141,5,10,-.9478562515221005,1.895712503044201,-.4739281257610493,-.4739281257610511
142,1,784,.000000000000000,.000000000000000,-32.26896350054483,32.26896350054483
142,2,256,-64.53792700108870,129.0758540021774,-45.38852905972329,-19.14939794136542
142,3,256,-26.23913111835693,52.47826223671385,-24.96353138343342,-1.275599734923536
142,4,256,-23.68793164850986,47.37586329701972,-12.28828979314065,-11.39964185536920
142,5,10,-.8886479377714427,1.777295875542885,-.4443239688857206,-.4443239688857220
143,1,784,.000000000000000,.000000000000000,-32.30361254114820,32.30361254114820
143,2,256,-64.60722508229556,129.2144501645911,-45.40567545940824,-19.20154962288729
143,3,256,-26.20412583652007,52.40825167304013,-24.88541577759456,-1.318710058925540
143,4,256,-23.56670571866903,47.13341143733805,-12.26043604361900,-11.30626967505003
143,5,10,-.9541663685690184,1.908332737138037,-.4770831842845065,-.4770831842845118
144,1,784,.000000000000000,.000000000000000,-32.30884401644471,32.30884401644471
144,2,256,-64.61768803288855,129.2353760657771,-45.45466952183722,-19.16301851105132
144,3,256,-26.29165101078501,52.58330202157003,-24.90923558177522,-1.382415429009783
144,4,256,-23.52682015276541,47.05364030553081,-12.20912409372078,-11.31769605904462
144,5,10,-.8914280346761714,1.782856069352343,-.4457140173380849,-.4457140173380865
145,1,784,.000000000000000,.000000000000000,-32.19500463284994,32.19500463284994
145,2,256,-64.39000926569902,128.7800185313980,-45.36626407147465,-19.02374519422438
145,3,256,-26.34251887724941,52.68503775449882,-25.07668404132624,-1.265834835923179
145,4,256,-23.81084920540309,47.62169841080618,-12.35683212282256,-11.45401708258052
145,5,10,-.9028150402420703,1.805630080484141,-.4514075201210357,-.4514075201210345
146,1,784,.000000000000000,.000000000000000,-32.23837566717319,32.23837566717319
146,2,256,-64.47675133434541,128.9535026686908,-45.25743372490691,-19.21931760943857
146,3,256,-26.03811611546747,52.07623223093495,-24.94583925780007,-1.092276857667432
146,4,256,-23.85356240013270,47.70712480026539,-12.39978819655821,-11.45377420357446
146,5,10,-.9460139929837448,1.892027985967490,-.4730069964918715,-.4730069964918731
147,1,784,.000000000000000,.000000000000000,-32.34380270212904,32.34380270212904
147,2,256,-64.68760540425724,129.3752108085145,-45.46845616060935,-19.21914924364788
147,3,256,-26.24930691696066,52.49861383392133,-24.89299336597239,-1.356313550988232
147,4,256,-23.53667981498421,47.07335962996842,-12.21777879831510,-11.31890101666910
147,5,10,-.8988777816460146,1.797755563292029,-.4494388908230064,-.4494388908230083
148,1,784,.000000000000000,.000000000000000,-32.09902887018121,32.09902887018121
148,2,256,-64.19805774036163,128.3961154807233,-45.28446173040496,-18.91359600995666
148,3,256,-26.37086572044738,52.74173144089475,-25.15676691604784,-1.214098804399529
148,4,256,-23.94266811164831,47.88533622329661,-12.42369058675669,-11.51897752489161
148,5,10,-.9047130618650693,1.809426123730139,-.4523565309325345,-.4523565309325348
149,1,784,.000000000000000,.000000000000000,-32.32216845431665,32.32216845431665
149,2,256,-64.64433690863234,129.2886738172647,-45.59472552218500,-19.04961138644735
149,3,256,-26.54511413573667,53.09022827147334,-24.95593054207875,-1.589183593657921
149,4,256,-23.36674694842086,46.73349389684171,-12.10079290758225,-11.26595404083860
149,5,10,-.8348388667436735,1.669677733487347,-.4174194333718341,-.4174194333718393
150,1,784,.000000000000000,.000000000000000,-32.33333457986544,32.33333457986544
150,2,256,-64.66666915972993,129.3333383194599,-45.43414255145483,-19.23252660827507
150,3,256,-26.20161594317886,52.40323188635772,-24.90037819186668,-1.301237751312182
150,4,256,-23.59914044055454,47.19828088110908,-12.23370619722022,-11.36543424333431
150,5,10,-.8682719538859439,1.736543907771888,-.4341359769429715,-.4341359769429725
151,1,784,.000000000000000,.000000000000000,-32.25462401899151,32.25462401899151
151,2,256,-64.50924803798213,129.0184960759643,-45.38961965465481,-19.11962838332727
151,3,256,-26.26999127132667,52.53998254265333,-24.98520562644380,-1.284785644882859
151,4,256,-23.70041998156092,47.40083996312184,-12.30387134446375,-11.39654863709719
151,5,10,-.9073227073665445,1.814645414733089,-.4536613536832739,-.4536613536832707
152,1,784,.000000000000000,.000000000000000,-32.29388434101805,32.29388434101805
152,2,256,-64.58776868203519,129.1755373640704,-45.51770484887935,-19.07006383315584
152,3,256,-26.44764101572263,52.89528203144527,-24.95558984558816,-1.492051170134468
152,4,256,-23.46353867545369,46.92707735090738,-12.18251027562172,-11.28102839983197
152,5,10,-.9014818757897367,1.802963751579473,-.4507409378948697,-.4507409378948670
153,1,784,.000000000000000,.000000000000000,-32.13730648553507,32.13730648553507
153,2,256,-64.27461297106930,128.5492259421386,-45.33789371576200,-18.93671925530734
153,3,256,-26.40117446045382,52.80234892090763,-25.10555947582191,-1.295614984631909
153,4,256,-23.80994449119001,47.61988898238002,-12.35193401935145,-11.45801047183856
153,5,10,-.8939235475128946,1.787847095025789,-.4469617737564449,-.4469617737564498
154,1,784,.000000000000000,.000000000000000,-32.37194526629828,32.37194526629828
154,2,256,-64.74389053259564,129.4877810651913,-45.50976439582622,-19.23412613676941
154,3,256,-26.27563825905599,52.55127651811198,-24.86264809176669,-1.412990167289313
154,4,256,-23.44965792447741,46.89931584895482,-12.16724246255952,-11.28241546191789
154,5,10,-.8848270006416333,1.769654001283267,-.4424135003208171,-.4424135003208163
155,1,784,.000000000000000,.000000000000000,-32.13292392756784,32.13292392756784
155,2,256,-64.26584785513482,128.5316957102696,-45.42421317876065,-18.84163467637416
155,3,256,-26.58257850238557,53.16515700477115,-25.12496220408847,-1.457616298297105
155,4,256,-23.66734590579141,47.33469181158282,-12.29125774874689,-11.37608815704452
155,5,10,-.9151695917023861,1.830339183404772,-.4575847958511933,-.4575847958511928
156,1,784,.000000000000000,.000000000000000,-32.02532447972754,32.02532447972754
156,2,256,-64.05064895945422,128.1012979189084,-45.20423459363506,-18.84641436581920
156,3,256,-26.35782022781498,52.71564045562997,-25.24054517576582,-1.117275052049155
156,4,256,-24.12327012371671,48.24654024743342,-12.51766304701171,-11.60560707670502
156,5,10,-.9120559703066906,1.824111940613381,-.4560279851533442,-.4560279851533464
157,1,784,.000000000000000,.000000000000000,-32.17033913060304,32.17033913060304
157,2,256,-64.34067826120514,128.6813565224103,-45.39872023842113,-18.94195802278401
157,3,256,-26.45676221563614,52.91352443127228,-25.13789884922073,-1.318863366415438
157,4,256,-23.81903548280529,47.63807096561058,-12.32022559492037,-11.49880988788492
157,5,10,-.8214157070354381,1.642831414070876,-.4107078535177192,-.4107078535177190
158,1,784,.000000000000000,.000000000000000,-32.34744248298718,32.34744248298718
158,2,256,-64.69488496597349,129.3897699319470,-45.46002628583062,-19.23485868014288
158,3,256,-26.22516760568688,52.45033521137375,-24.87927519394988,-1.345892411736991
158,4,256,-23.53338278221293,47.06676556442586,-12.19796260977538,-11.33542017243755
158,5,10,-.8625424373378427,1.725084874675685,-.4312712186689204,-.4312712186689222
159,1,784,.000000000000000,.000000000000000,-32.23634672323293,32.23634672323293
159,2,256,-64.47269344646504,128.9453868929301,-45.41401149436670,-19.05868195209836
159,3,256,-26.35532954226746,52.71065908453491,-24.96559158652698,-1.389737955740471
159,4,256,-23.57585363078653,47.15170726157307,-12.26385645895525,-11.31199717183127
159,5,10,-.9518592871239697,1.903718574247939,-.4759296435619858,-.4759296435619839
160,1,784,.000000000000000,.000000000000000,-32.05281314499761,32.05281314499761
160,2,256,-64.10562628999428,128.2112525799886,-45.14877434025962,-18.95685194973463
160,3,256,-26.19192239052409,52.38384478104818,-25.17335920475498,-1.018563185769130
160,4,256,-24.15479601898588,48.30959203797175,-12.52875698283739,-11.62603903614849
160,5,10,-.9027179466889047,1.805435893377809,-.4513589733444530,-.4513589733444519
161,1,784,.000000000000000,.000000000000000,-32.17030208563087,32.17030208563087
161,2,256,-64.34060417126091,128.6812083425218,-45.38410328112985,-18.95650089013105
161,3,256,-26.42760239099792,52.85520478199584,-25.03616590880426,-1.391436482193647
161,4,256,-23.64472942661060,47.28945885322120,-12.29633732426024,-11.34839210235037
161,5,10,-.9479452219098575,1.895890443819715,-.4739726109549283,-.4739726109549293
162,1,784,.000000000000000,.000000000000000,-32.14647768196976,32.14647768196976
162,2,256,-64.29295536393866,128.5859107278773,-45.28829255174806,-19.00466281219058
162,3,256,-26.28362973955657,52.56725947911315,-25.08748023467292,-1.196149504883662
162,4,256,-23.89133072978923,47.78266145957846,-12.39573440478016,-11.49559632500908
162,5,10,-.9001380797710755,1.800276159542151,-.4500690398855384,-.4500690398855373
163,1,784,.000000000000000,.000000000000000,-32.04386364625395,32.04386364625395
163,2,256,-64.08772729250698,128.1754545850140,-45.48875641850089,-18.59897087400610
163,3,256,-26.88978554449389,53.77957108898777,-25.24953578481460,-1.640249759679293
163,4,256,-23.60928602513528,47.21857205027056,-12.25317996093052,-11.35610606420476
163,5,10,-.8970738967257456,1.794147793451491,-.4485369483628729,-.4485369483628726
164,1,784,.000000000000000,.000000000000000,-32.40130599970107,32.40130599970107
164,2,256,-64.80261199940128,129.6052239988026,-45.42934693544898,-19.37326506395229
164,3,256,-26.05608187149581,52.11216374299163,-24.77084377277038,-1.285238098725425
164,4,256,-23.48560567404493,46.97121134808985,-12.22400290841889,-11.26160276562602
164,5,10,-.9624001427928383,1.924800285585677,-.4812000713964185,-.4812000713964197
165,1,784,.000000000000000,.000000000000000,-32.20707048754859,32.20707048754859
165,2,256,-64.41414097509630,128.8282819501926,-45.33300012411610,-19.08114085098023
165,3,256,-26.25185927313500,52.50371854627000,-25.01882314801285,-1.233036125122129
165,4,256,-23.78578702289075,47.57157404578150,-12.34387655499540,-11.44191046789536
165,5,10,-.9019660871000703,1.803932174200141,-.4509830435500343,-.4509830435500360
166,1,784,.000000000000000,.000000000000000,-32.31724201179453,32.31724201179453
166,2,256,-64.63448402358813,129.2689680471763,-45.32175735015041,-19.31272667343778
166,3,256,-26.00903067671170,52.01806135342340,-24.87320846980108,-1.135822206910606
166,4,256,-23.73738626289047,47.47477252578094,-12.33722031958812,-11.40016594330235
166,5,10,-.9370543762857618,1.874108752571524,-.4685271881428810,-.4685271881428809
167,1,784,.000000000000000,.000000000000000,-32.14711228966374,32.14711228966374
167,2,256,-64.29422457932658,128.5884491586532,-45.30503565232443,-18.98918892700212
167,3,256,-26.31584672532141,52.63169345064282,-25.11377940729278,-1.202067318028667
167,4,256,-23.91171208926410,47.82342417852821,-12.38359472652270,-11.52811736274140
167,5,10,-.8554773637813100,1.710954727562620,-.4277386818906544,-.4277386818906556
168,1,784,.000000000000000,.000000000000000,-32.28406618061965,32.28406618061965
168,2,256,-64.56813236123841,129.1362647224768,-45.41405841310608,-19.15407394813233
168,3,256,-26.25998446497286,52.51996892994572,-24.91923547387814,-1.340748991094731
168,4,256,-23.57848648278340,47.15697296556681,-12.27479542478787,-11.30369105799553
168,5,10,-.9711043667923497,1.942208733584699,-.4855521833961739,-.4855521833961758
169,1,784,.000000000000000,.000000000000000,-32.11006338986851,32.11006338986851
169,2,256,-64.22012677973613,128.4402535594723,-45.41470694537695,-18.80541983435919
169,3,256,-26.60928711101690,53.21857422203381,-25.16091491579766,-1.448372195219241
169,4,256,-23.71254272057839,47.42508544115678,-12.30954463937391,-11.40299808120450
169,5,10,-.9065465581693933,1.813093116338787,-.4532732790846982,-.4532732790846952
170,1,784,.000000000000000,.000000000000000,-32.21984247581764,32.21984247581764
170,2,256,-64.43968495163443,128.8793699032689,-45.53235316255061,-18.90733178908372
170,3,256,-26.62502137346601,53.25004274693201,-25.04940660501103,-1.575614768454967
170,4,256,-23.47379183655612,46.94758367311225,-12.17775347158253,-11.29603836497360
170,5,10,-.8817151066089731,1.763430213217946,-.4408575533044838,-.4408575533044892
171,1,784,.000000000000000,.000000000000000,-32.24122354750399,32.24122354750399
171,2,256,-64.48244709500709,128.9648941900142,-45.35347973626837,-19.12896735873871
171,3,256,-26.22451237752878,52.44902475505755,-24.96872506241686,-1.255787315111891
171,4,256,-23.71293774730499,47.42587549460999,-12.31932754463991,-11.39361020266509
171,5,10,-.9257173419748314,1.851434683949663,-.4628586709874158,-.4628586709874156
172,1,784,.000000000000000,.000000000000000,-32.01392372197786,32.01392372197786
172,2,256,-64.02784744395487,128.0556948879097,-45.17987049257481,-18.84797695138010
172,3,256,-26.33189354119376,52.66378708238753,-25.22017575693353,-1.111717784260234
172,4,256,-24.10845797267330,48.21691594534661,-12.50162847537544,-11.60682949729785
172,5,10,-.8947989780775889,1.789597956155178,-.4473994890387930,-.4473994890387958
173,1,784,.000000000000000,.000000000000000,-32.18515066323039,32.18515066323039
173,2,256,-64.37030132645990,128.7406026529198,-45.37155071993223,-18.99875060652767
173,3,256,-26.37280011340369,52.74560022680738,-25.05311358629806,-1.319686527105623
173,4,256,-23.73342705919244,47.46685411838487,-12.31935309499508,-11.41407396419735
173,5,10,-.9052791307977428,1.810558261595486,-.4526395653988710,-.4526395653988718
174,1,784,.000000000000000,.000000000000000,-32.16094492682005,32.16094492682005
174,2,256,-64.32188985363923,128.6437797072785,-45.36642691940775,-18.95546293423143
174,3,256,-26.41096398517541,52.82192797035083,-25.08038370467226,-1.330580280503168
174,4,256,-23.74980342416909,47.49960684833817,-12.31870742564067,-11.43109599852842
174,5,10,-.8876114271122357,1.775222854224471,-.4438057135561195,-.4438057135561162
175,1,784,.000000000000000,.000000000000000,-32.21895522164396,32.21895522164396
175,2,256,-64.43791044328697,128.8758208865739,-45.42506881485666,-19.01284162843033
175,3,256,-26.41222718642541,52.82445437285082,-25.00793572124334,-1.404291465182071
175,4,256,-23.60364425606127,47.20728851212253,-12.26938194858797,-11.33426230747329
175,5,10,-.9351196411146757,1.870239282229351,-.4675598205573381,-.4675598205573376
176,1,784,.000000000000000,.000000000000000,-32.42603498636949,32.42603498636949
176,2,256,-64.85206997273814,129.7041399454763,-45.55673746054857,-19.29533251218959
176,3,256,-26.26140494835811,52.52280989671622,-24.77772560528442,-1.483679343073679
176,4,256,-23.29404626221080,46.58809252442160,-12.11003623126146,-11.18401003094934
176,5,10,-.9260262003121416,1.852052400624283,-.4630131001560702,-.4630131001560714
177,1,784,.000000000000000,.000000000000000,-32.36876595990358,32.36876595990358
177,2,256,-64.73753191980640,129.4750638396128,-45.44911531541162,-19.28841660439479
177,3,256,-26.16069871101595,52.32139742203190,-24.88928184113422,-1.271416869881741
177,4,256,-23.61786497125248,47.23572994250496,-12.23478778254214,-11.38307718871035
177,5,10,-.8517105938318021,1.703421187663604,-.4258552969159023,-.4258552969158999
178,1,784,.000000000000000,.000000000000000,-32.09951805970458,32.09951805970458
178,2,256,-64.19903611940826,128.3980722388165,-45.51367678014396,-18.68535933926433
178,3,256,-26.82831744087880,53.65663488175760,-25.17425712606222,-1.654060314816546
178,4,256,-23.52019681124573,47.04039362249145,-12.22701819243313,-11.29317861881259
178,5,10,-.9338395736205670,1.867679147241134,-.4669197868102833,-.4669197868102836
179,1,784,.000000000000000,.000000000000000,-32.14859156989497,32.14859156989497
179,2,256,-64.29718313978904,128.5943662795781,-45.46824272914431,-18.82894041064472
179,3,256,-26.63930231849871,53.27860463699743,-25.13364704771723,-1.505655270781485
179,4,256,-23.62799177693572,47.25598355387144,-12.26757561747362,-11.36041615946209
179,5,10,-.9071594580115021,1.814318916023004,-.4535797290057500,-.4535797290057522
180,1,784,.000000000000000,.000000000000000,-32.13824586930905,32.13824586930905
180,2,256,-64.27649173861721,128.5529834772344,-45.20866122830586,-19.06783051031134
180,3,256,-26.14083071799361,52.28166143598722,-25.01733344136411,-1.123497276629500
180,4,256,-23.89383616473457,47.78767232946915,-12.47346606738864,-11.42037009734594
180,5,10,-1.053095970042684,2.106191940085368,-.5265479850213425,-.5265479850213413
181,1,784,.000000000000000,.000000000000000,-32.51076153610454,32.51076153610454
181,2,256,-65.02152307220818,130.0430461444164,-45.48823420041632,-19.53328887179187
181,3,256,-25.95494532862358,51.90989065724715,-24.70359450532864,-1.251350823294906
181,4,256,-23.45224368203376,46.90448736406753,-12.16213362260831,-11.29011005942544
181,5,10,-.8720235631828676,1.744047126365735,-.4360117815914339,-.4360117815914335
182,1,784,.000000000000000,.000000000000000,-32.17858818721684,32.17858818721684
182,2,256,-64.35717637443268,128.7143527488654,-45.47484078837410,-18.88233558605861
182,3,256,-26.59250520231458,53.18501040462917,-25.11028910888651,-1.482216093428061
182,4,256,-23.62807301545847,47.25614603091694,-12.23881995675557,-11.38925305870290
182,5,10,-.8495668980526866,1.699133796105373,-.4247834490263447,-.4247834490263417
183,1,784,.000000000000000,.000000000000000,-32.12061972770732,32.12061972770732
183,2,256,-64.24123945541368,128.4824789108274,-45.25433994949226,-18.98689950592145
183,3,256,-26.26744044356989,52.53488088713978,-25.11427209677943,-1.153168346790463
183,4,256,-23.96110374998901,47.92220749997801,-12.42321530693325,-11.53788844305577
183,5,10,-.8853268638775096,1.770653727755019,-.4426634319387550,-.4426634319387546
184,1,784,.000000000000000,.000000000000000,-32.04991016469322,32.04991016469322
184,2,256,-64.09982032938558,128.1996406587712,-45.14310386326424,-18.95671646612131
184,3,256,-26.18638739714198,52.37277479428397,-25.16326892708622,-1.023118470055797
184,4,256,-24.14015045703042,48.28030091406084,-12.52834567116771,-11.61180478586274
184,5,10,-.9165408853049996,1.833081770609999,-.4582704426524986,-.4582704426525008
185,1,784,.000000000000000,.000000000000000,-32.37363794324204,32.37363794324204
185,2,256,-64.74727588648310,129.4945517729662,-45.48754610149112,-19.25972978499202
185,3,256,-26.22781631649816,52.45563263299632,-24.80574651274856,-1.422069803749615
185,4,256,-23.38367670899889,46.76735341799779,-12.16537246270088,-11.21830424629803
185,5,10,-.9470682164028563,1.894136432805713,-.4735341082014275,-.4735341082014287
186,1,784,.000000000000000,.000000000000000,-32.24722790530360,32.24722790530360
186,2,256,-64.49445581060640,128.9889116212128,-45.41254047539009,-19.08191533521640
186,3,256,-26.33062514017280,52.66125028034559,-24.98852011388614,-1.342105026286678
186,4,256,-23.64641508759944,47.29283017519889,-12.27451883192250,-11.37189625567694
186,5,10,-.9026225762455803,1.805245152491161,-.4513112881227903,-.4513112881227900
187,1,784,.000000000000000,.000000000000000,-32.22355171188536,32.22355171188536
187,2,256,-64.44710342376982,128.8942068475396,-45.44830043935673,-18.99880298441310
187,3,256,-26.44949745494277,52.89899490988554,-25.05061636920711,-1.398881085735661
187,4,256,-23.65173528347150,47.30347056694299,-12.25117018096966,-11.40056510250184
187,5,10,-.8506050784678293,1.701210156935659,-.4253025392339146,-.4253025392339146
188,1,784,.000000000000000,.000000000000000,-32.19913161058739,32.19913161058739
188,2,256,-64.39826322117385,128.7965264423477,-45.32857668268394,-19.06968653848993
188,3,256,-26.25889014419312,52.51778028838625,-24.99303909304264,-1.265851051150482
188,4,256,-23.72718804189210,47.45437608378420,-12.34745799015988,-11.37973005173222
188,5,10,-.9677279384276576,1.935455876855315,-.4838639692138285,-.4838639692138291
189,1,784,.000000000000000,.000000000000000,-32.17317188272356,32.17317188272356
189,2,256,-64.34634376544619,128.6926875308924,-45.25836185632145,-19.08798190912476
189,3,256,-26.17037994719583,52.34075989439165,-25.01280059330118,-1.157579353894633
189,4,256,-23.85522123940654,47.71044247881309,-12.40577576390718,-11.44944547549938
189,5,10,-.9563302884078047,1.912660576815609,-.4781651442039030,-.4781651442039017
190,1,784,.000000000000000,.000000000000000,-32.07364644035689,32.07364644035689
190,2,256,-64.14729288071287,128.2945857614257,-45.26578264418818,-18.88151023652474
190,3,256,-26.38427240766253,52.76854481532506,-25.15607697996997,-1.228195427692578
190,4,256,-23.92788155227743,47.85576310455487,-12.43522955197115,-11.49265200030629
190,5,10,-.9425775516648942,1.885155103329788,-.4712887758324477,-.4712887758324464
191,1,784,.000000000000000,.000000000000000,-32.20371955001939,32.20371955001939
191,2,256,-64.40743910003796,128.8148782000759,-45.43947371690834,-18.96796538312961
191,3,256,-26.47150833377790,52.94301666755580,-25.05294235200066,-1.418565981777242
191,4,256,-23.63437637022342,47.26875274044684,-12.25926699629435,-11.37510937392907
191,5,10,-.8841576223652565,1.768315244730513,-.4420788111826258,-.4420788111826306
192,1,784,.000000000000000,.000000000000000,-32.25707823672096,32.25707823672096
192,2,256,-64.51415647344102,129.0283129468820,-45.35740268127169,-19.15675379216932
192,3,256,-26.20064888910147,52.40129777820295,-24.95208134069191,-1.248567548409559
192,4,256,-23.70351379228238,47.40702758456476,-12.30938287426336,-11.39413091801902
192,5,10,-.9152519562443711,1.830503912488742,-.4576259781221879,-.4576259781221833
193,1,784,.000000000000000,.000000000000000,-32.28980957211310,32.28980957211310
193,2,256,-64.57961914422526,129.1592382884505,-45.56618590374857,-19.01343324047671
193,3,256,-26.55275266327096,53.10550532654192,-24.93553340298997,-1.617219260280998
193,4,256,-23.31831414270896,46.63662828541793,-12.12638889286553,-11.19192524984344
193,5,10,-.9344636430220810,1.868927286044162,-.4672318215110397,-.4672318215110413
194,1,784,.000000000000000,.000000000000000,-32.24020015166892,32.24020015166892
194,2,256,-64.48040030333701,128.9608006066740,-45.38892910522056,-19.09147119811644
194,3,256,-26.29745790710320,52.59491581420640,-24.98540662916363,-1.312051277939573
194,4,256,-23.67335535122405,47.34671070244810,-12.30846305424807,-11.36489229697598
194,5,10,-.9435707572720451,1.887141514544090,-.4717853786360235,-.4717853786360215
195,1,784,.000000000000000,.000000000000000,-32.13338402475225,32.13338402475225
195,2,256,-64.26676804950351,128.5335360990070,-45.44637284450257,-18.82039520500091
195,3,256,-26.62597763950080,53.25195527900161,-25.10323039134133,-1.522747248159468
195,4,256,-23.58048314318188,47.16096628636377,-12.27856963156512,-11.30191351161678
195,5,10,-.9766561199483550,1.953312239896710,-.4883280599741765,-.4883280599741785
196,1,784,.000000000000000,.000000000000000,-32.34564184434291,32.34564184434291
196,2,256,-64.69128368868502,129.3825673773700,-45.42647090635605,-19.26481278232893
196,3,256,-26.16165812402618,52.32331624805236,-24.88064696102148,-1.281011163004719
196,4,256,-23.59963579801672,47.19927159603343,-12.26644023948919,-11.33319555852754
196,5,10,-.9332446809616679,1.866489361923336,-.4666223404808361,-.4666223404808318
197,1,784,.000000000000000,.000000000000000,-32.11837149036931,32.11837149036931
197,2,256,-64.23674298073779,128.4734859614756,-45.28714497461859,-18.94959800611920
197,3,256,-26.33754696849853,52.67509393699707,-25.12810700696268,-1.209439961535879
197,4,256,-23.91866704542682,47.83733409085364,-12.40471001574583,-11.51395702968099
197,5,10,-.8907529860648575,1.781505972129715,-.4453764930324277,-.4453764930324299
198,1,784,.000000000000000,.000000000000000,-32.32668759026434,32.32668759026434
198,2,256,-64.65337518052773,129.3067503610555,-45.48533342485455,-19.16804175567318
198,3,256,-26.31729166918052,52.63458333836105,-24.91821133059552,-1.399080338585001
198,4,256,-23.51913099201053,47.03826198402106,-12.18838087262260,-11.33075011938791
198,5,10,-.8576307532346774,1.715261506469355,-.4288153766173387,-.4288153766173387
199,1,784,.000000000000000,.000000000000000,-32.30628559556484,32.30628559556484
199,2,256,-64.61257119112869,129.2251423822574,-45.50541172529029,-19.10715946583837
199,3,256,-26.39825225945095,52.79650451890190,-24.90715410445289,-1.491098154998045
199,4,256,-23.41605594945480,46.83211189890960,-12.17182554461223,-11.24423040484259
199,5,10,-.9275951397696267,1.855190279539253,-.4637975698848114,-.4637975698848153
200,1,784,.000000000000000,.000000000000000,-32.18948015731767,32.18948015731767
200,2,256,-64.37896031463445,128.7579206292689,-45.42742414368095,-18.95153617095346
200,3,256,-26.47588797272661,52.95177594545323,-25.04701194485538,-1.428876027871229
200,4,256,-23.61813591698415,47.23627183396830,-12.27469855809257,-11.34343735889158
200,5,10,-.9312611992009849,1.862522398401970,-.4656305996004917,-.4656305996004931
201,1,784,.000000000000000,.000000000000000,-32.29533182021476,32.29533182021476
201,2,256,-64.59066364042864,129.1813272808573,-45.40361658566243,-19.18704705476623
201,3,256,-26.21656953089536,52.43313906179073,-24.90907336910095,-1.307496161794401
201,4,256,-23.60157720730660,47.20315441461319,-12.25097114403347,-11.35060606327313
201,5,10,-.9003650807603414,1.800730161520683,-.4501825403801720,-.4501825403801695
202,1,784,.000000000000000,.000000000000000,-32.24468808385453,32.24468808385453
202,2,256,-64.48937616770812,128.9787523354162,-45.35100058390299,-19.13837558380509
202,3,256,-26.21262500009705,52.42525000019410,-24.98347525525090,-1.229149744846163
202,4,256,-23.75432551040475,47.50865102080951,-12.31980680088645,-11.43451870951831
202,5,10,-.8852880913681384,1.770576182736277,-.4426440456840685,-.4426440456840699
203,1,784,.000000000000000,.000000000000000,-32.33960798250045,32.33960798250045
203,2,256,-64.67921596500007,129.3584319300001,-45.53042902883578,-19.14878693616428
203,3,256,-26.38164209267055,52.76328418534110,-24.90513391812303,-1.476508174547525
203,4,256,-23.42862574357543,46.85725148715085,-12.15553798720227,-11.27308775637317
203,5,10,-.8824502308290765,1.764900461658153,-.4412251154145386,-.4412251154145381
204,1,784,.000000000000000,.000000000000000,-32.15761900498170,32.15761900498170
204,2,256,-64.31523800996253,128.6304760199251,-45.49574319033965,-18.81949481962291
204,3,256,-26.67624837071587,53.35249674143174,-25.08625617782721,-1.589992192888617
204,4,256,-23.49626398493863,46.99252796987725,-12.21324836130559,-11.28301562363304
204,5,10,-.9302327376725642,1.860465475345128,-.4651163688362835,-.4651163688362807
205,1,784,.000000000000000,.000000000000000,-32.34188837010916,32.34188837010916
205,2,256,-64.68377674021743,129.3675534804349,-45.34502671872722,-19.33875002149017
205,3,256,-26.00627669723615,52.01255339447231,-24.85278872458680,-1.153487972649327
205,4,256,-23.69930075193750,47.39860150387499,-12.28709616129137,-11.41220459064614
205,5,10,-.8748915706452601,1.749783141290520,-.4374457853226276,-.4374457853226325
206,1,784,.000000000000000,.000000000000000,-32.34740333716159,32.34740333716159
206,2,256,-64.69480667432227,129.3896133486445,-45.43075642163559,-19.26405025268665
206,3,256,-26.16670616894810,52.33341233789619,-24.86628107607081,-1.300425092877296
206,4,256,-23.56585598319347,47.13171196638694,-12.22514591999483,-11.34071006319863
206,5,10,-.8844358567961743,1.768871713592349,-.4422179283980879,-.4422179283980865
207,1,784,.000000000000000,.000000000000000,-32.12167610882472,32.12167610882472
207,2,256,-64.24335221764842,128.4867044352968,-45.49147051397343,-18.75188170367505
207,3,256,-26.73958881029754,53.47917762059508,-25.10440039918584,-1.635188411111701
207,4,256,-23.46921198807414,46.93842397614829,-12.23651030416731,-11.23270168390685
207,5,10,-1.003808620260437,2.007617240520874,-.5019043101302202,-.5019043101302165
208,1,784,.000000000000000,.000000000000000,-32.34197534000160,32.34197534000160
208,2,256,-64.68395068000241,129.3679013600048,-45.79485825817873,-18.88909242182370
208,3,256,-26.90576583635414,53.81153167270828,-24.92955768404339,-1.976208152310762
208,4,256,-22.95334953173258,45.90669906346515,-11.91808234752745,-11.03526718420515
208,5,10,-.8828151633223135,1.765630326644627,-.4414075816611553,-.4414075816611583
209,1,784,.000000000000000,.000000000000000,-32.05217472610342,32.05217472610342
209,2,256,-64.10434945220598,128.2086989044120,-45.16167757875166,-18.94267187345434
209,3,256,-26.21900570529642,52.43801141059285,-25.17154225561364,-1.047463449682796
209,4,256,-24.12407880593083,48.24815761186166,-12.52131309955121,-11.60276570637962
209,5,10,-.9185473931715846,1.837094786343169,-.4592736965857918,-.4592736965857930
210,1,784,.000000000000000,.000000000000000,-32.21980720907394,32.21980720907394
210,2,256,-64.43961441814689,128.8792288362938,-45.25526084255895,-19.18435357558798
210,3,256,-26.07090726697010,52.14181453394021,-25.00766317004454,-1.063244096925576
210,4,256,-23.94441907311893,47.88883814623787,-12.40827249402850,-11.53614657909045
210,5,10,-.8721259149380342,1.744251829876068,-.4360629574690167,-.4360629574690175
211,1,784,.000000000000000,.000000000000000,-32.10591500797570,32.10591500797570
211,2,256,-64.21183001595054,128.4236600319011,-45.30828577278246,-18.90354424316805
211,3,256,-26.40474152961354,52.80948305922708,-25.18085006081892,-1.223891468794590
211,4,256,-23.95695859202436,47.91391718404871,-12.40066891131304,-11.55628968071131
211,5,10,-.8443792306017317,1.688758461203463,-.4221896153008675,-.4221896153008642
212,1,784,.000000000000000,.000000000000000,-32.32165918787419,32.32165918787419
212,2,256,-64.64331837574753,129.2866367514951,-45.66040977171878,-18.98290860402878
212,3,256,-26.67750116768910,53.35500233537820,-24.93131850469661,-1.746182662992490
212,4,256,-23.18513584170411,46.37027168340823,-12.04428272876034,-11.14085311294379
212,5,10,-.9034296158165541,1.806859231633108,-.4517148079082789,-.4517148079082752
213,1,784,.000000000000000,.000000000000000,-32.13449485387153,32.13449485387153
213,2,256,-64.26898970774205,128.5379794154841,-45.32811351018290,-18.94087619755920
213,3,256,-26.38723731262269,52.77447462524539,-25.10633877280878,-1.280898539813953
213,4,256,-23.82544023299484,47.65088046598967,-12.35863598138740,-11.46680425160745
213,5,10,-.8918317297799885,1.783663459559977,-.4459158648899943,-.4459158648899944
214,1,784,.000000000000000,.000000000000000,-32.10656083258901,32.10656083258901
214,2,256,-64.21312166517711,128.4262433303542,-45.46466824795490,-18.74845341722225
214,3,256,-26.71621483073172,53.43242966146344,-25.17599027187224,-1.540224558859485
214,4,256,-23.63576571301274,47.27153142602548,-12.24049861156126,-11.39526710145149
214,5,10,-.8452315101097561,1.690463020219512,-.4226157550548798,-.4226157550548763
215,1,784,.000000000000000,.000000000000000,-32.21470816008841,32.21470816008841
215,2,256,-64.42941632017602,128.8588326403520,-45.25629396195524,-19.17312235822071
215,3,256,-26.08317160373373,52.16634320746746,-25.00668807104989,-1.076483532683850
215,4,256,-23.93020453836602,47.86040907673205,-12.41662886286784,-11.51357567549819
215,5,10,-.9030531873696612,1.806106374739322,-.4515265936848316,-.4515265936848295
216,1,784,.000000000000000,.000000000000000,-32.27938376697837,32.27938376697837
216,2,256,-64.55876753395574,129.1175350679115,-45.50331719387054,-19.05545034008521
216,3,256,-26.44786685378436,52.89573370756872,-24.98335150298902,-1.464515350795335
216,4,256,-23.51883615219365,47.03767230438731,-12.18142081421214,-11.33741533798153
216,5,10,-.8440054762305760,1.688010952461152,-.4220027381152879,-.4220027381152881
217,1,784,.000000000000000,.000000000000000,-31.99687713974187,31.99687713974187
217,2,256,-63.99375427948281,127.9875085589656,-45.47538148536144,-18.51837279412137
217,3,256,-26.95700869123922,53.91401738247843,-25.28198313155166,-1.675025559687522
217,4,256,-23.60695757186416,47.21391514372833,-12.28495803251118,-11.32199953935298
217,5,10,-.9629584931581903,1.925916986316381,-.4814792465790941,-.4814792465790962
218,1,784,.000000000000000,.000000000000000,-32.15249915519621,32.15249915519621
218,2,256,-64.30499831039150,128.6099966207830,-45.68349439267017,-18.62150391772138
218,3,256,-27.06199047494788,54.12398094989576,-25.16379907488412,-1.898191400063754
218,4,256,-23.26560767482037,46.53121534964075,-12.08962929996106,-11.17597837485930
218,5,10,-.9136509251017501,1.827301850203500,-.4568254625508756,-.4568254625508745
219,1,784,.000000000000000,.000000000000000,-32.16908030734595,32.16908030734595
219,2,256,-64.33816061469099,128.6763212293820,-45.38511397173197,-18.95304664295901
219,3,256,-26.43206732877205,52.86413465754411,-25.05841219971105,-1.373655129061006
219,4,256,-23.68475707065000,47.36951414130000,-12.32418034505646,-11.36057672559355
219,5,10,-.9636036194628907,1.927207238925781,-.4818018097314466,-.4818018097314442
220,1,784,.000000000000000,.000000000000000,-32.10066679893605,32.10066679893605
220,2,256,-64.20133359787120,128.4026671957424,-45.25372628268896,-18.94760731518224
220,3,256,-26.30611896750589,52.61223793501178,-25.15855128702463,-1.147567680481261
220,4,256,-24.01098360654341,48.02196721308682,-12.43390400619383,-11.57707960034958
220,5,10,-.8568244058442959,1.713648811688592,-.4284122029221473,-.4284122029221483
221,1,784,.000000000000000,.000000000000000,-32.59942692620471,32.59942692620471
221,2,256,-65.19885385240852,130.3977077048170,-45.66580084907750,-19.53305300333105
221,3,256,-26.13274784574562,52.26549569149123,-24.57886674170858,-1.553881104037047
221,4,256,-23.02498563767156,46.04997127534313,-11.97414060181646,-11.05084503585512
221,5,10,-.9232955659613642,1.846591131922728,-.4616477829806823,-.4616477829806819
222,1,784,.000000000000000,.000000000000000,-32.35227795496917,32.35227795496917
222,2,256,-64.70455590993753,129.4091118198751,-45.47170080601811,-19.23285510391938
222,3,256,-26.23884570209788,52.47769140419576,-24.85716471120100,-1.381680990896855
222,4,256,-23.47548372030421,46.95096744060842,-12.20677679594703,-11.26870692435716
222,5,10,-.9380698715899026,1.876139743179805,-.4690349357949508,-.4690349357949520
223,1,784,.000000000000000,.000000000000000,-32.16717300060920,32.16717300060920
223,2,256,-64.33434600121743,128.6686920024349,-45.30276766829832,-19.03157833291915
223,3,256,-26.27118933537817,52.54237867075634,-25.05530564507758,-1.215883690300591
223,4,256,-23.83942195477696,47.67884390955392,-12.37419812117556,-11.46522383360139
223,5,10,-.9089742875741755,1.817948575148351,-.4544871437870881,-.4544871437870874
224,1,784,.000000000000000,.000000000000000,-32.13752094319793,32.13752094319793
224,2,256,-64.27504188639503,128.5500837727901,-45.25529890667158,-19.01974297972349
224,3,256,-26.23555592694723,52.47111185389446,-25.09306338192254,-1.142492545024716
224,4,256,-23.95057083689782,47.90114167379564,-12.43590449559725,-11.51466634130057
224,5,10,-.9212381542966761,1.842476308593352,-.4606190771483378,-.4606190771483383
225,1,784,.000000000000000,.000000000000000,-32.26908488241298,32.26908488241298
225,2,256,-64.53816976482511,129.0763395296502,-45.37455331672039,-19.16361644810467
225,3,256,-26.21093686861481,52.42187373722962,-24.95157531803987,-1.259361550574960
225,4,256,-23.69221376746490,47.38442753492981,-12.29016294931964,-11.40205081814525
225,5,10,-.8881121311743688,1.776224262348738,-.4440560655871842,-.4440560655871845
226,1,784,.000000000000000,.000000000000000,-32.03361761773990,32.03361761773990
226,2,256,-64.06723523547896,128.1344704709579,-45.33517384924023,-18.73206138623875
226,3,256,-26.60311246300068,53.20622492600137,-25.24323657065253,-1.359875892348132
226,4,256,-23.88336067830447,47.76672135660893,-12.38380813752923,-11.49955254077521
226,5,10,-.8842555967540194,1.768511193508039,-.4421277983770107,-.4421277983770087
227,1,784,.000000000000000,.000000000000000,-32.24844587093551,32.24844587093551
227,2,256,-64.49689174187016,128.9937834837403,-45.49229175036746,-19.00459999150267
227,3,256,-26.48769175886390,52.97538351772779,-25.01320472019497,-1.474487038668927
227,4,256,-23.53871768152606,47.07743536305212,-12.22439809651140,-11.31431958501466
227,5,10,-.9100785114967764,1.820157022993553,-.4550392557483865,-.4550392557483900
228,1,784,.000000000000000,.000000000000000,-32.13608373280684,32.13608373280684
228,2,256,-64.27216746561275,128.5443349312255,-45.54482410043647,-18.72734336517630
228,3,256,-26.81748073525929,53.63496147051858,-25.20943739033960,-1.608043344919711
228,4,256,-23.60139404541989,47.20278809083978,-12.22363056763035,-11.37776347778954
228,5,10,-.8458670898408268,1.691734179681654,-.4229335449204134,-.4229335449204134
229,1,784,.000000000000000,.000000000000000,-32.27801546944821,32.27801546944821
229,2,256,-64.55603093889552,129.1120618777910,-45.47829791294424,-19.07773302595130
229,3,256,-26.40056488699208,52.80112977398415,-24.97833244146583,-1.422232445526242
229,4,256,-23.55609999593954,47.11219999187909,-12.20727899606802,-11.34882099987153
229,5,10,-.8584579961964840,1.716915992392968,-.4292289980982422,-.4292289980982418
230,1,784,.000000000000000,.000000000000000,-32.27611804952993,32.27611804952993
230,2,256,-64.55223609905902,129.1044721981180,-45.34152471426710,-19.21071138479185
230,3,256,-26.13081332947435,52.26162665894871,-24.91452335386481,-1.216289975609542
230,4,256,-23.69823337825525,47.39646675651049,-12.31243949945342,-11.38579387880183
230,5,10,-.9266456206515905,1.853291241303181,-.4633228103257968,-.4633228103257937
231,1,784,.000000000000000,.000000000000000,-32.11665481972828,32.11665481972828
231,2,256,-64.23330963945565,128.4666192789113,-45.31557840981637,-18.91773122963936
231,3,256,-26.39784718017611,52.79569436035221,-25.11811909598008,-1.279728084196007
231,4,256,-23.83839101178408,47.67678202356817,-12.36411033139377,-11.47428068039033
231,5,10,-.8898296510034180,1.779659302006836,-.4449148255017096,-.4449148255017084
232,1,784,.000000000000000,.000000000000000,-32.53031111658645,32.53031111658645
232,2,256,-65.06062223317190,130.1212444663438,-45.44885559208728,-19.61176664108466
232,3,256,-25.83708895100168,51.67417790200335,-24.65274150951381,-1.184347441487865
232,4,256,-23.46839406802590,46.93678813605180,-12.18074058371747,-11.28765348430844
232,5,10,-.8930870994089978,1.786174198817996,-.4465435497044997,-.4465435497044980
233,1,784,.000000000000000,.000000000000000,-31.98771473989219,31.98771473989219
233,2,256,-63.97542947978354,127.9508589595671,-45.22176399737465,-18.75366548240895
233,3,256,-26.46809851496481,52.93619702992962,-25.30242437358552,-1.165674141379288
233,4,256,-24.13675023220624,48.27350046441247,-12.48393003280706,-11.65282019939918
233,5,10,-.8311098334078757,1.662219666815751,-.4155549167039378,-.4155549167039378
234,1,784,.000000000000000,.000000000000000,-32.21943552693261,32.21943552693261
234,2,256,-64.43887105386437,128.8777421077287,-45.33216537385767,-19.10670568000669
234,3,256,-26.22545969385011,52.45091938770022,-24.98350855973097,-1.241951134119152
234,4,256,-23.74155742561181,47.48311485122361,-12.33285029302105,-11.40870713259078
234,5,10,-.9241431604303021,1.848286320860604,-.4620715802151507,-.4620715802151515
235,1,784,.000000000000000,.000000000000000,-32.31312544258787,32.31312544258787
235,2,256,-64.62625088517490,129.2525017703498,-45.33389845161107,-19.29235243356382
235,3,256,-26.04154601804640,52.08309203609280,-24.86489903354015,-1.176646984506256
235,4,256,-23.68825204903389,47.37650409806778,-12.32635496498779,-11.36189708404611
235,5,10,-.9644578809416767,1.928915761883353,-.4822289404708385,-.4822289404708384
236,1,784,.000000000000000,.000000000000000,-32.39711533977767,32.39711533977767
236,2,256,-64.79423067955437,129.5884613591087,-45.60398573083433,-19.19024494872009
236,3,256,-26.41374078211339,52.82748156422679,-24.84410381267555,-1.569636969437845
236,4,256,-23.27446684323776,46.54893368647552,-12.07834116791008,-11.19612567532768
236,5,10,-.8822154925824406,1.764430985164881,-.4411077462912202,-.4411077462912204
237,1,784,.000000000000000,.000000000000000,-32.27420552119156,32.27420552119156
237,2,256,-64.54841104238221,129.0968220847644,-45.48785485760368,-19.06055618477854
237,3,256,-26.42729867282426,52.85459734564852,-24.98057558195902,-1.446723090865224
237,4,256,-23.53385249109380,47.06770498218759,-12.21710083620757,-11.31675165488625
237,5,10,-.9003491813213453,1.800698362642691,-.4501745906606721,-.4501745906606732
238,1,784,.000000000000000,.000000000000000,-32.21268153550244,32.21268153550244
238,2,256,-64.42536307100401,128.8507261420080,-45.35988308467476,-19.06547998632921
238,3,256,-26.29440309834462,52.58880619668925,-25.01494671203628,-1.279456386308355
238,4,256,-23.73549032572790,47.47098065145580,-12.33267324632194,-11.40281707940597
238,5,10,-.9298561669159854,1.859712333831971,-.4649280834579944,-.4649280834579910
239,1,784,.000000000000000,.000000000000000,-32.23089012277307,32.23089012277307
239,2,256,-64.46178024554528,128.9235604910906,-45.36307682735421,-19.09870341819104
239,3,256,-26.26437340916229,52.52874681832457,-24.98782606162482,-1.276547347537458
239,4,256,-23.71127871408732,47.42255742817465,-12.31528443196969,-11.39599428211764
239,5,10,-.9192901498520349,1.838580299704070,-.4596450749260177,-.4596450749260172
240,1,784,.000000000000000,.000000000000000,-32.21306359754441,32.21306359754441
240,2,256,-64.42612719508793,128.8522543901759,-45.54065682377769,-18.88547037131017
240,3,256,-26.65518645246662,53.31037290493325,-25.04845917058855,-1.606727281878065
240,4,256,-23.44173188871048,46.88346377742096,-12.18594295252933,-11.25578893618116
240,5,10,-.9301540163481644,1.860308032696329,-.4650770081740817,-.4650770081740828
241,1,784,.000000000000000,.000000000000000,-32.13074268838110,32.13074268838110
241,2,256,-64.26148537676131,128.5229707535226,-45.35778420192116,-18.90370117484017
241,3,256,-26.45408302708003,52.90816605416007,-25.13324609842288,-1.320836928657170
241,4,256,-23.81240916976571,47.62481833953143,-12.34937368315141,-11.46303548661430
241,5,10,-.8863381965371337,1.772676393074267,-.4431690982685659,-.4431690982685677
242,1,784,.000000000000000,.000000000000000,-31.98108378471802,31.98108378471802
242,2,256,-63.96216756943516,127.9243351388703,-45.17411281850749,-18.78805475092766
242,3,256,-26.38605806757894,52.77211613515787,-25.24057179149351,-1.145486276085422
242,4,256,-24.09508551540808,48.19017103081616,-12.53093733349466,-11.56414818191342
242,5,10,-.9667891515812079,1.933578303162416,-.4833945757906035,-.4833945757906044
243,1,784,.000000000000000,.000000000000000,-32.26009328757875,32.26009328757875
243,2,256,-64.52018657515656,129.0403731503131,-45.31933042406678,-19.20085615108978
243,3,256,-26.11847427297613,52.23694854595227,-24.89634908132999,-1.222125191646136
243,4,256,-23.67422388968390,47.34844777936781,-12.35637357779592,-11.31785031188798
243,5,10,-1.038523265907964,2.077046531815928,-.5192616329539826,-.5192616329539816
244,1,784,.000000000000000,.000000000000000,-32.30057259069989,32.30057259069989
244,2,256,-64.60114518139871,129.2022903627974,-45.35175377533714,-19.24939140606161
244,3,256,-26.10236236927463,52.20472473854925,-24.95255921185031,-1.149803157424306
244,4,256,-23.80275605442597,47.60551210885194,-12.31644862200548,-11.48630743242051
244,5,10,-.8301411895849744,1.660282379169949,-.4150705947924861,-.4150705947924883
245,1,784,.000000000000000,.000000000000000,-32.23803123923352,32.23803123923352
245,2,256,-64.47606247846625,128.9521249569325,-45.49709562042625,-18.97896685803996
245,3,256,-26.51812876238541,53.03625752477081,-25.01157558388003,-1.506553178505367
245,4,256,-23.50502240537465,47.01004481074930,-12.20931725221380,-11.29570515316086
245,5,10,-.9136120990529303,1.827224198105861,-.4568060495264643,-.4568060495264660
246,1,784,.000000000000000,.000000000000000,-32.26092284327864,32.26092284327864
246,2,256,-64.52184568655647,129.0436913731129,-45.35692988081913,-19.16491580573726
246,3,256,-26.19201407508105,52.38402815016211,-24.96804394595080,-1.223970129130255
246,4,256,-23.74407381682053,47.48814763364107,-12.30724377956774,-11.43683003725281
246,5,10,-.8704137423149627,1.740827484629925,-.4352068711574809,-.4352068711574818
247,1,784,.000000000000000,.000000000000000,-32.42596931985303,32.42596931985303
247,2,256,-64.85193863970522,129.7038772794104,-45.71200679092430,-19.13993184878089
247,3,256,-26.57207494214253,53.14414988428506,-24.89072342088161,-1.681351521260918
247,4,256,-23.20937189962070,46.41874379924140,-12.01157978940889,-11.19779211021182
247,5,10,-.8137876791970562,1.627575358394112,-.4068938395985288,-.4068938395985274
248,1,784,.000000000000000,.000000000000000,-32.34254941715039,32.34254941715039
248,2,256,-64.68509883429982,129.3701976685996,-45.47430508318830,-19.21079375111158
248,3,256,-26.26351133207582,52.52702266415163,-24.88280521204318,-1.380706120032644
248,4,256,-23.50209909201054,47.00419818402108,-12.20185915493476,-11.30023993707577
248,5,10,-.9016192178589965,1.803238435717993,-.4508096089294983,-.4508096089294983
249,1,784,.000000000000000,.000000000000000,-32.01672812317967,32.01672812317967
249,2,256,-64.03345624635840,128.0669124927168,-45.20245757021750,-18.83099867614087
249,3,256,-26.37145889407570,52.74291778815141,-25.22352164387182,-1.147937250203866
249,4,256,-24.07558439366795,48.15116878733591,-12.48921127201020,-11.58637312165777
249,5,10,-.9028381503524279,1.805676300704856,-.4514190751762125,-.4514190751762153
250,1,784,.000000000000000,.000000000000000,-32.23167681865874,32.23167681865874
250,2,256,-64.46335363731667,128.9267072746333,-45.49561012419431,-18.96774351312234
250,3,256,-26.52786661107107,53.05573322214214,-25.02281863731660,-1.505047973754463
250,4,256,-23.51777066356221,47.03554132712442,-12.21697928602162,-11.30079137754058
250,5,10,-.9161879084810662,1.832375816962132,-.4580939542405343,-.4580939542405320
251,1,784,.000000000000000,.000000000000000,-32.27576522813598,32.27576522813598
251,2,256,-64.55153045627100,129.1030609125420,-45.45116354083829,-19.10036691543269
251,3,256,-26.35079662540467,52.70159325080934,-24.96912458727590,-1.381672038128777
251,4,256,-23.58745254914711,47.17490509829421,-12.23616865384964,-11.35128389529747
251,5,10,-.8848847585521533,1.769769517104307,-.4424423792760784,-.4424423792760749
252,1,784,.000000000000000,.000000000000000,-32.15221143601050,32.15221143601050
252,2,256,-64.30442287202006,128.6088457440401,-45.36952953320412,-18.93489333881596
252,3,256,-26.43463619438726,52.86927238877451,-25.10648786002733,-1.328148334359958
252,4,256,-23.77833952566737,47.55667905133475,-12.33776088699821,-11.44057863866914
252,5,10,-.8971822483290616,1.794364496658123,-.4485911241645277,-.4485911241645339
253,1,784,.000000000000000,.000000000000000,-32.31500063356806,32.31500063356806
253,2,256,-64.63000126713513,129.2600025342703,-45.34369695672048,-19.28630431041472
253,3,256,-26.05739264630486,52.11478529260971,-24.85486282527976,-1.202529821025089
253,4,256,-23.65233300425464,47.30466600850928,-12.31138614920685,-11.34094685504781
253,5,10,-.9704392941590405,1.940878588318081,-.4852196470795189,-.4852196470795215
254,1,784,.000000000000000,.000000000000000,-32.19157437807156,32.19157437807156
254,2,256,-64.38314875614226,128.7662975122845,-45.62272356679527,-18.76042518934695
254,3,256,-26.86229837744738,53.72459675489477,-25.12708032379014,-1.735218053657266
254,4,256,-23.39186227013288,46.78372454026575,-12.13777794839342,-11.25408432173945
254,5,10,-.8836936266539911,1.767387253307982,-.4418468133269957,-.4418468133269955
255,1,784,.000000000000000,.000000000000000,-32.36028460680340,32.36028460680340
255,2,256,-64.72056921360581,129.4411384272116,-45.44453163763717,-19.27603757596866
255,3,256,-26.16849406166759,52.33698812333518,-24.87133487508763,-1.297159186579957
255,4,256,-23.57417568850773,47.14835137701547,-12.23595861558327,-11.33821707292446
255,5,10,-.8977415426588208,1.795483085317642,-.4488707713294109,-.4488707713294099
256,1,784,.000000000000000,.000000000000000,-32.22139125099758,32.22139125099758
256,2,256,-64.44278250199426,128.8855650039885,-45.35825695233563,-19.08452554965872
256,3,256,-26.27373140267602,52.54746280535205,-25.04139860576355,-1.232332796912469
256,4,256,-23.80906580885108,47.61813161770217,-12.32129817322517,-11.48776763562591
256,5,10,-.8335305375992506,1.667061075198501,-.4167652687996260,-.4167652687996246
257,1,784,.000000000000000,.000000000000000,-32.33377263338001,32.33377263338001
257,2,256,-64.66754526675915,129.3350905335183,-45.44176048590796,-19.22578478085120
257,3,256,-26.21597570505586,52.43195141011172,-24.91536623362055,-1.300609471435320
257,4,256,-23.61475676218522,47.22951352437045,-12.22020342200969,-11.39455334017553
257,5,10,-.8256500818341567,1.651300163668313,-.4128250409170783,-.4128250409170782
258,1,784,.000000000000000,.000000000000000,-32.28309043639602,32.28309043639602
258,2,256,-64.56618087279111,129.1323617455822,-45.54580808144036,-19.02037279135072
258,3,256,-26.52543529008875,53.05087058017750,-24.96879076684721,-1.556644523241537
258,4,256,-23.41214624360569,46.82429248721137,-12.15564596072505,-11.25650028288063
258,5,10,-.8991456778444435,1.798291355688887,-.4495728389222206,-.4495728389222231
259,1,784,.000000000000000,.000000000000000,-32.21084801584681,32.21084801584681
259,2,256,-64.42169603169273,128.8433920633855,-45.50327670649931,-18.91841932519341
259,3,256,-26.58485738130501,53.16971476261003,-25.03571676646499,-1.549140614840042
259,4,256,-23.48657615162490,46.97315230324980,-12.21134537873897,-11.27523077288592
259,5,10,-.9361146058530178,1.872229211706036,-.4680573029265079,-.4680573029265099
260,1,784,.000000000000000,.000000000000000,-32.25079677811625,32.25079677811625
260,2,256,-64.50159355623155,129.0031871124631,-45.43444285814550,-19.06715069808604
260,3,256,-26.36729216005852,52.73458432011704,-25.00267620931013,-1.364615950748425
260,4,256,-23.63806025856169,47.27612051712339,-12.25133556034709,-11.38672469821460
260,5,10,-.8646108621325123,1.729221724265025,-.4323054310662551,-.4323054310662574
261,1,784,.000000000000000,.000000000000000,-32.42927913326594,32.42927913326594
261,2,256,-64.85855826653105,129.7171165330621,-45.44090421664126,-19.41765404988974
261,3,256,-26.02325016675070,52.04650033350140,-24.79513534821530,-1.228114818535410
261,4,256,-23.56702052967991,47.13404105935982,-12.21398011559992,-11.35304041407997
261,5,10,-.8609397015199427,1.721879403039885,-.4304698507599706,-.4304698507599722
262,1,784,.000000000000000,.000000000000000,-32.27610126503218,32.27610126503218
262,2,256,-64.55220253006345,129.1044050601269,-45.44518638378354,-19.10701614627997
262,3,256,-26.33817023750269,52.67634047500538,-24.94646854188665,-1.391701695616043
262,4,256,-23.55476684627063,47.10953369254127,-12.26338660553739,-11.29138024073326
262,5,10,-.9720063648041473,1.944012729608295,-.4860031824020725,-.4860031824020746
263,1,784,.000000000000000,.000000000000000,-32.02188960069400,32.02188960069400
263,2,256,-64.04377920138712,128.0875584027742,-45.19753971433835,-18.84623948704873
263,3,256,-26.35130022728871,52.70260045457743,-25.17131880712725,-1.179981420161462
263,4,256,-23.99133738696585,47.98267477393169,-12.49533767351505,-11.49599971345081
263,5,10,-.9993379600642421,1.998675920128484,-.4996689800321200,-.4996689800321221
264,1,784,.000000000000000,.000000000000000,-32.05298321007097,32.05298321007097
264,2,256,-64.10596642014107,128.2119328402821,-45.27463675173806,-18.83132966840299
264,3,256,-26.44330708333415,52.88661416666831,-25.21445106421728,-1.228856019116867
264,4,256,-23.98559504510044,47.97119009020088,-12.44618034109693,-11.53941470400350
264,5,10,-.9067656370934342,1.813531274186868,-.4533828185467156,-.4533828185467186
265,1,784,.000000000000000,.000000000000000,-32.29990973129128,32.29990973129128
265,2,256,-64.59981946258164,129.1996389251633,-45.42850234734184,-19.17131711523978
265,3,256,-26.25718523210114,52.51437046420229,-24.94456503568150,-1.312620196419658
265,4,256,-23.63194483926175,47.26388967852349,-12.23983872013657,-11.39210611912517
265,5,10,-.8477326010113626,1.695465202022725,-.4238663005056823,-.4238663005056802
266,1,784,.000000000000000,.000000000000000,-32.30318581198154,32.30318581198154
266,2,256,-64.60637162396222,129.2127432479244,-45.46002953736076,-19.14634208660144
266,3,256,-26.31368745075845,52.62737490151691,-24.95466877284796,-1.359018677910511
266,4,256,-23.59565009493745,47.19130018987489,-12.21076650459816,-11.38488359033929
266,5,10,-.8258829142588793,1.651765828517759,-.4129414571294393,-.4129414571294402
267,1,784,.000000000000000,.000000000000000,-32.00405601963000,32.00405601963000
267,2,256,-64.00811203925909,128.0162240785182,-45.24732678821552,-18.76078525104358
267,3,256,-26.48654153717103,52.97308307434206,-25.27530647849838,-1.211235058672670
267,4,256,-24.06407141982571,48.12814283965142,-12.48474153319168,-11.57932988663402
267,5,10,-.9054116465576424,1.810823293115285,-.4527058232788205,-.4527058232788219
268,1,784,.000000000000000,.000000000000000,-32.41789487315452,32.41789487315452
268,2,256,-64.83578974630802,129.6715794926160,-45.61077302669156,-19.22501671961653
268,3,256,-26.38575630707415,52.77151261414829,-24.85238736745854,-1.533368939615614
268,4,256,-23.31901842784290,46.63803685568580,-12.07947121558486,-11.23954721225807
268,5,10,-.8399240033268058,1.679848006653612,-.4199620016634026,-.4199620016634032
269,1,784,.000000000000000,.000000000000000,-32.02968235617317,32.02968235617317
269,2,256,-64.05936471234541,128.1187294246908,-45.18657948697517,-18.87278522537024
269,3,256,-26.31379426160403,52.62758852320806,-25.17975907473190,-1.134035186872139
269,4,256,-24.04572388785975,48.09144777571950,-12.49499478534168,-11.55072910251806
269,5,10,-.9442656828236031,1.888531365647206,-.4721328414118017,-.4721328414118015
270,1,784,.000000000000000,.000000000000000,-32.42644530614752,32.42644530614752
270,2,256,-64.85289061229415,129.7057812245883,-45.42216630024394,-19.43072431205021
270,3,256,-25.99144198819288,51.98288397638576,-24.78022746906042,-1.211214519132461
270,4,256,-23.56901294992799,47.13802589985598,-12.21432452962272,-11.35468842030529
270,5,10,-.8596361093174523,1.719272218634905,-.4298180546587256,-.4298180546587267
271,1,784,.000000000000000,.000000000000000,-32.46041616150740,32.46041616150740
271,2,256,-64.92083232301377,129.8416646460275,-45.63828339042849,-19.28254893258530
271,3,256,-26.35573445784232,52.71146891568464,-24.78406749261108,-1.571666965231268
271,4,256,-23.21240052737984,46.42480105475968,-12.04794623722340,-11.16445429015643
271,5,10,-.8834919470669717,1.766983894133943,-.4417459735334870,-.4417459735334845
272,1,784,.000000000000000,.000000000000000,-32.16654983776956,32.16654983776956
272,2,256,-64.33309967553832,128.6661993510766,-45.30535604166921,-19.02774363386909
272,3,256,-26.27761240779918,52.55522481559836,-25.07706492592223,-1.200547481876965
272,4,256,-23.87651744404522,47.75303488809045,-12.38918006661411,-11.48733737743112
272,5,10,-.9018426891830045,1.803685378366009,-.4509213445914994,-.4509213445915048
273,1,784,.000000000000000,.000000000000000,-32.35476768215955,32.35476768215955
273,2,256,-64.70953536431824,129.4190707286365,-45.46758100007295,-19.24195436424530
273,3,256,-26.22562663582680,52.45125327165359,-24.88618143457910,-1.339445201247710
273,4,256,-23.54673623333143,47.09347246666285,-12.22054101757521,-11.32619521575621
273,5,10,-.8943458018190047,1.788691603638009,-.4471729009095045,-.4471729009095002
274,1,784,.000000000000000,.000000000000000,-32.14354859925721,32.14354859925721
274,2,256,-64.28709719851355,128.5741943970271,-45.48928406491475,-18.79781313359879
274,3,256,-26.69147093131507,53.38294186263013,-25.18247135462684,-1.508999576688228
274,4,256,-23.67347177793863,47.34694355587725,-12.25950036922364,-11.41397140871499
274,5,10,-.8455289605086600,1.691057921017320,-.4227644802543286,-.4227644802543314
275,1,784,.000000000000000,.000000000000000,-32.27167974477148,32.27167974477148
275,2,256,-64.54335948954213,129.0867189790843,-45.59299755043420,-18.95036193910790
275,3,256,-26.64263561132547,53.28527122265093,-24.97452634650915,-1.668109264816330
275,4,256,-23.30641708169281,46.61283416338563,-12.11257862293778,-11.19383845875504
275,5,10,-.9187401641827420,1.837480328365484,-.4593700820913717,-.4593700820913703
276,1,784,.000000000000000,.000000000000000,-32.22287374161634,32.22287374161634
276,2,256,-64.44574748323170,128.8914949664634,-45.41499033098007,-19.03075715225160
276,3,256,-26.38423317872759,52.76846635745518,-25.00967710311407,-1.374556075613513
276,4,256,-23.63512102750058,47.27024205500117,-12.27295543610719,-11.36216559139339
276,5,10,-.9107898447137933,1.821579689427587,-.4553949223568953,-.4553949223568979
277,1,784,.000000000000000,.000000000000000,-32.14786673000155,32.14786673000155
277,2,256,-64.29573346000225,128.5914669200045,-45.25466681162519,-19.04106664837703
277,3,256,-26.21360016324725,52.42720032649450,-25.05628696194617,-1.157313201301065
277,4,256,-23.89897376064513,47.79794752129025,-12.42139713440456,-11.47757662624057
277,5,10,-.9438205081639686,1.887641016327937,-.4719102540819847,-.4719102540819837
278,1,784,.000000000000000,.000000000000000,-32.23776261562308,32.23776261562308
278,2,256,-64.47552523124520,128.9510504624904,-45.34941883605115,-19.12610639519406
278,3,256,-26.22331244085618,52.44662488171236,-24.90282366552415,-1.320488775332057
278,4,256,-23.58233489019208,47.16466978038417,-12.32931404757490,-11.25302084261718
278,5,10,-1.076293204957679,2.152586409915359,-.5381466024788401,-.5381466024788395
279,1,784,.000000000000000,.000000000000000,-32.19311531590595,32.19311531590595
279,2,256,-64.38623063181099,128.7724612636220,-45.43041331299246,-18.95581731881856
279,3,256,-26.47459599417292,52.94919198834585,-25.08732284600422,-1.387273148168705
279,4,256,-23.70004969783548,47.40009939567096,-12.28398597803659,-11.41606371979890
279,5,10,-.8679222582376762,1.735844516475352,-.4339611291188389,-.4339611291188373
280,1,784,.000000000000000,.000000000000000,-32.17865572660453,32.17865572660453
280,2,256,-64.35731145320815,128.7146229064163,-45.41395321273711,-18.94335824047110
280,3,256,-26.47059497226521,52.94118994453043,-25.04257946839314,-1.428015503872074
280,4,256,-23.61456396452107,47.22912792904215,-12.26975904936259,-11.34480491515849
280,5,10,-.9249541342040776,1.849908268408155,-.4624770671020393,-.4624770671020382
281,1,784,.000000000000000,.000000000000000,-32.56708397689248,32.56708397689248
281,2,256,-65.13416795378409,130.2683359075682,-45.68110135338173,-19.45306660040236
281,3,256,-26.22803475297854,52.45606950595709,-24.70412756932016,-1.523907183658372
281,4,256,-23.18022038566180,46.36044077132361,-12.01474429606355,-11.16547608959825
281,5,10,-.8492682064653130,1.698536412930626,-.4246341032326567,-.4246341032326564
282,1,784,.000000000000000,.000000000000000,-32.14120591875229,32.14120591875229
282,2,256,-64.28241183750376,128.5648236750075,-45.22164050990364,-19.06077132760011
282,3,256,-26.16086918230262,52.32173836460524,-25.06569227063807,-1.095176911664577
282,4,256,-23.97051535897348,47.94103071794696,-12.43210883031658,-11.53840652865692
282,5,10,-.8937023016596818,1.787404603319364,-.4468511508298416,-.4468511508298402
283,1,784,.000000000000000,.000000000000000,-32.09764145839387,32.09764145839387
283,2,256,-64.19528291678687,128.3905658335737,-45.18001507971628,-19.01526783707058
283,3,256,-26.16474724264485,52.32949448528970,-25.09545946603966,-1.069287776605221
283,4,256,-24.02617168943438,48.05234337886877,-12.50683439040932,-11.51933729902508
283,5,10,-.9874970913841863,1.974994182768373,-.4937485456920940,-.4937485456920923
284,1,784,.000000000000000,.000000000000000,-32.18536336232550,32.18536336232550
284,2,256,-64.37072672464998,128.7414534493000,-45.37504923802042,-18.99567748662960
284,3,256,-26.37937175138987,52.75874350277974,-25.02735736056922,-1.352014390820649
284,4,256,-23.67534296974855,47.35068593949709,-12.32865827080813,-11.34668469894042
284,5,10,-.9819735718677121,1.963947143735424,-.4909867859338548,-.4909867859338574
285,1,784,.000000000000000,.000000000000000,-32.36535511267972,32.36535511267972
285,2,256,-64.73071022535856,129.4614204507171,-45.43411025472604,-19.29659997063257
285,3,256,-26.13751028409262,52.27502056818525,-24.87653634375196,-1.260973940340669
285,4,256,-23.61556240341129,47.23112480682258,-12.22918856304185,-11.38637384036943
285,5,10,-.8428147226724205,1.685629445344841,-.4214073613362103,-.4214073613362103
286,1,784,.000000000000000,.000000000000000,-32.16534615504525,32.16534615504525
286,2,256,-64.33069231008969,128.6613846201794,-45.17574598522707,-19.15494632486262
286,3,256,-26.02079966036360,52.04159932072719,-25.05326566746817,-.9675339928954281
286,4,256,-24.08573167457276,48.17146334914552,-12.48367533464637,-11.60205633992637
286,5,10,-.8816189947199896,1.763237989439979,-.4408094973599918,-.4408094973599978
287,1,784,.000000000000000,.000000000000000,-32.22551222601130,32.22551222601130
287,2,256,-64.45102445202178,128.9020489040436,-45.19280586108023,-19.25821859094155
287,3,256,-25.93458727013786,51.86917454027571,-24.96039232608107,-.9741949440567632
287,4,256,-23.98619738202442,47.97239476404884,-12.43700125860102,-11.54919612342339
287,5,10,-.8878051351776898,1.775610270355380,-.4439025675888442,-.4439025675888454
288,1,784,.000000000000000,.000000000000000,-32.18463836928530,32.18463836928530
288,2,256,-64.36927673856979,128.7385534771396,-45.39946437061497,-18.96981236795481
288,3,256,-26.42965200265934,52.85930400531868,-25.09231796358048,-1.337334039078845
288,4,256,-23.75498392450164,47.50996784900328,-12.31253553184610,-11.44244839265557
288,5,10,-.8700871391905449,1.740174278381090,-.4350435695952709,-.4350435695952741
289,1,784,.000000000000000,.000000000000000,-32.18715496010574,32.18715496010574
289,2,256,-64.37430992021065,128.7486198404213,-45.33113865483440,-19.04317126537625
289,3,256,-26.28796738945734,52.57593477891468,-25.04369334312835,-1.244274046328984
289,4,256,-23.79941929679938,47.59883859359876,-12.34569022793689,-11.45372906886250
289,5,10,-.8919611590744179,1.783922318148836,-.4459805795372090,-.4459805795372089
290,1,784,.000000000000000,.000000000000000,-32.14904434668927,32.14904434668927
290,2,256,-64.29808869337764,128.5961773867553,-45.31704611790544,-18.98104257547222
290,3,256,-26.33600354243239,52.67200708486477,-25.07491880572829,-1.261084736704081
290,4,256,-23.81383406902423,47.62766813804846,-12.36417504870906,-11.44965902031516
290,5,10,-.9145160283938785,1.829032056787757,-.4572580141969410,-.4572580141969375
291,1,784,.000000000000000,.000000000000000,-32.27128708316015,32.27128708316015
291,2,256,-64.54257416631944,129.0851483326389,-45.35746890239908,-19.18510526392034
291,3,256,-26.17236363847781,52.34472727695562,-24.98023709604029,-1.192126542437506
291,4,256,-23.78811055360280,47.57622110720560,-12.30704280090558,-11.48106775269723
291,5,10,-.8259750482083845,1.651950096416769,-.4129875241041936,-.4129875241041910
292,1,784,.000000000000000,.000000000000000,-32.12146223184121,32.12146223184121
292,2,256,-64.24292446368162,128.4858489273632,-45.27435383733437,-18.96857062634725
292,3,256,-26.30578321098623,52.61156642197247,-25.10524669777826,-1.200536513207974
292,4,256,-23.90471018457024,47.80942036914048,-12.41623598265289,-11.48847420191734
292,5,10,-.9277617807355041,1.855523561471008,-.4638808903677537,-.4638808903677505
293,1,784,.000000000000000,.000000000000000,-32.38092550109144,32.38092550109144
293,2,256,-64.76185100218193,129.5237020043639,-45.34480002339377,-19.41705097878816
293,3,256,-25.92774904460473,51.85549808920945,-24.81719977153559,-1.110549273069128
293,4,256,-23.70665049846643,47.41330099693285,-12.29814118914498,-11.40850930932146
293,5,10,-.8896318798235127,1.779263759647025,-.4448159399117556,-.4448159399117571
294,1,784,.000000000000000,.000000000000000,-32.15165560171260,32.15165560171260
294,2,256,-64.30331120342420,128.6066224068484,-45.39808125613556,-18.90522994728865
294,3,256,-26.49285130884593,52.98570261769186,-25.08253222216339,-1.410319086682553
294,4,256,-23.67221313548078,47.34442627096157,-12.30547193472209,-11.36674120075871
294,5,10,-.9387307339633831,1.877461467926766,-.4693653669816906,-.4693653669816924
295,1,784,.000000000000000,.000000000000000,-32.24405124746431,32.24405124746431
295,2,256,-64.48810249492782,128.9762049898556,-45.41050574356012,-19.07759675136765
295,3,256,-26.33290899219158,52.66581798438316,-24.97377870874622,-1.359130283445350
295,4,256,-23.61464842530094,47.22929685060188,-12.27215994306019,-11.34248848224075
295,5,10,-.9296714608194895,1.859342921638979,-.4648357304097437,-.4648357304097457
296,1,784,.000000000000000,.000000000000000,-32.11181236358298,32.11181236358298
296,2,256,-64.22362472716507,128.4472494543301,-45.25385981767667,-18.96976490948840
296,3,256,-26.28409490818742,52.56818981637485,-25.16632414046045,-1.117770767726997
296,4,256,-24.04855337273346,48.09710674546692,-12.44352437409794,-11.60502899863554
296,5,10,-.8384953754624056,1.676990750924811,-.4192476877312035,-.4192476877312021
297,1,784,.000000000000000,.000000000000000,-32.43037420441757,32.43037420441757
297,2,256,-64.86074840883423,129.7214968176685,-45.57781574793398,-19.28293266090031
297,3,256,-26.29488308703276,52.58976617406552,-24.84159970583041,-1.453283381202359
297,4,256,-23.38831632462807,46.77663264925614,-12.10575011474818,-11.28256620987990
297,5,10,-.8231839048682766,1.646367809736553,-.4115919524341371,-.4115919524341395
298,1,784,.000000000000000,.000000000000000,-32.13744910521940,32.13744910521940
298,2,256,-64.27489821043784,128.5497964208757,-45.43340247009491,-18.84149574034292
298,3,256,-26.59190672975106,53.18381345950213,-25.11224883090630,-1.479657898844761
298,4,256,-23.63259093206153,47.26518186412306,-12.27402529924443,-11.35856563281711
298,5,10,-.9154596664273549,1.830919332854710,-.4577298332136769,-.4577298332136780
299,1,784,.000000000000000,.000000000000000,-32.42336062756427,32.42336062756427
299,2,256,-64.84672125512765,129.6934425102553,-45.50655292200168,-19.34016833312600
299,3,256,-26.16638458887478,52.33276917774957,-24.78911891403670,-1.377265674838100
299,4,256,-23.41185323919862,46.82370647839724,-12.15906515686689,-11.25278808233173
299,5,10,-.9062770745351514,1.812554149070303,-.4531385372675764,-.4531385372675751
300,1,784,.000000000000000,.000000000000000,-32.22632057517322,32.22632057517322
300,2,256,-64.45264115034547,128.9052823006909,-45.41208185816166,-19.04055929218381
300,3,256,-26.37152256597699,52.74304513195398,-25.03317568564263,-1.338346880334344
300,4,256,-23.69482880530829,47.38965761061658,-12.27014948184204,-11.42467932346624
300,5,10,-.8454701583758000,1.690940316751600,-.4227350791878972,-.4227350791879028
301,1,784,.000000000000000,.000000000000000,-32.20407433147342,32.20407433147342
301,2,256,-64.40814866294599,128.8162973258920,-45.39326850068707,-19.01488016225892
301,3,256,-26.37838833842723,52.75677667685446,-25.06460500448850,-1.313783333938733
301,4,256,-23.75082167054979,47.50164334109957,-12.32522341396791,-11.42559825658189
301,5,10,-.8996251573860635,1.799250314772127,-.4498125786930309,-.4498125786930326
302,1,784,.000000000000000,.000000000000000,-32.19698896868691,32.19698896868691
302,2,256,-64.39397793737295,128.7879558747459,-45.42743271217063,-18.96654522520233
302,3,256,-26.46088748696740,52.92177497393480,-25.03693073814459,-1.423956748822814
302,4,256,-23.61297398932181,47.22594797864362,-12.27449855444117,-11.33847543488063
302,5,10,-.9360231195605511,1.872046239121102,-.4680115597802769,-.4680115597802743
303,1,784,.000000000000000,.000000000000000,-32.10446100167747,32.10446100167747
303,2,256,-64.20892200335403,128.4178440067081,-45.27289845253255,-18.93602355082145
303,3,256,-26.33687490171021,52.67374980342043,-25.14965230443559,-1.187222597274618
303,4,256,-23.96242970716100,47.92485941432199,-12.43050965000377,-11.53192005715721
303,5,10,-.8985895928465687,1.797179185693137,-.4492947964232848,-.4492947964232839
304,1,784,.000000000000000,.000000000000000,-32.23858098007705,32.23858098007705
304,2,256,-64.47716196015318,128.9543239203064,-45.32466528692903,-19.15249667322423
304,3,256,-26.17216861370391,52.34433722740782,-25.01947478131572,-1.152693832388183
304,4,256,-23.86678094892755,47.73356189785510,-12.34634658390586,-11.52043436502170
304,5,10,-.8259122188841868,1.651824437768374,-.4129561094420954,-.4129561094420913
305,1,784,.000000000000000,.000000000000000,-32.39308675128156,32.39308675128156
305,2,256,-64.78617350256225,129.5723470051245,-45.46867791164853,-19.31749559091367
305,3,256,-26.15118232073403,52.30236464146806,-24.82402401187055,-1.327158308863479
305,4,256,-23.49686570300709,46.99373140601418,-12.19741846021172,-11.29944724279537
305,5,10,-.8979712174163452,1.795942434832690,-.4489856087081734,-.4489856087081719
306,1,784,.000000000000000,.000000000000000,-32.16320503012692,32.16320503012692
306,2,256,-64.32641006025298,128.6528201205060,-45.31542520614754,-19.01098485410546
306,3,256,-26.30444035204122,52.60888070408243,-25.06527100022388,-1.239169351817328
306,4,256,-23.82610164840654,47.65220329681308,-12.37397512372731,-11.45212652467923
306,5,10,-.9218485990480657,1.843697198096131,-.4609242995240329,-.4609242995240329
307,1,784,.000000000000000,.000000000000000,-32.27361090439486,32.27361090439486
307,2,256,-64.54722180878889,129.0944436175778,-45.44183898891978,-19.10538281986914
307,3,256,-26.33645616904975,52.67291233809950,-24.97193251332873,-1.364523655720999
307,4,256,-23.60740885760774,47.21481771521548,-12.26137895837184,-11.34602989923590
307,5,10,-.9153490591359319,1.830698118271864,-.4576745295679662,-.4576745295679655
308,1,784,.000000000000000,.000000000000000,-32.31102332303277,32.31102332303277
308,2,256,-64.62204664606472,129.2440932921294,-45.69252340115690,-18.92952324490780
308,3,256,-26.76300015624824,53.52600031249648,-24.97405295442450,-1.788947201823736
308,4,256,-23.18510575260080,46.37021150520160,-12.04684444001023,-11.13826131259055
308,5,10,-.9085831274196743,1.817166254839349,-.4542915637098358,-.4542915637098387
309,1,784,.000000000000000,.000000000000000,-32.33847757171250,32.33847757171250
309,2,256,-64.67695514342421,129.3539102868484,-45.48242464554824,-19.19453049787593
309,3,256,-26.28789414767144,52.57578829534288,-24.88578452154027,-1.402109626131187
309,4,256,-23.48367489540907,46.96734979081815,-12.20574097783687,-11.27793391757220
309,5,10,-.9278070602646756,1.855614120529351,-.4639035301323364,-.4639035301323393
310,1,784,.000000000000000,.000000000000000,-32.37936205871093,32.37936205871093
310,2,256,-64.75872411742095,129.5174482348419,-45.38251324819147,-19.37621086922952
310,3,256,-26.00630237896105,52.01260475792211,-24.84596944755768,-1.160332931403357
310,4,256,-23.68563651615430,47.37127303230859,-12.26806207258174,-11.41757444357258
310,5,10,-.8504876290091665,1.700975258018333,-.4252438145045813,-.4252438145045853
311,1,784,.000000000000000,.000000000000000,-32.45853863371763,32.45853863371763
311,2,256,-64.91707726743435,129.8341545348687,-45.50914498771586,-19.40793227971843
311,3,256,-26.10121270799648,52.20242541599297,-24.75539731364471,-1.345815394351797
311,4,256,-23.40958191929288,46.81916383858577,-12.13468858750214,-11.27489333179076
311,5,10,-.8597952557113726,1.719590511422745,-.4298976278556866,-.4298976278556861
312,1,784,.000000000000000,.000000000000000,-32.28475128619061,32.28475128619061
312,2,256,-64.56950257238032,129.1390051447606,-45.48667509549333,-19.08282747688704
312,3,256,-26.40384761860539,52.80769523721078,-24.97646018802617,-1.427387430579201
312,4,256,-23.54907275744698,47.09814551489396,-12.20169352528201,-11.34737923216499
312,5,10,-.8543142931170381,1.708628586234076,-.4271571465585215,-.4271571465585167
313,1,784,.000000000000000,.000000000000000,-32.05416947012802,32.05416947012802
313,2,256,-64.10833894025515,128.2166778805103,-45.47223522247987,-18.63610371777524
313,3,256,-26.83613150470373,53.67226300940746,-25.21998984121795,-1.616141663485774
313,4,256,-23.60384817773213,47.20769635546426,-12.28893100560362,-11.31491717212852
313,5,10,-.9740138334750890,1.948027666950178,-.4870069167375429,-.4870069167375460
314,1,784,.000000000000000,.000000000000000,-32.23238189408086,32.23238189408086
314,2,256,-64.46476378816079,128.9295275763216,-45.44989624826326,-19.01486753989754
314,3,256,-26.43502870836490,52.87005741672981,-25.03577649157474,-1.399252216790171
314,4,256,-23.63652427478458,47.27304854956915,-12.23737599390760,-11.39914828087700
314,5,10,-.8382277130306087,1.676455426061217,-.4191138565153069,-.4191138565153019
315,1,784,.000000000000000,.000000000000000,-32.15692044153912,32.15692044153912
315,2,256,-64.31384088307735,128.6276817661547,-45.61975858553792,-18.69408229753943
315,3,256,-26.92567628799756,53.85135257599512,-25.17552025431086,-1.750156033686706
315,4,256,-23.42536422062412,46.85072844124824,-12.11903321562995,-11.30633100499417
315,5,10,-.8127022106357544,1.625404421271509,-.4063511053178775,-.4063511053178770
316,1,784,.000000000000000,.000000000000000,-32.17509758197078,32.17509758197078
316,2,256,-64.35019516394065,128.7003903278813,-45.49619386471467,-18.85400129922606
316,3,256,-26.64219256548778,53.28438513097555,-25.12141034654003,-1.520782218947759
316,4,256,-23.60062812759231,47.20125625518462,-12.22676152599169,-11.37386660160063
316,5,10,-.8528949243910927,1.705789848782185,-.4264474621955460,-.4264474621955466
317,1,784,.000000000000000,.000000000000000,-32.38137111214451,32.38137111214451
317,2,256,-64.76274222428813,129.5254844485763,-45.46701768246795,-19.29572454182022
317,3,256,-26.17129314064678,52.34258628129356,-24.86034398427309,-1.310949156373724
317,4,256,-23.54939482789934,47.09878965579868,-12.19099780150190,-11.35839702639744
317,5,10,-.8326007751044668,1.665201550208934,-.4163003875522334,-.4163003875522335
318,1,784,.000000000000000,.000000000000000,-32.29828120339662,32.29828120339662
318,2,256,-64.59656240679239,129.1931248135848,-45.44401982053167,-19.15254258626078
318,3,256,-26.29147723427007,52.58295446854014,-24.94258172368431,-1.348895510585757
318,4,256,-23.59368621309855,47.18737242619709,-12.21932963289520,-11.37435658020334
318,5,10,-.8449730526918420,1.689946105383684,-.4224865263459196,-.4224865263459225
319,1,784,.000000000000000,.000000000000000,-32.32596195571381,32.32596195571381
319,2,256,-64.65192391142676,129.3038478228535,-45.51982145911889,-19.13210245230785
319,3,256,-26.38771900681017,52.77543801362035,-24.90254790315436,-1.485171103655803
319,4,256,-23.41737679949853,46.83475359899707,-12.14807729334217,-11.26929950615638
319,5,10,-.8787777871857624,1.757555574371525,-.4393888935928826,-.4393888935928799
320,1,784,.000000000000000,.000000000000000,-32.18291155313317,32.18291155313317
320,2,256,-64.36582310626545,128.7316462125309,-45.24459689939121,-19.12122620687424
320,3,256,-26.12337069251608,52.24674138503215,-25.03616697677209,-1.087203715743976
320,4,256,-23.94896326102812,47.89792652205623,-12.42882560200533,-11.52013765902279
320,5,10,-.9086879429825401,1.817375885965080,-.4543439714912680,-.4543439714912721
321,1,784,.000000000000000,.000000000000000,-32.22586199456857,32.22586199456857
321,2,256,-64.45172398913640,128.9034479782728,-45.39320575978449,-19.05851822935183
321,3,256,-26.33468753043183,52.66937506086365,-25.01590425010277,-1.318783280329052
321,4,256,-23.69712096977376,47.39424193954751,-12.32142829336082,-11.37569267641293
321,5,10,-.9457356169478914,1.891471233895783,-.4728678084739460,-.4728678084739453
322,1,784,.000000000000000,.000000000000000,-32.12305267661984,32.12305267661984
322,2,256,-64.24610535323883,128.4922107064777,-45.56419357854260,-18.68191177469618
322,3,256,-26.88228180384554,53.76456360769109,-25.15783382044366,-1.724447983401877
322,4,256,-23.43338583704177,46.86677167408354,-12.17058763092582,-11.26279820611596
322,5,10,-.9077894248098386,1.815578849619677,-.4538947124049214,-.4538947124049172
323,1,784,.000000000000000,.000000000000000,-32.40844041949282,32.40844041949282
323,2,256,-64.81688083898474,129.6337616779695,-45.55056455943877,-19.26631627954595
323,3,256,-26.28424827989191,52.56849655978382,-24.80004184113973,-1.484206438752182
323,4,256,-23.31583540238756,46.63167080477512,-12.14196166463539,-11.17387373775215
323,5,10,-.9680879268832229,1.936175853766446,-.4840439634416107,-.4840439634416124
324,1,784,.000000000000000,.000000000000000,-32.35791498263319,32.35791498263319
324,2,256,-64.71582996526553,129.4316599305311,-45.46672536380292,-19.24910460146257
324,3,256,-26.21762076233949,52.43524152467899,-24.85742293428741,-1.360197828052089
324,4,256,-23.49722510623528,46.99445021247055,-12.21855043069507,-11.27867467554021
324,5,10,-.9398757551548408,1.879751510309682,-.4699378775774223,-.4699378775774186
325,1,784,.000000000000000,.000000000000000,-32.22474567586443,32.22474567586443
325,2,256,-64.44949135172794,128.8989827034559,-45.23606852259649,-19.21342282913139
325,3,256,-26.02264569346420,52.04529138692839,-24.94719985097583,-1.075445842488361
325,4,256,-23.87175400848748,47.74350801697496,-12.42438990434512,-11.44736410414236
325,5,10,-.9770258002027770,1.954051600405554,-.4885129001013876,-.4885129001013894
326,1,784,.000000000000000,.000000000000000,-32.33864095993427,32.33864095993427
326,2,256,-64.67728191986770,129.3545638397354,-45.45954463666636,-19.21773728320131
326,3,256,-26.24180735346422,52.48361470692844,-24.89469093087355,-1.347116422590653
326,4,256,-23.54757450828287,47.09514901656573,-12.22853432162020,-11.31904018666268
326,5,10,-.9094941349574964,1.818988269914993,-.4547470674787484,-.4547470674787480
327,1,784,.000000000000000,.000000000000000,-32.21863058961502,32.21863058961502
327,2,256,-64.43726117922908,128.8745223584582,-45.42301102337507,-19.01425015585399
327,3,256,-26.40876086752014,52.81752173504027,-25.01324795311785,-1.395512914402251
327,4,256,-23.61773503871557,47.23547007743113,-12.25882157259595,-11.35891346611963
327,5,10,-.8999081064762987,1.799816212952597,-.4499540532381485,-.4499540532381501
328,1,784,.000000000000000,.000000000000000,-32.15590875229535,32.15590875229535
328,2,256,-64.31181750458985,128.6236350091797,-45.36942365311155,-18.94239385147834
328,3,256,-26.42702980163230,52.85405960326460,-25.11491416298935,-1.312115638642935
328,4,256,-23.80279852434639,47.60559704869278,-12.33910131705736,-11.46369720728903
328,5,10,-.8754041097683045,1.750808219536609,-.4377020548841521,-.4377020548841524
329,1,784,.000000000000000,.000000000000000,-32.31277247004187,32.31277247004187
329,2,256,-64.62554494008283,129.2510898801657,-45.53446213532278,-19.09108280476004
329,3,256,-26.44337933056186,52.88675866112373,-24.94381560958597,-1.499563720975886
329,4,256,-23.44425188861005,46.88850377722009,-12.17142944307553,-11.27282244553454
329,5,10,-.8986069975409938,1.797213995081988,-.4493034987704961,-.4493034987704975
330,1,784,.000000000000000,.000000000000000,-32.45002556810238,32.45002556810238
330,2,256,-64.90005113620388,129.8001022724078,-45.47262683024752,-19.42742430595637
330,3,256,-26.04520252429027,52.09040504858055,-24.73537995021763,-1.309822574072632
330,4,256,-23.42555737614498,46.85111475228995,-12.17049939805251,-11.25505797809248
330,5,10,-.9154414199600225,1.830882839920045,-.4577207099800105,-.4577207099800120
331,1,784,.000000000000000,.000000000000000,-32.13293953270487,32.13293953270487
331,2,256,-64.26587906540885,128.5317581308177,-45.27938370849211,-18.98649535691682
331,3,256,-26.29288835157443,52.58577670314885,-25.12823766543150,-1.164650686142949
331,4,256,-23.96358697928849,47.92717395857699,-12.42200847924168,-11.54157850004680
331,5,10,-.8804299791948383,1.760859958389677,-.4402149895974207,-.4402149895974176
332,1,784,.000000000000000,.000000000000000,-32.23478432360532,32.23478432360532
332,2,256,-64.46956864720973,128.9391372944195,-45.47099298699374,-18.99857566021599
332,3,256,-26.47241732677692,52.94483465355384,-24.97305941305424,-1.499357913722678
332,4,256,-23.47370149933160,46.94740299866321,-12.22937440206964,-11.24432709726199
332,5,10,-.9850473048076904,1.970094609615381,-.4925236524038445,-.4925236524038458
333,1,784,.000000000000000,.000000000000000,-32.17379605380126,32.17379605380126
333,2,256,-64.34759210760166,128.6951842152033,-45.35353737036162,-18.99405473723997
333,3,256,-26.35948263312086,52.71896526624171,-25.09372853359965,-1.265754099521209
333,4,256,-23.82797443407845,47.65594886815689,-12.34161907295448,-11.48635536112395
333,5,10,-.8552637118305233,1.710527423661047,-.4276318559152641,-.4276318559152593
334,1,784,.000000000000000,.000000000000000,-32.34522945699401,32.34522945699401
334,2,256,-64.69045891398716,129.3809178279743,-45.53470017349976,-19.15575874048739
334,3,256,-26.37894143301152,52.75788286602304,-24.93128157613647,-1.447659856875027
334,4,256,-23.48362171926139,46.96724343852277,-12.17077970077861,-11.31284201848281
334,5,10,-.8579376822957900,1.715875364591580,-.4289688411478947,-.4289688411478955
335,1,784,.000000000000000,.000000000000000,-32.36979708758583,32.36979708758583
335,2,256,-64.73959417517092,129.4791883503418,-45.35494644902622,-19.38464772614466
335,3,256,-25.97029872288074,51.94059744576148,-24.79062599291394,-1.179672729966794
335,4,256,-23.61095326294711,47.22190652589422,-12.30956513093100,-11.30138813201612
335,5,10,-1.008176998914826,2.016353997829651,-.5040884994574139,-.5040884994574120
336,1,784,.000000000000000,.000000000000000,-32.31013275900094,32.31013275900094
336,2,256,-64.62026551800098,129.2405310360020,-45.51175286972838,-19.10851264827267
336,3,256,-26.40324022145481,52.80648044290962,-24.93146736454604,-1.471772856908744
336,4,256,-23.45969450763728,46.91938901527457,-12.16319537204543,-11.29649913559186
336,5,10,-.8666962364535564,1.733392472907113,-.4333481182267779,-.4333481182267784
337,1,784,.000000000000000,.000000000000000,-32.45491891895837,32.45491891895837
337,2,256,-64.90983783791587,129.8196756758317,-45.51679142876476,-19.39304640915110
337,3,256,-26.12374501961277,52.24749003922555,-24.77861747339123,-1.345127546221544
337,4,256,-23.43348992716964,46.86697985433928,-12.14923942454398,-11.28425050262568
337,5,10,-.8649889219182787,1.729977843836557,-.4324944609591401,-.4324944609591386
338,1,784,.000000000000000,.000000000000000,-32.08979366202710,32.08979366202710
338,2,256,-64.17958732405341,128.3591746481068,-45.49446498022915,-18.68512234382421
338,3,256,-26.80934263640406,53.61868527280812,-25.19432780991345,-1.615014826490624
338,4,256,-23.57931298342280,47.15862596684559,-12.22989102528672,-11.34942195813609
338,5,10,-.8804690671506263,1.760938134301253,-.4402345335753116,-.4402345335753147
339,1,784,.000000000000000,.000000000000000,-32.16964978134411,32.16964978134411
339,2,256,-64.33929956268736,128.6785991253747,-45.27594787786108,-19.06335168482632
339,3,256,-26.21259619303395,52.42519238606791,-25.05180868752487,-1.160787505509073
339,4,256,-23.89102118201581,47.78204236403162,-12.39099588946004,-11.50002529255577
339,5,10,-.8909705969042897,1.781941193808579,-.4454852984521463,-.4454852984521434
340,1,784,.000000000000000,.000000000000000,-32.03145063384994,32.03145063384994
340,2,256,-64.06290126769910,128.1258025353982,-45.28441204099558,-18.77848922670351
340,3,256,-26.50592281429122,53.01184562858244,-25.30297536422783,-1.202947450063382
340,4,256,-24.10002791416441,48.20005582832883,-12.47481874861970,-11.62520916554474
340,5,10,-.8496095830749504,1.699219166149901,-.4248047915374755,-.4248047915374747
341,1,784,.000000000000000,.000000000000000,-32.09939833551914,32.09939833551914
341,2,256,-64.19879667103740,128.3975933420748,-45.30483213378830,-18.89396453724913
341,3,256,-26.41086759653822,52.82173519307644,-25.14169968881577,-1.269167907722473
341,4,256,-23.87253178109325,47.74506356218651,-12.39417222479519,-11.47835955629807
341,5,10,-.9158126684970948,1.831625336994190,-.4579063342485464,-.4579063342485483
342,1,784,.000000000000000,.000000000000000,-32.06447628131910,32.06447628131910
342,2,256,-64.12895256263734,128.2579051252747,-45.36190029054844,-18.76705227208885
342,3,256,-26.59484801845868,53.18969603691735,-25.18067043826631,-1.414177580192361
342,4,256,-23.76649285807393,47.53298571614786,-12.36482828974043,-11.40166456833351
342,5,10,-.9631637214069150,1.926327442813830,-.4815818607034583,-.4815818607034566
343,1,784,.000000000000000,.000000000000000,-32.26755458936186,32.26755458936186
343,2,256,-64.53510917872292,129.0702183574458,-45.36490721990462,-19.17020195881825
343,3,256,-26.19470526108558,52.38941052217115,-24.93680734064233,-1.257897920443241
343,4,256,-23.67890942019911,47.35781884039822,-12.30068337932738,-11.37822604087173
343,5,10,-.9224573384556499,1.844914676911300,-.4612286692278254,-.4612286692278245
344,1,784,.000000000000000,.000000000000000,-32.21248486689645,32.21248486689645
344,2,256,-64.42496973379200,128.8499394675840,-45.55674006881549,-18.86822966497648
344,3,256,-26.68851040383814,53.37702080767627,-25.08325157778960,-1.605258826048562
344,4,256,-23.47799275174101,46.95598550348203,-12.18768008664883,-11.29031266509220
344,5,10,-.8973674215566599,1.794734843113320,-.4486837107783309,-.4486837107783292
345,1,784,.000000000000000,.000000000000000,-32.13190089243653,32.13190089243653
345,2,256,-64.26380178487217,128.5276035697443,-45.42887673645932,-18.83492504841287
345,3,256,-26.59395168804555,53.18790337609109,-25.09413917050457,-1.499812517540962
345,4,256,-23.59432665296361,47.18865330592722,-12.26709996885308,-11.32722668411054
345,5,10,-.9398732847425293,1.879746569485059,-.4699366423712623,-.4699366423712670
346,1,784,.000000000000000,.000000000000000,-32.19023618907125,32.19023618907125
346,2,256,-64.38047237814166,128.7609447562833,-45.47427865054759,-18.90619372759408
346,3,256,-26.56808492295264,53.13616984590527,-25.13375644071911,-1.434328482233515
346,4,256,-23.69942795848559,47.39885591697119,-12.25082924118212,-11.44859871730347
346,5,10,-.8022305238786599,1.604461047757320,-.4011152619393304,-.4011152619393293
347,1,784,.000000000000000,.000000000000000,-32.06027307305673,32.06027307305673
347,2,256,-64.12054614611256,128.2410922922251,-45.32659617310681,-18.79394997300572
347,3,256,-26.53264620010020,53.06529240020040,-25.16870211941206,-1.363944080688141
347,4,256,-23.80475803872394,47.60951607744788,-12.37957592374739,-11.42518211497654
347,5,10,-.9543938087708708,1.908787617541742,-.4771969043854376,-.4771969043854331
348,1,784,.000000000000000,.000000000000000,-32.31464747995264,32.31464747995264
348,2,256,-64.62929495990439,129.2585899198088,-45.23283067424506,-19.39646428565937
348,3,256,-25.83636638858476,51.67273277716951,-24.88335253138423,-.9530138572005233
348,4,256,-23.93033867418372,47.86067734836743,-12.39918087182200,-11.53115780236171
348,5,10,-.8680230694603089,1.736046138920618,-.4340115347301528,-.4340115347301561
349,1,784,.000000000000000,.000000000000000,-32.12008895078506,32.12008895078506
349,2,256,-64.24017790156925,128.4803558031385,-45.39030178719151,-18.84987611437773
349,3,256,-26.54042567281289,53.08085134562577,-25.17140021048165,-1.369025462331224
349,4,256,-23.80237474815039,47.60474949630078,-12.34088685660365,-11.46148789154675
349,5,10,-.8793989650568867,1.758797930113773,-.4396994825284442,-.4396994825284428
350,1,784,.000000000000000,.000000000000000,-31.96945968761813,31.96945968761813
350,2,256,-63.93891937523534,127.8778387504707,-45.15219983214335,-18.78671954309203
350,3,256,-26.36548028905039,52.73096057810078,-25.30061085057740,-1.064869438473002
350,4,256,-24.23574141210440,48.47148282420881,-12.57202037190977,-11.66372104019462
350,5,10,-.9082993317151573,1.816598663430315,-.4541496658575797,-.4541496658575777
351,1,784,.000000000000000,.000000000000000,-32.14909731409295,32.14909731409295
351,2,256,-64.29819462818502,128.5963892563700,-45.40771209139658,-18.89048253678839
351,3,256,-26.51722955460739,53.03445910921479,-25.14896736195099,-1.368262192656410
351,4,256,-23.78070516929461,47.56141033858922,-12.31900914775450,-11.46169602154009
351,5,10,-.8573131262144311,1.714626252428862,-.4286565631072162,-.4286565631072149
352,1,784,.000000000000000,.000000000000000,-32.21591533701197,32.21591533701197
352,2,256,-64.43183067402306,128.8636613480461,-45.40902350300184,-19.02280717102125
352,3,256,-26.38621633197972,52.77243266395944,-24.98151393934443,-1.404702392635268
352,4,256,-23.57681154670914,47.15362309341829,-12.28699223525302,-11.28981931145612
352,5,10,-.9971729237968701,1.994345847593740,-.4985864618984362,-.4985864618984339
353,1,784,.000000000000000,.000000000000000,-32.29225680026398,32.29225680026398
353,2,256,-64.58451360052706,129.1690272010541,-45.31466083214727,-19.26985276837979
353,3,256,-26.04480806376655,52.08961612753311,-24.89624733727451,-1.148560726492043
353,4,256,-23.74768661078246,47.49537322156491,-12.33403010276639,-11.41365650801609
353,5,10,-.9203735947503066,1.840747189500613,-.4601867973751528,-.4601867973751537
354,1,784,.000000000000000,.000000000000000,-32.25302447696364,32.25302447696364
354,2,256,-64.50604895392638,129.0120979078528,-45.43334380314848,-19.07270515077788
354,3,256,-26.36063865236966,52.72127730473932,-24.98856287306035,-1.372075779309329
354,4,256,-23.61648709375100,47.23297418750200,-12.25489464565721,-11.36159244809379
354,5,10,-.8933021975634277,1.786604395126855,-.4466510987817144,-.4466510987817132
355,1,784,.000000000000000,.000000000000000,-32.11016046518583,32.11016046518583
355,2,256,-64.22032093037086,128.4406418607417,-45.27284584038513,-18.94747508998567
355,3,256,-26.32537075039864,52.65074150079727,-25.11073392205469,-1.214636828343939
355,4,256,-23.89609709371076,47.79219418742153,-12.41388739411831,-11.48220969959245
355,5,10,-.9316776945258569,1.863355389051714,-.4658388472629277,-.4658388472629292
356,1,784,.000000000000000,.000000000000000,-32.35239406639879,32.35239406639879
356,2,256,-64.70478813279665,129.4095762655933,-45.51885588139733,-19.18593225139939
356,3,256,-26.33292362999700,52.66584725999401,-24.86840652581426,-1.464517104182734
356,4,256,-23.40388942163149,46.80777884326297,-12.16399090993842,-11.23989851169305
356,5,10,-.9240923982453554,1.848184796490711,-.4620461991226775,-.4620461991226779
357,1,784,.000000000000000,.000000000000000,-32.01636491220958,32.01636491220958
357,2,256,-64.03272982441831,128.0654596488366,-45.27143120960275,-18.76129861481555
357,3,256,-26.51013259478629,53.02026518957258,-25.21672394306431,-1.293408651721985
357,4,256,-23.92331529134235,47.84663058268470,-12.44387354235938,-11.47944174898297
357,5,10,-.9644317933764410,1.928863586752882,-.4822158966882195,-.4822158966882216
358,1,784,.000000000000000,.000000000000000,-32.05398886404587,32.05398886404587
358,2,256,-64.10797772809083,128.2159554561817,-45.37062212886038,-18.73735559923043
358,3,256,-26.63326652962910,53.26653305925821,-25.21957118380911,-1.413695345819987
358,4,256,-23.80587583798912,47.61175167597825,-12.35297045889804,-11.45290537909109
358,5,10,-.9000650798069573,1.800130159613915,-.4500325399034774,-.4500325399034799
359,1,784,.000000000000000,.000000000000000,-32.41241970712343,32.41241970712343
359,2,256,-64.82483941424603,129.6496788284921,-45.25154940820804,-19.57329000603798
359,3,256,-25.67825940216918,51.35651880433836,-24.73155970937085,-.9466996927983207
359,4,256,-23.78486001657256,47.56972003314512,-12.36570454775907,-11.41915546881349
359,5,10,-.9465490789456036,1.893098157891207,-.4732745394728008,-.4732745394728026
360,1,784,.000000000000000,.000000000000000,-32.09096542352367,32.09096542352367
360,2,256,-64.18193084704643,128.3638616940929,-45.33018964206054,-18.85174120498590
360,3,256,-26.47844843707370,52.95689687414740,-25.18370868007563,-1.294739756998060
360,4,256,-23.88896892307756,47.77793784615513,-12.38188265514702,-11.50708626793052
360,5,10,-.8747963872164708,1.749592774432942,-.4373981936082365,-.4373981936082343
361,1,784,.000000000000000,.000000000000000,-32.16902725137483,32.16902725137483
361,2,256,-64.33805450274879,128.6761090054976,-45.36255542604125,-18.97549907670752
361,3,256,-26.38705634933284,52.77411269866569,-25.02185502726333,-1.365201322069494
361,4,256,-23.65665370519381,47.31330741038762,-12.31281010149972,-11.34384360369409
361,5,10,-.9689664978055832,1.937932995611166,-.4844832489027914,-.4844832489027919
362,1,784,.000000000000000,.000000000000000,-32.13776549357404,32.13776549357404
362,2,256,-64.27553098714711,128.5510619742942,-45.27100871174222,-19.00452227540487
362,3,256,-26.26648643633648,52.53297287267296,-25.09700269092115,-1.169483745415324
362,4,256,-23.92751894550581,47.85503789101163,-12.42587203359325,-11.50164691191256
362,5,10,-.9242251216806661,1.848450243361332,-.4621125608403334,-.4621125608403328
363,1,784,.000000000000000,.000000000000000,-32.28690398181673,32.28690398181673
363,2,256,-64.57380796363270,129.1476159272654,-45.42843361010134,-19.14537435353131
363,3,256,-26.28305925656922,52.56611851313844,-24.94150172217689,-1.341557534392344
363,4,256,-23.59994418778451,47.19988837556902,-12.23571051061585,-11.36423367716864
363,5,10,-.8714768334472027,1.742953666894405,-.4357384167236011,-.4357384167236017
364,1,784,.000000000000000,.000000000000000,-32.37455707432655,32.37455707432655
364,2,256,-64.74911414865217,129.4982282973043,-45.35705363473078,-19.39206051392144
364,3,256,-25.96499312080842,51.92998624161685,-24.82841144126451,-1.136581679543929
364,4,256,-23.69182976172057,47.38365952344113,-12.27705812917032,-11.41477163255028
364,5,10,-.8622864966200603,1.724572993240121,-.4311432483100285,-.4311432483100318
365,1,784,.000000000000000,.000000000000000,-32.18912036213369,32.18912036213369
365,2,256,-64.37824072426653,128.7564814485331,-45.35247577567417,-19.02576494859234
365,3,256,-26.32671082708093,52.65342165416186,-25.05280414533021,-1.273906681750735
365,4,256,-23.77889746357949,47.55779492715897,-12.34399585437280,-11.43490160920665
365,5,10,-.9090942451661206,1.818188490332241,-.4545471225830630,-.4545471225830576
366,1,784,.000000000000000,.000000000000000,-32.30521756822698,32.30521756822698
366,2,256,-64.61043513645302,129.2208702729060,-45.45328270689567,-19.15715242955733
366,3,256,-26.29613027733739,52.59226055467479,-24.92305314106146,-1.373077136275949
366,4,256,-23.54997600478551,47.09995200957101,-12.22562692470034,-11.32434908008518
366,5,10,-.9012778446151564,1.802555689230313,-.4506389223075787,-.4506389223075775
367,1,784,.000000000000000,.000000000000000,-32.16430329168757,32.16430329168757
367,2,256,-64.32860658337424,128.6572131667485,-45.36841161088275,-18.96019497249150
367,3,256,-26.40821663839039,52.81643327678078,-25.11680399038495,-1.291412648005422
367,4,256,-23.82539134237955,47.65078268475910,-12.35632446393140,-11.46906687844816
367,5,10,-.8872575854832442,1.774515170966488,-.4436287927416208,-.4436287927416233
368,1,784,.000000000000000,.000000000000000,-32.25985327973946,32.25985327973946
368,2,256,-64.51970655947802,129.0394131189560,-45.55666934221702,-18.96303721726102
368,3,256,-26.59363212495506,53.18726424991011,-25.00824132396293,-1.585390800992131
368,4,256,-23.42285052297081,46.84570104594162,-12.15856156788051,-11.26428895509033
368,5,10,-.8942726127901943,1.788545225580389,-.4471363063950955,-.4471363063950988
369,1,784,.000000000000000,.000000000000000,-32.34383177297605,32.34383177297605
369,2,256,-64.68766354595108,129.3753270919022,-45.34361266470488,-19.34405088124623
369,3,256,-25.99956178345774,51.99912356691548,-24.87123049343070,-1.128331290027054
369,4,256,-23.74289920340368,47.48579840680736,-12.31501163611244,-11.42788756729125
369,5,10,-.8871240688212143,1.774248137642429,-.4435620344106070,-.4435620344106072
370,1,784,.000000000000000,.000000000000000,-32.27309777819908,32.27309777819908
370,2,256,-64.54619555639728,129.0923911127946,-45.46129328900087,-19.08490226739636
370,3,256,-26.37639102160365,52.75278204320730,-24.95024134867608,-1.426149672927573
370,4,256,-23.52409167574847,47.04818335149694,-12.21125271381481,-11.31283896193364
370,5,10,-.8984137518811564,1.796827503762313,-.4492068759405802,-.4492068759405761
371,1,784,.000000000000000,.000000000000000,-32.24670524659044,32.24670524659044
371,2,256,-64.49341049318002,128.9868209863600,-45.27232482628065,-19.22108566689936
371,3,256,-26.05123915938042,52.10247831876084,-24.90700363570470,-1.144235523675736
371,4,256,-23.76276811202900,47.52553622405801,-12.38593449265057,-11.37683361937842
371,5,10,-1.009100873272148,2.018201746544297,-.5045504366360737,-.5045504366360749
372,1,784,.000000000000000,.000000000000000,-32.29692187575026,32.29692187575026
372,2,256,-64.59384375149970,129.1876875029994,-45.45165438551186,-19.14218936598782
372,3,256,-26.30946501952313,52.61893003904626,-24.96489090663922,-1.344574112883907
372,4,256,-23.62031679375530,47.24063358751061,-12.24018570365547,-11.38013109009983
372,5,10,-.8600546135556334,1.720109227111267,-.4300273067778184,-.4300273067778150
373,1,784,.000000000000000,.000000000000000,-32.25054069425663,32.25054069425663
373,2,256,-64.50108138851236,129.0021627770247,-45.52164046452241,-18.97944092398997
373,3,256,-26.54219954053157,53.08439908106315,-24.97120413786757,-1.570995402663995
373,4,256,-23.40020873520359,46.80041747040718,-12.19881165018543,-11.20139708501817
373,5,10,-.9974145651672729,1.994829130334546,-.4987072825836368,-.4987072825836360
374,1,784,.000000000000000,.000000000000000,-32.36717153232984,32.36717153232984
374,2,256,-64.73434306465880,129.4686861293176,-45.34086182762521,-19.39348123703358
374,3,256,-25.94738059059076,51.89476118118152,-24.81276216082429,-1.134618429766486
374,4,256,-23.67814373105780,47.35628746211560,-12.28626265918315,-11.39188107187464
374,5,10,-.8943815873085024,1.788763174617005,-.4471907936542508,-.4471907936542516
375,1,784,.000000000000000,.000000000000000,-32.19641430885019,32.19641430885019
375,2,256,-64.39282861769952,128.7856572353990,-45.53834288596238,-18.85448573173708
375,3,256,-26.68385715422442,53.36771430844883,-25.08130372440473,-1.602553429819659
375,4,256,-23.47875029458503,46.95750058917007,-12.19988661482904,-11.27886367975600
375,5,10,-.9210229350730083,1.842045870146017,-.4605114675365060,-.4605114675365022
376,1,784,.000000000000000,.000000000000000,-32.13806387864088,32.13806387864088
376,2,256,-64.27612775728095,128.5522555145619,-45.27304786451622,-19.00307989276475
376,3,256,-26.26996797175056,52.53993594350112,-25.06611232477047,-1.203855646980058
376,4,256,-23.86225667779041,47.72451335558082,-12.40586884575286,-11.45638783203754
376,5,10,-.9494810137153216,1.898962027430643,-.4747405068576609,-.4747405068576607
377,1,784,.000000000000000,.000000000000000,-32.03753611091290,32.03753611091290
377,2,256,-64.07507222182494,128.1501444436499,-45.47985595386385,-18.59521626796104
377,3,256,-26.88463968590193,53.76927937180385,-25.23271692814496,-1.651922757756986
377,4,256,-23.58079417038795,47.16158834077589,-12.26437117434993,-11.31642299603803
377,5,10,-.9479481783119159,1.895896356623832,-.4739740891559577,-.4739740891559582
378,1,784,.000000000000000,.000000000000000,-32.26239854925644,32.26239854925644
378,2,256,-64.52479709851201,129.0495941970240,-45.25539964144507,-19.26939745706689
378,3,256,-25.98600218437736,51.97200436875471,-24.87428802539156,-1.111714158985802
378,4,256,-23.76257386640572,47.52514773281144,-12.36753065938166,-11.39504320702407
378,5,10,-.9724874523575657,1.944974904715131,-.4862437261787859,-.4862437261787798
379,1,784,.000000000000000,.000000000000000,-32.33733202986031,32.33733202986031
379,2,256,-64.67466405971973,129.3493281194395,-45.50808940040292,-19.16657465931684
379,3,256,-26.34151474108521,52.68302948217041,-24.92592235745920,-1.415592383626009
379,4,256,-23.51032997383323,47.02065994766645,-12.16937524727989,-11.34095472655331
379,5,10,-.8284205207266025,1.656841041453205,-.4142102603633006,-.4142102603633019
380,1,784,.000000000000000,.000000000000000,-31.97806254871299,31.97806254871299
380,2,256,-63.95612509742520,127.9122501948504,-45.28504839657629,-18.67107670084885
380,3,256,-26.61397169572663,53.22794339145326,-25.27989696397450,-1.334074731752115
380,4,256,-23.94582223222242,47.89164446444483,-12.43842881790548,-11.50739341431693
380,5,10,-.9310354035885409,1.862070807177082,-.4655177017942710,-.4655177017942697
381,1,784,.000000000000000,.000000000000000,-32.19602065590763,32.19602065590763
381,2,256,-64.39204131181415,128.7840826236283,-45.36867778868699,-19.02336352312727
381,3,256,-26.34531426555878,52.69062853111755,-25.05766352756984,-1.287650737988951
381,4,256,-23.77001278958090,47.54002557916181,-12.31958470680382,-11.45042808277707
381,5,10,-.8691566240267488,1.738313248053498,-.4345783120133756,-.4345783120133732
382,1,784,.000000000000000,.000000000000000,-32.21587181847647,32.21587181847647
382,2,256,-64.43174363695208,128.8634872739042,-45.44259906700289,-18.98914456994920
382,3,256,-26.45345449705282,52.90690899410564,-25.07757777438393,-1.375876722668885
382,4,256,-23.70170105171504,47.40340210343007,-12.26815125852213,-11.43354979319288
382,5,10,-.8346014653292478,1.669202930658496,-.4173007326646249,-.4173007326646231
383,1,784,.000000000000000,.000000000000000,-32.37865968377703,32.37865968377703
383,2,256,-64.75731936755315,129.5146387351063,-45.37024620018818,-19.38707316736494
383,3,256,-25.98317303282240,51.96634606564479,-24.79902061871713,-1.184152414105245
383,4,256,-23.61486820461188,47.22973640922376,-12.26846799304758,-11.34640021156430
383,5,10,-.9220677814832561,1.844135562966512,-.4610338907416278,-.4610338907416283
384,1,784,.000000000000000,.000000000000000,-32.23844242501387,32.23844242501387
384,2,256,-64.47688485002686,128.9537697000537,-45.29101025566465,-19.18587459436225
384,3,256,-26.10513566130156,52.21027132260313,-25.00495797230678,-1.100177688994806
384,4,256,-23.90478028331194,47.80956056662389,-12.38906945691982,-11.51571082639212
384,5,10,-.8733586305276874,1.746717261055375,-.4366793152638426,-.4366793152638448
385,1,784,.000000000000000,.000000000000000,-32.01059676313124,32.01059676313124
385,2,256,-64.02119352626157,128.0423870525231,-45.34265993032315,-18.67853359593849
385,3,256,-26.66412633438372,53.32825266876744,-25.27134718544193,-1.392779148941795
385,4,256,-23.87856803650014,47.75713607300028,-12.40681417160812,-11.47175386489201
385,5,10,-.9350603067161005,1.870120613432201,-.4675301533580501,-.4675301533580505
386,1,784,.000000000000000,.000000000000000,-32.34203262002688,32.34203262002688
386,2,256,-64.68406524005292,129.3681304801058,-45.42403942901048,-19.26002581104243
386,3,256,-26.16401361796722,52.32802723593444,-24.85210180280355,-1.311911815163634
386,4,256,-23.54018998763994,47.08037997527988,-12.23053857093077,-11.30965141670916
386,5,10,-.9208871542216197,1.841774308443239,-.4604435771108118,-.4604435771108079
387,1,784,.000000000000000,.000000000000000,-32.24101216278679,32.24101216278679
387,2,256,-64.48202432557271,128.9640486511454,-45.36884170637248,-19.11318261920017
387,3,256,-26.25565908717141,52.51131817434281,-24.99170908959681,-1.263949997574577
387,4,256,-23.72775909202230,47.45551818404461,-12.31174815514021,-11.41601093688209
387,5,10,-.8957372182581185,1.791474436516237,-.4478686091290602,-.4478686091290583
388,1,784,.000000000000000,.000000000000000,-32.02852568205897,32.02852568205897
388,2,256,-64.05705136411699,128.1141027282340,-45.37946222247130,-18.67758914164570
388,3,256,-26.70187308082476,53.40374616164952,-25.24069797869510,-1.461175102129633
388,4,256,-23.77952287656549,47.55904575313098,-12.37074371534481,-11.40877916122068
388,5,10,-.9619645541241090,1.923929108248218,-.4809822770620524,-.4809822770620566
389,1,784,.000000000000000,.000000000000000,-32.08963379090508,32.08963379090508
389,2,256,-64.17926758180917,128.3585351636183,-45.41318883832424,-18.76607874348492
389,3,256,-26.64711009483838,53.29422018967676,-25.12670771518174,-1.520402379656646
389,4,256,-23.60630533552511,47.21261067105022,-12.30052843214538,-11.30577690337972
389,5,10,-.9947515287656781,1.989503057531356,-.4973757643828382,-.4973757643828398
390,1,784,.000000000000000,.000000000000000,-32.14236042647484,32.14236042647484
390,2,256,-64.28472085294887,128.5694417058977,-45.43857392459701,-18.84614692835183
390,3,256,-26.59242699624433,53.18485399248866,-25.16152741631189,-1.430899579932452
390,4,256,-23.73062783637944,47.46125567275887,-12.28601188660263,-11.44461594977684
390,5,10,-.8413959368258106,1.682791873651621,-.4206979684129049,-.4206979684129057
391,1,784,.000000000000000,.000000000000000,-32.25144498432858,32.25144498432858
391,2,256,-64.50288996865623,129.0057799373125,-45.32638938645266,-19.17650058220358
391,3,256,-26.14988880424816,52.29977760849632,-24.95525181227933,-1.194636991968846
391,4,256,-23.76061482031048,47.52122964062096,-12.34008942236572,-11.42052539794475
391,5,10,-.9195640244209506,1.839128048841901,-.4597820122104755,-.4597820122104750
392,1,784,.000000000000000,.000000000000000,-32.35708417500666,32.35708417500666
392,2,256,-64.71416835001246,129.4283367000249,-45.57056092002404,-19.14360742998842
392,3,256,-26.42695349003471,52.85390698006941,-24.85360149953629,-1.573351990498413
392,4,256,-23.28024950903786,46.56049901807572,-12.09043870907307,-11.18981079996479
392,5,10,-.9006279091082601,1.801255818216520,-.4503139545541297,-.4503139545541303
393,1,784,.000000000000000,.000000000000000,-32.18387447182614,32.18387447182614
393,2,256,-64.36774894365134,128.7354978873027,-45.42492038018389,-18.94282856346745
393,3,256,-26.48209181671557,52.96418363343115,-25.08176399081005,-1.400327825905517
393,4,256,-23.68143616490455,47.36287232980911,-12.27010517487594,-11.41133099002861
393,5,10,-.8587741848473043,1.717548369694609,-.4293870924236532,-.4293870924236511
394,1,784,.000000000000000,.000000000000000,-32.20121267806580,32.20121267806580
394,2,256,-64.40242535613075,128.8048507122615,-45.46679076760446,-18.93563458852627
394,3,256,-26.53115617907729,53.06231235815457,-25.06456356277242,-1.466592616304864
394,4,256,-23.59797094646754,47.19594189293508,-12.24848578588268,-11.34948516058486
394,5,10,-.8990006252978060,1.798001250595612,-.4495003126489022,-.4495003126489038
395,1,784,.000000000000000,.000000000000000,-32.10624636672361,32.10624636672361
395,2,256,-64.21249273344630,128.4249854668926,-45.33388952058528,-18.87860321286105
395,3,256,-26.45528630772337,52.91057261544675,-25.07441124867747,-1.380875059045923
395,4,256,-23.69353618963152,47.38707237926305,-12.36338214436522,-11.33015404526630
395,5,10,-1.033228099098913,2.066456198197825,-.5166140495494581,-.5166140495494546
396,1,784,.000000000000000,.000000000000000,-32.04857290685449,32.04857290685449
396,2,256,-64.09714581370808,128.1942916274162,-45.25557602671010,-18.84156978699793
396,3,256,-26.41400623971129,52.82801247942258,-25.21038992719975,-1.203616312511530
396,4,256,-24.00677361468822,48.01354722937645,-12.43984477879832,-11.56692883588990
396,5,10,-.8729159429084379,1.745831885816876,-.4364579714542199,-.4364579714542180
397,1,784,.000000000000000,.000000000000000,-31.86950395550447,31.86950395550447
397,2,256,-63.73900791100797,127.4780158220159,-45.14973660907818,-18.58927130192984
397,3,256,-26.56046530714748,53.12093061429496,-25.36099955659203,-1.199465750555415
397,4,256,-24.16153380603660,48.32306761207320,-12.56941958202649,-11.59211422401012
397,5,10,-.9773053580163615,1.954610716032723,-.4886526790081787,-.4886526790081829
398,1,784,.000000000000000,.000000000000000,-32.29296543843539,32.29296543843539
398,2,256,-64.58593087686988,129.1718617537398,-45.61692412010307,-18.96900675676681
398,3,256,-26.64791736333533,53.29583472667066,-25.01403710288918,-1.633880260446151
398,4,256,-23.38015684244304,46.76031368488609,-12.09916383264199,-11.28099300980102
398,5,10,-.8181708228409852,1.636341645681970,-.4090854114204913,-.4090854114204940
399,1,784,.000000000000000,.000000000000000,-32.18021773610663,32.18021773610663
399,2,256,-64.36043547221237,128.7208709444247,-45.47767802210616,-18.88275745010620
399,3,256,-26.59492057199909,53.18984114399819,-25.12491232344922,-1.470008248549881
399,4,256,-23.65490407489930,47.30980814979860,-12.24458470595434,-11.41031936894498
399,5,10,-.8342653370093414,1.668530674018683,-.4171326685046722,-.4171326685046691
400,1,784,.000000000000000,.000000000000000,-32.05129970411869,32.05129970411869
400,2,256,-64.10259940823656,128.2051988164731,-45.40244452923061,-18.70015487900591
400,3,256,-26.70228965022385,53.40457930044771,-25.22945047486399,-1.472839175359851
400,4,256,-23.75661129950417,47.51322259900834,-12.33217284482288,-11.42443845468131
400,5,10,-.9077343901415643,1.815468780283129,-.4538671950707840,-.4538671950707803
401,1,784,.000000000000000,.000000000000000,-32.34085863893208,32.34085863893208
401,2,256,-64.68171727786333,129.3634345557267,-45.32090558298127,-19.36081169488202
401,3,256,-25.96009388809838,51.92018777619676,-24.87224478996663,-1.087849098131750
401,4,256,-23.78439569183487,47.56879138366975,-12.33358987366740,-11.45080581816750
401,5,10,-.8827840554998923,1.765568110999785,-.4413920277499467,-.4413920277499455
402,1,784,.000000000000000,.000000000000000,-32.21807140221692,32.21807140221692
402,2,256,-64.43614280443299,128.8722856088660,-45.37266587524034,-19.06347692919269
402,3,256,-26.30918894604675,52.61837789209349,-25.02906304874407,-1.280125897302684
402,4,256,-23.74893715144133,47.49787430288266,-12.30377254991935,-11.44516460152200
402,5,10,-.8586079483973473,1.717215896794695,-.4293039741986754,-.4293039741986718
403,1,784,.000000000000000,.000000000000000,-32.07980106838455,32.07980106838455
403,2,256,-64.15960213676829,128.3192042735366,-45.30224717584613,-18.85735496092209
403,3,256,-26.44489221492318,52.88978442984635,-25.12970006556839,-1.315192149354784
403,4,256,-23.81450791621363,47.62901583242726,-12.38538943009451,-11.42911848611912
403,5,10,-.9562709439754108,1.912541887950822,-.4781354719877055,-.4781354719877054
404,1,784,.000000000000000,.000000000000000,-32.21362964361413,32.21362964361413
404,2,256,-64.42725928722734,128.8545185744547,-45.34216886209347,-19.08509042513384
404,3,256,-26.25707843695869,52.51415687391739,-24.99727505759883,-1.259803379359884
404,4,256,-23.73747167823893,47.47494335647787,-12.32199399308359,-11.41547768515534
404,5,10,-.9065163079282832,1.813032615856566,-.4532581539641414,-.4532581539641418
405,1,784,.000000000000000,.000000000000000,-32.37486647911820,32.37486647911820
405,2,256,-64.74973295823546,129.4994659164709,-45.49222088738779,-19.25751207084767
405,3,256,-26.23470881653922,52.46941763307844,-24.83024349370588,-1.404465322833338
405,4,256,-23.42577817087257,46.85155634174514,-12.18478377217850,-11.24099439869408
405,5,10,-.9437893734844240,1.887578746968848,-.4718946867422129,-.4718946867422112
406,1,784,.000000000000000,.000000000000000,-32.31957979575006,32.31957979575006
406,2,256,-64.63915959149926,129.2783191829985,-45.48746767573498,-19.15169191576430
406,3,256,-26.33577575996984,52.67155151993968,-24.91483188203489,-1.420943877934936
406,4,256,-23.49388800409989,46.98777600819977,-12.20335028161500,-11.29053772248488
406,5,10,-.9128125591300791,1.825625118260158,-.4564062795650401,-.4564062795650390
407,1,784,.000000000000000,.000000000000000,-32.27324061504454,32.27324061504454
407,2,256,-64.54648123008822,129.0929624601764,-45.36052277032304,-19.18595845976516
407,3,256,-26.17456431055700,52.34912862111400,-24.88512014799961,-1.289444162557388
407,4,256,-23.59567598544226,47.19135197088451,-12.28013100981801,-11.31554497562424
407,5,10,-.9645860341937715,1.929172068387543,-.4822930170968864,-.4822930170968852
408,1,784,.000000000000000,.000000000000000,-32.12826909156140,32.12826909156140
408,2,256,-64.25653818312190,128.5130763662438,-45.36066260995066,-18.89587557317118
408,3,256,-26.46478703677853,52.92957407355706,-25.12292805663019,-1.341858980148366
408,4,256,-23.78106907648182,47.56213815296363,-12.33429325482050,-11.44677582166133
408,5,10,-.8875174331591673,1.775034866318335,-.4437587165795821,-.4437587165795852
409,1,784,.000000000000000,.000000000000000,-32.28024260871820,32.28024260871820
409,2,256,-64.56048521743558,129.1209704348712,-45.56411086867875,-18.99637434875684
409,3,256,-26.56773651992102,53.13547303984204,-24.97437127459616,-1.593365245324852
409,4,256,-23.38100602927132,46.76201205854264,-12.14778050745357,-11.23322552181773
409,5,10,-.9145549856358327,1.829109971271665,-.4572774928179162,-.4572774928179165
410,1,784,.000000000000000,.000000000000000,-32.25750864517317,32.25750864517317
410,2,256,-64.51501729034540,129.0300345806908,-45.49584061601241,-19.01917667433300
410,3,256,-26.47666394167853,52.95332788335706,-25.02245370264707,-1.454210239031472
410,4,256,-23.56824346361562,47.13648692723124,-12.21143704571338,-11.35680641790224
410,5,10,-.8546306278111554,1.709261255622311,-.4273153139055764,-.4273153139055789
411,1,784,.000000000000000,.000000000000000,-32.29764942094087,32.29764942094087
411,2,256,-64.59529884188086,129.1905976837617,-45.40995032150157,-19.18534852037930
411,3,256,-26.22460180112144,52.44920360224289,-24.90492897175195,-1.319672829369493
411,4,256,-23.58525614238247,47.17051228476494,-12.27432244971785,-11.31093369266462
411,5,10,-.9633887570532171,1.926777514106434,-.4816943785266080,-.4816943785266091
412,1,784,.000000000000000,.000000000000000,-32.18810508353863,32.18810508353863
412,2,256,-64.37621016707635,128.7524203341527,-45.49148932995466,-18.88472083712170
412,3,256,-26.60676849283201,53.21353698566402,-25.06459078842233,-1.542177704409658
412,4,256,-23.52241308401266,47.04482616802532,-12.22678139867554,-11.29563168533710
412,5,10,-.9311497133384320,1.862299426676864,-.4655748566692136,-.4655748566692184
413,1,784,.000000000000000,.000000000000000,-32.13219129485923,32.13219129485923
413,2,256,-64.26438258971754,128.5287651794351,-45.22833227660172,-19.03605031311581
413,3,256,-26.19228196348505,52.38456392697010,-25.07264756025835,-1.119634403226701
413,4,256,-23.95301315703168,47.90602631406337,-12.45546339023839,-11.49754976679329
413,5,10,-.9579136234451086,1.915827246890217,-.4789568117225561,-.4789568117225526
414,1,784,.000000000000000,.000000000000000,-32.28898410520586,32.28898410520586
414,2,256,-64.57796821041089,129.1559364208218,-45.46874672364033,-19.10922148677052
414,3,256,-26.35952523686896,52.71905047373793,-24.94630725454765,-1.413217982321305
414,4,256,-23.53308927222636,47.06617854445271,-12.21183282590384,-11.32125644632251
414,5,10,-.8905763795813333,1.781152759162667,-.4452881897906664,-.4452881897906671
415,1,784,.000000000000000,.000000000000000,-32.08589245885108,32.08589245885108
415,2,256,-64.17178491770126,128.3435698354025,-45.40275456172520,-18.76903035597602
415,3,256,-26.63372420574829,53.26744841149658,-25.17569624289305,-1.458027962855224
415,4,256,-23.71766828003781,47.43533656007563,-12.31956068975013,-11.39810759028767
415,5,10,-.9214530994624682,1.842906198924936,-.4607265497312312,-.4607265497312369
416,1,784,.000000000000000,.000000000000000,-32.19649305358586,32.19649305358586
416,2,256,-64.39298610717074,128.7859722143415,-45.50879576903349,-18.88419033813731
416,3,256,-26.62460543089527,53.24921086179053,-25.06291809569300,-1.561687335202257
416,4,256,-23.50123076049073,47.00246152098147,-12.20579132632409,-11.29543943416665
416,5,10,-.9103518921574432,1.820703784314886,-.4551759460787223,-.4551759460787209
417,1,784,.000000000000000,.000000000000000,-32.24175223829739,32.24175223829739
417,2,256,-64.48350447659389,128.9670089531878,-45.33901484723540,-19.14448962935848
417,3,256,-26.19452521787605,52.38905043575210,-24.94650870331674,-1.248016514559304
417,4,256,-23.69849218875746,47.39698437751492,-12.32366411076877,-11.37482807798868
417,5,10,-.9488360327800841,1.897672065560168,-.4744180163900432,-.4744180163900410
418,1,784,.000000000000000,.000000000000000,-32.42265706475769,32.42265706475769
418,2,256,-64.84531412951455,129.6906282590291,-45.42673091092059,-19.41858321859395
418,3,256,-26.00814769232575,52.01629538465149,-24.79475070165811,-1.213396990667662
418,4,256,-23.58135371099047,47.16270742198095,-12.23209360963662,-11.34926010135385
418,5,10,-.8828335082827892,1.765667016565578,-.4414167541413929,-.4414167541413961
419,1,784,.000000000000000,.000000000000000,-32.07469184361216,32.07469184361216
419,2,256,-64.14938368722349,128.2987673744470,-45.37479692476057,-18.77458676246291
419,3,256,-26.60021016229680,53.20042032459359,-25.19713799375389,-1.403072168542879
419,4,256,-23.79406582521103,47.58813165042206,-12.34540113773367,-11.44866468747737
419,5,10,-.8967364502562778,1.793472900512556,-.4483682251281387,-.4483682251281392
420,1,784,.000000000000000,.000000000000000,-32.17800914907586,32.17800914907586
420,2,256,-64.35601829815081,128.7120365963016,-45.50543468296000,-18.85058361519087
420,3,256,-26.65485106776826,53.30970213553651,-25.10918438597530,-1.545666681792987
420,4,256,-23.56351770418228,47.12703540836457,-12.22081992044324,-11.34269778373906
420,5,10,-.8781221367041834,1.756244273408367,-.4390610683520929,-.4390610683520905
421,1,784,.000000000000000,.000000000000000,-32.23849125843138,32.23849125843138
421,2,256,-64.47698251686192,128.9539650337238,-45.53813254495086,-18.93884997191108
421,3,256,-26.59928257303894,53.19856514607788,-24.99224493598973,-1.607037637049178
421,4,256,-23.38520729894063,46.77041459788126,-12.15904268151746,-11.22616461742316
421,5,10,-.9328780640943264,1.865756128188653,-.4664390320471632,-.4664390320471632
422,1,784,.000000000000000,.000000000000000,-32.33134802187430,32.33134802187430
422,2,256,-64.66269604374767,129.3253920874953,-45.62872437175582,-19.03397167199190
422,3,256,-26.59475269976298,53.18950539952596,-24.94322757985724,-1.651525119905745
422,4,256,-23.29170245995146,46.58340491990292,-12.09422583722584,-11.19747662272563
422,5,10,-.8967492145001745,1.793498429000349,-.4483746072500860,-.4483746072500885
423,1,784,.000000000000000,.000000000000000,-32.19748815191674,32.19748815191674
423,2,256,-64.39497630383248,128.7899526076650,-45.21512836439670,-19.17984793943585
423,3,256,-26.03528042495991,52.07056084991982,-24.95086755414366,-1.084412870816255
423,4,256,-23.86645468332742,47.73290936665483,-12.43287367463296,-11.43358100869445
423,5,10,-.9992926659385191,1.998585331877038,-.4996463329692603,-.4996463329692585
424,1,784,.000000000000000,.000000000000000,-32.31430038761579,32.31430038761579
424,2,256,-64.62860077523069,129.2572015504614,-45.52496225782556,-19.10363851740514
424,3,256,-26.42132374041950,52.84264748083901,-24.94701368416645,-1.474310056253046
424,4,256,-23.47270362791333,46.94540725582666,-12.15648817666475,-11.31621545124860
424,5,10,-.8402727254161448,1.680545450832290,-.4201363627080711,-.4201363627080737
425,1,784,.000000000000000,.000000000000000,-32.32329283712058,32.32329283712058
425,2,256,-64.64658567424019,129.2931713484804,-45.48906439771378,-19.15752127652638
425,3,256,-26.33154312118641,52.66308624237281,-24.88987376329355,-1.441669357892876
425,4,256,-23.44820440540063,46.89640881080125,-12.18761090795653,-11.26059349744407
425,5,10,-.9270174105124630,1.854034821024926,-.4635087052562307,-.4635087052562322
426,1,784,.000000000000000,.000000000000000,-32.25802881427883,32.25802881427883
426,2,256,-64.51605762855682,129.0321152571136,-45.52644343635495,-18.98961419220185
426,3,256,-26.53682924415217,53.07365848830435,-25.00932950164218,-1.527499742510001
426,4,256,-23.48182975913219,46.96365951826438,-12.18177689697582,-11.30005286215637
426,5,10,-.8817240348194615,1.763448069638923,-.4408620174097296,-.4408620174097317
427,1,784,.000000000000000,.000000000000000,-32.22399408033455,32.22399408033455
427,2,256,-64.44798816066832,128.8959763213366,-45.41302646462476,-19.03496169604357
427,3,256,-26.37806476858036,52.75612953716072,-25.04343054602554,-1.334634222554832
427,4,256,-23.70879632347072,47.41759264694144,-12.27996010280039,-11.42883622067035
427,5,10,-.8511238821300343,1.702247764260069,-.4255619410650173,-.4255619410650170
428,1,784,.000000000000000,.000000000000000,-32.39400843105226,32.39400843105226
428,2,256,-64.78801686210362,129.5760337242072,-45.42779528786329,-19.36022157424037
428,3,256,-26.06757371362205,52.13514742724410,-24.85786274349572,-1.209710970126323
428,4,256,-23.64815177336938,47.29630354673876,-12.25379594010214,-11.39435583326726
428,5,10,-.8594401068348784,1.718880213669757,-.4297200534174405,-.4297200534174379
429,1,784,.000000000000000,.000000000000000,-32.36001528716343,32.36001528716343
429,2,256,-64.72003057432600,129.4400611486520,-45.51432355730528,-19.20570701702070
429,3,256,-26.30861654028369,52.61723308056739,-24.86659365092158,-1.442022889362140
429,4,256,-23.42457076155943,46.84914152311886,-12.15684221154526,-11.26772855001414
429,5,10,-.8891136615311214,1.778227323062243,-.4445568307655608,-.4445568307655607
430,1,784,.000000000000000,.000000000000000,-32.16136165318530,32.16136165318530
430,2,256,-64.32272330636971,128.6454466127394,-45.37694757252665,-18.94577573384307
430,3,256,-26.43117183868270,52.86234367736539,-25.10854409996965,-1.322627738713024
430,4,256,-23.78591636125667,47.57183272251335,-12.33070957447869,-11.45520678677799
430,5,10,-.8755027877007201,1.751005575401440,-.4377513938503592,-.4377513938503610
431,1,784,.000000000000000,.000000000000000,-32.22230174789293,32.22230174789293
431,2,256,-64.44460349578502,128.8892069915700,-45.55833278038035,-18.88627071540470
431,3,256,-26.67206206497473,53.34412412994946,-25.04462496262512,-1.627437102349592
431,4,256,-23.41718786027551,46.83437572055102,-12.17574829256583,-11.24143956770966
431,5,10,-.9343087248561593,1.868617449712319,-.4671543624280782,-.4671543624280810
432,1,784,.000000000000000,.000000000000000,-32.21911991868804,32.21911991868804
432,2,256,-64.43823983737525,128.8764796747505,-45.23436542940798,-19.20387440796722
432,3,256,-26.03049102143988,52.06098204287976,-25.00408034189866,-1.026410679541205
432,4,256,-23.97766966235752,47.95533932471503,-12.43110551559120,-11.54656414676633
432,5,10,-.8845413688248995,1.769082737649799,-.4422706844124493,-.4422706844124504
433,1,784,.000000000000000,.000000000000000,-32.12555366030071,32.12555366030071
433,2,256,-64.25110732060045,128.5022146412009,-45.21724189795079,-19.03386542264974
433,3,256,-26.18337647530015,52.36675295060029,-24.99761686436014,-1.185759610940015
433,4,256,-23.81185725342016,47.62371450684033,-12.44396677003976,-11.36789048338040
433,5,10,-1.076076286659363,2.152152573318725,-.5380381433296827,-.5380381433296800
434,1,784,.000000000000000,.000000000000000,-32.20697884670157,32.20697884670157
434,2,256,-64.41395769340228,128.8279153868046,-45.35291363823122,-19.06104405517105
434,3,256,-26.29186958305922,52.58373916611845,-25.04412612995722,-1.247743453102026
434,4,256,-23.79638267685514,47.59276535371028,-12.34425173331783,-11.45213094353732
434,5,10,-.8921207897804736,1.784241579560947,-.4460603948902374,-.4460603948902364
435,1,784,.000000000000000,.000000000000000,-32.16390305001742,32.16390305001742
435,2,256,-64.32780610003385,128.6556122000677,-45.28263743540923,-19.04516866462469
435,3,256,-26.23746877078365,52.47493754156730,-25.06546478044194,-1.172003990341709
435,4,256,-23.89346079010023,47.78692158020046,-12.40672836537470,-11.48673242472551
435,5,10,-.9199959406491808,1.839991881298362,-.4599979703245929,-.4599979703245879
436,1,784,.000000000000000,.000000000000000,-32.37617839562963,32.37617839562963
436,2,256,-64.75235679125849,129.5047135825170,-45.49410216665710,-19.25825462460141
436,3,256,-26.23584754205480,52.47169508410959,-24.90073841727727,-1.335109124777524
436,4,256,-23.56562929249978,47.13125858499956,-12.18499279421281,-11.38063649828697
436,5,10,-.8043562959258752,1.608712591851750,-.4021781479629378,-.4021781479629373
437,1,784,.000000000000000,.000000000000000,-32.12146610609915,32.12146610609915
437,2,256,-64.24293221219745,128.4858644243949,-45.41017995065514,-18.83275226154231
437,3,256,-26.57742768911197,53.15485537822395,-25.12632852995184,-1.451099159160105
437,4,256,-23.67522937079174,47.35045874158347,-12.29900502794109,-11.37622434285064
437,5,10,-.9227806850904178,1.845561370180836,-.4613903425452098,-.4613903425452077
438,1,784,.000000000000000,.000000000000000,-32.33666750755299,32.33666750755299
438,2,256,-64.67333501510520,129.3466700302104,-45.50816378933781,-19.16517122576735
438,3,256,-26.34299256356964,52.68598512713929,-24.88590938590322,-1.457083177666427
438,4,256,-23.42882620823681,46.85765241647362,-12.18693808074635,-11.24188812749044
438,5,10,-.9450499532559351,1.890099906511870,-.4725249766279687,-.4725249766279665
439,1,784,.000000000000000,.000000000000000,-32.21760668784457,32.21760668784457
439,2,256,-64.43521337568829,128.8704267513766,-45.44376367459729,-18.99144970109100
439,3,256,-26.45231397350536,52.90462794701072,-25.06360533020378,-1.388708643301600
439,4,256,-23.67489668690221,47.34979337380442,-12.26080055329694,-11.41409613360527
439,5,10,-.8467044196916755,1.693408839383351,-.4233522098458389,-.4233522098458367
440,1,784,.000000000000000,.000000000000000,-32.24901262649468,32.24901262649468
440,2,256,-64.49802525298847,128.9960505059769,-45.51366933827736,-18.98435591471113
440,3,256,-26.52931342356540,53.05862684713080,-25.00676231611639,-1.522551107448992
440,4,256,-23.48421120866741,46.96842241733482,-12.20869465875377,-11.27551654991365
440,5,10,-.9331781088401186,1.866356217680237,-.4665890544200590,-.4665890544200595
441,1,784,.000000000000000,.000000000000000,-32.35258694331593,32.35258694331593
441,2,256,-64.70517388663099,129.4103477732620,-45.51516933220929,-19.19000455442174
441,3,256,-26.32516477778668,52.65032955557335,-24.87811760100648,-1.447047176780206
441,4,256,-23.43107042422624,46.86214084845248,-12.17356176255371,-11.25750866167255
441,5,10,-.9160531008811427,1.832106201762285,-.4580265504405724,-.4580265504405703
442,1,784,.000000000000000,.000000000000000,-32.35886233827057,32.35886233827057
442,2,256,-64.71772467654017,129.4354493530803,-45.29442180613579,-19.42330287040445
442,3,256,-25.87111893573045,51.74223787146089,-24.82604539761990,-1.045073538110545
442,4,256,-23.78097185950935,47.56194371901869,-12.34657661726277,-11.43439524224659
442,5,10,-.9121813750161460,1.824362750032292,-.4560906875080734,-.4560906875080727
443,1,784,.000000000000000,.000000000000000,-31.98696998331601,31.98696998331601
443,2,256,-63.97393996663119,127.9478799332624,-45.30154075162720,-18.67239921500398
443,3,256,-26.62914153662234,53.25828307324468,-25.25729565455873,-1.371845882063605
443,4,256,-23.88544977249509,47.77089954499019,-12.43584617828998,-11.44960359420510
443,5,10,-.9862425840848537,1.972485168169707,-.4931212920424285,-.4931212920424252
444,1,784,.000000000000000,.000000000000000,-32.31071388041909,32.31071388041909
444,2,256,-64.62142776083734,129.2428555216747,-45.32580170579696,-19.29562605504037
444,3,256,-26.03017565075573,52.06035130151147,-24.88214705289186,-1.148028597863874
444,4,256,-23.73411845502800,47.46823691005600,-12.33196046493858,-11.40215799008943
444,5,10,-.9298024748491820,1.859604949698364,-.4649012374245914,-.4649012374245904
445,1,784,.000000000000000,.000000000000000,-32.18986845229657,32.18986845229657
445,2,256,-64.37973690459228,128.7594738091846,-45.45751896089732,-18.92221794369497
445,3,256,-26.53530101720143,53.07060203440285,-25.08901949094085,-1.446281526260578
445,4,256,-23.64273796468027,47.28547592936054,-12.25017984207123,-11.39255812260905
445,5,10,-.8576217194621744,1.715243438924349,-.4288108597310872,-.4288108597310871
446,1,784,.000000000000000,.000000000000000,-32.32776829956160,32.32776829956160
446,2,256,-64.65553659912224,129.3110731982445,-45.46161803332491,-19.19391856579738
446,3,256,-26.26769946752661,52.53539893505322,-24.91917455109447,-1.348524916432179
446,4,256,-23.57064963466228,47.14129926932456,-12.22072185019712,-11.34992778446517
446,5,10,-.8707940657319515,1.741588131463903,-.4353970328659785,-.4353970328659729
447,1,784,.000000000000000,.000000000000000,-32.25445667836356,32.25445667836356
447,2,256,-64.50891335672617,129.0178267134523,-45.40189820301547,-19.10701515371069
447,3,256,-26.29488304930391,52.58976609860782,-24.95859760793209,-1.336285441371818
447,4,256,-23.62231216656029,47.24462433312058,-12.28130829036752,-11.34100387619278
447,5,10,-.9403044141747285,1.880608828349457,-.4701522070873634,-.4701522070873652
448,1,784,.000000000000000,.000000000000000,-32.34027178125018,32.34027178125018
448,2,256,-64.68054356249942,129.3610871249988,-45.44023069661758,-19.24031286588190
448,3,256,-26.19991783073482,52.39983566146964,-24.85983705347455,-1.340080777260269
448,4,256,-23.51975627621432,47.03951255242864,-12.20886286074097,-11.31089341547335
448,5,10,-.8979694452676593,1.795938890535319,-.4489847226338298,-.4489847226338297
449,1,784,.000000000000000,.000000000000000,-31.96731127004804,31.96731127004804
449,2,256,-63.93462254009527,127.8692450801905,-45.47757428771673,-18.45704825237846
449,3,256,-27.02052603533737,54.04105207067473,-25.33330729406855,-1.687218741268835
449,4,256,-23.64608855279973,47.29217710559946,-12.29493639475879,-11.35115215804094
449,5,10,-.9437842367178605,1.887568473435721,-.4718921183589301,-.4718921183589304
450,1,784,.000000000000000,.000000000000000,-32.35598284880658,32.35598284880658
450,2,256,-64.71196569761223,129.4239313952245,-45.47435660150528,-19.23760909610699
450,3,256,-26.23674750539739,52.47349501079477,-24.93322739970095,-1.303520105696426
450,4,256,-23.62970729400457,47.25941458800914,-12.21996852524381,-11.40973876876074
450,5,10,-.8102297564830646,1.620459512966129,-.4051148782415318,-.4051148782415329
451,1,784,.000000000000000,.000000000000000,-32.15731932122960,32.15731932122960
451,2,256,-64.31463864245832,128.6292772849166,-45.51095990718778,-18.80367873527053
451,3,256,-26.70728117191637,53.41456234383274,-25.13370603634561,-1.573575135570741
451,4,256,-23.56013090077489,47.12026180154979,-12.23777471119394,-11.32235618958096
451,5,10,-.9154185216129704,1.830837043225941,-.4577092608064854,-.4577092608064852
452,1,784,.000000000000000,.000000000000000,-32.13843270990953,32.13843270990953
452,2,256,-64.27686541981811,128.5537308396362,-45.32142775605488,-18.95543766376329
452,3,256,-26.36599009229076,52.73198018458152,-25.07814242671870,-1.287847665572031
452,4,256,-23.79029476114671,47.58058952229343,-12.37294779211105,-11.41734696903566
452,5,10,-.9556008230753997,1.911201646150799,-.4778004115377007,-.4778004115376990
453,1,784,.000000000000000,.000000000000000,-32.37414916375626,32.37414916375626
453,2,256,-64.74829832751170,129.4965966550234,-45.67131213790937,-19.07698618960229
453,3,256,-26.59432594830619,53.18865189661238,-24.88525221051242,-1.709073737793774
453,4,256,-23.17617847271864,46.35235694543727,-12.01676503842457,-11.15941343429406
453,5,10,-.8573516041304960,1.714703208260992,-.4286758020652489,-.4286758020652471
454,1,784,.000000000000000,.000000000000000,-32.17898339402217,32.17898339402217
454,2,256,-64.35796678804347,128.7159335760869,-45.15352051630938,-19.20444627173408
454,3,256,-25.94907424457445,51.89814848914891,-25.01617820648091,-.9328960380935258
454,4,256,-24.08328216838743,48.16656433677486,-12.48723524427754,-11.59604692410990
454,5,10,-.8911883201676409,1.782376640335282,-.4455941600838195,-.4455941600838214
455,1,784,.000000000000000,.000000000000000,-32.27896783639370,32.27896783639370
455,2,256,-64.55793567278658,129.1158713455732,-45.27801347201059,-19.27992220077599
455,3,256,-25.99809127123376,51.99618254246752,-24.96439343747012,-1.033697833763628
455,4,256,-23.93069560370646,47.86139120741293,-12.37012965994860,-11.56056594375784
455,5,10,-.8095637161907121,1.619127432381424,-.4047818580953551,-.4047818580953571
456,1,784,.000000000000000,.000000000000000,-32.22368189752471,32.22368189752471
456,2,256,-64.44736379504850,128.8947275900970,-45.45070191589635,-18.99666187915213
456,3,256,-26.45404003674332,52.90808007348663,-25.00756889115475,-1.446471145588574
456,4,256,-23.56109774556614,47.12219549113228,-12.26072384825734,-11.30037389730883
456,5,10,-.9603499509485036,1.920699901897007,-.4801749754742525,-.4801749754742511
457,1,784,.000000000000000,.000000000000000,-32.20686134393495,32.20686134393495
457,2,256,-64.41372268786900,128.8274453757380,-45.40878405613754,-19.00493863173150
457,3,256,-26.40384542440513,52.80769084881026,-25.01148357106793,-1.392361853337199
457,4,256,-23.61912171773078,47.23824343546156,-12.28350648124536,-11.33561523648540
457,5,10,-.9478912447600000,1.895782489520000,-.4739456223800015,-.4739456223799984
458,1,784,.000000000000000,.000000000000000,-32.16633755497543,32.16633755497543
458,2,256,-64.33267510995009,128.6653502199002,-45.42633716265944,-18.90633794729063
458,3,256,-26.51999921536794,53.03999843073588,-25.10528645190017,-1.414712763467765
458,4,256,-23.69057368843242,47.38114737686484,-12.28393945561848,-11.40663423281391
458,5,10,-.8773052228045518,1.754610445609104,-.4386526114022767,-.4386526114022752
459,1,784,.000000000000000,.000000000000000,-32.31160225176236,32.31160225176236
459,2,256,-64.62320450352378,129.2464090070476,-45.45828383276523,-19.16492067075862
459,3,256,-26.29336316200576,52.58672632401152,-24.91404871520086,-1.379314446804876
459,4,256,-23.53473426839597,47.06946853679194,-12.21606224663259,-11.31867202176339
459,5,10,-.8973902248691684,1.794780449738337,-.4486951124345833,-.4486951124345850
460,1,784,.000000000000000,.000000000000000,-32.22999511524946,32.22999511524946
460,2,256,-64.45999023049798,128.9199804609960,-45.33650581136679,-19.12348441913123
460,3,256,-26.21302139223470,52.42604278446940,-25.03256240766209,-1.180458984572625
460,4,256,-23.85210342308948,47.70420684617896,-12.36816290186295,-11.48394052122653
460,5,10,-.8842223806364351,1.768444761272870,-.4421111903182178,-.4421111903182172
461,1,784,.000000000000000,.000000000000000,-32.14131142923767,32.14131142923767
461,2,256,-64.28262285847443,128.5652457169489,-45.21568798108385,-19.06693487739054
461,3,256,-26.14875310369244,52.29750620738488,-25.10623180732348,-1.042521296368954
461,4,256,-24.06371051095455,48.12742102190909,-12.46925411768081,-11.59445639327373
461,5,10,-.8747977244071030,1.749595448814206,-.4373988622035493,-.4373988622035535
462,1,784,.000000000000000,.000000000000000,-32.29184998328023,32.29184998328023
462,2,256,-64.58369996655951,129.1673999331190,-45.34042236165160,-19.24327760490790
462,3,256,-26.09714475674283,52.19428951348566,-24.94925915762876,-1.147885599114078
462,4,256,-23.80137355851469,47.60274711702938,-12.31408154321505,-11.48729201529962
462,5,10,-.8267895279154428,1.653579055830886,-.4133947639577199,-.4133947639577230
463,1,784,.000000000000000,.000000000000000,-32.25407044998043,32.25407044998043
463,2,256,-64.50814089995998,129.0162817999200,-45.40130299940944,-19.10683790055058
463,3,256,-26.29446509885794,52.58893019771589,-24.95980930875773,-1.334655790100211
463,4,256,-23.62515351865751,47.25030703731501,-12.28276153963954,-11.34239197901795
463,5,10,-.9403695606216005,1.880739121243201,-.4701847803107982,-.4701847803108023
464,1,784,.000000000000000,.000000000000000,-32.24231511005910,32.24231511005910
464,2,256,-64.48463022011734,128.9692604402347,-45.35042803024110,-19.13420218987623
464,3,256,-26.21622584036398,52.43245168072795,-24.96238517923942,-1.253840661124555
464,4,256,-23.70854451811486,47.41708903622972,-12.30628249929030,-11.40226201882455
464,5,10,-.9040204804657432,1.808040960931486,-.4520102402328713,-.4520102402328720
465,1,784,.000000000000000,.000000000000000,-32.12659395939643,32.12659395939643
465,2,256,-64.25318791879197,128.5063758375839,-45.26446370648994,-18.98872421230204
465,3,256,-26.27573949418706,52.55147898837411,-25.09791644599827,-1.177823048188774
465,4,256,-23.92009339780950,47.84018679561899,-12.42493537167477,-11.49515802613473
465,5,10,-.9297773455400209,1.859554691080042,-.4648886727700107,-.4648886727700103
466,1,784,.000000000000000,.000000000000000,-32.24188586122123,32.24188586122123
466,2,256,-64.48377172244162,128.9675434448832,-45.39093006316234,-19.09284165927927
466,3,256,-26.29808840388222,52.59617680776444,-24.97832984558587,-1.319758558296349
466,4,256,-23.65857128728951,47.31714257457902,-12.29476207909696,-11.36380920819256
466,5,10,-.9309528709044058,1.861905741808812,-.4654764354522026,-.4654764354522032
467,1,784,.000000000000000,.000000000000000,-32.39275073758127,32.39275073758127
467,2,256,-64.78550147516165,129.5710029503233,-45.54384634924901,-19.24165512591262
467,3,256,-26.30219122333553,52.60438244667105,-24.85850155773635,-1.443689665599177
467,4,256,-23.41481189213717,46.82962378427434,-12.13030893920007,-11.28450295293710
467,5,10,-.8458059862629728,1.691611972525946,-.4229029931314851,-.4229029931314877
468,1,784,.000000000000000,.000000000000000,-32.16691076731266,32.16691076731266
468,2,256,-64.33382153462442,128.6676430692488,-45.38281165418111,-18.95100988044336
468,3,256,-26.43180177373684,52.86360354747369,-25.10016709271391,-1.331634681022923
468,4,256,-23.76853241169094,47.53706482338189,-12.32141662137098,-11.44711579031998
468,5,10,-.8743008310509806,1.748601662101961,-.4371504155254887,-.4371504155254918
469,1,784,.000000000000000,.000000000000000,-32.11754362855594,32.11754362855594
469,2,256,-64.23508725711099,128.4701745142220,-45.39180494987456,-18.84328230723643
469,3,256,-26.54852264263725,53.09704528527450,-25.13637840582406,-1.412144236813207
469,4,256,-23.72423416901077,47.44846833802155,-12.34368323064912,-11.38055093836167
469,5,10,-.9631322922874543,1.926264584574909,-.4815661461437278,-.4815661461437266
470,1,784,.000000000000000,.000000000000000,-32.30000356970631,32.30000356970631
470,2,256,-64.60000713941183,129.2000142788237,-45.71660342448230,-18.88340371492954
470,3,256,-26.83319970955191,53.66639941910381,-24.96884246970473,-1.864357239847149
470,4,256,-23.10448522985761,46.20897045971522,-12.03551781571668,-11.06896741414093
470,5,10,-.9665504015757741,1.933100803151548,-.4832752007878872,-.4832752007878872
471,1,784,.000000000000000,.000000000000000,-32.32785953462561,32.32785953462561
471,2,256,-64.65571906925028,129.3114381385006,-45.38159164983832,-19.27412741941190
471,3,256,-26.10746423042560,52.21492846085119,-24.86013919122023,-1.247325039205359
471,4,256,-23.61281415201490,47.22562830402980,-12.28367672786953,-11.32913742414538
471,5,10,-.9545393037241712,1.909078607448342,-.4772696518620855,-.4772696518620857
472,1,784,.000000000000000,.000000000000000,-31.93469008239980,31.93469008239980
472,2,256,-63.86938016479873,127.7387603295975,-45.43720376854932,-18.43217639624944
472,3,256,-27.00502737229900,54.01005474459799,-25.39409873106494,-1.610928641234041
472,4,256,-23.78317008983097,47.56634017966195,-12.34572843732064,-11.43744165251032
472,5,10,-.9082867848103672,1.816573569620734,-.4541433924051826,-.4541433924051846
473,1,784,.000000000000000,.000000000000000,-32.17863981663622,32.17863981663622
473,2,256,-64.35727963327163,128.7145592665433,-45.46884495283532,-18.88843468043633
473,3,256,-26.58041027239805,53.16082054479610,-25.05621365871560,-1.524196613682449
473,4,256,-23.53201704503315,47.06403409006631,-12.24662168752183,-11.28539535751132
473,5,10,-.9612263300104891,1.922452660020978,-.4806131650052457,-.4806131650052434
474,1,784,.000000000000000,.000000000000000,-32.20172152471221,32.20172152471221
474,2,256,-64.40344304942357,128.8068860988471,-45.30819166063169,-19.09525138879187
474,3,256,-26.21294027183894,52.42588054367788,-25.04630425296007,-1.166636018878887
474,4,256,-23.87966823408114,47.75933646816227,-12.37413313963638,-11.50553509444475
474,5,10,-.8685980451916240,1.737196090383248,-.4342990225958102,-.4342990225958138
475,1,784,.000000000000000,.000000000000000,-32.31238605887603,32.31238605887603
475,2,256,-64.62477211775118,129.2495442355024,-45.38508212815243,-19.23968998959877
475,3,256,-26.14539213855280,52.29078427710559,-24.85012703991109,-1.295265098641728
475,4,256,-23.55486194126934,47.10972388253868,-12.25010838435291,-11.30475355691643
475,5,10,-.9453548274364859,1.890709654872972,-.4726774137182415,-.4726774137182445
476,1,784,.000000000000000,.000000000000000,-32.16369706035797,32.16369706035797
476,2,256,-64.32739412071506,128.6547882414301,-45.37762699853951,-18.94976712217554
476,3,256,-26.42785987636313,52.85571975272627,-25.11321014747936,-1.314649728883760
476,4,256,-23.79856041859566,47.59712083719132,-12.32421500435692,-11.47434541423873
476,5,10,-.8498695901181911,1.699739180236382,-.4249347950590976,-.4249347950590935
477,1,784,.000000000000000,.000000000000000,-32.48972122031510,32.48972122031510
477,2,256,-64.97944244062920,129.9588848812584,-45.38785689456237,-19.59158554606685
477,3,256,-25.79627134849463,51.59254269698926,-24.64874282758194,-1.147528520912647
477,4,256,-23.50121430666929,47.00242861333857,-12.23125570993324,-11.26995859673606
477,5,10,-.9612971131971633,1.922594226394327,-.4806485565985809,-.4806485565985824
478,1,784,.000000000000000,.000000000000000,-32.21599884387831,32.21599884387831
478,2,256,-64.43199768775575,128.8639953755115,-45.18957832029435,-19.24241936746139
478,3,256,-25.94715895283206,51.89431790566412,-24.92852383226750,-1.018635120564562
478,4,256,-23.90988871170293,47.81977742340585,-12.43120586103667,-11.47868285066628
478,5,10,-.9525230103704050,1.905046020740810,-.4762615051852036,-.4762615051852014
479,1,784,.000000000000000,.000000000000000,-32.06542439121653,32.06542439121653
479,2,256,-64.13084878243222,128.2616975648644,-45.41748761632397,-18.71336116610823
479,3,256,-26.70412645021482,53.40825290042964,-25.20285025959143,-1.501276190623383
479,4,256,-23.70157406896805,47.40314813793610,-12.31116959889889,-11.39040447006915
479,5,10,-.9207651288297295,1.841530257659459,-.4603825644148633,-.4603825644148663
480,1,784,.000000000000000,.000000000000000,-32.38214276522324,32.38214276522324
480,2,256,-64.76428553044560,129.5285710608912,-45.50287232861214,-19.26141320183342
480,3,256,-26.24145912677789,52.48291825355579,-24.82971495578935,-1.411744170988549
480,4,256,-23.41797078480081,46.83594156960162,-12.17246229775365,-11.24550848704717
480,5,10,-.9269538107064728,1.853907621412946,-.4634769053532355,-.4634769053532371
481,1,784,.000000000000000,.000000000000000,-32.06627016301521,32.06627016301521
481,2,256,-64.13254032602956,128.2650806520591,-45.36844672141805,-18.76409360461148
481,3,256,-26.60435311680565,53.20870623361130,-25.21027719992811,-1.394075916877598
481,4,256,-23.81620128305048,47.63240256610096,-12.37074004357758,-11.44546123947290
481,5,10,-.9252788041046692,1.850557608209338,-.4626394020523341,-.4626394020523351
482,1,784,.000000000000000,.000000000000000,-32.23639235772630,32.23639235772630
482,2,256,-64.47278471545168,128.9455694309034,-45.45350556155147,-19.01927915390018
482,3,256,-26.43422640765039,52.86845281530078,-25.01634707857205,-1.417879329078349
482,4,256,-23.59846774949367,47.19693549898734,-12.24306715949401,-11.35540058999968
482,5,10,-.8876665694943512,1.775333138988702,-.4438332847471743,-.4438332847471768
483,1,784,.000000000000000,.000000000000000,-32.20897590340304,32.20897590340304
483,2,256,-64.41795180680515,128.8359036136103,-45.33239866544430,-19.08555314136087
483,3,256,-26.24684552408247,52.49369104816495,-25.02918283118262,-1.217662692899853
483,4,256,-23.81152013828275,47.62304027656550,-12.34786020944408,-11.46365992883867
483,5,10,-.8842002806054260,1.768400561210852,-.4421001403027138,-.4421001403027123
484,1,784,.000000000000000,.000000000000000,-32.28156574571144,32.28156574571144
484,2,256,-64.56313149142203,129.1262629828441,-45.37205535600281,-19.19107613541922
484,3,256,-26.18097922058271,52.36195844116541,-24.88605148757326,-1.294927733009419
484,4,256,-23.59112375456389,47.18224750912778,-12.26845466122342,-11.32266909334046
484,5,10,-.9457855678829888,1.891571135765978,-.4728927839414964,-.4728927839414923
485,1,784,.000000000000000,.000000000000000,-32.01001323357190,32.01001323357190
485,2,256,-64.02002646714288,128.0400529342858,-45.33055900789340,-18.68946745924949
485,3,256,-26.64109154864303,53.28218309728607,-25.28227859837676,-1.358812950266258
485,4,256,-23.92346564811051,47.84693129622103,-12.40989689439367,-11.51356875371683
485,5,10,-.8963281406768437,1.792656281353687,-.4481640703384243,-.4481640703384194
486,1,784,.000000000000000,.000000000000000,-32.13926203267493,32.13926203267493
486,2,256,-64.27852406534899,128.5570481306980,-45.48108087136036,-18.79744319398862
486,3,256,-26.68363767737092,53.36727535474185,-25.15624233615779,-1.527395341213119
486,4,256,-23.62884699494471,47.25769398988943,-12.23921443351879,-11.38963256142594
486,5,10,-.8495818720928762,1.699163744185752,-.4247909360464379,-.4247909360464384
487,1,784,.000000000000000,.000000000000000,-32.14003518713960,32.14003518713960
487,2,256,-64.28007037427844,128.5601407485569,-45.43545002742655,-18.84462034685188
487,3,256,-26.59082968057374,53.18165936114748,-25.14182917689480,-1.449000503678936
487,4,256,-23.69282867321585,47.38565734643170,-12.26821348584819,-11.42461518736767
487,5,10,-.8435982984805180,1.687196596961036,-.4217991492402616,-.4217991492402565
488,1,784,.000000000000000,.000000000000000,-32.50335608633157,32.50335608633157
488,2,256,-65.00671217266230,130.0134243453246,-45.55050333507529,-19.45620883758696
488,3,256,-26.09429449748745,52.18858899497490,-24.71105158069590,-1.383242916791530
488,4,256,-23.32780866390438,46.65561732780876,-12.11108892428060,-11.21671973962379
488,5,10,-.8943691846568287,1.788738369313657,-.4471845923284158,-.4471845923284130
489,1,784,.000000000000000,.000000000000000,-32.11048067360043,32.11048067360043
489,2,256,-64.22096134720000,128.4419226944000,-45.45378010277370,-18.76718124442633
489,3,256,-26.68659885834652,53.37319771669305,-25.18865283135179,-1.497946026994760
489,4,256,-23.69070680435701,47.38141360871401,-12.26199447920940,-11.42871232514760
489,5,10,-.8332821540617783,1.666564308123557,-.4166410770308892,-.4166410770308892
490,1,784,.000000000000000,.000000000000000,-32.22280866777416,32.22280866777416
490,2,256,-64.44561733554741,128.8912346710948,-45.48325932367055,-18.96235801187687
490,3,256,-26.52090131179276,53.04180262358552,-24.98939864099662,-1.531502670796147
490,4,256,-23.45789597020046,46.91579194040093,-12.20025365249540,-11.25764231770508
490,5,10,-.9426113347903202,1.885222669580640,-.4713056673951599,-.4713056673951605
491,1,784,.000000000000000,.000000000000000,-32.16077829840425,32.16077829840425
491,2,256,-64.32155659680770,128.6431131936154,-45.30017671260602,-19.02137988420164
491,3,256,-26.27879682840345,52.55759365680691,-25.07002996738595,-1.208766861017519
491,4,256,-23.86126310636849,47.72252621273697,-12.39370754575106,-11.46755556061741
491,5,10,-.9261519851336831,1.852303970267366,-.4630759925668445,-.4630759925668386
492,1,784,.000000000000000,.000000000000000,-32.16399624018072,32.16399624018072
492,2,256,-64.32799248036048,128.6559849607210,-45.44214739127802,-18.88584508908241
492,3,256,-26.55630230219475,53.11260460438950,-25.06886932614079,-1.487432976053956
492,4,256,-23.58143635008686,47.16287270017371,-12.26172997298405,-11.31970637710281
492,5,10,-.9420235958812416,1.884047191762483,-.4710117979406192,-.4710117979406226
493,1,784,.000000000000000,.000000000000000,-32.06813206455547,32.06813206455547
493,2,256,-64.13626412910996,128.2725282582199,-45.40628178979813,-18.72998233931190
493,3,256,-26.67629945048525,53.35259890097051,-25.20483982085048,-1.471459629634777
493,4,256,-23.73338019121566,47.46676038243132,-12.33116579115448,-11.40221440006118
493,5,10,-.9289513910932663,1.857902782186533,-.4644756955466337,-.4644756955466326
494,1,784,.000000000000000,.000000000000000,-32.21172658500640,32.21172658500640
494,2,256,-64.42345317001192,128.8469063400238,-45.43218877177847,-18.99126439823342
494,3,256,-26.44092437354409,52.88184874708817,-25.03177903330871,-1.409145340235383
494,4,256,-23.62263369307333,47.24526738614666,-12.27273285489837,-11.34990083817495
494,5,10,-.9228320167234202,1.845664033446840,-.4614160083617115,-.4614160083617087
495,1,784,.000000000000000,.000000000000000,-32.06174206409509,32.06174206409509
495,2,256,-64.12348412818935,128.2469682563787,-45.33896961651046,-18.78451451167885
495,3,256,-26.55445510483077,53.10891020966154,-25.19085832346031,-1.363596781370450
495,4,256,-23.82726154208989,47.65452308417979,-12.37065518614190,-11.45660635594801
495,5,10,-.9140488301939127,1.828097660387825,-.4570244150969567,-.4570244150969559
496,1,784,.000000000000000,.000000000000000,-32.27315248275512,32.27315248275512
496,2,256,-64.54630496550928,129.0926099310186,-45.52374236066750,-19.02256260484180
496,3,256,-26.50117975582489,53.00235951164978,-24.95844572313235,-1.542734032692542
496,4,256,-23.41571169043985,46.83142338087971,-12.17103906453746,-11.24467262590239
496,5,10,-.9263664386351038,1.852732877270208,-.4631832193175522,-.4631832193175517
497,1,784,.000000000000000,.000000000000000,-32.42066222325342,32.42066222325342
497,2,256,-64.84132444650594,129.6826488930119,-45.50054808359305,-19.34077636291291
497,3,256,-26.15977172067925,52.31954344135849,-24.82280824438255,-1.336963476296717
497,4,256,-23.48584476808586,46.97168953617172,-12.15623104982250,-11.32961371826336
497,5,10,-.8266173315591456,1.653234663118291,-.4133086657795713,-.4133086657795744
498,1,784,.000000000000000,.000000000000000,-32.21679839367128,32.21679839367128
498,2,256,-64.43359678734166,128.8671935746833,-45.32921789013766,-19.10437889720400
498,3,256,-26.22483899293273,52.44967798586546,-24.97091888243306,-1.253920110499675
498,4,256,-23.71699877193342,47.43399754386684,-12.33729809712237,-11.37970067481105
498,5,10,-.9575974223113302,1.915194844622660,-.4787987111556664,-.4787987111556639
499,1,784,.000000000000000,.000000000000000,-32.18265008812168,32.18265008812168
499,2,256,-64.36530017624241,128.7306003524848,-45.25807152696843,-19.10722864927396
499,3,256,-26.15084287769365,52.30168575538730,-25.04898099401521,-1.101861883678431
499,4,256,-23.94711911033681,47.89423822067362,-12.41232363157605,-11.53479547876077
499,5,10,-.8775281528153095,1.755056305630619,-.4387640764076536,-.4387640764076559
500,1,784,.000000000000000,.000000000000000,-32.10937649307179,32.10937649307179
500,2,256,-64.21875298614266,128.4375059722853,-45.58755246902294,-18.63120051711973
500,3,256,-26.95635195190235,53.91270390380469,-25.20304038737344,-1.753311564528911
500,4,256,-23.44972882284458,46.89945764568915,-12.16012383383491,-11.28960498900965
500,5,10,-.8705188448252827,1.741037689650565,-.4352594224126417,-.4352594224126410
501,1,784,.000000000000000,.000000000000000,-32.23832683257000,32.23832683257000
501,2,256,-64.47665366513907,128.9533073302781,-45.41273975383954,-19.06391391129957
501,3,256,-26.34882584253902,52.69765168507804,-24.96456317877557,-1.384262663763411
501,4,256,-23.58030051501209,47.16060103002419,-12.26538231414959,-11.31491820086250
501,5,10,-.9504641132870988,1.900928226574198,-.4752320566435478,-.4752320566435509
502,1,784,.000000000000000,.000000000000000,-32.21518513093931,32.21518513093931
502,2,256,-64.43037026187778,128.8607405237556,-45.38361734398714,-19.04675291789063
502,3,256,-26.33686442609567,52.67372885219134,-24.99065668784633,-1.346207738249344
502,4,256,-23.64444894959695,47.28889789919390,-12.30527849730406,-11.33917045229290
502,5,10,-.9661080450111587,1.932216090022317,-.4830540225055809,-.4830540225055777
503,1,784,.000000000000000,.000000000000000,-31.94688772625558,31.94688772625558
503,2,256,-63.89377545251024,127.7875509050205,-45.53424172707754,-18.35953372543274
503,3,256,-27.17470800164384,54.34941600328768,-25.39723972332670,-1.777468278317127
503,4,256,-23.61977144500957,47.23954289001914,-12.26921277091220,-11.35055867409736
503,5,10,-.9186540968148319,1.837308193629664,-.4593270484074149,-.4593270484074170
504,1,784,.000000000000000,.000000000000000,-32.31010970361194,32.31010970361194
504,2,256,-64.62021940722302,129.2404388144460,-45.39635469524660,-19.22386471197644
504,3,256,-26.17248998326930,52.34497996653860,-24.88164151325768,-1.290848470011610
504,4,256,-23.59079304324613,47.18158608649225,-12.27748941840368,-11.31330362484245
504,5,10,-.9641857935612524,1.928371587122505,-.4820928967806265,-.4820928967806262
505,1,784,.000000000000000,.000000000000000,-32.10471282165879,32.10471282165879
505,2,256,-64.20942564331668,128.4188512866334,-45.51076679196512,-18.69865885135156
505,3,256,-26.81210794061271,53.62421588122541,-25.26503894200134,-1.547068998611357
505,4,256,-23.71796994338997,47.43593988677995,-12.24535983130796,-11.47261011208202
505,5,10,-.7727497192259417,1.545499438451883,-.3863748596129711,-.3863748596129706
506,1,784,.000000000000000,.000000000000000,-32.41313473344670,32.41313473344670
506,2,256,-64.82626946689253,129.6525389337851,-45.54010620313898,-19.28616326375349
506,3,256,-26.25394293938456,52.50788587876912,-24.80294360171967,-1.450999337664891
506,4,256,-23.35194426405480,46.70388852810959,-12.12787506124102,-11.22406920281377
506,5,10,-.9038058584272597,1.807611716854519,-.4519029292136301,-.4519029292136297
507,1,784,.000000000000000,.000000000000000,-32.32156411078146,32.32156411078146
507,2,256,-64.64312822156198,129.2862564431240,-45.54684233239563,-19.09628588916632
507,3,256,-26.45055644322846,52.90111288645691,-24.89759299881382,-1.552963444414640
507,4,256,-23.34462955439918,46.68925910879836,-12.13671880877073,-11.20791074562845
507,5,10,-.9288080631422727,1.857616126284545,-.4644040315711371,-.4644040315711356
508,1,784,.000000000000000,.000000000000000,-32.42237485766044,32.42237485766044
508,2,256,-64.84474971532012,129.6894994306402,-45.49352250195609,-19.35122721336401
508,3,256,-26.14229528859115,52.28459057718231,-24.72721818890801,-1.415077099683149
508,4,256,-23.31214108922478,46.62428217844955,-12.17047905489291,-11.14166203433186
508,5,10,-1.028817020561027,2.057634041122054,-.5144085102805143,-.5144085102805124
509,1,784,.000000000000000,.000000000000000,-32.17247548723132,32.17247548723132
509,2,256,-64.34495097446172,128.6899019489234,-45.35962550455852,-18.98532546990329
509,3,256,-26.37430003465440,52.74860006930881,-25.09050436456042,-1.283795670093989
509,4,256,-23.80670869446645,47.61341738893289,-12.32063334081460,-11.48607535365185
509,5,10,-.8345579871627510,1.669115974325502,-.4172789935813764,-.4172789935813745
510,1,784,.000000000000000,.000000000000000,-32.38998497242845,32.38998497242845
510,2,256,-64.77996994485601,129.5599398897120,-45.46420401418870,-19.31576593066734
510,3,256,-26.14843808352043,52.29687616704086,-24.81373197580648,-1.334706107713937
510,4,256,-23.47902586809253,46.95805173618507,-12.18698998978813,-11.29203587830441
510,5,10,-.8949541114837022,1.789908222967404,-.4474770557418511,-.4474770557418513
511,1,784,.000000000000000,.000000000000000,-32.19047739722293,32.19047739722293
511,2,256,-64.38095479444503,128.7619095888901,-45.35074048983932,-19.03021430460569
511,3,256,-26.32052618523279,52.64105237046558,-25.09550475158700,-1.225021433645762
511,4,256,-23.87048331794126,47.74096663588251,-12.35247941817806,-11.51800389976318
511,5,10,-.8344755184148891,1.668951036829778,-.4172377592074440,-.4172377592074451
512,1,784,.000000000000000,.000000000000000,-32.18457413017081,32.18457413017081
512,2,256,-64.36914826034079,128.7382965206816,-45.38058422529483,-18.98856403504595
512,3,256,-26.39202019024795,52.78404038049590,-25.07964522041503,-1.312374969832939
512,4,256,-23.76727025058203,47.53454050116405,-12.30270427596646,-11.46456597461559
512,5,10,-.8381383013508472,1.676276602701694,-.4190691506754237,-.4190691506754235
513,1,784,.000000000000000,.000000000000000,-32.32720820518618,32.32720820518618
513,2,256,-64.65441641037150,129.3088328207430,-45.39989442743938,-19.25452198293211
513,3,256,-26.14537244450638,52.29074488901276,-24.87628454433816,-1.269087900168216
513,4,256,-23.60719664416994,47.21439328833988,-12.24550961157677,-11.36168703259316
513,5,10,-.8838225789835843,1.767645157967169,-.4419112894917904,-.4419112894917939
514,1,784,.000000000000000,.000000000000000,-32.27625524884245,32.27625524884245
514,2,256,-64.55251049768394,129.1050209953679,-45.37351686269887,-19.17899363498504
514,3,256,-26.19452322771299,52.38904645542598,-24.97545156756418,-1.219071660148820
514,4,256,-23.75637990741538,47.51275981483075,-12.29647517006916,-11.45990473734622
514,5,10,-.8365704327229250,1.673140865445850,-.4182852163614640,-.4182852163614609
515,1,784,.000000000000000,.000000000000000,-32.08422274665283,32.08422274665283
515,2,256,-64.16844549330479,128.3368909866096,-45.46819464415648,-18.70025084914829
515,3,256,-26.76794379500729,53.53588759001458,-25.15824235930275,-1.609701435704551
515,4,256,-23.54854092359824,47.09708184719647,-12.24707157479375,-11.30146934880447
515,5,10,-.9456022259892950,1.891204451978590,-.4728011129946481,-.4728011129946469
516,1,784,.000000000000000,.000000000000000,-32.19472379737176,32.19472379737176
516,2,256,-64.38944759474263,128.7788951894853,-45.38722597760691,-19.00222161713568
516,3,256,-26.38500436047034,52.77000872094068,-25.03763970514522,-1.347364655325121
516,4,256,-23.69027504982016,47.38055009964032,-12.29821031746243,-11.39206473235773
516,5,10,-.9061455851047578,1.812291170209516,-.4530727925523781,-.4530727925523798
517,1,784,.000000000000000,.000000000000000,-32.26169996416554,32.26169996416554
517,2,256,-64.52339992833028,129.0467998566606,-45.35592177521985,-19.16747815311043
517,3,256,-26.18844362210858,52.37688724421717,-24.94287352861987,-1.245570093488725
517,4,256,-23.69730343513118,47.39460687026236,-12.31891490502550,-11.37838853010567
517,5,10,-.9405263749198485,1.881052749839697,-.4702631874599244,-.4702631874599241
518,1,784,.000000000000000,.000000000000000,-32.05846792818375,32.05846792818375
518,2,256,-64.11693585636660,128.2338717127332,-45.35604316891626,-18.76089268745030
518,3,256,-26.59515048146509,53.19030096293017,-25.24412531008144,-1.351025171383666
518,4,256,-23.89310013869775,47.78620027739549,-12.37169925988696,-11.52140087881081
518,5,10,-.8502983810761388,1.700596762152278,-.4251491905380723,-.4251491905380664
519,1,784,.000000000000000,.000000000000000,-32.17857214291358,32.17857214291358
519,2,256,-64.35714428582622,128.7142885716524,-45.29834540302732,-19.05879888279888
519,3,256,-26.23954652022753,52.47909304045506,-25.08750436126052,-1.152042158967062
519,4,256,-23.93546220229341,47.87092440458682,-12.38294002761744,-11.55252217467598
519,5,10,-.8304178529414316,1.660835705882863,-.4152089264707168,-.4152089264707148
520,1,784,.000000000000000,.000000000000000,-32.05647327972290,32.05647327972290
520,2,256,-64.11294655944496,128.2258931188899,-45.36739282063895,-18.74555373880601
520,3,256,-26.62183908183205,53.24367816366410,-25.22041608487146,-1.401422996960581
520,4,256,-23.81899308791090,47.63798617582179,-12.37559255604198,-11.44340053186893
520,5,10,-.9321920241730668,1.864384048346134,-.4660960120865338,-.4660960120865330
521,1,784,.000000000000000,.000000000000000,-32.15816370919682,32.15816370919682
521,2,256,-64.31632741839270,128.6326548367854,-45.37521127186252,-18.94111614653020
521,3,256,-26.43409512533147,52.86819025066293,-25.08595881859971,-1.348136306731782
521,4,256,-23.73782251186793,47.47564502373586,-12.34870674421833,-11.38911576764961
521,5,10,-.9595909765687127,1.919181953137425,-.4797954882843549,-.4797954882843578
522,1,784,.000000000000000,.000000000000000,-32.15592818209832,32.15592818209832
522,2,256,-64.31185636419565,128.6237127283913,-45.34889713717416,-18.96295922702151
522,3,256,-26.38593791015174,52.77187582030348,-25.13553548416197,-1.250402425989772
522,4,256,-23.88513305817219,47.77026611634437,-12.35000009603540,-11.53513296213677
522,5,10,-.8148671338986068,1.629734267797214,-.4074335669493021,-.4074335669493047
523,1,784,.000000000000000,.000000000000000,-32.11697399110017,32.11697399110017
523,2,256,-64.23394798219940,128.4678959643988,-45.26071229785847,-18.97323568434094
523,3,256,-26.28747661351664,52.57495322703328,-25.09997120698115,-1.187505406535481
523,4,256,-23.91246580044568,47.82493160089135,-12.39570229576446,-11.51676350468122
523,5,10,-.8789387910832362,1.757877582166472,-.4394693955416199,-.4394693955416163
524,1,784,.000000000000000,.000000000000000,-32.17539552827800,32.17539552827800
524,2,256,-64.35079105655498,128.7015821131100,-45.23674165041454,-19.11404940614050
524,3,256,-26.12269224427311,52.24538448854622,-25.06911311617653,-1.053579128096587
524,4,256,-24.01553398807994,48.03106797615989,-12.43310496600075,-11.58242902207920
524,5,10,-.8506759439215605,1.701351887843121,-.4253379719607794,-.4253379719607812
525,1,784,.000000000000000,.000000000000000,-32.10452656312589,32.10452656312589
525,2,256,-64.20905312625095,128.4181062525019,-45.28788337849823,-18.92116974775271
525,3,256,-26.36671363074462,52.73342726148925,-25.18078600079982,-1.185927629944818
525,4,256,-23.99485837085496,47.98971674170991,-12.40828253285060,-11.58657583800436
525,5,10,-.8217066948462426,1.643413389692485,-.4108533474231210,-.4108533474231216
526,1,784,.000000000000000,.000000000000000,-32.41247966946271,32.41247966946271
526,2,256,-64.82495933892453,129.6499186778491,-45.35946432248472,-19.46549501643980
526,3,256,-25.89396930604411,51.78793861208823,-24.77404832099455,-1.119920985049588
526,4,256,-23.65412733594496,47.30825467188992,-12.27206337453419,-11.38206396141076
526,5,10,-.8899994131234180,1.779998826246836,-.4449997065617082,-.4449997065617096
527,1,784,.000000000000000,.000000000000000,-32.19628032786246,32.19628032786246
527,2,256,-64.39256065572404,128.7851213114481,-45.36682316895216,-19.02573748677187
527,3,256,-26.34108568217938,52.68217136435875,-25.03292248060787,-1.308163201571515
527,4,256,-23.72475927903633,47.44951855807266,-12.31143556011439,-11.41332371892196
527,5,10,-.8981118411924169,1.796223682384834,-.4490559205962097,-.4490559205962072
528,1,784,.000000000000000,.000000000000000,-32.32361138344499,32.32361138344499
528,2,256,-64.64722276688907,129.2944455337781,-45.49781166194754,-19.14941110494156
528,3,256,-26.34840055700509,52.69680111401017,-24.92410681376991,-1.424293743235159
528,4,256,-23.49981307053474,46.99962614106947,-12.18819138030308,-11.31162169023165
528,5,10,-.8765696900714142,1.753139380142828,-.4382848450357076,-.4382848450357064
529,1,784,.000000000000000,.000000000000000,-32.33713047554171,32.33713047554171
529,2,256,-64.67426095108243,129.3485219021649,-45.55760748895507,-19.11665346212748
529,3,256,-26.44095402682672,52.88190805365345,-24.89979049562930,-1.541163531197464
529,4,256,-23.35862696443189,46.71725392886378,-12.15492025651404,-11.20370670791785
529,5,10,-.9512135485961917,1.902427097192383,-.4756067742980981,-.4756067742980934
530,1,784,.000000000000000,.000000000000000,-32.29681697447366,32.29681697447366
530,2,256,-64.59363394894648,129.1872678978930,-45.32972380857159,-19.26391014037484
530,3,256,-26.06581366819588,52.13162733639175,-24.88601382998835,-1.179799838207536
530,4,256,-23.70621399178085,47.41242798356170,-12.31851734842547,-11.38769664335536
530,5,10,-.9308207050701426,1.861641410140285,-.4654103525350701,-.4654103525350725
531,1,784,.000000000000000,.000000000000000,-32.32315043271981,32.32315043271981
531,2,256,-64.64630086543865,129.2926017308773,-45.20216552148027,-19.44413534395834
531,3,256,-25.75803017752105,51.51606035504210,-24.83521759285014,-.9228125846709180
531,4,256,-23.91240500817921,47.82481001635842,-12.43182084811844,-11.48058416006077
531,5,10,-.9512366880576788,1.902473376115358,-.4756183440288412,-.4756183440288376
532,1,784,.000000000000000,.000000000000000,-32.42007461286191,32.42007461286191
532,2,256,-64.84014922572287,129.6802984514457,-45.53376926794503,-19.30637995777787
532,3,256,-26.22738931016623,52.45477862033245,-24.84126672868974,-1.386122581476491
532,4,256,-23.45514414721321,46.91028829442642,-12.15410430492479,-11.30103984228841
532,5,10,-.8530644626363683,1.706128925272737,-.4265322313181827,-.4265322313181855
533,1,784,.000000000000000,.000000000000000,-32.12070157966062,32.12070157966062
533,2,256,-64.24140315932043,128.4828063186409,-45.40568727759487,-18.83571588172555
533,3,256,-26.56997139586839,53.13994279173677,-25.10204534787234,-1.467926047996070
533,4,256,-23.63411929987626,47.26823859975252,-12.29894514725174,-11.33517415262451
533,5,10,-.9637709946272460,1.927541989254492,-.4818854973136216,-.4818854973136243
534,1,784,.000000000000000,.000000000000000,-32.22854335806311,32.22854335806311
534,2,256,-64.45708671612525,128.9141734322505,-45.48762146043504,-18.96946525569024
534,3,256,-26.51815620474383,53.03631240948766,-25.08398258923948,-1.434173615504358
534,4,256,-23.64980897373509,47.29961794747017,-12.23462310827681,-11.41518586545828
534,5,10,-.8194372428185333,1.638874485637067,-.4097186214092683,-.4097186214092650
535,1,784,.000000000000000,.000000000000000,-32.52540871456155,32.52540871456155
535,2,256,-65.05081742912225,130.1016348582445,-45.47499176639757,-19.57582566272467
535,3,256,-25.89916610367200,51.79833220734400,-24.66789599490885,-1.231270108763161
535,4,256,-23.43662588614568,46.87325177229135,-12.17650462581021,-11.26012126033547
535,5,10,-.9163833654747394,1.832766730949479,-.4581916827373685,-.4581916827373709
536,1,784,.000000000000000,.000000000000000,-32.51246833595280,32.51246833595280
536,2,256,-65.02493667190470,130.0498733438094,-45.39877571598113,-19.62616095592357
536,3,256,-25.77261476005669,51.54522952011337,-24.65728031145736,-1.115334448599312
536,4,256,-23.54194586285812,47.08389172571624,-12.21063670377954,-11.33130915907856
536,5,10,-.8793275447009690,1.758655089401938,-.4396637723504859,-.4396637723504829
537,1,784,.000000000000000,.000000000000000,-32.26555113727129,32.26555113727129
537,2,256,-64.53110227454162,129.0622045490832,-45.47587398047496,-19.05522829406667
537,3,256,-26.42064568640741,52.84129137281482,-25.01792019286874,-1.402725493538673
537,4,256,-23.61519469933007,47.23038939866014,-12.22774988985284,-11.38744480947723
537,5,10,-.8403050803756256,1.680610160751251,-.4201525401878105,-.4201525401878152
538,1,784,.000000000000000,.000000000000000,-32.30337664969822,32.30337664969822
538,2,256,-64.60675329939558,129.2135065987912,-45.37021065117061,-19.23654264822497
538,3,256,-26.13366800294475,52.26733600588950,-24.94222267496955,-1.191445327975206
538,4,256,-23.75077734699439,47.50155469398878,-12.29398371733517,-11.45679362965920
538,5,10,-.8371900876760107,1.674380175352021,-.4185950438380039,-.4185950438380068
539,1,784,.000000000000000,.000000000000000,-32.25984081298414,32.25984081298414
539,2,256,-64.51968162596735,129.0393632519347,-45.32777620304002,-19.19190542292733
539,3,256,-26.13587078011177,52.27174156022354,-24.96582521125581,-1.170045568855959
539,4,256,-23.79577964239986,47.59155928479973,-12.33823298051528,-11.45754666188460
539,5,10,-.8806863186307086,1.761372637261417,-.4403431593153546,-.4403431593153541
540,1,784,.000000000000000,.000000000000000,-32.05874213382682,32.05874213382682
540,2,256,-64.11748426765274,128.2349685353055,-45.24876826779020,-18.86871599986252
540,3,256,-26.38005226792685,52.76010453585369,-25.13914717545305,-1.240905092473787
540,4,256,-23.89824208297928,47.79648416595857,-12.44342388771345,-11.45481819526584
540,5,10,-.9886056924475982,1.977211384895196,-.4943028462238001,-.4943028462237982
541,1,784,.000000000000000,.000000000000000,-32.32134769266590,32.32134769266590
541,2,256,-64.64269538533090,129.2853907706618,-45.25645489154845,-19.38624049378242
541,3,256,-25.87021439776517,51.74042879553033,-24.83535424747342,-1.034860150291740
541,4,256,-23.80049409718165,47.60098819436330,-12.36847453490468,-11.43201956227696
541,5,10,-.9364549726276685,1.872909945255337,-.4682274863138348,-.4682274863138337
542,1,784,.000000000000000,.000000000000000,-32.43813114899445,32.43813114899445
542,2,256,-64.87626229798798,129.7525245959760,-45.62324073894697,-19.25302155904096
542,3,256,-26.37021917990517,52.74043835981033,-24.80931975654123,-1.560899423363936
542,4,256,-23.24842033317729,46.49684066635458,-12.07168737655994,-11.17673295661734
542,5,10,-.8949544199425792,1.789908839885158,-.4474772099712906,-.4474772099712886
543,1,784,.000000000000000,.000000000000000,-32.37008815259305,32.37008815259305
543,2,256,-64.74017630518517,129.4803526103703,-45.49346737580052,-19.24670892938470
543,3,256,-26.24675844641498,52.49351689282995,-24.83870798612472,-1.408050460290249
543,4,256,-23.43065752583453,46.86131505166905,-12.16785111378157,-11.26280641205294
543,5,10,-.9050447017286529,1.810089403457306,-.4525223508643254,-.4525223508643275
544,1,784,.000000000000000,.000000000000000,-32.32793447892800,32.32793447892800
544,2,256,-64.65586895785508,129.3117379157102,-45.39203433491467,-19.26383462294045
544,3,256,-26.12819971197332,52.25639942394663,-24.86454942597138,-1.263650286001952
544,4,256,-23.60089913996944,47.20179827993887,-12.26181274216725,-11.33908639780221
544,5,10,-.9227263443650394,1.845452688730079,-.4613631721825187,-.4613631721825207
545,1,784,.000000000000000,.000000000000000,-32.24144225711317,32.24144225711317
545,2,256,-64.48288451422538,128.9657690284508,-45.46096295452097,-19.02192155970441
545,3,256,-26.43904139481566,52.87808278963133,-25.01811255261690,-1.420928842198769
545,4,256,-23.59718371041813,47.19436742083627,-12.24946094770115,-11.34772276271697
545,5,10,-.9017381849841825,1.803476369968365,-.4508690924920893,-.4508690924920931
546,1,784,.000000000000000,.000000000000000,-32.46329907514215,32.46329907514215
546,2,256,-64.92659815028343,129.8531963005669,-45.53130904952712,-19.39528910075628
546,3,256,-26.13601994876999,52.27203989753998,-24.74336726959000,-1.392652679179986
546,4,256,-23.35071459041001,46.70142918082001,-12.13330709317670,-11.21740749723332
546,5,10,-.9158995959433872,1.831799191886774,-.4579497979716931,-.4579497979716941
547,1,784,.000000000000000,.000000000000000,-32.18296471091502,32.18296471091502
547,2,256,-64.36592942182911,128.7318588436582,-45.39858411870693,-18.96734530312214
547,3,256,-26.43123881558389,52.86247763116778,-25.06962104087492,-1.361617774708971
547,4,256,-23.70800326616595,47.41600653233189,-12.28637842741444,-11.42162483875152
547,5,10,-.8647535886628989,1.729507177325798,-.4323767943314501,-.4323767943314487
548,1,784,.000000000000000,.000000000000000,-32.18350116815891,32.18350116815891
548,2,256,-64.36700233631693,128.7340046726339,-45.42198607899645,-18.94501625732042
548,3,256,-26.47696982167518,52.95393964335035,-25.07590693121229,-1.401062890462887
548,4,256,-23.67484404074939,47.34968808149878,-12.28520263647802,-11.38964140427138
548,5,10,-.8955612322066535,1.791122464413307,-.4477806161033246,-.4477806161033288
549,1,784,.000000000000000,.000000000000000,-32.21129156508256,32.21129156508256
549,2,256,-64.42258313016426,128.8451662603285,-45.44330413153978,-18.97927899862445
549,3,256,-26.46402513291445,52.92805026582891,-25.08055793908702,-1.383467193827464
549,4,256,-23.69709074525955,47.39418149051910,-12.26987069132155,-11.42722005393801
549,5,10,-.8426506373835411,1.685301274767082,-.4213253186917725,-.4213253186917687
550,1,784,.000000000000000,.000000000000000,-32.09674026954598,32.09674026954598
550,2,256,-64.19348053909103,128.3869610781821,-45.30207814942023,-18.89140238967076
550,3,256,-26.41067575974855,52.82135151949711,-25.08702693898765,-1.323648820760898
550,4,256,-23.76337811822676,47.52675623645352,-12.40200099605280,-11.36137712217397
550,5,10,-1.040623873878860,2.081247747757719,-.5203119369394315,-.5203119369394282
551,1,784,.000000000000000,.000000000000000,-32.13833734136299,32.13833734136299
551,2,256,-64.27667468272509,128.5533493654502,-45.36152029707905,-18.91515438564602
551,3,256,-26.44636591143212,52.89273182286423,-25.08979984291038,-1.356566068521718
551,4,256,-23.73323377438867,47.46646754877734,-12.32142578325484,-11.41180799113383
551,5,10,-.9096177921210148,1.819235584242030,-.4548088960605073,-.4548088960605075
552,1,784,.000000000000000,.000000000000000,-32.17903639173404,32.17903639173404
552,2,256,-64.35807278346718,128.7161455669344,-45.32164050929897,-19.03643227416820
552,3,256,-26.28520823512984,52.57041647025968,-25.05202016826640,-1.233188066863445
552,4,256,-23.81883210140293,47.63766420280586,-12.35591289841303,-11.46291920298990
552,5,10,-.8929936954231464,1.785987390846293,-.4464968477115736,-.4464968477115730
553,1,784,.000000000000000,.000000000000000,-32.26604070052031,32.26604070052031
553,2,256,-64.53208140103975,129.0641628020795,-45.34565123288518,-19.18643016815458
553,3,256,-26.15922106472973,52.31844212945946,-24.90054215320387,-1.258678911525843
553,4,256,-23.64186324167801,47.28372648335601,-12.32835927972686,-11.31350396195114
553,5,10,-1.014855317775667,2.029710635551333,-.5074276588878337,-.5074276588878330
554,1,784,.000000000000000,.000000000000000,-32.34016623337520,32.34016623337520
554,2,256,-64.68033246674946,129.3606649334989,-45.49876617517165,-19.18156629157779
554,3,256,-26.31719988359296,52.63439976718592,-24.90061699670752,-1.416582886885448
554,4,256,-23.48403410982209,46.96806821964419,-12.19227028880519,-11.29176382101691
554,5,10,-.9005064677883104,1.801012935576621,-.4502532338941539,-.4502532338941564
555,1,784,.000000000000000,.000000000000000,-32.19711734764939,32.19711734764939
555,2,256,-64.39423469529783,128.7884693905957,-45.32773135356275,-19.06650334173506
555,3,256,-26.26122801182681,52.52245602365361,-24.98613189609665,-1.275096115730167
555,4,256,-23.71103578036643,47.42207156073286,-12.35256284805621,-11.35847293231023
555,5,10,-.9940899157459779,1.988179831491956,-.4970449578729856,-.4970449578729922
556,1,784,.000000000000000,.000000000000000,-32.26278892003342,32.26278892003342
556,2,256,-64.52557784006598,129.0511556801320,-45.34527063039251,-19.18030720967347
556,3,256,-26.16496342071822,52.32992684143644,-24.89267327087954,-1.272290149838664
556,4,256,-23.62038312104094,47.24076624208189,-12.30649921304176,-11.31388390799916
556,5,10,-.9926153050426195,1.985230610085239,-.4963076525213106,-.4963076525213088
557,1,784,.000000000000000,.000000000000000,-32.16701246179915,32.16701246179915
557,2,256,-64.33402492359744,128.6680498471949,-45.41899942267997,-18.91502550091750
557,3,256,-26.50397392176160,53.00794784352319,-25.11800479569346,-1.385969126068126
557,4,256,-23.73203566962533,47.46407133925066,-12.29222549456972,-11.43981017505557
557,5,10,-.8524153195141602,1.704830639028320,-.4262076597570814,-.4262076597570787
558,1,784,.000000000000000,.000000000000000,-32.15515560598037,32.15515560598037
558,2,256,-64.31031121195980,128.6206224239196,-45.40528143009769,-18.90502978186217
558,3,256,-26.50025164823461,53.00050329646921,-25.06532564947192,-1.434925998762708
558,4,256,-23.63039965070922,47.26079930141843,-12.27674541576522,-11.35365423494399
558,5,10,-.9230911808212163,1.846182361642433,-.4615455904106082,-.4615455904106082
559,1,784,.000000000000000,.000000000000000,-32.24942724750571,32.24942724750571
559,2,256,-64.49885449501051,128.9977089900210,-45.32144099279348,-19.17741350221702
559,3,256,-26.14402749057561,52.28805498115122,-24.95062638785427,-1.193401102721299
559,4,256,-23.75722528513297,47.51445057026594,-12.34941216277713,-11.40781312235581
559,5,10,-.9415990404213009,1.883198080842602,-.4707995202106493,-.4707995202106515
560,1,784,.000000000000000,.000000000000000,-32.49020956858745,32.49020956858745
560,2,256,-64.98041913717398,129.9608382743480,-45.59178024697791,-19.38863889019606
560,3,256,-26.20314135678096,52.40628271356193,-24.74983133939298,-1.453310017387995
560,4,256,-23.29652132200494,46.59304264400988,-12.07741136217601,-11.21910995982894
560,5,10,-.8583014023470422,1.716602804694084,-.4291507011735209,-.4291507011735214
561,1,784,.000000000000000,.000000000000000,-32.16150910282535,32.16150910282535
561,2,256,-64.32301820564984,128.6460364112997,-45.41868602592910,-18.90433217972075
561,3,256,-26.51435384620747,53.02870769241494,-25.07652909350598,-1.437824752701491
561,4,256,-23.63870434080448,47.27740868160895,-12.27978723558305,-11.35891710522141
561,5,10,-.9208701303616408,1.841740260723282,-.4604350651808186,-.4604350651808222
562,1,784,.000000000000000,.000000000000000,-32.24050742512168,32.24050742512168
562,2,256,-64.48101485024246,128.9620297004849,-45.37946954631408,-19.10154530392838
562,3,256,-26.27792424238478,52.55584848476956,-24.98286629940441,-1.295057942980371
562,4,256,-23.68780835642404,47.37561671284809,-12.30730294671999,-11.38050540970405
562,5,10,-.9267975370159253,1.853595074031851,-.4633987685079639,-.4633987685079615
563,1,784,.000000000000000,.000000000000000,-32.32813659486720,32.32813659486720
563,2,256,-64.65627318973351,129.3125463794670,-45.44612974571499,-19.21014344401850
563,3,256,-26.23598630169560,52.47197260339120,-24.90805343087063,-1.327932870824964
563,4,256,-23.58012056004570,47.16024112009140,-12.23723523088694,-11.34288532915876
563,5,10,-.8943499017281882,1.788699803456376,-.4471749508640941,-.4471749508640941
564,1,784,.000000000000000,.000000000000000,-32.23457871885834,32.23457871885834
564,2,256,-64.46915743771588,128.9383148754318,-45.31055989896358,-19.15859753875226
564,3,256,-26.15196236021043,52.30392472042086,-24.96226684287033,-1.189695517340100
564,4,256,-23.77257132553023,47.54514265106047,-12.34771369985056,-11.42485762567969
564,5,10,-.9228560741708882,1.845712148341776,-.4614280370854444,-.4614280370854439
565,1,784,.000000000000000,.000000000000000,-32.20468607413802,32.20468607413802
565,2,256,-64.40937214827512,128.8187442965502,-45.54117462516314,-18.86819752311206
565,3,256,-26.67297710205015,53.34595420410030,-25.08129051024596,-1.591686591804205
565,4,256,-23.48960391844171,46.97920783688341,-12.18654120406161,-11.30306271438010
565,5,10,-.8834784896815004,1.766956979363001,-.4417392448407523,-.4417392448407482
566,1,784,.000000000000000,.000000000000000,-32.43985529040657,32.43985529040657
566,2,256,-64.87971058081219,129.7594211616244,-45.55644331731114,-19.32326726350105
566,3,256,-26.23317605380925,52.46635210761850,-24.79970188081162,-1.433474172997621
566,4,256,-23.36622770781399,46.73245541562799,-12.10873382503500,-11.25749388277899
566,5,10,-.8512399422559846,1.702479884511969,-.4256199711279924,-.4256199711279922
567,1,784,.000000000000000,.000000000000000,-32.26000277727066,32.26000277727066
567,2,256,-64.52000555454049,129.0400111090810,-45.30880290602485,-19.21120264851560
567,3,256,-26.09760025750838,52.19520051501677,-24.94512399120950,-1.152476266298888
567,4,256,-23.79264772491062,47.58529544982125,-12.35459909447750,-11.43804863043310
567,5,10,-.9165504640443940,1.833100928088788,-.4582752320221955,-.4582752320221985
568,1,784,.000000000000000,.000000000000000,-32.26718467016119,32.26718467016119
568,2,256,-64.53436934032150,129.0687386806430,-45.61408715226682,-18.92028218805472
568,3,256,-26.69380496421120,53.38760992842241,-25.03777441144080,-1.656030552770398
568,4,256,-23.38174385867036,46.76348771734072,-12.11878198581771,-11.26296187285265
568,5,10,-.8558201129650693,1.711640225930139,-.4279100564825345,-.4279100564825349
569,1,784,.000000000000000,.000000000000000,-32.24397377342860,32.24397377342860
569,2,256,-64.48794754685633,128.9758950937127,-45.49925678996476,-18.98869075689160
569,3,256,-26.51056603307230,53.02113206614460,-25.01199977781633,-1.498566255255972
569,4,256,-23.51343352256035,47.02686704512070,-12.20686762200987,-11.30656590055048
569,5,10,-.9003017214593801,1.800603442918760,-.4501508607296904,-.4501508607296897
570,1,784,.000000000000000,.000000000000000,-32.08887584903544,32.08887584903544
570,2,256,-64.17775169807001,128.3555033961400,-45.28988271316831,-18.88786898490171
570,3,256,-26.40201372826568,52.80402745653136,-25.15383781000608,-1.248175918259589
570,4,256,-23.90566189174653,47.81132378349306,-12.41346425386056,-11.49219763788596
570,5,10,-.9212666159746196,1.842533231949239,-.4606333079873102,-.4606333079873094
571,1,784,.000000000000000,.000000000000000,-32.05009125936136,32.05009125936136
571,2,256,-64.10018251872181,128.2003650374436,-45.24015099507626,-18.86003152364557
571,3,256,-26.38011947142980,52.76023894285960,-25.20386031333358,-1.176259158096219
571,4,256,-24.02760115523734,48.05520231047468,-12.45161230452840,-11.57598885070897
571,5,10,-.8756234538194452,1.751246907638890,-.4378117269097206,-.4378117269097245
572,1,784,.000000000000000,.000000000000000,-32.15887439698854,32.15887439698854
572,2,256,-64.31774879397616,128.6354975879523,-45.38689391342230,-18.93085488055390
572,3,256,-26.45603903286746,52.91207806573492,-25.08337303022876,-1.372666002638702
572,4,256,-23.71070702759006,47.42141405518012,-12.31232781659230,-11.39837921099779
572,5,10,-.9139486055945560,1.827897211189112,-.4569743027972750,-.4569743027972810
573,1,784,.000000000000000,.000000000000000,-32.01796932526881,32.01796932526881
573,2,256,-64.03593865053672,128.0718773010734,-45.58947757925475,-18.44646107128192
573,3,256,-27.14301650797202,54.28603301594405,-25.31471779404271,-1.828298713929294
573,4,256,-23.48641908011346,46.97283816022693,-12.18860166596277,-11.29781741415069
573,5,10,-.8907842518121155,1.781568503624231,-.4453921259060566,-.4453921259060590
574,1,784,.000000000000000,.000000000000000,-32.17664999681152,32.17664999681152
574,2,256,-64.35329999362217,128.7065999872443,-45.24487462732912,-19.10842536629307
574,3,256,-26.13644926103514,52.27289852207027,-25.01098328355068,-1.125465977484470
574,4,256,-23.88551730606622,47.77103461213243,-12.42605520348848,-11.45946210257774
574,5,10,-.9665931009107592,1.933186201821518,-.4832965504553778,-.4832965504553816
575,1,784,.000000000000000,.000000000000000,-32.43289213490628,32.43289213490628
575,2,256,-64.86578426981170,129.7315685396234,-45.66225100241969,-19.20353326739199
575,3,256,-26.45871773502679,52.91743547005358,-24.74084823149524,-1.717869503531552
575,4,256,-23.02297872796370,46.04595745592740,-12.02202092799235,-11.00095779997134
575,5,10,-1.021063128021028,2.042126256042057,-.5105315640105148,-.5105315640105136
576,1,784,.000000000000000,.000000000000000,-32.09920184539386,32.09920184539386
576,2,256,-64.19840369078689,128.3968073815738,-45.31269544711584,-18.88570824367106
576,3,256,-26.42698720344388,52.85397440688775,-25.12820033599652,-1.298786867447347
576,4,256,-23.82941346854916,47.65882693709831,-12.38370575382759,-11.44570771472154
576,5,10,-.9379980391060113,1.875996078212023,-.4689990195530045,-.4689990195530069
577,1,784,.000000000000000,.000000000000000,-32.35409101487848,32.35409101487848
577,2,256,-64.70818202975603,129.4163640595121,-45.48332587174811,-19.22485615800797
577,3,256,-26.25846971373922,52.51693942747843,-24.86149017927000,-1.396979534469210
577,4,256,-23.46451064480081,46.92902128960161,-12.19260257323927,-11.27190807156155
577,5,10,-.9206945016777326,1.841389003355465,-.4603472508388669,-.4603472508388656
578,1,784,.000000000000000,.000000000000000,-32.24307256035776,32.24307256035776
578,2,256,-64.48614512071478,128.9722902414296,-45.39537228634042,-19.09077283437431
578,3,256,-26.30459945196521,52.60919890393043,-25.00227945696353,-1.302319995001695
578,4,256,-23.69995946196180,47.39991892392359,-12.31279700965803,-11.38716245230377
578,5,10,-.9256345573542681,1.851269114708536,-.4628172786771322,-.4628172786771358
579,1,784,.000000000000000,.000000000000000,-32.36682807016247,32.36682807016247
579,2,256,-64.73365614032411,129.4673122806482,-45.38168224505945,-19.35197389526466
579,3,256,-26.02970834979392,52.05941669958784,-24.77711042228142,-1.252597927512477
579,4,256,-23.52451249476900,47.04902498953799,-12.25863569492146,-11.26587679984751
579,5,10,-.9927588950739648,1.985517790147930,-.4963794475369820,-.4963794475369828
580,1,784,.000000000000000,.000000000000000,-32.18812516961451,32.18812516961451
580,2,256,-64.37625033922808,128.7525006784562,-45.38536283990520,-18.99088749932289
580,3,256,-26.39447534058139,52.78895068116277,-25.07617613767827,-1.318299202903121
580,4,256,-23.75787693477511,47.51575386955022,-12.31702616949423,-11.44085076528087
580,5,10,-.8761754042133452,1.752350808426690,-.4380877021066740,-.4380877021066710
581,1,784,.000000000000000,.000000000000000,-31.96234291207532,31.96234291207532
581,2,256,-63.92468582414963,127.8493716482993,-45.33773249069528,-18.58695333345439
581,3,256,-26.75077915724001,53.50155831448003,-25.30708720948956,-1.443691947750470
581,4,256,-23.86339526173910,47.72679052347819,-12.39858036157697,-11.46481490016214
581,5,10,-.9337654614148412,1.867530922829682,-.4668827307074198,-.4668827307074214
582,1,784,.000000000000000,.000000000000000,-32.01953892609954,32.01953892609954
582,2,256,-64.03907785219813,128.0781557043963,-45.18174762635831,-18.85733022583980
582,3,256,-26.32441740051769,52.64883480103538,-25.20081702924132,-1.123600371276376
582,4,256,-24.07721665796496,48.15443331592991,-12.51084361581335,-11.56637304215160
582,5,10,-.9444705736617434,1.888941147323487,-.4722352868308733,-.4722352868308700
583,1,784,.000000000000000,.000000000000000,-32.23558562496466,32.23558562496466
583,2,256,-64.47117124992839,128.9423424998568,-45.54833107413392,-18.92284017579448
583,3,256,-26.62549089833858,53.25098179667716,-25.07869076042905,-1.546800137909515
583,4,256,-23.53189062251954,47.06378124503909,-12.18711021390203,-11.34478040861751
583,5,10,-.8423298052845253,1.684659610569051,-.4211649026422614,-.4211649026422638
584,1,784,.000000000000000,.000000000000000,-32.11210441535670,32.11210441535670
584,2,256,-64.22420883071246,128.4484176614249,-45.21908967382525,-19.00511915688721
584,3,256,-26.21397051693716,52.42794103387432,-25.09338335074213,-1.120587166195013
584,4,256,-23.97279618454714,47.94559236909429,-12.43375789547451,-11.53903828907265
584,5,10,-.8947196064018834,1.789439212803767,-.4473598032009415,-.4473598032009419
585,1,784,.000000000000000,.000000000000000,-32.38137869200944,32.38137869200944
585,2,256,-64.76275738401797,129.5255147680359,-45.40955687229212,-19.35320051172590
585,3,256,-26.05635636056536,52.11271272113072,-24.84033595559361,-1.216020404971733
585,4,256,-23.62431555062189,47.24863110124378,-12.24445521801516,-11.37986033260673
585,5,10,-.8645948854084278,1.729189770816856,-.4322974427042128,-.4322974427042149
586,1,784,.000000000000000,.000000000000000,-32.25746224564023,32.25746224564023
586,2,256,-64.51492449127960,129.0298489825592,-45.46498280951659,-19.04994168176304
586,3,256,-26.41504112775266,52.83008225550531,-24.99473121732981,-1.420309910422833
586,4,256,-23.57442130690696,47.14884261381392,-12.22366633907551,-11.35075496783146
586,5,10,-.8729113712440131,1.745822742488026,-.4364556856220083,-.4364556856220048
587,1,784,.000000000000000,.000000000000000,-32.10783707516619,32.10783707516619
587,2,256,-64.21567415033157,128.4313483006631,-45.28935612859176,-18.92631802173984
587,3,256,-26.36303810685109,52.72607621370218,-25.13638356480819,-1.226654542042902
587,4,256,-23.90972902276530,47.81945804553060,-12.41333411431059,-11.49639490845476
587,5,10,-.9169392058558790,1.833878411711758,-.4584696029279403,-.4584696029279388
588,1,784,.000000000000000,.000000000000000,-32.05134631746140,32.05134631746140
588,2,256,-64.10269263492205,128.2053852698441,-45.34798624983472,-18.75470638508733
588,3,256,-26.59327986474660,53.18655972949319,-25.22377944892568,-1.369500415820891
588,4,256,-23.85427903310482,47.70855806620963,-12.37227158146685,-11.48200745163795
588,5,10,-.8902641298289076,1.780528259657815,-.4451320649144519,-.4451320649144557
589,1,784,.000000000000000,.000000000000000,-32.23131262210469,32.23131262210469
589,2,256,-64.46262524420845,128.9252504884169,-45.53824758974136,-18.92437765446711
589,3,256,-26.61386993527329,53.22773987054659,-25.01574435665563,-1.598125578617674
589,4,256,-23.41761877803794,46.83523755607588,-12.17795927915273,-11.23965949888522
589,5,10,-.9382997802675169,1.876599560535034,-.4691498901337568,-.4691498901337601
590,1,784,.000000000000000,.000000000000000,-32.26725648885424,32.26725648885424
590,2,256,-64.53451297770762,129.0690259554152,-45.44600301835897,-19.08850995934860
590,3,256,-26.35749305900953,52.71498611801906,-24.99384765072120,-1.363645408288312
590,4,256,-23.63020224243288,47.26040448486576,-12.24409689455022,-11.38610534788267
590,5,10,-.8579915466675658,1.715983093335132,-.4289957733337831,-.4289957733337827
591,1,784,.000000000000000,.000000000000000,-32.24075327220217,32.24075327220217
591,2,256,-64.48150654440352,128.9630130888070,-45.26427193916618,-19.21723460523727
591,3,256,-26.04703733392808,52.09407466785616,-24.99853207941589,-1.048505254512152
591,4,256,-23.95002682490372,47.90005364980743,-12.40478114235083,-11.54524568255293
591,5,10,-.8595354597978850,1.719070919595770,-.4297677298989432,-.4297677298989419
592,1,784,.000000000000000,.000000000000000,-32.23884581700584,32.23884581700584
592,2,256,-64.47769163401072,128.9553832680214,-45.22130592850198,-19.25638570550881
592,3,256,-25.96492022299221,51.92984044598442,-24.99991484121775,-.9650053817744552
592,4,256,-24.03490945944332,48.06981891888664,-12.43098019151087,-11.60392926793246
592,5,10,-.8270509235784336,1.654101847156867,-.4135254617892156,-.4135254617892181
593,1,784,.000000000000000,.000000000000000,-32.17155797335046,32.17155797335046
593,2,256,-64.34311594670012,128.6862318934002,-45.52581559381544,-18.81730035288462
593,3,256,-26.70851524092989,53.41703048185979,-25.06124197637494,-1.647273264554948
593,4,256,-23.41396871181998,46.82793742363996,-12.19460057434742,-11.21936813747252
593,5,10,-.9752324368748627,1.950464873749725,-.4876162184374320,-.4876162184374307
594,1,784,.000000000000000,.000000000000000,-32.14925111264846,32.14925111264846
594,2,256,-64.29850222529602,128.5970044505920,-45.49810711278983,-18.80039511250616
594,3,256,-26.69771200028279,53.39542400056558,-25.13328896692832,-1.564423033354448
594,4,256,-23.56886593357393,47.13773186714786,-12.24946300225284,-11.31940293132109
594,5,10,-.9300600709317733,1.860120141863547,-.4650300354658867,-.4650300354658866
595,1,784,.000000000000000,.000000000000000,-32.24418853045704,32.24418853045704
595,2,256,-64.48837706091314,128.9767541218263,-45.42938770353557,-19.05898935737759
595,3,256,-26.37039834615708,52.74079669231416,-24.99191872899884,-1.378479617158225
595,4,256,-23.61343911184064,47.22687822368128,-12.25867422246865,-11.35476488937200
595,5,10,-.9039093330966459,1.807818666193292,-.4519546665483239,-.4519546665483222
596,1,784,.000000000000000,.000000000000000,-32.28084245528921,32.28084245528921
596,2,256,-64.56168491057755,129.1233698211551,-45.58440390574360,-18.97728100483391
596,3,256,-26.60712290090886,53.21424580181771,-24.96972357225698,-1.637399328651863
596,4,256,-23.33232424360511,46.66464848721022,-12.11655235276000,-11.21577189084509
596,5,10,-.9007804619148804,1.801560923829761,-.4503902309574416,-.4503902309574387
597,1,784,.000000000000000,.000000000000000,-32.16616620686779,32.16616620686779
597,2,256,-64.33233241373460,128.6646648274692,-45.38542729603950,-18.94690511769512
597,3,256,-26.43852217834350,52.87704435668700,-25.08125097566540,-1.357271202678127
597,4,256,-23.72397977298726,47.44795954597451,-12.33173546434299,-11.39224430864424
597,5,10,-.9394911556987356,1.878982311397471,-.4697455778493683,-.4697455778493673
598,1,784,.000000000000000,.000000000000000,-32.02279825967974,32.02279825967974
598,2,256,-64.04559651935865,128.0911930387173,-45.37234263479365,-18.67325388456502
598,3,256,-26.69908875022777,53.39817750045553,-25.26930682144544,-1.429781928782330
598,4,256,-23.83952489266306,47.67904978532613,-12.35690944178819,-11.48261545087489
598,5,10,-.8742939909132845,1.748587981826569,-.4371469954566421,-.4371469954566425
599,1,784,.000000000000000,.000000000000000,-32.22586914344996,32.22586914344996
599,2,256,-64.45173828689904,128.9034765737981,-45.42905139436385,-19.02268689253523
599,3,256,-26.40636450182773,52.81272900365546,-25.02642274319579,-1.379941758631946
599,4,256,-23.64648098456389,47.29296196912779,-12.25893230939641,-11.38754867516748
599,5,10,-.8713836342289876,1.742767268457975,-.4356918171144911,-.4356918171144964
600,1,784,.000000000000000,.000000000000000,-32.30854660634135,32.30854660634135
600,2,256,-64.61709321268184,129.2341864253637,-45.33191214828963,-19.28518106439217
600,3,256,-26.04673108389659,52.09346216779318,-24.94725251444768,-1.099478569448913
600,4,256,-23.84777394499877,47.69554788999753,-12.33847306666563,-11.50930087833313
600,5,10,-.8291721883325158,1.658344376665032,-.4145860941662556,-.4145860941662602
601,1,784,.000000000000000,.000000000000000,-32.26743263673801,32.26743263673801
601,2,256,-64.53486527347526,129.0697305469505,-45.27295529095648,-19.26190998251877
601,3,256,-26.01104530843690,52.02209061687380,-24.97468788375340,-1.036357424683498
601,4,256,-23.93833045906990,47.87666091813979,-12.38921888969592,-11.54911156937399
601,5,10,-.8401073203219185,1.680214640643837,-.4200536601609585,-.4200536601609600
602,1,784,.000000000000000,.000000000000000,-32.19374085450028,32.19374085450028
602,2,256,-64.38748170899969,128.7749634179994,-45.44419164604378,-18.94329006295589
602,3,256,-26.50090158308700,53.00180316617401,-25.01283218699043,-1.488069396096587
602,4,256,-23.52476279089386,47.04952558178773,-12.27060812998745,-11.25415466090642
602,5,10,-1.016453469081019,2.032906938162037,-.5082267345405079,-.5082267345405110
603,1,784,.000000000000000,.000000000000000,-32.32021572435852,32.32021572435852
603,2,256,-64.64043144871623,129.2808628974325,-45.40571353669556,-19.23471791202069
603,3,256,-26.17099562467396,52.34199124934792,-24.87532117638877,-1.295674448285203
603,4,256,-23.57964672810356,47.15929345620712,-12.25839756281221,-11.32124916529135
603,5,10,-.9371483975208482,1.874296795041696,-.4685741987604253,-.4685741987604229
604,1,784,.000000000000000,.000000000000000,-32.29218923478012,32.29218923478012
604,2,256,-64.58437846955937,129.1687569391187,-45.31728958169555,-19.26708888786377
604,3,256,-26.05020069383088,52.10040138766176,-24.88541282972544,-1.164787864105457
604,4,256,-23.72062496561999,47.44124993123997,-12.33565971002107,-11.38496525559890
604,5,10,-.9506944544221980,1.901388908844396,-.4753472272110997,-.4753472272110984
605,1,784,.000000000000000,.000000000000000,-32.30731573441007,32.30731573441007
605,2,256,-64.61463146881920,129.2292629376384,-45.40958184271847,-19.20504962610076
605,3,256,-26.20453221661674,52.40906443323347,-24.90001456985925,-1.304517646757490
605,4,256,-23.59549692310177,47.19099384620354,-12.25300862278544,-11.34248830031633
605,5,10,-.9105203224691015,1.821040644938203,-.4552601612345530,-.4552601612345486
606,1,784,.000000000000000,.000000000000000,-32.13658168950028,32.13658168950028
606,2,256,-64.27316337899980,128.5463267579996,-45.40626778514623,-18.86689559385360
606,3,256,-26.53937219129170,53.07874438258340,-25.15836678605425,-1.381005405237437
606,4,256,-23.77736138081679,47.55472276163358,-12.32232704360790,-11.45503433720887
606,5,10,-.8672927063990390,1.734585412798078,-.4336463531995188,-.4336463531995203
607,1,784,.000000000000000,.000000000000000,-32.44136835619332,32.44136835619332
607,2,256,-64.88273671238572,129.7654734247714,-45.60442701791420,-19.27830969447152
607,3,256,-26.32611732344182,52.65223464688364,-24.74567363641267,-1.580443687029142
607,4,256,-23.16522994938351,46.33045989876701,-12.07973208458505,-11.08549786479845
607,5,10,-.9942342197865728,1.988468439573146,-.4971171098932852,-.4971171098932878
608,1,784,.000000000000000,.000000000000000,-32.00213362032140,32.00213362032140
608,2,256,-64.00426724064188,128.0085344812838,-45.45275297101846,-18.55151426962345
608,3,256,-26.90123870139414,53.80247740278828,-25.25354272913690,-1.647695972257226
608,4,256,-23.60584675687971,47.21169351375941,-12.31296590961044,-11.29288084726928
608,5,10,-1.020085062341168,2.040170124682336,-.5100425311705840,-.5100425311705838
609,1,784,.000000000000000,.000000000000000,-32.33495681514148,32.33495681514148
609,2,256,-64.66991363028207,129.3398272605641,-45.37171682617922,-19.29819680410288
609,3,256,-26.07352002207544,52.14704004415088,-24.89150044891428,-1.182019573161166
609,4,256,-23.70948087575310,47.41896175150620,-12.28419904568047,-11.42528183007262
609,5,10,-.8589172156078693,1.717834431215739,-.4294586078039354,-.4294586078039339
610,1,784,.000000000000000,.000000000000000,-32.15748189027040,32.15748189027040
610,2,256,-64.31496378053994,128.6299275610799,-45.40890059075155,-18.90606318978836
610,3,256,-26.50283740096235,53.00567480192470,-25.12421749775908,-1.378619903203234
610,4,256,-23.74559759455585,47.49119518911171,-12.30961893395093,-11.43597866060491
610,5,10,-.8736402733460126,1.747280546692025,-.4368201366730055,-.4368201366730071
611,1,784,.000000000000000,.000000000000000,-32.11941578445104,32.11941578445104
611,2,256,-64.23883156890120,128.4776631378024,-45.35262739060373,-18.88620417829744
611,3,256,-26.46642321230541,52.93284642461082,-25.13861383030639,-1.327809381999006
611,4,256,-23.81080444830741,47.62160889661482,-12.36343381358384,-11.44737063472357
611,5,10,-.9160631788602832,1.832126357720566,-.4580315894301419,-.4580315894301414
612,1,784,.000000000000000,.000000000000000,-32.43826032106801,32.43826032106801
612,2,256,-64.87652064213512,129.7530412842702,-45.57824823404918,-19.29827240808592
612,3,256,-26.27997582596245,52.55995165192490,-24.78668365709983,-1.493292168862618
612,4,256,-23.29339148823720,46.58678297647440,-12.09983137229728,-11.19356011593993
612,5,10,-.9062712563573494,1.812542512714699,-.4531356281786761,-.4531356281786732
613,1,784,.000000000000000,.000000000000000,-32.17000529800619,32.17000529800619
613,2,256,-64.34001059601142,128.6800211920228,-45.54966847874051,-18.79034211727090
613,3,256,-26.75932636146875,53.51865272293750,-25.13841534639114,-1.620911015077613
613,4,256,-23.51750433131354,47.03500866262707,-12.19666675718304,-11.32083757413050
613,5,10,-.8758291830525146,1.751658366105029,-.4379145915262589,-.4379145915262556
614,1,784,.000000000000000,.000000000000000,-32.32846327068718,32.32846327068718
614,2,256,-64.65692654137347,129.3138530827469,-45.49459344755495,-19.16233309381854
614,3,256,-26.33226035373552,52.66452070747104,-24.86557791433601,-1.466682439399492
614,4,256,-23.39889547493650,46.79779094987300,-12.18207606178666,-11.21681941314984
614,5,10,-.9652566486367959,1.930513297273592,-.4826283243183975,-.4826283243183985
615,1,784,.000000000000000,.000000000000000,-32.34536585498768,32.34536585498768
615,2,256,-64.69073170997447,129.3814634199489,-45.30964663575147,-19.38108507422297
615,3,256,-25.92856156152767,51.85712312305533,-24.85058874636491,-1.077972815162782
615,4,256,-23.77261593120216,47.54523186240433,-12.32331778360387,-11.44929814759831
615,5,10,-.8740196360055815,1.748039272011163,-.4370098180027920,-.4370098180027895
616,1,784,.000000000000000,.000000000000000,-32.46625076695420,32.46625076695420
616,2,256,-64.93250153390743,129.8650030678149,-45.57676739040748,-19.35573414349992
616,3,256,-26.22103324690667,52.44206649381335,-24.74218682870185,-1.478846418204814
616,4,256,-23.26334041049705,46.52668082099409,-12.10235236265286,-11.16098804784418
616,5,10,-.9413643148087201,1.882728629617440,-.4706821574043596,-.4706821574043604
617,1,784,.000000000000000,.000000000000000,-32.26342862419238,32.26342862419238
617,2,256,-64.52685724838393,129.0537144967679,-45.52781979602478,-18.99903745235914
617,3,256,-26.52878234366474,53.05756468732948,-25.00684210625023,-1.521940237414522
617,4,256,-23.48490186883572,46.96980373767145,-12.16893973653860,-11.31596213229714
617,5,10,-.8529776042414887,1.705955208482977,-.4264888021207440,-.4264888021207447
618,1,784,.000000000000000,.000000000000000,-32.20917371979624,32.20917371979624
618,2,256,-64.41834743959150,128.8366948791830,-45.41201083331303,-19.00633660627847
618,3,256,-26.40567422703368,52.81134845406736,-25.00538682231918,-1.400287404714482
618,4,256,-23.60509941760476,47.21019883520952,-12.26737184045660,-11.33772757714815
618,5,10,-.9296442633084593,1.859288526616919,-.4648221316542309,-.4648221316542283
619,1,784,.000000000000000,.000000000000000,-32.26489389302795,32.26489389302795
619,2,256,-64.52978778605495,129.0595755721099,-45.34100032329634,-19.18878746275863
619,3,256,-26.15221286053682,52.30442572107364,-24.92388521604684,-1.228327644489979
619,4,256,-23.69555757155688,47.39111514311375,-12.32565162553309,-11.36990594602379
619,5,10,-.9557456795093290,1.911491359018658,-.4778728397546634,-.4778728397546655
620,1,784,.000000000000000,.000000000000000,-32.40921737716828,32.40921737716828
620,2,256,-64.81843475433570,129.6368695086714,-45.61416314893887,-19.20427160539678
620,3,256,-26.40989154354122,52.81978308708245,-24.80674063748547,-1.603150906055754
620,4,256,-23.20358973142973,46.40717946285947,-12.07064906272743,-11.13294066870229
620,5,10,-.9377083940251577,1.875416788050315,-.4688541970125780,-.4688541970125797
621,1,784,.000000000000000,.000000000000000,-32.30774227352719,32.30774227352719
621,2,256,-64.61548454705360,129.2309690941072,-45.42744458699455,-19.18803996005903
621,3,256,-26.23940462693471,52.47880925386942,-24.89190218932447,-1.347502437610254
621,4,256,-23.54439975171420,47.08879950342839,-12.24529773219404,-11.29910201952016
621,5,10,-.9461957126738627,1.892391425347725,-.4730978563369304,-.4730978563369324
622,1,784,.000000000000000,.000000000000000,-32.03392145105534,32.03392145105534
622,2,256,-64.06784290210989,128.1356858042198,-45.33737145585047,-18.73047144625942
622,3,256,-26.60690000959015,53.21380001918029,-25.23514260082638,-1.371757408763732
622,4,256,-23.86338519206265,47.72677038412531,-12.37345316472195,-11.48993202734066
622,5,10,-.8835211373812634,1.767042274762527,-.4417605686906306,-.4417605686906328
623,1,784,.000000000000000,.000000000000000,-32.34917309256151,32.34917309256151
623,2,256,-64.69834618512213,129.3966923702443,-45.38467487206427,-19.31367131305788
623,3,256,-26.07100355900549,52.14200711801097,-24.84549983637289,-1.225503722632584
623,4,256,-23.61999611374029,47.23999222748058,-12.26388337654803,-11.35611273719228
623,5,10,-.9077706393557461,1.815541278711492,-.4538853196778735,-.4538853196778725
624,1,784,.000000000000000,.000000000000000,-32.22046363963415,32.22046363963415
624,2,256,-64.44092727926748,128.8818545585350,-45.36420711480683,-19.07672016446064
624,3,256,-26.28748695034535,52.57497390069070,-25.03145833755869,-1.256028612786638
624,4,256,-23.77542972477202,47.55085944954405,-12.31749257627452,-11.45793714849751
624,5,10,-.8595554277770014,1.719110855554003,-.4297777138885010,-.4297777138885004
625,1,784,.000000000000000,.000000000000000,-32.27584183723558,32.27584183723558
625,2,256,-64.55168367447033,129.1033673489407,-45.37836974178700,-19.17331393268332
625,3,256,-26.20505580910280,52.41011161820559,-24.91325238186676,-1.291803427236023
625,4,256,-23.62144895463073,47.24289790926147,-12.29125806869463,-11.33019088593610
625,5,10,-.9610671827585312,1.922134365517062,-.4805335913792665,-.4805335913792647
626,1,784,.000000000000000,.000000000000000,-32.17048188280442,32.17048188280442
626,2,256,-64.34096376560802,128.6819275312160,-45.57300872387778,-18.76795504173020
626,3,256,-26.80505368214673,53.61010736429346,-25.12445395951579,-1.680599722630924
626,4,256,-23.44385423688484,46.88770847376968,-12.16711307977158,-11.27674115711328
626,5,10,-.8903719226583121,1.780743845316624,-.4451859613291556,-.4451859613291566
627,1,784,.000000000000000,.000000000000000,-32.34826333745004,32.34826333745004
627,2,256,-64.69652667489919,129.3930533497984,-45.50959856547363,-19.18692810942563
627,3,256,-26.32267045604712,52.64534091209423,-24.88731640861818,-1.435354047428934
627,4,256,-23.45196236118925,46.90392472237851,-12.16608977087319,-11.28587259031604
627,5,10,-.8802171805571274,1.760434361114255,-.4401085902785656,-.4401085902785619
628,1,784,.000000000000000,.000000000000000,-32.47027374885290,32.47027374885290
628,2,256,-64.94054749770494,129.8810949954099,-45.45355041261629,-19.48699708508868
628,3,256,-25.96655332752671,51.93310665505343,-24.75205910720780,-1.214494220318945
628,4,256,-23.53756488688887,47.07512977377774,-12.19890544790237,-11.33865943898650
628,5,10,-.8602460089158872,1.720492017831774,-.4301230044579427,-.4301230044579445
629,1,784,.000000000000000,.000000000000000,-32.19022325382236,32.19022325382236
629,2,256,-64.38044650764391,128.7608930152878,-45.34577196857300,-19.03467453907091
629,3,256,-26.31109742950119,52.62219485900237,-25.04368939915980,-1.267408030341396
629,4,256,-23.77628136881836,47.55256273763673,-12.33223283535960,-11.44404853345879
629,5,10,-.8881843019007951,1.776368603801590,-.4440921509503987,-.4440921509503966
630,1,784,.000000000000000,.000000000000000,-32.21531915701237,32.21531915701237
630,2,256,-64.43063831402391,128.8612766280478,-45.54798546335541,-18.88265285066848
630,3,256,-26.66533261268605,53.33066522537211,-25.05645805362427,-1.608874559061808
630,4,256,-23.44758349456245,46.89516698912490,-12.18375496178441,-11.26382853277807
630,5,10,-.9199264290063205,1.839852858012641,-.4599632145031612,-.4599632145031592
631,1,784,.000000000000000,.000000000000000,-32.30092562038644,32.30092562038644
631,2,256,-64.60185124077201,129.2037024815440,-45.44414221513066,-19.15770902564138
631,3,256,-26.28643318948845,52.57286637897690,-24.95394943329874,-1.332483756189669
631,4,256,-23.62146567710912,47.24293135421824,-12.25497832294505,-11.36648735416407
631,5,10,-.8884909687809667,1.776981937561933,-.4442454843904841,-.4442454843904826
632,1,784,.000000000000000,.000000000000000,-32.34862391631670,32.34862391631670
632,2,256,-64.69724783263254,129.3944956652651,-45.46219566766003,-19.23505216497253
632,3,256,-26.22714350268658,52.45428700537315,-24.91867225143283,-1.308471251253760
632,4,256,-23.61020100017909,47.22040200035818,-12.22998224883071,-11.38021875134838
632,5,10,-.8497634974823383,1.699526994964677,-.4248817487411688,-.4248817487411694
633,1,784,.000000000000000,.000000000000000,-32.01203489088372,32.01203489088372
633,2,256,-64.02406978176658,128.0481395635332,-45.40468207615747,-18.61938770560908
633,3,256,-26.78529437054757,53.57058874109514,-25.28213664912206,-1.503157721425482
633,4,256,-23.77897892769664,47.55795785539328,-12.35232766417170,-11.42665126352494
633,5,10,-.9256764006467645,1.851352801293529,-.4628382003233822,-.4628382003233823
634,1,784,.000000000000000,.000000000000000,-32.29689523722077,32.29689523722077
634,2,256,-64.59379047444072,129.1875809488814,-45.46879438808813,-19.12499608635266
634,3,256,-26.34379830173457,52.68759660346914,-24.94831612686119,-1.395482174873362
634,4,256,-23.55283395198790,47.10566790397579,-12.21512598374186,-11.33770796824605
634,5,10,-.8774180154958414,1.754836030991683,-.4387090077479193,-.4387090077479222
635,1,784,.000000000000000,.000000000000000,-32.34662904756991,32.34662904756991
635,2,256,-64.69325809513893,129.3865161902779,-45.45110264728950,-19.24215544784942
635,3,256,-26.20894719943917,52.41789439887835,-24.85157340266572,-1.357373796773453
635,4,256,-23.49419960589223,46.98839921178445,-12.20781869351896,-11.28638091237328
635,5,10,-.9214377811456569,1.842875562291314,-.4607188905728295,-.4607188905728274
636,1,784,.000000000000000,.000000000000000,-32.15548003134856,32.15548003134856
636,2,256,-64.31096006269627,128.6219201253925,-45.23065416696179,-19.08030589573444
636,3,256,-26.15034827122642,52.30069654245285,-25.05310591052594,-1.097242360700502
636,4,256,-23.95586354982542,47.91172709965085,-12.44966631632623,-11.50619723349918
636,5,10,-.9434690828270480,1.886938165654096,-.4717345414135226,-.4717345414135253
637,1,784,.000000000000000,.000000000000000,-32.11743363631070,32.11743363631070
637,2,256,-64.23486727262041,128.4697345452408,-45.33562667656170,-18.89924059605868
637,3,256,-26.43638608050217,52.87277216100433,-25.12724034873416,-1.309145731768030
637,4,256,-23.81809461696611,47.63618923393221,-12.36928631554322,-11.44880830142288
637,5,10,-.9204780141203195,1.840956028240639,-.4602390070601606,-.4602390070601589
638,1,784,.000000000000000,.000000000000000,-32.13402460068222,32.13402460068222
638,2,256,-64.26804920136358,128.5360984027272,-45.24616299698124,-19.02188620438236
638,3,256,-26.22427679259808,52.44855358519615,-25.08930868708234,-1.134968105515725
638,4,256,-23.95434058156667,47.90868116313333,-12.44457743889882,-11.50976314266785
638,5,10,-.9348142962309790,1.869628592461958,-.4674071481154897,-.4674071481154893
639,1,784,.000000000000000,.000000000000000,-32.11309499381503,32.11309499381503
639,2,256,-64.22618998762913,128.4523799752583,-45.23016494785573,-18.99602503977331
639,3,256,-26.23413990808146,52.46827981616293,-25.15358694460383,-1.080552963477627
639,4,256,-24.07303398112619,48.14606796225237,-12.45913910866727,-11.61389487245892
639,5,10,-.8452442362083463,1.690488472416693,-.4226221181041727,-.4226221181041735
640,1,784,.000000000000000,.000000000000000,-32.26791627395681,32.26791627395681
640,2,256,-64.53583254791272,129.0716650958254,-45.47948419599909,-19.05634835191364
640,3,256,-26.42313584408458,52.84627168816917,-24.99298624269072,-1.430149601393843
640,4,256,-23.56283664129689,47.12567328259378,-12.21604432337023,-11.34679231792664
640,5,10,-.8692520054435781,1.738504010887156,-.4346260027217875,-.4346260027217905
641,1,784,.000000000000000,.000000000000000,-32.32247257013271,32.32247257013271
641,2,256,-64.64494514026457,129.2898902805291,-45.54044350130159,-19.10450163896303
641,3,256,-26.43594186233774,52.87188372467547,-24.91921890410729,-1.516722958230453
641,4,256,-23.40249594587686,46.80499189175372,-12.15003811997429,-11.25245782590257
641,5,10,-.8975802940717011,1.795160588143402,-.4487901470358506,-.4487901470358506
642,1,784,.000000000000000,.000000000000000,-32.33872597101750,32.33872597101750
642,2,256,-64.67745194203410,129.3549038840682,-45.32981114008827,-19.34764080194584
642,3,256,-25.98217033814150,51.96434067628301,-24.85932812332910,-1.122842214812411
642,4,256,-23.73648590851671,47.47297181703341,-12.32496379618481,-11.41152211233187
642,5,10,-.9134416838529457,1.826883367705891,-.4567208419264742,-.4567208419264714
643,1,784,.000000000000000,.000000000000000,-32.05385603977234,32.05385603977234
643,2,256,-64.10771207954370,128.2154241590874,-45.33514751155246,-18.77256456799122
643,3,256,-26.56258294356035,53.12516588712069,-25.19117177638357,-1.371411167176753
643,4,256,-23.81976060920686,47.63952121841371,-12.37317033824918,-11.44659027095768
643,5,10,-.9265800672915109,1.853160134583022,-.4632900336457546,-.4632900336457562
644,1,784,.000000000000000,.000000000000000,-32.17001480662078,32.17001480662078
644,2,256,-64.34002961324063,128.6800592264813,-45.18410499106182,-19.15592462217885
644,3,256,-26.02818036888204,52.05636073776407,-25.00222574650671,-1.025954622375324
644,4,256,-23.97627112413136,47.95254224826272,-12.47607449407016,-11.50019663006119
644,5,10,-.9758778640089184,1.951755728017837,-.4879389320044582,-.4879389320044602
645,1,784,.000000000000000,.000000000000000,-32.15506133769784,32.15506133769784
645,2,256,-64.31012267539472,128.6202453507894,-45.24323865075863,-19.06688402463607
645,3,256,-26.17635462612172,52.35270925224344,-25.06571948684328,-1.110635139278437
645,4,256,-23.95508434756486,47.91016869512973,-12.42484689772949,-11.53023744983537
645,5,10,-.8946094478941354,1.789218895788271,-.4473047239470704,-.4473047239470652
646,1,784,.000000000000000,.000000000000000,-32.14320817685693,32.14320817685693
646,2,256,-64.28641635371297,128.5728327074259,-45.38950818907156,-18.89690816464144
646,3,256,-26.49260002442919,52.98520004885839,-25.11883435738895,-1.373765667040230
646,4,256,-23.74506869034876,47.49013738069752,-12.32312885952693,-11.42193983082181
646,5,10,-.9011890287051164,1.802378057410233,-.4505945143525585,-.4505945143525579
647,1,784,.000000000000000,.000000000000000,-32.25162532567860,32.25162532567860
647,2,256,-64.50325065135631,129.0065013027126,-45.48055225399082,-19.02269839736552
647,3,256,-26.45785385662441,52.91570771324883,-25.00519148989776,-1.452662366726676
647,4,256,-23.55252912317107,47.10505824634214,-12.22449770935083,-11.32803141382026
647,5,10,-.8964662955305742,1.792932591061148,-.4482331477652892,-.4482331477652850
648,1,784,.000000000000000,.000000000000000,-32.24832041973529,32.24832041973529
648,2,256,-64.49664083946969,128.9932816789394,-45.32566441815625,-19.17097642131350
648,3,256,-26.15468799684179,52.30937599368358,-25.01425230969788,-1.140435687143944
648,4,256,-23.87381662255391,47.74763324510781,-12.36364846496905,-11.51016815758487
648,5,10,-.8534803073841550,1.706960614768310,-.4267401536920781,-.4267401536920770
649,1,784,.000000000000000,.000000000000000,-32.21383919727830,32.21383919727830
649,2,256,-64.42767839455571,128.8553567891114,-45.55321506747284,-18.87446332708290
649,3,256,-26.67875174038912,53.35750348077825,-25.05228260584346,-1.626469134545636
649,4,256,-23.42581347129783,46.85162694259566,-12.15866677335325,-11.26714669794456
649,5,10,-.8915200754086655,1.783040150817331,-.4457600377043352,-.4457600377043304
650,1,784,.000000000000000,.000000000000000,-32.16809508172036,32.16809508172036
650,2,256,-64.33619016343984,128.6723803268797,-45.56161298328039,-18.77457718015945
650,3,256,-26.78703580312003,53.57407160624007,-25.13196841186751,-1.655067391252477
650,4,256,-23.47690102061504,46.95380204123008,-12.17493532272104,-11.30196569789400
650,5,10,-.8729696248270516,1.745939249654103,-.4364848124135274,-.4364848124135242
651,1,784,.000000000000000,.000000000000000,-32.33120090715637,32.33120090715637
651,2,256,-64.66240181431185,129.3248036286237,-45.51065765423501,-19.15174416007678
651,3,256,-26.35891349415734,52.71782698831468,-24.88792832107117,-1.470985173086160
651,4,256,-23.41694314798501,46.83388629597001,-12.17060352466720,-11.24633962331779
651,5,10,-.9242639013494305,1.848527802698861,-.4621319506747155,-.4621319506747150
652,1,784,.000000000000000,.000000000000000,-32.06422105308607,32.06422105308607
652,2,256,-64.12844210617126,128.2568842123425,-45.40688112428579,-18.72156098188546
652,3,256,-26.68532014239945,53.37064028479891,-25.20221981949076,-1.483100322908665
652,4,256,-23.71911949658209,47.43823899316418,-12.32843139044409,-11.39068810613801
652,5,10,-.9377432843060913,1.875486568612183,-.4688716421530459,-.4688716421530453
653,1,784,.000000000000000,.000000000000000,-32.01001251542148,32.01001251542148
653,2,256,-64.02002503084212,128.0400500616842,-45.27310403975053,-18.74692099109158
653,3,256,-26.52618304865813,53.05236609731625,-25.26840669500248,-1.257776353655609
653,4,256,-24.01063034134692,48.02126068269385,-12.43663983331161,-11.57399050803534
653,5,10,-.8626493252762868,1.725298650552574,-.4313246626381429,-.4313246626381439
654,1,784,.000000000000000,.000000000000000,-32.19270674638182,32.19270674638182
654,2,256,-64.38541349276271,128.7708269855254,-45.23718413812019,-19.14822935464256
654,3,256,-26.08895478347672,52.17790956695344,-24.98958367748645,-1.099371105990251
654,4,256,-23.89021257149619,47.78042514299238,-12.42330255971308,-11.46691001178311
654,5,10,-.9563925479299681,1.912785095859936,-.4781962739649840,-.4781962739649840
655,1,784,.000000000000000,.000000000000000,-32.33175185289632,32.33175185289632
655,2,256,-64.66350370579184,129.3270074115837,-45.14436549404784,-19.51913821174399
655,3,256,-25.62522728230295,51.25045456460590,-24.76589529995277,-.8593319823501809
655,4,256,-23.90656331760259,47.81312663520517,-12.46290162354967,-11.44366169405290
655,5,10,-1.019239929496752,2.038479858993504,-.5096199647483752,-.5096199647483769
656,1,784,.000000000000000,.000000000000000,-32.15641573971300,32.15641573971300
656,2,256,-64.31283147942511,128.6256629588502,-45.35585713772197,-18.95697434170316
656,3,256,-26.39888279601803,52.79776559203605,-25.08400165686658,-1.314881139151441
656,4,256,-23.76912051771516,47.53824103543032,-12.34144965202232,-11.42767086569282
656,5,10,-.9137787863294986,1.827557572658997,-.4568893931647491,-.4568893931647496
657,1,784,.000000000000000,.000000000000000,-32.27725496181081,32.27725496181081
657,2,256,-64.55450992362071,129.1090198472414,-45.54756664155797,-19.00694328206272
657,3,256,-26.54062335949431,53.08124671898862,-24.95693027352049,-1.583693085973819
657,4,256,-23.37323718754671,46.74647437509342,-12.15213723882176,-11.22109994872494
657,5,10,-.9310372900968541,1.862074580193708,-.4655186450484270,-.4655186450484270
658,1,784,.000000000000000,.000000000000000,-32.37702257307124,32.37702257307124
658,2,256,-64.75404514614155,129.5080902922831,-45.40254252196424,-19.35150262417734
658,3,256,-26.05103989778602,52.10207979557204,-24.85426183835512,-1.196778059430889
658,4,256,-23.65748377892429,47.31496755784859,-12.28698556417686,-11.37049821474742
658,5,10,-.9164873494294676,1.832974698858935,-.4582436747147333,-.4582436747147343
659,1,784,.000000000000000,.000000000000000,-32.24742611104325,32.24742611104325
659,2,256,-64.49485222208553,128.9897044441711,-45.38471124729621,-19.11014097478935
659,3,256,-26.27457027250600,52.54914054501201,-24.98314160433831,-1.291428668167696
659,4,256,-23.69171293617065,47.38342587234129,-12.29474742351430,-11.39696551265634
659,5,10,-.8977819108579628,1.795563821715926,-.4488909554289802,-.4488909554289824
660,1,784,.000000000000000,.000000000000000,-32.23232342021426,32.23232342021426
660,2,256,-64.46464684042755,128.9292936808551,-45.64789487595421,-18.81675196447335
660,3,256,-26.83114291147996,53.66228582295992,-25.11095454891448,-1.720188362565458
660,4,256,-23.39076618634903,46.78153237269807,-12.10928656622139,-11.28147962012765
660,5,10,-.8278069460937700,1.655613892187540,-.4139034730468892,-.4139034730468809
661,1,784,.000000000000000,.000000000000000,-32.35427309869336,32.35427309869336
661,2,256,-64.70854619738590,129.4170923947718,-45.53774690833671,-19.17079928904921
661,3,256,-26.36694761928656,52.73389523857312,-24.82322380200652,-1.543723817280028
661,4,256,-23.27949998472649,46.55899996945298,-12.14198254184214,-11.13751744288436
661,5,10,-1.004465098957769,2.008930197915539,-.5022325494788874,-.5022325494788820
662,1,784,.000000000000000,.000000000000000,-32.11722765146835,32.11722765146835
662,2,256,-64.23445530293581,128.4689106058716,-45.27551051337580,-18.95894478956005
662,3,256,-26.31656572381486,52.63313144762972,-25.12306355550391,-1.193502168310969
662,4,256,-23.92956138719299,47.85912277438599,-12.43332082672208,-11.49624056047089
662,5,10,-.9370802662511802,1.874160532502360,-.4685401331255896,-.4685401331255906
663,1,784,.000000000000000,.000000000000000,-32.41228726764853,32.41228726764853
663,2,256,-64.82457453529625,129.6491490705925,-45.42525467210766,-19.39931986318855
663,3,256,-26.02593480891817,52.05186961783633,-24.81276153417335,-1.213173274744825
663,4,256,-23.59958825942854,47.19917651885708,-12.23503874153946,-11.36454951788909
663,5,10,-.8704892236504044,1.740978447300809,-.4352446118252018,-.4352446118252026
664,1,784,.000000000000000,.000000000000000,-32.29356481925589,32.29356481925589
664,2,256,-64.58712963851083,129.1742592770217,-45.52586402398450,-19.06126561452630
664,3,256,-26.46459840945737,52.92919681891474,-24.91677191690741,-1.547826492549949
664,4,256,-23.36894542435750,46.73789084871500,-12.17251205050269,-11.19643337385480
664,5,10,-.9760786766478908,1.952157353295782,-.4880393383239470,-.4880393383239439
665,1,784,.000000000000000,.000000000000000,-32.24292421243766,32.24292421243766
665,2,256,-64.48584842487436,128.9716968497487,-45.44571043694506,-19.04013798792939
665,3,256,-26.40557244901469,52.81114489802938,-25.01200601522028,-1.393566433794442
665,4,256,-23.61843958142584,47.23687916285168,-12.26619603012057,-11.35224355130525
665,5,10,-.9139524788153569,1.827904957630714,-.4569762394076798,-.4569762394076770
666,1,784,.000000000000000,.000000000000000,-32.41799347891504,32.41799347891504
666,2,256,-64.83598695782909,129.6719739156582,-45.42615596996666,-19.40983098786251
666,3,256,-26.01632498210329,52.03264996420658,-24.78292876650956,-1.233396215593733
666,4,256,-23.54953255091583,47.09906510183167,-12.22836561183581,-11.32116693908003
666,5,10,-.9071986727557882,1.814397345511576,-.4535993363778936,-.4535993363778947
667,1,784,.000000000000000,.000000000000000,-32.20117032459953,32.20117032459953
667,2,256,-64.40234064919805,128.8046812983961,-45.25845799958494,-19.14388264961313
667,3,256,-26.11457534997093,52.22915069994187,-25.02452382644464,-1.090051523526295
667,4,256,-23.93447230291834,47.86894460583668,-12.41406956124295,-11.52040274167539
667,5,10,-.8936668195675795,1.787333639135159,-.4468334097837883,-.4468334097837911
668,1,784,.000000000000000,.000000000000000,-32.07083032647691,32.07083032647691
668,2,256,-64.14166065295292,128.2833213059058,-45.15884383685142,-18.98281681610153
668,3,256,-26.17602702074902,52.35205404149804,-25.15185631366715,-1.024170707081850
668,4,256,-24.12768560658529,48.25537121317058,-12.52716402145763,-11.60052158512765
668,5,10,-.9266424363299770,1.853284872659954,-.4633212181649904,-.4633212181649865
669,1,784,.000000000000000,.000000000000000,-32.16208929481172,32.16208929481172
669,2,256,-64.32417858962258,128.6483571792452,-45.54161754507709,-18.78256104454549
669,3,256,-26.75905650053070,53.51811300106141,-25.15745090523495,-1.601605595295734
669,4,256,-23.55584530993929,47.11169061987859,-12.19439015183436,-11.36145515810493
669,5,10,-.8329349937294657,1.665869987458931,-.4164674968647303,-.4164674968647353
670,1,784,.000000000000000,.000000000000000,-32.32889569348642,32.32889569348642
670,2,256,-64.65779138697189,129.3155827739438,-45.41186011843246,-19.24593126853949
670,3,256,-26.16592884989204,52.33185769978408,-24.90392974964496,-1.261999100247082
670,4,256,-23.64193064939790,47.28386129879580,-12.24903595804044,-11.39289469135745
670,5,10,-.8561412666829761,1.712282533365952,-.4280706333414878,-.4280706333414884
671,1,784,.000000000000000,.000000000000000,-32.22319940322859,32.22319940322859
671,2,256,-64.44639880645633,128.8927976129127,-45.37037250365113,-19.07602630280518
671,3,256,-26.29434620084508,52.58869240169015,-25.02267150292117,-1.271674697923888
671,4,256,-23.75099680499725,47.50199360999449,-12.31997768742471,-11.43101911757253
671,5,10,-.8889585698521401,1.777917139704280,-.4444792849260684,-.4444792849260716
672,1,784,.000000000000000,.000000000000000,-32.05957237999014,32.05957237999014
672,2,256,-64.11914475997936,128.2382895199587,-45.37491484682541,-18.74422991315395
672,3,256,-26.63068493367069,53.26136986734138,-25.26316641569984,-1.367518517970839
672,4,256,-23.89564789772904,47.79129579545808,-12.37559652815060,-11.52005136957846
672,5,10,-.8555451585721600,1.711090317144320,-.4277725792860791,-.4277725792860807
673,1,784,.000000000000000,.000000000000000,-32.30816356867733,32.30816356867733
673,2,256,-64.61632713735381,129.2326542747076,-45.43119692164719,-19.18513021570654
673,3,256,-26.24606670593984,52.49213341187968,-24.90110194777772,-1.344964758162128
673,4,256,-23.55613718961558,47.11227437923115,-12.24527023818718,-11.31086695142841
673,5,10,-.9344032867587475,1.868806573517495,-.4672016433793741,-.4672016433793734
674,1,784,.000000000000000,.000000000000000,-32.22174177430863,32.22174177430863
674,2,256,-64.44348354861634,128.8869670972327,-45.22094762973885,-19.22253591887751
674,3,256,-25.99841171086044,51.99682342172088,-24.94940117450835,-1.049010536352123
674,4,256,-23.90039063815617,47.80078127631235,-12.43659532220884,-11.46379531594734
674,5,10,-.9728000062615005,1.945600012523001,-.4864000031307522,-.4864000031307483
675,1,784,.000000000000000,.000000000000000,-32.27581617985579,32.27581617985579
675,2,256,-64.55163235971072,129.1032647194214,-45.29448918549167,-19.25714317421904
675,3,256,-26.03734601127178,52.07469202254356,-24.94689278279050,-1.090453228481281
675,4,256,-23.85643955430916,47.71287910861832,-12.35705937412750,-11.49938018018169
675,5,10,-.8576791939457805,1.715358387891561,-.4288395969728928,-.4288395969728878
676,1,784,.000000000000000,.000000000000000,-31.95689768039200,31.95689768039200
676,2,256,-63.91379536078319,127.8275907215664,-45.38141033313428,-18.53238502764885
676,3,256,-26.84902530548457,53.69805061096913,-25.33421677042267,-1.514808535061889
676,4,256,-23.81940823536081,47.63881647072162,-12.35121470262673,-11.46819353273407
676,5,10,-.8830211698926784,1.766042339785357,-.4415105849463384,-.4415105849463399
677,1,784,.000000000000000,.000000000000000,-32.27990218607871,32.27990218607871
677,2,256,-64.55980437215644,129.1196087443129,-45.51276228873938,-19.04704208341707
677,3,256,-26.46572020532145,52.93144041064289,-24.99297742977154,-1.472742775549923
677,4,256,-23.52023465422167,47.04046930844334,-12.19600206396258,-11.32423259025909
677,5,10,-.8717694737035266,1.743538947407053,-.4358847368517634,-.4358847368517632
678,1,784,.000000000000000,.000000000000000,-32.18587658305022,32.18587658305022
678,2,256,-64.37175316609942,128.7435063321988,-45.32124644351783,-19.05050672258158
678,3,256,-26.27073972093542,52.54147944187085,-25.01679863846207,-1.253941082473356
678,4,256,-23.76285755598873,47.52571511197745,-12.35981130637525,-11.40304624961349
678,5,10,-.9567650567617529,1.913530113523506,-.4783825283808765,-.4783825283808764
679,1,784,.000000000000000,.000000000000000,-32.30403326665913,32.30403326665913
679,2,256,-64.60806653331734,129.2161330666347,-45.34329588330586,-19.26477065001149
679,3,256,-26.07852523329355,52.15705046658710,-24.90103700704473,-1.177488226248818
679,4,256,-23.72354878079587,47.44709756159173,-12.32714167207284,-11.39640710872303
679,5,10,-.9307345633497586,1.861469126699517,-.4653672816748812,-.4653672816748774
680,1,784,.000000000000000,.000000000000000,-32.22781186090187,32.22781186090187
680,2,256,-64.45562372180278,128.9112474436056,-45.37456994733246,-19.08105377447034
680,3,256,-26.29351617286120,52.58703234572240,-24.96891912577264,-1.324597047088551
680,4,256,-23.64432207868408,47.28864415736816,-12.28563365238575,-11.35868842629833
680,5,10,-.9269452260874416,1.853890452174883,-.4634726130437207,-.4634726130437209
681,1,784,.000000000000000,.000000000000000,-32.28955295982199,32.28955295982199
681,2,256,-64.57910591964317,129.1582118392863,-45.40541352489538,-19.17369239474772
681,3,256,-26.23172113014678,52.46344226029355,-24.93343752897539,-1.298283601171390
681,4,256,-23.63515392780397,47.27030785560795,-12.27141964294730,-11.36373428485669
681,5,10,-.9076853580906357,1.815370716181271,-.4538426790453183,-.4538426790453174
682,1,784,.000000000000000,.000000000000000,-32.26446672083218,32.26446672083218
682,2,256,-64.52893344166344,129.0578668833269,-45.40215561989146,-19.12677782177200
682,3,256,-26.27537779811858,52.55075559623716,-24.98142944517250,-1.293948352946075
682,4,256,-23.68748109222645,47.37496218445290,-12.28526903641377,-11.40221205581267
682,5,10,-.8830569806011035,1.766113961202207,-.4415284903005522,-.4415284903005512
683,1,784,.000000000000000,.000000000000000,-32.18572063302574,32.18572063302574
683,2,256,-64.37144126605062,128.7428825321012,-45.43436130031760,-18.93707996573298
683,3,256,-26.49728133458374,52.99456266916748,-25.04093596009121,-1.456345374492533
683,4,256,-23.58459058559866,47.16918117119732,-12.27311280394241,-11.31147778165627
683,5,10,-.9616350222861222,1.923270044572244,-.4808175111430619,-.4808175111430604
684,1,784,.000000000000000,.000000000000000,-32.26357128999324,32.26357128999324
684,2,256,-64.52714257998559,129.0542851599712,-45.37646984390523,-19.15067273608036
684,3,256,-26.22579710782396,52.45159421564792,-24.93586809684778,-1.289929010976149
684,4,256,-23.64593908587164,47.29187817174328,-12.29352064048488,-11.35241844538677
684,5,10,-.9411021950981183,1.882204390196237,-.4705510975490579,-.4705510975490603
685,1,784,.000000000000000,.000000000000000,-32.15722186296013,32.15722186296013
685,2,256,-64.31444372591935,128.6288874518387,-45.57981894951045,-18.73462477640892
685,3,256,-26.84519417310061,53.69038834620121,-25.15777232976474,-1.687421843335871
685,4,256,-23.47035048642881,46.94070097285762,-12.15267033846036,-11.31768014796844
685,5,10,-.8349901904918851,1.669980380983770,-.4174950952459435,-.4174950952459414
686,1,784,.000000000000000,.000000000000000,-32.26944051706823,32.26944051706823
686,2,256,-64.53888103413556,129.0777620682711,-45.24311786331198,-19.29576317082362
686,3,256,-25.94735469248746,51.89470938497492,-24.97021668090667,-.9771380115807751
686,4,256,-23.99307866932598,47.98615733865196,-12.42274437086523,-11.57033429846073
686,5,10,-.8524100724045400,1.704820144809080,-.4262050362022699,-.4262050362022702
687,1,784,.000000000000000,.000000000000000,-32.28042950494006,32.28042950494006
687,2,256,-64.56085900987920,129.1217180197584,-45.51622573268661,-19.04463327719262
687,3,256,-26.47159245549309,52.94318491098618,-24.96482244808529,-1.506770007407821
687,4,256,-23.45805244067740,46.91610488135480,-12.19225143989974,-11.26580100077769
687,5,10,-.9264504391220192,1.852900878244038,-.4632252195610103,-.4632252195610090
688,1,784,.000000000000000,.000000000000000,-32.08778200375053,32.08778200375053
688,2,256,-64.17556400750007,128.3511280150001,-45.33309946199181,-18.84246454550827
688,3,256,-26.49063491648261,52.98126983296521,-25.21532395137979,-1.275310965102830
688,4,256,-23.94001298627693,47.88002597255386,-12.40868114741650,-11.53133183886044
688,5,10,-.8773493085560721,1.754698617112144,-.4386746542780349,-.4386746542780371
689,1,784,.000000000000000,.000000000000000,-32.25238105532699,32.25238105532699
689,2,256,-64.50476211065306,129.0095242213061,-45.36036530654532,-19.14439680410774
689,3,256,-26.21596850243669,52.43193700487338,-24.95203211585652,-1.263936386580151
689,4,256,-23.68809572927644,47.37619145855289,-12.30501431879298,-11.38308141048348
689,5,10,-.9219329083095411,1.843865816619082,-.4609664541547708,-.4609664541547705
690,1,784,.000000000000000,.000000000000000,-32.26112780154892,32.26112780154892
690,2,256,-64.52225560309689,129.0445112061938,-45.33441804774796,-19.18783755534896
690,3,256,-26.14658049239809,52.29316098479619,-24.97848898184899,-1.168091510549130
690,4,256,-23.81039747129985,47.62079494259971,-12.34882698794258,-11.46157048335729
690,5,10,-.8872565045852966,1.774513009170593,-.4436282522926487,-.4436282522926479
691,1,784,.000000000000000,.000000000000000,-32.25688156508939,32.25688156508939
691,2,256,-64.51376313017775,129.0275262603555,-45.42459253495920,-19.08917059521862
691,3,256,-26.33542193973969,52.67084387947937,-24.95375915655364,-1.381662783186027
691,4,256,-23.57209637336764,47.14419274673527,-12.25422314590431,-11.31787322746330
691,5,10,-.9363499184410223,1.872699836882045,-.4681749592205104,-.4681749592205119
692,1,784,.000000000000000,.000000000000000,-32.37825075641633,32.37825075641633
692,2,256,-64.75650151283173,129.5130030256635,-45.58702214570299,-19.16947936712877
692,3,256,-26.41754277857334,52.83508555714668,-24.87785468481263,-1.539688093760682
692,4,256,-23.33816659105198,46.67633318210395,-12.10956186065194,-11.22860473040005
692,5,10,-.8809571302519180,1.761914260503836,-.4404785651259593,-.4404785651259587
693,1,784,.000000000000000,.000000000000000,-32.27489100280215,32.27489100280215
693,2,256,-64.54978200560350,129.0995640112070,-45.43027184571750,-19.11951015988596
693,3,256,-26.31076168583070,52.62152337166140,-24.94940470573667,-1.361356980094006
693,4,256,-23.58804772564271,47.17609545128541,-12.24969832376382,-11.33834940187888
693,5,10,-.9113489218849367,1.822697843769873,-.4556744609424690,-.4556744609424676
694,1,784,.000000000000000,.000000000000000,-32.14040308944382,32.14040308944382
694,2,256,-64.28080617888688,128.5616123577738,-45.46433407744691,-18.81647210143995
694,3,256,-26.64786197600611,53.29572395201221,-25.10630857191470,-1.541553404091403
694,4,256,-23.56475516782329,47.12951033564659,-12.25939078211625,-11.30536438570705
694,5,10,-.9540263964092026,1.908052792818405,-.4770131982045992,-.4770131982046032
695,1,784,.000000000000000,.000000000000000,-32.09845108634997,32.09845108634997
695,2,256,-64.19690217269911,128.3938043453982,-45.38448840213366,-18.81241377056543
695,3,256,-26.57207463156737,53.14414926313474,-25.18763975137431,-1.384434880193057
695,4,256,-23.80320487118120,47.60640974236239,-12.34016466793021,-11.46304020325100
695,5,10,-.8771244646791808,1.754248929358362,-.4385622323395902,-.4385622323395907
696,1,784,.000000000000000,.000000000000000,-32.13493254468562,32.13493254468562
696,2,256,-64.26986508937038,128.5397301787408,-45.35300871728003,-18.91685637209033
696,3,256,-26.43615234518889,52.87230469037778,-25.15105299841741,-1.285099346771492
696,4,256,-23.86595365164586,47.73190730329172,-12.33417671394960,-11.53177693769627
696,5,10,-.8023997762532765,1.604799552506553,-.4011998881266403,-.4011998881266362
697,1,784,.000000000000000,.000000000000000,-32.30221101346058,32.30221101346058
697,2,256,-64.60442202692033,129.2088440538407,-45.32584527888930,-19.27857674803105
697,3,256,-26.04726853085729,52.09453706171459,-24.94315681569755,-1.104111715159753
697,4,256,-23.83904510053780,47.67809020107560,-12.33821391442775,-11.50083118611006
697,5,10,-.8373827283177024,1.674765456635405,-.4186913641588519,-.4186913641588504
698,1,784,.000000000000000,.000000000000000,-32.21722692038232,32.21722692038232
698,2,256,-64.43445384076369,128.8689076815274,-45.49238332244996,-18.94207051831379
698,3,256,-26.55031280413520,53.10062560827041,-25.02625192087939,-1.524060883255836
698,4,256,-23.50219103762358,47.00438207524716,-12.21259776087055,-11.28959327675303
698,5,10,-.9230044841175444,1.846008968235089,-.4615022420587694,-.4615022420587749
699,1,784,.000000000000000,.000000000000000,-32.12306382791370,32.12306382791370
699,2,256,-64.24612765582650,128.4922553116530,-45.34372040526399,-18.90240725056253
699,3,256,-26.44131315470052,52.88262630940105,-25.13455237606026,-1.306760778640273
699,4,256,-23.82779159741998,47.65558319483996,-12.37615545887362,-11.45163613854637
699,5,10,-.9245193203272414,1.849038640654483,-.4622596601636214,-.4622596601636201
700,1,784,.000000000000000,.000000000000000,-32.27955820681625,32.27955820681625
700,2,256,-64.55911641363159,129.1182328272632,-45.41329580093378,-19.14582061269784
700,3,256,-26.26747518823503,52.53495037647006,-24.94570273330087,-1.321772454934157
700,4,256,-23.62393027836671,47.24786055673342,-12.26615668317107,-11.35777359519565
700,5,10,-.9083830879754208,1.816766175950842,-.4541915439877078,-.4541915439877128
701,1,784,.000000000000000,.000000000000000,-32.29529518807805,32.29529518807805
701,2,256,-64.59059037615529,129.1811807523106,-45.32362165245969,-19.26696872369561
701,3,256,-26.05665292876314,52.11330585752629,-24.92983459673829,-1.126818332024858
701,4,256,-23.80301626471340,47.60603252942680,-12.33214926698906,-11.47086699772433
701,5,10,-.8612822692647034,1.722564538529407,-.4306411346323524,-.4306411346323511
702,1,784,.000000000000000,.000000000000000,-32.18675637724078,32.18675637724078
702,2,256,-64.37351275448060,128.7470255089612,-45.44041124672489,-18.93310150775573
702,3,256,-26.50730973896828,53.01461947793656,-25.05099691881149,-1.456312820156781
702,4,256,-23.59468409865470,47.18936819730941,-12.28565936639595,-11.30902473225876
702,5,10,-.9766346341371943,1.953269268274389,-.4883173170685953,-.4883173170685990
703,1,784,.000000000000000,.000000000000000,-32.25609542421059,32.25609542421059
703,2,256,-64.51219084842027,129.0243816968405,-45.40615337375768,-19.10603747466265
703,3,256,-26.30011589909404,52.60023179818808,-25.00625418454792,-1.293861714546151
703,4,256,-23.71239247000177,47.42478494000355,-12.29879794003631,-11.41359452996548
703,5,10,-.8852034100708626,1.770406820141725,-.4426017050354305,-.4426017050354318
704,1,784,.000000000000000,.000000000000000,-32.25132085765145,32.25132085765145
704,2,256,-64.50264171530206,129.0052834306041,-45.36845684498045,-19.13418487032158
704,3,256,-26.23427197465797,52.46854394931594,-24.99183449455738,-1.242437480100590
704,4,256,-23.74939701445672,47.49879402891344,-12.33049903916467,-11.41889797529208
704,5,10,-.9116010638725516,1.823202127745103,-.4558005319362771,-.4558005319362746
705,1,784,.000000000000000,.000000000000000,-32.34126097630432,32.34126097630432
705,2,256,-64.68252195260770,129.3650439052154,-45.43118036292552,-19.25134158968218
705,3,256,-26.17983877324246,52.35967754648491,-24.85597886773143,-1.323859905511015
705,4,256,-23.53211896222039,47.06423792444079,-12.22825064281274,-11.30386831940764
705,5,10,-.9243823234050834,1.848764646810167,-.4621911617025405,-.4621911617025429
706,1,784,.000000000000000,.000000000000000,-32.34738832263207,32.34738832263207
706,2,256,-64.69477664526330,129.3895532905266,-45.29521567387447,-19.39956097138884
706,3,256,-25.89565470248481,51.79130940496962,-24.81944051431854,-1.076214188166266
706,4,256,-23.74322632615229,47.48645265230457,-12.34820579487267,-11.39502053127961
706,5,10,-.9531852635930540,1.906370527186108,-.4765926317965252,-.4765926317965288
707,1,784,.000000000000000,.000000000000000,-32.40219227412072,32.40219227412072
707,2,256,-64.80438454824061,129.6087690964812,-45.47613537233317,-19.32824917590739
707,3,256,-26.14788619642488,52.29577239284977,-24.80029693314818,-1.347589263276721
707,4,256,-23.45270766987137,46.90541533974275,-12.16968147191598,-11.28302619795539
707,5,10,-.8866552739605806,1.773310547921161,-.4433276369802911,-.4433276369802895
708,1,784,.000000000000000,.000000000000000,-32.31152340990091,32.31152340990091
708,2,256,-64.62304681980096,129.2460936396019,-45.58011964208683,-19.04292717771413
708,3,256,-26.53719246437180,53.07438492874359,-24.92819935680370,-1.608993107568108
708,4,256,-23.31920624923562,46.63841249847125,-12.12495436427964,-11.19425188495598
708,5,10,-.9307024793236705,1.861404958647341,-.4653512396618361,-.4653512396618344
709,1,784,.000000000000000,.000000000000000,-32.35601935591188,32.35601935591188
709,2,256,-64.71203871182284,129.4240774236457,-45.57391089608760,-19.13812781573527
709,3,256,-26.43578308035146,52.87156616070291,-24.91330069732005,-1.522482383031455
709,4,256,-23.39081831428856,46.78163662857712,-12.12746451784693,-11.26335379644165
709,5,10,-.8641107214052633,1.728221442810527,-.4320553607026313,-.4320553607026321
710,1,784,.000000000000000,.000000000000000,-32.25768879365020,32.25768879365020
710,2,256,-64.51537758729957,129.0307551745991,-45.39796166137719,-19.11741592592236
710,3,256,-26.28054573545394,52.56109147090788,-24.94602502220272,-1.334520713251223
710,4,256,-23.61150430895146,47.22300861790291,-12.26772709494621,-11.34377721400526
710,5,10,-.9239498809409687,1.847899761881937,-.4619749404704822,-.4619749404704865
711,1,784,.000000000000000,.000000000000000,-32.43414784363111,32.43414784363111
711,2,256,-64.86829568726147,129.7365913745229,-45.61145995446140,-19.25683573280010
711,3,256,-26.35462422166049,52.70924844332097,-24.76445817051601,-1.590166051144468
711,4,256,-23.17429211937158,46.34858423874316,-12.05697656986035,-11.11731554951124
711,5,10,-.9396610203491195,1.879322040698239,-.4698305101745593,-.4698305101745602
712,1,784,.000000000000000,.000000000000000,-32.18153345280322,32.18153345280322
712,2,256,-64.36306690560548,128.7261338112110,-45.47787576069911,-18.88519114490638
712,3,256,-26.59268461579183,53.18536923158366,-25.07940710932699,-1.513277506464854
712,4,256,-23.56612960286213,47.13225920572425,-12.23613369763111,-11.32999590523103
712,5,10,-.9061377924000684,1.812275584800137,-.4530688962000337,-.4530688962000347
713,1,784,.000000000000000,.000000000000000,-32.20249916765182,32.20249916765182
713,2,256,-64.40499833530269,128.8099966706054,-45.33086259322135,-19.07413574208136
713,3,256,-26.25672685113906,52.51345370227812,-24.99782893930471,-1.258897911834368
713,4,256,-23.73893102747033,47.47786205494065,-12.36276448089259,-11.37616654657771
713,5,10,-.9865979343148689,1.973195868629738,-.4932989671574353,-.4932989671574337
714,1,784,.000000000000000,.000000000000000,-32.58961124292960,32.58961124292960
714,2,256,-65.17922248585826,130.3584449717165,-45.61118745382784,-19.56803503203038
714,3,256,-26.04315242179654,52.08630484359308,-24.61895424381352,-1.424198177983051
714,4,256,-23.19475606583047,46.38951213166094,-12.03314056033743,-11.16161550549306
714,5,10,-.8715250548443778,1.743050109688756,-.4357625274221892,-.4357625274221886
715,1,784,.000000000000000,.000000000000000,-32.18726257234020,32.18726257234020
715,2,256,-64.37452514467948,128.7490502893590,-45.45561125736739,-18.91891388731214
715,3,256,-26.53669737005432,53.07339474010865,-25.09023672258367,-1.446460647470644
715,4,256,-23.64377607511302,47.28755215022605,-12.26272924384913,-11.38104683126389
715,5,10,-.8816824125852361,1.763364825170472,-.4408412062926190,-.4408412062926171
716,1,784,.000000000000000,.000000000000000,-32.28680337532056,32.28680337532056
716,2,256,-64.57360675064035,129.1472135012807,-45.63220903521940,-18.94139771542092
716,3,256,-26.69081131979767,53.38162263959534,-25.02449064590880,-1.666320673888859
716,4,256,-23.35816997201998,46.71633994403995,-12.09038550759640,-11.26778446442359
716,5,10,-.8226010431728258,1.645202086345652,-.4113005215864129,-.4113005215864128
717,1,784,.000000000000000,.000000000000000,-32.18312554570544,32.18312554570544
717,2,256,-64.36625109140998,128.7325021828200,-45.38336173949737,-18.98288935191267
717,3,256,-26.40047238758379,52.80094477516758,-25.05344467998203,-1.347027707601778
717,4,256,-23.70641697238027,47.41283394476054,-12.31476030030350,-11.39165667207677
717,5,10,-.9231036282267450,1.846207256453490,-.4615518141133729,-.4615518141133723
718,1,784,.000000000000000,.000000000000000,-32.34363308547118,32.34363308547118
718,2,256,-64.68726617094138,129.3745323418828,-45.59073123393539,-19.09653493700602
718,3,256,-26.49419629692847,52.98839259385694,-24.95235984574403,-1.541836451184447
718,4,256,-23.41052339455959,46.82104678911917,-12.12663106514434,-11.28389232941523
718,5,10,-.8427387357291505,1.685477471458301,-.4213693678645749,-.4213693678645756
719,1,784,.000000000000000,.000000000000000,-32.34922294026752,32.34922294026752
719,2,256,-64.69844588053408,129.3968917610682,-45.37045275880828,-19.32799312172579
719,3,256,-26.04245963708169,52.08491927416338,-24.85842073437104,-1.184038902710640
719,4,256,-23.67438183166048,47.34876366332095,-12.27176408306152,-11.40261774859893
719,5,10,-.8691463344625903,1.738292668925181,-.4345731672312961,-.4345731672312941
720,1,784,.000000000000000,.000000000000000,-32.17356018342415,32.17356018342415
720,2,256,-64.34712036684751,128.6942407336950,-45.16537684388522,-19.18174352296225
720,3,256,-25.98363332092206,51.96726664184411,-25.04302327530230,-.9406100456197348
720,4,256,-24.10241322968257,48.20482645936514,-12.48735268062516,-11.61506054905741
720,5,10,-.8722921315677591,1.744584263135518,-.4361460657838819,-.4361460657838772
721,1,784,.000000000000000,.000000000000000,-32.20415136103939,32.20415136103939
721,2,256,-64.40830272207788,128.8166054441558,-45.37654853047612,-19.03175419160173
721,3,256,-26.34479433887352,52.68958867774705,-25.01137938236543,-1.333414956508120
721,4,256,-23.67796442585731,47.35592885171462,-12.31275083073940,-11.36521359511793
721,5,10,-.9475372356214944,1.895074471242989,-.4737686178107474,-.4737686178107471
722,1,784,.000000000000000,.000000000000000,-32.51719578288348,32.51719578288348
722,2,256,-65.03439156576603,130.0687831315321,-45.56972655158332,-19.46466501418272
722,3,256,-26.10506153739977,52.21012307479955,-24.68301130941521,-1.422050227984547
722,4,256,-23.26096108143071,46.52192216286142,-12.06733918471022,-11.19362189672050
722,5,10,-.8737172879897299,1.747434575979460,-.4368586439948657,-.4368586439948643
723,1,784,.000000000000000,.000000000000000,-32.34583938100317,32.34583938100317
723,2,256,-64.69167876200548,129.3833575240110,-45.33772746220610,-19.35395129979941
723,3,256,-25.98377616240575,51.96755232481150,-24.83412284019326,-1.149653322212524
723,4,256,-23.68446951798069,47.36893903596138,-12.32306949867164,-11.36140001930905
723,5,10,-.9616694793625743,1.923338958725149,-.4808347396812884,-.4808347396812859
724,1,784,.000000000000000,.000000000000000,-32.07658768029403,32.07658768029403
724,2,256,-64.15317536058717,128.3063507211743,-45.33203994407567,-18.82113541651148
724,3,256,-26.51090452756328,53.02180905512655,-25.16770097644235,-1.343203551120935
724,4,256,-23.82449742532140,47.64899485064279,-12.39075472828275,-11.43374269703865
724,5,10,-.9570120312440905,1.914024062488181,-.4785060156220436,-.4785060156220469
725,1,784,.000000000000000,.000000000000000,-32.29833512266191,32.29833512266191
725,2,256,-64.59667024532283,129.1933404906457,-45.47192282295012,-19.12474742237278
725,3,256,-26.34717540057644,52.69435080115287,-24.92219946243286,-1.424975938143561
725,4,256,-23.49722352428929,46.99444704857858,-12.20867097420828,-11.28855255008102
725,5,10,-.9201184241272573,1.840236848254515,-.4600592120636300,-.4600592120636272
726,1,784,.000000000000000,.000000000000000,-32.20264518393146,32.20264518393146
726,2,256,-64.40529036786187,128.8105807357237,-45.26604151876388,-19.13924884909806
726,3,256,-26.12679266966492,52.25358533932985,-24.99630831897863,-1.130484350686292
726,4,256,-23.86582396829231,47.73164793658463,-12.41137061566278,-11.45445335262954
726,5,10,-.9569172630332364,1.913834526066473,-.4784586315166191,-.4784586315166174
727,1,784,.000000000000000,.000000000000000,-31.98073432358894,31.98073432358894
727,2,256,-63.96146864717705,127.9229372943541,-45.30184221261312,-18.65962643456392
727,3,256,-26.64221577804834,53.28443155609667,-25.30734442125481,-1.334871356793512
727,4,256,-23.97247306446131,47.94494612892262,-12.41918739683012,-11.55328566763118
727,5,10,-.8659017291989595,1.731803458397919,-.4329508645994796,-.4329508645994797
728,1,784,.000000000000000,.000000000000000,-32.16776377980012,32.16776377980012
728,2,256,-64.33552755959934,128.6710551191987,-45.49191569165307,-18.84361186794627
728,3,256,-26.64830382370591,53.29660764741182,-25.05973499589062,-1.588568827815287
728,4,256,-23.47116616807534,46.94233233615067,-12.22051481602306,-11.25065135205227
728,5,10,-.9698634639707802,1.939726927941560,-.4849317319853911,-.4849317319853892
729,1,784,.000000000000000,.000000000000000,-32.20460444072299,32.20460444072299
729,2,256,-64.40920888144501,128.8184177628900,-45.29550919782612,-19.11369968361891
729,3,256,-26.18180951420634,52.36361902841269,-24.99011514091319,-1.191694373293152
729,4,256,-23.79842076762007,47.59684153524014,-12.37559959334248,-11.42282117427760
729,5,10,-.9527784190648897,1.905556838129779,-.4763892095324461,-.4763892095324436
730,1,784,.000000000000000,.000000000000000,-32.38338784104208,32.38338784104208
730,2,256,-64.76677568208325,129.5335513641665,-45.37910402530755,-19.38767165677565
730,3,256,-25.99143236853104,51.98286473706207,-24.81404334676090,-1.177389021770135
730,4,256,-23.63665432499075,47.27330864998149,-12.27115591718570,-11.36549840780506
730,5,10,-.9056575093806358,1.811315018761272,-.4528287546903170,-.4528287546903187
731,1,784,.000000000000000,.000000000000000,-32.22007756169310,32.22007756169310
731,2,256,-64.44015512338530,128.8803102467706,-45.36629211609687,-19.07386300728840
731,3,256,-26.29242910880757,52.58485821761515,-24.99678832550027,-1.295640783307307
731,4,256,-23.70114754219297,47.40229508438595,-12.32331326077576,-11.37783428141721
731,5,10,-.9454789793585606,1.890957958717121,-.4727394896792805,-.4727394896792801
732,1,784,.000000000000000,.000000000000000,-32.39855595999096,32.39855595999096
732,2,256,-64.79711191998094,129.5942238399619,-45.51217014238488,-19.28494177759610
732,3,256,-26.22722836478792,52.45445672957584,-24.85269694910009,-1.374531415687835
732,4,256,-23.47816553341227,46.95633106682455,-12.16092264650009,-11.31724288691218
732,5,10,-.8436797595879187,1.687359519175837,-.4218398797939601,-.4218398797939587
733,1,784,.000000000000000,.000000000000000,-32.41531552259686,32.41531552259686
733,2,256,-64.83063104519283,129.6612620903857,-45.48343946939937,-19.34719157579342
733,3,256,-26.13624789360510,52.27249578721020,-24.78159400719888,-1.354653886406191
733,4,256,-23.42694012079272,46.85388024158544,-12.17917611815931,-11.24776400263339
733,5,10,-.9314121155259315,1.862824231051863,-.4657060577629651,-.4657060577629665
734,1,784,.000000000000000,.000000000000000,-32.33546779818943,32.33546779818943
734,2,256,-64.67093559637802,129.3418711927560,-45.47048090037403,-19.20045469600395
734,3,256,-26.27002620436918,52.54005240873836,-24.90969076405695,-1.360335440312248
734,4,256,-23.54935532374463,47.09871064748926,-12.19141442794420,-11.35794089580043
734,5,10,-.8334735321437468,1.666947064287494,-.4167367660718720,-.4167367660718747
735,1,784,.000000000000000,.000000000000000,-32.19941140572033,32.19941140572033
735,2,256,-64.39882281143974,128.7976456228795,-45.35027174804360,-19.04855106339619
735,3,256,-26.30172068464656,52.60344136929313,-25.05774962945661,-1.243971055189914
735,4,256,-23.81377857426675,47.62755714853349,-12.34364291922702,-11.47013565503972
735,5,10,-.8735072641872761,1.747014528374552,-.4367536320936396,-.4367536320936364
736,1,784,.000000000000000,.000000000000000,-32.31261762511846,32.31261762511846
736,2,256,-64.62523525023606,129.2504705004721,-45.48791804989107,-19.13731720034496
736,3,256,-26.35060084954520,52.70120169909040,-24.91491430123715,-1.435686548308071
736,4,256,-23.47922775292906,46.95845550585812,-12.20742081014629,-11.27180694278276
736,5,10,-.9356138673635074,1.871227734727015,-.4678069336817543,-.4678069336817531
737,1,784,.000000000000000,.000000000000000,-32.08411889287866,32.08411889287866
737,2,256,-64.16823778575633,128.3364755715127,-45.43640425978202,-18.73183352597433
737,3,256,-26.70457073380677,53.40914146761354,-25.16588096931407,-1.538689764492687
737,4,256,-23.62719120482138,47.25438240964276,-12.27500748103547,-11.35218372378592
737,5,10,-.9228237572495606,1.845647514499121,-.4614118786247802,-.4614118786247803
738,1,784,.000000000000000,.000000000000000,-32.09415744607814,32.09415744607814
738,2,256,-64.18831489215538,128.3766297843108,-45.37001811271941,-18.81829677943590
738,3,256,-26.55172133328264,53.10344266656529,-25.16376155471745,-1.387959778565222
738,4,256,-23.77580177615221,47.55160355230441,-12.33811526042778,-11.43768651572443
738,5,10,-.9004287447033323,1.800857489406665,-.4502143723516646,-.4502143723516678
739,1,784,.000000000000000,.000000000000000,-32.03168664209938,32.03168664209938
739,2,256,-64.06337328419791,128.1267465683958,-45.27243984484148,-18.79093343935643
739,3,256,-26.48150640548414,52.96301281096828,-25.21354484070289,-1.267961564781241
739,4,256,-23.94558327592161,47.89116655184321,-12.44717184047184,-11.49841143544977
739,5,10,-.9487604050220482,1.897520810044096,-.4743802025110239,-.4743802025110243
740,1,784,.000000000000000,.000000000000000,-31.92144712855121,31.92144712855121
740,2,256,-63.84289425710153,127.6857885142031,-45.16418494439775,-18.67870931270375
740,3,256,-26.48547563169310,52.97095126338619,-25.34968056708219,-1.135795064610910
740,4,256,-24.21388550247130,48.42777100494259,-12.56097173062305,-11.65291377184821
740,5,10,-.9080579587748502,1.816115917549700,-.4540289793874241,-.4540289793874261
741,1,784,.000000000000000,.000000000000000,-32.29917155742979,32.29917155742979
741,2,256,-64.59834311485858,129.1966862297172,-45.36259301356353,-19.23575010129506
741,3,256,-26.12684291226751,52.25368582453501,-24.89769599494654,-1.229146917320981
741,4,256,-23.66854907762559,47.33709815525118,-12.29555771749302,-11.37299136013258
741,5,10,-.9225663573604883,1.845132714720977,-.4612831786802429,-.4612831786802454
742,1,784,.000000000000000,.000000000000000,-32.26297815000591,32.26297815000591
742,2,256,-64.52595630001102,129.0519126000220,-45.72716928029935,-18.79878701971169
742,3,256,-26.92838226058682,53.85676452117363,-25.08053485261753,-1.847847407969287
742,4,256,-23.23268744464825,46.46537488929650,-12.03301746131576,-11.19966998333247
742,5,10,-.8333474779832792,1.666694955966558,-.4166737389916394,-.4166737389916400
743,1,784,.000000000000000,.000000000000000,-32.18182986649088,32.18182986649088
743,2,256,-64.36365973298088,128.7273194659618,-45.54999886051352,-18.81366087246737
743,3,256,-26.73633798804520,53.47267597609041,-25.06381601509699,-1.672521972948229
743,4,256,-23.39129404214872,46.78258808429744,-12.18131312793615,-11.20998091421256
743,5,10,-.9713322137235983,1.942664427447197,-.4856661068617971,-.4856661068618012
744,1,784,.000000000000000,.000000000000000,-32.23296982358161,32.23296982358161
744,2,256,-64.46593964716229,128.9318792943246,-45.47429267704553,-18.99164697011680
744,3,256,-26.48264570692785,52.96529141385570,-24.97297733913256,-1.509668367795290
744,4,256,-23.46330897133728,46.92661794267455,-12.22814978505960,-11.23515918627766
744,5,10,-.9929905987819679,1.985981197563936,-.4964952993909824,-.4964952993909857
745,1,784,.000000000000000,.000000000000000,-32.30034951910807,32.30034951910807
745,2,256,-64.60069903821527,129.2013980764305,-45.43318382890286,-19.16751520931247
745,3,256,-26.26566861958949,52.53133723917898,-24.92909619480612,-1.336572424783378
745,4,256,-23.59252377002276,47.18504754004552,-12.24551120290372,-11.34701256711903
745,5,10,-.8984986357847107,1.796997271569421,-.4492493178923550,-.4492493178923557
746,1,784,.000000000000000,.000000000000000,-32.16925228621646,32.16925228621646
746,2,256,-64.33850457243200,128.6770091448640,-45.28765151928399,-19.05085305314803
746,3,256,-26.23679846613507,52.47359693227013,-25.07643502790475,-1.160363438230311
746,4,256,-23.91607158967447,47.83214317934894,-12.38447718292903,-11.53159440674543
746,5,10,-.8528827761836086,1.705765552367217,-.4264413880918036,-.4264413880918050
747,1,784,.000000000000000,.000000000000000,-32.02293493296051,32.02293493296051
747,2,256,-64.04586986592012,128.0917397318402,-45.14691062988420,-18.89895923603596
747,3,256,-26.24795139384725,52.49590278769450,-25.18619467458266,-1.061756719264599
747,4,256,-24.12443795531806,48.24887591063612,-12.54532685692885,-11.57911109838920
747,5,10,-.9662157585396317,1.932431517079263,-.4831078792698152,-.4831078792698165
748,1,784,.000000000000000,.000000000000000,-32.15339532837464,32.15339532837464
748,2,256,-64.30679065674855,128.6135813134971,-45.43846654094517,-18.86832411580334
748,3,256,-26.57014242514096,53.14028485028193,-25.10557635068362,-1.464566074457323
748,4,256,-23.64101027622633,47.28202055245266,-12.28732614650351,-11.35368412972281
748,5,10,-.9336420167807008,1.867284033561402,-.4668210083903488,-.4668210083903520
749,1,784,.000000000000000,.000000000000000,-32.27733386845426,32.27733386845426
749,2,256,-64.55466773690766,129.1093354738153,-45.68971074196187,-18.86495699494580
749,3,256,-26.82475374701515,53.64950749403030,-24.99513118641949,-1.829622560595690
749,4,256,-23.16550862582372,46.33101725164744,-12.05048338772242,-11.11502523810131
749,5,10,-.9354581496211059,1.870916299242212,-.4677290748105519,-.4677290748105539
750,1,784,.000000000000000,.000000000000000,-32.43188844687420,32.43188844687420
750,2,256,-64.86377689374743,129.7275537874949,-45.53257168235821,-19.33120521138925
750,3,256,-26.20136647096812,52.40273294193624,-24.77586880261905,-1.425497668349056
750,4,256,-23.35037113427005,46.70074226854010,-12.13867023427919,-11.21170089999087
750,5,10,-.9269693342883496,1.853938668576699,-.4634846671441731,-.4634846671441764
751,1,784,.000000000000000,.000000000000000,-32.33394444113398,32.33394444113398
751,2,256,-64.66788888226704,129.3357777645341,-45.49435638631161,-19.17353249595544
751,3,256,-26.32082389035528,52.64164778071056,-24.85737829593566,-1.463445594419631
751,4,256,-23.39393270151606,46.78786540303213,-12.18012661588041,-11.21380608563564
751,5,10,-.9663205302447828,1.932641060489566,-.4831602651223920,-.4831602651223910
752,1,784,.000000000000000,.000000000000000,-32.29938985942865,32.29938985942865
752,2,256,-64.59877971885646,129.1975594377129,-45.45627036655974,-19.14250935229674
752,3,256,-26.31376101426220,52.62752202852440,-24.89217626455512,-1.421584749707071
752,4,256,-23.47059151484807,46.94118302969614,-12.21147789700057,-11.25911361784751
752,5,10,-.9523642791530579,1.904728558306116,-.4761821395765281,-.4761821395765297
753,1,784,.000000000000000,.000000000000000,-32.36867698627444,32.36867698627444
753,2,256,-64.73735397254805,129.4747079450961,-45.33126800923373,-19.40608596331435
753,3,256,-25.92518204591847,51.85036409183694,-24.76341261912538,-1.161769426793091
753,4,256,-23.60164319233231,47.20328638466463,-12.28823981295023,-11.31340337938206
753,5,10,-.9748364335681856,1.949672867136371,-.4874182167840937,-.4874182167840920
754,1,784,.000000000000000,.000000000000000,-32.45679380831062,32.45679380831062
754,2,256,-64.91358761662035,129.8271752332407,-45.63023831178084,-19.28334930483952
754,3,256,-26.34688900694043,52.69377801388085,-24.77016232691408,-1.576726680026349
754,4,256,-23.19343564688776,46.38687129377551,-12.02845237322097,-11.16498327366678
754,5,10,-.8634690995542015,1.726938199108403,-.4317345497770996,-.4317345497771020
755,1,784,.000000000000000,.000000000000000,-32.20196416143882,32.20196416143882
755,2,256,-64.40392832287682,128.8078566457536,-45.23843735965281,-19.16549096322403
755,3,256,-26.07294639642788,52.14589279285576,-24.90863822210113,-1.164308174326755
755,4,256,-23.74433004777435,47.48866009554870,-12.40081079123715,-11.34351925653722
755,5,10,-1.057291534699893,2.114583069399786,-.5286457673499468,-.5286457673499463
756,1,784,.000000000000000,.000000000000000,-32.23022335287514,32.23022335287514
756,2,256,-64.46044670574950,128.9208934114990,-45.35771114746169,-19.10273555828776
756,3,256,-26.25497558917313,52.50995117834626,-25.01251520029249,-1.242460388880619
756,4,256,-23.77005481141191,47.54010962282381,-12.30863383500913,-11.46142097640278
756,5,10,-.8472128586063600,1.694425717212720,-.4236064293031792,-.4236064293031807
757,1,784,.000000000000000,.000000000000000,-32.23132758283629,32.23132758283629
757,2,256,-64.46265516567165,128.9253103313433,-45.45281494124826,-19.00984022442338
757,3,256,-26.44297471682400,52.88594943364800,-24.98675980999764,-1.456214906826373
757,4,256,-23.53054490317132,47.06108980634264,-12.25895802843009,-11.27158687474125
757,5,10,-.9873711536888580,1.974742307377716,-.4936855768444288,-.4936855768444292
758,1,784,.000000000000000,.000000000000000,-32.52701503751816,32.52701503751816
758,2,256,-65.05403007503543,130.1080601500709,-45.50617509281349,-19.54785498222196
758,3,256,-25.95832011059064,51.91664022118128,-24.66991558346802,-1.288404527122607
758,4,256,-23.38151105634545,46.76302211269090,-12.13381137375979,-11.24769968258568
758,5,10,-.8861116911741198,1.772223382348240,-.4430558455870602,-.4430558455870597
759,1,784,.000000000000000,.000000000000000,-32.15934915942005,32.15934915942005
759,2,256,-64.31869831883924,128.6373966376785,-45.28745896359772,-19.03123935524152
759,3,256,-26.25621960835537,52.51243921671075,-25.06141117961238,-1.194808428742979
759,4,256,-23.86660275086941,47.73320550173882,-12.37436138463781,-11.49224136623160
759,5,10,-.8821200184062136,1.764240036812427,-.4410600092031087,-.4410600092031049
760,1,784,.000000000000000,.000000000000000,-32.09106974947780,32.09106974947780
760,2,256,-64.18213949895475,128.3642789979095,-45.36240894750344,-18.81973055145125
760,3,256,-26.54267839605141,53.08535679210281,-25.20920576126629,-1.333472634785112
760,4,256,-23.87573312648117,47.75146625296235,-12.35038563095678,-11.52534749552439
760,5,10,-.8250381354323698,1.650076270864740,-.4125190677161861,-.4125190677161838
761,1,784,.000000000000000,.000000000000000,-32.13579762949077,32.13579762949077
761,2,256,-64.27159525898068,128.5431905179614,-45.37912704772966,-18.89246821125104
761,3,256,-26.48665883647772,52.97331767295543,-25.08493874686488,-1.401720089612829
761,4,256,-23.68321865725200,47.36643731450400,-12.32860988617185,-11.35460877108015
761,5,10,-.9740011150916973,1.948002230183395,-.4870005575458456,-.4870005575458516
762,1,784,.000000000000000,.000000000000000,-32.16788357929612,32.16788357929612
762,2,256,-64.33576715859138,128.6715343171828,-45.39734623898422,-18.93842091960713
762,3,256,-26.45892531937621,52.91785063875242,-25.08730751828447,-1.371617801091735
762,4,256,-23.71568971719272,47.43137943438544,-12.30305452196943,-11.41263519522330
762,5,10,-.8904193267461171,1.780838653492234,-.4452096633730596,-.4452096633730577
763,1,784,.000000000000000,.000000000000000,-32.08560445198990,32.08560445198990
763,2,256,-64.17120890397891,128.3424178079578,-45.43410396150684,-18.73710494247205
763,3,256,-26.69699901903386,53.39399803806772,-25.20655900805378,-1.490440010980075
763,4,256,-23.71611899707372,47.43223799414745,-12.30893480705773,-11.40718419001600
763,5,10,-.9017506170417455,1.803501234083491,-.4508753085208733,-.4508753085208722
764,1,784,.000000000000000,.000000000000000,-32.34680177028596,32.34680177028596
764,2,256,-64.69360354057100,129.3872070811420,-45.41777919594712,-19.27582434462389
764,3,256,-26.14195485132236,52.28390970264473,-24.79013198969082,-1.351822861631563
764,4,256,-23.43830912805927,46.87661825611854,-12.22406530384762,-11.21424382421164
764,5,10,-1.009821479635993,2.019642959271986,-.5049107398179973,-.5049107398179954
765,1,784,.000000000000000,.000000000000000,-32.25682570893330,32.25682570893330
765,2,256,-64.51365141786567,129.0273028357313,-45.38560775977957,-19.12804365808608
765,3,256,-26.25756410169263,52.51512820338526,-24.96628360765350,-1.291280494039133
765,4,256,-23.67500311361438,47.35000622722877,-12.28302722777688,-11.39197588583749
765,5,10,-.8910513419393804,1.782102683878761,-.4455256709696889,-.4455256709696915
766,1,784,.000000000000000,.000000000000000,-32.31118782356090,32.31118782356090
766,2,256,-64.62237564712099,129.2447512942420,-45.40241928653757,-19.21995636058342
766,3,256,-26.18246292595328,52.36492585190656,-24.92067606334979,-1.261786862603493
766,4,256,-23.65888920074629,47.31777840149258,-12.28304697387392,-11.37584222687238
766,5,10,-.9072047470015311,1.814409494003062,-.4536023735007640,-.4536023735007670
767,1,784,.000000000000000,.000000000000000,-32.14422863919865,32.14422863919865
767,2,256,-64.28845727839638,128.5769145567928,-45.16436476949137,-19.12409250890505
767,3,256,-26.04027226058539,52.08054452117079,-25.06858935281062,-.9716829077747662
767,4,256,-24.09690644503587,48.19381289007173,-12.50245491485028,-11.59445153018561
767,5,10,-.9080033846647221,1.816006769329444,-.4540016923323603,-.4540016923323618
768,1,784,.000000000000000,.000000000000000,-32.23509446573949,32.23509446573949
768,2,256,-64.47018893147809,128.9403778629562,-45.45288920232529,-19.01729972915279
768,3,256,-26.43558947317164,52.87117894634329,-24.99753744668986,-1.438052026481769
768,4,256,-23.55948542020812,47.11897084041624,-12.24193317967701,-11.31755224053112
768,5,10,-.9243809391458968,1.848761878291794,-.4621904695729482,-.4621904695729488
769,1,784,.000000000000000,.000000000000000,-32.26199930021772,32.26199930021772
769,2,256,-64.52399860043457,129.0479972008691,-45.38254459460247,-19.14145400583212
769,3,256,-26.24109058876945,52.48218117753889,-24.93690797522771,-1.304182613541729
769,4,256,-23.63272536168600,47.26545072337201,-12.28521433313406,-11.34751102855194
769,5,10,-.9377033045821179,1.875406609164236,-.4688516522910589,-.4688516522910591
770,1,784,.000000000000000,.000000000000000,-32.27327262668640,32.27327262668640
770,2,256,-64.54654525337185,129.0930905067437,-45.27237171417612,-19.27417353919573
770,3,256,-25.99819817497950,51.99639634995901,-24.89920937712438,-1.098988797855103
770,4,256,-23.80022057926929,47.60044115853858,-12.38297749211696,-11.41724308715232
770,5,10,-.9657344049646217,1.931468809929243,-.4828672024823110,-.4828672024823107
771,1,784,.000000000000000,.000000000000000,-32.15830885493484,32.15830885493484
771,2,256,-64.31661770986877,128.6332354197375,-45.26882582614102,-19.04779188372776
771,3,256,-26.22103394241242,52.44206788482484,-25.05358032236461,-1.167453620047817
771,4,256,-23.88612670231679,47.77225340463358,-12.41049038289552,-11.47563631942127
771,5,10,-.9348540634742564,1.869708126948513,-.4674270317371259,-.4674270317371306
772,1,784,.000000000000000,.000000000000000,-32.21138810052599,32.21138810052599
772,2,256,-64.42277620105108,128.8455524021022,-45.55844443881472,-18.86433176223638
772,3,256,-26.69411267657741,53.38822535315482,-25.05993336809636,-1.634179308481052
772,4,256,-23.42575405961529,46.85150811923058,-12.16876951055322,-11.25698454906209
772,5,10,-.9117849614911052,1.823569922982210,-.4558924807455533,-.4558924807455520
773,1,784,.000000000000000,.000000000000000,-32.36169393599793,32.36169393599793
773,2,256,-64.72338787199500,129.4467757439900,-45.55468324630084,-19.16870462569419
773,3,256,-26.38597862060575,52.77195724121150,-24.84228614459757,-1.543692476008205
773,4,256,-23.29859366858937,46.59718733717875,-12.12462568447053,-11.17396798411885
773,5,10,-.9506577003516776,1.901315400703355,-.4753288501758387,-.4753288501758389
774,1,784,.000000000000000,.000000000000000,-32.37823148424816,32.37823148424816
774,2,256,-64.75646296849541,129.5129259369908,-45.44160671090482,-19.31485625759059
774,3,256,-26.12675045331337,52.25350090662674,-24.82475381274696,-1.301996640566410
774,4,256,-23.52275717218051,47.04551434436102,-12.19712961906556,-11.32562755311496
774,5,10,-.8715020659505734,1.743004131901147,-.4357510329752851,-.4357510329752884
775,1,784,.000000000000000,.000000000000000,-32.30508038624313,32.30508038624313
775,2,256,-64.61016077248533,129.2203215449707,-45.40012584101652,-19.21003493146884
775,3,256,-26.19009090954680,52.38018181909360,-24.89527877988149,-1.294812129665330
775,4,256,-23.60046665021619,47.20093330043238,-12.27577545066786,-11.32469119954832
775,5,10,-.9510842511195692,1.902168502239138,-.4755421255597866,-.4755421255597825
776,1,784,.000000000000000,.000000000000000,-32.29531613299933,32.29531613299933
776,2,256,-64.59063226599773,129.1812645319955,-45.21551635445565,-19.37511591154208
776,3,256,-25.84040044291270,51.68080088582539,-24.83624649043574,-1.004153952476956
776,4,256,-23.83209253795880,47.66418507591761,-12.38939624900995,-11.44269628894885
776,5,10,-.9466999600611223,1.893399920122245,-.4733499800305646,-.4733499800305577
777,1,784,.000000000000000,.000000000000000,-32.35859364814917,32.35859364814917
777,2,256,-64.71718729629744,129.4343745925949,-45.55347670771803,-19.16371058857933
777,3,256,-26.38976611913780,52.77953223827559,-24.88681733004900,-1.502948789088773
777,4,256,-23.38386854096024,46.76773708192049,-12.14463190703793,-11.23923663392231
777,5,10,-.9053952731156215,1.810790546231243,-.4526976365578094,-.4526976365578122
778,1,784,.000000000000000,.000000000000000,-32.09343955779065,32.09343955779065
778,2,256,-64.18687911558047,128.3737582311609,-45.26750895842261,-18.91937015715787
778,3,256,-26.34813880126384,52.69627760252767,-25.15850976448015,-1.189629036783683
778,4,256,-23.96888072769651,47.93776145539302,-12.43725463874518,-11.53162608895133
778,5,10,-.9056285497938824,1.811257099587765,-.4528142748969416,-.4528142748969408
779,1,784,.000000000000000,.000000000000000,-32.02353588757782,32.02353588757782
779,2,256,-64.04707177515482,128.0941435503096,-45.31269619023706,-18.73437558491770
779,3,256,-26.57832060531850,53.15664121063699,-25.27537617602812,-1.302944429290378
779,4,256,-23.97243174673778,47.94486349347556,-12.40904696725049,-11.56338477948726
779,5,10,-.8456621877632575,1.691324375526515,-.4228310938816299,-.4228310938816275
780,1,784,.000000000000000,.000000000000000,-32.25513920195358,32.25513920195358
780,2,256,-64.51027840390626,129.0205568078125,-45.38430128938587,-19.12597711452040
780,3,256,-26.25832417486456,52.51664834972912,-24.96087924577394,-1.297444929090640
780,4,256,-23.66343431668324,47.32686863336649,-12.28494607743669,-11.37848823924658
780,5,10,-.9064578381900819,1.812915676380164,-.4532289190950424,-.4532289190950393
781,1,784,.000000000000000,.000000000000000,-32.41146448108729,32.41146448108729
781,2,256,-64.82292896217359,129.6458579243472,-45.37122132279728,-19.45170763937635
781,3,256,-25.91951368342001,51.83902736684002,-24.74541672348954,-1.174096959930500
781,4,256,-23.57131976355902,47.14263952711804,-12.26394589085850,-11.30737387270052
781,5,10,-.9565720181579749,1.913144036315950,-.4782860090789867,-.4782860090789881
782,1,784,.000000000000000,.000000000000000,-32.15754993011544,32.15754993011544
782,2,256,-64.31509986022991,128.6301997204598,-45.15855342517838,-19.15654643505153
782,3,256,-26.00200699012599,52.00401398025198,-25.05398250056674,-.9480244895592442
782,4,256,-24.10595801100754,48.21191602201509,-12.48792181734266,-11.61803619366485
782,5,10,-.8698856236778211,1.739771247355642,-.4349428118389109,-.4349428118389101
783,1,784,.000000000000000,.000000000000000,-32.15587842994443,32.15587842994443
783,2,256,-64.31175685988798,128.6235137197760,-45.24850410122685,-19.06325275866118
783,3,256,-26.18525134256467,52.37050268512935,-25.09824660774326,-1.087004734821382
783,4,256,-24.01124187292183,48.02248374584367,-12.42949523412602,-11.58174663879582
783,5,10,-.8477485953301935,1.695497190660387,-.4238742976650977,-.4238742976650958
784,1,784,.000000000000000,.000000000000000,-32.34007317155310,32.34007317155310
784,2,256,-64.68014634310532,129.3602926862106,-45.43996198570380,-19.24018435740148
784,3,256,-26.19977762830147,52.39955525660294,-24.85379966722176,-1.345977961079704
784,4,256,-23.50782170614204,47.01564341228408,-12.25263410253442,-11.25518760360763
784,5,10,-.9974464989267818,1.994892997853564,-.4987232494633902,-.4987232494633917
785,1,784,.000000000000000,.000000000000000,-32.26810596375152,32.26810596375152
785,2,256,-64.53621192750214,129.0724238550043,-45.58045802829259,-18.95575389920959
785,3,256,-26.62470412908210,53.24940825816420,-24.97780644631109,-1.646897682771020
785,4,256,-23.33090876354006,46.66181752708012,-12.13266918849361,-11.19823957504643
785,5,10,-.9344296134471904,1.868859226894381,-.4672148067235959,-.4672148067235945
786,1,784,.000000000000000,.000000000000000,-32.37586835650028,32.37586835650028
786,2,256,-64.75173671299957,129.5034734259991,-45.66692200589274,-19.08481470710689
786,3,256,-26.58210729878494,53.16421459756987,-24.88465770667723,-1.697449592107696
786,4,256,-23.18720811456955,46.37441622913911,-12.04458037091437,-11.14262774365517
786,5,10,-.9019526272592243,1.803905254518449,-.4509763136296134,-.4509763136296110
787,1,784,.000000000000000,.000000000000000,-32.33022235693301,32.33022235693301
787,2,256,-64.66044471386508,129.3208894277302,-45.31967677816108,-19.34076793570404
787,3,256,-25.97890884245616,51.95781768491232,-24.85662179734104,-1.122287045115102
787,4,256,-23.73433475222592,47.46866950445185,-12.30269112709589,-11.43164362513001
787,5,10,-.8710475019658761,1.742095003931752,-.4355237509829388,-.4355237509829371
788,1,784,.000000000000000,.000000000000000,-32.14729267883891,32.14729267883891
788,2,256,-64.29458535767694,128.5891707153539,-45.45677025558160,-18.83781510209533
788,3,256,-26.61895515348542,53.23791030697085,-25.13627312088797,-1.482682032597462
788,4,256,-23.65359108829052,47.30718217658104,-12.25846898429819,-11.39512210399231
788,5,10,-.8633468803058619,1.726693760611724,-.4316734401529310,-.4316734401529310
789,1,784,.000000000000000,.000000000000000,-32.18511112891163,32.18511112891163
789,2,256,-64.37022225782235,128.7404445156447,-45.43409462148269,-18.93612763633963
789,3,256,-26.49796698514218,52.99593397028436,-25.05460614178346,-1.443360843358731
789,4,256,-23.61124529842476,47.22249059684952,-12.27684873301174,-11.33439656541302
789,5,10,-.9424521675987527,1.884904335197505,-.4712260837993783,-.4712260837993745
790,1,784,.000000000000000,.000000000000000,-32.30123803502953,32.30123803502953
790,2,256,-64.60247607005827,129.2049521401165,-45.44540803451213,-19.15706803554610
790,3,256,-26.28833999896513,52.57667999793026,-24.94233503230333,-1.346004966661792
790,4,256,-23.59633006564155,47.19266013128309,-12.22142017054810,-11.37490989509343
790,5,10,-.8465102754546577,1.693020550909315,-.4232551377273293,-.4232551377273285
791,1,784,.000000000000000,.000000000000000,-31.95238305218077,31.95238305218077
791,2,256,-63.90476610436068,127.8095322087214,-45.21135225191382,-18.69341385244683
791,3,256,-26.51793839946609,53.03587679893217,-25.27589452539477,-1.242043874071322
791,4,256,-24.03385065132341,48.06770130264681,-12.48431236680528,-11.54953828451814
791,5,10,-.9347740822871593,1.869548164574319,-.4673870411435790,-.4673870411435803
792,1,784,.000000000000000,.000000000000000,-32.19673771370685,32.19673771370685
792,2,256,-64.39347542741274,128.7869508548255,-45.31099377377941,-19.08248165363332
792,3,256,-26.22851212014512,52.45702424029024,-25.05394006048423,-1.174572059660876
792,4,256,-23.87936800082333,47.75873600164665,-12.37902620625396,-11.50034179456937
792,5,10,-.8786844116845762,1.757368823369152,-.4393422058422877,-.4393422058422885
793,1,784,.000000000000000,.000000000000000,-32.19454427891276,32.19454427891276
793,2,256,-64.38908855782466,128.7781771156493,-45.34604084475214,-19.04304771307249
793,3,256,-26.30299313167881,52.60598626335761,-25.04080706944292,-1.262186062235904
793,4,256,-23.77862100720704,47.55724201441409,-12.34530642149068,-11.43331458571637
793,5,10,-.9119918357743102,1.823983671548620,-.4559959178871561,-.4559959178871540
794,1,784,.000000000000000,.000000000000000,-32.28275040685980,32.28275040685980
794,2,256,-64.56550081371877,129.1310016274375,-45.39968355488146,-19.16581725883728
794,3,256,-26.23386629604329,52.46773259208658,-24.90591745698341,-1.327948839059902
794,4,256,-23.57796861792349,47.15593723584698,-12.27894523474558,-11.29902338317793
794,5,10,-.9799218515676713,1.959843703135343,-.4899609257838365,-.4899609257838348
795,1,784,.000000000000000,.000000000000000,-32.14382697088973,32.14382697088973
795,2,256,-64.28765394177844,128.5753078835569,-45.30926489918883,-18.97838904258962
795,3,256,-26.33087585659831,52.66175171319662,-25.06860634337991,-1.262269513218380
795,4,256,-23.80633683016146,47.61267366032292,-12.38740534123458,-11.41893148892690
795,5,10,-.9684738523076575,1.936947704615315,-.4842369261538279,-.4842369261538296
796,1,784,.000000000000000,.000000000000000,-32.40411911864762,32.40411911864762
796,2,256,-64.80823823729430,129.6164764745886,-45.41349073119903,-19.39474750609527
796,3,256,-26.01874322510291,52.03748645020581,-24.81434853284069,-1.204394692262218
796,4,256,-23.60995384057847,47.21990768115695,-12.23378566220453,-11.37616817837396
796,5,10,-.8576174838305983,1.715234967661197,-.4288087419152970,-.4288087419153013
797,1,784,.000000000000000,.000000000000000,-32.13604274624748,32.13604274624748
797,2,256,-64.27208549249397,128.5441709849879,-45.33916785910164,-18.93291763339235
797,3,256,-26.40625022570843,52.81250045141685,-25.11279860771052,-1.293451617997919
797,4,256,-23.81934698971262,47.63869397942525,-12.37585906936603,-11.44348792034658
797,5,10,-.9323711490194442,1.864742298038888,-.4661855745097219,-.4661855745097224
798,1,784,.000000000000000,.000000000000000,-32.36164492879692,32.36164492879692
798,2,256,-64.72328985759293,129.4465797151859,-45.48158068198085,-19.24170917561214
798,3,256,-26.23987150636777,52.47974301273553,-24.89083510795342,-1.349036398414332
798,4,256,-23.54179870953912,47.08359741907823,-12.19523182328719,-11.34656688625193
798,5,10,-.8486649370352658,1.697329874070532,-.4243324685176326,-.4243324685176332
799,1,784,.000000000000000,.000000000000000,-32.23793676268631,32.23793676268631
799,2,256,-64.47587352537168,128.9517470507434,-45.35927092360649,-19.11660260176524
799,3,256,-26.24266832184040,52.48533664368080,-25.02038821882248,-1.222280103017919
799,4,256,-23.79810811580459,47.59621623160918,-12.32623335254790,-11.47187476325669
799,5,10,-.8543585892912323,1.708717178582465,-.4271792946456170,-.4271792946456153
800,1,784,.000000000000000,.000000000000000,-32.10276146351485,32.10276146351485
800,2,256,-64.20552292702887,128.4110458540577,-45.17058629305033,-19.03493663397851
800,3,256,-26.13564965907094,52.27129931814188,-25.07879494436392,-1.056854714707026
800,4,256,-24.02194022965688,48.04388045931376,-12.49963558559331,-11.52230464406355
800,5,10,-.9773309415297383,1.954661883059477,-.4886654707648706,-.4886654707648677
801,1,784,.000000000000000,.000000000000000,-32.30460346979321,32.30460346979321
801,2,256,-64.60920693958560,129.2184138791712,-45.40995480210087,-19.19925213748468
801,3,256,-26.21070266461531,52.42140532923062,-24.88879811953956,-1.321904545075760
801,4,256,-23.56689357446377,47.13378714892754,-12.25308497416233,-11.31380860030144
801,5,10,-.9392763738608948,1.878552747721790,-.4696381869304465,-.4696381869304484
802,1,784,.000000000000000,.000000000000000,-32.32170246152825,32.32170246152825
802,2,256,-64.64340492305560,129.2868098461112,-45.27827070498024,-19.36513421807535
802,3,256,-25.91313648690397,51.82627297380793,-24.92081236824879,-.9923241186551736
802,4,256,-23.92848824959361,47.85697649918722,-12.38788570106979,-11.54060254852384
802,5,10,-.8472831525459471,1.694566305091894,-.4236415762729721,-.4236415762729751
803,1,784,.000000000000000,.000000000000000,-32.10572784721132,32.10572784721132
803,2,256,-64.21145569442172,128.4229113888434,-45.48770741077651,-18.72374828364525
803,3,256,-26.76395912713033,53.52791825426065,-25.17572643126077,-1.588232695869571
803,4,256,-23.58749373539119,47.17498747078238,-12.25104054583248,-11.33645318955871
803,5,10,-.9145873562737458,1.829174712547492,-.4572936781368733,-.4572936781368724
804,1,784,.000000000000000,.000000000000000,-32.24466763698771,32.24466763698771
804,2,256,-64.48933527397452,128.9786705479490,-45.39168985297160,-19.09764542100289
804,3,256,-26.29404443196782,52.58808886393564,-25.00093559736017,-1.293108834607644
804,4,256,-23.70782676275250,47.41565352550499,-12.29457792890784,-11.41324883384464
804,5,10,-.8813290950631446,1.762658190126289,-.4406645475315732,-.4406645475315713
805,1,784,.000000000000000,.000000000000000,-32.29235242732376,32.29235242732376
805,2,256,-64.58470485464665,129.1694097092933,-45.42086087957475,-19.16384397507188
805,3,256,-26.25701690450197,52.51403380900395,-24.95276514733717,-1.304251757164790
805,4,256,-23.64851339017240,47.29702678034479,-12.25242159463290,-11.39609179553949
805,5,10,-.8563297990933908,1.712659598186782,-.4281648995466966,-.4281648995466943
806,1,784,.000000000000000,.000000000000000,-32.32443937082650,32.32443937082650
806,2,256,-64.64887874165210,129.2977574833042,-45.57719590742407,-19.07168283422805
806,3,256,-26.50551307319520,53.01102614639039,-24.96500802120022,-1.540505051994971
806,4,256,-23.42450296920526,46.84900593841053,-12.14658364544428,-11.27791932376099
806,5,10,-.8686643216832639,1.737328643366528,-.4343321608416330,-.4343321608416308
807,1,784,.000000000000000,.000000000000000,-32.09513573205406,32.09513573205406
807,2,256,-64.19027146410717,128.3805429282143,-45.28074206644233,-18.90952939766489
807,3,256,-26.37121266877654,52.74242533755309,-25.14887140795952,-1.222341260817027
807,4,256,-23.92653014714253,47.85306029428506,-12.42074284984811,-11.50578729729442
807,5,10,-.9149555525536994,1.829911105107399,-.4574777762768492,-.4574777762768502
808,1,784,.000000000000000,.000000000000000,-32.39915283279656,32.39915283279656
808,2,256,-64.79830566559225,129.5966113311845,-45.42872050072884,-19.36958516486346
808,3,256,-26.05913533586443,52.11827067172885,-24.76945921248446,-1.289676123380011
808,4,256,-23.47978308910441,46.95956617820882,-12.22965088499791,-11.25013220410650
808,5,10,-.9795186808913927,1.959037361782785,-.4897593404456957,-.4897593404456971
809,1,784,.000000000000000,.000000000000000,-32.25848702067458,32.25848702067458
809,2,256,-64.51697404134825,129.0339480826965,-45.51107034231170,-19.00590369903654
809,3,256,-26.50516664327432,53.01033328654864,-25.04244022458175,-1.462726418692569
809,4,256,-23.57971380588923,47.15942761177845,-12.22194308342928,-11.35777072245993
809,5,10,-.8641723609693491,1.728344721938698,-.4320861804846748,-.4320861804846742
810,1,784,.000000000000000,.000000000000000,-32.45642246004440,32.45642246004440
810,2,256,-64.91284492008789,129.8256898401758,-45.68184039592454,-19.23100452416336
810,3,256,-26.45083587176028,52.90167174352057,-24.79774057397505,-1.653095297785257
810,4,256,-23.14464527618982,46.28929055237965,-12.00066271991115,-11.14398255627869
810,5,10,-.8566801636324883,1.713360327264977,-.4283400818162428,-.4283400818162455
811,1,784,.000000000000000,.000000000000000,-31.97785699390796,31.97785699390796
811,2,256,-63.95571398781502,127.9114279756300,-45.29086228061623,-18.66485170719874
811,3,256,-26.62601057341670,53.25202114683339,-25.27776877811465,-1.348241795302043
811,4,256,-23.92952698281265,47.85905396562529,-12.43431506740439,-11.49521191540827
811,5,10,-.9391031519961206,1.878206303992241,-.4695515759980597,-.4695515759980609
812,1,784,.000000000000000,.000000000000000,-32.42828246429649,32.42828246429649
812,2,256,-64.85656492859208,129.7131298571842,-45.51420808570057,-19.34235684289145
812,3,256,-26.17185124280832,52.34370248561663,-24.79972676117286,-1.372124481635461
812,4,256,-23.42760227953739,46.85520455907478,-12.13754671803932,-11.29005556149807
812,5,10,-.8474911565412407,1.694982313082481,-.4237455782706196,-.4237455782706211
813,1,784,.000000000000000,.000000000000000,-32.29492796184328,32.29492796184328
813,2,256,-64.58985592368570,129.1797118473714,-45.42120157758349,-19.16865434610224
813,3,256,-26.25254723148030,52.50509446296060,-24.95663425025565,-1.295912981224635
813,4,256,-23.66072126903103,47.32144253806207,-12.27086041833268,-11.38986085069835
813,5,10,-.8809995676343458,1.761999135268692,-.4404997838171723,-.4404997838171738
814,1,784,.000000000000000,.000000000000000,-32.48482463122023,32.48482463122023
814,2,256,-64.96964926243953,129.9392985248791,-45.52797334157926,-19.44167592086024
814,3,256,-26.08629742071813,52.17259484143625,-24.74097575332744,-1.345321667390694
814,4,256,-23.39565408593672,46.79130817187345,-12.12947839893246,-11.26617568700426
814,5,10,-.8633027119282022,1.726605423856404,-.4316513559641013,-.4316513559641009
815,1,784,.000000000000000,.000000000000000,-32.18509732803402,32.18509732803402
815,2,256,-64.37019465606714,128.7403893121343,-45.34807230273525,-19.02212235333183
815,3,256,-26.32594994940251,52.65189989880501,-25.06392215434116,-1.262027795061348
815,4,256,-23.80189435927978,47.60378871855956,-12.33569258747860,-11.46620177180117
815,5,10,-.8694908156774319,1.738981631354864,-.4347454078387146,-.4347454078387172
816,1,784,.000000000000000,.000000000000000,-32.23304709560033,32.23304709560033
816,2,256,-64.46609419119974,128.9321883823995,-45.30679339943690,-19.15930079176283
816,3,256,-26.14749260767316,52.29498521534632,-24.99371566126541,-1.153776946407753
816,4,256,-23.83993871485767,47.67987742971534,-12.35443576797971,-11.48550294687796
816,5,10,-.8689328211017446,1.737865642203489,-.4344664105508729,-.4344664105508717
817,1,784,.000000000000000,.000000000000000,-32.24164861251625,32.24164861251625
817,2,256,-64.48329722503155,128.9665944500631,-45.43121582863761,-19.05208139639391
817,3,256,-26.37913443224284,52.75826886448568,-25.01016736170695,-1.368967070535895
817,4,256,-23.64120029117109,47.28240058234217,-12.24707704205426,-11.39412324911682
817,5,10,-.8529537929374637,1.705907585874927,-.4264768964687297,-.4264768964687340
818,1,784,.000000000000000,.000000000000000,-32.13724339851417,32.13724339851417
818,2,256,-64.27448679702742,128.5489735940548,-45.52647876874062,-18.74800802828680
818,3,256,-26.77847074045291,53.55694148090582,-25.18961817813129,-1.588852562321630
818,4,256,-23.60076561580964,47.20153123161927,-12.21521125319055,-11.38555436261909
818,5,10,-.8296568905714555,1.659313781142911,-.4148284452857282,-.4148284452857274
819,1,784,.000000000000000,.000000000000000,-32.15489399494640,32.15489399494640
819,2,256,-64.30978798989194,128.6195759797839,-45.32845770384128,-18.98133028605062
819,3,256,-26.34712741778981,52.69425483557963,-25.08668427683796,-1.260443140951838
819,4,256,-23.82624113588609,47.65248227177218,-12.37673050094533,-11.44951063494078
819,5,10,-.9272198660045030,1.854439732009006,-.4636099330022508,-.4636099330022521
820,1,784,.000000000000000,.000000000000000,-32.36586851361540,32.36586851361540
820,2,256,-64.73173702722990,129.4634740544598,-45.36233556146527,-19.36940146576465
820,3,256,-25.99293409569972,51.98586819139945,-24.81003310804472,-1.182900987655013
820,4,256,-23.62713212038975,47.25426424077949,-12.27110765395252,-11.35602446643722
820,5,10,-.9150831875153174,1.830166375030635,-.4575415937576601,-.4575415937576573
821,1,784,.000000000000000,.000000000000000,-32.13553364716866,32.13553364716866
821,2,256,-64.27106729433640,128.5421345886728,-45.42762367475153,-18.84344361958486
821,3,256,-26.58418005516583,53.16836011033166,-25.11493793192324,-1.469242123242600
821,4,256,-23.64569580868065,47.29139161736131,-12.28650264917646,-11.35919315950417
821,5,10,-.9273094896722864,1.854618979344573,-.4636547448361437,-.4636547448361428
822,1,784,.000000000000000,.000000000000000,-32.17714971821045,32.17714971821045
822,2,256,-64.35429943642001,128.7085988728400,-45.27321915186197,-19.08108028455802
822,3,256,-26.19213886730306,52.38427773460612,-25.06911901472427,-1.123019852578774
822,4,256,-23.94609916214542,47.89219832429085,-12.40752574891212,-11.53857341323333
822,5,10,-.8689523356787388,1.737904671357478,-.4344761678393693,-.4344761678393696
823,1,784,.000000000000000,.000000000000000,-32.11359583663397,32.11359583663397
823,2,256,-64.22719167326697,128.4543833465339,-45.22658548727226,-19.00060618599473
823,3,256,-26.22597930127665,52.45195860255329,-25.09553187419522,-1.130447427081428
823,4,256,-23.96508444711380,47.93016889422759,-12.43945333619894,-11.52563111091485
823,5,10,-.9138222252840953,1.827644450568191,-.4569111126420476,-.4569111126420477
824,1,784,.000000000000000,.000000000000000,-32.22549450937274,32.22549450937274
824,2,256,-64.45098901874455,128.9019780374891,-45.45869911754799,-18.99228990119659
824,3,256,-26.46640921635053,52.93281843270106,-25.03516982900269,-1.431239387347856
824,4,256,-23.60393044165484,47.20786088330967,-12.25454456885580,-11.34938587279904
824,5,10,-.9051586960567798,1.810317392113560,-.4525793480283908,-.4525793480283891
825,1,784,.000000000000000,.000000000000000,-32.25731748822567,32.25731748822567
825,2,256,-64.51463497645047,129.0292699529009,-45.50568586660766,-19.00894910984282
825,3,256,-26.49673675676392,52.99347351352784,-25.00914736977515,-1.487589386988755
825,4,256,-23.52155798278638,47.04311596557277,-12.20607153704198,-11.31548644574443
825,5,10,-.8905850912975481,1.781170182595096,-.4452925456487746,-.4452925456487737
826,1,784,.000000000000000,.000000000000000,-32.30534218776364,32.30534218776364
826,2,256,-64.61068437552639,129.2213687510528,-45.44972005478558,-19.16096432074081
826,3,256,-26.28875573404389,52.57751146808777,-24.94981881241803,-1.338936921625847
826,4,256,-23.61088189079213,47.22176378158426,-12.23100439697683,-11.37987749381529
826,5,10,-.8511269031614975,1.702253806322995,-.4255634515807471,-.4255634515807504
827,1,784,.000000000000000,.000000000000000,-32.20558621196099,32.20558621196099
827,2,256,-64.41117242392104,128.8223448478421,-45.44950780686203,-18.96166461705904
827,3,256,-26.48784318980207,52.97568637960415,-25.07173741678779,-1.416105773014277
827,4,256,-23.65563164377352,47.31126328754704,-12.26484414707953,-11.39078749669399
827,5,10,-.8740566503855473,1.748113300771095,-.4370283251927723,-.4370283251927750
828,1,784,.000000000000000,.000000000000000,-32.23562743359576,32.23562743359576
828,2,256,-64.47125486719055,128.9425097343811,-45.39512462682276,-19.07613024036778
828,3,256,-26.31899438645412,52.63798877290824,-25.01834943691570,-1.300644949538404
828,4,256,-23.71770448737733,47.43540897475467,-12.29406305042792,-11.42364143694940
828,5,10,-.8704216134785399,1.740843226957080,-.4352108067392687,-.4352108067392713
829,1,784,.000000000000000,.000000000000000,-32.27491610950605,32.27491610950605
829,2,256,-64.54983221901126,129.0996644380225,-45.55681956419815,-18.99301265481312
829,3,256,-26.56380690938415,53.12761381876830,-24.95229917225219,-1.611507737131971
829,4,256,-23.34079143512013,46.68158287024027,-12.16234304761515,-11.17844838750498
829,5,10,-.9838946601101723,1.967789320220345,-.4919473300550843,-.4919473300550881
830,1,784,.000000000000000,.000000000000000,-32.27330463514990,32.27330463514990
830,2,256,-64.54660927029886,129.0932185405977,-45.51285970582559,-19.03374956447322
830,3,256,-26.47911014135155,52.95822028270310,-24.99685396424134,-1.482256177110194
830,4,256,-23.51459778713114,47.02919557426229,-12.19992938621093,-11.31466840092021
830,5,10,-.8852609852907125,1.770521970581425,-.4426304926453579,-.4426304926453546
831,1,784,.000000000000000,.000000000000000,-32.10561765592802,32.10561765592802
831,2,256,-64.21123531185519,128.4224706237104,-45.13730582638855,-19.07392948546665
831,3,256,-26.06337634092103,52.12675268184206,-25.08938849576155,-.9739878451594733
831,4,256,-24.11540065060212,48.23080130120425,-12.52467881419791,-11.59072183640422
831,5,10,-.9339569777936960,1.867913955587392,-.4669784888968471,-.4669784888968489
832,1,784,.000000000000000,.000000000000000,-32.28112951030357,32.28112951030357
832,2,256,-64.56225902060623,129.1245180412125,-45.44043397712072,-19.12182504348550
832,3,256,-26.31860893363431,52.63721786726862,-24.89786540895184,-1.420743524682475
832,4,256,-23.47712188426935,46.95424376853870,-12.24403457511557,-11.23308730915377
832,5,10,-1.010947265961801,2.021894531923603,-.5054736329808990,-.5054736329809024
833,1,784,.000000000000000,.000000000000000,-32.28367922799246,32.28367922799246
833,2,256,-64.56735845598398,129.1347169119680,-45.39806448462801,-19.16929397135591
833,3,256,-26.22877051327120,52.45754102654241,-24.93320543687137,-1.295565076399820
833,4,256,-23.63764036047152,47.27528072094303,-12.27924734351177,-11.35839301695975
833,5,10,-.9208543265520213,1.841708653104043,-.4604271632760122,-.4604271632760091
834,1,784,.000000000000000,.000000000000000,-32.20334937315716,32.20334937315716
834,2,256,-64.40669874631350,128.8133974926270,-45.50705614244313,-18.89964260387035
834,3,256,-26.60741353857195,53.21482707714391,-25.05722316774288,-1.550190370829032
834,4,256,-23.50703279691385,47.01406559382770,-12.22288674616579,-11.28414605074805
834,5,10,-.9387406954177338,1.877481390835468,-.4693703477088672,-.4693703477088664
835,1,784,.000000000000000,.000000000000000,-32.18161487671207,32.18161487671207
835,2,256,-64.36322975342321,128.7264595068464,-45.43572229595349,-18.92750745746977
835,3,256,-26.50821483848285,53.01642967696571,-25.09639856206146,-1.411816276421404
835,4,256,-23.68458228564004,47.36916457128007,-12.27297244981114,-11.41160983582890
835,5,10,-.8613626139822249,1.722725227964450,-.4306813069911119,-.4306813069911133
836,1,784,.000000000000000,.000000000000000,-32.39237346025906,32.39237346025906
836,2,256,-64.78474692051724,129.5694938410345,-45.32282939144940,-19.46191752906775
836,3,256,-25.86091186238079,51.72182372476158,-24.74716541316344,-1.113746449217366
836,4,256,-23.63341896394604,47.26683792789208,-12.28925314679367,-11.34416581715237
836,5,10,-.9450873296413027,1.890174659282605,-.4725436648206493,-.4725436648206536
837,1,784,.000000000000000,.000000000000000,-32.34663507100409,32.34663507100409
837,2,256,-64.69327014200732,129.3865402840146,-45.43014113913507,-19.26312900287227
837,3,256,-26.16701213626186,52.33402427252372,-24.92442622393674,-1.242585912325138
837,4,256,-23.68184031161164,47.36368062322329,-12.23887324418694,-11.44296706742469
837,5,10,-.7959061767622775,1.591812353524555,-.3979530883811354,-.3979530883811419
838,1,784,.000000000000000,.000000000000000,-32.34925197028068,32.34925197028068
838,2,256,-64.69850394056043,129.3970078811209,-45.53097975634212,-19.16752418421828
838,3,256,-26.36345557212304,52.72691114424609,-24.87549648156671,-1.487959090556333
838,4,256,-23.38753739101039,46.77507478202078,-12.16368326529244,-11.22385412571794
838,5,10,-.9398291395744836,1.879658279148967,-.4699145697872423,-.4699145697872413
839,1,784,.000000000000000,.000000000000000,-32.16886598348382,32.16886598348382
839,2,256,-64.33773196696679,128.6754639339336,-45.34596694206150,-18.99176502490526
839,3,256,-26.35420191715542,52.70840383431084,-25.05132182529633,-1.302880091859086
839,4,256,-23.74844173343726,47.49688346687452,-12.33307013791112,-11.41537159552614
839,5,10,-.9176985423850041,1.835397084770008,-.4588492711925002,-.4588492711925040
840,1,784,.000000000000000,.000000000000000,-32.40953782196731,32.40953782196731
840,2,256,-64.81907564393377,129.6381512878675,-45.43910330811740,-19.37997233581636
840,3,256,-26.05913097230017,52.11826194460034,-24.78429826719821,-1.274832705101957
840,4,256,-23.50946556209628,47.01893112419257,-12.21815764492279,-11.29130791717350
840,5,10,-.9268497277493027,1.853699455498605,-.4634248638746522,-.4634248638746506
841,1,784,.000000000000000,.000000000000000,-32.37749291060860,32.37749291060860
841,2,256,-64.75498582121644,129.5099716424329,-45.47576169246296,-19.27922412875345
841,3,256,-26.19653756370863,52.39307512741727,-24.86391330606888,-1.332624257639742
841,4,256,-23.53128904842913,47.06257809685826,-12.19989485799541,-11.33139419043373
841,5,10,-.8685006675617065,1.737001335123413,-.4342503337808529,-.4342503337808536
842,1,784,.000000000000000,.000000000000000,-32.32504889158655,32.32504889158655
842,2,256,-64.65009778317217,129.3001955663443,-45.48700386682331,-19.16309391634886
842,3,256,-26.32390995047360,52.64781990094720,-24.89947114276919,-1.424438807704389
842,4,256,-23.47503233506479,46.95006467012958,-12.18907748455976,-11.28595485050503
842,5,10,-.9031226340546930,1.806245268109386,-.4515613170273461,-.4515613170273468
843,1,784,.000000000000000,.000000000000000,-32.26206608917921,32.26206608917921
843,2,256,-64.52413217835750,129.0482643567150,-45.40654918119087,-19.11758299716662
843,3,256,-26.28896618402340,52.57793236804680,-24.96815951439856,-1.320806669624848
843,4,256,-23.64735284477369,47.29470568954738,-12.26946735748994,-11.37788548728378
843,5,10,-.8915818702061636,1.783163740412327,-.4457909351030847,-.4457909351030790
844,1,784,.000000000000000,.000000000000000,-32.26821966581054,32.26821966581054
844,2,256,-64.53643933162019,129.0728786632404,-45.46317009953468,-19.07326923208548
844,3,256,-26.38990086744828,52.77980173489655,-24.98041853640326,-1.409482331045017
844,4,256,-23.57093620535824,47.14187241071649,-12.22882439366958,-11.34211181168865
844,5,10,-.8867125819809345,1.773425163961869,-.4433562909904674,-.4433562909904671
845,1,784,.000000000000000,.000000000000000,-32.31580818411280,32.31580818411280
845,2,256,-64.63161636822478,129.2632327364496,-45.46762549487574,-19.16399087334904
845,3,256,-26.30363462152576,52.60726924305152,-24.90466281778476,-1.398971803741028
845,4,256,-23.50569101404369,47.01138202808738,-12.20803587255342,-11.29765514149027
845,5,10,-.9103807310631458,1.820761462126292,-.4551903655315719,-.4551903655315739
846,1,784,.000000000000000,.000000000000000,-32.33398240062253,32.33398240062253
846,2,256,-64.66796480124414,129.3359296024883,-45.63012604467556,-19.03783875656864
846,3,256,-26.59228728810601,53.18457457621203,-24.86827506953673,-1.724012218569273
846,4,256,-23.14426285096736,46.28852570193472,-12.07184488906191,-11.07241796190545
846,5,10,-.9994269271564301,1.998853854312860,-.4997134635782161,-.4997134635782141
847,1,784,.000000000000000,.000000000000000,-32.02003484241553,32.02003484241553
847,2,256,-64.04006968483012,128.0801393696602,-45.16283054906118,-18.87723913576898
847,3,256,-26.28559141329135,52.57118282658269,-25.17691548235421,-1.108675930937111
847,4,256,-24.06823955141708,48.13647910283416,-12.52613404476231,-11.54210550665478
847,5,10,-.9840285381075229,1.968057076215046,-.4920142690537597,-.4920142690537633
848,1,784,.000000000000000,.000000000000000,-32.32471756796373,32.32471756796373
848,2,256,-64.64943513592652,129.2988702718530,-45.40743647728351,-19.24199865864307
848,3,256,-26.16543781863946,52.33087563727892,-24.90441111644833,-1.261026702191146
848,4,256,-23.64338441425717,47.28676882851435,-12.25952611444224,-11.38385829981494
848,5,10,-.8756678146273034,1.751335629254607,-.4378339073136513,-.4378339073136521
849,1,784,.000000000000000,.000000000000000,-32.28932645322504,32.28932645322504
849,2,256,-64.57865290644904,129.1573058128981,-45.30510508210018,-19.27354782434887
849,3,256,-26.03155725775046,52.06311451550092,-24.85708751346777,-1.174469744282692
849,4,256,-23.68261776918515,47.36523553837029,-12.34837768084861,-11.33424008833653
849,5,10,-1.014137592512076,2.028275185024152,-.5070687962560375,-.5070687962560385
850,1,784,.000000000000000,.000000000000000,-32.20403314779223,32.20403314779223
850,2,256,-64.40806629558355,128.8161325911671,-45.49565550206773,-18.91241079351580
850,3,256,-26.58324470855101,53.16648941710202,-25.07347945577988,-1.509765252771140
850,4,256,-23.56371420300874,47.12742840601747,-12.24200952861745,-11.32170467439130
850,5,10,-.9203048542261658,1.840609708452332,-.4601524271130850,-.4601524271130808
851,1,784,.000000000000000,.000000000000000,-32.38895035268460,32.38895035268460
851,2,256,-64.77790070536830,129.5558014107366,-45.51389262321127,-19.26400808215707
851,3,256,-26.24988454105329,52.49976908210658,-24.81775745589650,-1.432127085156795
851,4,256,-23.38563037073969,46.77126074147939,-12.16452331772744,-11.22110705301225
851,5,10,-.9434162647152011,1.886832529430402,-.4717081323576001,-.4717081323576009
852,1,784,.000000000000000,.000000000000000,-32.40530772283169,32.40530772283169
852,2,256,-64.81061544566252,129.6212308913250,-45.47509247656243,-19.33552296910007
852,3,256,-26.13956950746148,52.27913901492296,-24.86242096531828,-1.277148542143194
852,4,256,-23.58527242317511,47.17054484635022,-12.18445081481170,-11.40082160836342
852,5,10,-.7836292064482880,1.567258412896576,-.3918146032241426,-.3918146032241454
853,1,784,.000000000000000,.000000000000000,-32.37187666820737,32.37187666820737
853,2,256,-64.74375333641390,129.4875066728278,-45.52021807958926,-19.22353525682461
853,3,256,-26.29668282276376,52.59336564552753,-24.86511066583725,-1.431572156926514
853,4,256,-23.43353850891074,46.86707701782147,-12.16588992471003,-11.26764858420068
853,5,10,-.8982413405093463,1.796482681018693,-.4491206702546744,-.4491206702546720
854,1,784,.000000000000000,.000000000000000,-32.20863954359270,32.20863954359270
854,2,256,-64.41727908718450,128.8345581743690,-45.44272442110046,-18.97455466608407
854,3,256,-26.46816975501543,52.93633951003086,-25.01691931377874,-1.451250441236700
854,4,256,-23.56566887254206,47.13133774508412,-12.25705296543716,-11.30861590710491
854,5,10,-.9484370583322810,1.896874116664562,-.4742185291661398,-.4742185291661412
855,1,784,.000000000000000,.000000000000000,-32.36812661644800,32.36812661644800
855,2,256,-64.73625323289511,129.4725064657902,-45.24488015385580,-19.49137307903928
855,3,256,-25.75350707481565,51.50701414963130,-24.76253787104566,-.9909692037699923
855,4,256,-23.77156866727568,47.54313733455136,-12.37844308765940,-11.39312557961627
855,5,10,-.9853175080431495,1.970635016086299,-.4926587540215749,-.4926587540215746
856,1,784,.000000000000000,.000000000000000,-32.24024136734365,32.24024136734365
856,2,256,-64.48048273468640,128.9609654693728,-45.42557083672418,-19.05491189796223
856,3,256,-26.37065893876106,52.74131787752211,-24.99493132499854,-1.375727613762508
856,4,256,-23.61920371123611,47.23840742247223,-12.25216635956826,-11.36703735166784
856,5,10,-.8851290079004663,1.770258015800933,-.4425645039502331,-.4425645039502333
857,1,784,.000000000000000,.000000000000000,-32.22497514732946,32.22497514732946
857,2,256,-64.44995029465805,128.8999005893161,-45.44908336893315,-19.00086692572490
857,3,256,-26.44821644320739,52.89643288641479,-25.00692724673974,-1.441289196467660
857,4,256,-23.56563805027203,47.13127610054406,-12.26046920924425,-11.30516884102778
857,5,10,-.9553003682164677,1.910600736432935,-.4776501841082317,-.4776501841082361
858,1,784,.000000000000000,.000000000000000,-32.28993509037680,32.28993509037680
858,2,256,-64.57987018075274,129.1597403615055,-45.51081016490120,-19.06906001585157
858,3,256,-26.44175014904877,52.88350029809753,-24.96905906214349,-1.472691086905278
858,4,256,-23.49636797523821,46.99273595047642,-12.18640301755580,-11.30996495768240
858,5,10,-.8764380598733814,1.752876119746763,-.4382190299366905,-.4382190299366909
859,1,784,.000000000000000,.000000000000000,-32.27964272468731,32.27964272468731
859,2,256,-64.55928544937369,129.1185708987474,-45.34403366704474,-19.21525178232895
859,3,256,-26.12878188471491,52.25756376942982,-24.91275915663400,-1.216022728080934
859,4,256,-23.69673642855305,47.39347285710610,-12.31594910057188,-11.38078732798119
859,5,10,-.9351617725906869,1.870323545181374,-.4675808862953424,-.4675808862953444
860,1,784,.000000000000000,.000000000000000,-31.97318445496112,31.97318445496112
860,2,256,-63.94636890992138,127.8927378198428,-45.17633392451658,-18.77003498540474
860,3,256,-26.40629893911094,52.81259787822189,-25.28889551316725,-1.117403425943686
860,4,256,-24.17149208722351,48.34298417444702,-12.55188849516460,-11.61960359205892
860,5,10,-.9322849031056619,1.864569806211324,-.4661424515528305,-.4661424515528314
861,1,784,.000000000000000,.000000000000000,-32.11914074946296,32.11914074946296
861,2,256,-64.23828149892501,128.4765629978500,-45.52766992717400,-18.71061157175105
861,3,256,-26.81705835542207,53.63411671084413,-25.15609910863074,-1.660959246791331
861,4,256,-23.49513986183941,46.99027972367881,-12.20932031368393,-11.28581954815546
861,5,10,-.9235007655284866,1.847001531056973,-.4617503827642432,-.4617503827642433
862,1,784,.000000000000000,.000000000000000,-32.16516146291205,32.16516146291205
862,2,256,-64.33032292582320,128.6606458516464,-45.43124019267345,-18.89908273314970
862,3,256,-26.53215745952292,53.06431491904583,-25.08903460245083,-1.443122857072071
862,4,256,-23.64591174537880,47.29182349075761,-12.27101484845456,-11.37489689692425
862,5,10,-.8961179515303366,1.792235903060673,-.4480589757651689,-.4480589757651676
863,1,784,.000000000000000,.000000000000000,-32.17053978849105,32.17053978849105
863,2,256,-64.34107957698123,128.6821591539625,-45.41825017287799,-18.92282940410321
863,3,256,-26.49542076877394,52.99084153754787,-25.08566589707440,-1.409754871699544
863,4,256,-23.67591102537486,47.35182205074972,-12.27945716303435,-11.39645386234050
863,5,10,-.8830033006938500,1.766006601387700,-.4415016503469260,-.4415016503469241
864,1,784,.000000000000000,.000000000000000,-32.37556788790733,32.37556788790733
864,2,256,-64.75113577581375,129.5022715516275,-45.36454214281411,-19.38659363299964
864,3,256,-25.97794850981352,51.95589701962704,-24.81027188877494,-1.167676621038525
864,4,256,-23.64259526773643,47.28519053547285,-12.27777307215891,-11.36482219557753
864,5,10,-.9129508765813852,1.825901753162770,-.4564754382906945,-.4564754382906907
865,1,784,.000000000000000,.000000000000000,-32.45038570185894,32.45038570185894
865,2,256,-64.90077140371700,129.8015428074340,-45.56059336091003,-19.34017804280699
865,3,256,-26.22041531810221,52.44083063620442,-24.76794656703191,-1.452468751070289
865,4,256,-23.31547781596161,46.63095563192323,-12.12218231038010,-11.19329550558151
865,5,10,-.9288868047985753,1.857773609597151,-.4644434023992879,-.4644434023992874
866,1,784,.000000000000000,.000000000000000,-32.17464286289210,32.17464286289210
866,2,256,-64.34928572578329,128.6985714515666,-45.51103130264388,-18.83825442313938
866,3,256,-26.67277687950363,53.34555375900727,-25.08919061247084,-1.583586267032791
866,4,256,-23.50560434543805,47.01120869087610,-12.22441594788813,-11.28118839754990
866,5,10,-.9432275503382042,1.886455100676408,-.4716137751691015,-.4716137751691028
867,1,784,.000000000000000,.000000000000000,-32.28396808032246,32.28396808032246
867,2,256,-64.56793616064400,129.1358723212880,-45.40256295308014,-19.16537320756387
867,3,256,-26.23718974551539,52.47437949103077,-24.93928482466243,-1.297904920852942
867,4,256,-23.64137990380949,47.28275980761898,-12.27697713939160,-11.36440276441790
867,5,10,-.9125743749737081,1.825148749947416,-.4562871874868543,-.4562871874868537
868,1,784,.000000000000000,.000000000000000,-32.19001618644421,32.19001618644421
868,2,256,-64.38003237288738,128.7600647457748,-45.37829391892295,-19.00173845396447
868,3,256,-26.37655546495753,52.75311092991507,-25.03909008354648,-1.337465381411032
868,4,256,-23.70162470213548,47.40324940427095,-12.31808877330985,-11.38353592882562
868,5,10,-.9345528444842488,1.869105688968498,-.4672764222421248,-.4672764222421238
869,1,784,.000000000000000,.000000000000000,-32.33137835209855,32.33137835209855
869,2,256,-64.66275670419623,129.3255134083925,-45.37270576568409,-19.29005093851215
869,3,256,-26.08265482717110,52.16530965434220,-24.84521692107646,-1.237437906094648
869,4,256,-23.60777901498183,47.21555802996367,-12.25985348525170,-11.34792552973014
869,5,10,-.9119279555215691,1.823855911043138,-.4559639777607838,-.4559639777607852
870,1,784,.000000000000000,.000000000000000,-32.01623870267549,32.01623870267549
870,2,256,-64.03247740535011,128.0649548107002,-45.36823263750836,-18.66424476784176
870,3,256,-26.70398786966568,53.40797573933137,-25.30679580405951,-1.397192065606204
870,4,256,-23.90960373845329,47.81920747690658,-12.39033035007023,-11.51927338838305
870,5,10,-.8710569616872015,1.742113923374403,-.4355284808436010,-.4355284808436006
871,1,784,.000000000000000,.000000000000000,-31.93378870629522,31.93378870629522
871,2,256,-63.86757741258953,127.7351548251791,-45.26041430942184,-18.60716310316772
871,3,256,-26.65325120625318,53.30650241250637,-25.31714937189168,-1.336101834361511
871,4,256,-23.98104753753019,47.96209507506039,-12.47421402143850,-11.50683351609169
871,5,10,-.9673805053468183,1.934761010693637,-.4836902526734103,-.4836902526734080
872,1,784,.000000000000000,.000000000000000,-32.31503999210102,32.31503999210102
872,2,256,-64.63007998420125,129.2601599684025,-45.43572846031816,-19.19435152388310
872,3,256,-26.24137693643414,52.48275387286829,-24.89441035576370,-1.346966580670468
872,4,256,-23.54744377509321,47.09488755018643,-12.24001800177965,-11.30742577331358
872,5,10,-.9325922284660811,1.865184456932162,-.4662961142330404,-.4662961142330406
873,1,784,.000000000000000,.000000000000000,-32.19727286476519,32.19727286476519
873,2,256,-64.39454572952944,128.7890914590589,-45.54994877569290,-18.84459695383656
873,3,256,-26.70535182185548,53.41070364371097,-25.07108292548708,-1.634268896368401
873,4,256,-23.43681402911872,46.87362805823744,-12.17813765074631,-11.25867637837239
873,5,10,-.9194612723739195,1.838922544747839,-.4597306361869599,-.4597306361869598
874,1,784,.000000000000000,.000000000000000,-32.24065492362516,32.24065492362516
874,2,256,-64.48130984724943,128.9626196944989,-45.37064973590400,-19.11066011134548
874,3,256,-26.25998962455758,52.51997924911516,-25.00503168179902,-1.254957942758542
874,4,256,-23.75007373904049,47.50014747808098,-12.33611463231989,-11.41395910672059
874,5,10,-.9221555255992968,1.844311051198594,-.4610777627996484,-.4610777627996484
875,1,784,.000000000000000,.000000000000000,-32.09861777816845,32.09861777816845
875,2,256,-64.19723555633605,128.3944711126721,-45.26117213236295,-18.93606342397314
875,3,256,-26.32510870838893,52.65021741677786,-25.13919270362435,-1.185916004764567
875,4,256,-23.95327669885975,47.90655339771951,-12.45356673479351,-11.49970996406625
875,5,10,-.9538567707272556,1.907713541454511,-.4769283853636246,-.4769283853636311
876,1,784,.000000000000000,.000000000000000,-32.32363683009618,32.32363683009618
876,2,256,-64.64727366019147,129.2945473203829,-45.50455137636684,-19.14272228382468
876,3,256,-26.36182909254133,52.72365818508267,-24.91487894031972,-1.446950152221609
876,4,256,-23.46792878809809,46.93585757619618,-12.15277056348963,-11.31515822460847
876,5,10,-.8376123388811381,1.675224677762276,-.4188061694405683,-.4188061694405699
877,1,784,.000000000000000,.000000000000000,-32.19970196686318,32.19970196686318
877,2,256,-64.39940393372557,128.7988078674511,-45.26124942109658,-19.13815451262895
877,3,256,-26.12309490846674,52.24618981693349,-25.03663582767882,-1.086459080787924
877,4,256,-23.95017674689089,47.90035349378178,-12.38748220130270,-11.56269454558820
877,5,10,-.8247876557144885,1.649575311428977,-.4123938278572458,-.4123938278572428
878,1,784,.000000000000000,.000000000000000,-32.27335507399624,32.27335507399624
878,2,256,-64.54671014799156,129.0934202959831,-45.47795576902575,-19.06875437896588
878,3,256,-26.40920139005895,52.81840278011789,-24.96699078899903,-1.442210601059917
878,4,256,-23.52478018793911,47.04956037587822,-12.21202623415627,-11.31275395378283
878,5,10,-.8992722803734057,1.798544560746811,-.4496361401867029,-.4496361401867026
879,1,784,.000000000000000,.000000000000000,-32.11160510400641,32.11160510400641
879,2,256,-64.22321020801192,128.4464204160238,-45.48497483367163,-18.73823537434027
879,3,256,-26.74673945933046,53.49347891866091,-25.16510503749360,-1.581634421836858
879,4,256,-23.58347061565672,47.16694123131343,-12.25137192871685,-11.33209868693986
879,5,10,-.9192732417769561,1.838546483553912,-.4596366208884790,-.4596366208884773
880,1,784,.000000000000000,.000000000000000,-32.35474803848380,32.35474803848380
880,2,256,-64.70949607696670,129.4189921539334,-45.40348385323458,-19.30601222373210
880,3,256,-26.09747162950166,52.19494325900332,-24.87192232473413,-1.225549304767512
880,4,256,-23.64637301996664,47.29274603993328,-12.24409919210871,-11.40227382785794
880,5,10,-.8418253642507709,1.683650728501542,-.4209126821253866,-.4209126821253843
881,1,784,.000000000000000,.000000000000000,-32.18857092095845,32.18857092095845
881,2,256,-64.37714184191603,128.7542836838321,-45.39114551070512,-18.98599633121092
881,3,256,-26.40514917949334,52.81029835898668,-25.04317783048974,-1.361971349003582
881,4,256,-23.68120648148616,47.36241296297231,-12.31445581248979,-11.36675066899637
881,5,10,-.9477051434934048,1.895410286986810,-.4738525717467019,-.4738525717467029
882,1,784,.000000000000000,.000000000000000,-32.25763431212921,32.25763431212921
882,2,256,-64.51526862425749,129.0305372485150,-45.25470576492140,-19.26056285933606
882,3,256,-25.99414290558441,51.98828581116882,-24.95680579545040,-1.037337110133999
882,4,256,-23.91946868531640,47.83893737063279,-12.41540646811760,-11.50406221719878
882,5,10,-.9113442509187911,1.822688501837582,-.4556721254593978,-.4556721254593934
883,1,784,.000000000000000,.000000000000000,-32.08915465764151,32.08915465764151
883,2,256,-64.17830931528216,128.3566186305643,-45.49367894119033,-18.68463037409185
883,3,256,-26.80904856709763,53.61809713419526,-25.14037130219150,-1.668677264906122
883,4,256,-23.47169403728540,46.94338807457080,-12.25071552723113,-11.22097851005427
883,5,10,-1.029737017176867,2.059474034353734,-.5148685085884309,-.5148685085884362
884,1,784,.000000000000000,.000000000000000,-32.15827528959533,32.15827528959533
884,2,256,-64.31655057918981,128.6331011583796,-45.47347002974838,-18.84308054944139
884,3,256,-26.63038948030610,53.26077896061221,-25.13012779252681,-1.500261687779307
884,4,256,-23.62986610474752,47.25973220949505,-12.24423160195709,-11.38563450279040
884,5,10,-.8585970991666826,1.717194198333365,-.4292985495833403,-.4292985495833422
885,1,784,.000000000000000,.000000000000000,-32.01457601367865,32.01457601367865
885,2,256,-64.02915202735637,128.0583040547127,-45.22183028540854,-18.80732174194776
885,3,256,-26.41450854345990,52.82901708691981,-25.23413559081833,-1.180372952641548
885,4,256,-24.05376263817679,48.10752527635358,-12.50228973600275,-11.55147290217403
885,5,10,-.9508168338287238,1.901633667657448,-.4754084169143609,-.4754084169143630
886,1,784,.000000000000000,.000000000000000,-32.26424308527789,32.26424308527789
886,2,256,-64.52848617055491,129.0569723411098,-45.37370534858630,-19.15478082196861
886,3,256,-26.21892452661677,52.43784905323353,-24.93303967674263,-1.285884849874144
886,4,256,-23.64715482686844,47.29430965373689,-12.28835338159706,-11.35880144527139
886,5,10,-.9295519363256328,1.859103872651266,-.4647759681628154,-.4647759681628175
887,1,784,.000000000000000,.000000000000000,-32.36086333321477,32.36086333321477
887,2,256,-64.72172666642869,129.4434533328574,-45.31161787781928,-19.41010878860944
887,3,256,-25.90150908920893,51.80301817841787,-24.79531283976562,-1.106196249443330
887,4,256,-23.68911659032228,47.37823318064456,-12.32160974980851,-11.36750684051376
887,5,10,-.9541029092947104,1.908205818589421,-.4770514546473548,-.4770514546473557
888,1,784,.000000000000000,.000000000000000,-32.14956994499971,32.14956994499971
888,2,256,-64.29913988999847,128.5982797799969,-45.45836490768620,-18.84077498231220
888,3,256,-26.61758992537311,53.23517985074621,-25.12208942862928,-1.495500496743845
888,4,256,-23.62658893188540,47.25317786377081,-12.26767167480111,-11.35891725708429
888,5,10,-.9087544177167994,1.817508835433599,-.4543772088583983,-.4543772088584010
889,1,784,.000000000000000,.000000000000000,-32.13792024220871,32.13792024220871
889,2,256,-64.27584048441649,128.5516809688330,-45.25648206890358,-19.01935841551290
889,3,256,-26.23712365338974,52.47424730677947,-25.08321415580724,-1.153909497582515
889,4,256,-23.92930465822471,47.85860931644942,-12.42971290176162,-11.49959175646305
889,5,10,-.9301211452985452,1.860242290597090,-.4650605726492751,-.4650605726492700
890,1,784,.000000000000000,.000000000000000,-32.18766699661321,32.18766699661321
890,2,256,-64.37533399322545,128.7506679864509,-45.25666571616787,-19.11866827705759
890,3,256,-26.13799743910939,52.27599487821878,-25.03441312222426,-1.103584316885141
890,4,256,-23.93082880533910,47.86165761067820,-12.41047984076363,-11.52034896457547
890,5,10,-.8901308761881799,1.780261752376360,-.4450654380940895,-.4450654380940904
891,1,784,.000000000000000,.000000000000000,-32.37275727328348,32.37275727328348
891,2,256,-64.74551454656610,129.4910290931322,-45.36282466162469,-19.38268988494141
891,3,256,-25.98013477668235,51.96026955336470,-24.81526578019622,-1.164868996486110
891,4,256,-23.65039678371013,47.30079356742026,-12.28399017157532,-11.36640661213478
891,5,10,-.9175835594405032,1.835167118881006,-.4587917797202536,-.4587917797202496
892,1,784,.000000000000000,.000000000000000,-32.26260492148727,32.26260492148727
892,2,256,-64.52520984297361,129.0504196859472,-45.55218438233191,-18.97302546064174
892,3,256,-26.57915892168932,53.15831784337864,-24.96656895560018,-1.612589966089164
892,4,256,-23.35397898951098,46.70795797902196,-12.15205825285851,-11.20192073665248
892,5,10,-.9501375162060056,1.900275032412011,-.4750687581030015,-.4750687581030041
893,1,784,.000000000000000,.000000000000000,-32.24294527742630,32.24294527742630
893,2,256,-64.48589055485184,128.9717811097037,-45.30805952275212,-19.17783103209969
893,3,256,-26.13022849065152,52.26045698130304,-24.97787453774860,-1.152353952902906
893,4,256,-23.82552058484567,47.65104116969133,-12.36864064732540,-11.45687993752025
893,5,10,-.9117607098051471,1.823521419610294,-.4558803549025744,-.4558803549025726
894,1,784,.000000000000000,.000000000000000,-32.26270925238424,32.26270925238424
894,2,256,-64.52541850476763,129.0508370095353,-45.50701342165835,-19.01840508310928
894,3,256,-26.48860833854823,52.97721667709646,-25.01764640893990,-1.470961929608330
894,4,256,-23.54668447933159,47.09336895866318,-12.21814303818193,-11.32854144114965
894,5,10,-.8896015970323022,1.779203194064604,-.4448007985161512,-.4448007985161510
895,1,784,.000000000000000,.000000000000000,-32.01076012799594,32.01076012799594
895,2,256,-64.02152025599102,128.0430405119820,-45.27009632520448,-18.75142393078658
895,3,256,-26.51867239441702,53.03734478883403,-25.23886738667208,-1.279805007744933
895,4,256,-23.95906237892715,47.91812475785431,-12.44607430554849,-11.51298807337867
895,5,10,-.9330862321698135,1.866172464339627,-.4665431160849065,-.4665431160849070
896,1,784,.000000000000000,.000000000000000,-32.27183739176438,32.27183739176438
896,2,256,-64.54367478352782,129.0873495670556,-45.46325383961726,-19.08042094391061
896,3,256,-26.38283289570574,52.76566579141147,-24.97272463086150,-1.410108264844243
896,4,256,-23.56261636601723,47.12523273203445,-12.23408745952257,-11.32852890649465
896,5,10,-.9055585530278987,1.811117106055797,-.4527792765139461,-.4527792765139526
897,1,784,.000000000000000,.000000000000000,-32.45515526830252,32.45515526830252
897,2,256,-64.91031053660417,129.8206210732083,-45.47767396038805,-19.43263657621610
897,3,256,-26.04503738417107,52.09007476834213,-24.73795842973725,-1.307078954433819
897,4,256,-23.43087947530339,46.86175895060677,-12.17343498772624,-11.25744448757716
897,5,10,-.9159905001490666,1.831981000298133,-.4579952500745348,-.4579952500745317
898,1,784,.000000000000000,.000000000000000,-32.17664779719234,32.17664779719234
898,2,256,-64.35329559438384,128.7065911887677,-45.34867169561093,-19.00462389877287
898,3,256,-26.34404779683720,52.68809559367440,-25.08702427085064,-1.257023525986564
898,4,256,-23.83000074486410,47.66000148972820,-12.33477032606847,-11.49523041879564
898,5,10,-.8395399072728192,1.679079814545638,-.4197699536364092,-.4197699536364100
899,1,784,.000000000000000,.000000000000000,-32.27956545517840,32.27956545517840
899,2,256,-64.55913091035599,129.1182618207120,-45.35160028614587,-19.20753062421013
899,3,256,-26.14406966193485,52.28813932386971,-24.87293590531321,-1.271133756621637
899,4,256,-23.60180214869154,47.20360429738308,-12.29773062743513,-11.30407152125641
899,5,10,-.9936591061787198,1.987318212357440,-.4968295530893593,-.4968295530893604
900,1,784,.000000000000000,.000000000000000,-32.24345798537338,32.24345798537338
900,2,256,-64.48691597074584,128.9738319414917,-45.46744973511593,-19.01946623562992
900,3,256,-26.44798349948514,52.89596699897029,-24.99236673324089,-1.455616766244278
900,4,256,-23.53674996699660,47.07349993399320,-12.23654125007420,-11.30020871692240
900,5,10,-.9363325331518161,1.872665066303632,-.4681662665759069,-.4681662665759092
901,1,784,.000000000000000,.000000000000000,-32.25516009230422,32.25516009230422
901,2,256,-64.51032018460755,129.0206403692151,-45.37772813818059,-19.13259204642694
901,3,256,-26.24513609175274,52.49027218350547,-24.94921860567381,-1.295917486078920
901,4,256,-23.65330111959492,47.30660223918984,-12.30646229089213,-11.34683882870279
901,5,10,-.9596234621893472,1.919246924378694,-.4798117310946746,-.4798117310946727
902,1,784,.000000000000000,.000000000000000,-32.36724366850022,32.36724366850022
902,2,256,-64.73448733699958,129.4689746739992,-45.52251806220222,-19.21196927479737
902,3,256,-26.31054878740392,52.62109757480783,-24.87141834585109,-1.439130441552827
902,4,256,-23.43228790429828,46.86457580859657,-12.16423590952055,-11.26805199477772
902,5,10,-.8961839147428499,1.792367829485700,-.4480919573714237,-.4480919573714262
903,1,784,.000000000000000,.000000000000000,-32.17499290945894,32.17499290945894
903,2,256,-64.34998581891696,128.6999716378339,-45.41768204975851,-18.93230376915847
903,3,256,-26.48537828059910,52.97075656119820,-25.05786762570710,-1.427510654892005
903,4,256,-23.63035697081504,47.26071394163008,-12.29801816127292,-11.33233880954214
903,5,10,-.9656793517307832,1.931358703461566,-.4828396758653884,-.4828396758653949
904,1,784,.000000000000000,.000000000000000,-32.22507592722631,32.22507592722631
904,2,256,-64.45015185445169,128.9003037089034,-45.50270697290324,-18.94744488154844
904,3,256,-26.55526209135385,53.11052418270769,-25.00674920633315,-1.548512885020719
904,4,256,-23.45823632131241,46.91647264262482,-12.20919220861221,-11.24904411270020
904,5,10,-.9601480959119948,1.920296191823990,-.4800740479559990,-.4800740479559959
905,1,784,.000000000000000,.000000000000000,-32.14023715989975,32.14023715989975
905,2,256,-64.28047431979856,128.5609486395971,-45.18539066281712,-19.09508365698145
905,3,256,-26.09030700583476,52.18061401166951,-25.07620324615631,-1.014103759678447
905,4,256,-24.06209948647787,48.12419897295574,-12.48017905029696,-11.58192043618092
905,5,10,-.8982586141160189,1.796517228232038,-.4491293070580105,-.4491293070580085
906,1,784,.000000000000000,.000000000000000,-32.17802375856902,32.17802375856902
906,2,256,-64.35604751713717,128.7120950342743,-45.43743904668647,-18.91860847045068
906,3,256,-26.51883057623485,53.03766115246970,-25.11456909651354,-1.404261479721331
906,4,256,-23.71030761679221,47.42061523358443,-12.27672987461231,-11.43357774217990
906,5,10,-.8431521324324178,1.686304264864836,-.4215760662162086,-.4215760662162092
907,1,784,.000000000000000,.000000000000000,-32.40809638172893,32.40809638172893
907,2,256,-64.81619276345694,129.6323855269139,-45.51903813229240,-19.29715463116458
907,3,256,-26.22188350112693,52.44376700225386,-24.81668969851472,-1.405193802612211
907,4,256,-23.41149589590251,46.82299179180502,-12.15712310318135,-11.25437279272116
907,5,10,-.9027503104601894,1.805500620920379,-.4513751552300949,-.4513751552300945
908,1,784,.000000000000000,.000000000000000,-32.31744237869205,32.31744237869205
908,2,256,-64.63488475738315,129.2697695147663,-45.48586866222008,-19.14901609516308
908,3,256,-26.33685256705612,52.67370513411223,-24.84433230854036,-1.492520258515750
908,4,256,-23.35181205002459,46.70362410004919,-12.17486273322487,-11.17694931679973
908,5,10,-.9979134164251164,1.995826832850233,-.4989567082125584,-.4989567082125579
909,1,784,.000000000000000,.000000000000000,-32.30315026937476,32.30315026937476
909,2,256,-64.60630053874863,129.2126010774973,-45.38872610548407,-19.21757443326447
909,3,256,-26.17115167221879,52.34230334443759,-24.89970047821153,-1.271451194007219
909,4,256,-23.62824928420434,47.25649856840869,-12.27062661172644,-11.35762267247788
909,5,10,-.9130039392485663,1.826007878497133,-.4565019696242822,-.4565019696242840
910,1,784,.000000000000000,.000000000000000,-32.05795736036927,32.05795736036927
910,2,256,-64.11591472073758,128.2318294414752,-45.37527026041794,-18.74064446031962
910,3,256,-26.63462580009746,53.26925160019491,-25.22878442302951,-1.405841377067966
910,4,256,-23.82294304596150,47.64588609192300,-12.34504811473661,-11.47789493122490
910,5,10,-.8671531835117092,1.734306367023418,-.4335765917558559,-.4335765917558533
911,1,784,.000000000000000,.000000000000000,-32.27363713316154,32.27363713316154
911,2,256,-64.54727426632220,129.0945485326444,-45.44477111621043,-19.10250315011180
911,3,256,-26.34226796609779,52.68453593219558,-24.91611050713149,-1.426157458966341
911,4,256,-23.48995304816515,46.97990609633030,-12.25925450453866,-11.23069854362649
911,5,10,-1.028555960912178,2.057111921824357,-.5142779804560900,-.5142779804560884
912,1,784,.000000000000000,.000000000000000,-32.18156094468368,32.18156094468368
912,2,256,-64.36312188936647,128.7262437787329,-45.25113672161545,-19.11198516775102
912,3,256,-26.13915155386352,52.27830310772704,-25.05646850315658,-1.082683050706946
912,4,256,-23.97378545244964,47.94757090489929,-12.42088236886322,-11.55290308358641
912,5,10,-.8679792852768002,1.735958570553600,-.4339896426383998,-.4339896426384005
913,1,784,.000000000000000,.000000000000000,-32.23856043023033,32.23856043023033
913,2,256,-64.47712086045976,128.9542417209195,-45.36071694069463,-19.11640391976508
913,3,256,-26.24431302092868,52.48862604185736,-24.91932724307842,-1.324985777850252
913,4,256,-23.59434146522819,47.18868293045638,-12.30409407760396,-11.29024738762421
913,5,10,-1.013846689979751,2.027693379959502,-.5069233449898762,-.5069233449898748
914,1,784,.000000000000000,.000000000000000,-32.03064716710603,32.03064716710603
914,2,256,-64.06129433421113,128.1225886684223,-45.10053911181671,-18.96075522239444
914,3,256,-26.13978388942135,52.27956777884270,-25.14941252580256,-.9903713636188097
914,4,256,-24.15904116218371,48.31808232436742,-12.55763178490131,-11.60140937728240
914,5,10,-.9562224076188919,1.912444815237784,-.4781112038094448,-.4781112038094470
915,1,784,.000000000000000,.000000000000000,-32.07977320989701,32.07977320989701
915,2,256,-64.15954641979310,128.3190928395862,-45.34960507304762,-18.80994134674547
915,3,256,-26.53966372630128,53.07932745260256,-25.18600267771534,-1.353661048585977
915,4,256,-23.83234162912933,47.66468325825867,-12.36509491423698,-11.46724671489238
915,5,10,-.8978481993445924,1.795696398689185,-.4489240996722953,-.4489240996722972
916,1,784,.000000000000000,.000000000000000,-32.17536774042936,32.17536774042936
916,2,256,-64.35073548085799,128.7014709617160,-45.46993408724448,-18.88080139361348
916,3,256,-26.58913269363018,53.17826538726035,-25.11293834785236,-1.476194345777818
916,4,256,-23.63674400207457,47.27348800414914,-12.24930549820390,-11.38743850387068
916,5,10,-.8618669943332186,1.723733988666437,-.4309334971666096,-.4309334971666089
917,1,784,.000000000000000,.000000000000000,-32.14988999125872,32.14988999125872
917,2,256,-64.29977998251657,128.5995599650331,-45.50734518012550,-18.79243480239105
917,3,256,-26.71491037773356,53.42982075546712,-25.08797020423445,-1.626940173499112
917,4,256,-23.46103003073534,46.92206006147067,-12.22944511037913,-11.23158492035618
917,5,10,-.9978601900229498,1.995720380045900,-.4989300950114741,-.4989300950114757
918,1,784,.000000000000000,.000000000000000,-32.36657126174720,32.36657126174720
918,2,256,-64.73314252349340,129.4662850469868,-45.37647794965514,-19.35666457383833
918,3,256,-26.01981337581588,52.03962675163176,-24.84994617494355,-1.169867200872347
918,4,256,-23.68007897407117,47.36015794814234,-12.27505553765048,-11.40502343642070
918,5,10,-.8700321012297784,1.740064202459557,-.4350160506148878,-.4350160506148906
919,1,784,.000000000000000,.000000000000000,-32.32372995254041,32.32372995254041
919,2,256,-64.64745990508001,129.2949198101600,-45.57518325065075,-19.07227665442925
919,3,256,-26.50290659622063,53.00581319244125,-24.92670261202148,-1.576203984199125
919,4,256,-23.35049862782241,46.70099725564483,-12.13782728557461,-11.21267134224779
919,5,10,-.9251559433268415,1.850311886653683,-.4625779716634220,-.4625779716634195
920,1,784,.000000000000000,.000000000000000,-32.30077892585057,32.30077892585057
920,2,256,-64.60155785170029,129.2031157034006,-45.40389380499656,-19.19766404670372
920,3,256,-26.20622975829197,52.41245951658394,-24.89277794865214,-1.313451809639808
920,4,256,-23.57932613901233,47.15865227802467,-12.24951029416465,-11.32981584484769
920,5,10,-.9196944493169558,1.839388898633912,-.4598472246584766,-.4598472246584791
921,1,784,.000000000000000,.000000000000000,-32.19498261293560,32.19498261293560
921,2,256,-64.38996522587033,128.7799304517407,-45.54338594994032,-18.84657927593002
921,3,256,-26.69680667400943,53.39361334801886,-25.07610399969315,-1.620702674316275
921,4,256,-23.45540132537689,46.91080265075378,-12.18465306685739,-11.27074825851949
921,5,10,-.9139048083379002,1.827809616675800,-.4569524041689514,-.4569524041689490
922,1,784,.000000000000000,.000000000000000,-32.32463143905738,32.32463143905738
922,2,256,-64.64926287811387,129.2985257562277,-45.51561420857407,-19.13364866953978
922,3,256,-26.38196553903341,52.76393107806681,-24.94270510567008,-1.439260433363344
922,4,256,-23.50344467230675,47.00688934461350,-12.17030931464710,-11.33313535765966
922,5,10,-.8371739569874723,1.674347913974945,-.4185869784937357,-.4185869784937367
923,1,784,.000000000000000,.000000000000000,-32.31568847855591,32.31568847855591
923,2,256,-64.63137695711086,129.2627539142217,-45.44724194822717,-19.18413500888374
923,3,256,-26.26310693934255,52.52621387868511,-24.87665955427298,-1.386447385069550
923,4,256,-23.49021216920341,46.98042433840682,-12.22525018033288,-11.26496198887053
923,5,10,-.9602881914623337,1.920576382924667,-.4801440957311665,-.4801440957311672
924,1,784,.000000000000000,.000000000000000,-32.37575472259760,32.37575472259760
924,2,256,-64.75150944519440,129.5030188903888,-45.52340160491326,-19.22810784028114
924,3,256,-26.29529376463122,52.59058752926244,-24.79985118112446,-1.495442583506737
924,4,256,-23.30440859761766,46.60881719523532,-12.13492284464270,-11.16948575297496
924,5,10,-.9654370916677026,1.930874183335405,-.4827185458338524,-.4827185458338504
925,1,784,.000000000000000,.000000000000000,-32.22786533048282,32.22786533048282
925,2,256,-64.45573066096469,128.9114613219294,-45.36882821329043,-19.08690244767422
925,3,256,-26.28192576561528,52.56385153123056,-25.00165397420304,-1.280271791412230
925,4,256,-23.72138218279082,47.44276436558165,-12.30731392398709,-11.41406825880373
925,5,10,-.8932456651833690,1.786491330366738,-.4466228325916856,-.4466228325916835
926,1,784,.000000000000000,.000000000000000,-32.20790334796369,32.20790334796369
926,2,256,-64.41580669592646,128.8316133918529,-45.42334229296072,-18.99246440296576
926,3,256,-26.43087788999398,52.86175577998796,-25.00447408541294,-1.426403804581054
926,4,256,-23.57807028083186,47.15614056166373,-12.28005601056044,-11.29801427027140
926,5,10,-.9820417402890317,1.964083480578063,-.4910208701445153,-.4910208701445165
927,1,784,.000000000000000,.000000000000000,-32.10974929700268,32.10974929700268
927,2,256,-64.21949859400443,128.4389971880089,-45.36287847681173,-18.85662011719269
927,3,256,-26.50625835961819,53.01251671923637,-25.19333197861866,-1.312926380999563
927,4,256,-23.88040559761908,47.76081119523816,-12.35992611080561,-11.52047948681347
927,5,10,-.8394466239921484,1.678893247984297,-.4197233119960747,-.4197233119960736
928,1,784,.000000000000000,.000000000000000,-32.35218903623340,32.35218903623340
928,2,256,-64.70437807246584,129.4087561449317,-45.43117803327905,-19.27320003918683
928,3,256,-26.15797799409127,52.31595598818254,-24.84420011912764,-1.313777874963635
928,4,256,-23.53042224416400,47.06084448832800,-12.22031372424019,-11.31010851992381
928,5,10,-.9102052043163834,1.820410408632767,-.4551026021581912,-.4551026021581921
929,1,784,.000000000000000,.000000000000000,-32.46466414876588,32.46466414876588
929,2,256,-64.92932829753082,129.8586565950616,-45.53372339873408,-19.39560489879670
929,3,256,-26.13811849993652,52.27623699987305,-24.75870570185118,-1.379412798085326
929,4,256,-23.37929290376587,46.75858580753174,-12.12670516191246,-11.25258774185340
929,5,10,-.8741174200590172,1.748234840118034,-.4370587100295067,-.4370587100295105
930,1,784,.000000000000000,.000000000000000,-32.11773146143290,32.11773146143290
930,2,256,-64.23546292286494,128.4709258457299,-45.36977451253916,-18.86568841032575
930,3,256,-26.50408610221250,53.00817220442501,-25.13540089249846,-1.368685209714034
930,4,256,-23.76671568278442,47.53343136556884,-12.33643066532690,-11.43028501745752
930,5,10,-.9061456478693971,1.812291295738794,-.4530728239346985,-.4530728239346987
931,1,784,.000000000000000,.000000000000000,-32.21270743717134,32.21270743717134
931,2,256,-64.42541487434191,128.8508297486838,-45.45570334315842,-18.96971153118348
931,3,256,-26.48599181197407,52.97198362394815,-25.00307960029472,-1.482912211679349
931,4,256,-23.52016738861539,47.04033477723079,-12.24458498602042,-11.27558240259494
931,5,10,-.9690025834254749,1.938005166850950,-.4845012917127365,-.4845012917127382
932,1,784,.000000000000000,.000000000000000,-32.38079519554653,32.38079519554653
932,2,256,-64.76159039109217,129.5231807821843,-45.37173376048295,-19.38985663060917
932,3,256,-25.98187712987294,51.96375425974588,-24.83013774589789,-1.151739383975019
932,4,256,-23.67839836192284,47.35679672384568,-12.27728324882417,-11.40111511309869
932,5,10,-.8761681357254836,1.752336271450967,-.4380840678627395,-.4380840678627440
933,1,784,.000000000000000,.000000000000000,-32.18407624936662,32.18407624936662
933,2,256,-64.36815249873233,128.7363049974647,-45.49307288955384,-18.87507960917844
933,3,256,-26.61799328037453,53.23598656074907,-25.08945338695558,-1.528539893418942
933,4,256,-23.56091349353662,47.12182698707323,-12.21657369843659,-11.34433979510002
933,5,10,-.8722339033365536,1.744467806673107,-.4361169516682775,-.4361169516682763
934,1,784,.000000000000000,.000000000000000,-32.25440192387921,32.25440192387921
934,2,256,-64.50880384775762,129.0176076955152,-45.45793411030873,-19.05086973744887
934,3,256,-26.40706437285897,52.81412874571794,-24.99381059449901,-1.413253778359941
934,4,256,-23.58055681613905,47.16111363227810,-12.24337082947357,-11.33718598666549
934,5,10,-.9061848428080606,1.812369685616121,-.4530924214040290,-.4530924214040316
935,1,784,.000000000000000,.000000000000000,-32.26094806065727,32.26094806065727
935,2,256,-64.52189612131359,129.0437922426272,-45.48426708264203,-19.03762903867153
935,3,256,-26.44663804396962,52.89327608793924,-24.97702457521578,-1.469613468753825
935,4,256,-23.50741110646197,47.01482221292393,-12.21829398187088,-11.28911712459111
935,5,10,-.9291768572798030,1.858353714559606,-.4645884286399024,-.4645884286399006
936,1,784,.000000000000000,.000000000000000,-32.47181947643200,32.47181947643200
936,2,256,-64.94363895286315,129.8872779057263,-45.62906325759643,-19.31457569526673
936,3,256,-26.31448756232885,52.62897512465769,-24.79056339198063,-1.523924170348224
936,4,256,-23.26663922163242,46.53327844326483,-12.06447040154053,-11.20216882009189
936,5,10,-.8623015814486633,1.724603162897327,-.4311507907243315,-.4311507907243319
937,1,784,.000000000000000,.000000000000000,-32.15194463352694,32.15194463352694
937,2,256,-64.30388926705301,128.6077785341060,-45.31611235429429,-18.98777691275871
937,3,256,-26.32833544153473,52.65667088306946,-25.01856417609239,-1.309771265442349
937,4,256,-23.70879291065005,47.41758582130009,-12.38470040285907,-11.32409250779098
937,5,10,-1.060607895068083,2.121215790136166,-.5303039475340399,-.5303039475340429
938,1,784,.000000000000000,.000000000000000,-32.16171677282811,32.16171677282811
938,2,256,-64.32343354565532,128.6468670913106,-45.51497973232114,-18.80845381333419
938,3,256,-26.70652591898601,53.41305183797202,-25.13051878696439,-1.576007132021642
938,4,256,-23.55451165494269,47.10902330988537,-12.21679786196579,-11.33771379297688
938,5,10,-.8790840689888733,1.758168137977747,-.4395420344944360,-.4395420344944371
939,1,784,.000000000000000,.000000000000000,-32.27912221527841,32.27912221527841
939,2,256,-64.55824443055596,129.1164888611119,-45.43665929757120,-19.12158513298474
939,3,256,-26.31507416458564,52.63014832917128,-24.96416261814382,-1.350911546441818
939,4,256,-23.61325107170202,47.22650214340404,-12.25049191104262,-11.36275916065940
939,5,10,-.8877327503831960,1.775465500766392,-.4438663751915987,-.4438663751915972
940,1,784,.000000000000000,.000000000000000,-32.50205166678975,32.50205166678975
940,2,256,-65.00410333357854,130.0082066671571,-45.38384322769111,-19.62026010588748
940,3,256,-25.76358312180274,51.52716624360548,-24.67868376606757,-1.084899355735152
940,4,256,-23.59378441033243,47.18756882066486,-12.24069705557734,-11.35308735475509
940,5,10,-.8876097008222581,1.775219401644516,-.4438048504111280,-.4438048504111300
941,1,784,.000000000000000,.000000000000000,-32.29354212062621,32.29354212062621
941,2,256,-64.58708424125152,129.1741684825030,-45.40018017787336,-19.18690406337817
941,3,256,-26.21327611449432,52.42655222898864,-24.93720502315301,-1.276071091341333
941,4,256,-23.66113393181167,47.32226786362334,-12.27536500463726,-11.38576892717440
941,5,10,-.8895960774628506,1.779192154925701,-.4447980387314248,-.4447980387314259
942,1,784,.000000000000000,.000000000000000,-32.25581298178783,32.25581298178783
942,2,256,-64.51162596357472,129.0232519271494,-45.42387893654957,-19.08774702702518
942,3,256,-26.33613190952354,52.67226381904707,-24.96015318761292,-1.375978721910601
942,4,256,-23.58417446570236,47.16834893140472,-12.26470205131980,-11.31947241438256
942,5,10,-.9452296369372526,1.890459273874505,-.4726148184686282,-.4726148184686244
943,1,784,.000000000000000,.000000000000000,-32.18729637007673,32.18729637007673
943,2,256,-64.37459274015251,128.7491854803050,-45.50487404412051,-18.86971869603197
943,3,256,-26.63515534808770,53.27031069617540,-25.11869786637552,-1.516457481712177
943,4,256,-23.60224038466334,47.20448076932668,-12.22461710618334,-11.37762327847998
943,5,10,-.8469938277033411,1.693987655406682,-.4234969138516703,-.4234969138516708
944,1,784,.000000000000000,.000000000000000,-32.16802382084163,32.16802382084163
944,2,256,-64.33604764168238,128.6720952833648,-45.08597635181435,-19.25007128986800
944,3,256,-25.83590506194549,51.67181012389099,-25.01774930756760,-.8181557543778982
944,4,256,-24.19959355318971,48.39918710637943,-12.56401300999127,-11.63558054319847
944,5,10,-.9284324667928184,1.856864933585637,-.4642162333964077,-.4642162333964107
945,1,784,.000000000000000,.000000000000000,-32.31482063553731,32.31482063553731
945,2,256,-64.62964127107365,129.2592825421473,-45.32822681525663,-19.30141445581705
945,3,256,-26.02681235943862,52.05362471887723,-24.92582142760709,-1.100990931831524
945,4,256,-23.82483049577553,47.64966099155107,-12.32489562709875,-11.49993486867679
945,5,10,-.8249607584219696,1.649921516843939,-.4124803792109855,-.4124803792109841
946,1,784,.000000000000000,.000000000000000,-32.21737789493644,32.21737789493644
946,2,256,-64.43475578987199,128.8695115797440,-45.42022214080156,-19.01453364907042
946,3,256,-26.40568849173026,52.81137698346052,-25.03355226198149,-1.372136229748803
946,4,256,-23.66141603223267,47.32283206446533,-12.29907282489010,-11.36234320734255
946,5,10,-.9367296175475586,1.873459235095117,-.4683648087737790,-.4683648087737797
947,1,784,.000000000000000,.000000000000000,-32.06651560489581,32.06651560489581
947,2,256,-64.13303120979069,128.2660624195814,-45.28066865503053,-18.85236255476022
947,3,256,-26.42830610026949,52.85661220053898,-25.18733474808106,-1.240971352188436
947,4,256,-23.94636339589264,47.89272679178528,-12.41409566050573,-11.53226773538691
947,5,10,-.8818279251188164,1.763655850237633,-.4409139625594082,-.4409139625594081
948,1,784,.000000000000000,.000000000000000,-32.25803558400167,32.25803558400167
948,2,256,-64.51607116800250,129.0321423360050,-45.54001193917340,-18.97605922882907
948,3,256,-26.56395271034347,53.12790542068694,-24.96203049938456,-1.601922210958890
948,4,256,-23.36010828842565,46.72021657685130,-12.15443493297474,-11.20567335545091
948,5,10,-.9487615775238147,1.897523155047629,-.4743807887619058,-.4743807887619089
949,1,784,.000000000000000,.000000000000000,-32.28916764479628,32.28916764479628
949,2,256,-64.57833528959176,129.1566705791835,-45.37264574982750,-19.20568953976420
949,3,256,-26.16695621006245,52.33391242012490,-24.89404570530265,-1.272910504759805
949,4,256,-23.62113520054291,47.24227040108581,-12.28682248311266,-11.33431271743024
949,5,10,-.9525097656824415,1.905019531364883,-.4762548828412218,-.4762548828412196
950,1,784,.000000000000000,.000000000000000,-32.30571498167501,32.30571498167501
950,2,256,-64.61142996334912,129.2228599266982,-45.59269165639166,-19.01873830695749
950,3,256,-26.57395334943331,53.14790669886663,-24.99655167560688,-1.577401673826429
950,4,256,-23.41915000178047,46.83830000356093,-12.11613077720905,-11.30301922457141
950,5,10,-.8131115526376591,1.626223105275318,-.4065557763188287,-.4065557763188306
951,1,784,.000000000000000,.000000000000000,-32.25286666649485,32.25286666649485
951,2,256,-64.50573333298884,129.0114666659777,-45.37683737539176,-19.12889595759708
951,3,256,-26.24794141779379,52.49588283558759,-24.97402620287770,-1.273915214916098
951,4,256,-23.70011098796162,47.40022197592324,-12.29408972788093,-11.40602126008070
951,5,10,-.8880684678002462,1.776136935600492,-.4440342339001242,-.4440342339001220
952,1,784,.000000000000000,.000000000000000,-32.29816292935286,32.29816292935286
952,2,256,-64.59632585870476,129.1926517174095,-45.56332121533290,-19.03300464337185
952,3,256,-26.53031657196014,53.06063314392028,-24.98957144040081,-1.540745131559359
952,4,256,-23.44882630884145,46.89765261768290,-12.15813360598745,-11.29069270285399
952,5,10,-.8674409031334811,1.734881806266962,-.4337204515667419,-.4337204515667393
953,1,784,.000000000000000,.000000000000000,-32.13289020166910,32.13289020166910
953,2,256,-64.26578040333732,128.5315608066746,-45.45814520280361,-18.80763520053367
953,3,256,-26.65051000226908,53.30102000453815,-25.15079446931087,-1.499715532958208
953,4,256,-23.65107893635267,47.30215787270534,-12.26533553833240,-11.38574339802026
953,5,10,-.8795921403121416,1.759184280624283,-.4397960701560703,-.4397960701560711
954,1,784,.000000000000000,.000000000000000,-32.17856485166997,32.17856485166997
954,2,256,-64.35712970333897,128.7142594066779,-45.36581804115215,-18.99131166218682
954,3,256,-26.37450637896445,52.74901275792890,-25.05507865938144,-1.319427719583006
954,4,256,-23.73565093979840,47.47130187959681,-12.34871585886792,-11.38693508093051
954,5,10,-.9617807779373886,1.923561555874777,-.4808903889686942,-.4808903889686942
955,1,784,.000000000000000,.000000000000000,-32.21566742308327,32.21566742308327
955,2,256,-64.43133484616567,128.8626696923313,-45.34851028839248,-19.08282455777317
955,3,256,-26.26568573061849,52.53137146123699,-24.99546826507543,-1.270217465543025
955,4,256,-23.72525079953243,47.45050159906486,-12.33151054894955,-11.39374025058290
955,5,10,-.9377702983666524,1.875540596733305,-.4688851491833259,-.4688851491833266
956,1,784,.000000000000000,.000000000000000,-32.35655590184020,32.35655590184020
956,2,256,-64.71311180367947,129.4262236073589,-45.43984224235231,-19.27326956132713
956,3,256,-26.16657268102431,52.33314536204861,-24.92153452697783,-1.245038154046467
956,4,256,-23.67649637293136,47.35299274586272,-12.24585235269453,-11.43064402023682
956,5,10,-.8152083324576740,1.630416664915348,-.4076041662288386,-.4076041662288354
957,1,784,.000000000000000,.000000000000000,-32.20997120960745,32.20997120960745
957,2,256,-64.41994241921402,128.8398848384280,-45.42843541968562,-18.99150699952835
957,3,256,-26.43692842015640,52.87385684031280,-25.00361517050234,-1.433313249654103
957,4,256,-23.57030192084821,47.14060384169643,-12.26655452421461,-11.30374739663358
957,5,10,-.9628071275810142,1.925614255162028,-.4814035637905083,-.4814035637905058
958,1,784,.000000000000000,.000000000000000,-32.09125286208435,32.09125286208435
958,2,256,-64.18250572416788,128.3650114483358,-45.48497122191296,-18.69753450225485
958,3,256,-26.78743671965725,53.57487343931449,-25.23639331170873,-1.551043407948494
958,4,256,-23.68534990376023,47.37069980752045,-12.25357233330662,-11.43177757045360
958,5,10,-.8217947628530270,1.643589525706054,-.4108973814265149,-.4108973814265123
959,1,784,.000000000000000,.000000000000000,-32.07550811229314,32.07550811229314
959,2,256,-64.15101622458535,128.3020324491707,-45.31975804672616,-18.83125817785922
959,3,256,-26.48849986886599,52.97699973773198,-25.15218622470779,-1.336313644158200
959,4,256,-23.81587258054956,47.63174516109912,-12.39945940841231,-11.41641317213725
959,5,10,-.9830462362750831,1.966092472550166,-.4915231181375387,-.4915231181375446
960,1,784,.000000000000000,.000000000000000,-31.87689505865574,31.87689505865574
960,2,256,-63.75379011731065,127.5075802346213,-45.31547981867632,-18.43831029863432
960,3,256,-26.87716952004119,53.75433904008239,-25.41729878688510,-1.459870733156077
960,4,256,-23.95742805372906,47.91485610745812,-12.43036660196390,-11.52706145176515
960,5,10,-.9033051501987656,1.806610300397531,-.4516525750993821,-.4516525750993836
961,1,784,.000000000000000,.000000000000000,-32.26205298355226,32.26205298355226
961,2,256,-64.52410596710364,129.0482119342073,-45.35660970514856,-19.16749626195506
961,3,256,-26.18911344319260,52.37822688638519,-24.94439699776513,-1.244716445427490
961,4,256,-23.69968055233760,47.39936110467520,-12.30106299528284,-11.39861755705478
961,5,10,-.9024454382280584,1.804890876456117,-.4512227191140290,-.4512227191140295
962,1,784,.000000000000000,.000000000000000,-32.24562303419823,32.24562303419823
962,2,256,-64.49124606839553,128.9824921367911,-45.55658671347065,-18.93465935492486
962,3,256,-26.62192735854488,53.24385471708977,-25.03289389818164,-1.589033460363256
962,4,256,-23.44386043781840,46.88772087563681,-12.15414263897239,-11.28971779884600
962,5,10,-.8644248401263965,1.728849680252793,-.4322124200631980,-.4322124200631985
963,1,784,.000000000000000,.000000000000000,-32.19524212993591,32.19524212993591
963,2,256,-64.39048425987093,128.7809685197419,-45.27092820982907,-19.11955605004182
963,3,256,-26.15137215978642,52.30274431957284,-24.94718060775417,-1.204191552032217
963,4,256,-23.74298905572205,47.48597811144410,-12.38592384378051,-11.35706521194156
963,5,10,-1.028858631838985,2.057717263677969,-.5144293159194919,-.5144293159194926
964,1,784,.000000000000000,.000000000000000,-32.34483625383806,32.34483625383806
964,2,256,-64.68967250767518,129.3793450153504,-45.46512554339022,-19.22454696428495
964,3,256,-26.24057857910437,52.48115715820874,-24.85238416991737,-1.388194409186992
964,4,256,-23.46418976073038,46.92837952146076,-12.20840779121723,-11.25578196951313
964,5,10,-.9526258217040910,1.905251643408182,-.4763129108520469,-.4763129108520444
965,1,784,.000000000000000,.000000000000000,-32.25086347378919,32.25086347378919
965,2,256,-64.50172694757744,129.0034538951549,-45.36965400735052,-19.13207294022694
965,3,256,-26.23758106712269,52.47516213424538,-24.94537272461621,-1.292208342506488
965,4,256,-23.65316438210974,47.30632876421949,-12.29044513297206,-11.36271924913769
965,5,10,-.9277258838343670,1.855451767668734,-.4638629419171844,-.4638629419171827
966,1,784,.000000000000000,.000000000000000,-32.31756854180165,32.31756854180165
966,2,256,-64.63513708360242,129.2702741672048,-45.44000978919897,-19.19512729440345
966,3,256,-26.24488249479462,52.48976498958925,-24.86278840689204,-1.382094087902598
966,4,256,-23.48069431898941,46.96138863797881,-12.22416219686807,-11.25653212212134
966,5,10,-.9676300747467285,1.935260149493457,-.4838150373733626,-.4838150373733658
967,1,784,.000000000000000,.000000000000000,-32.26630392391336,32.26630392391336
967,2,256,-64.53260784782583,129.0652156956517,-45.25996974392901,-19.27263810389681
967,3,256,-25.98733164003132,51.97466328006264,-24.91998117102759,-1.067350469003741
967,4,256,-23.85263070202388,47.70526140404775,-12.41485237606663,-11.43777832595723
967,5,10,-.9770740501094203,1.954148100218841,-.4885370250547096,-.4885370250547108
968,1,784,.000000000000000,.000000000000000,-32.16943161824776,32.16943161824776
968,2,256,-64.33886323649463,128.6777264729893,-45.31066811857623,-19.02819511791836
968,3,256,-26.28247300065702,52.56494600131403,-25.07029833063125,-1.212174670025734
968,4,256,-23.85812366060554,47.71624732121108,-12.37263980326813,-11.48548385733740
968,5,10,-.8871559459307385,1.774311891861477,-.4435779729653683,-.4435779729653703
969,1,784,.000000000000000,.000000000000000,-32.48274123908700,32.48274123908700
969,2,256,-64.96548247817312,129.9309649563462,-45.57032920780142,-19.39515327037168
969,3,256,-26.17517593742888,52.35035187485776,-24.75620400996621,-1.418971927462678
969,4,256,-23.33723208250354,46.67446416500709,-12.08309817240444,-11.25413391009908
969,5,10,-.8289642623053824,1.657928524610765,-.4144821311526932,-.4144821311526892
970,1,784,.000000000000000,.000000000000000,-32.29120795930838,32.29120795930838
970,2,256,-64.58241591861585,129.1648318372317,-45.38946262955400,-19.19295328906190
970,3,256,-26.19650934049121,52.39301868098241,-24.90543133068475,-1.291078009806496
970,4,256,-23.61435332087822,47.22870664175645,-12.27424430123132,-11.34010901964690
970,5,10,-.9341352815844177,1.868270563168835,-.4670676407922087,-.4670676407922090
971,1,784,.000000000000000,.000000000000000,-32.11591480979030,32.11591480979030
971,2,256,-64.23182961957961,128.4636592391592,-45.21605363102174,-19.01577598855788
971,3,256,-26.20027764246298,52.40055528492595,-25.11627390623649,-1.084003736226458
971,4,256,-24.03227017001004,48.06454034002009,-12.46149934783276,-11.57077082217730
971,5,10,-.8907285256554678,1.781457051310936,-.4453642628277358,-.4453642628277321
972,1,784,.000000000000000,.000000000000000,-32.42031680469710,32.42031680469710
972,2,256,-64.84063360939331,129.6812672187866,-45.54818270218104,-19.29245090721223
972,3,256,-26.25573179496793,52.51146358993585,-24.82102059444520,-1.434711200522725
972,4,256,-23.38630939392249,46.77261878784498,-12.11697348570342,-11.26933590821907
972,5,10,-.8476375774843420,1.695275154968684,-.4238187887421709,-.4238187887421710
973,1,784,.000000000000000,.000000000000000,-32.22984707123248,32.22984707123248
973,2,256,-64.45969414246404,128.9193882849281,-45.38305900487120,-19.07663513759279
973,3,256,-26.30642386727753,52.61284773455506,-24.96001469263751,-1.346409174640020
973,4,256,-23.61360551799754,47.22721103599508,-12.28006102505864,-11.33354449293892
973,5,10,-.9465165321197603,1.893033064239521,-.4732582660598800,-.4732582660598803
974,1,784,.000000000000000,.000000000000000,-32.19551163689406,32.19551163689406
974,2,256,-64.39102327378723,128.7820465475745,-45.42386843587752,-18.96715483790972
974,3,256,-26.45671359796690,52.91342719593380,-25.08288565621831,-1.373827941748586
974,4,256,-23.70905771446970,47.41811542893941,-12.27841401933724,-11.43064369513247
974,5,10,-.8477703242047848,1.695540648409570,-.4238851621023923,-.4238851621023925
975,1,784,.000000000000000,.000000000000000,-32.19211197249363,32.19211197249363
975,2,256,-64.38422394498645,128.7684478899729,-45.46546159006397,-18.91876235492244
975,3,256,-26.54669923514068,53.09339847028136,-25.06085571027848,-1.485843524862209
975,4,256,-23.57501218541626,47.15002437083253,-12.23577877719523,-11.33923340822104
975,5,10,-.8965453689741713,1.793090737948343,-.4482726844870863,-.4482726844870850
976,1,784,.000000000000000,.000000000000000,-32.08357055568815,32.08357055568815
976,2,256,-64.16714111137543,128.3342822227509,-45.17241399264101,-18.99472711873442
976,3,256,-26.17768687390564,52.35537374781129,-25.05560084953067,-1.122086024374960
976,4,256,-23.93351482515572,47.86702965031143,-12.50775871220794,-11.42575611294777
976,5,10,-1.082002599260161,2.164005198520321,-.5410012996300795,-.5410012996300815
977,1,784,.000000000000000,.000000000000000,-32.31161742415470,32.31161742415470
977,2,256,-64.62323484830857,129.2464696966171,-45.43051448738071,-19.19272036092788
977,3,256,-26.23779412645199,52.47558825290398,-24.90351781311123,-1.334276313340748
977,4,256,-23.56924149977051,47.13848299954103,-12.23237844597411,-11.33686305379640
977,5,10,-.8955153921777094,1.791030784355419,-.4477576960888561,-.4477576960888532
978,1,784,.000000000000000,.000000000000000,-32.21312321391635,32.21312321391635
978,2,256,-64.42624642783187,128.8524928556637,-45.24946469654276,-19.17678173128905
978,3,256,-26.07268296525288,52.14536593050576,-24.95855250043243,-1.114130464820443
978,4,256,-23.84442203561202,47.68884407122404,-12.39920721479536,-11.44521482081666
978,5,10,-.9539923939787083,1.907984787957417,-.4769961969893551,-.4769961969893532
979,1,784,.000000000000000,.000000000000000,-32.23417477059318,32.23417477059318
979,2,256,-64.46834954118543,128.9366990823709,-45.45052808261293,-19.01782145857250
979,3,256,-26.43270662403953,52.86541324807906,-25.02465761301611,-1.408049011023429
979,4,256,-23.61660860199271,47.23321720398541,-12.24540107998586,-11.37120752200686
979,5,10,-.8741935579790261,1.748387115958052,-.4370967789895134,-.4370967789895128
980,1,784,.000000000000000,.000000000000000,-32.12108025939178,32.12108025939178
980,2,256,-64.24216051878271,128.4843210375654,-45.25382478240549,-18.98833573637725
980,3,256,-26.26548904602733,52.53097809205465,-25.09615571751924,-1.169333328508073
980,4,256,-23.92682238901117,47.85364477802234,-12.43619148522006,-11.49063090379113
980,5,10,-.9455605814289343,1.891121162857869,-.4727802907144691,-.4727802907144652
981,1,784,.000000000000000,.000000000000000,-32.02132192847527,32.02132192847527
981,2,256,-64.04264385694970,128.0852877138994,-45.30737462515050,-18.73526923179919
981,3,256,-26.57210539335044,53.14421078670089,-25.22349835964801,-1.348607033702441
981,4,256,-23.87489132594558,47.74978265189115,-12.41019892601829,-11.46469239992728
981,5,10,-.9455065260910126,1.891013052182025,-.4727532630455065,-.4727532630455060
982,1,784,.000000000000000,.000000000000000,-32.30171403383166,32.30171403383166
982,2,256,-64.60342806766252,129.2068561353250,-45.45241325478397,-19.15101481287854
982,3,256,-26.30139844190454,52.60279688380908,-24.89559870641944,-1.405799735485097
982,4,256,-23.48979897093433,46.97959794186866,-12.21272651775057,-11.27707245318377
982,5,10,-.9356540645667879,1.871308129133576,-.4678270322833927,-.4678270322833952
983,1,784,.000000000000000,.000000000000000,-32.10672681969240,32.10672681969240
983,2,256,-64.21345363938387,128.4269072787677,-45.28658980858870,-18.92686383079519
983,3,256,-26.35972597779260,52.71945195558521,-25.18499822939233,-1.174727748400270
983,4,256,-24.01027048099204,48.02054096198408,-12.43965023976164,-11.57062024123040
983,5,10,-.8690299985312310,1.738059997062462,-.4345149992656165,-.4345149992656145
984,1,784,.000000000000000,.000000000000000,-32.06665355797683,32.06665355797683
984,2,256,-64.13330711595277,128.2666142319055,-45.38502666653567,-18.74828044941711
984,3,256,-26.63674621711766,53.27349243423532,-25.19838916418520,-1.438357052932479
984,4,256,-23.76003211125270,47.52006422250540,-12.34121954326367,-11.41881256798903
984,5,10,-.9224069752746824,1.844813950549365,-.4612034876373400,-.4612034876373425
985,1,784,.000000000000000,.000000000000000,-32.35362920936031,32.35362920936031
985,2,256,-64.70725841871969,129.4145168374394,-45.37592873784415,-19.33132968087551
985,3,256,-26.04459905696780,52.08919811393561,-24.80910076264840,-1.235498294319391
985,4,256,-23.57360246832905,47.14720493665810,-12.27350551737745,-11.30009695095160
985,5,10,-.9734085664258707,1.946817132851741,-.4867042832129347,-.4867042832129360
986,1,784,.000000000000000,.000000000000000,-32.28607042702268,32.28607042702268
986,2,256,-64.57214085404455,129.1442817080891,-45.37550219144720,-19.19663866259737
986,3,256,-26.17886352884893,52.35772705769786,-24.95967749966178,-1.219186029187157
986,4,256,-23.74049147047467,47.48098294094933,-12.29345899188842,-11.44703247858624
986,5,10,-.8464265133022258,1.692853026604452,-.4232132566511138,-.4232132566511119
987,1,784,.000000000000000,.000000000000000,-32.20604826495814,32.20604826495814
987,2,256,-64.41209652991536,128.8241930598307,-45.43877480807251,-18.97332172184285
987,3,256,-26.46545308622878,52.93090617245755,-25.03764862511485,-1.427804461113940
987,4,256,-23.60984416400090,47.21968832800180,-12.28622347898527,-11.32362068501563
987,5,10,-.9626027939696468,1.925205587939294,-.4813013969848236,-.4813013969848232
988,1,784,.000000000000000,.000000000000000,-32.29277529606861,32.29277529606861
988,2,256,-64.58555059213630,129.1711011842726,-45.60323682399225,-18.98231376814409
988,3,256,-26.62092305584728,53.24184611169456,-24.92726781633763,-1.693655239509660
988,4,256,-23.23361257682793,46.46722515365585,-12.11897721327632,-11.11463536355162
988,5,10,-1.004341849724710,2.008683699449420,-.5021709248623559,-.5021709248623539
989,1,784,.000000000000000,.000000000000000,-32.26622552157659,32.26622552157659
989,2,256,-64.53245104315235,129.0649020863047,-45.37899710265796,-19.15345394049438
989,3,256,-26.22554316216270,52.45108632432540,-24.92838214038467,-1.297161021778012
989,4,256,-23.63122111860670,47.26244223721339,-12.28541947435014,-11.34580164425653
989,5,10,-.9396178300935907,1.879235660187181,-.4698089150467962,-.4698089150467943
990,1,784,.000000000000000,.000000000000000,-32.38022636825183,32.38022636825183
990,2,256,-64.76045273650274,129.5209054730055,-45.35591962791650,-19.40453310858625
990,3,256,-25.95138651932935,51.90277303865870,-24.82694432555741,-1.124442193771939
990,4,256,-23.70250213178544,47.40500426357089,-12.29380226890174,-11.40869986288371
990,5,10,-.8851024060180289,1.770204812036058,-.4425512030090135,-.4425512030090154
991,1,784,.000000000000000,.000000000000000,-32.18016153081861,32.18016153081861
991,2,256,-64.36032306163644,128.7206461232729,-45.37845993175598,-18.98186312988048
991,3,256,-26.39659680187459,52.79319360374919,-25.09263648659116,-1.303960315283446
991,4,256,-23.78867617130769,47.57735234261537,-12.32586944411760,-11.46280672719007
991,5,10,-.8630627169275294,1.726125433855059,-.4315313584637634,-.4315313584637662
992,1,784,.000000000000000,.000000000000000,-32.23174810089748,32.23174810089748
992,2,256,-64.46349620179400,128.9269924035880,-45.44952723764382,-19.01396896415019
992,3,256,-26.43555827349271,52.87111654698542,-24.99884654494186,-1.436711728550834
992,4,256,-23.56213481639102,47.12426963278205,-12.21421456118141,-11.34792025520962
992,5,10,-.8662943059717788,1.732588611943558,-.4331471529858904,-.4331471529858885
993,1,784,.000000000000000,.000000000000000,-32.31923245814423,32.31923245814423
993,2,256,-64.63846491628750,129.2769298325750,-45.50139411568101,-19.13707080060653
993,3,256,-26.36432331507353,52.72864663014706,-24.92548230099352,-1.438841014080059
993,4,256,-23.48664128691342,46.97328257382684,-12.19262334534968,-11.29401794156375
993,5,10,-.8986054037859470,1.797210807571894,-.4493027018929721,-.4493027018929749
994,1,784,.000000000000000,.000000000000000,-32.24145651310982,32.24145651310982
994,2,256,-64.48291302621880,128.9658260524376,-45.20013683336987,-19.28277619284893
994,3,256,-25.91736064052010,51.83472128104020,-24.89561071095930,-1.021749929560811
994,4,256,-23.87386078139848,47.74772156279696,-12.43256168030669,-11.44129910109181
994,5,10,-.9912625792148523,1.982525158429705,-.4956312896074281,-.4956312896074241
995,1,784,.000000000000000,.000000000000000,-32.31912877115924,32.31912877115924
995,2,256,-64.63825754231760,129.2765150846352,-45.39878625463942,-19.23947128767817
995,3,256,-26.15931496696044,52.31862993392088,-24.89100160922697,-1.268313357733459
995,4,256,-23.62268825149356,47.24537650298713,-12.26903339174070,-11.35365485975286
995,5,10,-.9153785319878781,1.830757063975756,-.4576892659939385,-.4576892659939396
996,1,784,.000000000000000,.000000000000000,-32.14846377552416,32.14846377552416
996,2,256,-64.29692755104745,128.5938551020949,-45.34146143399105,-18.95546611705638
996,3,256,-26.38599531693382,52.77199063386765,-25.05641822320525,-1.329577093728554
996,4,256,-23.72684112947671,47.45368225895341,-12.33191335876330,-11.39492777071342
996,5,10,-.9369855880498836,1.873971176099767,-.4684927940249402,-.4684927940249436
997,1,784,.000000000000000,.000000000000000,-32.21504975926893,32.21504975926893
997,2,256,-64.43009951853692,128.8601990370738,-45.32508938085720,-19.10501013767976
997,3,256,-26.22007924317660,52.44015848635320,-25.00435438130934,-1.215724861867274
997,4,256,-23.78862951944208,47.57725903888415,-12.35105789000483,-11.43757162943724
997,5,10,-.9134862605675685,1.826972521135137,-.4567431302837855,-.4567431302837830
998,1,784,.000000000000000,.000000000000000,-32.27497350933972,32.27497350933972
998,2,256,-64.54994701867849,129.0998940373570,-45.40682147092087,-19.14312554775761
998,3,256,-26.26369592316238,52.52739184632475,-24.97625696293397,-1.287438960228419
998,4,256,-23.68881800270555,47.37763600541109,-12.28147572928876,-11.40734227341677
998,5,10,-.8741334558719867,1.748266911743973,-.4370667279359934,-.4370667279359932
999,1,784,.000000000000000,.000000000000000,-32.29216642476295,32.29216642476295
999,2,256,-64.58433284952493,129.1686656990499,-45.44659543641905,-19.13773741310583
999,3,256,-26.30885802331238,52.61771604662476,-24.96409160643227,-1.344766416880110
999,4,256,-23.61932518955217,47.23865037910434,-12.23680621216671,-11.38251897738546
999,5,10,-.8542872347812603,1.708574469562521,-.4271436173906298,-.4271436173906306
1000,1,784,.000000000000000,.000000000000000,-32.29416846593501,32.29416846593501
1000,2,256,-64.58833693186915,129.1766738637383,-45.53884228870084,-19.04949464316828
1000,3,256,-26.48934764553172,52.97869529106343,-24.95761227396270,-1.531735371568997
1000,4,256,-23.42587690239373,46.85175380478746,-12.15560573958286,-11.27027116281085
1000,5,10,-.8853345767720200,1.770669153544040,-.4426672883860089,-.4426672883860110
