id,stability,max_real_part,max_kappa_in,min_kappa_in,max_kappa_out,min_kappa_out
1,stable,-10.00000000000000,6.050812446512282,-5.156872238105279,2.738543761923211,-2.140421336196596
2,stable,-10.00000000000000,5.677900677077560,-5.782081653829664,2.768315639095817,-2.024872795343981
3,stable,-10.00000000000000,6.277867161457834,-4.300187722052215,2.581459310073114,-2.191813750017900
4,stable,-10.00000000000000,6.040893073077314,-5.385393866308732,2.196056377229979,-2.273756964481436
5,stable,-10.00000000000000,5.394204256343073,-4.628075830778471,2.511627552939899,-1.971779295177839
6,stable,-10.00000000000000,5.625961677214946,-5.648559642548207,2.464590125891846,-2.444198437267914
7,stable,-10.00000000000000,6.123083837796003,-4.781755998410517,2.910943296239566,-2.260333388927393
8,stable,-10.00000000000000,6.949956910451874,-5.097250402934151,2.894996730386993,-1.921912536286982
9,stable,-10.00000000000000,8.302841216675006,-5.725792854369502,2.471669544851466,-1.861625913414173
10,stable,-10.00000000000000,5.702715623934637,-5.713623523763090,2.829263807099778,-1.976169962552376
11,stable,-10.00000000000000,8.247836446404108,-5.941651110188104,2.417178941337625,-1.966050909570185
12,stable,-10.00000000000000,6.167744114529341,-4.544360479841998,2.345619913015980,-2.427702243847307
13,stable,-10.00000000000000,7.115960430470295,-6.153923592733918,2.628239691728595,-2.850675722031156
14,stable,-10.00000000000000,6.401986950892024,-4.186017110681860,2.374255820323015,-2.033920861475053
15,stable,-10.00000000000000,5.837024965694582,-4.821608566562645,3.037972697193254,-1.767332190414891
16,stable,-10.00000000000000,5.744798452913528,-4.649819989048410,2.890498725682846,-1.986072309286101
17,stable,-10.00000000000000,5.444637622545997,-4.554591815744061,2.559574835249805,-1.911709935753606
18,stable,-10.00000000000000,5.720114735886455,-4.363718436972704,3.011280715269095,-1.968716401112033
19,stable,-10.00000000000000,5.283279852359556,-5.922921445569955,2.470701457845280,-1.646346499877836
20,stable,-10.00000000000000,4.972539382664763,-4.129947401321260,2.998052352233572,-2.076674990998072
21,stable,-10.00000000000000,6.195636617951095,-5.816640104399994,2.551990338841279,-1.721013356407639
22,stable,-10.00000000000000,6.100896132411435,-7.166263062274083,2.761021083802916,-1.967073566862382
23,stable,-10.00000000000000,6.009079499635845,-4.526649052859284,2.927745266060811,-1.805574248272023
24,stable,-10.00000000000000,5.202577165546245,-6.504202258278383,2.523169756503194,-2.378069511381909
25,stable,-10.00000000000000,7.341044660977786,-5.202367485908326,2.513059719087323,-1.736870694257959
26,stable,-10.00000000000000,8.659331327420659,-6.410120972897857,2.445671924208000,-1.722811995823577
27,stable,-10.00000000000000,7.096578479075106,-4.278133085826994,2.481966727180406,-2.126971500634681
28,stable,-10.00000000000000,6.055101292295149,-5.225780368258711,2.664676094893366,-1.744236706897937
29,stable,-10.00000000000000,7.925944104470545,-5.498425689293072,2.566587053835974,-2.107129000411078
30,stable,-10.00000000000000,6.902385007328121,-6.395766017260030,2.650241153474781,-2.323002233781153
31,stable,-10.00000000000000,5.756055833866412,-5.274135768646374,2.921931525961554,-1.675771154230461
32,stable,-10.00000000000000,6.939480248722248,-5.770776999066584,2.927684457798023,-1.817767856933642
33,stable,-10.00000000000000,6.461474476935109,-4.348053244408220,2.389946473755117,-2.013319177669473
34,stable,-10.00000000000000,5.438256818568334,-4.765764186857268,2.714841388791683,-2.027140630278154
35,stable,-10.00000000000000,5.144152202206897,-5.618554229120491,2.817756044101770,-2.667468217230635
36,stable,-10.00000000000000,6.131007852731273,-6.268436656508129,2.450541181975495,-2.105415108904708
37,stable,-10.00000000000000,8.111900785646867,-5.010935243015410,2.829540643899236,-1.976336438470753
38,stable,-10.00000000000000,8.482295347144827,-4.162727816612460,2.474232792144903,-2.250582055043196
39,stable,-10.00000000000000,6.793472724355524,-4.839096568728564,2.534171555846115,-1.668150019111636
40,stable,-10.00000000000000,5.265663667298213,-4.952598955831490,2.534968471562024,-2.113828673727767
41,stable,-10.00000000000000,5.923740811980679,-5.503854277310893,2.384764508809894,-2.150654542419943
42,stable,-10.00000000000000,5.055610606272239,-4.189521540765782,2.807495122884575,-2.033338837209158
43,stable,-10.00000000000000,6.529496484930860,-6.272016340524715,2.770277537973016,-1.997869092068868
44,stable,-10.00000000000000,5.869775311250123,-5.070416709480924,2.577482508117100,-1.645732235832838
45,stable,-10.00000000000000,6.539515364856925,-6.602546606838587,2.179659714762238,-2.393994079189724
46,stable,-10.00000000000000,6.028420997021385,-4.123328149056761,3.440212232664635,-1.761075568902015
47,stable,-10.00000000000000,6.667671504197642,-4.652476199611556,2.703473680943716,-2.286797694869165
48,stable,-10.00000000000000,5.750098851101939,-5.664125369556132,2.767013846960253,-1.942511346875108
49,stable,-10.00000000000000,6.440165341116881,-5.308624356504879,2.231947021296946,-2.199471156043728
50,stable,-10.00000000000000,6.610631751216715,-5.427261464938056,2.836076212246553,-2.345007215764781
51,stable,-10.00000000000000,7.261339075514115,-5.319388489355333,2.636132572952192,-1.928030956478324
52,stable,-10.00000000000000,7.478693660930730,-6.700235647935187,2.868366227912702,-1.744651645851263
53,stable,-10.00000000000000,4.901934208581224,-5.004625156463590,2.792884018912446,-1.808754953424796
54,stable,-10.00000000000000,5.600494948201231,-5.012790828259313,2.236390704881160,-1.948591225722339
55,stable,-10.00000000000000,5.819129573967075,-4.475525914574973,2.575822263712325,-2.292622648004908
56,stable,-10.00000000000000,5.191519864041766,-5.283864560537040,2.385881811873332,-1.765857713588048
57,stable,-10.00000000000000,5.543252311821561,-5.012473957001930,2.669550976555911,-1.759838038589805
58,stable,-10.00000000000000,6.039417920866981,-6.156065309114638,2.963974982878426,-2.026948763363180
59,stable,-10.00000000000000,5.331255019656965,-5.547608468354156,2.510488239873666,-2.093940485996427
60,stable,-10.00000000000000,7.184790200626594,-5.278111434279708,2.620743229679647,-2.312324653226824
61,stable,-10.00000000000000,5.750382660422474,-5.414740588807035,2.314101227413630,-1.906430052767973
62,stable,-10.00000000000000,6.990090190942283,-5.495981918036705,2.488138387532672,-2.164710696291877
63,stable,-10.00000000000000,6.873555819242029,-5.689649803214706,2.945866390014999,-1.782721291821872
64,stable,-10.00000000000000,5.214535519990022,-4.309365870081820,2.476906335912645,-1.709765362931648
65,stable,-10.00000000000000,6.654472108522896,-4.839666774336365,2.507449498283677,-1.919486536338809
66,stable,-10.00000000000000,5.582458170189057,-3.965032094783965,2.699583447194527,-2.152260867143923
67,stable,-10.00000000000000,6.513992066727951,-5.388615875039250,2.729870509705506,-1.901199973741313
68,stable,-10.00000000000000,5.147204222972505,-4.722456230079842,2.928282675435185,-1.904352935584029
69,stable,-10.00000000000000,6.580060085514560,-4.426526376948459,2.776391483173938,-1.941601652848476
70,stable,-10.00000000000000,5.425030083664751,-5.783648498425464,2.282649756836690,-2.152914430917008
71,stable,-10.00000000000000,5.282657562132954,-6.029251683750772,2.649825253000017,-1.714330168164452
72,stable,-10.00000000000000,7.186548161436804,-4.562028490705416,2.718930990202352,-2.799832321063150
73,stable,-10.00000000000000,6.921351476339623,-4.648833459785237,2.437979232869111,-2.285344494724995
74,stable,-10.00000000000000,5.359302265009319,-3.823127833100443,2.683489679227932,-1.673535110079683
75,stable,-10.00000000000000,5.773142733269196,-5.430447947815992,2.275729625092936,-2.150470283522736
76,stable,-10.00000000000000,6.134294389601564,-7.843480593088316,2.959810092483167,-1.859191590687260
77,stable,-10.00000000000000,5.522344164950482,-3.920909767562989,2.429297549495459,-2.563773679168662
78,stable,-10.00000000000000,5.260910720320680,-6.511821932595922,2.598509020768688,-2.601356804283569
79,stable,-10.00000000000000,5.785599063332484,-5.936199772724649,2.641448260343168,-1.709258185626823
80,stable,-10.00000000000000,6.389129691058770,-6.111333646578714,2.258978335768916,-2.050349803626887
81,stable,-10.00000000000000,7.347987926041242,-4.729418535513105,2.361874805763364,-2.015056845528306
82,stable,-10.00000000000000,8.104214564256836,-4.436603373193066,2.800632669473998,-1.785383900318266
83,stable,-10.00000000000000,5.213754693293595,-5.939350236556493,2.766014331304177,-2.052367283657077
84,stable,-10.00000000000000,7.642003310727887,-4.075987610500306,2.461975214857375,-1.871726281919109
85,stable,-10.00000000000000,6.412961612124491,-4.706400316674262,2.435445965616964,-2.162087934731971
86,stable,-10.00000000000000,8.348650390413241,-4.453759191070276,2.330073612305569,-2.896641055587679
87,stable,-10.00000000000000,4.963496221351988,-4.414013050496578,2.893137805125662,-2.163049441311159
88,stable,-10.00000000000000,5.675959430576768,-4.291749035270186,2.316761453388608,-1.793289074383210
89,stable,-10.00000000000000,5.859906956367922,-6.009101282506890,2.526036831512101,-2.260708193396567
90,stable,-10.00000000000000,5.299782850925112,-5.835577412508428,2.717155999176612,-2.042696643751697
91,stable,-10.00000000000000,6.063798039569519,-4.731004101355211,2.835693211760372,-2.279496851406293
92,stable,-10.00000000000000,6.360996725707082,-5.412129228396225,3.173839524368304,-2.218247789569432
93,stable,-10.00000000000000,5.936811293620849,-5.245171582559124,2.861132816055033,-1.746548050534329
94,stable,-10.00000000000000,7.136579932324821,-4.247505859650119,2.541929384809919,-2.409997237031348
95,stable,-10.00000000000000,5.121750036953017,-5.433976552565582,2.633977368430351,-2.074147010425804
96,stable,-10.00000000000000,6.712487101089209,-4.986567633895902,2.574821456568316,-2.281808356565307
97,stable,-10.00000000000000,8.709084455433185,-4.445555441241595,2.321029457947589,-1.917452301771846
98,stable,-10.00000000000000,5.987961328733945,-6.926246337912744,2.247003798331207,-2.016560308096814
99,stable,-10.00000000000000,7.619766241868433,-4.817547266542533,2.238601502031088,-2.386655624184641
100,stable,-10.00000000000000,5.289880809155875,-5.663339070684742,2.579007485182956,-1.885960528117721
101,stable,-10.00000000000000,5.789268367952900,-5.802761147526326,2.890963728897987,-1.779755353854853
102,stable,-10.00000000000000,6.870020750400727,-5.245734554890078,2.485233098967001,-1.938813806686085
103,stable,-10.00000000000000,5.360626106557902,-5.591675677667808,2.610171843923126,-1.889564286102541
104,stable,-10.00000000000000,6.179235641597188,-5.758159847697243,2.685710199984896,-2.011591219401453
105,stable,-10.00000000000000,6.001418253872544,-5.621183892639237,2.420776829640090,-1.977274778953870
106,stable,-10.00000000000000,5.557712225709110,-5.071144149020256,2.497115491787554,-2.028640958065807
107,stable,-10.00000000000000,5.775121894781478,-5.967247373744613,2.598836237433716,-1.749182752872002
108,stable,-10.00000000000000,5.641454757693282,-5.842362925264752,2.358941290411167,-1.717258878910798
109,stable,-10.00000000000000,5.617537054669810,-4.683960833041056,2.549633767746855,-2.182794320280664
110,stable,-10.00000000000000,7.602072787398356,-4.890819773725525,2.570066752450657,-2.838160159502877
111,stable,-10.00000000000000,6.071571663720533,-4.943740303875529,2.537289762674845,-2.183169610449113
112,stable,-10.00000000000000,6.317367896845099,-6.156210913788527,2.298189081775490,-2.125003918197763
113,stable,-10.00000000000000,7.614045840920880,-5.937835890334100,2.327544189080072,-2.319288648897782
114,stable,-10.00000000000000,7.200361613795394,-6.741824817028828,2.477104859608517,-2.500704907346517
115,stable,-10.00000000000000,6.935879358497914,-3.903809709699999,2.331388299848186,-2.542530515784165
116,stable,-10.00000000000000,7.825733604870038,-4.163335323964930,2.642726719292114,-2.120631859728746
117,stable,-10.00000000000000,5.475021657890466,-4.163337585283443,2.886033077782486,-2.340485459149932
118,stable,-10.00000000000000,5.043890268405448,-5.175986362126423,2.616212538981927,-2.198651416547364
119,stable,-10.00000000000000,6.405631651403382,-6.880210110219195,2.216448961145943,-2.099542977899546
120,stable,-10.00000000000000,6.759258341393434,-6.325027047976619,2.530951006308896,-1.967099378816783
121,stable,-10.00000000000000,6.321550944790943,-4.958406718593324,2.538747470927774,-2.232627547255106
122,stable,-10.00000000000000,5.544409926224034,-4.396033428689407,3.036581421969458,-1.875996566988761
123,stable,-10.00000000000000,5.479531086493807,-4.448870952182915,3.001053171596141,-2.171370685915463
124,stable,-10.00000000000000,5.856303889377159,-4.864581674162764,2.422311495960457,-2.714993418645463
125,stable,-10.00000000000000,6.949396329990122,-4.156081701798030,2.521326997506549,-2.289734961756039
126,stable,-10.00000000000000,5.923529007646721,-4.333892921102233,2.853960833326710,-2.636735309992218
127,stable,-10.00000000000000,5.701293604914099,-4.856389830965782,2.786646037804530,-2.048848108752281
128,stable,-10.00000000000000,6.054534724877158,-5.485549456425360,2.975663113575138,-1.813868341443595
129,stable,-10.00000000000000,5.758835746120894,-4.999921403592452,2.915469752799254,-2.221376415443956
130,stable,-10.00000000000000,6.056883431825554,-5.554514244315214,2.351260144721891,-2.163816345055238
131,stable,-10.00000000000000,5.208077627961757,-5.341162648954196,2.356090916553512,-2.088668597265496
132,stable,-10.00000000000000,7.558186094218399,-4.023158932286606,2.695607617322821,-2.018383364018518
133,stable,-10.00000000000000,6.775213097338565,-5.153821904328652,3.194514789109235,-1.775839189751423
134,stable,-10.00000000000000,4.953067941823974,-4.723894299495441,2.522355304769007,-1.589936629301519
135,stable,-10.00000000000000,5.942270288040163,-7.198918002897585,2.367665608035168,-2.060468867362943
136,stable,-10.00000000000000,7.798814251495060,-5.095422078098636,2.625824257343993,-2.699515465530567
137,stable,-10.00000000000000,6.974911083801999,-5.507250988681335,2.817614385894558,-2.077772553777322
138,stable,-10.00000000000000,6.149136138788890,-3.996503018570365,2.811860120214988,-2.189432070197654
139,stable,-10.00000000000000,5.481455546738289,-6.928360233549029,3.008155793766491,-2.005083431897219
140,stable,-10.00000000000000,5.473830983653897,-5.486545235500671,3.079943530741730,-2.310874851391418
141,stable,-10.00000000000000,6.663511253078468,-4.243146379089012,2.402823599128169,-2.207763551778044
142,stable,-10.00000000000000,5.519296008627862,-4.659408875762892,2.646423813886940,-2.496250040436280
143,stable,-10.00000000000000,6.682076928729657,-4.113313841837225,2.407181000722630,-2.138202518617618
144,stable,-10.00000000000000,5.615002292746794,-4.470873887952621,2.371562490894576,-1.880212938580371
145,stable,-10.00000000000000,5.921934351586970,-4.766964086447842,2.881066742600524,-1.763698562150239
146,stable,-10.00000000000000,6.711498515447602,-4.758515603898559,2.491805460180331,-2.020150899305008
147,stable,-10.00000000000000,5.128517099532473,-4.429247802567261,2.656033041494084,-1.955888291078736
148,stable,-10.00000000000000,6.032937819254585,-5.809168273670366,2.627178439826821,-2.541411274607526
149,stable,-10.00000000000000,6.303778550369316,-5.094058338494506,2.553486162380068,-1.710103785459069
150,stable,-10.00000000000000,7.563382823253050,-4.170014679984888,3.636415997316362,-1.924063947051764
151,stable,-10.00000000000000,5.920902814716101,-4.299274819277343,2.690705160464859,-1.986875409551430
152,stable,-10.00000000000000,5.233307441791112,-5.670633426867425,2.676428387756459,-1.910739122220548
153,stable,-10.00000000000000,6.116794023837429,-5.078132797905710,3.107670454788604,-1.749432213182445
154,stable,-10.00000000000000,6.634003740531625,-3.954097294656094,2.502561466826592,-1.867554128548363
155,stable,-10.00000000000000,6.190064342750702,-4.435766103109927,2.716843119873374,-2.491499329975341
156,stable,-10.00000000000000,4.851568743091775,-5.175197872740682,2.185483806140837,-1.894939637088100
157,stable,-10.00000000000000,5.905194191262126,-4.783927515323739,2.394296446116641,-1.707919054053491
158,stable,-10.00000000000000,5.877254289596749,-5.959766655996646,2.327377413123031,-2.051555098674726
159,stable,-10.00000000000000,5.054434264224255,-4.739054123521782,3.284483491646824,-2.409653281676583
160,stable,-10.00000000000000,5.416248714209360,-4.377065414340905,2.535525313040125,-2.288488443988172
161,stable,-10.00000000000000,5.803030980750918,-6.099519564042566,2.350823693754137,-2.239002802001778
162,stable,-10.00000000000000,5.748173619016598,-5.586356448184233,2.563323015645437,-2.020989176817238
163,stable,-10.00000000000000,6.119292143950588,-5.399098711641273,2.366181058423535,-2.007876391086029
164,stable,-10.00000000000000,5.809959581936710,-6.307712510722922,2.598320938261168,-2.178526745468844
165,stable,-10.00000000000000,6.481455936162092,-6.540269162214827,2.679292364808134,-2.156403913846589
166,stable,-10.00000000000000,5.532597184181213,-5.570291676267516,2.149784055354758,-1.846911838278174
167,stable,-10.00000000000000,5.762795909598935,-4.377310628828127,2.384043858430232,-2.234020439791493
168,stable,-10.00000000000000,6.799431320396252,-6.034320145714446,2.315884445968550,-2.246425730525516
169,stable,-10.00000000000000,6.016954775230261,-4.847437374133733,2.792366716486868,-1.625095957351732
170,stable,-10.00000000000000,5.685763877816498,-4.451727086328901,2.767303245433141,-1.728031311533414
171,stable,-10.00000000000000,6.459677744715009,-5.050473439005145,3.423370821808930,-2.241264524709550
172,stable,-10.00000000000000,5.692028724635747,-4.426104573271004,2.322443551878678,-1.873095950948482
173,stable,-10.00000000000000,7.037687866948545,-4.703331724856980,2.470586920600908,-2.194089689946850
174,stable,-10.00000000000000,5.004317574428569,-5.628577890594897,2.883949548617238,-2.207332742626022
175,stable,-10.00000000000000,6.043401824659668,-4.541054175009776,2.763296820354299,-2.282318827667041
176,stable,-10.00000000000000,7.256267325603403,-4.940982188651105,2.150113380223047,-2.657981203155941
177,stable,-10.00000000000000,5.353146241381182,-4.088869389815954,2.448167595663108,-2.077764895031578
178,stable,-10.00000000000000,5.334110737894662,-4.557271667183159,2.925988085660720,-1.835225276998244
179,stable,-10.00000000000000,5.520029166549648,-5.180246996256756,2.711908957971900,-1.816493156555225
180,stable,-10.00000000000000,5.889413620406231,-3.769314920536999,2.634568604407832,-2.234043231495889
181,stable,-10.00000000000000,5.376312528047492,-4.367094306886429,2.676541640830692,-1.645222837774782
182,stable,-10.00000000000000,7.021385463653132,-4.263645048529725,3.025269302379456,-1.795362536562607
183,stable,-10.00000000000000,6.270355421380373,-4.502951332076918,3.122026192868361,-2.419105520675657
184,stable,-10.00000000000000,6.803117312956601,-3.882532233794336,2.612580469769455,-2.115506263828138
185,stable,-10.00000000000000,5.615541685605422,-4.161805966278280,2.631541312519403,-1.918192938479478
186,stable,-10.00000000000000,6.014382505607500,-4.531955478945747,2.714377031676122,-2.272667526558507
187,stable,-10.00000000000000,7.595927694434067,-4.843517293076729,2.655843723623548,-2.184335738100344
188,stable,-10.00000000000000,5.459919734246796,-5.629427800769918,2.588687599985860,-2.192857093585189
189,stable,-10.00000000000000,6.662539845201536,-6.064783462759806,2.588504825180280,-1.811453973692551
190,stable,-10.00000000000000,5.638214053702541,-4.200439641033881,2.406656473001931,-1.934922933149778
191,stable,-10.00000000000000,5.550491822592448,-5.180178119015181,2.541449830290730,-2.209379475836613
192,stable,-10.00000000000000,5.754529883987516,-6.285733878088649,2.797365171752972,-2.433563677477650
193,stable,-10.00000000000000,6.606757808185648,-6.122606084274594,2.839965180843137,-2.446295938512776
194,stable,-10.00000000000000,5.207088070448663,-3.728742378807510,2.486334690751391,-2.199740134528838
195,stable,-10.00000000000000,5.938473046757281,-5.085777722895727,3.345801780364127,-1.836862031937926
196,stable,-10.00000000000000,6.116947504662676,-4.014937594052753,2.240318872216449,-1.791310713160783
197,stable,-10.00000000000000,5.099646979842873,-3.899637955881190,2.775878072010528,-2.747541714939871
198,stable,-10.00000000000000,7.006733320129570,-6.862913796197972,2.479739649948897,-1.728426427780505
199,stable,-10.00000000000000,5.697143734265410,-5.234189469600096,2.710349633780424,-2.068405993763008
200,stable,-10.00000000000000,6.103642137351926,-3.839715094654821,2.665254670670038,-1.954078733077040
201,stable,-10.00000000000000,5.540744902595179,-4.482420884189196,2.577146225121396,-2.037392156558099
202,stable,-10.00000000000000,7.580813007458346,-3.946991748736764,2.526398591173347,-2.766954862923740
203,stable,-10.00000000000000,5.930840386659838,-5.133007954704226,2.442770813242532,-1.887469612258428
204,stable,-10.00000000000000,6.335060372250155,-4.263677894967259,2.545660504023544,-1.671106004272588
205,stable,-10.00000000000000,6.885191450361162,-5.871873812982813,2.799399515955884,-1.902580756577663
206,stable,-10.00000000000000,7.478831100976095,-6.100921996170655,2.796651791932163,-2.270867022743914
207,stable,-10.00000000000000,5.418762694425823,-5.164615733840037,2.861183354121749,-2.160579909206717
208,stable,-10.00000000000000,6.391794638486317,-5.081661563919624,3.080912554374208,-1.812854971642082
209,stable,-10.00000000000000,6.065992359377560,-4.426645979997375,3.248693978355732,-2.353126809517562
210,stable,-10.00000000000000,6.418341781478375,-7.432210615283111,2.611922100491938,-2.126338343397947
211,stable,-10.00000000000000,5.947625013446668,-4.900394010124728,3.016516122021130,-1.737512381714623
212,stable,-10.00000000000000,6.680188616861415,-5.369735792075517,3.016649705677992,-1.857735023717396
213,stable,-10.00000000000000,5.821403946967621,-4.007319434749661,2.636865881933772,-2.008682845553267
214,stable,-10.00000000000000,5.852411418920383,-5.016367885698855,2.745623648414039,-2.047652842302341
215,stable,-10.00000000000000,6.257050843676552,-5.146776856199722,2.641278620416415,-2.055654324984062
216,stable,-10.00000000000000,6.042386019718833,-5.881403394276276,2.656817365243342,-2.029326414631214
217,stable,-10.00000000000000,5.201638689526590,-4.472370191215305,2.762633908909265,-2.343168777675601
218,stable,-10.00000000000000,6.033544290054124,-5.187108557147440,2.828049494535662,-2.043021171470173
219,stable,-10.00000000000000,5.911365683365148,-4.858324688102584,2.591933672258165,-1.857827449508477
220,stable,-10.00000000000000,5.969837051234208,-4.461928919103229,2.429417671315605,-2.328765474710963
221,stable,-10.00000000000000,8.098322245125019,-5.135449357476318,2.457838946167612,-1.898104351814254
222,stable,-10.00000000000000,5.849852587165515,-6.119011147966376,2.624844459176529,-2.316133112675743
223,stable,-10.00000000000000,6.867633569752797,-4.957066746559576,2.703214465174824,-1.723447565120296
224,stable,-10.00000000000000,5.380149392643943,-5.165172821765736,2.563104629953159,-1.896769992519694
225,stable,-10.00000000000000,5.491527021884394,-6.750277387211099,2.856049118621740,-2.326622744556516
226,stable,-10.00000000000000,6.849824785633245,-5.222436151001602,2.728547591817915,-2.008843877541949
227,stable,-10.00000000000000,6.256557998261997,-4.898006162948150,2.683025449756315,-2.732570571810356
228,stable,-10.00000000000000,5.899594223592430,-4.466446629561688,2.513874876858608,-1.891186551816645
229,stable,-10.00000000000000,6.046778112649918,-6.268712942197453,2.658224772007088,-1.769341943727341
230,stable,-10.00000000000000,5.168925453966949,-4.165855691331672,2.250932795497647,-1.739290410696412
231,stable,-10.00000000000000,6.461113439843757,-5.871720425602689,2.322082589351339,-2.197781208509696
232,stable,-10.00000000000000,6.439006031228928,-4.929159977295058,2.337808727083029,-2.229087797750253
233,stable,-10.00000000000000,6.690905570052564,-4.441472885766416,2.449640003183958,-2.568680115206760
234,stable,-10.00000000000000,5.418588398710199,-5.321744353917893,2.434200373492786,-1.719461839791620
235,stable,-10.00000000000000,4.971881997771561,-4.933469554469411,2.538825336370792,-2.067783657374093
236,stable,-10.00000000000000,5.325656194403564,-5.289080482005375,2.600863108691556,-2.254732449920994
237,stable,-10.00000000000000,5.463630684389500,-4.558519825470285,2.258565243617340,-1.833464641298633
238,stable,-10.00000000000000,7.173267504898831,-5.316740707028657,2.658034897700418,-2.475868050576537
239,stable,-10.00000000000000,6.126588686485775,-4.680390704277670,2.369106956670294,-2.074781211151276
240,stable,-10.00000000000000,5.838842756611029,-3.980756697594188,2.906699721381301,-2.296565774973715
241,stable,-10.00000000000000,5.860772804240696,-4.035901781884604,2.550395103529809,-1.838141269283369
242,stable,-10.00000000000000,5.458603551342094,-5.303667585016228,2.988704165865784,-1.767508221470052
243,stable,-10.00000000000000,5.842395884639700,-6.214897630939959,2.703402025465039,-1.886426640088757
244,stable,-10.00000000000000,6.485468810911698,-5.337480553338537,2.259160999557935,-1.915634705714183
245,stable,-10.00000000000000,5.637583565199748,-4.962134615372634,2.285542036988772,-1.994454095594847
246,stable,-10.00000000000000,7.288979943958111,-4.380779470026027,2.436060786771122,-1.721096713736188
247,stable,-10.00000000000000,6.679834835813381,-4.903528779002954,2.735088120767614,-1.644673433256685
248,stable,-10.00000000000000,5.801792069286194,-4.410628059413284,2.369548327531447,-1.824231777514797
249,stable,-10.00000000000000,8.277043626061641,-6.800656223407714,2.721988422585127,-1.802605100026994
250,stable,-10.00000000000000,5.496911196270958,-4.640464670900201,2.710402171389433,-1.818253897661634
251,stable,-10.00000000000000,5.633697908633621,-4.386739324116206,2.721859204611974,-2.270691434037872
252,stable,-10.00000000000000,7.048324456525734,-5.330735838797409,2.452667993222349,-1.921987798938062
253,stable,-10.00000000000000,7.457452626375016,-5.251307245533098,2.751523587576230,-2.304138575273100
254,stable,-10.00000000000000,5.373481461327174,-4.403805174879381,2.433848842279986,-2.043115245280205
255,stable,-10.00000000000000,7.616014194936724,-5.882084236116498,2.455733613518532,-1.988345323057729
256,stable,-10.00000000000000,5.821371649450157,-4.272683583869366,2.457828886479547,-1.632006331929006
257,stable,-10.00000000000000,5.821072488572099,-4.698129022639478,2.363186964968918,-2.036740180774359
258,stable,-10.00000000000000,6.257051720131130,-6.121154669934185,2.355338609588216,-2.536400653640158
259,stable,-10.00000000000000,7.694977053994080,-6.357511823589448,2.843341457482893,-2.122023840798647
260,stable,-10.00000000000000,6.489686904285918,-5.600940133299446,2.695486564422026,-2.231796699517872
261,stable,-10.00000000000000,5.914417417079676,-4.426552011151216,2.495740103011485,-2.107488005640334
262,stable,-10.00000000000000,5.442374179518083,-4.404316019848920,2.577950653205335,-1.859282084318693
263,stable,-10.00000000000000,6.337378323456505,-5.036327485227957,2.572811567311874,-1.952878338342998
264,stable,-10.00000000000000,6.248470273509156,-5.359327196138111,2.705590946779921,-1.868639941269066
265,stable,-10.00000000000000,6.640939179807901,-5.215892580687068,2.548366846327554,-1.954010847897734
266,stable,-10.00000000000000,5.430482327152276,-5.997932251528255,2.784959734271979,-1.918637106544338
267,stable,-10.00000000000000,5.425788523687515,-4.260721769474912,2.948216891554694,-2.307794731386821
268,stable,-10.00000000000000,5.772033926339645,-4.521307226736099,2.615597042946320,-1.655386793980142
269,stable,-10.00000000000000,6.890253064309945,-4.520600701536750,2.640464219628484,-3.016465373861138
270,stable,-10.00000000000000,6.946766565961298,-5.244776316045318,2.578758847317658,-1.835250239761081
271,stable,-10.00000000000000,5.387102852924727,-6.670517189282691,2.435705682408297,-2.364623226239928
272,stable,-10.00000000000000,5.696507922428282,-5.811757139977999,2.567832041619113,-2.335590784117812
273,stable,-10.00000000000000,7.273198668728583,-6.065582665964030,3.032161902592634,-1.935480028045276
274,stable,-10.00000000000000,6.310046373080695,-5.869050511508249,2.622105563714285,-1.770924390977484
275,stable,-10.00000000000000,6.814853046991630,-5.079251850140281,2.292790928695467,-1.736220524708187
276,stable,-10.00000000000000,5.533184265543241,-4.990749812812282,2.532844484579982,-1.600847215915564
277,stable,-10.00000000000000,5.795238631544635,-4.914043455180945,2.735130275264964,-1.978768071188824
278,stable,-10.00000000000000,5.948026420199312,-5.449888559873216,2.479515203684059,-1.800229297892656
279,stable,-10.00000000000000,7.145206167955621,-6.445146420475794,2.550476297677960,-2.491796153539326
280,stable,-10.00000000000000,5.575945952674374,-5.609813332150225,2.909573454715428,-2.170421880466165
281,stable,-10.00000000000000,5.925548145467474,-4.158169383183122,2.539133375108577,-1.998555703379679
282,stable,-10.00000000000000,6.752200880087912,-6.443415423738770,2.333587629027761,-2.134105670993449
283,stable,-10.00000000000000,5.474318318709265,-3.967522657279915,3.092040389397880,-2.209594660496805
284,stable,-10.00000000000000,5.851563718839316,-4.862851159297861,2.398597359191626,-2.119641202880302
285,stable,-10.00000000000000,5.420067178623867,-4.199424924707273,2.615182620129417,-2.509699122892926
286,stable,-10.00000000000000,6.576690638554282,-5.732818895485252,2.977000802144175,-2.284247402014444
287,stable,-10.00000000000000,5.510099205988809,-5.178856007958530,2.983810105613884,-2.298433969030157
288,stable,-10.00000000000000,6.076202564647247,-5.751309742510784,2.703453615918988,-2.285130578726239
289,stable,-10.00000000000000,6.544382013606082,-4.313084112706292,2.657309414702468,-1.954343949633767
290,stable,-10.00000000000000,5.147120622248622,-5.318341395846801,2.650929084577001,-1.823642527786433
291,stable,-10.00000000000000,6.726737936696736,-6.356633321964182,2.508808158643660,-2.585094801157538
292,stable,-10.00000000000000,6.086056949585327,-5.309402747065178,2.695240964420009,-2.193398192630411
293,stable,-10.00000000000000,5.521247359385598,-6.599527083133580,2.595714244778719,-1.742882895421644
294,stable,-10.00000000000000,7.973247153451666,-4.961109151161509,2.687175371247577,-2.361867125851859
295,stable,-10.00000000000000,6.242036971700145,-5.027066320413724,2.397509528120281,-1.759551963299600
296,stable,-10.00000000000000,5.270276558498153,-4.386856178934977,2.588644371971895,-1.909314113305300
297,stable,-10.00000000000000,7.823535420902772,-5.442018151021330,2.830500488547841,-1.958795065818776
298,stable,-10.00000000000000,5.406264547142200,-4.660368718192331,2.363426367577631,-2.067908287899627
299,stable,-10.00000000000000,5.885356452221458,-6.021571388333541,2.428683687408920,-1.614143580596647
300,stable,-10.00000000000000,5.215163425906212,-5.205960178383975,2.302317368652439,-2.143740144558251
301,stable,-10.00000000000000,6.108918048499618,-4.686482848759624,2.471253978168534,-1.869003693282139
302,stable,-10.00000000000000,5.950301772652892,-5.014175845426507,2.811637877675821,-2.073058854621195
303,stable,-10.00000000000000,6.256225473247468,-5.798200680175796,2.227811994962394,-2.512778241307387
304,stable,-10.00000000000000,6.486403271788731,-3.929073353450804,2.558132830163231,-2.727144076983677
305,stable,-10.00000000000000,5.519097430253169,-4.699032342970895,3.045824988432287,-2.035639277033624
306,stable,-10.00000000000000,4.952688092715107,-4.567096190876327,2.690370513073503,-1.903344659178401
307,stable,-10.00000000000000,6.229958009440452,-6.876880015013739,2.706511201409739,-2.054855646114447
308,stable,-10.00000000000000,7.253162034025991,-4.813924298534403,2.943877873025485,-2.261092594075308
309,stable,-10.00000000000000,6.335726490970046,-6.413700955308741,2.599584039679030,-1.831891542911762
310,stable,-10.00000000000000,5.511173780658282,-5.414066090364940,3.025385566157638,-2.671985333479824
311,stable,-10.00000000000000,6.013444185431581,-5.894997104391223,2.909765816531944,-2.312202237604652
312,stable,-10.00000000000000,8.454183254652889,-4.661520657289657,2.453334093370358,-2.091825177509236
313,stable,-10.00000000000000,5.926893089694204,-5.133681399922352,2.649757516584941,-1.683337893176940
314,stable,-10.00000000000000,5.270810998743400,-4.720966145454440,2.510416642442578,-1.998512845457299
315,stable,-10.00000000000000,5.291949107715482,-4.418578748649452,2.433639735390898,-2.175926923751831
316,stable,-10.00000000000000,5.665937393201602,-6.695383071200922,2.730537747636845,-2.138954486348666
317,stable,-10.00000000000000,5.939384152377897,-4.009032142879732,2.388767633165116,-2.053917432640446
318,stable,-10.00000000000000,5.412542926089372,-4.947071460133884,2.808061416348210,-2.083731381964753
319,stable,-10.00000000000000,5.765129826671910,-4.987583807203919,2.524638516755658,-1.934289350727340
320,stable,-10.00000000000000,5.132175679929787,-5.684618208557367,2.940581095157540,-1.917658527265303
321,stable,-10.00000000000000,5.277539882087467,-4.581529338494875,2.527343814814230,-1.814027709953734
322,stable,-10.00000000000000,6.709692796130184,-5.822348372574197,2.719840829515306,-2.055288815216045
323,stable,-10.00000000000000,5.035959623382951,-4.861556380812544,2.550093755242415,-1.713678656684351
324,stable,-10.00000000000000,5.791207336478692,-4.815769228778663,2.537701988634581,-2.061023143731290
325,stable,-10.00000000000000,5.325446593698871,-5.361334743211046,2.646963545106701,-2.541641327203251
326,stable,-10.00000000000000,5.375512998936756,-4.819117159822781,2.685857565797050,-2.335294129487011
327,stable,-10.00000000000000,5.125577569706365,-4.057995858682261,2.251513191838967,-2.357064280455234
328,stable,-10.00000000000000,6.300561900759931,-5.046924790483899,2.480399295222014,-2.210487775009824
329,stable,-10.00000000000000,5.295070583000779,-4.735654469972360,2.643248669168315,-2.330984132306185
330,stable,-10.00000000000000,5.868782740377355,-4.796530922118109,2.698524493272998,-1.746967502549523
331,stable,-10.00000000000000,5.399025649785472,-5.255629402177874,2.760879140156248,-1.695839587715454
332,stable,-10.00000000000000,8.185131175632705,-6.182195846660761,2.411918098077876,-2.037955813178996
333,stable,-10.00000000000000,5.392173293628730,-6.081341650773538,2.661415302583919,-2.230344041439821
334,stable,-10.00000000000000,7.007105799420970,-4.695130331412656,2.931081987509970,-2.277763393154601
335,stable,-10.00000000000000,5.708235821279231,-5.111023442121223,2.561856419386459,-2.567332282487769
336,stable,-10.00000000000000,5.469648612735909,-5.428475138847716,2.534398297982989,-2.025567073520506
337,stable,-10.00000000000000,6.021176966241910,-5.325701091089286,2.455739103612359,-2.509097321511945
338,stable,-10.00000000000000,5.459163977968274,-6.780196713865735,2.378769957227632,-2.512557570498757
339,stable,-10.00000000000000,5.294972631381825,-6.224148095003329,2.592712572397431,-1.607416031867615
340,stable,-10.00000000000000,5.313957983162254,-4.361938259124145,2.458959803101607,-2.143344610663917
341,stable,-10.00000000000000,5.523192621665657,-4.969694942265050,2.410180725433747,-1.968400209545507
342,stable,-10.00000000000000,5.551937085423560,-4.920317706186324,2.981921755650546,-2.537156251390115
343,stable,-10.00000000000000,7.528330781031400,-7.254953190142260,2.496761210393743,-2.400545200973283
344,stable,-10.00000000000000,6.949072156305192,-4.903524244204164,2.559474504902028,-2.355329228681512
345,stable,-10.00000000000000,4.987412356516870,-5.931745440902887,2.699624143060646,-1.755045237063314
346,stable,-10.00000000000000,5.863946902682073,-5.278675340552581,2.521414849761641,-1.809010619239416
347,stable,-10.00000000000000,6.203560325200669,-3.941189357748954,2.418685043419828,-2.228867780413566
348,stable,-10.00000000000000,6.259204800124280,-4.914309296844294,2.783403568586436,-2.161724063640577
349,stable,-10.00000000000000,7.120643077851128,-4.056601467018481,2.246890965383500,-2.289063964766683
350,stable,-10.00000000000000,6.932891081261914,-4.923399259103462,2.347993588395184,-1.907153361942619
351,stable,-10.00000000000000,6.232351587153971,-5.369681886048056,2.950697805004893,-2.311210375439259
352,stable,-10.00000000000000,6.140340967511293,-4.223059854441090,2.462724760349374,-2.023920019808429
353,stable,-10.00000000000000,5.473518278187839,-4.604461643895775,2.523806082244846,-2.148786491175997
354,stable,-10.00000000000000,5.664608578314073,-6.273773533059284,2.802464935040916,-1.905606810032623
355,stable,-10.00000000000000,7.232642041635700,-6.018764031134197,2.388812078300361,-1.936720754951239
356,stable,-10.00000000000000,5.187340063544980,-5.109104404516984,2.231970537068264,-2.749560640322670
357,stable,-10.00000000000000,5.473851811735585,-5.205618226260412,2.492010492846020,-2.101747775013791
358,stable,-10.00000000000000,5.429766734559962,-3.977036074124044,3.197341113089351,-1.727428277168656
359,stable,-10.00000000000000,5.420509853036492,-5.237470393039985,2.691810952645028,-1.814645344420569
360,stable,-10.00000000000000,8.103547353734029,-6.246890941954916,2.741863442846807,-2.952688542936812
361,stable,-10.00000000000000,5.788431700901128,-4.690329079239746,2.513190827658036,-2.057099024337731
362,stable,-10.00000000000000,5.905719657504960,-5.616190457563789,2.714892900907216,-2.220659817408887
363,stable,-10.00000000000000,5.153170310251880,-4.361336543937796,2.885048349713543,-2.486544514191337
364,stable,-10.00000000000000,7.501740258536302,-4.475697792280698,2.790927538066171,-2.104561158164870
365,stable,-10.00000000000000,7.487173649249598,-6.398237789333507,2.580209056111926,-1.947135035763495
366,stable,-10.00000000000000,5.903646072380070,-4.683573388691002,2.326324541907525,-1.940216176386457
367,stable,-10.00000000000000,5.184688345815857,-6.131695406016661,2.460740367765538,-2.157116676757141
368,stable,-10.00000000000000,5.175690648262389,-4.187072896202153,2.263486272611772,-1.805957369157113
369,stable,-10.00000000000000,5.838512961452125,-5.226234075977118,2.463036153116263,-2.006191959662829
370,stable,-10.00000000000000,5.859531764108397,-5.897482545609819,2.470947735477239,-1.741623498382978
371,stable,-10.00000000000000,6.203919940802734,-4.222990941110766,2.404042198279058,-2.667667570814956
372,stable,-10.00000000000000,8.464007916394621,-4.120574106564163,2.802807874511927,-1.995612493148656
373,stable,-10.00000000000000,6.858610050869174,-4.353086810908280,2.847429885448946,-2.291661208582809
374,stable,-10.00000000000000,6.011855184624437,-4.007567504830149,2.390306873334339,-2.076156498136697
375,stable,-10.00000000000000,5.228595609514741,-3.888586115324870,2.494262673251797,-1.807351868817932
376,stable,-10.00000000000000,5.978249893698376,-5.450719288055552,2.423230644228170,-2.227414696128108
377,stable,-10.00000000000000,5.428105565115402,-3.847573107850621,2.920113370171748,-1.890870214585448
378,stable,-10.00000000000000,5.003067164681852,-4.635477102921868,2.347790226005600,-2.553387370408018
379,stable,-10.00000000000000,5.571162900880154,-3.935632842010818,2.437813192547765,-2.319405569891387
380,stable,-10.00000000000000,5.938061535242014,-4.454172840549290,2.408753660260118,-1.726246520323912
381,stable,-10.00000000000000,8.080870433652308,-4.295185378985479,2.526041196659207,-1.981751583974983
382,stable,-10.00000000000000,5.778377274982631,-7.816175327141536,2.396804420281114,-2.191692097723717
383,stable,-10.00000000000000,6.802027713099960,-5.792174189205980,2.775952258292818,-2.117859671299811
384,stable,-10.00000000000000,5.450846148525670,-6.017356789903715,2.764127695350908,-2.032668761734385
385,stable,-10.00000000000000,7.657542054541409,-4.424156493245391,2.552917542760042,-2.609672894701362
386,stable,-10.00000000000000,6.723494984791614,-5.477345410152338,2.803031960691442,-2.176476106920745
387,stable,-10.00000000000000,5.515111619315576,-4.762195417570183,2.368924851971315,-1.819805049410206
388,stable,-10.00000000000000,5.673518794879783,-4.674947079154663,2.681807657010722,-2.267316126439255
389,stable,-10.00000000000000,5.908456306089647,-4.248358404031023,2.471347432438051,-1.803226902789902
390,stable,-10.00000000000000,6.873395139096829,-4.578084202366881,2.463226589141414,-2.280254790683102
391,stable,-10.00000000000000,6.324620195431635,-5.157570989918895,2.708316431555431,-1.912962770395097
392,stable,-10.00000000000000,5.714012380107306,-3.642279776133364,2.545261662540725,-1.878094713931205
393,stable,-10.00000000000000,5.772408577722672,-5.845888206938980,2.788480711547891,-1.709403600834776
394,stable,-10.00000000000000,7.463407570496202,-5.457025336334482,2.738606843566231,-2.059564396651695
395,stable,-10.00000000000000,6.138037959026406,-4.557622648697361,2.561022657020658,-2.375258657082668
396,stable,-10.00000000000000,5.891172493029444,-5.277482307225000,2.542472392022319,-1.894743189939618
397,stable,-10.00000000000000,5.755731310462579,-5.394362891616765,2.605971730969031,-1.690616853054962
398,stable,-10.00000000000000,5.713612786421436,-5.211240594995616,2.508540643035303,-2.126743833374348
399,stable,-10.00000000000000,5.378800083963142,-4.129436166651431,2.611830628666212,-1.824229666191968
400,stable,-10.00000000000000,5.897726460229023,-4.419496454596811,2.626755166362273,-2.305452264146879
401,stable,-10.00000000000000,5.540939001301012,-4.239310910270433,2.864465832906717,-1.809098839122271
402,stable,-10.00000000000000,5.751973663223907,-5.364761381293647,2.632494255629354,-2.233471207437105
403,stable,-10.00000000000000,5.079679532675073,-5.060201637243154,2.489144879567903,-2.511613161477726
404,stable,-10.00000000000000,6.486498404759914,-3.785645475454658,2.665486979138223,-2.105500819336157
405,stable,-10.00000000000000,4.810358006827300,-4.836815862101503,2.411361455509905,-2.171833347543725
406,stable,-10.00000000000000,4.882428877019265,-6.673946378126857,2.371599948099174,-1.919477241579443
407,stable,-10.00000000000000,5.025986254891905,-3.882938348047901,2.771820083580678,-1.771084308929858
408,stable,-10.00000000000000,6.298545167657721,-6.758065225905739,2.614463812538816,-2.540901226442656
409,stable,-10.00000000000000,7.487259808927774,-6.934696095297113,2.365795206816983,-2.139857597154332
410,stable,-10.00000000000000,7.234753730444936,-5.029931280267192,2.443730020377188,-2.029114531193045
411,stable,-10.00000000000000,7.313941149564926,-4.835949865118891,2.966988278112694,-2.239581824265770
412,stable,-10.00000000000000,7.071135498816147,-6.039422727189958,2.280389098341402,-1.789375176864269
413,stable,-10.00000000000000,5.142220417925273,-5.083958620169142,3.026830197952222,-2.083096372676664
414,stable,-10.00000000000000,8.635551826679148,-4.883401376617257,2.682279113883851,-1.930352014001983
415,stable,-10.00000000000000,5.926785790361464,-5.133910962860682,2.942818919540514,-2.023328354247496
416,stable,-10.00000000000000,5.778087575221434,-5.649787580128759,2.767102841840824,-2.585579172766302
417,stable,-10.00000000000000,6.607682058645878,-5.144318153004861,2.289509112481028,-2.005844285304192
418,stable,-10.00000000000000,6.324644386535510,-4.038247468613918,2.427803890539508,-2.424019164747733
419,stable,-10.00000000000000,5.926498610875569,-5.257123664683604,2.514411275544262,-1.776666409768950
420,stable,-10.00000000000000,5.691130393068306,-5.295733217353700,2.900176194874803,-1.764369729571627
421,stable,-10.00000000000000,7.992422925669871,-5.858888870105147,2.483743917779066,-1.765439971160959
422,stable,-10.00000000000000,5.773232635288878,-4.802961188863264,2.913286889035589,-2.393627960220329
423,stable,-10.00000000000000,5.738691119971918,-4.666450818651356,3.584345883165952,-1.971263043291401
424,stable,-10.00000000000000,6.163624882639851,-5.482560537173413,2.424823310846477,-2.416043241508305
425,stable,-10.00000000000000,5.966739146620966,-4.932649723486975,2.697180197515991,-1.999455348588526
426,stable,-10.00000000000000,7.409935626870720,-4.114900377062440,2.579289268542198,-1.763213712998549
427,stable,-10.00000000000000,6.435122311364466,-3.811613777419552,2.715930518897949,-2.047232586366590
428,stable,-10.00000000000000,6.304327799385646,-5.098027934989659,2.626001189513772,-2.779458900855388
429,stable,-10.00000000000000,7.832435828400776,-4.958731847931631,2.584818694105707,-2.121734728338197
430,stable,-10.00000000000000,5.139115276040684,-4.864277946064249,2.348727100521501,-1.926646623913257
431,stable,-10.00000000000000,5.105262463134750,-4.747347309836186,3.042239967646310,-1.936192281435069
432,stable,-10.00000000000000,5.888274349155836,-4.195575682389517,2.809792549742269,-2.482149851741269
433,stable,-10.00000000000000,6.909274422738235,-4.874519806035096,2.748508274007690,-1.977800542779732
434,stable,-10.00000000000000,7.308875810471363,-4.298160031969019,2.944891240098514,-2.267477149129263
435,stable,-10.00000000000000,5.809022556233685,-4.587810804616311,2.581740961759351,-1.882835921991500
436,stable,-10.00000000000000,8.622181885810278,-3.817221960438474,2.844864596065236,-2.269015407102415
437,stable,-10.00000000000000,5.526855299869567,-4.530427859244810,2.699826174466580,-1.704435068590101
438,stable,-10.00000000000000,5.961522481287830,-6.052562214143109,2.330253663341864,-1.893686770141358
439,stable,-10.00000000000000,5.742298364784801,-5.127845091810741,2.743026052405185,-2.424265167777776
440,stable,-10.00000000000000,5.342706964409444,-4.422506683054962,2.338047125726007,-1.711770133928439
441,stable,-10.00000000000000,5.217319855517417,-5.318471000529826,2.441565512111993,-1.807842809932481
442,stable,-10.00000000000000,6.432657667028252,-4.510261229996104,2.295441731621395,-2.619632766029099
443,stable,-10.00000000000000,6.175817830371670,-7.011799514657469,2.749894481763477,-2.129633750926587
444,stable,-10.00000000000000,6.535480469879985,-5.380906818987569,2.814130435654079,-1.755081619136035
445,stable,-10.00000000000000,5.001475723111071,-6.119667206978193,2.363537473072938,-2.078684305859497
446,stable,-10.00000000000000,5.631206178964931,-5.608890419767704,2.928219564164465,-2.306529010413215
447,stable,-10.00000000000000,6.487033699508174,-3.672050242908881,2.588805420615245,-1.918085109587992
448,stable,-10.00000000000000,5.054113527126901,-5.523854012208176,2.913520447589690,-1.995248067876673
449,stable,-10.00000000000000,5.454451970173977,-4.580078381084604,2.422039328288520,-2.253585886250221
450,stable,-10.00000000000000,5.100044696358964,-4.109670069039566,2.402408143672801,-3.042630668263882
451,stable,-10.00000000000000,5.650031421791937,-4.211242829915136,3.188972507376093,-2.163256989239017
452,stable,-10.00000000000000,6.924435296590673,-4.234715423634043,2.687429331635940,-2.285179912403692
453,stable,-10.00000000000000,6.588314340682700,-6.132969141792273,2.372032480270718,-1.884269922011299
454,stable,-10.00000000000000,5.708630769338924,-5.400486529775662,3.042936997775541,-2.467623616350465
455,stable,-10.00000000000000,6.411731171552674,-6.541672596795252,2.316015674592563,-1.754993449023459
456,stable,-10.00000000000000,6.939022317819763,-4.602280886203516,2.508393725292990,-1.985440549804480
457,stable,-10.00000000000000,7.787183786720561,-4.923441447550431,2.664512241746706,-2.084027126198635
458,stable,-10.00000000000000,6.191650909051532,-4.910418866027612,2.320088529086206,-2.049922350051929
459,stable,-10.00000000000000,6.483877840801142,-4.890772720769746,2.435430651026763,-2.086966385191772
460,stable,-10.00000000000000,5.669846500939457,-4.365168774300400,2.510650867181539,-1.488303744692530
461,stable,-10.00000000000000,6.895548251690343,-4.817500681005185,2.613417463973747,-2.481591073432355
462,stable,-10.00000000000000,5.573154393870936,-5.712252969708061,2.688538165661157,-2.009375475892739
463,stable,-10.00000000000000,5.356564104229619,-5.834436590026598,2.344437730804202,-2.295573391835205
464,stable,-10.00000000000000,6.590081507267314,-4.722127130458830,2.425476806114602,-1.884435948086320
465,stable,-10.00000000000000,6.226246903650463,-5.899218714068411,2.632122912842533,-1.908384264825145
466,stable,-10.00000000000000,5.819724170607515,-5.038841346155095,2.673817613220308,-2.276225062872982
467,stable,-10.00000000000000,5.401348368741310,-4.352878450692515,2.644662498707476,-1.915786968442262
468,stable,-10.00000000000000,5.223352245171554,-6.093654998679995,2.529928267176729,-2.132047907565720
469,stable,-10.00000000000000,5.357220433572365,-6.321569768188056,2.912577025992505,-2.011047934705857
470,stable,-10.00000000000000,8.810657735739369,-4.781061164321727,2.607671973040851,-2.121770154568367
471,stable,-10.00000000000000,5.589400436234428,-5.323998780426336,2.329969748738222,-2.080822854164580
472,stable,-10.00000000000000,6.593431001812860,-6.399328906962182,2.505904288700549,-1.994274191019940
473,stable,-10.00000000000000,5.586332405910071,-7.233364533894928,2.742696161440108,-2.349234412715305
474,stable,-10.00000000000000,5.861671987804584,-5.357689707743702,2.525116388453171,-2.016612897030427
475,stable,-10.00000000000000,4.824837793174083,-4.439777839659655,2.483197098830715,-1.999028919119155
476,stable,-10.00000000000000,5.250045325148676,-4.187385900324443,2.619683781340427,-2.390286523761461
477,stable,-10.00000000000000,6.278098256443627,-6.598775795457186,2.411850916477761,-1.768439552310156
478,stable,-10.00000000000000,5.725876487325877,-4.431608377897646,2.808128932752879,-2.389795915631112
479,stable,-10.00000000000000,5.873366913147038,-5.925954108010046,2.834900563582778,-1.973183904403413
480,stable,-10.00000000000000,6.509106949699344,-4.902481608092785,2.149610035063233,-2.136104347722721
481,stable,-10.00000000000000,6.652852582570631,-7.408830216270871,3.192208373264293,-2.032064212937257
482,stable,-10.00000000000000,6.469986144875293,-5.056869596068282,2.850183848602683,-1.979425731005904
483,stable,-10.00000000000000,6.424724066986528,-4.521838553453563,2.768085542023982,-1.985323869506828
484,stable,-10.00000000000000,6.281167069915682,-6.463941393274581,2.359938937661354,-1.866387903268333
485,stable,-10.00000000000000,6.687772101722658,-3.759285195264965,2.591110488880076,-1.841643595660571
486,stable,-10.00000000000000,6.029407910420559,-5.093506155564683,3.052368722157553,-2.022414446910261
487,stable,-10.00000000000000,5.252756406553090,-6.184790261904709,2.659405121114105,-2.156825664991629
488,stable,-10.00000000000000,5.737885127982736,-5.110854142571043,2.569285835052142,-2.183879527015961
489,stable,-10.00000000000000,6.116472966508809,-5.076073728560004,3.079837555669656,-2.270903621916659
490,stable,-10.00000000000000,5.636110768333310,-3.574854268274066,2.814250740848365,-2.055387779779267
491,stable,-10.00000000000000,7.328553889383329,-5.154327261829167,2.526444966904819,-2.456703892079531
492,stable,-10.00000000000000,5.258925156731493,-4.178408203588333,2.403342048624836,-2.237634264674853
493,stable,-10.00000000000000,6.584779065335169,-7.552079652319662,2.612351376636070,-1.950398947912618
494,stable,-10.00000000000000,6.691825281537604,-5.694882452691672,2.803277420787708,-1.681608881757711
495,stable,-10.00000000000000,6.467415939725470,-5.098543051462912,2.603111454824102,-1.613129382196348
496,stable,-10.00000000000000,7.134766220638994,-4.415190876869019,2.994239666179055,-1.834619856002973
497,stable,-10.00000000000000,6.698019008501433,-5.434567593685642,2.347354047888075,-1.698991741315695
498,stable,-10.00000000000000,5.514719351260283,-4.453994168667123,2.775638292892836,-2.137074548489181
499,stable,-10.00000000000000,6.632828643520043,-4.493681097388617,2.666115699947113,-1.822497974833823
500,stable,-10.00000000000000,5.060675065862597,-5.220173280831659,2.815321808360750,-1.999688178329961
501,stable,-10.00000000000000,5.062316388386535,-5.197246938914759,2.433478679236941,-1.857841015007580
502,stable,-10.00000000000000,6.317717270343564,-5.826466110749607,3.158313533145702,-2.150978226331063
503,stable,-10.00000000000000,6.337487482935103,-4.681972798207426,2.395106524541916,-2.207992830939475
504,stable,-10.00000000000000,6.680659758705588,-5.868548789992929,2.338078330096323,-2.218630994102568
505,stable,-10.00000000000000,6.166699909073941,-4.580149671135587,2.415756049129413,-2.161499603556877
506,stable,-10.00000000000000,7.181042613869067,-4.141020363997086,2.876380482310196,-2.344270810543094
507,stable,-10.00000000000000,5.551075288676657,-3.871802250718247,2.429889403400011,-2.620096946222475
508,stable,-10.00000000000000,5.918339025607565,-5.133638544590212,2.783986469687079,-2.368297415157940
509,stable,-10.00000000000000,5.502078732090013,-5.524404457304627,2.673646627255948,-2.329964961347287
510,stable,-10.00000000000000,5.918848855646502,-5.191044616971340,2.484929775397177,-1.924738569417968
511,stable,-10.00000000000000,5.480784020852298,-4.563904915063176,2.951080211278168,-1.909247849624080
512,stable,-10.00000000000000,7.246790827368386,-4.421019655397686,2.682420273864409,-1.992681764299050
513,stable,-10.00000000000000,5.796786255203187,-4.431957776330819,2.454014356660991,-2.693400451549678
514,stable,-10.00000000000000,5.221309795975685,-4.707088503811974,2.709453369941912,-2.515346881147707
515,stable,-10.00000000000000,5.454313516849652,-5.678572272532620,2.632581461861264,-2.466869846903137
516,stable,-10.00000000000000,7.214138683979400,-6.210985086770961,2.524122019342030,-2.191551288400660
517,stable,-10.00000000000000,6.329755045546335,-5.006732432346325,2.983978060889058,-2.115586871404957
518,stable,-10.00000000000000,5.639596207838622,-5.304365757961932,2.431173107770519,-2.071839113979877
519,stable,-10.00000000000000,6.747002360527404,-4.515313829644583,2.641594814253040,-1.756635763529630
520,stable,-10.00000000000000,6.308319618561654,-4.705158973811194,2.465657272041426,-2.105216719937630
521,stable,-10.00000000000000,5.710173118503008,-4.055529312623548,2.601267012249082,-2.269619016078650
522,stable,-10.00000000000000,5.766773756506154,-5.028947414724826,2.529954139788970,-2.097915190897766
523,stable,-10.00000000000000,6.146991998451995,-5.575888098508585,2.449307666189270,-1.992466809751932
524,stable,-10.00000000000000,5.746411935044307,-3.810795223995228,2.447268041743882,-1.987773199740332
525,stable,-10.00000000000000,5.595178573159501,-3.940721085869882,2.968324452784145,-2.208980403112946
526,stable,-10.00000000000000,5.582149843656225,-5.397823648381745,2.295326337471124,-2.378092046303209
527,stable,-10.00000000000000,6.108946700696833,-4.297461985377595,2.569528512336547,-2.134344393198262
528,stable,-10.00000000000000,7.060964543721639,-5.821453686949098,2.497166973669664,-1.854004337910737
529,stable,-10.00000000000000,5.575524574611336,-4.755260945996270,2.883838510249916,-2.631933414639207
530,stable,-10.00000000000000,7.040660516820935,-5.305282483983319,2.462705830839695,-2.169470464788901
531,stable,-10.00000000000000,5.266259771204204,-4.770825033279834,2.576179611227417,-1.876093893719371
532,stable,-10.00000000000000,5.024519644182874,-4.343584306829143,2.879957916033163,-1.993613126498531
533,stable,-10.00000000000000,6.423922152294836,-5.395668448109063,2.702296728049987,-2.029733935640252
534,stable,-10.00000000000000,5.985534868494142,-5.372909566387534,2.679605484387139,-2.172793821126106
535,stable,-10.00000000000000,5.443334997311467,-5.175214591145050,2.638608733192086,-1.967233982904872
536,stable,-10.00000000000000,6.028227342903847,-6.265258914383594,2.418172620295081,-2.297542921383865
537,stable,-10.00000000000000,6.157427381578600,-4.667975364951417,2.553778492452693,-2.026777501792822
538,stable,-10.00000000000000,5.819013287720736,-4.825058812501084,2.590874687535688,-2.205025107818074
539,stable,-10.00000000000000,5.406550568994135,-4.314476751183975,2.502086553227855,-2.355904390104115
540,stable,-10.00000000000000,5.003242329024943,-6.616925564827397,2.458320342688239,-1.658219638098672
541,stable,-10.00000000000000,5.732067238972377,-5.679048367557698,3.138922618731158,-1.885996064687333
542,stable,-10.00000000000000,5.852883900770394,-4.913192848427570,2.929868110511961,-1.921193545480492
543,stable,-10.00000000000000,5.345270423864349,-5.852050099521875,3.479531690900330,-2.149476647522533
544,stable,-10.00000000000000,5.026885064726230,-4.612417265889235,2.945649034452799,-1.887704948327155
545,stable,-10.00000000000000,5.565464309198433,-4.598415090324124,2.948220400183345,-1.767340670368867
546,stable,-10.00000000000000,5.480069345830998,-3.952741468412569,2.466732092609163,-1.545915942115244
547,stable,-10.00000000000000,6.894986013270682,-4.705176081275567,2.645475756382439,-2.424883040494024
548,stable,-10.00000000000000,5.556141378016036,-4.545365249156021,2.436408424051479,-1.926091651124807
549,stable,-10.00000000000000,6.858106465188030,-4.731980263808509,2.929961382207694,-2.149602188692370
550,stable,-10.00000000000000,5.235560474859085,-4.516934395855060,2.354314353840891,-1.883238676789915
551,stable,-10.00000000000000,5.302299889728602,-6.181502245439333,2.477085601034560,-1.791844827006571
552,stable,-10.00000000000000,6.352074071881361,-4.871461609611288,2.638361649384024,-2.133481287804898
553,stable,-10.00000000000000,6.384361481395899,-6.913829106400954,2.313641014552559,-1.744858210757229
554,stable,-10.00000000000000,6.108432366891066,-4.810625237732893,2.650191349006491,-2.153667607752141
555,stable,-10.00000000000000,5.292359902843600,-5.435146552874357,2.710662247933215,-2.539946618780959
556,stable,-10.00000000000000,6.560410599195166,-3.855270368760102,2.761225040114368,-1.727946463011904
557,stable,-10.00000000000000,5.269906346618882,-5.603588989441050,2.669827217949205,-2.279250277788378
558,stable,-10.00000000000000,5.739066435868153,-4.791865798872095,2.949054728800547,-2.137346321018413
559,stable,-10.00000000000000,5.801686500656388,-5.613218543992843,2.440630814759061,-1.982496371565503
560,stable,-10.00000000000000,5.231707569852006,-6.013158371439204,2.699449122956139,-2.849183793572593
561,stable,-10.00000000000000,5.108998362236889,-6.463102352404348,2.571920458998648,-2.350441763468552
562,stable,-10.00000000000000,5.648109881010896,-3.516778333985712,2.862626491310948,-1.796570863923989
563,stable,-10.00000000000000,5.504241585178534,-5.367129369755276,2.616017848631600,-2.873056542826816
564,stable,-10.00000000000000,5.541463122179266,-5.623473386833211,2.796764492944931,-2.140311483846745
565,stable,-10.00000000000000,6.140657931027818,-4.940599174704403,2.270029190709465,-2.260679733008146
566,stable,-10.00000000000000,6.149214224598836,-6.671282980038086,2.966226746670145,-2.171900993591407
567,stable,-10.00000000000000,6.094514425232774,-4.125761389048421,2.484977909640293,-2.424757937958930
568,stable,-10.00000000000000,5.290016198166995,-6.528447495133150,2.927379489759915,-2.434798864822369
569,stable,-10.00000000000000,6.011142591654789,-4.673065268712890,2.432257643295088,-2.032963533856673
570,stable,-10.00000000000000,7.152756872237660,-5.093813588478952,2.442031924321782,-2.030583800560635
571,stable,-10.00000000000000,7.702344326931780,-5.117284156469395,2.548479206227057,-2.035759671816777
572,stable,-10.00000000000000,5.793046657578088,-6.236751886870479,2.584678711806191,-1.985725383492536
573,stable,-10.00000000000000,6.519952482951339,-6.085054169408977,2.570366151427152,-1.800846795245889
574,stable,-10.00000000000000,6.148778060714903,-4.320838324027136,2.458964143559569,-1.927830720116617
575,stable,-10.00000000000000,5.761097632857854,-4.971844090905506,3.391088375603431,-1.957906451338204
576,stable,-10.00000000000000,5.342434104524727,-3.986282941928948,2.464601271669380,-2.065835582354339
577,stable,-10.00000000000000,7.121078510332154,-6.994851236318937,2.444769440984601,-1.920440425717970
578,stable,-10.00000000000000,8.350126505712979,-4.228107581147924,2.514148404152365,-1.998164159187581
579,stable,-10.00000000000000,6.944015693501569,-5.615043915444403,2.594404804103760,-3.178395746625029
580,stable,-10.00000000000000,6.596785640751477,-4.926291491457960,2.164862980018370,-2.137744812396704
581,stable,-10.00000000000000,6.619585132895736,-6.977251809672453,2.184210718905888,-1.742680588577059
582,stable,-10.00000000000000,6.725278823178087,-5.990401785093127,2.341750885185320,-2.152916564082261
583,stable,-10.00000000000000,5.969713496793702,-5.905818320112303,2.262698314560112,-2.266104083675600
584,stable,-10.00000000000000,6.064301743303076,-4.773292293466511,2.249836083356058,-1.914734530226269
585,stable,-10.00000000000000,7.915484512690455,-5.497138287173584,2.546637157938676,-1.972411588933028
586,stable,-10.00000000000000,5.322627907858987,-4.762148305686424,2.492241561301853,-2.261773506354075
587,stable,-10.00000000000000,5.451974624113063,-4.184950252296403,2.747483017592458,-2.766965344824712
588,stable,-10.00000000000000,6.728505452541867,-5.196833106921986,2.867370972671779,-2.179934437168413
589,stable,-10.00000000000000,5.598482545044135,-4.177868701226544,2.990540071768919,-2.034963399753906
590,stable,-10.00000000000000,5.378482372194412,-5.476912676182110,2.715172192896716,-2.309744775098807
591,stable,-10.00000000000000,6.058624587923987,-3.814509700692724,2.784557855855383,-2.052789787667280
592,stable,-10.00000000000000,5.733123236372194,-4.199070215824122,2.420930325015433,-2.326061142841354
593,stable,-10.00000000000000,7.560550516223884,-4.292132767928706,2.817135927820345,-1.854897287819767
594,stable,-10.00000000000000,5.041856563882902,-5.272713234706316,2.244756876410975,-2.201274725550320
595,stable,-10.00000000000000,5.202234332116859,-5.927171726529195,2.484436064958572,-2.180319904058706
596,stable,-10.00000000000000,5.109592340442759,-4.109261312783929,2.925795933420886,-1.941249560506549
597,stable,-10.00000000000000,7.072657448996324,-5.006119399244199,2.633474294867483,-2.252649914706126
598,stable,-10.00000000000000,5.671145271206115,-5.062575116513472,3.048323123148293,-2.149239848251455
599,stable,-10.00000000000000,7.237504491116852,-4.836612633254845,2.588037993613398,-1.778994173146202
600,stable,-10.00000000000000,5.583591668699228,-4.169673861499177,2.584598033223301,-2.214296730722481
601,stable,-10.00000000000000,6.042267590877600,-4.890995571389794,2.625143627534271,-1.978565159195568
602,stable,-10.00000000000000,6.131120947666204,-4.151016712188721,2.489161230485479,-1.782232525612926
603,stable,-10.00000000000000,6.682242392460466,-4.604385520942742,2.598872152302647,-1.970754952999414
604,stable,-10.00000000000000,6.063718534800500,-4.648558334680274,2.800788660060789,-2.746283558997675
605,stable,-10.00000000000000,6.023569456863697,-5.941122859716415,2.700860638642553,-2.221398328081705
606,stable,-10.00000000000000,5.921353520388948,-5.447015554847894,2.585892521594360,-2.294295381841948
607,stable,-10.00000000000000,7.260831958090421,-5.249129384559637,2.320630615686241,-2.390561256412184
608,stable,-10.00000000000000,6.602083188627148,-4.594017482733761,2.791738785977941,-2.083889311630628
609,stable,-10.00000000000000,5.719500836799853,-4.775894998421791,3.282784618902951,-1.893546736566350
610,stable,-10.00000000000000,6.962996829708572,-3.843485237208370,2.835442871641135,-2.281810924334422
611,stable,-10.00000000000000,5.672340818040539,-4.253294868628473,2.740870735433418,-1.755532921304621
612,stable,-10.00000000000000,6.680824009934440,-6.899585650156951,2.606577996017222,-1.726639558153693
613,stable,-10.00000000000000,6.786265058515710,-5.174076180293923,2.443017858917301,-1.657816470051330
614,stable,-10.00000000000000,6.257035981514491,-4.495494727496407,2.368928667172440,-2.342323495075107
615,stable,-10.00000000000000,5.786921829295807,-5.103749672009144,2.291293390801002,-2.421366868133191
616,stable,-10.00000000000000,6.852421893388964,-4.898288368072826,2.714758901958703,-2.502156060021662
617,stable,-10.00000000000000,5.657420473173261,-4.141989141378872,2.457496853652628,-2.026160320790950
618,stable,-10.00000000000000,6.435441212612204,-5.164378211527946,2.499952332575049,-2.154175548290368
619,stable,-10.00000000000000,7.215648659970611,-6.076601489243330,2.474850424299802,-2.095974253868917
620,stable,-10.00000000000000,5.189513972582859,-4.617456205975031,2.139313967403723,-1.866395368691883
621,stable,-10.00000000000000,5.863682194845751,-5.021306645707227,2.901661026291549,-2.359907379694050
622,stable,-10.00000000000000,7.101782866870053,-7.391179278172785,2.534172586194472,-2.188142896658974
623,stable,-10.00000000000000,5.719888022475061,-6.471114050626056,3.018781112245051,-1.810198515191587
624,stable,-10.00000000000000,5.366277454471856,-4.492433996318141,2.565937960454903,-2.200825274267117
625,stable,-10.00000000000000,8.675224654842168,-5.634149000448815,2.872990602227219,-2.398183756828075
626,stable,-10.00000000000000,5.494657666546118,-4.387337256339379,2.863868446307606,-2.072966838393768
627,stable,-10.00000000000000,7.642358136246912,-5.972587075491901,2.283122559718322,-1.826587651274167
628,stable,-10.00000000000000,6.155000912964169,-4.635974990349496,2.466338606813224,-2.277693311616076
629,stable,-10.00000000000000,5.425208513217513,-5.795084046600095,2.667350220166554,-2.184352212294471
630,stable,-10.00000000000000,5.712313183270453,-4.028431428831027,2.544306645191682,-2.101094583500526
631,stable,-10.00000000000000,6.071857853530673,-7.949855857412331,2.615251731025637,-2.180553764424985
632,stable,-10.00000000000000,7.026479510415811,-5.402480900418595,2.566520530526759,-2.310946709492782
633,stable,-10.00000000000000,6.857047504163347,-5.277875203493750,2.269400806311751,-2.091202649142360
634,stable,-10.00000000000000,7.637762545142323,-5.136678610579111,2.582572519633686,-2.032501915993635
635,stable,-10.00000000000000,5.902668260387145,-4.988708712393418,2.533464046666268,-1.750313599404762
636,stable,-10.00000000000000,5.842761765547039,-5.594257492455654,2.524899185897084,-2.230337425309699
637,stable,-10.00000000000000,5.764375029219082,-5.772656216140604,2.586309775506379,-1.896820376205142
638,stable,-10.00000000000000,5.795745860174065,-5.108794511877932,2.372129130933899,-1.883060653548455
639,stable,-10.00000000000000,6.861916885478422,-5.465209899746696,2.334983704597107,-2.511955420384766
640,stable,-10.00000000000000,5.886292379233055,-4.668474775637151,2.699511043218081,-2.281598377623595
641,stable,-10.00000000000000,6.169367314527335,-5.271305395057425,2.588874977798696,-2.627590257499833
642,stable,-10.00000000000000,5.374674331989809,-4.710681144730188,2.657717978050641,-2.286756997345947
643,stable,-10.00000000000000,6.810351609601639,-8.531602178496541,2.387757892982336,-1.981452596475719
644,stable,-10.00000000000000,5.249885179713601,-4.850145981683454,2.526586727792164,-1.662947605393128
645,stable,-10.00000000000000,4.884116565634031,-4.222554196632700,2.796073764147877,-2.210501357760222
646,stable,-10.00000000000000,6.144061479841184,-4.462663874786813,3.046651202512294,-2.190874448628165
647,stable,-10.00000000000000,5.845002965448657,-4.326643951935694,2.704272095434135,-2.419753833382856
648,stable,-10.00000000000000,8.588532909867354,-5.434152922913199,2.535684998962097,-2.173484626255231
649,stable,-10.00000000000000,5.338718840561341,-6.442390632902971,2.499384523427580,-2.292795855799341
650,stable,-10.00000000000000,5.486771106176093,-5.657390602893429,2.277244600841414,-2.263606101158075
651,stable,-10.00000000000000,6.152679584607540,-5.763516690058168,2.759937781644112,-1.662080448040797
652,stable,-10.00000000000000,6.146117458702065,-4.698685251409188,2.469851807778468,-1.951257767424977
653,stable,-10.00000000000000,6.925955533690285,-5.063220069248928,2.531764721908985,-2.491755576589640
654,stable,-10.00000000000000,5.500882371212356,-4.686552695493447,3.125007491762517,-1.789562927580846
655,stable,-10.00000000000000,5.992976789639215,-3.992338328025653,2.671200289827539,-2.228539282434213
656,stable,-10.00000000000000,6.020820969421038,-7.009638763149269,2.595126601081574,-2.155441893119132
657,stable,-10.00000000000000,5.667197058588499,-6.409548983443528,2.938559440983227,-2.163899220133317
658,stable,-10.00000000000000,5.253073020649026,-5.241757812051219,2.627358476600421,-1.909058704652125
659,stable,-10.00000000000000,5.058939566202753,-6.348615025286563,2.623715372770675,-2.316200723507791
660,stable,-10.00000000000000,5.963841610355303,-6.253895189263858,2.406117245118367,-2.018824156431947
661,stable,-10.00000000000000,5.674943377925956,-6.246023176223389,3.170644514095329,-1.583303377548873
662,stable,-10.00000000000000,6.174311880720779,-5.566794668848161,2.459568857964769,-1.775061204039957
663,stable,-10.00000000000000,6.237994687282480,-4.564927724713925,2.200418655565954,-2.430441534314014
664,stable,-10.00000000000000,5.817411487354548,-4.054668996331884,2.465017985348823,-1.852945722508593
665,stable,-10.00000000000000,5.475933876878116,-4.063207178645825,2.510370336362030,-1.831561941762629
666,stable,-10.00000000000000,6.015544642184977,-4.962697926326655,2.516072084312327,-2.312355536718314
667,stable,-10.00000000000000,5.157964691585221,-4.020367989518491,2.463437437269022,-2.043562466875301
668,stable,-10.00000000000000,5.425393425117363,-5.905898032156983,2.439998966365238,-1.681853547983337
669,stable,-10.00000000000000,5.756279488297878,-4.455745627928991,2.499234649920254,-1.982830105273024
670,stable,-10.00000000000000,6.476851480780169,-5.191187203512527,2.381559505360201,-2.097174990223721
671,stable,-10.00000000000000,5.594382411567494,-4.837875735713169,2.476398981725652,-2.200644161261152
672,stable,-10.00000000000000,5.305230863974430,-4.853878229376278,2.430291960065006,-2.529251705243951
673,stable,-10.00000000000000,9.088525680217572,-4.293373549589887,2.421054331649430,-1.807255031526438
674,stable,-10.00000000000000,5.575290224485798,-5.219126988900825,2.366098682119627,-1.906028767287353
675,stable,-10.00000000000000,6.666142861358821,-4.580923630375764,2.806637583911652,-2.209484041319229
676,stable,-10.00000000000000,4.822060468672589,-4.243689178430941,2.474180615623482,-1.847300814755727
677,stable,-10.00000000000000,5.731117291492410,-5.502063522872049,2.358552462006628,-1.992900826851837
678,stable,-10.00000000000000,5.739605700429820,-4.557399856712436,2.717279001284624,-2.228978177856334
679,stable,-10.00000000000000,6.005690391742974,-4.805662630213192,2.601171296919347,-1.932231127197156
680,stable,-10.00000000000000,5.395138721047260,-4.893469703965820,2.938083450031627,-1.939327096872148
681,stable,-10.00000000000000,7.027004358125851,-5.776119250396732,2.650508935512335,-1.806588537452626
682,stable,-10.00000000000000,6.126263123209355,-6.602488654898480,2.694206297179335,-2.103936054280894
683,stable,-10.00000000000000,6.368879380286671,-5.613201797415968,2.386754182765799,-1.958154596504755
684,stable,-10.00000000000000,7.719121662725229,-4.985466769430786,3.042417956283316,-2.035362433744012
685,stable,-10.00000000000000,5.959443843283225,-5.051771351252683,2.601720833627041,-2.168065459583886
686,stable,-10.00000000000000,5.817635009763762,-4.601494118891424,2.249106921488419,-1.865923297766130
687,stable,-10.00000000000000,6.856839646206936,-4.955816774643608,2.659415120142512,-2.268191194438259
688,stable,-10.00000000000000,7.429463741878862,-4.486371851293370,3.147810572409071,-2.444006423029350
689,stable,-10.00000000000000,5.820004075649194,-4.879226652468788,2.844198649589089,-2.510743822524091
690,stable,-10.00000000000000,5.567206262669060,-5.413980601309959,2.693029449728783,-1.810980353329796
691,stable,-10.00000000000000,6.250061466584157,-4.827373695996357,2.698028330225497,-2.077796436176868
692,stable,-10.00000000000000,5.802732860021933,-4.933251109090634,2.772268899730989,-1.780752784921788
693,stable,-10.00000000000000,5.014276361413067,-5.818225036724471,2.785261706478195,-2.128067380283028
694,stable,-10.00000000000000,5.571548123763932,-4.230630777247825,2.731737511889150,-1.996920996927656
695,stable,-10.00000000000000,5.504290400393074,-4.317067319803755,2.413475416135043,-2.033130249415990
696,stable,-10.00000000000000,5.881401658407412,-5.637195759452879,2.613502116670134,-2.283666724904833
697,stable,-10.00000000000000,5.130753926474426,-5.270068965299288,2.585455215594266,-1.648817581401090
698,stable,-10.00000000000000,5.961942755093332,-4.659991185413674,2.371843468647967,-1.855210322770290
699,stable,-10.00000000000000,4.935080864081101,-3.938544388001901,2.377341010142118,-1.866563582538220
700,stable,-10.00000000000000,5.041632443288108,-4.523489363000408,3.004449330042917,-2.317305477539776
701,stable,-10.00000000000000,7.990989670302952,-6.142534950748086,2.153482570713095,-2.118357138533611
702,stable,-10.00000000000000,6.048913457780145,-4.790481604031811,2.560650771469227,-2.053654263436329
703,stable,-10.00000000000000,6.183903297314828,-5.273532011255156,2.835045448242454,-2.615266769367736
704,stable,-10.00000000000000,5.431343038594378,-4.679696798884834,2.519319674524013,-1.800972332304809
705,stable,-10.00000000000000,5.105519300675951,-6.394876224425389,2.707104136439739,-2.270004233301734
706,stable,-10.00000000000000,5.066673642722890,-5.020229615234712,2.848779133026255,-2.113971580482030
707,stable,-10.00000000000000,5.524443476228043,-4.424903692732187,2.633676913741510,-1.963796545809601
708,stable,-10.00000000000000,5.824455277353991,-6.138545707450248,2.322039924023557,-2.560075286368374
709,stable,-10.00000000000000,5.168217385464231,-6.480118273699190,2.173473056958755,-1.793824697248056
710,stable,-10.00000000000000,5.926269901799969,-4.134406110439159,2.921462801750749,-2.491469610249624
711,stable,-10.00000000000000,5.268642745031684,-5.785747401387198,2.916746994422283,-2.044068917864934
712,stable,-10.00000000000000,7.949195655761287,-4.489785935991677,2.749897819972830,-1.979476739565143
713,stable,-10.00000000000000,6.111796857585432,-6.191823743283749,2.821747621530449,-2.088899041627883
714,stable,-10.00000000000000,5.719807661698724,-5.006304750335403,2.574845257848210,-2.078820151276886
715,stable,-10.00000000000000,7.146672499249689,-4.326562052243389,2.576583884801948,-1.872104664224025
716,stable,-10.00000000000000,6.178120851865970,-5.336774770774355,2.476200122851878,-1.970253324645455
717,stable,-10.00000000000000,6.085097201110329,-4.375097190073575,2.164432647294461,-1.907631628913805
718,stable,-10.00000000000000,6.341154266789090,-3.652182049234398,2.949712203175295,-2.116696450568270
719,stable,-10.00000000000000,5.239726840642106,-3.773875372040493,2.708786669541951,-1.980266535974806
720,stable,-10.00000000000000,6.812875903538952,-5.098610144807026,2.572278063671547,-2.301773097053228
721,stable,-10.00000000000000,8.147858005948365,-6.446095749168308,2.780474736879114,-1.945464888645802
722,stable,-10.00000000000000,6.106569844909245,-4.959582584371674,2.778007420420181,-2.275992786617280
723,stable,-10.00000000000000,6.032860404375242,-4.581922900542850,2.514819709474978,-1.841398441931233
724,stable,-10.00000000000000,4.886947285558563,-4.806603733188240,2.301593409696579,-1.898664069012739
725,stable,-10.00000000000000,5.205789965759323,-5.525034199759830,2.675787169719115,-2.068683483172208
726,stable,-10.00000000000000,6.070628960529575,-4.613788653186930,2.682729770342121,-2.000172350984940
727,stable,-10.00000000000000,6.452244141008123,-3.625748369027860,2.608716048507631,-2.134788448922336
728,stable,-10.00000000000000,7.574047186033567,-3.833250221920025,2.667315471655456,-2.078412135946564
729,stable,-10.00000000000000,5.204319757252961,-5.607031656363688,2.545249563423567,-2.044328338801279
730,stable,-10.00000000000000,5.435001082427334,-4.297230420750566,2.370960804575589,-2.419600079228985
731,stable,-10.00000000000000,6.326016242295736,-4.485267158284842,2.642923484396306,-1.869229812233243
732,stable,-10.00000000000000,5.479362537589623,-6.496572484582430,2.858427078608656,-1.941423632044462
733,stable,-10.00000000000000,6.217498951358721,-5.523775157227647,2.568313302783281,-2.090872279339237
734,stable,-10.00000000000000,7.078174406524340,-4.578599082742585,2.773550972415251,-2.326521834011146
735,stable,-10.00000000000000,5.944768565590493,-5.157540377957048,2.431036051988485,-2.131611733806494
736,stable,-10.00000000000000,5.750342384097166,-5.314324084756663,2.250396247876097,-1.737133605096460
737,stable,-10.00000000000000,5.872025490949454,-4.490769326454028,2.613406977214254,-3.095090038084891
738,stable,-10.00000000000000,5.091085137799382,-4.551592248433735,2.527684762579156,-2.350795525730064
739,stable,-10.00000000000000,6.284461527066014,-6.468258486514969,2.547334835515358,-1.795954086148413
740,stable,-10.00000000000000,7.006249090030906,-5.525637967715738,2.953904911948484,-2.112562895024894
741,stable,-10.00000000000000,6.103855309906066,-5.158168629459396,2.850437444867566,-2.746463163814042
742,stable,-10.00000000000000,9.960561715386575,-5.029886691540014,2.450530747737503,-2.602339119301178
743,stable,-10.00000000000000,6.780238855339121,-4.842146767077793,2.473267816407315,-1.694296788802376
744,stable,-10.00000000000000,5.276879082521191,-4.969372540246695,2.596516304918623,-2.339118968644470
745,stable,-10.00000000000000,5.743718540164991,-4.713961455563549,2.209201977777411,-2.048477850148629
746,stable,-10.00000000000000,6.034274758523679,-6.116913943289546,2.475957307498902,-1.891495890711667
747,stable,-10.00000000000000,5.565532486507436,-4.717297459210386,2.587574354409298,-2.273735503171338
748,stable,-10.00000000000000,5.652265435579466,-5.143011908505287,2.518088364391588,-2.206776940438431
749,stable,-10.00000000000000,6.407709802209865,-5.496544049819931,2.445567978895269,-1.708790501637850
750,stable,-10.00000000000000,6.672371898079291,-4.483178746777412,2.604338993514830,-1.693747198733035
751,stable,-10.00000000000000,8.648402782855555,-5.962228609248996,2.295845822838601,-2.401063998317113
752,stable,-10.00000000000000,5.121783021459123,-3.927315894005005,2.344515956006944,-2.527884003124200
753,stable,-10.00000000000000,6.698280461831018,-5.601490895962343,2.642058147044736,-2.230191524300608
754,stable,-10.00000000000000,5.247023808995436,-5.699654957628809,2.503046567086130,-2.019074744348472
755,stable,-10.00000000000000,5.398905717147500,-4.268665393348783,2.880015245915274,-1.714836287985236
756,stable,-10.00000000000000,5.872422273620032,-4.547779725224245,2.622304410586366,-1.956709415710066
757,stable,-10.00000000000000,8.671072980650933,-5.522294614987914,2.358791438251501,-1.765105627560843
758,stable,-10.00000000000000,5.982800363795832,-4.995624224538915,2.964619927690364,-1.609107844509708
759,stable,-10.00000000000000,6.135302964714356,-4.635799872179632,2.312712151600863,-2.010376636288129
760,stable,-10.00000000000000,5.647463983274065,-6.489854549494339,2.964808633512803,-1.772838184362627
761,stable,-10.00000000000000,6.599898564541945,-6.185164761729538,2.299752052640542,-1.960967250248359
762,stable,-10.00000000000000,5.729645575396717,-4.996575344586745,2.621149727550801,-2.043672084233549
763,stable,-10.00000000000000,5.995690022158669,-5.213279593648622,2.362688932858873,-1.833354055357631
764,stable,-10.00000000000000,5.844637201895239,-4.793230977709754,2.807158553536283,-2.209420740560745
765,stable,-10.00000000000000,9.668662585958373,-4.606400294222112,2.585305792359577,-2.543017113770475
766,stable,-10.00000000000000,6.013841020117979,-6.487790657789446,2.801018054684391,-1.889600853358388
767,stable,-10.00000000000000,5.686670621100347,-4.675861552018432,2.423467601969605,-2.631551146536367
768,stable,-10.00000000000000,6.158581529365620,-4.717419293061539,2.653973899483390,-1.860066638073476
769,stable,-10.00000000000000,5.937490303796949,-5.278797804523492,2.143129854201106,-2.180410858360119
770,stable,-10.00000000000000,5.861224969092291,-4.800738811958581,2.863821642647963,-2.266964217698842
771,stable,-10.00000000000000,5.616621819275679,-4.554199027945288,2.725092172611767,-2.074610997493437
772,stable,-10.00000000000000,5.756880545639433,-4.905772986683587,3.047465838317294,-2.249446557427291
773,stable,-10.00000000000000,6.003017327864654,-4.577747631687089,2.505706589397050,-1.957645884351223
774,stable,-10.00000000000000,6.939366339356638,-4.175503260885307,2.595933055388741,-2.386421333416365
775,stable,-10.00000000000000,5.487407787724806,-6.424464997195173,2.354761340597179,-2.111424430142506
776,stable,-10.00000000000000,6.759860754187685,-5.222697500721551,2.317754056093690,-2.133076481113676
777,stable,-10.00000000000000,7.417995409574360,-5.866523417120334,2.909350268266280,-2.131280915666139
778,stable,-10.00000000000000,4.983151113869098,-4.075282816920662,2.574193540282067,-2.177735798526555
779,stable,-10.00000000000000,5.780963719422289,-4.912725488444266,3.143225681094918,-1.898377943827654
780,stable,-10.00000000000000,5.869187220348977,-4.454742124798940,2.605254372814670,-2.064023186008853
781,stable,-10.00000000000000,8.192311426042579,-4.958885665546404,2.466497572997469,-1.642829897915362
782,stable,-10.00000000000000,6.294167332933284,-4.662762052517792,2.475488192605553,-2.021220285620075
783,stable,-10.00000000000000,7.880520765203983,-4.901552127150353,2.616120971390046,-2.086600952592562
784,stable,-10.00000000000000,5.980298649345059,-4.296422718180111,2.444663156566094,-1.732297235052101
785,stable,-10.00000000000000,5.206756446190411,-5.890235096536344,2.528083210389013,-2.176041373313637
786,stable,-10.00000000000000,6.842504267697223,-5.229972851928324,2.700149344564124,-2.622615929372841
787,stable,-10.00000000000000,7.034443400683813,-6.992718961904757,2.356106729290332,-2.108131957298610
788,stable,-10.00000000000000,7.798952658835333,-5.598899860575330,2.701103703635454,-2.353194150768104
789,stable,-10.00000000000000,6.422979721006413,-4.405140700630000,2.375848623836646,-1.922331195353763
790,stable,-10.00000000000000,5.841755279805511,-4.862283722563006,2.507099023488990,-2.001430630567484
791,stable,-10.00000000000000,6.778376835900417,-4.685619450763625,2.500945200959904,-1.704845989894238
792,stable,-10.00000000000000,5.161707311111968,-5.133544746815460,2.687393758213148,-2.409204742463771
793,stable,-10.00000000000000,5.914814205956645,-5.647241090133321,2.891655644802086,-1.813765871265787
794,stable,-10.00000000000000,4.680454346664192,-6.565913309255848,2.786063074474441,-2.634656613925472
795,stable,-10.00000000000000,5.358772150881123,-5.160575943300501,2.725842680425558,-2.221426920623344
796,stable,-10.00000000000000,6.781144094828051,-4.984156947459269,2.794494737068817,-2.202793661330361
797,stable,-10.00000000000000,7.262148662906839,-3.879431026714883,2.690684398738085,-2.081190048513236
798,stable,-10.00000000000000,6.709533858927898,-5.933269754517823,2.394324420281919,-2.017512717167847
799,stable,-10.00000000000000,5.069519046046480,-3.915534591425967,2.489281622363706,-1.963533472800918
800,stable,-10.00000000000000,5.873470170074143,-5.030958339497374,2.381763923112885,-2.010688182926970
801,stable,-10.00000000000000,4.953450457840518,-4.015769717334479,2.534291635825866,-2.136157240020111
802,stable,-10.00000000000000,5.294997326451266,-4.163200887735002,2.515324547843193,-2.178615636410541
803,stable,-10.00000000000000,5.867556230921764,-5.808856783900410,2.835467788099777,-2.039077417401131
804,stable,-10.00000000000000,6.053268440300599,-4.431269672917551,2.346876775749479,-1.961987896647770
805,stable,-10.00000000000000,6.552046535245609,-5.757633537745278,2.776656601650757,-1.668509304781765
806,stable,-10.00000000000000,4.724207933293656,-4.826545816496946,2.444210504516377,-2.202166696311906
807,stable,-10.00000000000000,5.590250429871958,-6.756860699228127,2.550956361483259,-1.925540247772005
808,stable,-10.00000000000000,5.425031269085594,-4.203294685226865,2.234019086376065,-1.871954412017658
809,stable,-10.00000000000000,6.568068009568378,-7.279737459961325,2.546803809411358,-1.873008025955642
810,stable,-10.00000000000000,5.205596705231073,-4.140242835332174,3.426862008403987,-2.008991400121886
811,stable,-10.00000000000000,5.180862502067839,-4.291134175946354,2.397420306340791,-1.982677926600445
812,stable,-10.00000000000000,7.103499215678312,-8.178371635178337,3.004452222608961,-1.852841417981836
813,stable,-10.00000000000000,6.355570984509541,-4.952492660653661,2.134706727714729,-2.485725136386463
814,stable,-10.00000000000000,5.095712766444194,-4.193190228299500,2.728155321907252,-2.638007032219321
815,stable,-10.00000000000000,5.387408372647769,-5.392017497149936,2.575155897415243,-1.916768289695028
816,stable,-10.00000000000000,5.664577916279086,-5.713469744136091,2.755186262904317,-1.946084745926782
817,stable,-10.00000000000000,6.112345465924591,-5.101287817255070,2.369232275996183,-2.186458988624508
818,stable,-10.00000000000000,6.037598966489895,-5.120647726696916,3.278644158272073,-2.290976511430927
819,stable,-10.00000000000000,5.863067389233038,-7.210251462995075,2.622932212427258,-2.141760771104600
820,stable,-10.00000000000000,5.676051013520919,-3.891859893774381,2.640918654527923,-1.892180097042001
821,stable,-10.00000000000000,5.405541170814104,-4.825726009716163,2.402004194533220,-2.486002130550332
822,stable,-10.00000000000000,8.297837512924161,-5.896622819913318,2.666192370248609,-2.134499364721705
823,stable,-10.00000000000000,5.061901809323899,-5.276349692052463,2.832065497421354,-1.913069911475759
824,stable,-10.00000000000000,6.622816535644233,-5.133787419457803,2.626416091370629,-2.425036402477417
825,stable,-10.00000000000000,5.084206491163059,-4.994971547024761,2.980244059901452,-2.128864289610647
826,stable,-10.00000000000000,5.453657583871973,-4.143194216656411,2.896422083198559,-1.722681672283215
827,stable,-10.00000000000000,5.843594880047021,-6.002781788702123,2.827129856275860,-2.292092520030565
828,stable,-10.00000000000000,6.680126028935774,-4.572245670249686,2.657477015092809,-2.002169762447011
829,stable,-10.00000000000000,7.308877871502773,-5.305040064733475,2.513679865107406,-1.859409199416405
830,stable,-10.00000000000000,7.248825071961619,-6.130796563676995,2.615652287611738,-1.622666628270849
831,stable,-10.00000000000000,7.308353480999358,-5.400762275065063,2.569071496429387,-2.242857902267133
832,stable,-10.00000000000000,7.745970395189943,-5.831245040084468,2.617238878374337,-1.952368098718580
833,stable,-10.00000000000000,5.549939599615755,-4.275880132299790,2.412638487410732,-1.712501617665112
834,stable,-10.00000000000000,5.926586008237791,-5.398580593238876,2.454963676085754,-1.650569691024430
835,stable,-10.00000000000000,6.090071313694352,-3.930695007111353,2.993270805687644,-2.144214208412450
836,stable,-10.00000000000000,4.958210302895168,-4.784604630771355,2.570075822208310,-1.982424204397830
837,stable,-10.00000000000000,5.213953194906935,-4.721739038466694,2.724321466419497,-2.891909372498048
838,stable,-10.00000000000000,8.057107996894047,-3.941556100209709,3.124043088479084,-2.045703392534051
839,stable,-10.00000000000000,6.155894245952368,-4.882034181136987,2.578924437009846,-2.120466573747763
840,stable,-10.00000000000000,9.102261409279890,-4.511953451670706,2.292793437496584,-2.396702130499762
841,stable,-10.00000000000000,6.574924278340404,-5.506554110179422,2.550118846324040,-2.349602383270394
842,stable,-10.00000000000000,6.096913971297909,-5.396467020094860,2.848565042882910,-2.202914931869600
843,stable,-10.00000000000000,5.791296259787487,-5.612058409897145,2.996644297294552,-2.294789398365538
844,stable,-10.00000000000000,5.784237305968418,-4.612489212973742,2.517914987598488,-2.549421356641687
845,stable,-10.00000000000000,6.164440883731004,-4.221336795875686,2.833359672236838,-1.930240160319954
846,stable,-10.00000000000000,8.844008636428043,-7.046316642721649,2.596565108629875,-2.756530642742291
847,stable,-10.00000000000000,6.213052222621627,-4.610098521108739,2.643593536486151,-2.243052243153215
848,stable,-10.00000000000000,6.476775800343603,-4.923178881406784,2.888251048170787,-2.025587804797397
849,stable,-10.00000000000000,7.367499210289679,-4.683500158360403,2.589111167486408,-1.986511221912224
850,stable,-10.00000000000000,5.442996094163391,-5.095688393572345,2.500141599313793,-2.002524448311306
851,stable,-10.00000000000000,5.261820571293356,-4.948999056854518,2.380917586415308,-2.572612976757227
852,stable,-10.00000000000000,6.522820042155217,-4.988610045693349,2.626931720937137,-2.057179395676940
853,stable,-10.00000000000000,5.428547691990389,-5.854276786092669,2.464151237800252,-2.402595505802310
854,stable,-10.00000000000000,7.863976559263392,-4.895304811609094,2.684886059636483,-2.142735022978741
855,stable,-10.00000000000000,6.749850556530873,-4.924295953154797,2.696364864896168,-2.082911010642420
856,stable,-10.00000000000000,5.417300331340812,-4.621368691994576,2.287859686213778,-1.785420360974967
857,stable,-10.00000000000000,7.403327412961517,-4.664878178795334,2.724524845049018,-2.348310240260616
858,stable,-10.00000000000000,7.934523841657210,-4.704053049325012,2.706280388621963,-1.877017683116719
859,stable,-10.00000000000000,4.860869063694508,-7.667392294591991,2.788273333884717,-2.137520829128334
860,stable,-10.00000000000000,5.976039544577361,-5.837635039701127,2.671685333014466,-1.910754373609961
861,stable,-10.00000000000000,5.832461976286140,-4.735942550196341,2.377427357598208,-1.876758712925948
862,stable,-10.00000000000000,6.718631201889366,-4.751031418170896,2.843418643844416,-2.655946323677199
863,stable,-10.00000000000000,5.739901714317966,-4.910766962180787,3.005344633440473,-2.613482076616492
864,stable,-10.00000000000000,5.915999145122441,-6.821019162918674,2.335546720278217,-2.145445700487471
865,stable,-10.00000000000000,6.560589988133870,-4.515742109120765,2.591870502263191,-2.103897310968023
866,stable,-10.00000000000000,7.412957437074510,-4.422503591995337,2.867880460544256,-2.002869862553780
867,stable,-10.00000000000000,6.303070460329764,-4.811508578859502,2.699077609993765,-2.058667134726420
868,stable,-10.00000000000000,6.082764238031814,-5.177241898607463,2.613371542123787,-1.848688882892020
869,stable,-10.00000000000000,6.309664017462637,-5.431251389032695,2.839569474337623,-1.825026676859125
870,stable,-10.00000000000000,5.256013194775733,-5.983702509678551,2.749660270259483,-2.090997340337708
871,stable,-10.00000000000000,6.841924166306853,-4.934279321081704,2.460931754932972,-2.008155360992532
872,stable,-10.00000000000000,5.504303026245907,-4.453564340670709,2.309166997787543,-2.015601575840265
873,stable,-10.00000000000000,6.164013722271193,-4.082505644022604,2.399647441212437,-1.768971150202560
874,stable,-10.00000000000000,7.134153309394605,-5.044203819794348,2.536572422013705,-2.672241354594007
875,stable,-10.00000000000000,6.351089265008341,-7.022641365067102,2.390952407487021,-2.066596715263586
876,stable,-10.00000000000000,5.645481237872445,-4.922522358901915,2.762048297619913,-1.861060273775365
877,stable,-10.00000000000000,6.103190702269785,-4.120444297936046,2.545098318769305,-2.270064131065737
878,stable,-10.00000000000000,5.374508731620153,-4.701981884165434,2.530932937566831,-2.142861457541585
879,stable,-10.00000000000000,6.088561752505484,-4.536544627400872,2.786278509025578,-1.917534613108728
880,stable,-10.00000000000000,6.074325387453428,-4.865828079986386,2.609909559294465,-1.772353809326887
881,stable,-10.00000000000000,5.905087326798821,-4.585635399235343,2.205156019839706,-2.134177252242807
882,stable,-10.00000000000000,7.454998698172858,-6.400416117219720,2.690309803714626,-2.317636609426700
883,stable,-10.00000000000000,7.537901891395450,-5.415474554145476,2.640655316152333,-1.827160465792986
884,stable,-10.00000000000000,5.614579561224673,-4.336728143913206,2.662257542193402,-1.841237196742441
885,stable,-10.00000000000000,7.237661097111413,-4.845386110129766,2.456008519686293,-1.889687176262669
886,stable,-10.00000000000000,5.939781685956405,-6.231581106752856,2.365427904893295,-2.079108501609880
887,stable,-10.00000000000000,7.938952717930079,-7.450453757192008,2.784450150284101,-1.961888838530285
888,stable,-10.00000000000000,5.112270785117289,-4.784363344311714,2.638445665827021,-2.359150142350700
889,stable,-10.00000000000000,5.809257586370222,-5.672920998404152,2.687849846441168,-2.007059789408231
890,stable,-10.00000000000000,5.202377880865242,-4.053170544197201,2.284357992021114,-1.846352468121040
891,stable,-10.00000000000000,6.147525727603352,-4.453073776501697,2.885197782044997,-2.057862336456310
892,stable,-10.00000000000000,5.482293503815981,-5.479661647725152,2.758057062141233,-2.324713870242704
893,stable,-10.00000000000000,5.455358118982986,-5.522513472416904,2.239874953054823,-1.783537687209900
894,stable,-10.00000000000000,5.063437802935368,-4.660944081624621,2.480617928449647,-2.208758737717289
895,stable,-10.00000000000000,5.262015580150546,-4.828101657170919,2.661869706877042,-1.784710169889877
896,stable,-10.00000000000000,6.332600336638279,-5.296453448303510,2.717068541125627,-2.169778962685086
897,stable,-10.00000000000000,5.990401501154338,-5.611308325518621,2.631546940014232,-1.945104361264384
898,stable,-10.00000000000000,5.035521358266124,-5.271192519110627,2.935697729821186,-2.018807168336934
899,stable,-10.00000000000000,5.791752963326871,-4.757992978731636,2.448021866061026,-2.022712890277035
900,stable,-10.00000000000000,5.490882093727123,-4.959248288738308,2.707795208261814,-1.797587205466698
901,stable,-10.00000000000000,5.380023412042647,-5.129365347442217,2.686128501671192,-2.138141045797965
902,stable,-10.00000000000000,7.799888376612216,-4.916950142709538,2.549726604273019,-2.319858214352280
903,stable,-10.00000000000000,6.139263095567003,-8.535576237278292,2.573739894098253,-1.860519677109551
904,stable,-10.00000000000000,5.624304394965293,-5.486758260289207,2.255976522836136,-2.026446867399500
905,stable,-10.00000000000000,6.536664131330326,-5.318897581666533,2.788082767519882,-2.289400075271260
906,stable,-10.00000000000000,7.931932666338980,-4.703255347765662,2.590677704458358,-2.046835650704452
907,stable,-10.00000000000000,5.035170020986698,-5.770182817010209,2.745540337520652,-2.088429388510121
908,stable,-10.00000000000000,6.273653347045183,-5.150359897495946,2.547242408079910,-2.311681512845098
909,stable,-10.00000000000000,5.876314453220402,-5.092349184997147,2.650514808919979,-1.851071153971134
910,stable,-10.00000000000000,6.185385948032490,-5.968703152379021,2.741153349968954,-1.765420632524183
911,stable,-10.00000000000000,7.576337701058947,-4.574404111917829,2.907717519607104,-2.467274987138808
912,stable,-10.00000000000000,5.915483083226718,-4.687598983029602,2.702506106346846,-1.735248074968695
913,stable,-10.00000000000000,5.264397863131308,-4.842521697857592,3.173203057216597,-2.109262575162575
914,stable,-10.00000000000000,5.516237990275840,-4.960158676520223,2.656560208517476,-2.769131816836307
915,stable,-10.00000000000000,5.588258695865079,-8.983788595098304,2.559796079061925,-2.533933279191842
916,stable,-10.00000000000000,5.098490018332086,-4.164292454544920,2.379417698350153,-1.997264012883534
917,stable,-10.00000000000000,6.712477798369946,-5.321505339394207,2.814963229257046,-1.688371593998454
918,stable,-10.00000000000000,5.097557355300523,-4.167955074619385,2.784282633961993,-2.571068365730753
919,stable,-10.00000000000000,6.158825424383394,-4.692509156651795,2.537537095675361,-2.052526257371937
920,stable,-10.00000000000000,6.471989132463932,-5.996934224618599,2.336304111435311,-2.017636560078245
921,stable,-10.00000000000000,6.362386034801602,-5.357777159864781,3.050453760566597,-2.397899914401933
922,stable,-10.00000000000000,5.208564149797894,-4.723675635439577,3.312827691348502,-2.187156653293641
923,stable,-10.00000000000000,8.839902490028180,-4.598421101213717,2.867651222259155,-2.382880021847086
924,stable,-10.00000000000000,5.342179599152587,-5.319770436821273,3.057934267824749,-1.871441396069713
925,stable,-10.00000000000000,5.266016260120523,-4.479443355347030,2.590164789697155,-2.022142011439428
926,stable,-10.00000000000000,5.307717410716577,-5.458070094624418,2.648906944901682,-2.107182778477181
927,stable,-10.00000000000000,5.494010659863079,-5.055267469753744,2.283470608083007,-2.051114065456204
928,stable,-10.00000000000000,6.419189875450684,-4.539385515847243,2.883218689086789,-1.849345102542429
929,stable,-10.00000000000000,7.742737115680939,-5.485813373292331,2.618692298703536,-1.888788407723041
930,stable,-10.00000000000000,5.953598285559565,-4.338027416716560,2.383828254358377,-2.103724327709642
931,stable,-10.00000000000000,5.720575166546041,-4.182302067201817,2.818215706400224,-1.823672592036019
932,stable,-10.00000000000000,6.990221208856383,-6.569196271302644,2.490851772212409,-2.356144106950524
933,stable,-10.00000000000000,6.297164400399197,-3.476190731555107,2.695392734683992,-2.766772618910181
934,stable,-10.00000000000000,5.290903223169153,-5.594027037950582,2.748500890709693,-2.436882343517937
935,stable,-10.00000000000000,6.274766724221990,-4.817145805660402,2.368217685521813,-2.149091244078591
936,stable,-10.00000000000000,5.651353969064075,-4.579830130947812,3.087730782979634,-2.507842312741559
937,stable,-10.00000000000000,7.758901610075554,-6.056830162211554,2.542878939842922,-2.009016369105666
938,stable,-10.00000000000000,5.040456095768604,-4.364423942824942,2.500594294941038,-1.998123105513514
939,stable,-10.00000000000000,6.137607839849807,-5.932902630855097,3.185451404662672,-2.229779017012333
940,stable,-10.00000000000000,5.668284834209771,-5.083269355571247,2.392995190108195,-2.159347186970990
941,stable,-10.00000000000000,6.814621168596204,-6.416744581292733,2.408652938582236,-2.124383301052148
942,stable,-10.00000000000000,5.849879647172202,-5.131805873010308,2.769125229679048,-1.785792129907350
943,stable,-10.00000000000000,6.297698799600767,-5.212361154844984,2.618623027985450,-1.760813894390594
944,stable,-10.00000000000000,6.461823278223164,-4.885211993096163,2.616192994231824,-1.633744236110942
945,stable,-10.00000000000000,5.200979086919688,-3.847467425584910,2.626023180608172,-2.198302318574861
946,stable,-10.00000000000000,7.834565914708946,-6.544675653600279,2.740466518676840,-1.793688393227058
947,stable,-10.00000000000000,4.850656187270943,-4.303057019365951,2.576467469460113,-1.922417138805031
948,stable,-10.00000000000000,6.783339692628942,-6.477079213073011,2.718985254708969,-1.818883813619323
949,stable,-10.00000000000000,6.899065929290373,-5.388494706479833,2.784808822127161,-2.234910536964890
950,stable,-10.00000000000000,6.108117863943335,-4.243742587423185,2.747197387361666,-1.722423910105135
951,stable,-10.00000000000000,5.391652479833283,-4.526197722287179,2.812222537118942,-2.120208393782377
952,stable,-10.00000000000000,7.810497142985696,-4.457150022433780,2.432149911712486,-2.012476586940465
953,stable,-10.00000000000000,6.092495245087775,-4.632876673662395,2.595637733931653,-1.663220986258239
954,stable,-10.00000000000000,4.752163385666790,-6.401554955868050,2.745175186835695,-2.379854210070334
955,stable,-10.00000000000000,4.945901920444157,-4.565465673804283,2.530814095109235,-2.408901397720911
956,stable,-10.00000000000000,5.158906067023054,-3.944352938844531,2.343381882816175,-1.939590037247399
957,stable,-10.00000000000000,6.511042695521610,-4.549513301244588,2.425942300562383,-1.977259340528690
958,stable,-10.00000000000000,7.496079140757502,-5.977478465269087,2.561075072560925,-2.447256423882209
959,stable,-10.00000000000000,5.389376533828909,-4.672872848219413,2.573706611728994,-2.354090339562390
960,stable,-10.00000000000000,6.403569875401445,-4.793975131819025,2.405687255901285,-2.486653544612636
961,stable,-10.00000000000000,5.130186051974306,-4.871705986908637,3.267950749490410,-2.050849710154580
962,stable,-10.00000000000000,6.285394827486016,-4.269222994182201,2.426807303432724,-2.127204038901255
963,stable,-10.00000000000000,5.713007947575534,-5.639605626696721,2.503971885749706,-1.652974505588645
964,stable,-10.00000000000000,6.578507443962735,-5.804999271349516,2.639142581727356,-1.871257205944858
965,stable,-10.00000000000000,5.744237021070148,-6.308915308200085,2.368773346359376,-1.741797768394463
966,stable,-10.00000000000000,6.873445420176722,-4.501833082176745,2.550621814763872,-2.965299456482171
967,stable,-10.00000000000000,7.762440339982277,-4.795814983779564,2.452612508321181,-2.661715689057019
968,stable,-10.00000000000000,6.191873595031211,-4.631251469480048,2.307145479600877,-2.219796834106091
969,stable,-10.00000000000000,5.781340182176791,-6.159621596743818,2.580229226965457,-1.689612177375238
970,stable,-10.00000000000000,5.686744645005092,-5.006058161146939,2.829739284090465,-1.667656382836867
971,stable,-10.00000000000000,5.034118555362511,-3.774173435202101,2.302266053324274,-2.075809346104506
972,stable,-10.00000000000000,5.083475835679565,-4.417957427212968,2.788686865671480,-1.924682919576298
973,stable,-10.00000000000000,7.090777670600801,-5.290985688363435,2.440595377314821,-1.627227749793747
974,stable,-10.00000000000000,5.247405044610787,-4.293471083290569,2.724506552927778,-1.868557076813886
975,stable,-10.00000000000000,6.038573583413381,-3.778538158010633,2.432311917888001,-1.675045305449657
976,stable,-10.00000000000000,6.164043088298058,-4.627009904936131,2.541883984396918,-1.883799051807728
977,stable,-10.00000000000000,5.360193190252176,-5.365984933072468,2.362411979382159,-2.169198505042004
978,stable,-10.00000000000000,4.847305239200068,-3.803528098622337,2.387581060334924,-1.830024913768284
979,stable,-10.00000000000000,5.527069669784396,-3.916597902363719,2.371218366313769,-2.349617519939784
980,stable,-10.00000000000000,5.067175909585785,-4.759805556968786,2.779402661457425,-1.646206175588304
981,stable,-10.00000000000000,5.671436503704172,-4.883355571771972,2.932663876519655,-2.174238040228374
982,stable,-10.00000000000000,5.391086275594716,-4.999412290402688,2.579146159356242,-1.984482317755464
983,stable,-10.00000000000000,5.489294394363242,-5.023690858914051,2.684441371930006,-2.551608344598208
984,stable,-10.00000000000000,6.330186478793621,-4.829971016442869,2.659494221559726,-2.370775612653233
985,stable,-10.00000000000000,5.886923543584999,-5.285853694076650,2.706454647501232,-2.230002214957494
986,stable,-10.00000000000000,5.365518592232547,-5.267886946079670,2.490668281709077,-1.826012632576749
987,stable,-10.00000000000000,5.811271123820916,-5.026988005090971,2.380722550891733,-1.991123180370778
988,stable,-10.00000000000000,5.801425436089630,-4.427357704596943,2.236263279948616,-1.989549050733331
989,stable,-10.00000000000000,5.965625104989158,-4.922341219396912,3.084806182043394,-2.194561487762257
990,stable,-10.00000000000000,7.767728651990183,-4.947016313293716,2.500756705354434,-2.292672191804741
991,stable,-10.00000000000000,5.893643593743036,-4.533117016428150,2.929805444044177,-1.981350636662683
992,stable,-10.00000000000000,5.227111689200683,-6.762008625519229,3.210562931722961,-1.909398946329020
993,stable,-10.00000000000000,5.225084049394354,-5.956396200708696,2.639814177911830,-1.546131664777931
994,stable,-10.00000000000000,5.711157001773245,-4.710293953874498,3.466487855694140,-2.435122523980681
995,stable,-10.00000000000000,6.041789441544097,-4.331104859476909,2.294218223647476,-1.733921610066318
996,stable,-10.00000000000000,6.393832939967979,-5.816169873462059,2.634551307599395,-2.175268919920200
997,stable,-10.00000000000000,6.542417287419084,-5.520061074144905,2.629475866677240,-1.850402075433522
998,stable,-10.00000000000000,5.134113322126723,-6.532308414403815,2.432840285138809,-1.640514602819167
999,stable,-10.00000000000000,7.258130159520078,-4.424907696622540,2.735756753070746,-2.479147604375612
1000,stable,-10.00000000000000,5.402451103029307,-4.693367566884262,2.748129845203948,-2.126248518121429
