id,Layer,node_count,HR_total,EPR_total,WR_total,UR_total
0,1,784,.000000000000000,.000000000000000,-14.47156876827925,14.47156876827925
0,2,128,-28.94313753655812,57.88627507311623,-34.73260636168766,5.789468825129545
0,3,128,-40.52207518681677,81.04415037363354,-68.73216832776791,28.21009314095111
0,4,10,-96.94226146871900,193.8845229374380,-48.47113073435950,-48.47113073435950
1,1,784,.000000000000000,.000000000000000,-31.62257469156250,31.62257469156250
1,2,128,-63.24514938312465,126.4902987662493,-39.09720593567263,-24.14794344745198
1,3,128,-14.94926248822027,29.89852497644053,-7.886968012816342,-7.062294475403917
1,4,10,-.8246735374124099,1.649347074824820,-.4123367687062058,-.4123367687062041
2,1,784,.000000000000000,.000000000000000,-31.47979537551798,31.47979537551798
2,2,128,-62.95959075103558,125.9191815020712,-39.07979084343351,-23.87979990760207
2,3,128,-15.19999093583104,30.39998187166209,-8.055414182723334,-7.144576753107702
2,4,10,-.9108374296156249,1.821674859231250,-.4554187148078125,-.4554187148078123
3,1,784,.000000000000000,.000000000000000,-31.31778718709587,31.31778718709587
3,2,128,-62.63557437419141,125.2711487483828,-39.13906502431554,-23.49650934987588
3,3,128,-15.64255567443929,31.28511134887859,-8.312277843804237,-7.330277830635048
3,4,10,-.9820000131692016,1.964000026338403,-.4910000065846009,-.4910000065846007
4,1,784,.000000000000000,.000000000000000,-31.56488315933262,31.56488315933262
4,2,128,-63.12976631866488,126.2595326373298,-39.13798526126680,-23.99178105739808
4,3,128,-15.14620420386835,30.29240840773670,-7.934788290161632,-7.211415913706719
4,4,10,-.7233723764549049,1.446744752909810,-.3616861882274537,-.3616861882274514
5,1,784,.000000000000000,.000000000000000,-31.58025811468108,31.58025811468108
5,2,128,-63.16051622936190,126.3210324587238,-39.12720521164298,-24.03331101771893
5,3,128,-15.09389419392370,30.18778838784739,-7.972109756697031,-7.121784437226661
5,4,10,-.8503253194703644,1.700650638940729,-.4251626597351822,-.4251626597351821
6,1,784,.000000000000000,.000000000000000,-31.36943296946326,31.36943296946326
6,2,128,-62.73886593892617,125.4777318778523,-39.16451690844950,-23.57434903047664
6,3,128,-15.59016787797247,31.18033575594493,-8.242512100435398,-7.347655777537068
6,4,10,-.8948563228983312,1.789712645796662,-.4474281614491653,-.4474281614491660
7,1,784,.000000000000000,.000000000000000,-31.44770019114710,31.44770019114710
7,2,128,-62.89540038229389,125.7908007645878,-39.16213738611978,-23.73326299617410
7,3,128,-15.42887438994530,30.85774877989061,-8.140667667152076,-7.288206722793236
7,4,10,-.8524609443588343,1.704921888717669,-.4262304721794164,-.4262304721794181
8,1,784,.000000000000000,.000000000000000,-31.48797806696442,31.48797806696442
8,2,128,-62.97595613392854,125.9519122678571,-39.14395343704176,-23.83200269688679
8,3,128,-15.31195074015459,30.62390148030918,-8.086916855433046,-7.225033884721539
8,4,10,-.8618829707114943,1.723765941422989,-.4309414853557470,-.4309414853557474
9,1,784,.000000000000000,.000000000000000,-31.57788677916723,31.57788677916723
9,2,128,-63.15577355833415,126.3115471166683,-38.99214841402046,-24.16362514431367
9,3,128,-14.82852326970640,29.65704653941279,-7.911931282539603,-6.916591987166790
9,4,10,-.9953392953728137,1.990678590745627,-.4976696476864066,-.4976696476864071
10,1,784,.000000000000000,.000000000000000,-31.50257946894385,31.50257946894385
10,2,128,-63.00515893788731,126.0103178757746,-39.19833009305935,-23.80682884482799
10,3,128,-15.39150124823099,30.78300249646199,-8.073295347386132,-7.318205900844860
10,4,10,-.7550894465412692,1.510178893082538,-.3775447232706347,-.3775447232706346
11,1,784,.000000000000000,.000000000000000,-31.36892688632759,31.36892688632759
11,2,128,-62.73785377265470,125.4757075453094,-39.19779481476343,-23.54005895789125
11,3,128,-15.65773585687179,31.31547171374358,-8.256565410462086,-7.401170446409718
11,4,10,-.8553949640523696,1.710789928104739,-.4276974820261846,-.4276974820261848
12,1,784,.000000000000000,.000000000000000,-31.36780737956951,31.36780737956951
12,2,128,-62.73561475913862,125.4712295182772,-39.15125217826595,-23.58436258087270
12,3,128,-15.56688959739292,31.13377919478583,-8.239011719267058,-7.327877878125863
12,4,10,-.9111338411412020,1.822267682282404,-.4555669205706004,-.4555669205706016
13,1,784,.000000000000000,.000000000000000,-31.47362028802828,31.47362028802828
13,2,128,-62.94724057605620,125.8944811521124,-39.09117252646003,-23.85606804959616
13,3,128,-15.23510447686351,30.47020895372702,-8.098768716662414,-7.136335760201088
13,4,10,-.9624329564613361,1.924865912922672,-.4812164782306682,-.4812164782306682
14,1,784,.000000000000000,.000000000000000,-31.56709140766216,31.56709140766216
14,2,128,-63.13418281532394,126.2683656306479,-39.14493950667821,-23.98924330864574
14,3,128,-15.15569619803212,30.31139239606424,-7.987285565625631,-7.168410632406482
14,4,10,-.8188749332191562,1.637749866438312,-.4094374666095770,-.4094374666095792
15,1,784,.000000000000000,.000000000000000,-31.26041586038926,31.26041586038926
15,2,128,-62.52083172077814,125.0416634415563,-39.26249684157384,-23.25833487920429
15,3,128,-16.00416196236921,32.00832392473842,-8.404400641330625,-7.599761321038585
15,4,10,-.8046393202920459,1.609278640584092,-.4023196601460228,-.4023196601460232
16,1,784,.000000000000000,.000000000000000,-31.46261094651768,31.46261094651768
16,2,128,-62.92522189303502,125.8504437860700,-39.19411176146277,-23.73111013157227
16,3,128,-15.46300162989013,30.92600325978026,-8.124385059300375,-7.338616570589759
16,4,10,-.7857684887106063,1.571536977421213,-.3928842443553044,-.3928842443553019
17,1,784,.000000000000000,.000000000000000,-31.15809710690783,31.15809710690783
17,2,128,-62.31619421381536,124.6323884276307,-39.06425098832311,-23.25194322549224
17,3,128,-15.81230776283052,31.62461552566104,-8.514847601773987,-7.297460161056534
17,4,10,-1.217387440717468,2.434774881434936,-.6086937203587341,-.6086937203587337
18,1,784,.000000000000000,.000000000000000,-31.34984638410493,31.34984638410493
18,2,128,-62.69969276820947,125.3993855364189,-39.11147924923940,-23.58821351897006
18,3,128,-15.52326573026899,31.04653146053797,-8.246970249032096,-7.276295481236894
18,4,10,-.9706747677952169,1.941349535590434,-.4853373838976086,-.4853373838976083
19,1,784,.000000000000000,.000000000000000,-31.35739459222494,31.35739459222494
19,2,128,-62.71478918444958,125.4295783688992,-39.19682083360045,-23.51796835084913
19,3,128,-15.67885248275093,31.35770496550185,-8.250103599980431,-7.428748882770489
19,4,10,-.8213547172099401,1.642709434419880,-.4106773586049698,-.4106773586049703
20,1,784,.000000000000000,.000000000000000,-31.36647919035718,31.36647919035718
20,2,128,-62.73295838071394,125.4659167614279,-39.03660869048701,-23.69634969022696
20,3,128,-15.34025900025967,30.68051800051935,-8.216396099035114,-7.123862901224554
20,4,10,-1.092533197810567,2.185066395621134,-.5462665989052828,-.5462665989052840
21,1,784,.000000000000000,.000000000000000,-31.12326086360625,31.12326086360625
21,2,128,-62.24652172721213,124.4930434544243,-39.23248965993096,-23.01403206728116
21,3,128,-16.21845759264944,32.43691518529889,-8.583184890685560,-7.635272701963874
21,4,10,-.9479121887216926,1.895824377443385,-.4739560943608477,-.4739560943608450
22,1,784,.000000000000000,.000000000000000,-31.56203027066978,31.56203027066978
22,2,128,-63.12406054133918,126.2481210826784,-39.07004093741300,-24.05401960392620
22,3,128,-15.01602133348641,30.03204266697282,-7.941384029128423,-7.074637304357993
22,4,10,-.8667467247704337,1.733493449540867,-.4333733623852160,-.4333733623852177
23,1,784,.000000000000000,.000000000000000,-31.24807223687182,31.24807223687182
23,2,128,-62.49614447374326,124.9922889474865,-39.20311236127650,-23.29303211246673
23,3,128,-15.91008024880938,31.82016049761876,-8.418311495207309,-7.491768753602075
23,4,10,-.9265427416052344,1.853085483210469,-.4632713708026168,-.4632713708026178
24,1,784,.000000000000000,.000000000000000,-31.22139980659233,31.22139980659233
24,2,128,-62.44279961318426,124.8855992263685,-39.15667044437174,-23.28612916881251
24,3,128,-15.87054127555887,31.74108255111773,-8.440238393993507,-7.430302881565360
24,4,10,-1.009935512428160,2.019871024856321,-.5049677562140797,-.5049677562140807
25,1,784,.000000000000000,.000000000000000,-31.42503549211274,31.42503549211274
25,2,128,-62.85007098422512,125.7001419684502,-39.17375934659704,-23.67631163762803
25,3,128,-15.49744770896865,30.99489541793730,-8.154320031275669,-7.343127677692986
25,4,10,-.8111923535826702,1.622384707165340,-.4055961767913343,-.4055961767913357
26,1,784,.000000000000000,.000000000000000,-31.28720676264648,31.28720676264648
26,2,128,-62.57441352529263,125.1488270505853,-38.87240787729959,-23.70200564799302
26,3,128,-15.17040222930622,30.34080445861244,-8.279362941744369,-6.891039287561844
26,4,10,-1.388323654182515,2.776647308365030,-.6941618270912560,-.6941618270912587
27,1,784,.000000000000000,.000000000000000,-31.28612796609560,31.28612796609560
27,2,128,-62.57225593219090,125.1445118643818,-39.21828932524066,-23.35396660695027
27,3,128,-15.86432271829003,31.72864543658006,-8.379971792945843,-7.484350925344177
27,4,10,-.8956208676016683,1.791241735203337,-.4478104338008352,-.4478104338008331
28,1,784,.000000000000000,.000000000000000,-31.53054099526956,31.53054099526956
28,2,128,-63.06108199053880,126.1221639810776,-39.07876940130100,-23.98231258923778
28,3,128,-15.09645681206286,30.19291362412572,-8.011041533555206,-7.085415278507659
28,4,10,-.9256262550475443,1.851252510095089,-.4628131275237720,-.4628131275237723
29,1,784,.000000000000000,.000000000000000,-31.62015978877828,31.62015978877828
29,2,128,-63.24031957755620,126.4806391551124,-38.89961129584724,-24.34070828170899
29,3,128,-14.55890301413789,29.11780602827578,-7.838878523397955,-6.720024490739941
29,4,10,-1.118854032658012,2.237708065316025,-.5594270163290067,-.5594270163290057
30,1,784,.000000000000000,.000000000000000,-31.52623615625475,31.52623615625475
30,2,128,-63.05247231250913,126.1049446250183,-39.15232473889485,-23.90014757361431
30,3,128,-15.25217716528016,30.50435433056031,-8.026445038484095,-7.225732126796067
30,4,10,-.8007129116880448,1.601425823376090,-.4003564558440213,-.4003564558440236
31,1,784,.000000000000000,.000000000000000,-31.29165789550855,31.29165789550855
31,2,128,-62.58331579101677,125.1666315820335,-39.13373388121814,-23.44958190979862
31,3,128,-15.68415197141918,31.36830394283836,-8.317481407733998,-7.366670563685199
31,4,10,-.9508108440488103,1.901621688097621,-.4754054220244043,-.4754054220244058
32,1,784,.000000000000000,.000000000000000,-31.43805522399598,31.43805522399598
32,2,128,-62.87611044799152,125.7522208959830,-39.13002762406902,-23.74608282392254
32,3,128,-15.38394480014611,30.76788960029221,-8.113831706295125,-7.270113093850982
32,4,10,-.8437186124441475,1.687437224888295,-.4218593062220729,-.4218593062220746
33,1,784,.000000000000000,.000000000000000,-31.40403874219806,31.40403874219806
33,2,128,-62.80807748439580,125.6161549687916,-39.01560410423451,-23.79247338016130
33,3,128,-15.22313072407283,30.44626144814566,-8.153867151846763,-7.069263572226065
33,4,10,-1.084603579620698,2.169207159241396,-.5423017898103494,-.5423017898103485
34,1,784,.000000000000000,.000000000000000,-31.55287899375161,31.55287899375161
34,2,128,-63.10575798750290,126.2115159750058,-39.11518096875466,-23.99057701874821
34,3,128,-15.12460395000605,30.24920790001211,-7.978111316939176,-7.146492633066869
34,4,10,-.8316186838722835,1.663237367744567,-.4158093419361410,-.4158093419361426
35,1,784,.000000000000000,.000000000000000,-31.57438485839942,31.57438485839942
35,2,128,-63.14876971679846,126.2975394335969,-38.97298534990350,-24.17578436689494
35,3,128,-14.79720098300819,29.59440196601638,-7.902774377978265,-6.894426605029928
35,4,10,-1.008347772948319,2.016695545896637,-.5041738864741588,-.5041738864741599
36,1,784,.000000000000000,.000000000000000,-31.60308683561049,31.60308683561049
36,2,128,-63.20617367122059,126.4123473424412,-39.05816491958685,-24.14800875163375
36,3,128,-14.91015616795270,29.82031233590539,-7.907058412152084,-7.003097755800614
36,4,10,-.9039606563514724,1.807921312702945,-.4519803281757367,-.4519803281757356
37,1,784,.000000000000000,.000000000000000,-31.44820702519953,31.44820702519953
37,2,128,-62.89641405039871,125.7928281007974,-39.02029236724542,-23.87612168315329
37,3,128,-15.14417068409174,30.28834136818348,-8.108606337342589,-7.035564346749144
37,4,10,-1.073041990593444,2.146083981186887,-.5365209952967210,-.5365209952967226
38,1,784,.000000000000000,.000000000000000,-31.49172216590351,31.49172216590351
38,2,128,-62.98344433180663,125.9668886636133,-39.13398785628722,-23.84945647551938
38,3,128,-15.28453138076745,30.56906276153491,-8.078415102942751,-7.206116277824700
38,4,10,-.8722988251180567,1.744597650236113,-.4361494125590290,-.4361494125590277
39,1,784,.000000000000000,.000000000000000,-30.93614025617764,30.93614025617764
39,2,128,-61.87228051235488,123.7445610247098,-39.29724519441236,-22.57503531794252
39,3,128,-16.72220987646948,33.44441975293896,-8.828523660333444,-7.893686216136035
39,4,10,-.9348374441974077,1.869674888394815,-.4674187220987034,-.4674187220987042
40,1,784,.000000000000000,.000000000000000,-31.47143396773363,31.47143396773363
40,2,128,-62.94286793546691,125.8857358709338,-39.06044103703038,-23.88242689843650
40,3,128,-15.17801413859350,30.35602827718700,-8.096735986691126,-7.081278151902371
40,4,10,-1.015457834788740,2.030915669577481,-.5077289173943703,-.5077289173943701
41,1,784,.000000000000000,.000000000000000,-31.40093099617388,31.40093099617388
41,2,128,-62.80186199234738,125.6037239846948,-39.07251847623451,-23.72934351611287
41,3,128,-15.34317496012123,30.68634992024246,-8.166122764651659,-7.177052195469579
41,4,10,-.9890705691820845,1.978141138364169,-.4945352845910432,-.4945352845910412
42,1,784,.000000000000000,.000000000000000,-31.45450555616321,31.45450555616321
42,2,128,-62.90901111232609,125.8180222246522,-39.17655810640197,-23.73245300592411
42,3,128,-15.44410510047750,30.88821020095500,-8.119555621127041,-7.324549479350449
42,4,10,-.7950061417766003,1.590012283553201,-.3975030708883003,-.3975030708883001
43,1,784,.000000000000000,.000000000000000,-31.51208048034680,31.51208048034680
43,2,128,-63.02416096069324,126.0483219213865,-38.91408808418533,-24.11007287650792
43,3,128,-14.80401520767702,29.60803041535404,-7.983639571036555,-6.820375636640466
43,4,10,-1.163263934396093,2.326527868792185,-.5816319671980470,-.5816319671980460
44,1,784,.000000000000000,.000000000000000,-31.53359211419316,31.53359211419316
44,2,128,-63.06718422838581,126.1343684567716,-39.06016178769103,-24.00702244069479
44,3,128,-15.05313934699589,30.10627869399179,-7.999931139543307,-7.053208207452584
44,4,10,-.9467229320907231,1.893445864181446,-.4733614660453613,-.4733614660453618
45,1,784,.000000000000000,.000000000000000,-31.49275627319647,31.49275627319647
45,2,128,-62.98551254639258,125.9710250927852,-39.20885906731212,-23.77665347908047
45,3,128,-15.43220558823129,30.86441117646258,-8.101568029881532,-7.330637558349761
45,4,10,-.7709304715317862,1.541860943063572,-.3854652357658930,-.3854652357658931
46,1,784,.000000000000000,.000000000000000,-31.44954413315275,31.44954413315275
46,2,128,-62.89908826630509,125.7981765326102,-39.16274508943746,-23.73634317686761
46,3,128,-15.42640191256950,30.85280382513900,-8.134916670484865,-7.291485242084636
46,4,10,-.8434314284002230,1.686862856800446,-.4217157142001117,-.4217157142001112
47,1,784,.000000000000000,.000000000000000,-31.47540519283830,31.47540519283830
47,2,128,-62.95081038567618,125.9016207713524,-39.01067695891490,-23.94013342676129
47,3,128,-15.07054353215320,30.14108706430639,-8.054767046981363,-7.015776485171827
47,4,10,-1.038990561809526,2.077981123619051,-.5194952809047636,-.5194952809047620
48,1,784,.000000000000000,.000000000000000,-31.05227167174933,31.05227167174933
48,2,128,-62.10454334349835,124.2090866869967,-39.31211311596155,-22.79243022753680
48,3,128,-16.51968288842437,33.03936577684873,-8.710719283780398,-7.808963604643965
48,4,10,-.9017556791364273,1.803511358272855,-.4508778395682137,-.4508778395682135
49,1,784,.000000000000000,.000000000000000,-31.37945794770688,31.37945794770688
49,2,128,-62.75891589541337,125.5178317908267,-39.04038309812969,-23.71853279728370
49,3,128,-15.32185030084561,30.64370060169122,-8.188769448777098,-7.133080852068518
49,4,10,-1.055688596708589,2.111377193417178,-.5278442983542945,-.5278442983542946
50,1,784,.000000000000000,.000000000000000,-31.52784660390869,31.52784660390869
50,2,128,-63.05569320781706,126.1113864156341,-39.17260426333612,-23.88308894448097
50,3,128,-15.28951531885478,30.57903063770956,-8.048436726756302,-7.241078592098481
50,4,10,-.8073581346578224,1.614716269315645,-.4036790673289115,-.4036790673289110
51,1,784,.000000000000000,.000000000000000,-31.68143469920153,31.68143469920153
51,2,128,-63.36286939840287,126.7257387968057,-39.04842186861433,-24.31444752978854
51,3,128,-14.73397433882542,29.46794867765083,-7.797792210484141,-6.936182128341274
51,4,10,-.8616100821428705,1.723220164285741,-.4308050410714350,-.4308050410714356
52,1,784,.000000000000000,.000000000000000,-31.82533029779334,31.82533029779334
52,2,128,-63.65066059558627,127.3013211911725,-38.99929261927792,-24.65136797630838
52,3,128,-14.34792464296915,28.69584928593830,-7.590712366772252,-6.757212276196896
52,4,10,-.8335000905753436,1.667000181150687,-.4167500452876716,-.4167500452876720
53,1,784,.000000000000000,.000000000000000,-31.45239311144429,31.45239311144429
53,2,128,-62.90478622288816,125.8095724457763,-39.06120674004469,-23.84357948284351
53,3,128,-15.21762725720080,30.43525451440160,-8.097327027707253,-7.120300229493545
53,4,10,-.9770267982136949,1.954053596427390,-.4885133991068473,-.4885133991068475
54,1,784,.000000000000000,.000000000000000,-31.33036486820949,31.33036486820949
54,2,128,-62.66072973641861,125.3214594728372,-39.12510695139750,-23.53562278502113
54,3,128,-15.58948416637598,31.17896833275195,-8.228454898046932,-7.361029268329053
54,4,10,-.8674256297178818,1.734851259435764,-.4337128148589400,-.4337128148589418
55,1,784,.000000000000000,.000000000000000,-31.51211749269478,31.51211749269478
55,2,128,-63.02423498538923,126.0484699707785,-39.14454872368722,-23.87968626170204
55,3,128,-15.26486246198481,30.52972492396962,-8.033817479822682,-7.231044982162131
55,4,10,-.8027724976605523,1.605544995321105,-.4013862488302763,-.4013862488302761
56,1,784,.000000000000000,.000000000000000,-31.00161999492157,31.00161999492157
56,2,128,-62.00323998984283,124.0064799796857,-39.06452728972844,-22.93871270011438
56,3,128,-16.12581458961369,32.25162917922738,-8.698168673517481,-7.427645916096198
56,4,10,-1.270522757421285,2.541045514842570,-.6352613787106428,-.6352613787106419
57,1,784,.000000000000000,.000000000000000,-31.62142225892529,31.62142225892529
57,2,128,-63.24284451785023,126.4856890357005,-39.04596477095225,-24.19687974689802
57,3,128,-14.84908502405382,29.69817004810765,-7.868181306979656,-6.980903717074169
57,4,10,-.8872775899054900,1.774555179810980,-.4436387949527456,-.4436387949527443
58,1,784,.000000000000000,.000000000000000,-31.23546816770190,31.23546816770190
58,2,128,-62.47093633540344,124.9418726708069,-39.15248815497782,-23.31844818042561
58,3,128,-15.83403997455189,31.66807994910378,-8.435119447699568,-7.398920526852317
58,4,10,-1.036198920847257,2.072397841694514,-.5180994604236291,-.5180994604236280
59,1,784,.000000000000000,.000000000000000,-31.27176607629786,31.27176607629786
59,2,128,-62.54353215259533,125.0870643051907,-39.18060083667811,-23.36293131591725
59,3,128,-15.81766952076046,31.63533904152093,-8.389174661055840,-7.428494859704619
59,4,10,-.9606798013512151,1.921359602702430,-.4803399006756073,-.4803399006756079
60,1,784,.000000000000000,.000000000000000,-31.21877547159479,31.21877547159479
60,2,128,-62.43755094318934,124.8751018863787,-39.27831809254036,-23.15923285064900
60,3,128,-16.11908524189098,32.23817048378196,-8.497392390035273,-7.621692851855705
60,4,10,-.8756995381795818,1.751399076359164,-.4378497690897903,-.4378497690897916
61,1,784,.000000000000000,.000000000000000,-30.91804024205627,30.91804024205627
61,2,128,-61.83608048411210,123.6721609682242,-39.33654682175270,-22.49953366235943
61,3,128,-16.83701315939287,33.67402631878574,-8.867759759159593,-7.969253400233277
61,4,10,-.8985063589263110,1.797012717852622,-.4492531794631555,-.4492531794631556
62,1,784,.000000000000000,.000000000000000,-31.33358115309138,31.33358115309138
62,2,128,-62.66716230618236,125.3343246123647,-39.04635366765136,-23.62080863853100
62,3,128,-15.42554502911995,30.85109005823990,-8.254872720835650,-7.170672308284310
62,4,10,-1.084200412551339,2.168400825102679,-.5421002062756705,-.5421002062756690
63,1,784,.000000000000000,.000000000000000,-31.46146446048926,31.46146446048926
63,2,128,-62.92292892097818,125.8458578419564,-39.18195125002670,-23.74097767095148
63,3,128,-15.44097357907486,30.88194715814972,-8.121721888809409,-7.319251690265450
63,4,10,-.8024701985439698,1.604940397087940,-.4012350992719848,-.4012350992719851
64,1,784,.000000000000000,.000000000000000,-31.55802047540745,31.55802047540745
64,2,128,-63.11604095081448,126.2320819016290,-39.14121355096648,-23.97482739984801
64,3,128,-15.16638615111808,30.33277230223617,-7.965809210413188,-7.200576940704897
64,4,10,-.7652322697082867,1.530464539416573,-.3826161348541437,-.3826161348541431
65,1,784,.000000000000000,.000000000000000,-31.64142390187468,31.64142390187468
65,2,128,-63.28284780374904,126.5656956074981,-38.98528978985644,-24.29755801389259
65,3,128,-14.68773177596348,29.37546355192697,-7.849649879560672,-6.838081896402811
65,4,10,-1.011567983157868,2.023135966315737,-.5057839915789343,-.5057839915789343
66,1,784,.000000000000000,.000000000000000,-31.36447126364262,31.36447126364262
66,2,128,-62.72894252728484,125.4578850545697,-39.09492900845191,-23.63401351883297
66,3,128,-15.46091548961855,30.92183097923710,-8.232693902099596,-7.228221587518957
66,4,10,-1.004472314580630,2.008944629161260,-.5022361572903156,-.5022361572903147
67,1,784,.000000000000000,.000000000000000,-31.17992359551581,31.17992359551581
67,2,128,-62.35984719103127,124.7196943820625,-39.01209170979050,-23.34775548124080
67,3,128,-15.66433622854934,31.32867245709868,-8.453513146843285,-7.210823081706054
67,4,10,-1.242690065137243,2.485380130274486,-.6213450325686189,-.6213450325686238
68,1,784,.000000000000000,.000000000000000,-31.69307813598846,31.69307813598846
68,2,128,-63.38615627197657,126.7723125439531,-39.08507851996839,-24.30107775200815
68,3,128,-14.78400076795987,29.56800153591974,-7.815819442071634,-6.968181325888231
68,4,10,-.8476381161834070,1.695276232366814,-.4238190580917036,-.4238190580917032
69,1,784,.000000000000000,.000000000000000,-31.79102311011111,31.79102311011111
69,2,128,-63.58204622022186,127.1640924404437,-38.98163850815163,-24.60040771207023
69,3,128,-14.38123079608100,28.76246159216200,-7.635481367448967,-6.745749428632043
69,4,10,-.8897319388169181,1.779463877633836,-.4448659694084597,-.4448659694084585
70,1,784,.000000000000000,.000000000000000,-31.51726277284141,31.51726277284141
70,2,128,-63.03452554568256,126.0690510913651,-38.82900043716482,-24.20552510851770
70,3,128,-14.62347532864677,29.24695065729354,-7.954580408161656,-6.668894920485111
70,4,10,-1.285685487676552,2.571370975353103,-.6428427438382750,-.6428427438382764
71,1,784,.000000000000000,.000000000000000,-31.49973997694282,31.49973997694282
71,2,128,-62.99947995388526,125.9989599077705,-38.98938475766096,-24.01009519622432
71,3,128,-14.97928956143628,29.95857912287255,-8.022315378092211,-6.956974183344070
71,4,10,-1.065341194748152,2.130682389496303,-.5326705973740747,-.5326705973740770
72,1,784,.000000000000000,.000000000000000,-31.06928432385132,31.06928432385132
72,2,128,-62.13856864770226,124.2771372954045,-39.18242260975341,-22.95614603794884
72,3,128,-16.22627657180418,32.45255314360836,-8.620776401797368,-7.605500170006812
72,4,10,-1.015276231790534,2.030552463581069,-.5076381158952668,-.5076381158952676
73,1,784,.000000000000000,.000000000000000,-31.39512870841571,31.39512870841571
73,2,128,-62.79025741683110,125.5805148336622,-39.10893922883447,-23.68131818799662
73,3,128,-15.42762104083748,30.85524208167495,-8.171256205155014,-7.256364835682470
73,4,10,-.9148913694725399,1.829782738945080,-.4574456847362693,-.4574456847362705
74,1,784,.000000000000000,.000000000000000,-31.59343496330102,31.59343496330102
74,2,128,-63.18686992660162,126.3737398532032,-39.10961486574018,-24.07725506086145
74,3,128,-15.03235980487836,30.06471960975673,-7.918163158261282,-7.114196646617074
74,4,10,-.8039665116442141,1.607933023288428,-.4019832558221068,-.4019832558221074
75,1,784,.000000000000000,.000000000000000,-31.49408319351982,31.49408319351982
75,2,128,-62.98816638703931,125.9763327740786,-39.20440285837297,-23.78376352866635
75,3,128,-15.42063932970624,30.84127865941248,-8.131848369996288,-7.288790959709956
75,4,10,-.8430574102863397,1.686114820572679,-.4215287051431710,-.4215287051431688
76,1,784,.000000000000000,.000000000000000,-31.14770503769689,31.14770503769689
76,2,128,-62.29541007539337,124.5908201507867,-39.25629497822349,-23.03911509716990
76,3,128,-16.21717988105319,32.43435976210639,-8.553773057024744,-7.663406824028458
76,4,10,-.8903662329962796,1.780732465992559,-.4451831164981402,-.4451831164981394
77,1,784,.000000000000000,.000000000000000,-31.14205638939025,31.14205638939025
77,2,128,-62.28411277878016,124.5682255575603,-39.25211353977446,-23.03199923900566
77,3,128,-16.22011430076842,32.44022860153684,-8.571343905530302,-7.648770395238123
77,4,10,-.9225735102921711,1.845147020584342,-.4612867551460855,-.4612867551460856
78,1,784,.000000000000000,.000000000000000,-31.74099637697338,31.74099637697338
78,2,128,-63.48199275394636,126.9639855078927,-39.02189997110106,-24.46009278284532
78,3,128,-14.56180718825539,29.12361437651079,-7.692408747546395,-6.869398440709004
78,4,10,-.8230103068374079,1.646020613674816,-.4115051534187034,-.4115051534187046
79,1,784,.000000000000000,.000000000000000,-31.27458507603949,31.27458507603949
79,2,128,-62.54917015207857,125.0983403041571,-39.22856626226603,-23.32060388981252
79,3,128,-15.90796237245313,31.81592474490627,-8.345109865104481,-7.562852507348655
79,4,10,-.7822573577558223,1.564514715511645,-.3911286788779111,-.3911286788779111
80,1,784,.000000000000000,.000000000000000,-31.67957639537480,31.67957639537480
80,2,128,-63.35915279074927,126.7183055814985,-39.11225321093814,-24.24689957981112
80,3,128,-14.86535363112667,29.73070726225334,-7.798955158121749,-7.066398473004915
80,4,10,-.7325566851168414,1.465113370233683,-.3662783425584205,-.3662783425584208
81,1,784,.000000000000000,.000000000000000,-31.40674492829551,31.40674492829551
81,2,128,-62.81348985659066,125.6269797131813,-39.17390456472406,-23.63958529186661
81,3,128,-15.53431927285710,31.06863854571420,-8.182928841201740,-7.351390431655367
81,4,10,-.8315384095463814,1.663076819092763,-.4157692047731903,-.4157692047731909
82,1,784,.000000000000000,.000000000000000,-31.47463129651114,31.47463129651114
82,2,128,-62.94926259302198,125.8985251860440,-38.99994225198200,-23.94932034103992
82,3,128,-15.05062191094172,30.10124382188344,-8.083593017738256,-6.967028893203468
82,4,10,-1.116564124534785,2.233128249069571,-.5582820622673929,-.5582820622673927
83,1,784,.000000000000000,.000000000000000,-31.44294493466560,31.44294493466560
83,2,128,-62.88588986933085,125.7717797386617,-39.06151950300309,-23.82437036632778
83,3,128,-15.23714913667491,30.47429827334982,-8.118558232756921,-7.118590903917981
83,4,10,-.9999673288389566,1.999934657677913,-.4999836644194781,-.4999836644194787
84,1,784,.000000000000000,.000000000000000,-31.69463171018697,31.69463171018697
84,2,128,-63.38926342037362,126.7785268407472,-39.04835728317084,-24.34090613720279
84,3,128,-14.70745114596767,29.41490229193533,-7.791586600936392,-6.915864545031285
84,4,10,-.8757220559051101,1.751444111810220,-.4378610279525550,-.4378610279525550
85,1,784,.000000000000000,.000000000000000,-31.38489572919604,31.38489572919604
85,2,128,-62.76979145839164,125.5395829167833,-39.02998457606205,-23.73980688232958
85,3,128,-15.29017769373212,30.58035538746423,-8.190430885604224,-7.099746808127890
85,4,10,-1.090684077476345,2.181368154952689,-.5453420387381719,-.5453420387381727
86,1,784,.000000000000000,.000000000000000,-31.43585806516982,31.43585806516982
86,2,128,-62.87171613033929,125.7434322606786,-39.17068425853650,-23.70103187180279
86,3,128,-15.46965238673335,30.93930477346670,-8.187268055978523,-7.282384330754830
86,4,10,-.9048837252236821,1.809767450447364,-.4524418626118418,-.4524418626118403
87,1,784,.000000000000000,.000000000000000,-31.49452919551402,31.49452919551402
87,2,128,-62.98905839102760,125.9781167820552,-39.11824305193009,-23.87081533909752
87,3,128,-15.24742771283218,30.49485542566437,-8.063285060078321,-7.184142652753869
87,4,10,-.8791424073244412,1.758284814648882,-.4395712036622199,-.4395712036622211
88,1,784,.000000000000000,.000000000000000,-31.57505220266493,31.57505220266493
88,2,128,-63.15010440532952,126.3002088106590,-39.13343303054292,-24.01667137478656
88,3,128,-15.11676165575598,30.23352331151195,-7.967613936365532,-7.149147719390444
88,4,10,-.8184662169750800,1.636932433950160,-.4092331084875405,-.4092331084875396
89,1,784,.000000000000000,.000000000000000,-31.47622219133610,31.47622219133610
89,2,128,-62.95244438267195,125.9048887653439,-39.14516011075172,-23.80728427192022
89,3,128,-15.33787583883116,30.67575167766232,-8.110067155665172,-7.227808683165992
89,4,10,-.8822584724991966,1.764516944998393,-.4411292362495987,-.4411292362495978
90,1,784,.000000000000000,.000000000000000,-31.41075780234143,31.41075780234143
90,2,128,-62.82151560468258,125.6430312093652,-39.03451799405563,-23.78699761062694
90,3,128,-15.24752038342832,30.49504076685664,-8.127411267899438,-7.120109115528877
90,4,10,-1.007302152370565,2.014604304741130,-.5036510761852840,-.5036510761852810
91,1,784,.000000000000000,.000000000000000,-31.47507060796130,31.47507060796130
91,2,128,-62.95014121592229,125.9002824318446,-39.13585033498921,-23.81429088093308
91,3,128,-15.32155945405575,30.64311890811151,-8.085792969720805,-7.235766484334953
91,4,10,-.8500264853858394,1.700052970771679,-.4250132426929200,-.4250132426929193
92,1,784,.000000000000000,.000000000000000,-31.43608391744074,31.43608391744074
92,2,128,-62.87216783488110,125.7443356697622,-39.16895522273099,-23.70321261215008
92,3,128,-15.46574261058054,30.93148522116108,-8.156767021548585,-7.308975589031952
92,4,10,-.8477914325166278,1.695582865033256,-.4238957162583148,-.4238957162583131
93,1,784,.000000000000000,.000000000000000,-31.42464834237285,31.42464834237285
93,2,128,-62.84929668474536,125.6985933694907,-39.06097445061238,-23.78832223413300
93,3,128,-15.27265221647899,30.54530443295798,-8.145247392154415,-7.127404824324582
93,4,10,-1.017842567829826,2.035685135659652,-.5089212839149134,-.5089212839149124
94,1,784,.000000000000000,.000000000000000,-31.29954261367796,31.29954261367796
94,2,128,-62.59908522735556,125.1981704547111,-39.24199724061221,-23.35708798674339
94,3,128,-15.88490925386845,31.76981850773689,-8.365292138775159,-7.519617115093300
94,4,10,-.8456750236818696,1.691350047363739,-.4228375118409352,-.4228375118409345
95,1,784,.000000000000000,.000000000000000,-31.27836667457722,31.27836667457722
95,2,128,-62.55673334915402,125.1134666983080,-39.24146385478016,-23.31526949437384
95,3,128,-15.92619436040595,31.85238872081191,-8.362496761351881,-7.563697599054069
95,4,10,-.7987991622977990,1.597598324595598,-.3993995811489000,-.3993995811488991
96,1,784,.000000000000000,.000000000000000,-31.38010141095521,31.38010141095521
96,2,128,-62.76020282191003,125.5204056438201,-39.13460780239541,-23.62559501951465
96,3,128,-15.50901278288037,31.01802556576074,-8.208192806831482,-7.300819976048890
96,4,10,-.9073728307825922,1.814745661565184,-.4536864153912967,-.4536864153912955
97,1,784,.000000000000000,.000000000000000,-31.49454132983108,31.49454132983108
97,2,128,-62.98908265966188,125.9781653193238,-39.07888837060798,-23.91019428905390
97,3,128,-15.16869408155367,30.33738816310733,-8.058230034572533,-7.110464046981139
97,4,10,-.9477659875913852,1.895531975182770,-.4738829937956924,-.4738829937956929
98,1,784,.000000000000000,.000000000000000,-31.48011010997519,31.48011010997519
98,2,128,-62.96022021994996,125.9204404398999,-39.12155437280898,-23.83866584714100
98,3,128,-15.28288852566758,30.56577705133516,-8.075216422524591,-7.207672103142998
98,4,10,-.8675443193815944,1.735088638763189,-.4337721596907983,-.4337721596907960
99,1,784,.000000000000000,.000000000000000,-31.24104425707528,31.24104425707528
99,2,128,-62.48208851415021,124.9641770283004,-39.19213096025556,-23.28995755389467
99,3,128,-15.90217340636052,31.80434681272104,-8.426954536798764,-7.475218869561751
99,4,10,-.9517356672369952,1.903471334473990,-.4758678336184979,-.4758678336184973
100,1,784,.000000000000000,.000000000000000,-31.51547651514395,31.51547651514395
100,2,128,-63.03095303028761,126.0619060605752,-39.13918529724388,-23.89176773304375
100,3,128,-15.24741756419980,30.49483512839960,-8.038886257571107,-7.208531306628695
100,4,10,-.8303549509424201,1.660709901884840,-.4151774754712108,-.4151774754712093
101,1,784,.000000000000000,.000000000000000,-31.51453885563144,31.51453885563144
101,2,128,-63.02907771126261,126.0581554225252,-39.08341669044128,-23.94566102082128
101,3,128,-15.13775566961966,30.27551133923933,-8.024024482670740,-7.113731186948931
101,4,10,-.9102932957218066,1.820586591443613,-.4551466478609029,-.4551466478609038
102,1,784,.000000000000000,.000000000000000,-31.23843981906545,31.23843981906545
102,2,128,-62.47687963813058,124.9537592762612,-39.26680950330390,-23.21007013482669
102,3,128,-16.05673936847680,32.11347873695361,-8.437366228615339,-7.619373139861466
102,4,10,-.8179930887538724,1.635986177507745,-.4089965443769367,-.4089965443769357
103,1,784,.000000000000000,.000000000000000,-31.38901217566972,31.38901217566972
103,2,128,-62.77802435133913,125.5560487026783,-39.14660491618048,-23.63141943515865
103,3,128,-15.51518548102146,31.03037096204292,-8.220769145039332,-7.294416335982116
103,4,10,-.9263528090572247,1.852705618114449,-.4631764045286119,-.4631764045286128
104,1,784,.000000000000000,.000000000000000,-31.55414553482995,31.55414553482995
104,2,128,-63.10829106965951,126.2165821393190,-39.10834602830646,-23.99994504135304
104,3,128,-15.10840098695305,30.21680197390610,-7.985838944464422,-7.122562042488626
104,4,10,-.8632769019757963,1.726553803951593,-.4316384509878977,-.4316384509878985
105,1,784,.000000000000000,.000000000000000,-31.50335528240073,31.50335528240073
105,2,128,-63.00671056480110,126.0134211296022,-39.21226331855457,-23.79444724624652
105,3,128,-15.41781607230763,30.83563214461526,-8.065934575784333,-7.351881496523301
105,4,10,-.7140530792610300,1.428106158522060,-.3570265396305159,-.3570265396305142
106,1,784,.000000000000000,.000000000000000,-31.68324660480084,31.68324660480084
106,2,128,-63.36649320960134,126.7329864192027,-39.03716616336717,-24.32932704623417
106,3,128,-14.70783911713265,29.41567823426530,-7.805354722297034,-6.902484394835617
106,4,10,-.9028703274614095,1.805740654922819,-.4514351637307045,-.4514351637307050
107,1,784,.000000000000000,.000000000000000,-31.19364619710911,31.19364619710911
107,2,128,-62.38729239421781,124.7745847884356,-39.12596552336226,-23.26132687085555
107,3,128,-15.86463865250634,31.72927730501268,-8.464227874189895,-7.400410778316458
107,4,10,-1.063817095873433,2.127634191746867,-.5319085479367170,-.5319085479367164
108,1,784,.000000000000000,.000000000000000,-31.47555152485583,31.47555152485583
108,2,128,-62.95110304971128,125.9022060994226,-39.00404931334781,-23.94705373636349
108,3,128,-15.05699557698398,30.11399115396796,-8.055703404687645,-7.001292172296331
108,4,10,-1.054411232391312,2.108822464782624,-.5272056161956576,-.5272056161956546
109,1,784,.000000000000000,.000000000000000,-31.20309004691386,31.20309004691386
109,2,128,-62.40618009382738,124.8123601876548,-39.07314312877656,-23.33303696505082
109,3,128,-15.74010616372535,31.48021232745070,-8.412388349079945,-7.327717814645404
109,4,10,-1.084670534434538,2.169341068869076,-.5423352672172692,-.5423352672172689
110,1,784,.000000000000000,.000000000000000,-31.48232841985751,31.48232841985751
110,2,128,-62.96465683971464,125.9293136794293,-39.02041752197733,-23.94423931773730
110,3,128,-15.07617820423963,30.15235640847927,-8.043198559230158,-7.032979645009482
110,4,10,-1.010218914220675,2.020437828441350,-.5051094571103373,-.5051094571103376
111,1,784,.000000000000000,.000000000000000,-31.58173821564891,31.58173821564891
111,2,128,-63.16347643129745,126.3269528625949,-38.98093680120758,-24.18253963008989
111,3,128,-14.79839717111733,29.59679434223465,-7.910975854237797,-6.887421316879532
111,4,10,-1.023554537358251,2.047109074716502,-.5117772686791258,-.5117772686791252
112,1,784,.000000000000000,.000000000000000,-31.39862766244038,31.39862766244038
112,2,128,-62.79725532488036,125.5945106497607,-39.24798719138102,-23.54926813349933
112,3,128,-15.69871905788131,31.39743811576261,-8.227832036709023,-7.470887021172281
112,4,10,-.7569450155367443,1.513890031073489,-.3784725077683719,-.3784725077683723
113,1,784,.000000000000000,.000000000000000,-31.35676601903137,31.35676601903137
113,2,128,-62.71353203806238,125.4270640761248,-39.11541889432354,-23.59811314373885
113,3,128,-15.51730575058433,31.03461150116865,-8.238091970360593,-7.279213780223732
113,4,10,-.9588781901368624,1.917756380273725,-.4794390950684310,-.4794390950684314
114,1,784,.000000000000000,.000000000000000,-31.46959800345400,31.46959800345400
114,2,128,-62.93919600690774,125.8783920138155,-39.10612195297693,-23.83307405393082
114,3,128,-15.27304789904572,30.54609579809144,-8.081685431622066,-7.191362467423661
114,4,10,-.8903229641984205,1.780645928396841,-.4451614820992109,-.4451614820992096
115,1,784,.000000000000000,.000000000000000,-31.47152967277620,31.47152967277620
115,2,128,-62.94305934555204,125.8861186911041,-39.11372536504137,-23.82933398051068
115,3,128,-15.28439138453034,30.56878276906068,-8.074301989336721,-7.210089395193625
115,4,10,-.8642125941431041,1.728425188286208,-.4321062970715512,-.4321062970715530
116,1,784,.000000000000000,.000000000000000,-31.46560780608125,31.46560780608125
116,2,128,-62.93121561216215,125.8624312243243,-39.23080625836765,-23.70040935379450
116,3,128,-15.53039690457278,31.06079380914557,-8.133800295386413,-7.396596609186379
116,4,10,-.7372036862000440,1.474407372400088,-.3686018431000236,-.3686018431000202
117,1,784,.000000000000000,.000000000000000,-31.16360517323252,31.16360517323252
117,2,128,-62.32721034646477,124.6544206929295,-38.95394624951280,-23.37326409695194
117,3,128,-15.58068215256052,31.16136430512104,-8.477559138826678,-7.103123013733852
117,4,10,-1.374436125092831,2.748872250185663,-.6872180625464156,-.6872180625464157
118,1,784,.000000000000000,.000000000000000,-31.51569633287799,31.51569633287799
118,2,128,-63.03139266575564,126.0627853315113,-39.11390436028731,-23.91748830546831
118,3,128,-15.19641605481863,30.39283210963726,-8.056507226159942,-7.139908828658685
118,4,10,-.9165983975012706,1.833196795002541,-.4582991987506357,-.4582991987506349
119,1,784,.000000000000000,.000000000000000,-31.50641212857458,31.50641212857458
119,2,128,-63.01282425714882,126.0256485142976,-39.18659788144861,-23.82622637570020
119,3,128,-15.36037150574804,30.72074301149608,-8.069533221961619,-7.290838283786426
119,4,10,-.7786949381752074,1.557389876350415,-.3893474690876039,-.3893474690876034
120,1,784,.000000000000000,.000000000000000,-31.47918579841367,31.47918579841367
120,2,128,-62.95837159682706,125.9167431936541,-39.17918644622202,-23.77918515060504
120,3,128,-15.40000129561662,30.80000259123324,-8.109665671205637,-7.290335624410989
120,4,10,-.8193300467946396,1.638660093589279,-.4096650233973202,-.4096650233973194
121,1,784,.000000000000000,.000000000000000,-31.36270610090669,31.36270610090669
121,2,128,-62.72541220181304,125.4508244036261,-39.11539993893864,-23.61001226287445
121,3,128,-15.50538767606382,31.01077535212764,-8.241673317338106,-7.263714358725718
121,4,10,-.9779589586123979,1.955917917224796,-.4889794793062002,-.4889794793061977
122,1,784,.000000000000000,.000000000000000,-31.72156752552218,31.72156752552218
122,2,128,-63.44313505104397,126.8862701020879,-38.96090775326030,-24.48222729778369
122,3,128,-14.47868045547621,28.95736091095241,-7.713162450849098,-6.765518004627111
122,4,10,-.9476444462219731,1.895288892443946,-.4738222231109853,-.4738222231109879
123,1,784,.000000000000000,.000000000000000,-31.62152608365298,31.62152608365298
123,2,128,-63.24305216730560,126.4861043346112,-39.05264657474121,-24.19040559256440
123,3,128,-14.86224098217643,29.72448196435286,-7.885991259335576,-6.976249722840855
123,4,10,-.9097415364947233,1.819483072989447,-.4548707682473626,-.4548707682473607
124,1,784,.000000000000000,.000000000000000,-31.27023322250962,31.27023322250962
124,2,128,-62.54046644501883,125.0809328900377,-39.23860530216589,-23.30186114285296
124,3,128,-15.93674415931254,31.87348831862508,-8.403351983511843,-7.533392175800692
124,4,10,-.8699598077111464,1.739919615422293,-.4349799038555733,-.4349799038555730
125,1,784,.000000000000000,.000000000000000,-31.45809587880218,31.45809587880218
125,2,128,-62.91619175760402,125.8323835152080,-39.07288496855451,-23.84330678904949
125,3,128,-15.22957817950465,30.45915635900929,-8.087900282741240,-7.141677896763404
125,4,10,-.9462223859778263,1.892444771955653,-.4731111929889129,-.4731111929889134
126,1,784,.000000000000000,.000000000000000,-31.57170605236267,31.57170605236267
126,2,128,-63.14341210472490,126.2868242094498,-38.92130688710098,-24.22210521762396
126,3,128,-14.69920166947664,29.39840333895327,-7.899943193861313,-6.799258475615333
126,4,10,-1.100684718245982,2.201369436491964,-.5503423591229906,-.5503423591229913
127,1,784,.000000000000000,.000000000000000,-31.63566248427157,31.63566248427157
127,2,128,-63.27132496854275,126.5426499370855,-39.04970244366563,-24.22162252487712
127,3,128,-14.82807991878813,29.65615983757625,-7.866397703638742,-6.961682215149390
127,4,10,-.9047154884893547,1.809430976978709,-.4523577442446772,-.4523577442446774
128,1,784,.000000000000000,.000000000000000,-31.36154039063382,31.36154039063382
128,2,128,-62.72308078126730,125.4461615625346,-39.11285929156406,-23.61022148970327
128,3,128,-15.50263780186038,31.00527560372077,-8.255974335116166,-7.246663466744214
128,4,10,-1.009310868371942,2.018621736743884,-.5046554341859711,-.5046554341859709
129,1,784,.000000000000000,.000000000000000,-31.44341426271994,31.44341426271994
129,2,128,-62.88682852543950,125.7736570508790,-38.96215116646962,-23.92467735896992
129,3,128,-15.03747380749932,30.07494761499864,-8.117307314261300,-6.920166493238020
129,4,10,-1.197140821023279,2.394281642046557,-.5985704105116395,-.5985704105116390
130,1,784,.000000000000000,.000000000000000,-31.44357118335256,31.44357118335256
130,2,128,-62.88714236670470,125.7742847334094,-39.18126919548910,-23.70587317121563
130,3,128,-15.47539602427310,30.95079204854619,-8.161161006977913,-7.314235017295186
130,4,10,-.8469259896827281,1.693851979365456,-.4234629948413638,-.4234629948413643
131,1,784,.000000000000000,.000000000000000,-31.36729384791016,31.36729384791016
131,2,128,-62.73458769581993,125.4691753916399,-39.21130123045261,-23.52328646536732
131,3,128,-15.68801476508488,31.37602953016977,-8.254110294022251,-7.433904471062632
131,4,10,-.8202058229596142,1.640411645919228,-.4101029114798080,-.4101029114798063
132,1,784,.000000000000000,.000000000000000,-31.33109377608129,31.33109377608129
132,2,128,-62.66218755216221,125.3243751043244,-39.22480819961730,-23.43737935254490
132,3,128,-15.78742884707200,31.57485769414399,-8.320111403419086,-7.467317443652907
132,4,10,-.8527939597661699,1.705587919532340,-.4263969798830850,-.4263969798830848
133,1,784,.000000000000000,.000000000000000,-31.66965396634888,31.66965396634888
133,2,128,-63.33930793269739,126.6786158653948,-39.02423486013941,-24.31507307255796
133,3,128,-14.70916178758111,29.41832357516223,-7.793579211017649,-6.915582576563461
133,4,10,-.8779966344541991,1.755993268908398,-.4389983172270991,-.4389983172271000
134,1,784,.000000000000000,.000000000000000,-31.70548320378662,31.70548320378662
134,2,128,-63.41096640757284,126.8219328151457,-39.04423138016955,-24.36673502740333
134,3,128,-14.67749635276581,29.35499270553163,-7.768137323254989,-6.909359029510820
134,4,10,-.8587782937441580,1.717556587488316,-.4293891468720793,-.4293891468720789
135,1,784,.000000000000000,.000000000000000,-31.61664311712441,31.61664311712441
135,2,128,-63.23328623424852,126.4665724684970,-39.04528396859198,-24.18800226565655
135,3,128,-14.85728170293504,29.71456340587008,-7.858007398030219,-6.999274304904824
135,4,10,-.8587330931253965,1.717466186250793,-.4293665465626993,-.4293665465626971
136,1,784,.000000000000000,.000000000000000,-31.44883975233897,31.44883975233897
136,2,128,-62.89767950467760,125.7953590093552,-39.09996055758366,-23.79771894709397
136,3,128,-15.30224161048932,30.60448322097863,-8.140330662001499,-7.161910948487828
136,4,10,-.9784197135136664,1.956839427027333,-.4892098567568329,-.4892098567568333
137,1,784,.000000000000000,.000000000000000,-31.30987236144716,31.30987236144716
137,2,128,-62.61974472289400,125.2394894457880,-39.11386728914776,-23.50587743374622
137,3,128,-15.60798985540117,31.21597971080233,-8.313453911820003,-7.294535943581164
137,4,10,-1.018917968238839,2.037835936477678,-.5094589841194188,-.5094589841194203
138,1,784,.000000000000000,.000000000000000,-31.59095927997841,31.59095927997841
138,2,128,-63.18191855995641,126.3638371199128,-39.02388146587310,-24.15803709408329
138,3,128,-14.86584437178943,29.73168874357886,-7.895433104228440,-6.970411267560986
138,4,10,-.9250218366674481,1.850043673334896,-.4625109183337237,-.4625109183337244
139,1,784,.000000000000000,.000000000000000,-31.36422263720867,31.36422263720867
139,2,128,-62.72844527441696,125.4568905488339,-39.08975254840073,-23.63869272601625
139,3,128,-15.45105982238413,30.90211964476827,-8.220265086082120,-7.230794736302014
139,4,10,-.9894703497801026,1.978940699560205,-.4947351748900504,-.4947351748900523
140,1,784,.000000000000000,.000000000000000,-31.13284046803562,31.13284046803562
140,2,128,-62.26568093607096,124.5313618721419,-39.21201762229335,-23.05366331377760
140,3,128,-16.15835430851540,32.31670861703080,-8.528149054542506,-7.630205253972878
140,4,10,-.8979438005696425,1.795887601139285,-.4489719002848203,-.4489719002848221
141,1,784,.000000000000000,.000000000000000,-31.28360423524517,31.28360423524517
141,2,128,-62.56720847049004,125.1344169409801,-39.16815022194062,-23.39905824854943
141,3,128,-15.76909197339084,31.53818394678169,-8.350786267655277,-7.418305705735566
141,4,10,-.9324805619197183,1.864961123839437,-.4662402809598583,-.4662402809598600
142,1,784,.000000000000000,.000000000000000,-31.36334062162056,31.36334062162056
142,2,128,-62.72668124324071,125.4533624864814,-39.19307229235740,-23.53360895088326
142,3,128,-15.65946334147372,31.31892668294745,-8.260355018767852,-7.399108322705878
142,4,10,-.8612466960619700,1.722493392123940,-.4306233480309846,-.4306233480309854
143,1,784,.000000000000000,.000000000000000,-31.67844215185741,31.67844215185741
143,2,128,-63.35688430371451,126.7137686074290,-39.06807191013237,-24.28881239358214
143,3,128,-14.77925951654984,29.55851903309967,-7.798458810561629,-6.980800705988202
143,4,10,-.8176581045734197,1.635316209146839,-.4088290522867097,-.4088290522867101
144,1,784,.000000000000000,.000000000000000,-31.54549724425422,31.54549724425422
144,2,128,-63.09099448850805,126.1819889770161,-38.86672796590830,-24.22426652259974
144,3,128,-14.64246144330815,29.28492288661630,-7.937775139706721,-6.704686303601439
144,4,10,-1.233088836105281,2.466177672210562,-.6165444180526406,-.6165444180526402
145,1,784,.000000000000000,.000000000000000,-31.74791744342060,31.74791744342060
145,2,128,-63.49583488684083,126.9916697736817,-39.05685194078637,-24.43898294605443
145,3,128,-14.61786899473159,29.23573798946318,-7.713827829317169,-6.904041165414424
145,4,10,-.8097866639027617,1.619573327805523,-.4048933319513806,-.4048933319513809
146,1,784,.000000000000000,.000000000000000,-31.40830844397464,31.40830844397464
146,2,128,-62.81661688794890,125.6332337758978,-39.09572588150626,-23.72089100644267
146,3,128,-15.37483487506323,30.74966975012645,-8.163938043562666,-7.210896831500555
146,4,10,-.9530412120621043,1.906082424124209,-.4765206060310527,-.4765206060310516
147,1,784,.000000000000000,.000000000000000,-31.55081272201095,31.55081272201095
147,2,128,-63.10162544402151,126.2032508880430,-39.08337882310142,-24.01824662092008
147,3,128,-15.06513220218099,30.13026440436197,-7.963899352985544,-7.101232849195437
147,4,10,-.8626665037901178,1.725333007580236,-.4313332518950575,-.4313332518950603
148,1,784,.000000000000000,.000000000000000,-31.42621932897673,31.42621932897673
148,2,128,-62.85243865795301,125.7048773159060,-39.04421566525239,-23.80822299270059
148,3,128,-15.23599267255144,30.47198534510288,-8.142850406451998,-7.093142266099436
148,4,10,-1.049708140352549,2.099416280705098,-.5248540701762739,-.5248540701762751
149,1,784,.000000000000000,.000000000000000,-31.16926970700629,31.16926970700629
149,2,128,-62.33853941401223,124.6770788280245,-39.11005227789911,-23.22848713611312
149,3,128,-15.88156514178563,31.76313028357126,-8.497073696277855,-7.384491445507762
149,4,10,-1.112582250770093,2.225164501540185,-.5562911253850465,-.5562911253850462
150,1,784,.000000000000000,.000000000000000,-31.12293389449857,31.12293389449857
150,2,128,-62.24586778899672,124.4917355779934,-39.04253925994770,-23.20332852904903
150,3,128,-15.83921073089829,31.67842146179658,-8.542294456264322,-7.296916274633965
150,4,10,-1.245378181630366,2.490756363260731,-.6226890908151829,-.6226890908151829
151,1,784,.000000000000000,.000000000000000,-31.60022106725766,31.60022106725766
151,2,128,-63.20044213451506,126.4008842690301,-39.11056889323774,-24.08987324127729
151,3,128,-15.02069565196010,30.04139130392021,-7.923875594297047,-7.096820057663052
151,4,10,-.8270555366340104,1.654111073268021,-.4135277683170044,-.4135277683170061
152,1,784,.000000000000000,.000000000000000,-31.37592254673666,31.37592254673666
152,2,128,-62.75184509347297,125.5036901869459,-39.14381001460018,-23.60803507887279
152,3,128,-15.53577493572702,31.07154987145404,-8.251597961856000,-7.284176973871014
152,4,10,-.9674209879849847,1.934841975969969,-.4837104939924925,-.4837104939924922
153,1,784,.000000000000000,.000000000000000,-31.39842553522259,31.39842553522259
153,2,128,-62.79685107044487,125.5937021408897,-39.22078049308686,-23.57607057735802
153,3,128,-15.64470991572849,31.28941983145698,-8.258244489840322,-7.386465425888168
153,4,10,-.8717790639521645,1.743558127904329,-.4358895319760820,-.4358895319760824
154,1,784,.000000000000000,.000000000000000,-31.59067428689613,31.59067428689613
154,2,128,-63.18134857379194,126.3626971475839,-39.04171751378076,-24.13963106001122
154,3,128,-14.90208645376917,29.80417290753834,-7.928722156553396,-6.973364297215770
154,4,10,-.9553578593376320,1.910715718675264,-.4776789296688161,-.4776789296688158
155,1,784,.000000000000000,.000000000000000,-31.41444615939715,31.41444615939715
155,2,128,-62.82889231879399,125.6577846375880,-39.14666008532450,-23.68223223346946
155,3,128,-15.46442785185465,30.92885570370931,-8.177676559006681,-7.286751292847985
155,4,10,-.8909252661586846,1.781850532317369,-.4454626330793431,-.4454626330793414
156,1,784,.000000000000000,.000000000000000,-31.26376005478409,31.26376005478409
156,2,128,-62.52752010956786,125.0550402191357,-39.10361337172645,-23.42390673784142
156,3,128,-15.67970663388465,31.35941326776930,-8.377475540587163,-7.302231093297495
156,4,10,-1.075244447289667,2.150488894579334,-.5376222236448335,-.5376222236448334
157,1,784,.000000000000000,.000000000000000,-31.17050089940507,31.17050089940507
157,2,128,-62.34100179880978,124.6820035976196,-39.25578572478293,-23.08521607402684
157,3,128,-16.17056965075574,32.34113930151149,-8.511824839305559,-7.658744811450180
157,4,10,-.8530800278553807,1.706160055710761,-.4265400139276908,-.4265400139276901
158,1,784,.000000000000000,.000000000000000,-31.50520333670439,31.50520333670439
158,2,128,-63.01040667340840,126.0208133468168,-39.05415309250503,-23.95625358090335
158,3,128,-15.09789951160134,30.19579902320267,-8.017862086392249,-7.080037425209095
158,4,10,-.9378246611831724,1.875649322366345,-.4689123305915849,-.4689123305915876
159,1,784,.000000000000000,.000000000000000,-31.32830147236283,31.32830147236283
159,2,128,-62.65660294472534,125.3132058894507,-39.17517326568495,-23.48142967904040
159,3,128,-15.69374358664419,31.38748717328838,-8.262346282202518,-7.431397304441677
159,4,10,-.8309489777608369,1.661897955521674,-.4154744888804192,-.4154744888804177
160,1,784,.000000000000000,.000000000000000,-31.54609136667639,31.54609136667639
160,2,128,-63.09218273335244,126.1843654667049,-39.19238453071284,-23.89979820263961
160,3,128,-15.29258632807286,30.58517265614573,-8.003293712757875,-7.289292615314997
160,4,10,-.7140010974428802,1.428002194885760,-.3570005487214394,-.3570005487214408
161,1,784,.000000000000000,.000000000000000,-31.64765921211290,31.64765921211290
161,2,128,-63.29531842422541,126.5906368484508,-39.14241315213027,-24.15290527209515
161,3,128,-14.98950788003474,29.97901576006948,-7.863014366897620,-7.126493513137110
161,4,10,-.7365208537605215,1.473041707521043,-.3682604268802602,-.3682604268802613
162,1,784,.000000000000000,.000000000000000,-31.23530581363124,31.23530581363124
162,2,128,-62.47061162726221,124.9412232545244,-39.23986323050242,-23.23074839675978
162,3,128,-16.00911483374231,32.01822966748462,-8.440281510296510,-7.568833323445801
162,4,10,-.8714481868507092,1.742896373701418,-.4357240934253557,-.4357240934253537
163,1,784,.000000000000000,.000000000000000,-31.54785141884784,31.54785141884784
163,2,128,-63.09570283769537,126.1914056753907,-39.00874389250789,-24.08695894518745
163,3,128,-14.92178494732004,29.84356989464008,-7.959427182749493,-6.962357764570544
163,4,10,-.9970694181789400,1.994138836357880,-.4985347090894712,-.4985347090894690
164,1,784,.000000000000000,.000000000000000,-31.41836560571579,31.41836560571579
164,2,128,-62.83673121143127,125.6734624228625,-39.17652088408239,-23.66021032734892
164,3,128,-15.51631055673308,31.03262111346616,-8.200183700247720,-7.316126856485359
164,4,10,-.8840568437623660,1.768113687524732,-.4420284218811837,-.4420284218811825
165,1,784,.000000000000000,.000000000000000,-31.34029794045989,31.34029794045989
165,2,128,-62.68059588091956,125.3611917618391,-39.17055777312978,-23.51003810778978
165,3,128,-15.66051966533959,31.32103933067919,-8.287243289038702,-7.373276376300888
165,4,10,-.9139669127378043,1.827933825475609,-.4569834563689029,-.4569834563689015
166,1,784,.000000000000000,.000000000000000,-31.31964811987984,31.31964811987984
166,2,128,-62.63929623975937,125.2785924795187,-39.21603212573802,-23.42326411402135
166,3,128,-15.79276801171631,31.58553602343262,-8.315578760781280,-7.477189250935031
166,4,10,-.8383895098462577,1.676779019692515,-.4191947549231292,-.4191947549231285
167,1,784,.000000000000000,.000000000000000,-31.36064976589861,31.36064976589861
167,2,128,-62.72129953179682,125.4425990635936,-39.22745301286304,-23.49384651893380
167,3,128,-15.73360649392887,31.46721298785774,-8.255871113239225,-7.477735380689636
167,4,10,-.7781357325495857,1.556271465099171,-.3890678662747922,-.3890678662747935
168,1,784,.000000000000000,.000000000000000,-31.50889293682526,31.50889293682526
168,2,128,-63.01778587365009,126.0355717473002,-39.03679817982314,-23.98098769382697
168,3,128,-15.05581048599578,30.11162097199157,-8.030586222500686,-7.025224263495095
168,4,10,-1.005361959005580,2.010723918011161,-.5026809795027896,-.5026809795027908
169,1,784,.000000000000000,.000000000000000,-31.78237445416955,31.78237445416955
169,2,128,-63.56474890833872,127.1294978166774,-39.03299550067494,-24.53175340766378
169,3,128,-14.50124209301076,29.00248418602151,-7.675436438346278,-6.825805654664469
169,4,10,-.8496307836817959,1.699261567363592,-.4248153918408989,-.4248153918408970
170,1,784,.000000000000000,.000000000000000,-31.16744896818910,31.16744896818910
170,2,128,-62.33489793637779,124.6697958727556,-39.13743995731042,-23.19745797906738
170,3,128,-15.93998197824264,31.87996395648527,-8.489419279594900,-7.450562698647746
170,4,10,-1.038856580947155,2.077713161894311,-.5194282904735790,-.5194282904735762
171,1,784,.000000000000000,.000000000000000,-31.48765553274875,31.48765553274875
171,2,128,-62.97531106549724,125.9506221309945,-39.18708364755110,-23.78822741794613
171,3,128,-15.39885622960461,30.79771245920923,-8.091387967882763,-7.307468261721855
171,4,10,-.7839197061609172,1.567839412321834,-.3919598530804586,-.3919598530804587
172,1,784,.000000000000000,.000000000000000,-31.38141837689288,31.38141837689288
172,2,128,-62.76283675378537,125.5256735075707,-39.15956891987664,-23.60326783390875
172,3,128,-15.55630108596752,31.11260217193503,-8.202295614574618,-7.354005471392899
172,4,10,-.8482901431817123,1.696580286363425,-.4241450715908550,-.4241450715908574
173,1,784,.000000000000000,.000000000000000,-31.48005583138138,31.48005583138138
173,2,128,-62.96011166276239,125.9202233255248,-39.14315345775998,-23.81695820500241
173,3,128,-15.32619525275718,30.65239050551437,-8.085934375300949,-7.240260877456239
173,4,10,-.8456734978446961,1.691346995689392,-.4228367489223478,-.4228367489223483
174,1,784,.000000000000000,.000000000000000,-31.72896363637030,31.72896363637030
174,2,128,-63.45792727274014,126.9158545454803,-38.85053474030246,-24.60739253243766
174,3,128,-14.24314220786443,28.48628441572886,-7.684029375857222,-6.559112832007212
174,4,10,-1.124916543850005,2.249833087700009,-.5624582719250029,-.5624582719250016
175,1,784,.000000000000000,.000000000000000,-31.29726130588081,31.29726130588081
175,2,128,-62.59452261176133,125.1890452235227,-39.16339595892453,-23.43112665283684
175,3,128,-15.73226930608733,31.46453861217466,-8.329481544777931,-7.402787761309392
175,4,10,-.9266937834685317,1.853387566937063,-.4633468917342664,-.4633468917342655
176,1,784,.000000000000000,.000000000000000,-31.47112897483548,31.47112897483548
176,2,128,-62.94225794967065,125.8845158993413,-39.07605341441057,-23.86620453526010
176,3,128,-15.20984887915007,30.41969775830015,-8.065337865568953,-7.144511013581134
176,4,10,-.9208268519878148,1.841653703975630,-.4604134259939077,-.4604134259939071
177,1,784,.000000000000000,.000000000000000,-31.51194281799526,31.51194281799526
177,2,128,-63.02388563599022,126.0477712719804,-39.07043260626520,-23.95345302972502
177,3,128,-15.11697957653983,30.23395915307967,-8.031885713062621,-7.085093863477212
177,4,10,-.9467918495854313,1.893583699170863,-.4733959247927157,-.4733959247927153
178,1,784,.000000000000000,.000000000000000,-31.50834419339479,31.50834419339479
178,2,128,-63.01668838678923,126.0333767735785,-39.16546261774189,-23.85122576904734
178,3,128,-15.31423684869419,30.62847369738838,-8.060479805144304,-7.253757043549883
178,4,10,-.8067227615944139,1.613445523188828,-.4033613807972070,-.4033613807972068
179,1,784,.000000000000000,.000000000000000,-31.46816528280102,31.46816528280102
179,2,128,-62.93633056560160,125.8726611312032,-39.12893693447175,-23.80739363112983
179,3,128,-15.32154330334153,30.64308660668307,-8.104268251783983,-7.217275051557551
179,4,10,-.8869932002264297,1.773986400452859,-.4434966001132152,-.4434966001132145
180,1,784,.000000000000000,.000000000000000,-31.53173327007292,31.53173327007292
180,2,128,-63.06346654014551,126.1269330802910,-39.01594023934116,-24.04752630080437
180,3,128,-14.96841393853642,29.93682787707284,-7.988697416983814,-6.979716521552605
180,4,10,-1.008980895431213,2.017961790862427,-.5044904477156065,-.5044904477156069
181,1,784,.000000000000000,.000000000000000,-31.60550319752733,31.60550319752733
181,2,128,-63.21100639505434,126.4220127901087,-39.05612555920379,-24.15488083585053
181,3,128,-14.90124472335290,29.80248944670580,-7.879333442826842,-7.021911280526057
181,4,10,-.8574221623007707,1.714844324601541,-.4287110811503864,-.4287110811503844
182,1,784,.000000000000000,.000000000000000,-31.36531716456486,31.36531716456486
182,2,128,-62.73063432912934,125.4612686582587,-39.19866007652939,-23.53197425259994
182,3,128,-15.66668582392911,31.33337164785821,-8.267240445996983,-7.399445377932122
182,4,10,-.8677950680648662,1.735590136129732,-.4338975340324335,-.4338975340324328
183,1,784,.000000000000000,.000000000000000,-31.39449779753092,31.39449779753092
183,2,128,-62.78899559506148,125.5779911901230,-39.17642724904681,-23.61256834601465
183,3,128,-15.56385890303181,31.12771780606361,-8.221976751591496,-7.341882151440310
183,4,10,-.8800946001512020,1.760189200302404,-.4400473000756004,-.4400473000756016
184,1,784,.000000000000000,.000000000000000,-31.39591599626887,31.39591599626887
184,2,128,-62.79183199253738,125.5836639850748,-39.04310065509718,-23.74873133744025
184,3,128,-15.29436931765653,30.58873863531306,-8.182217767499301,-7.112151550157231
184,4,10,-1.070066217342077,2.140132434684155,-.5350331086710368,-.5350331086710406
185,1,784,.000000000000000,.000000000000000,-31.62342566044256,31.62342566044256
185,2,128,-63.24685132088485,126.4937026417697,-38.98043052371116,-24.26642079717367
185,3,128,-14.71400972653713,29.42801945307427,-7.847318230640522,-6.866691495896600
185,4,10,-.9806267347439172,1.961253469487834,-.4903133673719587,-.4903133673719583
186,1,784,.000000000000000,.000000000000000,-31.32132294175312,31.32132294175312
186,2,128,-62.64264588350586,125.2852917670117,-39.01493132090938,-23.62771456259651
186,3,128,-15.38721675831249,30.77443351662497,-8.251363947129690,-7.135852811182796
186,4,10,-1.115511135946900,2.231022271893799,-.5577555679734503,-.5577555679734493
187,1,784,.000000000000000,.000000000000000,-31.40792216598048,31.40792216598048
187,2,128,-62.81584433196069,125.6316886639214,-39.15494702964462,-23.66089730231606
187,3,128,-15.49404972732820,30.98809945465639,-8.188274641886363,-7.305775085441832
187,4,10,-.8824995564445316,1.764999112889063,-.4412497782222654,-.4412497782222662
188,1,784,.000000000000000,.000000000000000,-31.59057194502241,31.59057194502241
188,2,128,-63.18114389004456,126.3622877800891,-39.02056646824102,-24.16057742180356
188,3,128,-14.85998904643708,29.71997809287415,-7.901484599929941,-6.958504446507139
188,4,10,-.9429801534228054,1.885960306845611,-.4714900767114026,-.4714900767114029
189,1,784,.000000000000000,.000000000000000,-31.75004951271872,31.75004951271872
189,2,128,-63.50009902543708,127.0001980508742,-39.08258906591944,-24.41750995951760
189,3,128,-14.66507910640150,29.33015821280300,-7.730229217640109,-6.934849888761382
189,4,10,-.7953793288787251,1.590758657757450,-.3976896644393616,-.3976896644393635
190,1,784,.000000000000000,.000000000000000,-31.57141640409683,31.57141640409683
190,2,128,-63.14283280819336,126.2856656163867,-39.09982831385159,-24.04300449434177
190,3,128,-15.05682381950948,30.11364763901895,-7.976269611521197,-7.080554207988282
190,4,10,-.8957154035329196,1.791430807065839,-.4478577017664595,-.4478577017664602
191,1,784,.000000000000000,.000000000000000,-31.37820092763523,31.37820092763523
191,2,128,-62.75640185527011,125.5128037105402,-39.19029897148607,-23.56610288378407
191,3,128,-15.62419608770158,31.24839217540316,-8.233731971851300,-7.390464115850293
191,4,10,-.8432678560009975,1.686535712001995,-.4216339280004981,-.4216339280004994
192,1,784,.000000000000000,.000000000000000,-31.76472791866738,31.76472791866738
192,2,128,-63.52945583733435,127.0589116746687,-39.04846685496824,-24.48098898236611
192,3,128,-14.56747787260172,29.13495574520344,-7.674827185571655,-6.892650687030067
192,4,10,-.7821764985415939,1.564352997083188,-.3910882492707977,-.3910882492707962
193,1,784,.000000000000000,.000000000000000,-31.46352284821352,31.46352284821352
193,2,128,-62.92704569642669,125.8540913928534,-39.12721634290659,-23.79982935352012
193,3,128,-15.32738698938609,30.65477397877218,-8.098720848338305,-7.228666141047786
193,4,10,-.8700547072905209,1.740109414581042,-.4350273536452602,-.4350273536452607
194,1,784,.000000000000000,.000000000000000,-31.45602688719857,31.45602688719857
194,2,128,-62.91205377439682,125.8241075487936,-39.10980891785187,-23.80224485654497
194,3,128,-15.30756406130650,30.61512812261299,-8.103920983565189,-7.203643077741308
194,4,10,-.9002779058238750,1.800555811647750,-.4501389529119383,-.4501389529119367
195,1,784,.000000000000000,.000000000000000,-31.36305363095372,31.36305363095372
195,2,128,-62.72610726190707,125.4522145238141,-38.99692550561642,-23.72918175629070
195,3,128,-15.26774374932534,30.53548749865068,-8.222183668678154,-7.045560080647181
195,4,10,-1.176623588030965,2.353247176061930,-.5883117940154824,-.5883117940154827
196,1,784,.000000000000000,.000000000000000,-31.42790561266162,31.42790561266162
196,2,128,-62.85581122532291,125.7116224506458,-39.16421117506467,-23.69160005025821
196,3,128,-15.47261112480607,30.94522224961214,-8.170788126949143,-7.301822997856934
196,4,10,-.8689651290921924,1.737930258184385,-.4344825645460962,-.4344825645460962
197,1,784,.000000000000000,.000000000000000,-31.42203363886129,31.42203363886129
197,2,128,-62.84406727772223,125.6881345554445,-39.05745995870532,-23.78660731901689
197,3,128,-15.27085263968809,30.54170527937618,-8.123793581536960,-7.147059058151133
197,4,10,-.9767345233858317,1.953469046771663,-.4883672616929157,-.4883672616929160
198,1,784,.000000000000000,.000000000000000,-31.08160291348886,31.08160291348886
198,2,128,-62.16320582697735,124.3264116539547,-39.24770402511517,-22.91550180186218
198,3,128,-16.33220222325256,32.66440444650512,-8.628136695796531,-7.704065527456026
198,4,10,-.9240711683405073,1.848142336681015,-.4620355841702528,-.4620355841702544
199,1,784,.000000000000000,.000000000000000,-31.31099459957517,31.31099459957517
199,2,128,-62.62198919915000,125.2439783983000,-39.19900910623727,-23.42298009291276
199,3,128,-15.77602901332411,31.55205802664822,-8.330134808023892,-7.445894205300220
199,4,10,-.8842406027236644,1.768481205447329,-.4421203013618332,-.4421203013618313
200,1,784,.000000000000000,.000000000000000,-31.31641840843717,31.31641840843717
200,2,128,-62.63283681687398,125.2656736337480,-39.14507654539987,-23.48776027147409
200,3,128,-15.65731627392542,31.31463254785083,-8.279815831832735,-7.377500442092685
200,4,10,-.9023153897400522,1.804630779480104,-.4511576948700263,-.4511576948700259
201,1,784,.000000000000000,.000000000000000,-31.67366610625181,31.67366610625181
201,2,128,-63.34733221250320,126.6946644250064,-39.03903518561020,-24.30829702689299
201,3,128,-14.73073815871686,29.46147631743371,-7.799948318626927,-6.930789840089933
201,4,10,-.8691584785370003,1.738316957074001,-.4345792392685010,-.4345792392684993
202,1,784,.000000000000000,.000000000000000,-31.44334561194948,31.44334561194948
202,2,128,-62.88669122389864,125.7733824477973,-38.98172638678894,-23.90496483710973
202,3,128,-15.07676154967884,30.15352309935768,-8.108766771872013,-6.967994777806824
202,4,10,-1.140771994065178,2.281543988130356,-.5703859970325891,-.5703859970325894
203,1,784,.000000000000000,.000000000000000,-31.42503009372155,31.42503009372155
203,2,128,-62.85006018744271,125.7001203748854,-39.21268341244046,-23.63737677500229
203,3,128,-15.57530663743778,31.15061327487556,-8.177883236253720,-7.397423401184064
203,4,10,-.7804598350696715,1.560919670139343,-.3902299175348363,-.3902299175348353
204,1,784,.000000000000000,.000000000000000,-31.42408990716331,31.42408990716331
204,2,128,-62.84817981432626,125.6963596286525,-39.07826110430127,-23.76991871002501
204,3,128,-15.30834239427589,30.61668478855178,-8.118519305581156,-7.189823088694729
204,4,10,-.9286962168864326,1.857392433772865,-.4643481084432166,-.4643481084432160
205,1,784,.000000000000000,.000000000000000,-31.37262970090136,31.37262970090136
205,2,128,-62.74525940180240,125.4905188036048,-39.16900748607318,-23.57625191572923
205,3,128,-15.59275557034356,31.18551114068712,-8.241822947917864,-7.350932622425689
205,4,10,-.8908903254921694,1.781780650984339,-.4454451627460858,-.4454451627460837
206,1,784,.000000000000000,.000000000000000,-31.32337792785376,31.32337792785376
206,2,128,-62.64675585570711,125.2935117114142,-39.18476287110900,-23.46199298459816
206,3,128,-15.72276988651042,31.44553977302084,-8.287310704587517,-7.435459181922904
206,4,10,-.8518515226645985,1.703703045329197,-.4259257613322994,-.4259257613322993
207,1,784,.000000000000000,.000000000000000,-31.58041228270878,31.58041228270878
207,2,128,-63.16082456541714,126.3216491308343,-38.89911186688045,-24.26171269853669
207,3,128,-14.63739916834339,29.27479833668678,-7.907116598090352,-6.730282570253038
207,4,10,-1.176834027837324,2.353668055674648,-.5884170139186622,-.5884170139186617
208,1,784,.000000000000000,.000000000000000,-31.45181677845086,31.45181677845086
208,2,128,-62.90363355690137,125.8072671138027,-39.17446392822245,-23.72916962867895
208,3,128,-15.44529429954312,30.89058859908624,-8.148209407651070,-7.297084891892053
208,4,10,-.8511245157590021,1.702249031518004,-.4255622578795009,-.4255622578795013
209,1,784,.000000000000000,.000000000000000,-31.59835196262650,31.59835196262650
209,2,128,-63.19670392525271,126.3934078505054,-39.05176634607110,-24.14493757918159
209,3,128,-14.90682876688915,29.81365753377829,-7.901384092073942,-7.005444674815210
209,4,10,-.8959394172587407,1.791878834517481,-.4479697086293714,-.4479697086293694
210,1,784,.000000000000000,.000000000000000,-31.21415549506492,31.21415549506492
210,2,128,-62.42831099012950,124.8566219802590,-39.14192831604745,-23.28638267408201
210,3,128,-15.85554564196505,31.71109128393009,-8.425053917081460,-7.430491724883577
210,4,10,-.9945621921978796,1.989124384395759,-.4972810960989397,-.4972810960989399
211,1,784,.000000000000000,.000000000000000,-31.60789460760795,31.60789460760795
211,2,128,-63.21578921521558,126.4315784304312,-39.09062561378348,-24.12516360143209
211,3,128,-14.96546201235102,29.93092402470204,-7.915396062032198,-7.050065950318829
211,4,10,-.8653301117133647,1.730660223426729,-.4326650558566822,-.4326650558566825
212,1,784,.000000000000000,.000000000000000,-31.26773824762114,31.26773824762114
212,2,128,-62.53547649524192,125.0709529904838,-39.17177552606439,-23.36370096917752
212,3,128,-15.80807455688648,31.61614911377297,-8.348081105100993,-7.459993451785492
212,4,10,-.8880876533154961,1.776175306630992,-.4440438266577476,-.4440438266577486
213,1,784,.000000000000000,.000000000000000,-31.46592383938225,31.46592383938225
213,2,128,-62.93184767876414,125.8636953575283,-38.97655805949892,-23.95528961926519
213,3,128,-15.02126844023332,30.04253688046664,-8.061204132435092,-6.960064307798227
213,4,10,-1.101139824636860,2.202279649273720,-.5505699123184297,-.5505699123184306
214,1,784,.000000000000000,.000000000000000,-31.49440649643135,31.49440649643135
214,2,128,-62.98881299286235,125.9776259857247,-39.10136207157944,-23.88745092128290
214,3,128,-15.21391115029618,30.42782230059236,-8.064886936316222,-7.149024213979954
214,4,10,-.9158627223362747,1.831725444672549,-.4579313611681368,-.4579313611681380
215,1,784,.000000000000000,.000000000000000,-31.37078626558576,31.37078626558576
215,2,128,-62.74157253117114,125.4831450623423,-39.09098671216822,-23.65058581900293
215,3,128,-15.44040089316490,30.88080178632980,-8.223932449205266,-7.216468443959633
215,4,10,-1.007464005245626,2.014928010491252,-.5037320026228126,-.5037320026228133
216,1,784,.000000000000000,.000000000000000,-31.48855786482779,31.48855786482779
216,2,128,-62.97711572965518,125.9542314593104,-39.16374229268849,-23.81337343696670
216,3,128,-15.35036885572142,30.70073771144283,-8.105707261002705,-7.244661594718712
216,4,10,-.8610456662839951,1.722091332567990,-.4305228331419967,-.4305228331419984
217,1,784,.000000000000000,.000000000000000,-31.59990771441586,31.59990771441586
217,2,128,-63.19981542883134,126.3996308576627,-39.11664816327641,-24.08316726555493
217,3,128,-15.03348089772110,30.06696179544219,-7.924968692627206,-7.108512205093886
217,4,10,-.8164564875333209,1.632912975066642,-.4082282437666604,-.4082282437666603
218,1,784,.000000000000000,.000000000000000,-31.37582023962749,31.37582023962749
218,2,128,-62.75164047925463,125.5032809585093,-39.16509814045160,-23.58654233880306
218,3,128,-15.57855580164812,31.15711160329625,-8.239653327530608,-7.338902474117509
218,4,10,-.9007508534130962,1.801501706826192,-.4503754267065486,-.4503754267065477
219,1,784,.000000000000000,.000000000000000,-31.44316751312650,31.44316751312650
219,2,128,-62.88633502625258,125.7726700525052,-39.16658201433106,-23.71975301192156
219,3,128,-15.44682900240915,30.89365800481830,-8.113176278811340,-7.333652723597822
219,4,10,-.7795235552135104,1.559047110427021,-.3897617776067551,-.3897617776067553
220,1,784,.000000000000000,.000000000000000,-31.18401123815997,31.18401123815997
220,2,128,-62.36802247631959,124.7360449526392,-39.25806575005729,-23.10995672626226
220,3,128,-16.14810902379467,32.29621804758935,-8.503511348189759,-7.644597675604912
220,4,10,-.8589136725848541,1.717827345169708,-.4294568362924273,-.4294568362924267
221,1,784,.000000000000000,.000000000000000,-31.41625625489655,31.41625625489655
221,2,128,-62.83251250979270,125.6650250195854,-39.01134097887462,-23.82117153091810
221,3,128,-15.19016944795615,30.38033889591230,-8.145453275948626,-7.044716172007524
221,4,10,-1.100737103941111,2.201474207882222,-.5503685519705547,-.5503685519705565
222,1,784,.000000000000000,.000000000000000,-31.64376068543678,31.64376068543678
222,2,128,-63.28752137087324,126.5750427417465,-39.08756167005636,-24.19995970081689
222,3,128,-14.88760196923911,29.77520393847822,-7.855104126459470,-7.032497842779647
222,4,10,-.8226062836798315,1.645212567359663,-.4113031418399153,-.4113031418399162
223,1,784,.000000000000000,.000000000000000,-31.56021728343173,31.56021728343173
223,2,128,-63.12043456686308,126.2408691337262,-39.14389852626274,-23.97653604060034
223,3,128,-15.16736248566199,30.33472497132398,-7.974277871908594,-7.193084613753389
223,4,10,-.7811932581551946,1.562386516310389,-.3905966290775972,-.3905966290775975
224,1,784,.000000000000000,.000000000000000,-31.44706290801508,31.44706290801508
224,2,128,-62.89412581602976,125.7882516320595,-39.10302192263107,-23.79110389339870
224,3,128,-15.31191802923200,30.62383605846400,-8.123484988205002,-7.188433041027003
224,4,10,-.9350519471779984,1.870103894355997,-.4675259735890005,-.4675259735889980
225,1,784,.000000000000000,.000000000000000,-31.21045510337710,31.21045510337710
225,2,128,-62.42091020675374,124.8418204135075,-39.29960138612876,-23.12130882062500
225,3,128,-16.17829256550339,32.35658513100679,-8.487140376674962,-7.691152188828425
225,4,10,-.7959881878465371,1.591976375693074,-.3979940939232689,-.3979940939232681
226,1,784,.000000000000000,.000000000000000,-31.80212133874668,31.80212133874668
226,2,128,-63.60424267749310,127.2084853549862,-39.04373445796826,-24.56050821952481
226,3,128,-14.48322623844307,28.96645247688614,-7.619058101410700,-6.864168137032364
226,4,10,-.7548899643783396,1.509779928756679,-.3774449821891701,-.3774449821891694
227,1,784,.000000000000000,.000000000000000,-31.48717936362223,31.48717936362223
227,2,128,-62.97435872724425,125.9487174544885,-39.04641524041785,-23.92794348682636
227,3,128,-15.11847175359108,30.23694350718215,-8.062833194349157,-7.055638559241922
227,4,10,-1.007194635107230,2.014389270214460,-.5035973175536155,-.5035973175536147
228,1,784,.000000000000000,.000000000000000,-31.50743936758443,31.50743936758443
228,2,128,-63.01487873516846,126.0297574703369,-39.16140274891339,-23.85347598625507
228,3,128,-15.30792676265792,30.61585352531583,-8.061535532459139,-7.246391230198780
228,4,10,-.8151443022603627,1.630288604520725,-.4075721511301815,-.4075721511301812
229,1,784,.000000000000000,.000000000000000,-31.13783100398809,31.13783100398809
229,2,128,-62.27566200797577,124.5513240159515,-39.17037936549486,-23.10528264248091
229,3,128,-16.06509672301355,32.13019344602709,-8.564681341107173,-7.500415381906360
229,4,10,-1.064265959200805,2.128531918401611,-.5321329796004024,-.5321329796004031
230,1,784,.000000000000000,.000000000000000,-31.28297845870489,31.28297845870489
230,2,128,-62.56595691740939,125.1319138348188,-39.09891030339579,-23.46704661401361
230,3,128,-15.63186368938182,31.26372737876365,-8.308562457694510,-7.323301231687312
230,4,10,-.9852612260071997,1.970522452014399,-.4926306130036002,-.4926306130035994
231,1,784,.000000000000000,.000000000000000,-31.39286996520717,31.39286996520717
231,2,128,-62.78573993041395,125.5714798608279,-38.96544437700310,-23.82029555341090
231,3,128,-15.14514882359181,30.29029764718362,-8.168750616009905,-6.976398207581909
231,4,10,-1.192352408427987,2.384704816855973,-.5961762042139948,-.5961762042139918
232,1,784,.000000000000000,.000000000000000,-31.62016061419064,31.62016061419064
232,2,128,-63.24032122838083,126.4806424567617,-39.08916138504230,-24.15115984333856
232,3,128,-14.93800154170338,29.87600308340676,-7.891612482252409,-7.046389059450969
232,4,10,-.8452234228014486,1.690446845602897,-.4226117114007237,-.4226117114007250
233,1,784,.000000000000000,.000000000000000,-31.26915055993382,31.26915055993382
233,2,128,-62.53830111986738,125.0766022397348,-39.11935979720452,-23.41894132266284
233,3,128,-15.70041847454133,31.40083694908266,-8.405861910175705,-7.294556564365620
233,4,10,-1.111305345810083,2.222610691620166,-.5556526729050412,-.5556526729050416
234,1,784,.000000000000000,.000000000000000,-31.49201587646863,31.49201587646863
234,2,128,-62.98403175293692,125.9680635058738,-39.13314571892609,-23.85088603401082
234,3,128,-15.28225968491492,30.56451936982983,-8.083302740586161,-7.198956944328756
234,4,10,-.8843457962574195,1.768691592514839,-.4421728981287099,-.4421728981287096
235,1,784,.000000000000000,.000000000000000,-31.66211087184178,31.66211087184178
235,2,128,-63.32422174368315,126.6484434873663,-39.00448912391073,-24.31973261977242
235,3,128,-14.68475650413794,29.36951300827588,-7.825065511790925,-6.859690992347019
235,4,10,-.9653745194439151,1.930749038887830,-.4826872597219565,-.4826872597219587
236,1,784,.000000000000000,.000000000000000,-31.36430914557326,31.36430914557326
236,2,128,-62.72861829114608,125.4572365822922,-39.15299405619670,-23.57562423494940
236,3,128,-15.57736982124693,31.15473964249385,-8.242447209066523,-7.334922612180401
236,4,10,-.9075245968861360,1.815049193772272,-.4537622984430680,-.4537622984430679
237,1,784,.000000000000000,.000000000000000,-31.63547154722957,31.63547154722957
237,2,128,-63.27094309445874,126.5418861889175,-38.88840970392688,-24.38253339053186
237,3,128,-14.50587631339463,29.01175262678927,-7.834549643270556,-6.671326670124086
237,4,10,-1.163222973146478,2.326445946292957,-.5816114865732389,-.5816114865732395
238,1,784,.000000000000000,.000000000000000,-31.62088703136207,31.62088703136207
238,2,128,-63.24177406272379,126.4835481254476,-39.10301624061930,-24.13875782210449
238,3,128,-14.96425841851441,29.92851683702883,-7.901342917890931,-7.062915500623479
238,4,10,-.8384274172674516,1.676854834534903,-.4192137086337258,-.4192137086337259
239,1,784,.000000000000000,.000000000000000,-31.60021648906021,31.60021648906021
239,2,128,-63.20043297812014,126.4008659562403,-39.05280178860381,-24.14763118951631
239,3,128,-14.90517059908712,29.81034119817424,-7.895923774730918,-7.009246824356206
239,4,10,-.8866769503747108,1.773353900749422,-.4433384751873551,-.4433384751873557
240,1,784,.000000000000000,.000000000000000,-31.42492491403159,31.42492491403159
240,2,128,-62.84984982806285,125.6996996561257,-39.00009838435670,-23.84975144370614
240,3,128,-15.15034694065020,30.30069388130040,-8.103427093077686,-7.046919847572509
240,4,10,-1.056507245505187,2.113014491010375,-.5282536227525931,-.5282536227525941
241,1,784,.000000000000000,.000000000000000,-31.19385484599848,31.19385484599848
241,2,128,-62.38770969199663,124.7754193839933,-39.04500951251617,-23.34270017948038
241,3,128,-15.70230933303540,31.40461866607080,-8.432479612764327,-7.269829720271075
241,4,10,-1.162649892493247,2.325299784986494,-.5813249462466236,-.5813249462466237
242,1,784,.000000000000000,.000000000000000,-31.51957676434654,31.51957676434654
242,2,128,-63.03915352869280,126.0783070573856,-38.98172576820919,-24.05742776048359
242,3,128,-14.92429800772525,29.84859601545051,-7.987910094478337,-6.936387913246917
242,4,10,-1.051522181231419,2.103044362462839,-.5257610906157091,-.5257610906157103
243,1,784,.000000000000000,.000000000000000,-31.26543128129356,31.26543128129356
243,2,128,-62.53086256258685,125.0617251251737,-39.22186572440359,-23.30899683818321
243,3,128,-15.91286888622003,31.82573777244006,-8.416373584507854,-7.496495301712172
243,4,10,-.9198782827956781,1.839756565591356,-.4599391413978388,-.4599391413978392
244,1,784,.000000000000000,.000000000000000,-31.35780397061544,31.35780397061544
244,2,128,-62.71560794123049,125.4312158824610,-38.91201090326842,-23.80359703796208
244,3,128,-15.10841386530593,30.21682773061186,-8.206685948931277,-6.901727916374656
244,4,10,-1.304958032556613,2.609916065113225,-.6524790162783058,-.6524790162783070
245,1,784,.000000000000000,.000000000000000,-31.38116255477608,31.38116255477608
245,2,128,-62.76232510955180,125.5246502191036,-38.95230125690843,-23.81002385264335
245,3,128,-15.14227740426473,30.28455480852946,-8.177168067974165,-6.965109336290555
245,4,10,-1.212058731683624,2.424117463367249,-.6060293658418112,-.6060293658418132
246,1,784,.000000000000000,.000000000000000,-31.42623484162855,31.42623484162855
246,2,128,-62.85246968325679,125.7049393665136,-39.22378613092982,-23.62868355232695
246,3,128,-15.59510257860250,31.19020515720500,-8.179186245889385,-7.415916332713112
246,4,10,-.7632699131762547,1.526539826352509,-.3816349565881271,-.3816349565881275
247,1,784,.000000000000000,.000000000000000,-31.73887425909007,31.73887425909007
247,2,128,-63.47774851817970,126.9554970363594,-38.97953052994053,-24.49821798823920
247,3,128,-14.48131254170096,28.96262508340192,-7.683254819589995,-6.798057722110966
247,4,10,-.8851970974790320,1.770394194958064,-.4425985487395157,-.4425985487395163
248,1,784,.000000000000000,.000000000000000,-31.28584868265554,31.28584868265554
248,2,128,-62.57169736531074,125.1433947306215,-39.25485567460237,-23.31684169070836
248,3,128,-15.93801398389363,31.87602796778726,-8.378743443524272,-7.559270540369358
248,4,10,-.8194729031549062,1.638945806309812,-.4097364515774538,-.4097364515774525
249,1,784,.000000000000000,.000000000000000,-31.41240649325470,31.41240649325470
249,2,128,-62.82481298650910,125.6496259730182,-39.10119747175623,-23.72361551475283
249,3,128,-15.37758195700305,30.75516391400609,-8.169855272669023,-7.207726684334011
249,4,10,-.9621285883350148,1.924257176670030,-.4810642941675082,-.4810642941675066
250,1,784,.000000000000000,.000000000000000,-31.44944543437392,31.44944543437392
250,2,128,-62.89889086874750,125.7977817374950,-39.12663284680551,-23.77225802194195
250,3,128,-15.35437482486320,30.70874964972640,-8.137810780131488,-7.216564044731713
250,4,10,-.9212467353997844,1.842493470799569,-.4606233676998938,-.4606233676998905
251,1,784,.000000000000000,.000000000000000,-31.27684234486244,31.27684234486244
251,2,128,-62.55368468972443,125.1073693794489,-39.27984205015824,-23.27384263956617
251,3,128,-16.00599941059174,32.01199882118348,-8.382615722418247,-7.623383688173498
251,4,10,-.7592320342447560,1.518464068489512,-.3796160171223797,-.3796160171223764
252,1,784,.000000000000000,.000000000000000,-31.42866646268426,31.42866646268426
252,2,128,-62.85733292536813,125.7146658507363,-39.05013831345686,-23.80719461191128
252,3,128,-15.24294370154520,30.48588740309041,-8.140872163989947,-7.102071537555256
252,4,10,-1.038800626434682,2.077601252869364,-.5194003132173411,-.5194003132173408
253,1,784,.000000000000000,.000000000000000,-31.68796840227011,31.68796840227011
253,2,128,-63.37593680453984,126.7518736090797,-38.99075359513719,-24.38518320940266
253,3,128,-14.60557038573413,29.21114077146825,-7.777368515566365,-6.828201870167762
253,4,10,-.9491666453985929,1.898333290797186,-.4745833226992974,-.4745833226992954
254,1,784,.000000000000000,.000000000000000,-31.43182972870820,31.43182972870820
254,2,128,-62.86365945741598,125.7273189148320,-39.15726468488572,-23.70639477253025
254,3,128,-15.45086991235508,30.90173982471017,-8.184217131989223,-7.266652780365863
254,4,10,-.9175643516233521,1.835128703246704,-.4587821758116764,-.4587821758116756
255,1,784,.000000000000000,.000000000000000,-31.26850928601608,31.26850928601608
255,2,128,-62.53701857203182,125.0740371440636,-39.17702056028208,-23.35999801174975
255,3,128,-15.81702254853192,31.63404509706385,-8.359928952300272,-7.457093596231656
255,4,10,-.9028353560686097,1.805670712137219,-.4514176780343044,-.4514176780343050
256,1,784,.000000000000000,.000000000000000,-31.33431412632805,31.33431412632805
256,2,128,-62.66862825265568,125.3372565053114,-39.23867081132445,-23.42995744133126
256,3,128,-15.80871336999278,31.61742673998555,-8.327383559360429,-7.481329810632348
256,4,10,-.8460537487280767,1.692107497456153,-.4230268743640382,-.4230268743640387
257,1,784,.000000000000000,.000000000000000,-31.43717988261670,31.43717988261670
257,2,128,-62.87435976523302,125.7487195304660,-39.16492923325828,-23.70943053197474
257,3,128,-15.45549870128320,30.91099740256639,-8.121237702622002,-7.334260998661187
257,4,10,-.7869767039608228,1.573953407921646,-.3934883519804114,-.3934883519804113
258,1,784,.000000000000000,.000000000000000,-31.22088987758821,31.22088987758821
258,2,128,-62.44177975517603,124.8835595103521,-39.12616607032903,-23.31561368484702
258,3,128,-15.81055238548164,31.62110477096328,-8.416722816161384,-7.393829569320254
258,4,10,-1.022893246841128,2.045786493682256,-.5114466234205641,-.5114466234205640
259,1,784,.000000000000000,.000000000000000,-31.50954392813118,31.50954392813118
259,2,128,-63.01908785626196,126.0381757125239,-39.01651813595203,-24.00256972030996
259,3,128,-15.01394841564172,30.02789683128343,-8.004066178793630,-7.009882236848084
259,4,10,-.9941839419455621,1.988367883891124,-.4970919709727803,-.4970919709727818
260,1,784,.000000000000000,.000000000000000,-31.53595511299194,31.53595511299194
260,2,128,-63.07191022598355,126.1438204519671,-39.04540884176045,-24.02650138422311
260,3,128,-15.01890745753692,30.03781491507383,-8.009343778432976,-7.009563679103947
260,4,10,-.9997800993290161,1.999560198658032,-.4998900496645078,-.4998900496645082
261,1,784,.000000000000000,.000000000000000,-31.55099700719558,31.55099700719558
261,2,128,-63.10199401439079,126.2039880287816,-39.11399070719947,-23.98800330719132
261,3,128,-15.12598740000779,30.25197480001557,-8.010149252139687,-7.115838147868103
261,4,10,-.8943111042715963,1.788622208543193,-.4471555521357982,-.4471555521357981
262,1,784,.000000000000000,.000000000000000,-31.50390955049710,31.50390955049710
262,2,128,-63.00781910099391,126.0156382019878,-39.15523401169069,-23.85258508930317
262,3,128,-15.30264892238715,30.60529784477431,-8.081169829255566,-7.221479093131584
262,4,10,-.8596907361239907,1.719381472247981,-.4298453680619949,-.4298453680619958
263,1,784,.000000000000000,.000000000000000,-31.25514344292966,31.25514344292966
263,2,128,-62.51028688585890,125.0205737717178,-39.22281851532382,-23.28746837053507
263,3,128,-15.93535014478837,31.87070028957675,-8.386507645993452,-7.548842498794926
263,4,10,-.8376651471985302,1.675330294397060,-.4188325735992642,-.4188325735992660
264,1,784,.000000000000000,.000000000000000,-31.32738191808925,31.32738191808925
264,2,128,-62.65476383617818,125.3095276723564,-38.94827460109052,-23.70648923508768
264,3,128,-15.24178536600247,30.48357073200494,-8.233532054453708,-7.008253311548761
264,4,10,-1.225278742904957,2.450557485809914,-.6126393714524783,-.6126393714524789
265,1,784,.000000000000000,.000000000000000,-31.41296453325037,31.41296453325037
265,2,128,-62.82592906650036,125.6518581330007,-39.15504178186870,-23.67088728463164
265,3,128,-15.48415449723666,30.96830899447333,-8.200303995838020,-7.283850501398645
265,4,10,-.9164534944393692,1.832906988878738,-.4582267472196846,-.4582267472196846
266,1,784,.000000000000000,.000000000000000,-31.76295380037110,31.76295380037110
266,2,128,-63.52590760074191,127.0518152014838,-39.02158782940975,-24.50431977133216
266,3,128,-14.51726805807719,29.03453611615438,-7.681583024158042,-6.835685033919151
266,4,10,-.8458979902388912,1.691795980477782,-.4229489951194459,-.4229489951194454
267,1,784,.000000000000000,.000000000000000,-31.58707841688280,31.58707841688280
267,2,128,-63.17415683376529,126.3483136675306,-39.13541894947861,-24.03873788428664
267,3,128,-15.09668106519161,30.19336213038322,-7.963534500185023,-7.133146565006593
267,4,10,-.8303879351784351,1.660775870356870,-.4151939675892169,-.4151939675892181
268,1,784,.000000000000000,.000000000000000,-31.52175555331860,31.52175555331860
268,2,128,-63.04351110663681,126.0870222132736,-39.12741975229136,-23.91609135434543
268,3,128,-15.21132839794553,30.42265679589106,-8.021462205429064,-7.189866192516463
268,4,10,-.8315960129125851,1.663192025825170,-.4157980064562929,-.4157980064562922
269,1,784,.000000000000000,.000000000000000,-31.73571838611090,31.73571838611090
269,2,128,-63.47143677222140,126.9428735444428,-39.07818483864997,-24.39325193357140
269,3,128,-14.68493290507822,29.36986581015645,-7.750410362657457,-6.934522542420773
269,4,10,-.8158878202366916,1.631775640473383,-.4079439101183459,-.4079439101183457
270,1,784,.000000000000000,.000000000000000,-31.23756787381197,31.23756787381197
270,2,128,-62.47513574762358,124.9502714952472,-39.29614738955697,-23.17898835806660
270,3,128,-16.11715903148997,32.23431806297993,-8.461479162631548,-7.655679868858416
270,4,10,-.8057992937731161,1.611598587546232,-.4028996468865578,-.4028996468865582
271,1,784,.000000000000000,.000000000000000,-31.31878740173330,31.31878740173330
271,2,128,-62.63757480346622,125.2751496069324,-39.15258053323278,-23.48499427023340
271,3,128,-15.66758626299902,31.33517252599804,-8.316097940891703,-7.351488322107314
271,4,10,-.9646096187843982,1.929219237568796,-.4823048093921975,-.4823048093922006
272,1,784,.000000000000000,.000000000000000,-31.43679280782375,31.43679280782375
272,2,128,-62.87358561564704,125.7471712312941,-39.15456231104643,-23.71902330460064
272,3,128,-15.43553900644542,30.87107801289085,-8.167523391401968,-7.268015615043455
272,4,10,-.8995077763585131,1.799015552717026,-.4497538881792569,-.4497538881792563
273,1,784,.000000000000000,.000000000000000,-31.09217772339635,31.09217772339635
273,2,128,-62.18435544679239,124.3687108935848,-39.33871503056960,-22.84564041622278
273,3,128,-16.49307461434641,32.98614922869282,-8.653907593575207,-7.839167020771212
273,4,10,-.8147405728039966,1.629481145607993,-.4073702864019978,-.4073702864019987
274,1,784,.000000000000000,.000000000000000,-31.46069416050022,31.46069416050022
274,2,128,-62.92138832100009,125.8427766420002,-39.15384516202909,-23.76754315897098
274,3,128,-15.38630200305774,30.77260400611548,-8.099339590214459,-7.286962412843282
274,4,10,-.8123771773711808,1.624754354742362,-.4061885886855903,-.4061885886855906
275,1,784,.000000000000000,.000000000000000,-31.63877920707776,31.63877920707776
275,2,128,-63.27755841415522,126.5551168283104,-39.02329990433213,-24.25425850982305
275,3,128,-14.76904139450871,29.53808278901741,-7.847931440404688,-6.921109954104015
275,4,10,-.9268214863006642,1.853642972601328,-.4634107431503323,-.4634107431503320
276,1,784,.000000000000000,.000000000000000,-31.60087077301501,31.60087077301501
276,2,128,-63.20174154602967,126.4034830920593,-39.06646645940931,-24.13527508662040
276,3,128,-14.93119137278850,29.86238274557700,-7.928103222884349,-7.003088149904142
276,4,10,-.9250150729801951,1.850030145960390,-.4625075364900983,-.4625075364900969
277,1,784,.000000000000000,.000000000000000,-31.52344824744107,31.52344824744107
277,2,128,-63.04689649488170,126.0937929897634,-39.14186797289361,-23.90502852198809
277,3,128,-15.23683945090516,30.47367890181033,-8.044121152583486,-7.192718298321677
277,4,10,-.8514028542618113,1.702805708523623,-.4257014271309058,-.4257014271309055
278,1,784,.000000000000000,.000000000000000,-31.53662733953116,31.53662733953116
278,2,128,-63.07325467906192,126.1465093581238,-39.19899242909476,-23.87426224996718
278,3,128,-15.32473017912718,30.64946035825436,-8.034257646028838,-7.290472533098349
278,4,10,-.7437851129305013,1.487570225861003,-.3718925564652501,-.3718925564652514
279,1,784,.000000000000000,.000000000000000,-31.61907848868632,31.61907848868632
279,2,128,-63.23815697737227,126.4763139547445,-39.10201814216639,-24.13613883520589
279,3,128,-14.96587930696011,29.93175861392022,-7.896170884000702,-7.069708422959405
279,4,10,-.8264624610412781,1.652924922082556,-.4132312305206394,-.4132312305206386
280,1,784,.000000000000000,.000000000000000,-31.51976687924243,31.51976687924243
280,2,128,-63.03953375848453,126.0790675169691,-39.06663047554833,-23.97290328293623
280,3,128,-15.09372719261174,30.18745438522349,-8.015270794578816,-7.078456398032921
280,4,10,-.9368143965459040,1.873628793091808,-.4684071982729527,-.4684071982729514
281,1,784,.000000000000000,.000000000000000,-31.23183796446785,31.23183796446785
281,2,128,-62.46367592893534,124.9273518578707,-39.08292345297433,-23.38075247596102
281,3,128,-15.70217097701291,31.40434195402582,-8.365625090983714,-7.336545886029203
281,4,10,-1.029079204954514,2.058158409909028,-.5145396024772566,-.5145396024772574
282,1,784,.000000000000000,.000000000000000,-31.33540828093416,31.33540828093416
282,2,128,-62.67081656186798,125.3416331237360,-39.21491083868547,-23.45590572318250
282,3,128,-15.75900511550264,31.51801023100528,-8.283157922195633,-7.475847193307009
282,4,10,-.8073107288886264,1.614621457777253,-.4036553644443128,-.4036553644443135
283,1,784,.000000000000000,.000000000000000,-31.62114451233287,31.62114451233287
283,2,128,-63.24228902466533,126.4845780493307,-39.09704569242166,-24.14524333224371
283,3,128,-14.95180236017758,29.90360472035516,-7.885232693248778,-7.066569666928799
283,4,10,-.8186630263199781,1.637326052639956,-.4093315131599898,-.4093315131599882
284,1,784,.000000000000000,.000000000000000,-31.39972897504337,31.39972897504337
284,2,128,-62.79945795008644,125.5989159001729,-39.11146591077891,-23.68799203930750
284,3,128,-15.42347387147105,30.84694774294210,-8.174243618329887,-7.249230253141167
284,4,10,-.9250133651887387,1.850026730377477,-.4625066825943681,-.4625066825943706
285,1,784,.000000000000000,.000000000000000,-31.32833403031061,31.32833403031061
285,2,128,-62.65666806062085,125.3133361212417,-38.98601747364182,-23.67065058697903
285,3,128,-15.31536688666244,30.63073377332488,-8.218607219238564,-7.096759667423884
285,4,10,-1.121847551814700,2.243695103629401,-.5609237759073503,-.5609237759073500
286,1,784,.000000000000000,.000000000000000,-31.39708172852927,31.39708172852927
286,2,128,-62.79416345705820,125.5883269141164,-39.24196075282271,-23.55220270423549
286,3,128,-15.68975804858684,31.37951609717368,-8.238101626596505,-7.451656421990337
286,4,10,-.7864452046061646,1.572890409212329,-.3932226023030835,-.3932226023030811
287,1,784,.000000000000000,.000000000000000,-31.62031306250532,31.62031306250532
287,2,128,-63.24062612501027,126.4812522500205,-39.03362335688336,-24.20700276812695
287,3,128,-14.82662058875606,29.65324117751211,-7.891311779466384,-6.935308809289676
287,4,10,-.9560029701766964,1.912005940353393,-.4780014850883484,-.4780014850883480
288,1,784,.000000000000000,.000000000000000,-31.38573035077621,31.38573035077621
288,2,128,-62.77146070155207,125.5429214031041,-39.24040819270868,-23.53105250884342
288,3,128,-15.70935568386487,31.41871136772974,-8.239828525216204,-7.469527158648666
288,4,10,-.7703013665675372,1.540602733135074,-.3851506832837682,-.3851506832837693
289,1,784,.000000000000000,.000000000000000,-31.41899689796904,31.41899689796904
289,2,128,-62.83799379593777,125.6759875918755,-38.96221590042784,-23.87577789550994
289,3,128,-15.08643800491754,30.17287600983509,-8.104585501024875,-6.981852503892656
289,4,10,-1.122732997132215,2.245465994264429,-.5613664985661080,-.5613664985661065
290,1,784,.000000000000000,.000000000000000,-31.17426960508989,31.17426960508989
290,2,128,-62.34853921017937,124.6970784203587,-39.14192759238500,-23.20661161779439
290,3,128,-15.93531597459019,31.87063194918038,-8.505503133507924,-7.429812841082272
290,4,10,-1.075690292425654,2.151380584851307,-.5378451462128262,-.5378451462128275
291,1,784,.000000000000000,.000000000000000,-31.27383354312166,31.27383354312166
291,2,128,-62.54766708624304,125.0953341724861,-39.16519120755951,-23.38247587868353
291,3,128,-15.78271532887562,31.56543065775124,-8.373417325965146,-7.409298002910460
291,4,10,-.9641193230546874,1.928238646109375,-.4820596615273435,-.4820596615273439
292,1,784,.000000000000000,.000000000000000,-31.45595703577925,31.45595703577925
292,2,128,-62.91191407155807,125.8238281431161,-39.14521857819454,-23.76669549336357
292,3,128,-15.37852308483058,30.75704616966115,-8.127230693614237,-7.251292391216325
292,4,10,-.8759383023979124,1.751876604795825,-.4379691511989559,-.4379691511989566
293,1,784,.000000000000000,.000000000000000,-31.70410834582315,31.70410834582315
293,2,128,-63.40821669164593,126.8164333832919,-39.02503153906567,-24.38318515258029
293,3,128,-14.64184638648499,29.28369277296998,-7.736276153188853,-6.905570233296135
293,4,10,-.8307059198927169,1.661411839785434,-.4153529599463575,-.4153529599463596
294,1,784,.000000000000000,.000000000000000,-31.45077260738654,31.45077260738654
294,2,128,-62.90154521477277,125.8030904295455,-39.09822726147652,-23.80331795329625
294,3,128,-15.29490930817991,30.58981861635982,-8.102275133747307,-7.192634174432603
294,4,10,-.9096409593147147,1.819281918629429,-.4548204796573573,-.4548204796573575
295,1,784,.000000000000000,.000000000000000,-31.38820411948806,31.38820411948806
295,2,128,-62.77640823897575,125.5528164779515,-39.14563366380067,-23.63077457517510
295,3,128,-15.51485908862518,31.02971817725035,-8.180065768796515,-7.334793319828663
295,4,10,-.8452724489678339,1.690544897935668,-.4226362244839174,-.4226362244839165
296,1,784,.000000000000000,.000000000000000,-31.36752498071485,31.36752498071485
296,2,128,-62.73504996142937,125.4700999228587,-39.21808182556585,-23.51696813586351
296,3,128,-15.70111368970197,31.40222737940393,-8.265370896658290,-7.435742793043675
296,4,10,-.8296281036146121,1.659256207229224,-.4148140518073066,-.4148140518073055
297,1,784,.000000000000000,.000000000000000,-31.31841764714648,31.31841764714648
297,2,128,-62.63683529429262,125.2736705885852,-39.20884212063898,-23.42799317365365
297,3,128,-15.78084894698492,31.56169789396984,-8.326411095140433,-7.454437851844482
297,4,10,-.8719732432959526,1.743946486591905,-.4359866216479750,-.4359866216479776
298,1,784,.000000000000000,.000000000000000,-31.21165988409426,31.21165988409426
298,2,128,-62.42331976818818,124.8466395363764,-39.23913731597148,-23.18418245221671
298,3,128,-16.05495486375440,32.10990972750881,-8.487511826731291,-7.567443037023114
298,4,10,-.9200687897081909,1.840137579416382,-.4600343948540949,-.4600343948540960
299,1,784,.000000000000000,.000000000000000,-31.06354704868479,31.06354704868479
299,2,128,-62.12709409736922,124.2541881947384,-39.21650750286805,-22.91058659450116
299,3,128,-16.30592090836655,32.61184181673310,-8.646234671358940,-7.659686237007607
299,4,10,-.9865484343513412,1.973096868702682,-.4932742171756708,-.4932742171756704
300,1,784,.000000000000000,.000000000000000,-31.62195625576416,31.62195625576416
300,2,128,-63.24391251152800,126.4878250230560,-39.04019127846986,-24.20372123305812
300,3,128,-14.83647004541137,29.67294009082273,-7.871670363145454,-6.964799682265908
300,4,10,-.9068706808795488,1.813741361759098,-.4534353404397746,-.4534353404397743
301,1,784,.000000000000000,.000000000000000,-31.57688521099327,31.57688521099327
301,2,128,-63.15377042198621,126.3075408439724,-39.10636182103387,-24.04740860095235
301,3,128,-15.05895322008114,30.11790644016228,-7.947949372413253,-7.111003847667886
301,4,10,-.8369455247453756,1.673891049490751,-.4184727623726877,-.4184727623726880
302,1,784,.000000000000000,.000000000000000,-31.41429677289712,31.41429677289712
302,2,128,-62.82859354579394,125.6571870915879,-39.12968639803707,-23.69890714775683
302,3,128,-15.43077925027988,30.86155850055976,-8.149986062912008,-7.280793187367875
302,4,10,-.8691928755441296,1.738385751088259,-.4345964377720652,-.4345964377720644
303,1,784,.000000000000000,.000000000000000,-31.51492322946106,31.51492322946106
303,2,128,-63.02984645892174,126.0596929178435,-39.15792940037005,-23.87191705855173
303,3,128,-15.28601234181795,30.57202468363589,-8.045590699431459,-7.240421642386488
303,4,10,-.8051690570449703,1.610338114089941,-.4025845285224852,-.4025845285224851
304,1,784,.000000000000000,.000000000000000,-31.45636452182776,31.45636452182776
304,2,128,-62.91272904365509,125.8254580873102,-39.13849840082741,-23.77423064282777
304,3,128,-15.36426775799923,30.72853551599847,-8.112349125462815,-7.251918632536421
304,4,10,-.8604304929263971,1.720860985852794,-.4302152464632000,-.4302152464631971
305,1,784,.000000000000000,.000000000000000,-31.21872101374818,31.21872101374818
305,2,128,-62.43744202749600,124.8748840549920,-39.18589044828993,-23.25155157920605
305,3,128,-15.93433886908353,31.86867773816705,-8.440073019535403,-7.494265849548122
305,4,10,-.9458071699872810,1.891614339974562,-.4729035849936395,-.4729035849936415
306,1,784,.000000000000000,.000000000000000,-31.51797511792353,31.51797511792353
306,2,128,-63.03595023584667,126.0719004716933,-39.03676701728573,-23.99918321856097
306,3,128,-15.03758379872439,30.07516759744877,-7.998709957205020,-7.038873841519366
306,4,10,-.9598361156856685,1.919672231371337,-.4799180578428335,-.4799180578428349
307,1,784,.000000000000000,.000000000000000,-31.24082888094815,31.24082888094815
307,2,128,-62.48165776189587,124.9633155237917,-39.09463403951371,-23.38702372238216
307,3,128,-15.70761031713115,31.41522063426230,-8.381624617195715,-7.325985699935434
307,4,10,-1.055638917260276,2.111277834520553,-.5278194586301390,-.5278194586301374
308,1,784,.000000000000000,.000000000000000,-31.52091171451281,31.52091171451281
308,2,128,-63.04182342902519,126.0836468580504,-39.09142947440090,-23.95039395462430
308,3,128,-15.14103551977622,30.28207103955243,-8.023560982766609,-7.117474537009608
308,4,10,-.9060864457570085,1.812172891514017,-.4530432228785043,-.4530432228785042
309,1,784,.000000000000000,.000000000000000,-31.36147805779727,31.36147805779727
309,2,128,-62.72295611559418,125.4459122311884,-39.11880486520608,-23.60415125038808
309,3,128,-15.51465361481761,31.02930722963523,-8.247437437426022,-7.267216177391596
309,4,10,-.9802212600344328,1.960442520068866,-.4901106300172172,-.4901106300172156
310,1,784,.000000000000000,.000000000000000,-31.46575024819205,31.46575024819205
310,2,128,-62.93150049638374,125.8630009927675,-38.98297118612165,-23.94852931026210
310,3,128,-15.03444187585917,30.06888375171835,-8.037681212994690,-6.996760662864483
310,4,10,-1.040920550130199,2.081841100260398,-.5204602750650993,-.5204602750651001
311,1,784,.000000000000000,.000000000000000,-31.15556305411963,31.15556305411963
311,2,128,-62.31112610823886,124.6222522164777,-39.12829271545937,-23.18283339277951
311,3,128,-15.94545932267947,31.89091864535894,-8.497077328429922,-7.448381994249552
311,4,10,-1.048695334180368,2.097390668360737,-.5243476670901837,-.5243476670901848
312,1,784,.000000000000000,.000000000000000,-31.62142388558543,31.62142388558543
312,2,128,-63.24284777117052,126.4856955423410,-39.16169836412094,-24.08114940704955
312,3,128,-15.08054895707101,30.16109791414203,-7.902082180279836,-7.178466776791178
312,4,10,-.7236154034886679,1.447230806977336,-.3618077017443337,-.3618077017443342
313,1,784,.000000000000000,.000000000000000,-31.31120102839723,31.31120102839723
313,2,128,-62.62240205679407,125.2448041135881,-39.18369155765875,-23.43871049913531
313,3,128,-15.74498105852306,31.48996211704613,-8.325083438018199,-7.419897620504873
313,4,10,-.9051858175133285,1.810371635026657,-.4525929087566628,-.4525929087566657
314,1,784,.000000000000000,.000000000000000,-31.70253409309226,31.70253409309226
314,2,128,-63.40506818618421,126.8101363723684,-38.97833445165519,-24.42673373452900
314,3,128,-14.55160071712582,29.10320143425164,-7.736273935037571,-6.815326782088249
314,4,10,-.9209471529493207,1.841894305898641,-.4604735764746598,-.4604735764746610
315,1,784,.000000000000000,.000000000000000,-31.22633983859981,31.22633983859981
315,2,128,-62.45267967719924,124.9053593543985,-39.15846613843892,-23.29421353876034
315,3,128,-15.86425259967816,31.72850519935632,-8.441884435256185,-7.422368164421969
315,4,10,-1.019516270834209,2.039032541668417,-.5097581354171037,-.5097581354171050
316,1,784,.000000000000000,.000000000000000,-31.59829027798657,31.59829027798657
316,2,128,-63.19658055597279,126.3931611119456,-39.10527856632662,-24.09130198964619
316,3,128,-15.01397657668006,30.02795315336012,-7.917884459018990,-7.096092117661073
316,4,10,-.8217923413579091,1.643584682715818,-.4108961706789550,-.4108961706789542
317,1,784,.000000000000000,.000000000000000,-31.21007896495739,31.21007896495739
317,2,128,-62.42015792991445,124.8403158598289,-38.95555758182550,-23.46460034808894
317,3,128,-15.49095723373620,30.98191446747240,-8.380288798184955,-7.110668435551233
317,4,10,-1.269620362633726,2.539240725267452,-.6348101813168621,-.6348101813168637
318,1,784,.000000000000000,.000000000000000,-31.32666237792807,31.32666237792807
318,2,128,-62.65332475585573,125.3066495117115,-39.05487580148431,-23.59844895437142
318,3,128,-15.45642684711250,30.91285369422500,-8.288800836197913,-7.167626010914584
318,4,10,-1.121174825283326,2.242349650566652,-.5605874126416637,-.5605874126416623
319,1,784,.000000000000000,.000000000000000,-31.51646134618339,31.51646134618339
319,2,128,-63.03292269236638,126.0658453847328,-39.14307680589495,-23.88984588647141
319,3,128,-15.25323091942315,30.50646183884630,-8.038200239479814,-7.215030679943326
319,4,10,-.8231695595364793,1.646339119072959,-.4115847797682399,-.4115847797682395
320,1,784,.000000000000000,.000000000000000,-31.57738269181484,31.57738269181484
320,2,128,-63.15476538362939,126.3095307672588,-39.12099554643780,-24.03376983719156
320,3,128,-15.08722570924589,30.17445141849178,-7.960971103012763,-7.126254606233128
320,4,10,-.8347164967796338,1.669432993559268,-.4173582483898179,-.4173582483898159
321,1,784,.000000000000000,.000000000000000,-31.45381422761343,31.45381422761343
321,2,128,-62.90762845522648,125.8152569104530,-39.02663993632787,-23.88098851889864
321,3,128,-15.14565141742886,30.29130283485771,-8.100977017934280,-7.044674399494581
321,4,10,-1.056302618439696,2.112605236879392,-.5281513092198485,-.5281513092198472
322,1,784,.000000000000000,.000000000000000,-31.35411472991409,31.35411472991409
322,2,128,-62.70822945982787,125.4164589196557,-39.23155230920944,-23.47667715061841
322,3,128,-15.75487515859066,31.50975031718133,-8.303568061843256,-7.451307096747402
322,4,10,-.8522609650958477,1.704521930191695,-.4261304825479234,-.4261304825479244
323,1,784,.000000000000000,.000000000000000,-31.24786504679530,31.24786504679530
323,2,128,-62.49573009359025,124.9914601871805,-39.23331107350599,-23.26241902008424
323,3,128,-15.97089205342140,31.94178410684280,-8.414654821059035,-7.556237232362366
323,4,10,-.8584175886966685,1.716835177393337,-.4292087943483335,-.4292087943483350
324,1,784,.000000000000000,.000000000000000,-31.53237982898133,31.53237982898133
324,2,128,-63.06475965796235,126.1295193159247,-39.07670340099686,-23.98805625696552
324,3,128,-15.08864714403100,30.17729428806200,-7.973387972448275,-7.115259171582721
324,4,10,-.8581288008655648,1.716257601731130,-.4290644004327828,-.4290644004327820
325,1,784,.000000000000000,.000000000000000,-31.11677108159661,31.11677108159661
325,2,128,-62.23354216319289,124.4670843263858,-39.26904899457593,-22.96449316861695
325,3,128,-16.30455582595859,32.60911165191717,-8.597571249471235,-7.706984576487348
325,4,10,-.8905866729838814,1.781173345967763,-.4452933364919403,-.4452933364919410
326,1,784,.000000000000000,.000000000000000,-31.60181962815570,31.60181962815570
326,2,128,-63.20363925631104,126.4072785126221,-38.98185583550251,-24.22178342080855
326,3,128,-14.76007241469358,29.52014482938716,-7.873323636983065,-6.886748777710513
326,4,10,-.9865748592725457,1.973149718545091,-.4932874296362735,-.4932874296362723
327,1,784,.000000000000000,.000000000000000,-31.29741234704804,31.29741234704804
327,2,128,-62.59482469409575,125.1896493881915,-39.18735720273055,-23.40746749136519
327,3,128,-15.77988971136500,31.55977942272999,-8.332783837474485,-7.447105873890518
327,4,10,-.8856779635839691,1.771355927167938,-.4428389817919848,-.4428389817919843
328,1,784,.000000000000000,.000000000000000,-31.56882668831382,31.56882668831382
328,2,128,-63.13765337662725,126.2753067532545,-39.09915507082715,-24.03849830580008
328,3,128,-15.06065676502672,30.12131353005344,-7.949396007506495,-7.111260757520229
328,4,10,-.8381352499862759,1.676270499972552,-.4190676249931379,-.4190676249931381
329,1,784,.000000000000000,.000000000000000,-31.37607433559696,31.37607433559696
329,2,128,-62.75214867119357,125.5042973423871,-39.22636237329056,-23.52578629790296
329,3,128,-15.70057607538724,31.40115215077449,-8.244845487226923,-7.455730588160329
329,4,10,-.7891148990665882,1.578229798133176,-.3945574495332937,-.3945574495332944
330,1,784,.000000000000000,.000000000000000,-31.32515907041952,31.32515907041952
330,2,128,-62.65031814083869,125.3006362816774,-39.07317145805983,-23.57714668277885
330,3,128,-15.49602477528061,30.99204955056121,-8.295958111764515,-7.200066663516083
330,4,10,-1.095891448248432,2.191782896496865,-.5479457241242165,-.5479457241242158
331,1,784,.000000000000000,.000000000000000,-31.60683990313971,31.60683990313971
331,2,128,-63.21367980627897,126.4273596125579,-39.07644730915007,-24.13723249712887
331,3,128,-14.93921481202084,29.87842962404168,-7.894580257706389,-7.044634554314450
331,4,10,-.8499457033919389,1.699891406783878,-.4249728516959697,-.4249728516959692
332,1,784,.000000000000000,.000000000000000,-31.70297416193336,31.70297416193336
332,2,128,-63.40594832386642,126.8118966477328,-38.96929915238285,-24.43664917148356
332,3,128,-14.53264998089893,29.06529996179786,-7.737032593008362,-6.795617387890565
332,4,10,-.9414152051178035,1.882830410235607,-.4707076025589009,-.4707076025589026
333,1,784,.000000000000000,.000000000000000,-31.13492553470170,31.13492553470170
333,2,128,-62.26985106940296,124.5397021388059,-39.25178517869341,-23.01806589070956
333,3,128,-16.23371928798348,32.46743857596695,-8.574912353432332,-7.658806934551145
333,4,10,-.9161054188811921,1.832210837762384,-.4580527094405952,-.4580527094405970
334,1,784,.000000000000000,.000000000000000,-31.59415758534340,31.59415758534340
334,2,128,-63.18831517068644,126.3766303413729,-39.06016974947860,-24.12814542120784
334,3,128,-14.93202432827042,29.86404865654084,-7.920187018294945,-7.011837309975469
334,4,10,-.9083497083195059,1.816699416639012,-.4541748541597515,-.4541748541597543
335,1,784,.000000000000000,.000000000000000,-31.92487247905432,31.92487247905432
335,2,128,-63.84974495810835,127.6994899162167,-38.97810142136642,-24.87164353674193
335,3,128,-14.10645788462418,28.21291576924835,-7.444410160970772,-6.662047723653401
335,4,10,-.7823624373173828,1.564724874634766,-.3911812186586913,-.3911812186586915
336,1,784,.000000000000000,.000000000000000,-31.52449093177232,31.52449093177232
336,2,128,-63.04898186354430,126.0979637270886,-39.07508892440522,-23.97389293913907
336,3,128,-15.10119598526577,30.20239197053153,-8.024385204602764,-7.076810780663010
336,4,10,-.9475744239397341,1.895148847879468,-.4737872119698675,-.4737872119698666
337,1,784,.000000000000000,.000000000000000,-31.32083619752446,31.32083619752446
337,2,128,-62.64167239504852,125.2833447900970,-39.20915581832814,-23.43251657672035
337,3,128,-15.77663924160743,31.55327848321485,-8.317888315439045,-7.458750926168388
337,4,10,-.8591373892706397,1.718274778541279,-.4295686946353199,-.4295686946353197
338,1,784,.000000000000000,.000000000000000,-31.48549317540895,31.48549317540895
338,2,128,-62.97098635081755,125.9419727016351,-39.04557876118539,-23.92540758963213
338,3,128,-15.12017117155292,30.24034234310584,-8.068827822787984,-7.051343348764938
338,4,10,-1.017484474023055,2.034968948046111,-.5087422370115278,-.5087422370115277
339,1,784,.000000000000000,.000000000000000,-31.76036583440608,31.76036583440608
339,2,128,-63.52073166881181,127.0414633376236,-39.02266151311609,-24.49807015569569
339,3,128,-14.52459135742000,29.04918271484000,-7.675261771233315,-6.849329586186689
339,4,10,-.8259321850466215,1.651864370093243,-.4129660925233105,-.4129660925233110
340,1,784,.000000000000000,.000000000000000,-31.53101957831143,31.53101957831143
340,2,128,-63.06203915662246,126.1240783132449,-39.14933635273275,-23.91270280388973
340,3,128,-15.23663354884262,30.47326709768524,-8.035263699669326,-7.201369849173305
340,4,10,-.8338938504960259,1.667787700992052,-.4169469252480120,-.4169469252480140
341,1,784,.000000000000000,.000000000000000,-31.51403700909973,31.51403700909973
341,2,128,-63.02807401819915,126.0561480363983,-39.08830155001959,-23.93977246817955
341,3,128,-15.14852908183967,30.29705816367934,-8.050247387298114,-7.098281694541559
341,4,10,-.9519656927565494,1.903931385513099,-.4759828463782743,-.4759828463782750
342,1,784,.000000000000000,.000000000000000,-31.54262760146974,31.54262760146974
342,2,128,-63.08525520293913,126.1705104058783,-39.04247635173476,-24.04277885120437
342,3,128,-14.99969750053002,29.99939500106003,-7.988185825252740,-7.011511675277279
342,4,10,-.9766741499754678,1.953348299950936,-.4883370749877344,-.4883370749877334
343,1,784,.000000000000000,.000000000000000,-31.40660030902540,31.40660030902540
343,2,128,-62.81320061805042,125.6264012361008,-39.17815923580158,-23.63504138224882
343,3,128,-15.54311785355241,31.08623570710482,-8.187684429334521,-7.355433424217889
343,4,10,-.8322510051166304,1.664502010233261,-.4161255025583143,-.4161255025583162
344,1,784,.000000000000000,.000000000000000,-31.22613738052413,31.22613738052413
344,2,128,-62.45227476104789,124.9045495220958,-39.07624192497546,-23.37603283607245
344,3,128,-15.70020908890263,31.40041817780527,-8.387225076910168,-7.312984011992466
344,4,10,-1.074241064917723,2.148482129835447,-.5371205324588622,-.5371205324588614
345,1,784,.000000000000000,.000000000000000,-31.47716681451049,31.47716681451049
345,2,128,-62.95433362902067,125.9086672580413,-39.05800899009282,-23.89632463892780
345,3,128,-15.16168435116469,30.32336870232939,-8.084548396644761,-7.077135954519934
345,4,10,-1.007412442124833,2.014824884249666,-.5037062210624165,-.5037062210624164
346,1,784,.000000000000000,.000000000000000,-31.54732286403317,31.54732286403317
346,2,128,-63.09464572806604,126.1892914561321,-39.16603920176086,-23.92860652630518
346,3,128,-15.23743267545531,30.47486535091063,-8.016138132328331,-7.221294543126975
346,4,10,-.7948435892013688,1.589687178402738,-.3974217946006838,-.3974217946006848
347,1,784,.000000000000000,.000000000000000,-31.41080975874747,31.41080975874747
347,2,128,-62.82161951749455,125.6432390349891,-39.19506265082848,-23.62655686666609
347,3,128,-15.56850578416201,31.13701156832401,-8.199021215054172,-7.369484569107838
347,4,10,-.8295366459463509,1.659073291892702,-.4147683229731758,-.4147683229731750
348,1,784,.000000000000000,.000000000000000,-31.62511122676322,31.62511122676322
348,2,128,-63.25022245352606,126.5004449070521,-38.99589667755009,-24.25432577597599
348,3,128,-14.74157090157376,29.48314180314753,-7.864972473603196,-6.876598427970568
348,4,10,-.9883740456326158,1.976748091265232,-.4941870228163079,-.4941870228163079
349,1,784,.000000000000000,.000000000000000,-31.88867914637082,31.88867914637082
349,2,128,-63.77735829274135,127.5547165854827,-38.89789157790367,-24.87946671483769
349,3,128,-14.01842486306554,28.03684972613107,-7.493378948022754,-6.525045915042790
349,4,10,-.9683330329799462,1.936666065959892,-.4841665164899732,-.4841665164899731
350,1,784,.000000000000000,.000000000000000,-31.56915711587872,31.56915711587872
350,2,128,-63.13831423175709,126.2766284635142,-39.08381483297679,-24.05449939878032
350,3,128,-15.02931543419607,30.05863086839214,-7.949110208273226,-7.080205225922840
350,4,10,-.8689049823503852,1.737809964700770,-.4344524911751926,-.4344524911751925
351,1,784,.000000000000000,.000000000000000,-31.38681391380004,31.38681391380004
351,2,128,-62.77362782759981,125.5472556551996,-39.00563968040476,-23.76798814719504
351,3,128,-15.23765153320932,30.47530306641864,-8.152696699819407,-7.084954833389920
351,4,10,-1.067741866429494,2.135483732858988,-.5338709332147463,-.5338709332147475
352,1,784,.000000000000000,.000000000000000,-31.40628178496314,31.40628178496314
352,2,128,-62.81256356992591,125.6251271398518,-39.05646388510203,-23.75609968482389
352,3,128,-15.30036420027779,30.60072840055558,-8.169747846140444,-7.130616354137342
352,4,10,-1.039131492003099,2.078262984006198,-.5195657460015500,-.5195657460015493
353,1,784,.000000000000000,.000000000000000,-31.39679545092435,31.39679545092435
353,2,128,-62.79359090184838,125.5871818036968,-38.95877065117672,-23.83482025067169
353,3,128,-15.12395040050466,30.24790080100933,-8.143536199134470,-6.980414201370205
353,4,10,-1.163121997764280,2.326243995528561,-.5815609988821394,-.5815609988821411
354,1,784,.000000000000000,.000000000000000,-31.36745411107034,31.36745411107034
354,2,128,-62.73490822214031,125.4698164442806,-39.32243606182895,-23.41247216031134
354,3,128,-15.90996390151729,31.81992780303457,-8.302342272141924,-7.607621629375359
354,4,10,-.6947206427665693,1.389441285533139,-.3473603213832840,-.3473603213832853
355,1,784,.000000000000000,.000000000000000,-31.43143785655904,31.43143785655904
355,2,128,-62.86287571311774,125.7257514262355,-39.07629426635652,-23.78658144676121
355,3,128,-15.28971281959493,30.57942563918985,-8.141484662065599,-7.148228157529321
355,4,10,-.9932565045362842,1.986513009072568,-.4966282522681409,-.4966282522681433
356,1,784,.000000000000000,.000000000000000,-31.51367066100567,31.51367066100567
356,2,128,-63.02734132201114,126.0546826440223,-39.11384026522706,-23.91350105678408
356,3,128,-15.20033920844260,30.40067841688521,-8.031238989458837,-7.169100218983757
356,4,10,-.8621387704750699,1.724277540950140,-.4310693852375347,-.4310693852375350
357,1,784,.000000000000000,.000000000000000,-31.35603366867845,31.35603366867845
357,2,128,-62.71206733735658,125.4241346747132,-39.27014391882349,-23.44192341853309
357,3,128,-15.82822050029003,31.65644100058005,-8.284096888411863,-7.544123611878165
357,4,10,-.7399732765337013,1.479946553067403,-.3699866382668514,-.3699866382668497
358,1,784,.000000000000000,.000000000000000,-31.58199329841196,31.58199329841196
358,2,128,-63.16398659682349,126.3279731936470,-39.00376217246504,-24.16022442435847
358,3,128,-14.84353774810618,29.68707549621237,-7.928924149245414,-6.914613598860771
358,4,10,-1.014310550384654,2.028621100769307,-.5071552751923277,-.5071552751923258
359,1,784,.000000000000000,.000000000000000,-31.57219634481898,31.57219634481898
359,2,128,-63.14439268963752,126.2887853792750,-39.15850670803255,-23.98588598160497
359,3,128,-15.17262072642721,30.34524145285442,-7.960197821373368,-7.212422905053841
359,4,10,-.7477749163195427,1.495549832639085,-.3738874581597703,-.3738874581597724
360,1,784,.000000000000000,.000000000000000,-31.60563253582907,31.60563253582907
360,2,128,-63.21126507165779,126.4225301433156,-39.11881234089275,-24.09245273076504
360,3,128,-15.02635961012736,30.05271922025472,-7.930161967224288,-7.096197642903071
360,4,10,-.8339643243212168,1.667928648642434,-.4169821621606080,-.4169821621606088
361,1,784,.000000000000000,.000000000000000,-31.59005095631628,31.59005095631628
361,2,128,-63.18010191263226,126.3602038252645,-39.02675108030360,-24.15335083232867
361,3,128,-14.87340024797460,29.74680049594919,-7.897670277474053,-6.975729970500538
361,4,10,-.9219403069735079,1.843880613947016,-.4609701534867547,-.4609701534867532
362,1,784,.000000000000000,.000000000000000,-31.25140395091256,31.25140395091256
362,2,128,-62.50280790182477,125.0056158036495,-39.19201801604225,-23.31078988578252
362,3,128,-15.88122813025936,31.76245626051873,-8.406248393608681,-7.474979736650688
362,4,10,-.9312686569579903,1.862537313915981,-.4656343284789938,-.4656343284789964
363,1,784,.000000000000000,.000000000000000,-31.40831014842313,31.40831014842313
363,2,128,-62.81662029684593,125.6332405936919,-39.07368543470518,-23.74293486214075
363,3,128,-15.33075057256405,30.66150114512811,-8.142091670273006,-7.188658902291044
363,4,10,-.9534327679819744,1.906865535963949,-.4767163839909868,-.4767163839909876
364,1,784,.000000000000000,.000000000000000,-31.41445060502271,31.41445060502271
364,2,128,-62.82890121004507,125.6578024200901,-39.12260379825427,-23.70629741179079
364,3,128,-15.41630638646308,30.83261277292615,-8.170012888892986,-7.246293497570080
364,4,10,-.9237193913229043,1.847438782645809,-.4618596956614513,-.4618596956614529
365,1,784,.000000000000000,.000000000000000,-31.62902366323189,31.62902366323189
365,2,128,-63.25804732646345,126.5160946529269,-39.04245389922806,-24.21559342723539
365,3,128,-14.82686047199232,29.65372094398463,-7.868967163269105,-6.957893308723210
365,4,10,-.9110738545459128,1.822147709091826,-.4555369272729570,-.4555369272729559
366,1,784,.000000000000000,.000000000000000,-31.48788605029107,31.48788605029107
366,2,128,-62.97577210058179,125.9515442011636,-39.06876091437184,-23.90701118620997
366,3,128,-15.16174972816152,30.32349945632305,-8.044423978793276,-7.117325749368256
366,4,10,-.9270982294250413,1.854196458850083,-.4635491147125206,-.4635491147125208
367,1,784,.000000000000000,.000000000000000,-31.43524525642729,31.43524525642729
367,2,128,-62.87049051285421,125.7409810257084,-39.00811164960606,-23.86237886324815
367,3,128,-15.14573278635754,30.29146557271508,-8.103604813675345,-7.042127972682196
367,4,10,-1.061476840993151,2.122953681986303,-.5307384204965765,-.5307384204965749
368,1,784,.000000000000000,.000000000000000,-31.31674863193264,31.31674863193264
368,2,128,-62.63349726386502,125.2669945277300,-39.03700594215080,-23.59649132171421
368,3,128,-15.44051462043624,30.88102924087248,-8.275172398154240,-7.165342222282002
368,4,10,-1.109830175872238,2.219660351744477,-.5549150879361188,-.5549150879361198
369,1,784,.000000000000000,.000000000000000,-31.53222304161105,31.53222304161105
369,2,128,-63.06444608322170,126.1288921664434,-39.05086168128959,-24.01358440193211
369,3,128,-15.03727727935709,30.07455455871417,-7.990722036340872,-7.046555243016220
369,4,10,-.9441667933246434,1.888333586649287,-.4720833966623226,-.4720833966623208
370,1,784,.000000000000000,.000000000000000,-31.32268721755555,31.32268721755555
370,2,128,-62.64537443511078,125.2907488702216,-39.14489336362055,-23.50048107149020
370,3,128,-15.64441229212998,31.28882458425996,-8.332616121908718,-7.311796170221271
370,4,10,-1.020819951687442,2.041639903374883,-.5104099758437215,-.5104099758437203
371,1,784,.000000000000000,.000000000000000,-31.39766929210452,31.39766929210452
371,2,128,-62.79533858420871,125.5906771684174,-39.14915846420342,-23.64618012000529
371,3,128,-15.50297834419777,31.00595668839554,-8.210745015978047,-7.292233328219717
371,4,10,-.9185116877583204,1.837023375516641,-.4592558438791606,-.4592558438791598
372,1,784,.000000000000000,.000000000000000,-31.50349871058137,31.50349871058137
372,2,128,-63.00699742116232,126.0139948423246,-39.13668695354909,-23.87031046761325
372,3,128,-15.26637648593546,30.53275297187093,-8.040486199447667,-7.225890286487800
372,4,10,-.8145959129598487,1.629191825919697,-.4072979564799239,-.4072979564799248
373,1,784,.000000000000000,.000000000000000,-31.28009333881222,31.28009333881222
373,2,128,-62.56018667762406,125.1203733552481,-39.24065356114500,-23.31953311647908
373,3,128,-15.92112044466552,31.84224088933104,-8.368194630639140,-7.552925814026381
373,4,10,-.8152688166127667,1.630537633225533,-.4076344083063829,-.4076344083063839
374,1,784,.000000000000000,.000000000000000,-31.39322650280322,31.39322650280322
374,2,128,-62.78645300560618,125.5729060112124,-39.03187769219083,-23.75457531341537
374,3,128,-15.27730237877507,30.55460475755013,-8.193415027892902,-7.083887350882165
374,4,10,-1.109527677010738,2.219055354021476,-.5547638385053691,-.5547638385053686
375,1,784,.000000000000000,.000000000000000,-31.32676805687314,31.32676805687314
375,2,128,-62.65353611374595,125.3070722274919,-39.03509564160220,-23.61844047214375
375,3,128,-15.41665516945807,30.83331033891614,-8.263732895053044,-7.152922274405024
375,4,10,-1.110810620648034,2.221621241296069,-.5554053103240160,-.5554053103240184
376,1,784,.000000000000000,.000000000000000,-31.35125925901088,31.35125925901088
376,2,128,-62.70251851802149,125.4050370360430,-39.10741230235858,-23.59510621566288
376,3,128,-15.51230608669533,31.02461217339066,-8.249368254523338,-7.262937832172000
376,4,10,-.9864304223513416,1.972860844702683,-.4932152111756709,-.4932152111756707
377,1,784,.000000000000000,.000000000000000,-31.47697167581204,31.47697167581204
377,2,128,-62.95394335162369,125.9078867032474,-38.98651699302125,-23.96742635860245
377,3,128,-15.01909063441845,30.03818126883690,-8.048352507835018,-6.970738126583434
377,4,10,-1.077614381251591,2.155228762503181,-.5388071906257942,-.5388071906257964
378,1,784,.000000000000000,.000000000000000,-31.15599137208122,31.15599137208122
378,2,128,-62.31198274416214,124.6239654883243,-39.16432347395630,-23.14765927020582
378,3,128,-16.01666420375011,32.03332840750021,-8.517509699199136,-7.499154504550971
378,4,10,-1.018355194648164,2.036710389296329,-.5091775973240817,-.5091775973240827
379,1,784,.000000000000000,.000000000000000,-31.61981069182547,31.61981069182547
379,2,128,-63.23962138365059,126.4792427673012,-39.18154880488868,-24.05807257876187
379,3,128,-15.12347622612648,30.24695245225297,-7.922876639898607,-7.200599586227872
379,4,10,-.7222770536707309,1.444554107341462,-.3611385268353662,-.3611385268353647
380,1,784,.000000000000000,.000000000000000,-31.67903131659680,31.67903131659680
380,2,128,-63.35806263319328,126.7161252663866,-39.04504020718003,-24.31302242601321
380,3,128,-14.73201778116648,29.46403556233297,-7.799958020810912,-6.932059760355567
380,4,10,-.8678982604553478,1.735796520910696,-.4339491302276742,-.4339491302276736
381,1,784,.000000000000000,.000000000000000,-31.41484425429954,31.41484425429954
381,2,128,-62.82968850859868,125.6593770171974,-39.15531028887022,-23.67437821972848
381,3,128,-15.48093206914132,30.96186413828263,-8.183006981443361,-7.297925087697949
381,4,10,-.8850818937454104,1.770163787490821,-.4425409468727055,-.4425409468727048
382,1,784,.000000000000000,.000000000000000,-31.28285408929927,31.28285408929927
382,2,128,-62.56570817859821,125.1314163571964,-39.03385141340359,-23.53185676519462
382,3,128,-15.50199464820857,31.00398929641715,-8.335630754773844,-7.166363893434724
382,4,10,-1.169266861339122,2.338533722678243,-.5846334306695598,-.5846334306695615
383,1,784,.000000000000000,.000000000000000,-31.30856237041317,31.30856237041317
383,2,128,-62.61712474082600,125.2342494816520,-39.17177930875513,-23.44534543207085
383,3,128,-15.72643387668395,31.45286775336789,-8.330515242734389,-7.395918633949556
383,4,10,-.9345966087848498,1.869193217569700,-.4672983043924259,-.4672983043924240
384,1,784,.000000000000000,.000000000000000,-31.06344852887790,31.06344852887790
384,2,128,-62.12689705775541,124.2537941155108,-39.14360575573464,-22.98329130202077
384,3,128,-16.16031445371350,32.32062890742701,-8.643680803784099,-7.516633649929402
384,4,10,-1.127047153854712,2.254094307709424,-.5635235769273548,-.5635235769273570
385,1,784,.000000000000000,.000000000000000,-31.56836421471753,31.56836421471753
385,2,128,-63.13672842943468,126.2734568588694,-39.11836800602908,-24.01836042340561
385,3,128,-15.10000758262310,30.20001516524620,-7.968751495453342,-7.131256087169756
385,4,10,-.8374954082835989,1.674990816567198,-.4187477041418006,-.4187477041417983
386,1,784,.000000000000000,.000000000000000,-31.48685030061282,31.48685030061282
386,2,128,-62.97370060122535,125.9474012024507,-39.19199946943193,-23.78170113179344
386,3,128,-15.41029833763816,30.82059667527632,-8.087773881690001,-7.322524455948145
386,4,10,-.7652494257418571,1.530498851483714,-.3826247128709277,-.3826247128709294
387,1,784,.000000000000000,.000000000000000,-31.47427995678832,31.47427995678832
387,2,128,-62.94855991357622,125.8971198271524,-38.94100563953676,-24.00755427403947
387,3,128,-14.93345136549691,29.86690273099382,-8.039408850130656,-6.894042515366255
387,4,10,-1.145366334764415,2.290732669528831,-.5726831673822064,-.5726831673822088
388,1,784,.000000000000000,.000000000000000,-31.27735819916050,31.27735819916050
388,2,128,-62.55471639832058,125.1094327966412,-39.25683742479013,-23.29787897353042
388,3,128,-15.95895845125933,31.91791690251866,-8.397046158898977,-7.561912292360362
388,4,10,-.8351338665386264,1.670267733077253,-.4175669332693133,-.4175669332693132
389,1,784,.000000000000000,.000000000000000,-31.45969772005066,31.45969772005066
389,2,128,-62.91939544010090,125.8387908802018,-39.08159104868589,-23.83780439141502
389,3,128,-15.24378665727050,30.48757331454101,-8.101122548200019,-7.142664109070480
389,4,10,-.9584584391295450,1.916916878259090,-.4792292195647724,-.4792292195647726
390,1,784,.000000000000000,.000000000000000,-31.31403012250435,31.31403012250435
390,2,128,-62.62806024500841,125.2561204900168,-39.27458066466804,-23.35347958034034
390,3,128,-15.92110108432731,31.84220216865462,-8.376276101731184,-7.544824982596132
390,4,10,-.8314511191350232,1.662902238270046,-.4157255595675118,-.4157255595675113
391,1,784,.000000000000000,.000000000000000,-31.34633975146521,31.34633975146521
391,2,128,-62.69267950293010,125.3853590058602,-39.15066526750203,-23.54201423542804
391,3,128,-15.60865103207362,31.21730206414725,-8.275050910587320,-7.333600121486311
391,4,10,-.9414507891010142,1.882901578202028,-.4707253945505064,-.4707253945505079
392,1,784,.000000000000000,.000000000000000,-31.61814406193817,31.61814406193817
392,2,128,-63.23628812387602,126.4725762477520,-39.02386807292913,-24.21242005094689
392,3,128,-14.81144802198186,29.62289604396371,-7.879834134622109,-6.931613887359753
392,4,10,-.9482202472623482,1.896440494524696,-.4741101236311740,-.4741101236311742
393,1,784,.000000000000000,.000000000000000,-31.48870831779340,31.48870831779340
393,2,128,-62.97741663558644,125.9548332711729,-39.08482235154456,-23.89259428404189
393,3,128,-15.19222806750230,30.38445613500460,-8.070892661135039,-7.121335406367256
393,4,10,-.9495572547677785,1.899114509535557,-.4747786273838893,-.4747786273838893
394,1,784,.000000000000000,.000000000000000,-31.56702613916528,31.56702613916528
394,2,128,-63.13405227833024,126.2681045566605,-39.07551713367914,-24.05853514465111
394,3,128,-15.01698198902766,30.03396397805531,-7.951180066703858,-7.065801922323799
394,4,10,-.8853781443800619,1.770756288760124,-.4426890721900308,-.4426890721900312
395,1,784,.000000000000000,.000000000000000,-31.57669706737635,31.57669706737635
395,2,128,-63.15339413475239,126.3067882695048,-38.85507358808364,-24.29832054666875
395,3,128,-14.55675304141453,29.11350608282905,-7.889220551776289,-6.667532489638239
395,4,10,-1.221688062138043,2.443376124276085,-.6108440310690215,-.6108440310690211
396,1,784,.000000000000000,.000000000000000,-31.36596191368626,31.36596191368626
396,2,128,-62.73192382737219,125.4638476547444,-39.21059026726657,-23.52133356010561
396,3,128,-15.68925670716060,31.37851341432120,-8.279770486157057,-7.409486221003541
396,4,10,-.8702842651535162,1.740568530307032,-.4351421325767570,-.4351421325767592
397,1,784,.000000000000000,.000000000000000,-31.57009017671967,31.57009017671967
397,2,128,-63.14018035343900,126.2803607068780,-39.09073646750267,-24.04944388593631
397,3,128,-15.04129258156598,30.08258516313195,-7.953994925090339,-7.087297656475637
397,4,10,-.8666972686147129,1.733394537229426,-.4333486343073559,-.4333486343073570
398,1,784,.000000000000000,.000000000000000,-31.57727747410132,31.57727747410132
398,2,128,-63.15455494820229,126.3091098964046,-39.01311796999870,-24.14143697820357
398,3,128,-14.87168099179475,29.74336198358951,-7.931914486968338,-6.939766504826419
398,4,10,-.9921479821419265,1.984295964283853,-.4960739910709633,-.4960739910709632
399,1,784,.000000000000000,.000000000000000,-31.62742626013383,31.62742626013383
399,2,128,-63.25485252026733,126.5097050405347,-39.01196345846307,-24.24288906180423
399,3,128,-14.76907439665847,29.53814879331695,-7.843047453926165,-6.926026942732311
399,4,10,-.9170205111938564,1.834041022387713,-.4585102555969267,-.4585102555969297
400,1,784,.000000000000000,.000000000000000,-31.39561660759520,31.39561660759520
400,2,128,-62.79123321519005,125.5824664303801,-39.01799633718836,-23.77323687800167
400,3,128,-15.24475945918631,30.48951891837262,-8.175448165950455,-7.069311293235861
400,4,10,-1.106136872714594,2.212273745429188,-.5530684363572976,-.5530684363572962
401,1,784,.000000000000000,.000000000000000,-31.54549405257947,31.54549405257947
401,2,128,-63.09098810515857,126.1819762103171,-39.12527068565102,-23.96571741950752
401,3,128,-15.15955326614316,30.31910653228632,-7.984963564713172,-7.174589701429984
401,4,10,-.8103738632831984,1.620747726566397,-.4051869316415991,-.4051869316415993
402,1,784,.000000000000000,.000000000000000,-31.13683732727009,31.13683732727009
402,2,128,-62.27367465453978,124.5473493090796,-39.09751053750480,-23.17616411703498
402,3,128,-15.92134642046945,31.84269284093891,-8.503926109584079,-7.417420310885367
402,4,10,-1.086505798698714,2.173011597397428,-.5432528993493563,-.5432528993493578
403,1,784,.000000000000000,.000000000000000,-31.33794692564969,31.33794692564969
403,2,128,-62.67589385129902,125.3517877025980,-39.10998623048351,-23.56590762081550
403,3,128,-15.54407860966764,31.08815721933528,-8.292588700662588,-7.251489909005053
403,4,10,-1.041098791657530,2.082197583315059,-.5205493958287656,-.5205493958287642
404,1,784,.000000000000000,.000000000000000,-31.23649736730844,31.23649736730844
404,2,128,-62.47299473461660,124.9459894692332,-39.16814503048163,-23.30484970413497
404,3,128,-15.86329532634632,31.72659065269265,-8.394700299271232,-7.468595027075088
404,4,10,-.9261052721961542,1.852210544392308,-.4630526360980758,-.4630526360980784
405,1,784,.000000000000000,.000000000000000,-31.33145301869320,31.33145301869320
405,2,128,-62.66290603738604,125.3258120747721,-39.16734654801120,-23.49555948937483
405,3,128,-15.67178705863601,31.34357411727201,-8.293415074576371,-7.378371984059637
405,4,10,-.9150430905167324,1.830086181033465,-.4575215452583652,-.4575215452583672
406,1,784,.000000000000000,.000000000000000,-31.35403055475209,31.35403055475209
406,2,128,-62.70806110950384,125.4161222190077,-39.15550333841303,-23.55255777109084
406,3,128,-15.60294556732178,31.20589113464356,-8.246574573086605,-7.356370994235183
406,4,10,-.8902035788514091,1.780407157702818,-.4451017894257060,-.4451017894257031
407,1,784,.000000000000000,.000000000000000,-31.72900253635760,31.72900253635760
407,2,128,-63.45800507271485,126.9160101454297,-39.10264330111669,-24.35536177159817
407,3,128,-14.74728152951811,29.49456305903623,-7.762614028076397,-6.984667501441709
407,4,10,-.7779465266346828,1.555893053269366,-.3889732633173418,-.3889732633173409
408,1,784,.000000000000000,.000000000000000,-31.61538030309434,31.61538030309434
408,2,128,-63.23076060618840,126.4615212123768,-39.01102708290966,-24.21973352327870
408,3,128,-14.79129355963059,29.58258711926119,-7.884926860234501,-6.906366699396083
408,4,10,-.9785601608384271,1.957120321676854,-.4892800804192135,-.4892800804192137
409,1,784,.000000000000000,.000000000000000,-31.66166538002205,31.66166538002205
409,2,128,-63.32333076004378,126.6466615200876,-38.94838472147823,-24.37494603856554
409,3,128,-14.57343868291232,29.14687736582465,-7.795794758159177,-6.777643924753142
409,4,10,-1.018150833406047,2.036301666812093,-.5090754167030233,-.5090754167030236
410,1,784,.000000000000000,.000000000000000,-31.19678346711074,31.19678346711074
410,2,128,-62.39356693422108,124.7871338684422,-39.21318158502176,-23.18038534919938
410,3,128,-16.03279623582202,32.06559247164404,-8.477026170950543,-7.555770064871481
410,4,10,-.9212561060790669,1.842512212158134,-.4606280530395334,-.4606280530395335
411,1,784,.000000000000000,.000000000000000,-31.60541248589072,31.60541248589072
411,2,128,-63.21082497178104,126.4216499435621,-39.09060748333363,-24.12021748844740
411,3,128,-14.97038999488587,29.94077998977174,-7.914106957537134,-7.056283037348726
411,4,10,-.8578239201884108,1.715647840376822,-.4289119600942043,-.4289119600942064
412,1,784,.000000000000000,.000000000000000,-31.09659659110025,31.09659659110025
412,2,128,-62.19319318220010,124.3863863644002,-39.26748070380253,-22.92571247839758
412,3,128,-16.34176822540458,32.68353645080916,-8.662729512200533,-7.679038713204049
412,4,10,-.9836907989964747,1.967381597992949,-.4918453994982383,-.4918453994982364
413,1,784,.000000000000000,.000000000000000,-31.48799735057010,31.48799735057010
413,2,128,-62.97599470113985,125.9519894022797,-39.10457226453632,-23.87142243660352
413,3,128,-15.23314982793242,30.46629965586484,-8.050062392292469,-7.183087435639947
413,4,10,-.8669749566525371,1.733949913305074,-.4334874783262687,-.4334874783262684
414,1,784,.000000000000000,.000000000000000,-31.63734474938290,31.63734474938290
414,2,128,-63.27468949876547,126.5493789975309,-38.97221838528851,-24.30247111347693
414,3,128,-14.66974727181124,29.33949454362247,-7.851504461723184,-6.818242810088044
414,4,10,-1.033261651635142,2.066523303270284,-.5166308258175725,-.5166308258175697
415,1,784,.000000000000000,.000000000000000,-31.36773001745988,31.36773001745988
415,2,128,-62.73546003491949,125.4709200698390,-39.19953578370069,-23.53592425121877
415,3,128,-15.66361153248156,31.32722306496311,-8.243477751460357,-7.420133781021189
415,4,10,-.8233439704391573,1.646687940878315,-.4116719852195790,-.4116719852195784
416,1,784,.000000000000000,.000000000000000,-31.68670913559750,31.68670913559750
416,2,128,-63.37341827119470,126.7468365423894,-39.14330694275199,-24.23011132844270
416,3,128,-14.91319561430893,29.82639122861787,-7.821066801803154,-7.092128812505790
416,4,10,-.7289379892973642,1.457875978594728,-.3644689946486822,-.3644689946486821
417,1,784,.000000000000000,.000000000000000,-31.29372787592712,31.29372787592712
417,2,128,-62.58745575185388,125.1749115037078,-39.13805836729573,-23.44939738455817
417,3,128,-15.68866098273716,31.37732196547432,-8.305959561114392,-7.382701421622765
417,4,10,-.9232581394916263,1.846516278983253,-.4616290697458131,-.4616290697458132
418,1,784,.000000000000000,.000000000000000,-31.44085647438974,31.44085647438974
418,2,128,-62.88171294877904,125.7634258975581,-39.01544743478675,-23.86626551399230
418,3,128,-15.14918192079406,30.29836384158812,-8.110397975330244,-7.038783945463812
418,4,10,-1.071614029866418,2.143228059732836,-.5358070149332097,-.5358070149332081
419,1,784,.000000000000000,.000000000000000,-31.64195109195397,31.64195109195397
419,2,128,-63.28390218390759,126.5678043678152,-38.71345572912099,-24.57044645478662
419,3,128,-14.14300927433402,28.28601854866805,-7.747128835719255,-6.395880438614772
419,4,10,-1.351248397104481,2.702496794208963,-.6756241985522404,-.6756241985522410
420,1,784,.000000000000000,.000000000000000,-31.58531068281851,31.58531068281851
420,2,128,-63.17062136563667,126.3412427312733,-39.03238142179846,-24.13823994383822
420,3,128,-14.89414147795985,29.78828295591970,-7.935627735637632,-6.958513742322221
420,4,10,-.9771139933154170,1.954227986630834,-.4885569966577075,-.4885569966577093
421,1,784,.000000000000000,.000000000000000,-31.24397682957828,31.24397682957828
421,2,128,-62.48795365915616,124.9759073183123,-39.24025417697256,-23.24769948218360
421,3,128,-15.99255469478861,31.98510938957723,-8.436380802058164,-7.556173892730451
421,4,10,-.8802069093277268,1.760413818655454,-.4401034546638631,-.4401034546638638
422,1,784,.000000000000000,.000000000000000,-31.27205645186073,31.27205645186073
422,2,128,-62.54411290372106,125.0882258074421,-39.15147338947304,-23.39263951424800
422,3,128,-15.75883387522465,31.51766775044931,-8.354691776419484,-7.404142098805172
422,4,10,-.9505496776142859,1.901099355228572,-.4752748388071427,-.4752748388071432
423,1,784,.000000000000000,.000000000000000,-31.54993041122226,31.54993041122226
423,2,128,-63.09986082244423,126.1997216448885,-39.17324053212097,-23.92662029032326
423,3,128,-15.24662024179729,30.49324048359458,-7.991709204201588,-7.254911037595703
423,4,10,-.7367981666058772,1.473596333211754,-.3683990833029381,-.3683990833029389
424,1,784,.000000000000000,.000000000000000,-31.40780351240250,31.40780351240250
424,2,128,-62.81560702480463,125.6312140496093,-39.19871171332832,-23.61689531147627
424,3,128,-15.58181640185166,31.16363280370332,-8.211931687624860,-7.369884714226794
424,4,10,-.8420469733980630,1.684093946796126,-.4210234866990318,-.4210234866990311
425,1,784,.000000000000000,.000000000000000,-31.50119170454952,31.50119170454952
425,2,128,-63.00238340909866,126.0047668181973,-39.06773393280768,-23.93464947629104
425,3,128,-15.13308445651626,30.26616891303253,-8.049185695300610,-7.083898761215658
425,4,10,-.9652869340849546,1.930573868169909,-.4826434670424768,-.4826434670424778
426,1,784,.000000000000000,.000000000000000,-31.51091829247595,31.51091829247595
426,2,128,-63.02183658495147,126.0436731699029,-39.01099367721309,-24.01084290773840
426,3,128,-15.00015076947434,30.00030153894868,-8.024528683533740,-6.975622085940601
426,4,10,-1.048906597593144,2.097813195186288,-.5244532987965712,-.5244532987965725
427,1,784,.000000000000000,.000000000000000,-31.46656980504441,31.46656980504441
427,2,128,-62.93313961008850,125.8662792201770,-39.13025273268870,-23.80288687739978
427,3,128,-15.32736585528857,30.65473171057714,-8.103099732487172,-7.224266122801400
427,4,10,-.8788336096857563,1.757667219371513,-.4394168048428780,-.4394168048428784
428,1,784,.000000000000000,.000000000000000,-31.38769996832110,31.38769996832110
428,2,128,-62.77539993664188,125.5507998732838,-39.16938623756066,-23.60601369908123
428,3,128,-15.56337253847905,31.12674507695810,-8.221430162878891,-7.341942375600153
428,4,10,-.8794877872787503,1.758975574557501,-.4397438936393749,-.4397438936393754
429,1,784,.000000000000000,.000000000000000,-31.39853771897899,31.39853771897899
429,2,128,-62.79707543795762,125.5941508759152,-39.10252946803491,-23.69454596992269
429,3,128,-15.40798349811183,30.81596699622366,-8.155878069954264,-7.252105428157567
429,4,10,-.9037726417966997,1.807545283593399,-.4518863208983512,-.4518863208983486
430,1,784,.000000000000000,.000000000000000,-31.44204269444237,31.44204269444237
430,2,128,-62.88408538888449,125.7681707777690,-39.18754429781081,-23.69654109107366
430,3,128,-15.49100320673680,30.98200641347360,-8.153302596161902,-7.337700610574893
430,4,10,-.8156019855870169,1.631203971174034,-.4078009927935074,-.4078009927935095
431,1,784,.000000000000000,.000000000000000,-31.73748033098765,31.73748033098765
431,2,128,-63.47496066197489,126.9499213239498,-39.00248402573735,-24.47247663623752
431,3,128,-14.53000738949944,29.06001477899887,-7.721243572802275,-6.808763816697157
431,4,10,-.9124797561050999,1.824959512210200,-.4562398780525503,-.4562398780525495
432,1,784,.000000000000000,.000000000000000,-31.52422444119474,31.52422444119474
432,2,128,-63.04844888238913,126.0968977647783,-39.02780097030348,-24.02064791208563
432,3,128,-15.00715305821746,30.01430611643492,-8.024920391560261,-6.982232666657199
432,4,10,-1.042687724903066,2.085375449806132,-.5213438624515333,-.5213438624515325
433,1,784,.000000000000000,.000000000000000,-31.57590436915537,31.57590436915537
433,2,128,-63.15180873831028,126.3036174766206,-39.04360116459092,-24.10820757371937
433,3,128,-14.93539359087117,29.87078718174234,-7.952732082256590,-6.982661508614577
433,4,10,-.9700705736420162,1.940141147284032,-.4850352868210083,-.4850352868210079
434,1,784,.000000000000000,.000000000000000,-31.40044028743008,31.40044028743008
434,2,128,-62.80088057485982,125.6017611497196,-39.14282716162127,-23.65805341323857
434,3,128,-15.48477374838231,30.96954749676462,-8.204185799555773,-7.280587948826542
434,4,10,-.9235978507292283,1.847195701458457,-.4617989253646146,-.4617989253646136
435,1,784,.000000000000000,.000000000000000,-31.41673283294429,31.41673283294429
435,2,128,-62.83346566588821,125.6669313317764,-39.17136224383369,-23.66210342205450
435,3,128,-15.50925882177884,31.01851764355768,-8.188471340569194,-7.320787481209642
435,4,10,-.8676838593595543,1.735367718719109,-.4338419296797777,-.4338419296797765
436,1,784,.000000000000000,.000000000000000,-31.63299395880128,31.63299395880128
436,2,128,-63.26598791760222,126.5319758352044,-38.95580941232757,-24.31017850527467
436,3,128,-14.64563090705249,29.29126181410499,-7.828159324888701,-6.817471582163800
436,4,10,-1.010687742724902,2.021375485449804,-.5053438713624502,-.5053438713624521
437,1,784,.000000000000000,.000000000000000,-31.72134455720362,31.72134455720362
437,2,128,-63.44268911440687,126.8853782288137,-39.08969336195621,-24.35299575245068
437,3,128,-14.73669760950512,29.47339521901023,-7.757441027158588,-6.979256582346537
437,4,10,-.7781844448120345,1.556368889624069,-.3890922224060178,-.3890922224060167
438,1,784,.000000000000000,.000000000000000,-31.43400688996432,31.43400688996432
438,2,128,-62.86801377992832,125.7360275598566,-39.04969974988819,-23.81831403004014
438,3,128,-15.23138571984767,30.46277143969533,-8.116678930954835,-7.114706788892835
438,4,10,-1.001972142062012,2.003944284124025,-.5009860710310067,-.5009860710310058
439,1,784,.000000000000000,.000000000000000,-31.50933307135885,31.50933307135885
439,2,128,-63.01866614271736,126.0373322854347,-39.11098544179340,-23.90768070092400
439,3,128,-15.20330474086901,30.40660948173803,-8.026183330369820,-7.177121410499185
439,4,10,-.8490619198706397,1.698123839741279,-.4245309599353193,-.4245309599353204
440,1,784,.000000000000000,.000000000000000,-31.47641938535883,31.47641938535883
440,2,128,-62.95283877071726,125.9056775414345,-39.07887815353296,-23.87396061718430
440,3,128,-15.20491753634833,30.40983507269666,-8.095039947808385,-7.109877588539933
440,4,10,-.9851623592684484,1.970324718536897,-.4925811796342233,-.4925811796342250
441,1,784,.000000000000000,.000000000000000,-31.36633529107197,31.36633529107197
441,2,128,-62.73267058214361,125.4653411642872,-39.19229519509125,-23.54037538705233
441,3,128,-15.65191980803855,31.30383961607710,-8.237027177422107,-7.414892630616449
441,4,10,-.8221345468056644,1.644269093611329,-.4110672734028322,-.4110672734028320
442,1,784,.000000000000000,.000000000000000,-31.61842686873742,31.61842686873742
442,2,128,-63.23685373747450,126.4737074749490,-39.14294288059603,-24.09391085687848
442,3,128,-15.04903202371718,30.09806404743436,-7.891243121015274,-7.157788902701909
442,4,10,-.7334542183133534,1.466908436626707,-.3667271091566769,-.3667271091566765
443,1,784,.000000000000000,.000000000000000,-31.66083198274230,31.66083198274230
443,2,128,-63.32166396548433,126.6433279309687,-38.87735794114433,-24.44430602433998
443,3,128,-14.43305191680398,28.86610383360796,-7.772120565789900,-6.660931351014071
443,4,10,-1.111189214775844,2.222378429551688,-.5555946073879215,-.5555946073879228
444,1,784,.000000000000000,.000000000000000,-31.63941734113014,31.63941734113014
444,2,128,-63.27883468225984,126.5576693645197,-39.03547557552583,-24.24335910673404
444,3,128,-14.79211646879140,29.58423293758281,-7.867640287385280,-6.924476181406119
444,4,10,-.9431641059791626,1.886328211958325,-.4715820529895793,-.4715820529895833
445,1,784,.000000000000000,.000000000000000,-30.85214036117713,30.85214036117713
445,2,128,-61.70428072235391,123.4085614447078,-39.26671515633755,-22.43756556601634
445,3,128,-16.82914959032083,33.65829918064166,-8.936253945761489,-7.892895644559338
445,4,10,-1.043358301202151,2.086716602404302,-.5216791506010759,-.5216791506010752
446,1,784,.000000000000000,.000000000000000,-31.30982388084099,31.30982388084099
446,2,128,-62.61964776168165,125.2392955233633,-39.04220975941100,-23.57743800227066
446,3,128,-15.46477175713994,30.92954351427989,-8.295174925443167,-7.169596831696778
446,4,10,-1.125578093746402,2.251156187492804,-.5627890468732004,-.5627890468732017
447,1,784,.000000000000000,.000000000000000,-31.44547781489461,31.44547781489461
447,2,128,-62.89095562978882,125.7819112595776,-39.18037509692338,-23.71058053286542
447,3,128,-15.46979456405762,30.93958912811525,-8.161149207300857,-7.308645356756762
447,4,10,-.8525038505441002,1.705007701088200,-.4262519252720507,-.4262519252720495
448,1,784,.000000000000000,.000000000000000,-31.55389803186058,31.55389803186058
448,2,128,-63.10779606372084,126.2155921274417,-38.96253541246394,-24.14526065125689
448,3,128,-14.81727476120667,29.63454952241333,-7.947000206550855,-6.870274554655817
448,4,10,-1.076725651895033,2.153451303790065,-.5383628259475162,-.5383628259475164
449,1,784,.000000000000000,.000000000000000,-31.37106873069502,31.37106873069502
449,2,128,-62.74213746138966,125.4842749227793,-39.12193431186657,-23.62020314952309
449,3,128,-15.50173116234311,31.00346232468622,-8.233289975015603,-7.268441187327494
449,4,10,-.9648487876881084,1.929697575376217,-.4824243938440546,-.4824243938440540
450,1,784,.000000000000000,.000000000000000,-31.42723930760183,31.42723930760183
450,2,128,-62.85447861520328,125.7089572304066,-39.16766641219895,-23.68681220300434
450,3,128,-15.48085420919422,30.96170841838845,-8.157478895390460,-7.323375313803752
450,4,10,-.8341035815867116,1.668207163173423,-.4170517907933552,-.4170517907933565
451,1,784,.000000000000000,.000000000000000,-31.74698924077279,31.74698924077279
451,2,128,-63.49397848154529,126.9879569630906,-38.96624999971094,-24.52772848183433
451,3,128,-14.43852151787629,28.87704303575257,-7.689756222218215,-6.748765295658059
451,4,10,-.9409909265601640,1.881981853120328,-.4704954632800821,-.4704954632800819
452,1,784,.000000000000000,.000000000000000,-31.75555372960369,31.75555372960369
452,2,128,-63.51110745920703,127.0222149184141,-39.02415604711040,-24.48695141209666
452,3,128,-14.53720463501337,29.07440927002675,-7.696825625515961,-6.840379009497415
452,4,10,-.8564466160185459,1.712893232037092,-.4282233080092726,-.4282233080092732
453,1,784,.000000000000000,.000000000000000,-31.27571538064292,31.27571538064292
453,2,128,-62.55143076128550,125.1028615225710,-39.20388717140055,-23.34754358988497
453,3,128,-15.85634358151520,31.71268716303040,-8.383855152527081,-7.472488428988115
453,4,10,-.9113667235389555,1.822733447077911,-.4556833617694772,-.4556833617694785
454,1,784,.000000000000000,.000000000000000,-31.26246437876525,31.26246437876525
454,2,128,-62.52492875753020,125.0498575150604,-39.14752265979982,-23.37740609773040
454,3,128,-15.77011656206902,31.54023312413803,-8.377390191575444,-7.392726370493564
454,4,10,-.9846638210818580,1.969327642163716,-.4923319105409301,-.4923319105409278
455,1,784,.000000000000000,.000000000000000,-31.53339088833417,31.53339088833417
455,2,128,-63.06678177666801,126.1335635533360,-39.11346244104595,-23.95331933562207
455,3,128,-15.16014310542349,30.32028621084698,-8.010094586097416,-7.150048519326075
455,4,10,-.8600460667713257,1.720092133542651,-.4300230333856633,-.4300230333856622
456,1,784,.000000000000000,.000000000000000,-31.19098695865658,31.19098695865658
456,2,128,-62.38197391731285,124.7639478346257,-39.28274753482242,-23.09922638249042
456,3,128,-16.18352115233160,32.36704230466321,-8.537743533585129,-7.645777618746469
456,4,10,-.8919659148386453,1.783931829677291,-.4459829574193234,-.4459829574193219
457,1,784,.000000000000000,.000000000000000,-31.48759306356381,31.48759306356381
457,2,128,-62.97518612712732,125.9503722542546,-39.08624156358596,-23.88894456354136
457,3,128,-15.19729700004426,30.39459400008852,-8.070585701210089,-7.126711298834177
457,4,10,-.9438744023759128,1.887748804751826,-.4719372011879553,-.4719372011879576
458,1,784,.000000000000000,.000000000000000,-31.52173714480128,31.52173714480128
458,2,128,-63.04347428960226,126.0869485792045,-39.08344380192146,-23.96003048768081
458,3,128,-15.12341331424027,30.24682662848054,-8.020788767907980,-7.102624546332296
458,4,10,-.9181642215756942,1.836328443151388,-.4590821107878466,-.4590821107878477
459,1,784,.000000000000000,.000000000000000,-31.62374930675672,31.62374930675672
459,2,128,-63.24749861351301,126.4949972270260,-39.10671037348443,-24.14078824002856
459,3,128,-14.96592213345548,29.93184426691096,-7.887320836846218,-7.078601296609260
459,4,10,-.8087195402369549,1.617439080473910,-.4043597701184782,-.4043597701184767
460,1,784,.000000000000000,.000000000000000,-31.49662251450810,31.49662251450810
460,2,128,-62.99324502901582,125.9864900580316,-39.10475239220298,-23.88849263681281
460,3,128,-15.21625975538981,30.43251951077962,-8.074614231830418,-7.141645523559395
460,4,10,-.9329687082710185,1.865937416542037,-.4664843541355094,-.4664843541355093
461,1,784,.000000000000000,.000000000000000,-31.35905568493790,31.35905568493790
461,2,128,-62.71811136987536,125.4362227397507,-39.09007568429789,-23.62803568557749
461,3,128,-15.46203999871996,30.92407999743993,-8.247133969318522,-7.214906029401437
461,4,10,-1.032227939917081,2.064455879834163,-.5161139699585394,-.5161139699585420
462,1,784,.000000000000000,.000000000000000,-31.45890298848387,31.45890298848387
462,2,128,-62.91780597696747,125.8356119539349,-39.14549919561262,-23.77230678135484
462,3,128,-15.37319241425738,30.74638482851477,-8.123353294998674,-7.249839119258708
462,4,10,-.8735141757399609,1.747028351479922,-.4367570878699796,-.4367570878699814
463,1,784,.000000000000000,.000000000000000,-31.52376829403680,31.52376829403680
463,2,128,-63.04753658807323,126.0950731761465,-39.10640397581721,-23.94113261225602
463,3,128,-15.16527136356084,30.33054272712169,-8.039165301443790,-7.126106062117053
463,4,10,-.9130592393267482,1.826118478653496,-.4565296196633751,-.4565296196633731
464,1,784,.000000000000000,.000000000000000,-31.32512130537610,31.32512130537610
464,2,128,-62.65024261075177,125.3004852215035,-39.13394854803999,-23.51629406271180
464,3,128,-15.61765448532781,31.23530897065562,-8.299024408380726,-7.318630076947083
464,4,10,-.9803943314336359,1.960788662867272,-.4901971657168187,-.4901971657168173
465,1,784,.000000000000000,.000000000000000,-31.50801139637682,31.50801139637682
465,2,128,-63.01602279275334,126.0320455855067,-39.17408301582222,-23.84193977693116
465,3,128,-15.33214323889068,30.66428647778136,-8.077556947564272,-7.254586291326402
465,4,10,-.8229706562378616,1.645941312475723,-.4114853281189298,-.4114853281189318
466,1,784,.000000000000000,.000000000000000,-31.54425629892070,31.54425629892070
466,2,128,-63.08851259784112,126.1770251956822,-39.12617961991676,-23.96233297792433
466,3,128,-15.16384664199206,30.32769328398412,-7.994169617182896,-7.169677024809159
466,4,10,-.8244925923737428,1.648985184747486,-.4122462961868718,-.4122462961868708
467,1,784,.000000000000000,.000000000000000,-31.48374985773520,31.48374985773520
467,2,128,-62.96749971547004,125.9349994309401,-39.16605655161035,-23.80144316385970
467,3,128,-15.36461338775027,30.72922677550054,-8.090832670763762,-7.273780716986507
467,4,10,-.8170519537772440,1.634103907554488,-.4085259768886219,-.4085259768886221
468,1,784,.000000000000000,.000000000000000,-31.29943241900608,31.29943241900608
468,2,128,-62.59886483801179,125.1977296760236,-39.17579763380089,-23.42306720421088
468,3,128,-15.75273042958962,31.50546085917924,-8.311031006243333,-7.441699423346284
468,4,10,-.8693315828970289,1.738663165794058,-.4346657914485134,-.4346657914485155
469,1,784,.000000000000000,.000000000000000,-31.35489365040532,31.35489365040532
469,2,128,-62.70978730081024,125.4195746016205,-39.15941816691978,-23.55036913389047
469,3,128,-15.60904903302890,31.21809806605780,-8.285237172488127,-7.323811860540770
469,4,10,-.9614253119473517,1.922850623894703,-.4807126559736764,-.4807126559736754
470,1,784,.000000000000000,.000000000000000,-31.49035450409130,31.49035450409130
470,2,128,-62.98070900818225,125.9614180163645,-39.17224931243787,-23.80845969574441
470,3,128,-15.36378961669310,30.72757923338619,-8.069159677743095,-7.294629938949996
470,4,10,-.7745297387931109,1.549059477586222,-.3872648693965555,-.3872648693965554
471,1,784,.000000000000000,.000000000000000,-31.49847013256766,31.49847013256766
471,2,128,-62.99694026513493,125.9938805302699,-39.08885129230935,-23.90808897282561
471,3,128,-15.18076231948335,30.36152463896670,-8.063137993592758,-7.117624325890589
471,4,10,-.9455136677021775,1.891027335404355,-.4727568338510889,-.4727568338510886
472,1,784,.000000000000000,.000000000000000,-31.40873397459875,31.40873397459875
472,2,128,-62.81746794919707,125.6349358983941,-39.08534116397831,-23.73212678521875
472,3,128,-15.35321437875921,30.70642875751842,-8.148361780392849,-7.204852598366358
472,4,10,-.9435091820264834,1.887018364052967,-.4717545910132425,-.4717545910132407
473,1,784,.000000000000000,.000000000000000,-31.42226919331884,31.42226919331884
473,2,128,-62.84453838663735,125.6890767732747,-39.10475540232683,-23.73978298431053
473,3,128,-15.36497241801593,30.72994483603186,-8.153473861375449,-7.211498556640481
473,4,10,-.9419753047349764,1.883950609469953,-.4709876523674884,-.4709876523674878
474,1,784,.000000000000000,.000000000000000,-31.31345345320418,31.31345345320418
474,2,128,-62.62690690640803,125.2538138128161,-39.08878582243641,-23.53812108397165
474,3,128,-15.55066473846439,31.10132947692878,-8.309158766050892,-7.241505972413495
474,4,10,-1.067652793637391,2.135305587274781,-.5338263968186948,-.5338263968186958
475,1,784,.000000000000000,.000000000000000,-31.00273230279417,31.00273230279417
475,2,128,-62.00546460558800,124.0109292111760,-39.25457993336424,-22.75088467222375
475,3,128,-16.50369526114008,33.00739052228017,-8.753925149096220,-7.749770112043862
475,4,10,-1.004155037052359,2.008310074104718,-.5020775185261773,-.5020775185261818
476,1,784,.000000000000000,.000000000000000,-31.58325432999068,31.58325432999068
476,2,128,-63.16650865998093,126.3330173199619,-39.00834839420236,-24.15816026577855
476,3,128,-14.85018812842342,29.70037625684684,-7.905475097877370,-6.944713030546056
476,4,10,-.9607620673313051,1.921524134662610,-.4803810336656534,-.4803810336656518
477,1,784,.000000000000000,.000000000000000,-31.33321629294858,31.33321629294858
477,2,128,-62.66643258589688,125.3328651717938,-39.20444249957731,-23.46199008631955
477,3,128,-15.74245241325741,31.48490482651482,-8.318965647195364,-7.423486766062045
477,4,10,-.8954788811333372,1.790957762266674,-.4477394405666684,-.4477394405666689
478,1,784,.000000000000000,.000000000000000,-31.41443253477442,31.41443253477442
478,2,128,-62.82886506954848,125.6577301390970,-39.05730997328327,-23.77155509626522
478,3,128,-15.28575487701767,30.57150975403534,-8.166632302045972,-7.119122574971696
478,4,10,-1.047509727074272,2.095019454148544,-.5237548635371370,-.5237548635371352
479,1,784,.000000000000000,.000000000000000,-31.30219933882902,31.30219933882902
479,2,128,-62.60439867765766,125.2087973553153,-39.16515368539385,-23.43924499226380
479,3,128,-15.72590869312967,31.45181738625933,-8.322175234360321,-7.403733458769347
479,4,10,-.9184417755909675,1.836883551181935,-.4592208877954840,-.4592208877954835
480,1,784,.000000000000000,.000000000000000,-31.44847264567572,31.44847264567572
480,2,128,-62.89694529135101,125.7938905827020,-39.10747173929315,-23.78947355205788
480,3,128,-15.31799818723488,30.63599637446976,-8.131645143184434,-7.186353044050445
480,4,10,-.9452920991339956,1.890584198267991,-.4726460495669984,-.4726460495669972
481,1,784,.000000000000000,.000000000000000,-31.43978940034403,31.43978940034403
481,2,128,-62.87957880068766,125.7591576013753,-38.85851027757131,-24.02106852311638
481,3,128,-14.83744175445451,29.67488350890903,-8.057300162534695,-6.780141591919815
481,4,10,-1.277158570614882,2.554317141229764,-.6385792853074405,-.6385792853074411
482,1,784,.000000000000000,.000000000000000,-31.11629003494644,31.11629003494644
482,2,128,-62.23258006989248,124.4651601397850,-39.22196787530005,-23.01061219459252
482,3,128,-16.21135568070714,32.42271136141428,-8.597107631186136,-7.614248049521006
482,4,10,-.9828595816651295,1.965719163330259,-.4914297908325637,-.4914297908325659
483,1,784,.000000000000000,.000000000000000,-31.67485141257052,31.67485141257052
483,2,128,-63.34970282514065,126.6994056502813,-39.08264080674788,-24.26706201839279
483,3,128,-14.81557878835468,29.63115757670937,-7.823987886017976,-6.991590902336699
483,4,10,-.8323969836812749,1.664793967362550,-.4161984918406371,-.4161984918406377
484,1,784,.000000000000000,.000000000000000,-31.50946639689205,31.50946639689205
484,2,128,-63.01893279378366,126.0378655875673,-39.02553164104723,-23.99340115273642
484,3,128,-15.03213048831042,30.06426097662084,-8.009396981484786,-7.022733506825636
484,4,10,-.9866634746591563,1.973326949318313,-.4933317373295792,-.4933317373295770
485,1,784,.000000000000000,.000000000000000,-31.37579677170453,31.37579677170453
485,2,128,-62.75159354340874,125.5031870868175,-39.02934774876771,-23.72224579464103
485,3,128,-15.30710195412628,30.61420390825257,-8.190325937647669,-7.116776016478612
485,4,10,-1.073549921169045,2.147099842338090,-.5367749605845232,-.5367749605845217
486,1,784,.000000000000000,.000000000000000,-31.45017816136830,31.45017816136830
486,2,128,-62.90035632273621,125.8007126454724,-39.11992036814923,-23.78043595458696
486,3,128,-15.33948441356190,30.67896882712380,-8.114091755496499,-7.225392658065400
486,4,10,-.8886990974311032,1.777398194862206,-.4443495487155518,-.4443495487155514
487,1,784,.000000000000000,.000000000000000,-31.38065634653847,31.38065634653847
487,2,128,-62.76131269307658,125.5226253861532,-38.99459215388787,-23.76672053918870
487,3,128,-15.22787161469883,30.45574322939766,-8.173825005777520,-7.054046608921313
487,4,10,-1.119778396856220,2.239556793712441,-.5598891984281109,-.5598891984281095
488,1,784,.000000000000000,.000000000000000,-31.53632952208946,31.53632952208946
488,2,128,-63.07265904417860,126.1453180883572,-39.02010490891049,-24.05255413526814
488,3,128,-14.96755077364199,29.93510154728397,-7.977572315218442,-6.989978458423546
488,4,10,-.9875938567948919,1.975187713589784,-.4937969283974452,-.4937969283974468
489,1,784,.000000000000000,.000000000000000,-31.22536187495850,31.22536187495850
489,2,128,-62.45072374991663,124.9014474998333,-39.32666397663385,-23.12405977328277
489,3,128,-16.20260420335075,32.40520840670149,-8.468801290595662,-7.733802912755082
489,4,10,-.7349983778405801,1.469996755681160,-.3674991889202900,-.3674991889202900
490,1,784,.000000000000000,.000000000000000,-31.51736473054262,31.51736473054262
490,2,128,-63.03472946108498,126.0694589221700,-39.11490866304760,-23.91982079803737
490,3,128,-15.19508786500988,30.39017573001976,-8.014258656885783,-7.180829208124096
490,4,10,-.8334294487616726,1.666858897523345,-.4167147243808365,-.4167147243808361
491,1,784,.000000000000000,.000000000000000,-31.41061340415521,31.41061340415521
491,2,128,-62.82122680831003,125.6424536166201,-39.05160418149030,-23.76962262681979
491,3,128,-15.28198155467012,30.56396310934024,-8.146943691515308,-7.135037863154815
491,4,10,-1.011905828360491,2.023811656720982,-.5059529141802447,-.5059529141802462
492,1,784,.000000000000000,.000000000000000,-31.52742487133819,31.52742487133819
492,2,128,-63.05484974267606,126.1096994853521,-39.09536524397461,-23.95948449870147
492,3,128,-15.13588074527273,30.27176149054547,-8.018523371714576,-7.117357373558158
492,4,10,-.9011659981564097,1.802331996312819,-.4505829990782048,-.4505829990782052
493,1,784,.000000000000000,.000000000000000,-31.65453316401331,31.65453316401331
493,2,128,-63.30906632802621,126.6181326560524,-38.95906731176304,-24.34999901626322
493,3,128,-14.60906829549940,29.21813659099881,-7.789302652581421,-6.819765642917980
493,4,10,-.9695370096634335,1.939074019326867,-.4847685048317165,-.4847685048317170
494,1,784,.000000000000000,.000000000000000,-31.16986788902046,31.16986788902046
494,2,128,-62.33973577804058,124.6794715560812,-39.11369363633884,-23.22604214170175
494,3,128,-15.88765149463674,31.77530298927347,-8.462791349515292,-7.424860145121440
494,4,10,-1.037931204393867,2.075862408787734,-.5189656021969343,-.5189656021969328
495,1,784,.000000000000000,.000000000000000,-31.38596537944199,31.38596537944199
495,2,128,-62.77193075888365,125.5438615177673,-39.07891368202701,-23.69301707685667
495,3,128,-15.38589660516998,30.77179321033996,-8.192491825433125,-7.193404779736854
495,4,10,-.9990870456962596,1.998174091392519,-.4995435228481307,-.4995435228481288
496,1,784,.000000000000000,.000000000000000,-31.13968993191347,31.13968993191347
496,2,128,-62.27937986382654,124.5587597276531,-39.14709637623280,-23.13228348759375
496,3,128,-16.01481288863869,32.02962577727739,-8.549942118342843,-7.464870770295847
496,4,10,-1.085071348046999,2.170142696093998,-.5425356740235009,-.5425356740234986
497,1,784,.000000000000000,.000000000000000,-31.26804336924189,31.26804336924189
497,2,128,-62.53608673848341,125.0721734769668,-39.20918136443589,-23.32690537404751
497,3,128,-15.88227599038798,31.76455198077597,-8.359258645244324,-7.523017345143644
497,4,10,-.8362413001006815,1.672482600201363,-.4181206500503413,-.4181206500503402
498,1,784,.000000000000000,.000000000000000,-31.50325402347413,31.50325402347413
498,2,128,-63.00650804694781,126.0130160938956,-39.20141964819140,-23.80508839875646
498,3,128,-15.39633124943453,30.79266249886906,-8.094692175094348,-7.301639074340176
498,4,10,-.7930531007541541,1.586106201508308,-.3965265503770764,-.3965265503770778
499,1,784,.000000000000000,.000000000000000,-31.56293905942800,31.56293905942800
499,2,128,-63.12587811885561,126.2517562377112,-39.17250930833768,-23.95336881051795
499,3,128,-15.21914049781935,30.43828099563870,-7.983106293256197,-7.236034204563150
499,4,10,-.7470720886930439,1.494144177386088,-.3735360443465214,-.3735360443465225
500,1,784,.000000000000000,.000000000000000,-31.73783254053026,31.73783254053026
500,2,128,-63.47566508106009,126.9513301621202,-39.10416744821677,-24.37149763284329
500,3,128,-14.73266981537312,29.46533963074624,-7.756559522348474,-6.976110293024647
500,4,10,-.7804492293238323,1.560898458647665,-.3902246146619159,-.3902246146619167
501,1,784,.000000000000000,.000000000000000,-31.43864678962557,31.43864678962557
501,2,128,-62.87729357925074,125.7545871585015,-39.13994628020746,-23.73734729904331
501,3,128,-15.40259898116376,30.80519796232753,-8.123423215708625,-7.279175765455135
501,4,10,-.8442474502534957,1.688494900506991,-.4221237251267483,-.4221237251267473
502,1,784,.000000000000000,.000000000000000,-31.19330763626646,31.19330763626646
502,2,128,-62.38661527253254,124.7732305450651,-39.01454148704203,-23.37207378549049
502,3,128,-15.64246770155115,31.28493540310231,-8.451441266948601,-7.191026434602555
502,4,10,-1.260414832346033,2.520829664692067,-.6302074161730175,-.6302074161730162
503,1,784,.000000000000000,.000000000000000,-31.34446460858999,31.34446460858999
503,2,128,-62.68892921717956,125.3778584343591,-39.18578948212289,-23.50313973505669
503,3,128,-15.68264974706583,31.36529949413165,-8.289084998380295,-7.393564748685531
503,4,10,-.8955202496947537,1.791040499389507,-.4477601248473772,-.4477601248473764
504,1,784,.000000000000000,.000000000000000,-31.40578781326282,31.40578781326282
504,2,128,-62.81157562652530,125.6231512530506,-39.26040289364180,-23.55117273288352
504,3,128,-15.70923016075789,31.41846032151577,-8.226481981988705,-7.482748178769187
504,4,10,-.7437338032195241,1.487467606439048,-.3718669016097617,-.3718669016097624
505,1,784,.000000000000000,.000000000000000,-31.54793200583892,31.54793200583892
505,2,128,-63.09586401167748,126.1917280233550,-39.06476219968072,-24.03110181199678
505,3,128,-15.03366038768358,30.06732077536716,-7.963708561127004,-7.069951826556573
505,4,10,-.8937567345704425,1.787513469140885,-.4468783672852213,-.4468783672852211
506,1,784,.000000000000000,.000000000000000,-31.56981351707766,31.56981351707766
506,2,128,-63.13962703415498,126.2792540683100,-39.01978211500470,-24.11984491915030
506,3,128,-14.89993719585401,29.79987439170803,-7.914476168894992,-6.985461026959023
506,4,10,-.9290151419359693,1.858030283871939,-.4645075709679847,-.4645075709679846
507,1,784,.000000000000000,.000000000000000,-31.25690043821554,31.25690043821554
507,2,128,-62.51380087643080,125.0276017528616,-39.24130650545936,-23.27249437097144
507,3,128,-15.96881213448759,31.93762426897518,-8.378816537768714,-7.589995596718876
507,4,10,-.7888209410498471,1.577641882099694,-.3944104705249237,-.3944104705249233
508,1,784,.000000000000000,.000000000000000,-31.32304060331944,31.32304060331944
508,2,128,-62.64608120663848,125.2921624132770,-39.21049686068037,-23.43558434595815
508,3,128,-15.77491251472184,31.54982502944368,-8.320717190213113,-7.454195324508722
508,4,10,-.8665218657044023,1.733043731408805,-.4332609328522015,-.4332609328522008
509,1,784,.000000000000000,.000000000000000,-31.69578280838560,31.69578280838560
509,2,128,-63.39156561677078,126.7831312335416,-38.95802139564618,-24.43354422112463
509,3,128,-14.52447717452112,29.04895434904224,-7.757622165147544,-6.766855009373577
509,4,10,-.9907671557739611,1.981534311547922,-.4953835778869816,-.4953835778869797
510,1,784,.000000000000000,.000000000000000,-31.27766170518213,31.27766170518213
510,2,128,-62.55532341036390,125.1106468207278,-39.03589593651281,-23.51942747385108
510,3,128,-15.51646846266135,31.03293692532270,-8.317625833070142,-7.198842629591209
510,4,10,-1.118783203478922,2.237566406957844,-.5593916017394608,-.5593916017394611
511,1,784,.000000000000000,.000000000000000,-31.50498775641996,31.50498775641996
511,2,128,-63.00997551283950,126.0199510256790,-39.08674540261980,-23.92323011021969
511,3,128,-15.16351529239977,30.32703058479954,-8.000526454855581,-7.162988837544185
511,4,10,-.8375376173114126,1.675075234622825,-.4187688086557063,-.4187688086557063
512,1,784,.000000000000000,.000000000000000,-31.28460639922826,31.28460639922826
512,2,128,-62.56921279845618,125.1384255969124,-39.19718776641620,-23.37202503203999
512,3,128,-15.82516273437584,31.65032546875167,-8.346038356542659,-7.479124377833173
512,4,10,-.8669139787094711,1.733827957418942,-.4334569893547355,-.4334569893547355
513,1,784,.000000000000000,.000000000000000,-31.60818101401933,31.60818101401933
513,2,128,-63.21636202803825,126.4327240560765,-39.03623418745146,-24.18012784058680
513,3,128,-14.85610634686426,29.71221269372852,-7.890365312675661,-6.965741034188603
513,4,10,-.9246242784870594,1.849248556974119,-.4623121392435287,-.4623121392435308
514,1,784,.000000000000000,.000000000000000,-31.23125201787935,31.23125201787935
514,2,128,-62.46250403575839,124.9250080715168,-39.13392084636362,-23.32858318939476
514,3,128,-15.80533765696853,31.61067531393705,-8.411723827975033,-7.393613828993499
514,4,10,-1.018109998981533,2.036219997963066,-.5090549994907667,-.5090549994907663
515,1,784,.000000000000000,.000000000000000,-31.84051648003523,31.84051648003523
515,2,128,-63.68103296007007,127.3620659201401,-38.99977265515319,-24.68126030491689
515,3,128,-14.31851235023595,28.63702470047190,-7.564315730230913,-6.754196620005033
515,4,10,-.8101191102258894,1.620238220451779,-.4050595551129451,-.4050595551129444
516,1,784,.000000000000000,.000000000000000,-31.75914892702249,31.75914892702249
516,2,128,-63.51829785404465,127.0365957080893,-39.02314691776613,-24.49515093627851
516,3,128,-14.52799598148723,29.05599196297446,-7.690706495552591,-6.837289485934634
516,4,10,-.8534170096179401,1.706834019235880,-.4267085048089704,-.4267085048089697
517,1,784,.000000000000000,.000000000000000,-31.36752001472041,31.36752001472041
517,2,128,-62.73504002944048,125.4700800588810,-39.07049063613656,-23.66454939330392
517,3,128,-15.40594124283227,30.81188248566454,-8.209198107601393,-7.196743135230873
517,4,10,-1.012454972370515,2.024909944741029,-.5062274861852577,-.5062274861852569
518,1,784,.000000000000000,.000000000000000,-31.30749146942902,31.30749146942902
518,2,128,-62.61498293885762,125.2299658777152,-39.08233010798003,-23.53265283087758
518,3,128,-15.54967727710205,31.09935455420411,-8.286014918218966,-7.263662358883092
518,4,10,-1.022352559335882,2.044705118671765,-.5111762796679408,-.5111762796679418
519,1,784,.000000000000000,.000000000000000,-31.37643036159933,31.37643036159933
519,2,128,-62.75286072319839,125.5057214463968,-39.17374210320404,-23.57911861999432
519,3,128,-15.59462348320936,31.18924696641873,-8.240070708836521,-7.354552774372839
519,4,10,-.8855179344636944,1.771035868927389,-.4427589672318480,-.4427589672318464
520,1,784,.000000000000000,.000000000000000,-31.31764794595312,31.31764794595312
520,2,128,-62.63529589190590,125.2705917838118,-39.18985642346063,-23.44543946844527
520,3,128,-15.74441695501499,31.48883391002997,-8.322027636635719,-7.422389318379267
520,4,10,-.8996383182564596,1.799276636512919,-.4498191591282300,-.4498191591282296
521,1,784,.000000000000000,.000000000000000,-31.39496246553625,31.39496246553625
521,2,128,-62.78992493107217,125.5798498621443,-39.06531089770682,-23.72461403336533
521,3,128,-15.34069686434109,30.68139372868219,-8.164648372813225,-7.176048491527871
521,4,10,-.9885998812853571,1.977199762570714,-.4942999406426777,-.4942999406426793
522,1,784,.000000000000000,.000000000000000,-31.24355266459576,31.24355266459576
522,2,128,-62.48710532919119,124.9742106583824,-39.20939566539428,-23.27770966379693
522,3,128,-15.93168600159699,31.86337200319397,-8.400904299132117,-7.530781702464875
522,4,10,-.8701225966672341,1.740245193334468,-.4350612983336164,-.4350612983336178
523,1,784,.000000000000000,.000000000000000,-31.29842799570173,31.29842799570173
523,2,128,-62.59685599140306,125.1937119828061,-39.07117076608153,-23.52568522532153
523,3,128,-15.54548554075958,31.09097108151915,-8.311615266382741,-7.233870274376830
523,4,10,-1.077744992005902,2.155489984011805,-.5388724960029511,-.5388724960029511
524,1,784,.000000000000000,.000000000000000,-31.50611076817221,31.50611076817221
524,2,128,-63.01222153634414,126.0244430726883,-39.08131173273678,-23.93090980360736
524,3,128,-15.15040192912906,30.30080385825811,-8.029994979128869,-7.120406950000183
524,4,10,-.9095880291286890,1.819176058257378,-.4547940145643445,-.4547940145643445
525,1,784,.000000000000000,.000000000000000,-31.22356973071719,31.22356973071719
525,2,128,-62.44713946143409,124.8942789228682,-39.09738015329864,-23.34975930813541
525,3,128,-15.74762084516284,31.49524169032568,-8.439448813083345,-7.308172032079498
525,4,10,-1.131276781003844,2.262553562007688,-.5656383905019207,-.5656383905019232
526,1,784,.000000000000000,.000000000000000,-31.23526203135959,31.23526203135959
526,2,128,-62.47052406271873,124.9410481254375,-39.32502122573747,-23.14550283698128
526,3,128,-16.17951838875579,32.35903677751158,-8.480831440886279,-7.698686947869511
526,4,10,-.7821444930167538,1.564288986033508,-.3910722465083772,-.3910722465083766
527,1,784,.000000000000000,.000000000000000,-31.20650403912503,31.20650403912503
527,2,128,-62.41300807824972,124.8260161564994,-39.30796962216731,-23.10503845608239
527,3,128,-16.20293116608453,32.40586233216905,-8.498672154527913,-7.704259011556608
527,4,10,-.7944131429713142,1.588826285942628,-.3972065714856572,-.3972065714856570
528,1,784,.000000000000000,.000000000000000,-31.27623600559596,31.27623600559596
528,2,128,-62.55247201119165,125.1049440223833,-39.17684448219545,-23.37562752899617
528,3,128,-15.80121695319896,31.60243390639791,-8.343692000385669,-7.457524952813291
528,4,10,-.8861670475723857,1.772334095144771,-.4430835237861924,-.4430835237861934
529,1,784,.000000000000000,.000000000000000,-31.32227757517977,31.32227757517977
529,2,128,-62.64455515035915,125.2891103007183,-39.17395824322931,-23.47059690712983
529,3,128,-15.70336133609912,31.40672267219823,-8.305756620345724,-7.397604715753398
529,4,10,-.9081519045923441,1.816303809184688,-.4540759522961721,-.4540759522961719
530,1,784,.000000000000000,.000000000000000,-31.78255804224151,31.78255804224151
530,2,128,-63.56511608448267,127.1302321689653,-38.92198987896728,-24.64312620551540
530,3,128,-14.27886367345150,28.55772734690300,-7.600960470567523,-6.677903202883967
530,4,10,-.9230572676835551,1.846114535367110,-.4615286338417776,-.4615286338417774
531,1,784,.000000000000000,.000000000000000,-31.72731638910375,31.72731638910375
531,2,128,-63.45463277820718,126.9092655564144,-39.09093790230199,-24.36369487590516
531,3,128,-14.72724302639646,29.45448605279291,-7.746018051175190,-6.981224975221260
531,4,10,-.7647930759539279,1.529586151907856,-.3823965379769631,-.3823965379769647
532,1,784,.000000000000000,.000000000000000,-31.45018951395048,31.45018951395048
532,2,128,-62.90037902790062,125.8007580558012,-39.12391061695798,-23.77646841094269
532,3,128,-15.34744220601489,30.69488441202978,-8.109780297643846,-7.237661908371043
532,4,10,-.8721183892727937,1.744236778545587,-.4360591946363966,-.4360591946363972
533,1,784,.000000000000000,.000000000000000,-31.64089811464575,31.64089811464575
533,2,128,-63.28179622929123,126.5635924585825,-39.07262961409204,-24.20916661519919
533,3,128,-14.86346299889250,29.72692599778499,-7.861622107279532,-7.001840891612957
533,4,10,-.8597812156665772,1.719562431333154,-.4298906078332887,-.4298906078332884
534,1,784,.000000000000000,.000000000000000,-31.85195830759669,31.85195830759669
534,2,128,-63.70391661519290,127.4078332303858,-38.88280139152692,-24.82111522366597
534,3,128,-14.06168616786056,28.12337233572111,-7.514925473037094,-6.546760694823459
534,4,10,-.9681647782136387,1.936329556427277,-.4840823891068186,-.4840823891068202
535,1,784,.000000000000000,.000000000000000,-31.29345974213176,31.29345974213176
535,2,128,-62.58691948426316,125.1738389685263,-39.20289583486482,-23.38402364939836
535,3,128,-15.81887218546611,31.63774437093223,-8.360249976083589,-7.458622209382520
535,4,10,-.9016277667010714,1.803255533402143,-.4508138833505368,-.4508138833505346
536,1,784,.000000000000000,.000000000000000,-31.38089404126737,31.38089404126737
536,2,128,-62.76178808253443,125.5235761650689,-39.12668201522919,-23.63510606730523
536,3,128,-15.49157594792359,30.98315189584718,-8.216069793650581,-7.275506154273016
536,4,10,-.9405636393775642,1.881127278755128,-.4702818196887815,-.4702818196887826
537,1,784,.000000000000000,.000000000000000,-31.77961166431274,31.77961166431274
537,2,128,-63.55922332862504,127.1184466572501,-39.00563514120314,-24.55358818742193
537,3,128,-14.45204695378086,28.90409390756171,-7.653869334290364,-6.798177619490483
537,4,10,-.8556917147998654,1.711383429599731,-.4278458573999337,-.4278458573999317
538,1,784,.000000000000000,.000000000000000,-31.36821317740858,31.36821317740858
538,2,128,-62.73642635481682,125.4728527096336,-39.17035714262915,-23.56606921218766
538,3,128,-15.60428793044113,31.20857586088226,-8.257610450215228,-7.346677480225895
538,4,10,-.9109329699893325,1.821865939978665,-.4554664849946674,-.4554664849946650
539,1,784,.000000000000000,.000000000000000,-31.48810385161568,31.48810385161568
539,2,128,-62.97620770323105,125.9524154064621,-39.18072729236124,-23.79548041086978
539,3,128,-15.38524688149115,30.77049376298229,-8.081566013826931,-7.303680867664218
539,4,10,-.7778851461627239,1.555770292325448,-.3889425730813602,-.3889425730813637
540,1,784,.000000000000000,.000000000000000,-31.56180451430718,31.56180451430718
540,2,128,-63.12360902861404,126.2472180572281,-38.91404847381372,-24.20956055480034
540,3,128,-14.70448791901302,29.40897583802604,-7.937818046853413,-6.766669872159603
540,4,10,-1.171148174693807,2.342296349387614,-.5855740873469036,-.5855740873469033
541,1,784,.000000000000000,.000000000000000,-31.40590565328137,31.40590565328137
541,2,128,-62.81181130656236,125.6236226131247,-39.05563688359960,-23.75617442296277
541,3,128,-15.29946246063646,30.59892492127291,-8.172493118743779,-7.126969341892682
541,4,10,-1.045523776851107,2.091047553702214,-.5227618884255529,-.5227618884255544
542,1,784,.000000000000000,.000000000000000,-31.48065394362270,31.48065394362270
542,2,128,-62.96130788724499,125.9226157744900,-39.01874987475227,-23.94255801249271
542,3,128,-15.07619186225920,30.15238372451841,-8.050662984785481,-7.025528877473727
542,4,10,-1.025134107311742,2.050268214623484,-.5125670536558706,-.5125670536558715
543,1,784,.000000000000000,.000000000000000,-31.31224354618323,31.31224354618323
543,2,128,-62.62448709236615,125.2489741847323,-39.04696609297693,-23.57752099938921
543,3,128,-15.46944509358734,30.93889018717468,-8.298002381900860,-7.171442711686482
543,4,10,-1.126559670214383,2.253119340428765,-.5632798351071915,-.5632798351071909
544,1,784,.000000000000000,.000000000000000,-31.33520958868689,31.33520958868689
544,2,128,-62.67041917737337,125.3408383547467,-39.23302231927477,-23.43739685809862
544,3,128,-15.79562546117577,31.59125092235153,-8.341490223871148,-7.454135237304622
544,4,10,-.8873549865665218,1.774709973133044,-.4436774932832619,-.4436774932832599
545,1,784,.000000000000000,.000000000000000,-31.05814689891818,31.05814689891818
545,2,128,-62.11629379783599,124.2325875956720,-39.29954618158577,-22.81674761625023
545,3,128,-16.48279856533516,32.96559713067033,-8.718626481411176,-7.764172083923976
545,4,10,-.9544543974871997,1.908908794974399,-.4772271987435991,-.4772271987436006
546,1,784,.000000000000000,.000000000000000,-31.72989120854213,31.72989120854213
546,2,128,-63.45978241708385,126.9195648341677,-39.08985812095097,-24.36992429613290
546,3,128,-14.71993382481772,29.43986764963543,-7.760179630783990,-6.959754194033732
546,4,10,-.8004254367502714,1.600850873500543,-.4002127183751358,-.4002127183751357
547,1,784,.000000000000000,.000000000000000,-31.49382406894608,31.49382406894608
547,2,128,-62.98764813789184,125.9752962757837,-39.19091851320069,-23.79672962469115
547,3,128,-15.39418888850916,30.78837777701832,-8.075173661619868,-7.319015226889282
547,4,10,-.7561584347305912,1.512316869461182,-.3780792173652952,-.3780792173652960
548,1,784,.000000000000000,.000000000000000,-31.58182018790890,31.58182018790890
548,2,128,-63.16364037581734,126.3272807516347,-38.86458437381821,-24.29905600199917
548,3,128,-14.56552837181863,29.13105674363726,-7.883332465964484,-6.682195905854145
548,4,10,-1.201136560110331,2.402273120220661,-.6005682800551658,-.6005682800551646
549,1,784,.000000000000000,.000000000000000,-31.50374827625592,31.50374827625592
549,2,128,-63.00749655251142,126.0149931050228,-39.16798474788347,-23.83951180462794
549,3,128,-15.32847294325514,30.65694588651029,-8.086836087860599,-7.241636855394553
549,4,10,-.8451992324660416,1.690398464932083,-.4225996162330208,-.4225996162330207
550,1,784,.000000000000000,.000000000000000,-31.33115344038582,31.33115344038582
550,2,128,-62.66230688077134,125.3246137615427,-38.97441866775456,-23.68788821301677
550,3,128,-15.28653045473742,30.57306090947484,-8.253522257932051,-7.033008196805365
550,4,10,-1.220514061126695,2.441028122253390,-.6102570305633477,-.6102570305633473
551,1,784,.000000000000000,.000000000000000,-31.59985472045345,31.59985472045345
551,2,128,-63.19970944090654,126.3994188818131,-39.07461472009603,-24.12509472081052
551,3,128,-14.94951999928512,29.89903999857023,-7.906776843092012,-7.042743156193104
551,4,10,-.8640336868989134,1.728067373797827,-.4320168434494571,-.4320168434494562
552,1,784,.000000000000000,.000000000000000,-31.37670085564854,31.37670085564854
552,2,128,-62.75340171129668,125.5068034225934,-39.17772954288648,-23.57567216841019
552,3,128,-15.60205737447590,31.20411474895181,-8.225305811344512,-7.376751563131394
552,4,10,-.8485542482131334,1.697108496426267,-.4242771241065665,-.4242771241065668
553,1,784,.000000000000000,.000000000000000,-31.24764183700466,31.24764183700466
553,2,128,-62.49528367400890,124.9905673480178,-39.09933471139855,-23.39594896261037
553,3,128,-15.70338574878785,31.40677149757569,-8.371842796024731,-7.331542952763117
553,4,10,-1.040299843261635,2.080599686523270,-.5201499216308186,-.5201499216308165
554,1,784,.000000000000000,.000000000000000,-31.23641295666630,31.23641295666630
554,2,128,-62.47282591333233,124.9456518266647,-39.05221429292592,-23.42061162040642
554,3,128,-15.63160267251909,31.26320534503819,-8.387276354842101,-7.244326317676995
554,4,10,-1.142950037165102,2.285900074330204,-.5714750185825510,-.5714750185825508
555,1,784,.000000000000000,.000000000000000,-31.26953717140901,31.26953717140901
555,2,128,-62.53907434281771,125.0781486856354,-39.17871599824232,-23.36035834457537
555,3,128,-15.81835765366658,31.63671530733316,-8.380931977579941,-7.437425676086635
555,4,10,-.9435063014933135,1.887012602986627,-.4717531507466572,-.4717531507466561
556,1,784,.000000000000000,.000000000000000,-31.67757287043319,31.67757287043319
556,2,128,-63.35514574086598,126.7102914817320,-38.91020081652353,-24.44494492434243
556,3,128,-14.46525589218076,28.93051178436151,-7.765294833721220,-6.699961058459543
556,4,10,-1.065333775261688,2.130667550523376,-.5326668876308444,-.5326668876308434
557,1,784,.000000000000000,.000000000000000,-31.22634714448450,31.22634714448450
557,2,128,-62.45269428896862,124.9053885779372,-39.17817334900647,-23.27452093996213
557,3,128,-15.90365240904394,31.80730481808789,-8.448954075877159,-7.454698333166794
557,4,10,-.9942557427103674,1.988511485420735,-.4971278713551842,-.4971278713551834
558,1,784,.000000000000000,.000000000000000,-31.56101187419346,31.56101187419346
558,2,128,-63.12202374838660,126.2440474967732,-38.95580295502334,-24.16622079336322
558,3,128,-14.78958216165977,29.57916432331953,-7.930227400873560,-6.859354760786215
558,4,10,-1.070872640087337,2.141745280174674,-.5354363200436691,-.5354363200436678
559,1,784,.000000000000000,.000000000000000,-31.42475181266493,31.42475181266493
559,2,128,-62.84950362532950,125.6990072506590,-39.00623075782781,-23.84327286750167
559,3,128,-15.16295789032575,30.32591578065151,-8.119317289210226,-7.043640601115524
559,4,10,-1.075676688094687,2.151353376189374,-.5378383440473441,-.5378383440473427
560,1,784,.000000000000000,.000000000000000,-31.67399444805268,31.67399444805268
560,2,128,-63.34798889610492,126.6959777922098,-39.06709442567424,-24.28089447043074
560,3,128,-14.78619995524314,29.57239991048627,-7.801574189418658,-6.984625765824484
560,4,10,-.8169484235941875,1.633896847188375,-.4084742117970932,-.4084742117970944
561,1,784,.000000000000000,.000000000000000,-31.47976645406783,31.47976645406783
561,2,128,-62.95953290813537,125.9190658162707,-39.09875218788388,-23.86078072025152
561,3,128,-15.23797146763198,30.47594293526396,-8.083135698195992,-7.154835769435989
561,4,10,-.9282999287599818,1.856599857519964,-.4641499643799903,-.4641499643799916
562,1,784,.000000000000000,.000000000000000,-31.43251917391479,31.43251917391479
562,2,128,-62.86503834782920,125.7300766956584,-39.04034231585555,-23.82469603197365
562,3,128,-15.21564628388151,30.43129256776302,-8.117042298971292,-7.098603984910222
562,4,10,-1.018438314061066,2.036876628122133,-.5092191570305323,-.5092191570305341
563,1,784,.000000000000000,.000000000000000,-31.44458033026482,31.44458033026482
563,2,128,-62.88916066052935,125.7783213210587,-39.12428317720776,-23.76487748332158
563,3,128,-15.35940569388584,30.71881138777168,-8.145280081584106,-7.214125612301730
563,4,10,-.9311544692823840,1.862308938564768,-.4655772346411911,-.4655772346411929
564,1,784,.000000000000000,.000000000000000,-31.36279117797785,31.36279117797785
564,2,128,-62.72558235595529,125.4511647119106,-39.26341486745195,-23.46216748850333
564,3,128,-15.80124737894823,31.60249475789646,-8.298814154853192,-7.502433224095037
564,4,10,-.7963809307581509,1.592761861516302,-.3981904653790759,-.3981904653790750
565,1,784,.000000000000000,.000000000000000,-31.14266555160895,31.14266555160895
565,2,128,-62.28533110321751,124.5706622064350,-39.23823223303783,-23.04709887017965
565,3,128,-16.19113336285782,32.38226672571563,-8.562180106684920,-7.628953256172900
565,4,10,-.9332268505120292,1.866453701024058,-.4666134252560138,-.4666134252560153
566,1,784,.000000000000000,.000000000000000,-31.16127428055812,31.16127428055812
566,2,128,-62.32254856111587,124.6450971222317,-39.23282306944856,-23.08972549166731
566,3,128,-16.14309757778087,32.28619515556175,-8.539303011143238,-7.603794566637640
566,4,10,-.9355084445056013,1.871016889011203,-.4677542222527999,-.4677542222528014
567,1,784,.000000000000000,.000000000000000,-31.51497152702254,31.51497152702254
567,2,128,-63.02994305404470,126.0598861080894,-39.05962310472015,-23.97031994932455
567,3,128,-15.08930315539522,30.17860631079044,-8.030262838323836,-7.059040317071380
567,4,10,-.9712225212524539,1.942445042504908,-.4856112606262270,-.4856112606262266
568,1,784,.000000000000000,.000000000000000,-31.36902492506504,31.36902492506504
568,2,128,-62.73804985012967,125.4760997002593,-39.21005822539342,-23.52799162473626
568,3,128,-15.68206660065677,31.36413320131355,-8.260483838578832,-7.421582762077946
568,4,10,-.8389010765008832,1.677802153001766,-.4194505382504416,-.4194505382504416
569,1,784,.000000000000000,.000000000000000,-31.33998751008402,31.33998751008402
569,2,128,-62.67997502016756,125.3599500403351,-39.22624902673865,-23.45372599342893
569,3,128,-15.77252303330929,31.54504606661858,-8.306230140916707,-7.466292892392588
569,4,10,-.8399372485241169,1.679874497048234,-.4199686242620591,-.4199686242620579
570,1,784,.000000000000000,.000000000000000,-31.38261540143973,31.38261540143973
570,2,128,-62.76523080287914,125.5304616057583,-39.23065601132846,-23.53457479155064
570,3,128,-15.69608121977744,31.39216243955489,-8.248108833483409,-7.447972386294037
570,4,10,-.8001364471893639,1.600272894378728,-.4000682235946831,-.4000682235946809
571,1,784,.000000000000000,.000000000000000,-31.69237663883179,31.69237663883179
571,2,128,-63.38475327766321,126.7695065553264,-39.06931995084163,-24.31543332682159
571,3,128,-14.75388662401967,29.50777324803934,-7.780410636707191,-6.973475987312471
571,4,10,-.8069346493947266,1.613869298789453,-.4034673246973642,-.4034673246973625
572,1,784,.000000000000000,.000000000000000,-31.47003003518829,31.47003003518829
572,2,128,-62.94006007037630,125.8801201407526,-39.10159454218910,-23.83846552818721
572,3,128,-15.26312901400150,30.52625802800300,-8.094406665751505,-7.168722348250000
572,4,10,-.9256843175014996,1.851368635002999,-.4628421587507492,-.4628421587507505
573,1,784,.000000000000000,.000000000000000,-31.46365279123006,31.46365279123006
573,2,128,-62.92730558245979,125.8546111649196,-39.21467555391914,-23.71263002854064
573,3,128,-15.50204552537812,31.00409105075624,-8.146285027196955,-7.355760498181167
573,4,10,-.7905245290157926,1.581049058031585,-.3952622645078970,-.3952622645078955
574,1,784,.000000000000000,.000000000000000,-31.62112015951090,31.62112015951090
574,2,128,-63.24224031902153,126.4844806380431,-39.10818113310458,-24.13405918591694
574,3,128,-14.97412194718726,29.94824389437453,-7.897001272543169,-7.077120674644096
574,4,10,-.8198805978990757,1.639761195798151,-.4099402989495379,-.4099402989495379
575,1,784,.000000000000000,.000000000000000,-31.18021813208214,31.18021813208214
575,2,128,-62.36043626416382,124.7208725283276,-39.18410476207421,-23.17633150208963
575,3,128,-16.00777325998420,32.01554651996840,-8.498370770453313,-7.509402489530888
575,4,10,-.9889682809224141,1.977936561844828,-.4944841404612070,-.4944841404612069
576,1,784,.000000000000000,.000000000000000,-31.72935136156897,31.72935136156897
576,2,128,-63.45870272313758,126.9174054462752,-39.04183632068349,-24.41686640245407
576,3,128,-14.62496991822905,29.24993983645811,-7.733062152418805,-6.891907765810250
576,4,10,-.8411543866085620,1.682308773217124,-.4205771933042811,-.4205771933042809
577,1,784,.000000000000000,.000000000000000,-31.60204089216700,31.60204089216700
577,2,128,-63.20408178433363,126.4081635686673,-39.05636693488107,-24.14771484945261
577,3,128,-14.90865208542809,29.81730417085619,-7.899529130828157,-7.009122954599935
577,4,10,-.8904061762282315,1.780812352456463,-.4452030881141156,-.4452030881141158
578,1,784,.000000000000000,.000000000000000,-31.61461759243483,31.61461759243483
578,2,128,-63.22923518486930,126.4584703697386,-39.14993728471527,-24.07929790015401
578,3,128,-15.07063938456087,30.14127876912175,-7.896000239487963,-7.174639145072917
578,4,10,-.7213610944150435,1.442722188830087,-.3606805472075220,-.3606805472075214
579,1,784,.000000000000000,.000000000000000,-31.15591602811164,31.15591602811164
579,2,128,-62.31183205622292,124.6236641124458,-39.11905595919207,-23.19277609703083
579,3,128,-15.92627986216088,31.85255972432175,-8.507000599352418,-7.419279262808463
579,4,10,-1.087721336543961,2.175442673087923,-.5438606682719802,-.5438606682719811
580,1,784,.000000000000000,.000000000000000,-31.07918444219163,31.07918444219163
580,2,128,-62.15836888438289,124.3167377687658,-39.08951291680814,-23.06885596757473
580,3,128,-16.02065694923302,32.04131389846604,-8.605593431421388,-7.415063517811641
580,4,10,-1.190529913609733,2.381059827219466,-.5952649568048667,-.5952649568048664
581,1,784,.000000000000000,.000000000000000,-31.64596361285749,31.64596361285749
581,2,128,-63.29192722571459,126.5838544514292,-38.97669818316567,-24.31522904254895
581,3,128,-14.66146914061630,29.32293828123260,-7.820985376818352,-6.840483763797944
581,4,10,-.9805016130203900,1.961003226040780,-.4902508065101957,-.4902508065101943
582,1,784,.000000000000000,.000000000000000,-31.45141825489662,31.45141825489662
582,2,128,-62.90283650979294,125.8056730195859,-39.10630034386063,-23.79653616593232
582,3,128,-15.30976417792793,30.61952835585586,-8.104774309869610,-7.204989868058316
582,4,10,-.8997844418112937,1.799568883622587,-.4498922209056475,-.4498922209056460
583,1,784,.000000000000000,.000000000000000,-31.55792448589470,31.55792448589470
583,2,128,-63.11584897178903,126.2316979435781,-39.13095454054336,-23.98489443124566
583,3,128,-15.14606010929730,30.29212021859460,-8.003104268916042,-7.142955840381260
583,4,10,-.8601484285347902,1.720296857069580,-.4300742142673949,-.4300742142673953
584,1,784,.000000000000000,.000000000000000,-31.22848537413792,31.22848537413792
584,2,128,-62.45697074827553,124.9139414965511,-39.28592038431126,-23.17105036396426
584,3,128,-16.11487002034663,32.22974004069325,-8.481196387208387,-7.633673633138230
584,4,10,-.8475227540701628,1.695045508140326,-.4237613770350809,-.4237613770350817
585,1,784,.000000000000000,.000000000000000,-31.55155687924287,31.55155687924287
585,2,128,-63.10311375848543,126.2062275169709,-39.11675271897736,-23.98636103950808
585,3,128,-15.13039167946889,30.26078335893778,-7.989674511748568,-7.140717167720323
585,4,10,-.8489573440282390,1.697914688056478,-.4244786720141195,-.4244786720141196
586,1,784,.000000000000000,.000000000000000,-31.57388563724327,31.57388563724327
586,2,128,-63.14777127448627,126.2955425489725,-39.09665469991732,-24.05111657456894
586,3,128,-15.04553812534801,30.09107625069601,-7.957526744625653,-7.088011380722356
586,4,10,-.8695153639032936,1.739030727806587,-.4347576819516475,-.4347576819516462
587,1,784,.000000000000000,.000000000000000,-31.52251782540041,31.52251782540041
587,2,128,-63.04503565080050,126.0900713016010,-39.07679669888287,-23.96823895191763
587,3,128,-15.10855774696486,30.21711549392973,-8.011240001435793,-7.097317745529076
587,4,10,-.9139222559067262,1.827844511813452,-.4569611279533631,-.4569611279533632
588,1,784,.000000000000000,.000000000000000,-31.61965722279135,31.61965722279135
588,2,128,-63.23931444558236,126.4786288911647,-39.13061715394762,-24.10869729163476
588,3,128,-15.02191986231251,30.04383972462501,-7.893715268649524,-7.128204593662981
588,4,10,-.7655106749865431,1.531021349973086,-.3827553374932714,-.3827553374932717
589,1,784,.000000000000000,.000000000000000,-31.50373115645025,31.50373115645025
589,2,128,-63.00746231290016,126.0149246258003,-39.21479204067748,-23.79267027222266
589,3,128,-15.42212176845445,30.84424353690889,-8.094596187693718,-7.327525580760732
589,4,10,-.7670706069330020,1.534141213866004,-.3835353034664998,-.3835353034665022
590,1,784,.000000000000000,.000000000000000,-31.50010312735103,31.50010312735103
590,2,128,-63.00020625470178,126.0004125094036,-39.12247311413282,-23.87773314056894
590,3,128,-15.24473997356349,30.48947994712699,-8.086282156418676,-7.158457817144810
590,4,10,-.9278243392738617,1.855648678547723,-.4639121696369304,-.4639121696369313
591,1,784,.000000000000000,.000000000000000,-31.70200879884254,31.70200879884254
591,2,128,-63.40401759768468,126.8080351953694,-38.98989973219577,-24.41411786548892
591,3,128,-14.57578186670645,29.15156373341290,-7.753182549335449,-6.822599317371011
591,4,10,-.9305832319644400,1.861166463928880,-.4652916159822199,-.4652916159822202
592,1,784,.000000000000000,.000000000000000,-31.39633418223946,31.39633418223946
592,2,128,-62.79266836447862,125.5853367289572,-39.10285242013215,-23.68981594434648
592,3,128,-15.41303647578531,30.82607295157063,-8.185546008608908,-7.227490467176414
592,4,10,-.9580555414325045,1.916111082865009,-.4790277707162517,-.4790277707162528
593,1,784,.000000000000000,.000000000000000,-31.52973437742082,31.52973437742082
593,2,128,-63.05946875484136,126.1189375096827,-39.11632866675318,-23.94314008808815
593,3,128,-15.17318857866467,30.34637715732933,-8.021870842032307,-7.151317736632357
593,4,10,-.8705531053999367,1.741106210799873,-.4352765526999691,-.4352765526999675
594,1,784,.000000000000000,.000000000000000,-31.63542980138509,31.63542980138509
594,2,128,-63.27085960276986,126.5417192055397,-39.09149516338629,-24.17936443938357
594,3,128,-14.91213072400235,29.82426144800470,-7.874549268323540,-7.037581455678800
594,4,10,-.8369678126447374,1.673935625289475,-.4184839063223679,-.4184839063223694
595,1,784,.000000000000000,.000000000000000,-31.25758587117985,31.25758587117985
595,2,128,-62.51517174235931,125.0303434847186,-39.13877255380859,-23.37639918855072
595,3,128,-15.76237336525748,31.52474673051496,-8.368532458247493,-7.393840907009989
595,4,10,-.9746915512375092,1.949383102475018,-.4873457756187548,-.4873457756187544
596,1,784,.000000000000000,.000000000000000,-31.65050957364087,31.65050957364087
596,2,128,-63.30101914728138,126.6020382945628,-39.08366918126906,-24.21734996601234
596,3,128,-14.86631921525631,29.73263843051263,-7.841471616536996,-7.024847598719325
596,4,10,-.8166240178176695,1.633248035635339,-.4083120089088360,-.4083120089088336
597,1,784,.000000000000000,.000000000000000,-31.28904465757748,31.28904465757748
597,2,128,-62.57808931515456,125.1561786303091,-39.01013946318772,-23.56794985196684
597,3,128,-15.44218961122052,30.88437922244104,-8.298435683495565,-7.143753927724955
597,4,10,-1.154681755770619,2.309363511541239,-.5773408778853094,-.5773408778853103
598,1,784,.000000000000000,.000000000000000,-31.33249814964894,31.33249814964894
598,2,128,-62.66499629929759,125.3299925985952,-39.10378421669890,-23.56121208259863
598,3,128,-15.54257213409991,31.08514426819981,-8.275257238039082,-7.267314896060826
598,4,10,-1.007942341978254,2.015884683956507,-.5039711709891255,-.5039711709891281
599,1,784,.000000000000000,.000000000000000,-31.61157498334389,31.61157498334389
599,2,128,-63.22314996668734,126.4462999333747,-38.95809902709238,-24.26505093959496
599,3,128,-14.69304808749706,29.38609617499413,-7.861144042024259,-6.831904045472800
599,4,10,-1.029239996551458,2.058479993102916,-.5146199982757290,-.5146199982757290
600,1,784,.000000000000000,.000000000000000,-31.30849188778928,31.30849188778928
600,2,128,-62.61698377557823,125.2339675511565,-39.24552796622979,-23.37145580934840
600,3,128,-15.87407215688100,31.74814431376200,-8.349744805260338,-7.524327351620657
600,4,10,-.8254174536396830,1.650834907279366,-.4127087268198427,-.4127087268198403
601,1,784,.000000000000000,.000000000000000,-31.50334608600820,31.50334608600820
601,2,128,-63.00669217201595,126.0133843440319,-39.04622890228212,-23.96046326973385
601,3,128,-15.08576563254786,30.17153126509572,-8.036324842270634,-7.049440790277230
601,4,10,-.9868840519934021,1.973768103986804,-.4934420259967011,-.4934420259967009
602,1,784,.000000000000000,.000000000000000,-31.77077564904405,31.77077564904405
602,2,128,-63.54155129808775,127.0831025961755,-39.07219142706335,-24.46935987102439
602,3,128,-14.60283155603862,29.20566311207724,-7.686364940569985,-6.916466615468633
602,4,10,-.7698983251013662,1.539796650202732,-.3849491625506827,-.3849491625506836
603,1,784,.000000000000000,.000000000000000,-31.20632046918809,31.20632046918809
603,2,128,-62.41264093837579,124.8252818767516,-39.30100386750743,-23.11163707086835
603,3,128,-16.18936679663870,32.37873359327741,-8.488942410869264,-7.700424385769446
603,4,10,-.7885180250998163,1.577036050199633,-.3942590125499087,-.3942590125499075
604,1,784,.000000000000000,.000000000000000,-31.55213368408637,31.55213368408637
604,2,128,-63.10426736817237,126.2085347363447,-39.07507723987975,-24.02919012829263
604,3,128,-15.04588711158674,30.09177422317349,-7.966290310938478,-7.079596800648265
604,4,10,-.8866935102902197,1.773387020580439,-.4433467551451101,-.4433467551451097
605,1,784,.000000000000000,.000000000000000,-31.50953697413350,31.50953697413350
605,2,128,-63.01907394826667,126.0381478965333,-39.15909264349416,-23.85998130477251
605,3,128,-15.29911133872132,30.59822267744265,-8.044349077215550,-7.254762261505771
605,4,10,-.7895868157098000,1.579173631419600,-.3947934078549002,-.3947934078548998
606,1,784,.000000000000000,.000000000000000,-31.49300774132419,31.49300774132419
606,2,128,-62.98601548264799,125.9720309652960,-39.11278195487580,-23.87323352777216
606,3,128,-15.23954842710331,30.47909685420662,-8.061008607307471,-7.178539819795835
606,4,10,-.8824687875116545,1.764937575023309,-.4412343937558269,-.4412343937558276
607,1,784,.000000000000000,.000000000000000,-31.56841903587852,31.56841903587852
607,2,128,-63.13683807175667,126.2736761435133,-39.05251063368384,-24.08432743807283
607,3,128,-14.96818319561060,29.93636639122121,-7.955869410968651,-7.012313784641949
607,4,10,-.9435556263266928,1.887111252653386,-.4717778131633465,-.4717778131633463
608,1,784,.000000000000000,.000000000000000,-31.29886717177865,31.29886717177865
608,2,128,-62.59773434355690,125.1954686871138,-39.09470199561403,-23.50303234794290
608,3,128,-15.59166964767075,31.18333929534149,-8.316819719526457,-7.274849928144302
608,4,10,-1.041969791382154,2.083939582764307,-.5209848956910760,-.5209848956910775
609,1,784,.000000000000000,.000000000000000,-31.65356080008175,31.65356080008175
609,2,128,-63.30712160016303,126.6142432003261,-39.07562169148009,-24.23149990868296
609,3,128,-14.84412178279674,29.68824356559348,-7.854297611551421,-6.989824171245325
609,4,10,-.8644734403060865,1.728946880612173,-.4322367201530437,-.4322367201530429
610,1,784,.000000000000000,.000000000000000,-31.31830930755775,31.31830930755775
610,2,128,-62.63661861511520,125.2732372302304,-39.19624973599945,-23.44036887911576
610,3,128,-15.75588085688330,31.51176171376660,-8.332898350667074,-7.422982506216223
610,4,10,-.9099158444508506,1.819831688901701,-.4549579222254261,-.4549579222254246
611,1,784,.000000000000000,.000000000000000,-31.38429392309935,31.38429392309935
611,2,128,-62.76858784619839,125.5371756923968,-39.13913973835568,-23.62944810784268
611,3,128,-15.50969163051264,31.01938326102528,-8.199476919088040,-7.310214711424600
611,4,10,-.8892622076634513,1.778524415326903,-.4446311038317254,-.4446311038317258
612,1,784,.000000000000000,.000000000000000,-31.56614353311718,31.56614353311718
612,2,128,-63.13228706623401,126.2645741324680,-39.15509840300309,-23.97718866323091
612,3,128,-15.17790973977182,30.35581947954363,-7.991345448048127,-7.186564291723699
612,4,10,-.8047811563244258,1.609562312648852,-.4023905781622134,-.4023905781622125
613,1,784,.000000000000000,.000000000000000,-31.38369856966088,31.38369856966088
613,2,128,-62.76739713932140,125.5347942786428,-39.11576791499147,-23.65162922432993
613,3,128,-15.46413869066119,30.92827738132238,-8.249801899637069,-7.214336791024120
613,4,10,-1.035465108612957,2.070930217225914,-.5177325543064789,-.5177325543064782
614,1,784,.000000000000000,.000000000000000,-31.48921699958285,31.48921699958285
614,2,128,-62.97843399916530,125.9568679983306,-39.16470419283435,-23.81372980633095
614,3,128,-15.35097438650301,30.70194877300603,-8.072946852026213,-7.278027534476800
614,4,10,-.7949193175494077,1.589838635098815,-.3974596587747046,-.3974596587747030
615,1,784,.000000000000000,.000000000000000,-31.24683570641957,31.24683570641957
615,2,128,-62.49367141283878,124.9873428256776,-39.26338427529033,-23.23028713754843
615,3,128,-16.03309713774154,32.06619427548308,-8.410570844393709,-7.622526293347827
615,4,10,-.7880445510458954,1.576089102091791,-.3940222755229470,-.3940222755229484
616,1,784,.000000000000000,.000000000000000,-31.43075608278390,31.43075608278390
616,2,128,-62.86151216556750,125.7230243311350,-39.21290140161429,-23.64861076395319
616,3,128,-15.56429063766075,31.12858127532150,-8.174589798852175,-7.389700838808572
616,4,10,-.7848889600436028,1.569777920087206,-.3924444800218024,-.3924444800218002
617,1,784,.000000000000000,.000000000000000,-31.45835857715732,31.45835857715732
617,2,128,-62.91671715431428,125.8334343086286,-39.16846829201621,-23.74824886229807
617,3,128,-15.42021942971778,30.84043885943557,-8.104855406565648,-7.315364023152136
617,4,10,-.7894913834135041,1.578982766827008,-.3947456917067524,-.3947456917067517
618,1,784,.000000000000000,.000000000000000,-31.36697601640993,31.36697601640993
618,2,128,-62.73395203281947,125.4679040656389,-38.99269207720344,-23.74125995561603
618,3,128,-15.25143212158705,30.50286424317409,-8.208116727593401,-7.043315393993642
618,4,10,-1.164801333599753,2.329602667199505,-.5824006667998762,-.5824006667998765
619,1,784,.000000000000000,.000000000000000,-31.63619733632625,31.63619733632625
619,2,128,-63.27239467265215,126.5447893453043,-38.90814646012516,-24.36424821252697
619,3,128,-14.54389824759783,29.08779649519565,-7.834563113546162,-6.709335134051663
619,4,10,-1.125227979494507,2.250455958989015,-.5626139897472536,-.5626139897472536
620,1,784,.000000000000000,.000000000000000,-31.32522123951438,31.32522123951438
620,2,128,-62.65044247902840,125.3008849580568,-39.07310610848746,-23.57733637054094
620,3,128,-15.49576973794616,30.99153947589232,-8.259620050079091,-7.236149687867070
620,4,10,-1.023470362212021,2.046940724424041,-.5117351811060099,-.5117351811060108
621,1,784,.000000000000000,.000000000000000,-31.74305722475183,31.74305722475183
621,2,128,-63.48611444950330,126.9722288990066,-38.99336821769632,-24.49274623180698
621,3,128,-14.50062198588896,29.00124397177792,-7.707433725454367,-6.793188260434595
621,4,10,-.9142454650197696,1.828490930039539,-.4571227325098839,-.4571227325098855
622,1,784,.000000000000000,.000000000000000,-31.53890482899198,31.53890482899198
622,2,128,-63.07780965798359,126.1556193159672,-39.03543954145505,-24.04237011652857
622,3,128,-14.99306942492606,29.98613884985212,-7.977296146222439,-7.015773278703617
622,4,10,-.9615228675188214,1.923045735037643,-.4807614337594106,-.4807614337594107
623,1,784,.000000000000000,.000000000000000,-31.49385960917004,31.49385960917004
623,2,128,-62.98771921833976,125.9754384366795,-39.00977703576461,-23.97794218257514
623,3,128,-15.03183485318914,30.06366970637828,-8.046654249788563,-6.985180603400576
623,4,10,-1.061473646387993,2.122947292775986,-.5307368231939962,-.5307368231939968
624,1,784,.000000000000000,.000000000000000,-31.60794635605585,31.60794635605585
624,2,128,-63.21589271211140,126.4317854242228,-38.95754804885046,-24.25834466326094
624,3,128,-14.69920338558917,29.39840677117834,-7.880258198312863,-6.818945187276311
624,4,10,-1.061313011036547,2.122626022073094,-.5306565055182740,-.5306565055182733
625,1,784,.000000000000000,.000000000000000,-31.67964845505084,31.67964845505084
625,2,128,-63.35929691010140,126.7185938202028,-39.18679558493355,-24.17250132516788
625,3,128,-15.01429425976533,30.02858851953066,-7.844855954343023,-7.169438305422307
625,4,10,-.6754176489207362,1.350835297841472,-.3377088244603683,-.3377088244603679
626,1,784,.000000000000000,.000000000000000,-31.39788649787831,31.39788649787831
626,2,128,-62.79577299575626,125.5915459915125,-39.22861407690039,-23.56715891885586
626,3,128,-15.66145515804415,31.32291031608829,-8.225277158411014,-7.436177999633133
626,4,10,-.7890991587778895,1.578198317555779,-.3945495793889455,-.3945495793889438
627,1,784,.000000000000000,.000000000000000,-31.65242157496065,31.65242157496065
627,2,128,-63.30484314992089,126.6096862998418,-38.91605953460075,-24.38878361532014
627,3,128,-14.52727591928023,29.05455183856046,-7.792172952311356,-6.735102966968875
627,4,10,-1.057069985342470,2.114139970684940,-.5285349926712356,-.5285349926712343
628,1,784,.000000000000000,.000000000000000,-31.29567419953842,31.29567419953842
628,2,128,-62.59134839907644,125.1826967981529,-39.14399196976589,-23.44735642931057
628,3,128,-15.69663554045493,31.39327108090986,-8.325526495698819,-7.371109044756106
628,4,10,-.9544174509427149,1.908834901885430,-.4772087254713583,-.4772087254713565
629,1,784,.000000000000000,.000000000000000,-31.28815997239144,31.28815997239144
629,2,128,-62.57631994478244,125.1526398895649,-39.15374493770327,-23.42257500707924
629,3,128,-15.73116993062361,31.46233986124722,-8.360197766600004,-7.370972164023608
629,4,10,-.9892256025763935,1.978451205152787,-.4946128012881967,-.4946128012881967
630,1,784,.000000000000000,.000000000000000,-31.14962453074771,31.14962453074771
630,2,128,-62.29924906149504,124.5984981229901,-39.15029826800624,-23.14895079348880
630,3,128,-16.00134747451703,32.00269494903407,-8.507220934193349,-7.494126540323679
630,4,10,-1.013094393869672,2.026188787739344,-.5065471969348343,-.5065471969348377
631,1,784,.000000000000000,.000000000000000,-31.44087670448408,31.44087670448408
631,2,128,-62.88175340896782,125.7635068179356,-39.26600913878116,-23.61574427018666
631,3,128,-15.65026486859412,31.30052973718823,-8.170731881780149,-7.479532986813966
631,4,10,-.6911988949661836,1.382397789932367,-.3455994474830903,-.3455994474830932
632,1,784,.000000000000000,.000000000000000,-31.41052202544062,31.41052202544062
632,2,128,-62.82104405088085,125.6420881017617,-39.16161146927129,-23.65943258160957
632,3,128,-15.50217888766136,31.00435777532272,-8.175090787645528,-7.327088100015819
632,4,10,-.8480026876297087,1.696005375259417,-.4240013438148540,-.4240013438148547
633,1,784,.000000000000000,.000000000000000,-31.35857967883707,31.35857967883707
633,2,128,-62.71715935767379,125.4343187153476,-39.04060232526744,-23.67655703240636
633,3,128,-15.36404529286070,30.72809058572140,-8.227667629490817,-7.136377663369879
633,4,10,-1.091289966120930,2.182579932241860,-.5456449830604639,-.5456449830604659
634,1,784,.000000000000000,.000000000000000,-31.52681111809898,31.52681111809898
634,2,128,-63.05362223619762,126.1072444723952,-39.03144516541271,-24.02217707078493
634,3,128,-15.00926809462733,30.01853618925465,-8.035060973901095,-6.974207120726240
634,4,10,-1.060853853174830,2.121707706349661,-.5304269265874154,-.5304269265874150
635,1,784,.000000000000000,.000000000000000,-31.20235718632265,31.20235718632265
635,2,128,-62.40471437264497,124.8094287452899,-39.19666143053868,-23.20805294210628
635,3,128,-15.98860848843200,31.97721697686400,-8.469265456973126,-7.519343031458871
635,4,10,-.9499224255142666,1.899844851028533,-.4749612127571332,-.4749612127571335
636,1,784,.000000000000000,.000000000000000,-31.16787369532663,31.16787369532663
636,2,128,-62.33574739065283,124.6714947813057,-39.18735617024815,-23.14839122040465
636,3,128,-16.03896494984313,32.07792989968626,-8.526365435977901,-7.512599513865237
636,4,10,-1.013765922112664,2.027531844225327,-.5068829610563319,-.5068829610563318
637,1,784,.000000000000000,.000000000000000,-31.45575321981255,31.45575321981255
637,2,128,-62.91150643962469,125.8230128792494,-39.06600891472306,-23.84549752490159
637,3,128,-15.22051138982111,30.44102277964222,-8.088911361638727,-7.131600028182382
637,4,10,-.9573113334563378,1.914622666912676,-.4786556667281687,-.4786556667281692
638,1,784,.000000000000000,.000000000000000,-31.47070307027969,31.47070307027969
638,2,128,-62.94140614055901,125.8828122811180,-38.98253466269378,-23.95887147786522
638,3,128,-15.02366318482819,30.04732636965638,-8.063591565623593,-6.960071619204593
638,4,10,-1.103519946419004,2.207039892838008,-.5517599732095030,-.5517599732095009
639,1,784,.000000000000000,.000000000000000,-31.14372436295383,31.14372436295383
639,2,128,-62.28744872590737,124.5748974518147,-39.12907658765027,-23.15837213825713
639,3,128,-15.97070444939276,31.94140889878551,-8.525717167862460,-7.444987281530296
639,4,10,-1.080729886332164,2.161459772664328,-.5403649431660815,-.5403649431660825
640,1,784,.000000000000000,.000000000000000,-31.32685875729191,31.32685875729191
640,2,128,-62.65371751458341,125.3074350291668,-39.05560235254287,-23.59811516204052
640,3,128,-15.45748719050196,30.91497438100391,-8.271453445345328,-7.186033745156627
640,4,10,-1.085419700188693,2.170839400377385,-.5427098500943469,-.5427098500943457
641,1,784,.000000000000000,.000000000000000,-31.41377732417295,31.41377732417295
641,2,128,-62.82755464834555,125.6551092966911,-39.11683509597992,-23.71071955236560
641,3,128,-15.40611554361399,30.81223108722797,-8.172137079595982,-7.233978464018009
641,4,10,-.9381586155779769,1.876317231155954,-.4690793077889873,-.4690793077889895
642,1,784,.000000000000000,.000000000000000,-31.67595575179573,31.67595575179573
642,2,128,-63.35191150359105,126.7038230071821,-38.99206383362809,-24.35984766996295
642,3,128,-14.63221616366478,29.26443232732957,-7.772077749699958,-6.860138413964837
642,4,10,-.9119393357351187,1.823878671470237,-.4559696678675592,-.4559696678675595
643,1,784,.000000000000000,.000000000000000,-31.37968447408451,31.37968447408451
643,2,128,-62.75936894816866,125.5187378963373,-39.10524015249598,-23.65412879567266
643,3,128,-15.45111135682294,30.90222271364588,-8.204566588519329,-7.246544768303611
643,4,10,-.9580218202157204,1.916043640431441,-.4790109101078590,-.4790109101078613
644,1,784,.000000000000000,.000000000000000,-31.50166734943022,31.50166734943022
644,2,128,-63.00333469886014,126.0066693977203,-39.11437197957164,-23.88896271928849
644,3,128,-15.22540926028277,30.45081852056555,-8.052420088536035,-7.172989171746744
644,4,10,-.8794309167892872,1.758861833578574,-.4397154583946449,-.4397154583946423
645,1,784,.000000000000000,.000000000000000,-31.33578722938945,31.33578722938945
645,2,128,-62.67157445877848,125.3431489175570,-39.14477819197628,-23.52679626680220
645,3,128,-15.61798192517366,31.23596385034733,-8.258028688681572,-7.359953236492098
645,4,10,-.8980754521894485,1.796150904378897,-.4490377260947243,-.4490377260947242
646,1,784,.000000000000000,.000000000000000,-31.62659689755834,31.62659689755834
646,2,128,-63.25319379511628,126.5063875902326,-38.98652886013599,-24.26666493498030
646,3,128,-14.71986392515527,29.43972785031055,-7.851072885048822,-6.868791040106457
646,4,10,-.9822818449423639,1.964563689884728,-.4911409224711816,-.4911409224711824
647,1,784,.000000000000000,.000000000000000,-31.59882823702253,31.59882823702253
647,2,128,-63.19765647404473,126.3953129480895,-38.98775567771424,-24.20990079633049
647,3,128,-14.77785488138335,29.55570976276669,-7.862966953969512,-6.914887927413834
647,4,10,-.9480790265556577,1.896158053111315,-.4740395132778284,-.4740395132778293
648,1,784,.000000000000000,.000000000000000,-31.34653350853800,31.34653350853800
648,2,128,-62.69306701707561,125.3861340341512,-39.17656613523028,-23.51650088184530
648,3,128,-15.66006525338457,31.32013050676915,-8.269518642298895,-7.390546611085685
648,4,10,-.8789720312132085,1.757944062426417,-.4394860156066044,-.4394860156066042
649,1,784,.000000000000000,.000000000000000,-31.32839285658681,31.32839285658681
649,2,128,-62.65678571317326,125.3135714263465,-39.06143362388854,-23.59535208928472
649,3,128,-15.46608153460341,30.93216306920682,-8.266190510272425,-7.199891024330984
649,4,10,-1.066299485941428,2.132598971882857,-.5331497429707142,-.5331497429707142
650,1,784,.000000000000000,.000000000000000,-31.46731754277299,31.46731754277299
650,2,128,-62.93463508554573,125.8692701710915,-39.13447519657741,-23.80015988896831
650,3,128,-15.33431530760874,30.66863061521747,-8.120147667338452,-7.214167640270282
650,4,10,-.9059800270681675,1.811960054136335,-.4529900135340836,-.4529900135340840
651,1,784,.000000000000000,.000000000000000,-31.35810619107801,31.35810619107801
651,2,128,-62.71621238215576,125.4324247643115,-38.97778751059034,-23.73842487156539
651,3,128,-15.23936263902460,30.47872527804921,-8.202079000271150,-7.037283638753451
651,4,10,-1.164795361517696,2.329590723035392,-.5823976807588478,-.5823976807588481
652,1,784,.000000000000000,.000000000000000,-31.27312288959598,31.27312288959598
652,2,128,-62.54624577919162,125.0924915583832,-39.18170981012294,-23.36453596906866
652,3,128,-15.81717384105389,31.63434768210777,-8.376297867502295,-7.440875973551592
652,4,10,-.9354218939507087,1.870843787901417,-.4677109469753542,-.4677109469753546
653,1,784,.000000000000000,.000000000000000,-31.42004781737782,31.42004781737782
653,2,128,-62.84009563475531,125.6801912695106,-39.08227013833138,-23.75782549642396
653,3,128,-15.32444464190703,30.64888928381407,-8.161681441199086,-7.162763200707939
653,4,10,-.9989182404911322,1.997836480982264,-.4994591202455659,-.4994591202455662
654,1,784,.000000000000000,.000000000000000,-31.59841886877441,31.59841886877441
654,2,128,-63.19683773754848,126.3936754750970,-38.99196987872074,-24.20486785882773
654,3,128,-14.78710201989265,29.57420403978529,-7.883634382494622,-6.903467637398021
654,4,10,-.9801667450966032,1.960333490193206,-.4900833725483018,-.4900833725483016
655,1,784,.000000000000000,.000000000000000,-31.31588180674051,31.31588180674051
655,2,128,-62.63176361348064,125.2635272269613,-39.01881865665747,-23.61294495682314
655,3,128,-15.40587369983393,30.81174739966786,-8.264028105622721,-7.141845594211206
655,4,10,-1.122182511411523,2.244365022823046,-.5610912557057616,-.5610912557057612
656,1,784,.000000000000000,.000000000000000,-31.42586807400813,31.42586807400813
656,2,128,-62.85173614801591,125.7034722960318,-39.10763196465498,-23.74410418336092
656,3,128,-15.36352778129370,30.72705556258739,-8.124778899573219,-7.238748881720483
656,4,10,-.8860300178527301,1.772060035705460,-.4430150089263646,-.4430150089263653
657,1,784,.000000000000000,.000000000000000,-31.13219645497846,31.13219645497846
657,2,128,-62.26439290995653,124.5287858199131,-39.23611234341905,-23.02828056653746
657,3,128,-16.20783177688121,32.41566355376241,-8.592286506847294,-7.615545270033918
657,4,10,-.9767412368133925,1.953482473626785,-.4883706184066959,-.4883706184066967
658,1,784,.000000000000000,.000000000000000,-31.73582941495000,31.73582941495000
658,2,128,-63.47165882989962,126.9433176597992,-38.97644753876037,-24.49521129113926
658,3,128,-14.48123624762074,28.96247249524147,-7.709298699592082,-6.771937548028656
658,4,10,-.9373611515634227,1.874722303126845,-.4686805757817112,-.4686805757817116
659,1,784,.000000000000000,.000000000000000,-31.36132750573724,31.36132750573724
659,2,128,-62.72265501147409,125.4453100229482,-39.10674601670608,-23.61590899476802
659,3,128,-15.49083702193769,30.98167404387537,-8.246124897281716,-7.244712124655968
659,4,10,-1.001412772625743,2.002825545251487,-.5007063863128726,-.5007063863128708
660,1,784,.000000000000000,.000000000000000,-31.62280670553692,31.62280670553692
660,2,128,-63.24561341107341,126.4912268221468,-39.03578663249941,-24.20982677857400
660,3,128,-14.82595985392504,29.65191970785007,-7.872417295336634,-6.953542558588406
660,4,10,-.9188747367482267,1.837749473496453,-.4594373683741127,-.4594373683741139
661,1,784,.000000000000000,.000000000000000,-31.62017839148627,31.62017839148627
661,2,128,-63.24035678297222,126.4807135659444,-39.07835541303672,-24.16200136993551
661,3,128,-14.91635404310082,29.83270808620163,-7.872508831695846,-7.043845211404973
661,4,10,-.8286636202908635,1.657327240581727,-.4143318101454316,-.4143318101454319
662,1,784,.000000000000000,.000000000000000,-31.61468105112517,31.61468105112517
662,2,128,-63.22936210225001,126.4587242045000,-38.84142127200696,-24.38794083024305
662,3,128,-14.45348044176354,28.90696088352709,-7.822911438735788,-6.630569003027768
662,4,10,-1.192342435708031,2.384684871416062,-.5961712178540165,-.5961712178540143
663,1,784,.000000000000000,.000000000000000,-31.46000786786051,31.46000786786051
663,2,128,-62.92001573572063,125.8400314714413,-39.19137895148666,-23.72863678423398
663,3,128,-15.46274216725234,30.92548433450468,-8.129068023253108,-7.333674143999231
663,4,10,-.7953938792538857,1.590787758507771,-.3976969396269437,-.3976969396269419
664,1,784,.000000000000000,.000000000000000,-31.10188678734141,31.10188678734141
664,2,128,-62.20377357468244,124.4075471493649,-39.27762269966044,-22.92615087502200
664,3,128,-16.35147182463809,32.70294364927617,-8.598966370881223,-7.752505453756858
664,4,10,-.8464609171243613,1.692921834248723,-.4232304585621809,-.4232304585621803
665,1,784,.000000000000000,.000000000000000,-31.46318153747771,31.46318153747771
665,2,128,-62.92636307495507,125.8527261499101,-39.22719627491546,-23.69916680003958
665,3,128,-15.52802947487551,31.05605894975102,-8.136077605143566,-7.391951869731950
665,4,10,-.7441257354116044,1.488251470823209,-.3720628677058023,-.3720628677058021
666,1,784,.000000000000000,.000000000000000,-31.76247169967927,31.76247169967927
666,2,128,-63.52494339935821,127.0498867987164,-39.12286383305611,-24.40207956630211
666,3,128,-14.72078426675359,29.44156853350718,-7.716785169563074,-7.003999097190525
666,4,10,-.7127860723725398,1.425572144745080,-.3563930361862696,-.3563930361862703
667,1,784,.000000000000000,.000000000000000,-31.50935151417399,31.50935151417399
667,2,128,-63.01870302834764,126.0374060566953,-39.16245940364539,-23.85624362470222
667,3,128,-15.30621577894282,30.61243155788565,-8.070038971221111,-7.236176807721714
667,4,10,-.8338621634993877,1.667724326998775,-.4169310817496942,-.4169310817496935
668,1,784,.000000000000000,.000000000000000,-31.21088253414553,31.21088253414553
668,2,128,-62.42176506829070,124.8435301365814,-39.12247953620760,-23.29928553208309
668,3,128,-15.82319400412415,31.64638800824831,-8.407624496169584,-7.415569507954574
668,4,10,-.9920549882150118,1.984109976430024,-.4960274941075054,-.4960274941075065
669,1,784,.000000000000000,.000000000000000,-31.37246504609412,31.37246504609412
669,2,128,-62.74493009218791,125.4898601843758,-39.05121026151383,-23.69371983067405
669,3,128,-15.35749043083941,30.71498086167883,-8.216601766697229,-7.140888664142187
669,4,10,-1.075713102555055,2.151426205110109,-.5378565512775281,-.5378565512775264
670,1,784,.000000000000000,.000000000000000,-31.64152275146182,31.64152275146182
670,2,128,-63.28304550292337,126.5660910058467,-39.04520032460086,-24.23784517832253
670,3,128,-14.80735514627792,29.61471029255585,-7.843312994171135,-6.964042152106783
670,4,10,-.8792708420643367,1.758541684128673,-.4396354210321690,-.4396354210321676
671,1,784,.000000000000000,.000000000000000,-31.57266459001697,31.57266459001697
671,2,128,-63.14532918003367,126.2906583600673,-39.05260728117785,-24.09272189885579
671,3,128,-14.95988538232171,29.91977076464341,-7.946671866254664,-7.013213516067038
671,4,10,-.9334583501876272,1.866916700375254,-.4667291750938144,-.4667291750938128
672,1,784,.000000000000000,.000000000000000,-31.69977450256463,31.69977450256463
672,2,128,-63.39954900512897,126.7990980102579,-39.05411297619766,-24.34543602893128
672,3,128,-14.70867694726602,29.41735389453203,-7.763418386550185,-6.945258560715834
672,4,10,-.8181598258343477,1.636319651668695,-.4090799129171735,-.4090799129171742
673,1,784,.000000000000000,.000000000000000,-31.53494989466710,31.53494989466710
673,2,128,-63.06989978933386,126.1397995786677,-39.01422173508093,-24.05567805425292
673,3,128,-14.95854368082767,29.91708736165533,-7.976037397496048,-6.982506283331615
673,4,10,-.9935311141644366,1.987062228328873,-.4967655570822185,-.4967655570822180
674,1,784,.000000000000000,.000000000000000,-31.77079312134854,31.77079312134854
674,2,128,-63.54158624269682,127.0831724853936,-39.07567621081067,-24.46591003188617
674,3,128,-14.60976617892416,29.21953235784833,-7.668072823507168,-6.941693355416990
674,4,10,-.7263794680901819,1.452758936180364,-.3631897340450914,-.3631897340450906
675,1,784,.000000000000000,.000000000000000,-31.65595275169837,31.65595275169837
675,2,128,-63.31190550339626,126.6238110067925,-39.07314992841386,-24.23875557498240
675,3,128,-14.83439435343110,29.66878870686221,-7.834986385498115,-6.999407967932987
675,4,10,-.8355784175651269,1.671156835130254,-.4177892087825631,-.4177892087825638
676,1,784,.000000000000000,.000000000000000,-31.32672440157184,31.32672440157184
676,2,128,-62.65344880314336,125.3068976062867,-39.18040183718160,-23.47304696596177
676,3,128,-15.70735487121941,31.41470974243881,-8.315311653713897,-7.392043217505513
676,4,10,-.9232684362083713,1.846536872416743,-.4616342181041856,-.4616342181041857
677,1,784,.000000000000000,.000000000000000,-31.20709748739282,31.20709748739282
677,2,128,-62.41419497478525,124.8283899495705,-39.11052325552887,-23.30367171925637
677,3,128,-15.80685153627209,31.61370307254418,-8.425853222847159,-7.380998313424940
677,4,10,-1.044854909422226,2.089709818844451,-.5224274547111126,-.5224274547111130
678,1,784,.000000000000000,.000000000000000,-31.57179992147375,31.57179992147375
678,2,128,-63.14359984294706,126.2871996858941,-39.06004096668428,-24.08355887626276
678,3,128,-14.97648209042112,29.95296418084224,-7.954817438613263,-7.021664651807862
678,4,10,-.9331527868053955,1.866305573610791,-.4665763934026980,-.4665763934026974
679,1,784,.000000000000000,.000000000000000,-31.62166853720646,31.62166853720646
679,2,128,-63.24333707441254,126.4866741488251,-38.95023098695113,-24.29310608746142
679,3,128,-14.65712489948935,29.31424979897869,-7.833004610384023,-6.824120289105323
679,4,10,-1.008884321278711,2.017768642557421,-.5044421606393557,-.5044421606393551
680,1,784,.000000000000000,.000000000000000,-31.63780296038629,31.63780296038629
680,2,128,-63.27560592077222,126.5512118415444,-39.00164540039907,-24.27396052037318
680,3,128,-14.72768488002549,29.45536976005097,-7.863812055214059,-6.863872824811427
680,4,10,-.9999392304026393,1.999878460805279,-.4999696152013193,-.4999696152013200
681,1,784,.000000000000000,.000000000000000,-31.40432001969199,31.40432001969199
681,2,128,-62.80864003938365,125.6172800787673,-39.08159934526645,-23.72704069411723
681,3,128,-15.35455865114886,30.70911730229771,-8.177917717337875,-7.176640933810982
681,4,10,-1.001276783526900,2.002553567053801,-.5006383917634503,-.5006383917634503
682,1,784,.000000000000000,.000000000000000,-31.50032477025190,31.50032477025190
682,2,128,-63.00064954050346,126.0012990810069,-39.02734507789808,-23.97330446260538
682,3,128,-15.05404061529232,30.10808123058464,-8.063496870746055,-6.990543744546263
682,4,10,-1.072953126199796,2.145906252399592,-.5364765630998973,-.5364765630998989
683,1,784,.000000000000000,.000000000000000,-31.71987774260941,31.71987774260941
683,2,128,-63.43975548521838,126.8795109704368,-39.17387803713855,-24.26587744807982
683,3,128,-14.90800058905840,29.81600117811680,-7.777915100252560,-7.130085488805840
683,4,10,-.6478296114467135,1.295659222893427,-.3239148057233570,-.3239148057233566
684,1,784,.000000000000000,.000000000000000,-31.58014019601372,31.58014019601372
684,2,128,-63.16028039202720,126.3205607840544,-39.19937634741994,-23.96090404460725
684,3,128,-15.23847230281235,30.47694460562471,-7.980647683507822,-7.257824619304539
684,4,10,-.7228230642032929,1.445646128406586,-.3614115321016472,-.3614115321016458
685,1,784,.000000000000000,.000000000000000,-31.46089713169113,31.46089713169113
685,2,128,-62.92179426338190,125.8435885267638,-39.09176113385556,-23.83003312952634
685,3,128,-15.26172800432884,30.52345600865768,-8.092455504434321,-7.169272499894520
685,4,10,-.9231830045398025,1.846366009079605,-.4615915022699011,-.4615915022699014
686,1,784,.000000000000000,.000000000000000,-31.63635041110295,31.63635041110295
686,2,128,-63.27270082220549,126.5454016444110,-39.02334879251578,-24.24935202968971
686,3,128,-14.77399676282569,29.54799352565139,-7.864616263603025,-6.909380499222666
686,4,10,-.9552357643803624,1.910471528760725,-.4776178821901804,-.4776178821901821
687,1,784,.000000000000000,.000000000000000,-31.26469662281453,31.26469662281453
687,2,128,-62.52939324562875,125.0587864912575,-39.29093543456909,-23.23845781105967
687,3,128,-16.05247762350902,32.10495524701803,-8.442666107235340,-7.609811516273677
687,4,10,-.8328545909616709,1.665709181923342,-.4164272954808346,-.4164272954808364
688,1,784,.000000000000000,.000000000000000,-31.63756126230762,31.63756126230762
688,2,128,-63.27512252461485,126.5502450492297,-39.09189426573183,-24.18322825888300
688,3,128,-14.90866600684847,29.81733201369694,-7.865887109159043,-7.042778897689430
688,4,10,-.8231082114696251,1.646216422939250,-.4115541057348122,-.4115541057348130
689,1,784,.000000000000000,.000000000000000,-31.29624164412354,31.29624164412354
689,2,128,-62.59248328824670,125.1849665764934,-39.21113807791724,-23.38134521032946
689,3,128,-15.82979286758738,31.65958573517477,-8.347715400810880,-7.482077466776501
689,4,10,-.8656379340343692,1.731275868068738,-.4328189670171850,-.4328189670171843
690,1,784,.000000000000000,.000000000000000,-31.02375515724308,31.02375515724308
690,2,128,-62.04751031448573,124.0950206289715,-39.32372963433205,-22.72378068015368
690,3,128,-16.59994895417798,33.19989790835596,-8.764029480691757,-7.835919473486229
690,4,10,-.9281100072055271,1.856220014411054,-.4640550036027634,-.4640550036027636
691,1,784,.000000000000000,.000000000000000,-31.28760655615244,31.28760655615244
691,2,128,-62.57521311230458,125.1504262246092,-39.13764123662083,-23.43757187568373
691,3,128,-15.70006936093671,31.40013872187342,-8.357341971006091,-7.342727389930626
691,4,10,-1.014614581075467,2.029229162150934,-.5073072905377339,-.5073072905377330
692,1,784,.000000000000000,.000000000000000,-31.13409157161513,31.13409157161513
692,2,128,-62.26818314322990,124.5363662864598,-39.23329430310256,-23.03488884012734
692,3,128,-16.19840546297482,32.39681092594964,-8.588369440934718,-7.610036022040110
692,4,10,-.9783334188946133,1.956666837789227,-.4891667094473078,-.4891667094473057
693,1,784,.000000000000000,.000000000000000,-31.63709365637516,31.63709365637516
693,2,128,-63.27418731274998,126.5483746255000,-39.02108128392271,-24.25310602882727
693,3,128,-14.76797525509503,29.53595051019007,-7.864547542046970,-6.903427713048059
693,4,10,-.9611198289988969,1.922239657997794,-.4805599144994489,-.4805599144994479
694,1,784,.000000000000000,.000000000000000,-31.33272165169004,31.33272165169004
694,2,128,-62.66544330337972,125.3308866067594,-39.06557522792946,-23.59986807545028
694,3,128,-15.46570715247879,30.93141430495759,-8.259981482339636,-7.205725670139150
694,4,10,-1.054255812200494,2.108511624400989,-.5271279061002470,-.5271279061002475
695,1,784,.000000000000000,.000000000000000,-31.58444400812774,31.58444400812774
695,2,128,-63.16888801625514,126.3377760325103,-38.87377168037104,-24.29511633588409
695,3,128,-14.57865534448657,29.15731068897315,-7.874001823087656,-6.704653521398920
695,4,10,-1.169348301688750,2.338696603377499,-.5846741508443745,-.5846741508443751
696,1,784,.000000000000000,.000000000000000,-31.25003736779946,31.25003736779946
696,2,128,-62.50007473559861,125.0001494711972,-39.21513547299208,-23.28493926260655
696,3,128,-15.93019621038514,31.86039242077029,-8.420467371893659,-7.509728838491491
696,4,10,-.9107385334021632,1.821477066804326,-.4553692667010811,-.4553692667010820
697,1,784,.000000000000000,.000000000000000,-31.63438243559742,31.63438243559742
697,2,128,-63.26876487119454,126.5375297423891,-39.05317763167535,-24.21558723951919
697,3,128,-14.83759039215580,29.67518078431160,-7.855916598639825,-6.981673793515975
697,4,10,-.8742428051238672,1.748485610247734,-.4371214025619337,-.4371214025619335
698,1,784,.000000000000000,.000000000000000,-31.40828510625952,31.40828510625952
698,2,128,-62.81657021251873,125.6331404250375,-39.14375781221866,-23.67281240030009
698,3,128,-15.47094541191823,30.94189082383645,-8.187935833597942,-7.283009578320286
698,4,10,-.9049262552776508,1.809852510555302,-.4524631276388250,-.4524631276388259
699,1,784,.000000000000000,.000000000000000,-31.27859403394782,31.27859403394782
699,2,128,-62.55718806789528,125.1143761357906,-39.06624860646090,-23.49093946143437
699,3,128,-15.57530914502615,31.15061829005230,-8.338759790366456,-7.236549354659692
699,4,10,-1.102210435706771,2.204420871413543,-.5511052178533848,-.5511052178533866
700,1,784,.000000000000000,.000000000000000,-31.74657568215260,31.74657568215260
700,2,128,-63.49315136430481,126.9863027286096,-39.10099359830859,-24.39215776599623
700,3,128,-14.70883583231195,29.41767166462390,-7.747276753997035,-6.961559078314915
700,4,10,-.7857176756821171,1.571435351364234,-.3928588378410587,-.3928588378410586
701,1,784,.000000000000000,.000000000000000,-31.17888751285150,31.17888751285150
701,2,128,-62.35777502570267,124.7155500514053,-39.26673307794240,-23.09104194776028
701,3,128,-16.17569113018176,32.35138226036351,-8.532844929611414,-7.642846200570342
701,4,10,-.8899987290410739,1.779997458082148,-.4449993645205359,-.4449993645205378
702,1,784,.000000000000000,.000000000000000,-31.33426376239174,31.33426376239174
702,2,128,-62.66852752478308,125.3370550495662,-39.06024682396379,-23.60828070081927
702,3,128,-15.45196612314414,30.90393224628828,-8.278224872987391,-7.173741250156749
702,4,10,-1.104483622830638,2.208967245661276,-.5522418114153183,-.5522418114153198
703,1,784,.000000000000000,.000000000000000,-31.08001089198156,31.08001089198156
703,2,128,-62.16002178396274,124.3200435679255,-39.23120345015533,-22.92881833380740
703,3,128,-16.30238511634753,32.60477023269507,-8.609443010034362,-7.692942106313166
703,4,10,-.9165009037212009,1.833001807442402,-.4582504518606014,-.4582504518605995
704,1,784,.000000000000000,.000000000000000,-31.38750887350856,31.38750887350856
704,2,128,-62.77501774701672,125.5500354940334,-39.21579455735324,-23.55922318966349
704,3,128,-15.65657136768940,31.31314273537880,-8.236972273512631,-7.419599094176770
704,4,10,-.8173731793358558,1.634746358671712,-.4086865896679290,-.4086865896679268
705,1,784,.000000000000000,.000000000000000,-31.54099440854050,31.54099440854050
705,2,128,-63.08198881708065,126.1639776341613,-39.04073694754364,-24.04125186953703
705,3,128,-14.99948507800622,29.99897015601245,-7.977018993713047,-7.022466084293177
705,4,10,-.9545529094198708,1.909105818839742,-.4772764547099351,-.4772764547099357
706,1,784,.000000000000000,.000000000000000,-31.60573804263391,31.60573804263391
706,2,128,-63.21147608526751,126.4229521705350,-39.07213825025361,-24.13933783501389
706,3,128,-14.93280041523931,29.86560083047862,-7.915468316487722,-7.017332098751591
706,4,10,-.8981362177361382,1.796272435472276,-.4490681088680694,-.4490681088680688
707,1,784,.000000000000000,.000000000000000,-31.49618144098709,31.49618144098709
707,2,128,-62.99236288197375,125.9847257639475,-39.10005144364540,-23.89231143832838
707,3,128,-15.20774000531662,30.41548001063324,-8.053135323208535,-7.154604682108094
707,4,10,-.8985306411004326,1.797061282200865,-.4492653205502163,-.4492653205502164
708,1,784,.000000000000000,.000000000000000,-31.22092101125367,31.22092101125367
708,2,128,-62.44184202250701,124.8836840450140,-39.09574948928887,-23.34609253321816
708,3,128,-15.74965695607034,31.49931391214067,-8.405006466122561,-7.344650489947778
708,4,10,-1.060355976174788,2.120711952349575,-.5301779880873940,-.5301779880873938
709,1,784,.000000000000000,.000000000000000,-31.40377302947369,31.40377302947369
709,2,128,-62.80754605894701,125.6150921178940,-38.96134934166712,-23.84619671727993
709,3,128,-15.11515262438679,30.23030524877358,-8.144669037930081,-6.970483586456711
709,4,10,-1.174185451473364,2.348370902946729,-.5870927257366817,-.5870927257366826
710,1,784,.000000000000000,.000000000000000,-31.33103519403986,31.33103519403986
710,2,128,-62.66207038807942,125.3241407761588,-39.10238461795240,-23.55968577012698
710,3,128,-15.54269884782503,31.08539769565006,-8.270385495626234,-7.272313352198805
710,4,10,-.9980721434274346,1.996144286854869,-.4990360717137162,-.4990360717137183
711,1,784,.000000000000000,.000000000000000,-31.36835480183599,31.36835480183599
711,2,128,-62.73670960367157,125.4734192073431,-39.20280775331511,-23.53390185035648
711,3,128,-15.66890590295824,31.33781180591648,-8.234284531656304,-7.434621371301936
711,4,10,-.7996631603543560,1.599326320708712,-.3998315801771785,-.3998315801771776
712,1,784,.000000000000000,.000000000000000,-31.56173419674187,31.56173419674187
712,2,128,-63.12346839348331,126.2469367869666,-39.10242560726512,-24.02104278621818
712,3,128,-15.08138282104654,30.16276564209308,-7.954349060129235,-7.127033760917301
712,4,10,-.8273152992119331,1.654630598423866,-.4136576496059662,-.4136576496059670
713,1,784,.000000000000000,.000000000000000,-31.60306814663475,31.60306814663475
713,2,128,-63.20613629326920,126.4122725865384,-39.09308099402874,-24.11305529924043
713,3,128,-14.98002569478797,29.96005138957593,-7.928016316564007,-7.052009378223957
713,4,10,-.8760069383400548,1.752013876680110,-.4380034691700264,-.4380034691700284
714,1,784,.000000000000000,.000000000000000,-31.38693522180064,31.38693522180064
714,2,128,-62.77387044360099,125.5477408872020,-39.00746631303699,-23.76640413056398
714,3,128,-15.24106218247266,30.48212436494532,-8.177431623795080,-7.063630558677579
714,4,10,-1.113801065117507,2.227602130235015,-.5569005325587538,-.5569005325587538
715,1,784,.000000000000000,.000000000000000,-31.48528830042070,31.48528830042070
715,2,128,-62.97057660084106,125.9411532016821,-39.21272835261226,-23.75784824822880
715,3,128,-15.45488010438303,30.90976020876606,-8.101772365601184,-7.353107738781843
715,4,10,-.7486646268193301,1.497329253638660,-.3743323134096651,-.3743323134096651
716,1,784,.000000000000000,.000000000000000,-31.28943929902995,31.28943929902995
716,2,128,-62.57887859805956,125.1577571961191,-39.21506701629635,-23.36381158176319
716,3,128,-15.85125543453280,31.70251086906559,-8.350851265955368,-7.500404168577420
716,4,10,-.8504470973779490,1.700894194755898,-.4252235486889753,-.4252235486889737
717,1,784,.000000000000000,.000000000000000,-31.54224224335737,31.54224224335737
717,2,128,-63.08448448671438,126.1689689734288,-39.00438818819529,-24.08009629851909
717,3,128,-14.92429188967586,29.84858377935172,-7.964342632823624,-6.959949256852230
717,4,10,-1.004393375971399,2.008786751942798,-.5021966879857002,-.5021966879856991
718,1,784,.000000000000000,.000000000000000,-30.99395454624112,30.99395454624112
718,2,128,-61.98790909248174,123.9758181849635,-39.23255418378779,-22.75535490869394
718,3,128,-16.47719927509348,32.95439855018695,-8.728842272214825,-7.748357002878663
718,4,10,-.9804852693361783,1.960970538672357,-.4902426346680892,-.4902426346680891
719,1,784,.000000000000000,.000000000000000,-31.68113950905838,31.68113950905838
719,2,128,-63.36227901811638,126.7245580362328,-39.04027122018156,-24.32200779793483
719,3,128,-14.71826342224634,29.43652684449269,-7.804095208869854,-6.914168213376497
719,4,10,-.8899269954933553,1.779853990986711,-.4449634977466776,-.4449634977466776
720,1,784,.000000000000000,.000000000000000,-31.19396196922753,31.19396196922753
720,2,128,-62.38792393845478,124.7758478769096,-39.16018036320072,-23.22774357525404
720,3,128,-15.93243678794632,31.86487357589265,-8.470456389380214,-7.461980398566110
720,4,10,-1.008475990814113,2.016951981628225,-.5042379954070558,-.5042379954070568
721,1,784,.000000000000000,.000000000000000,-31.50209941781822,31.50209941781822
721,2,128,-63.00419883563605,126.0083976712721,-38.99553294219137,-24.00866589344466
721,3,128,-14.98686704874633,29.97373409749266,-8.052654054472718,-6.934212994273609
721,4,10,-1.118441060199115,2.236882120398230,-.5592205300995566,-.5592205300995584
722,1,784,.000000000000000,.000000000000000,-31.63216719924377,31.63216719924377
722,2,128,-63.26433439848716,126.5286687969743,-38.99452969340827,-24.26980470507888
722,3,128,-14.72472498832903,29.44944997665806,-7.838347914901659,-6.886377073427370
722,4,10,-.9519708414742923,1.903941682948585,-.4759854207371464,-.4759854207371458
723,1,784,.000000000000000,.000000000000000,-31.56013740807846,31.56013740807846
723,2,128,-63.12027481615660,126.2405496323132,-38.98951760704428,-24.13075720911234
723,3,128,-14.85876039793154,29.71752079586308,-7.944036657762566,-6.914723740168985
723,4,10,-1.029312917593568,2.058625835187135,-.5146564587967851,-.5146564587967825
724,1,784,.000000000000000,.000000000000000,-31.51303580869789,31.51303580869789
724,2,128,-63.02607161739539,126.0521432347908,-39.17682324960482,-23.84924836779055
724,3,128,-15.32757488181390,30.65514976362779,-8.038761190996414,-7.288813690817485
724,4,10,-.7499475001789391,1.499895000357878,-.3749737500894698,-.3749737500894694
725,1,784,.000000000000000,.000000000000000,-31.44836979899391,31.44836979899391
725,2,128,-62.89673959798753,125.7934791959751,-39.20948024496092,-23.68725935302660
725,3,128,-15.52222089193394,31.04444178386788,-8.131832716319524,-7.390388175614419
725,4,10,-.7414445407051045,1.482889081410209,-.3707222703525516,-.3707222703525529
726,1,784,.000000000000000,.000000000000000,-31.33147268854282,31.33147268854282
726,2,128,-62.66294537708523,125.3258907541705,-39.12157650908301,-23.54136886800224
726,3,128,-15.58020764108040,31.16041528216079,-8.261896723658548,-7.318310917421851
726,4,10,-.9435858062366842,1.887171612473368,-.4717929031183430,-.4717929031183412
727,1,784,.000000000000000,.000000000000000,-31.46464627422979,31.46464627422979
727,2,128,-62.92929254845922,125.8585850969184,-39.15562924946414,-23.77366329899507
727,3,128,-15.38196595046869,30.76393190093738,-8.106138569449564,-7.275827381019127
727,4,10,-.8303111884304372,1.660622376860874,-.4151555942152186,-.4151555942152185
728,1,784,.000000000000000,.000000000000000,-31.55996467491161,31.55996467491161
728,2,128,-63.11992934982279,126.2398586996456,-38.87024404588910,-24.24968530393375
728,3,128,-14.62055874195494,29.24111748390989,-7.927220206314801,-6.693338535640139
728,4,10,-1.233881670674647,2.467763341349295,-.6169408353373247,-.6169408353373225
729,1,784,.000000000000000,.000000000000000,-31.40017007360585,31.40017007360585
729,2,128,-62.80034014721137,125.6006802944227,-39.14650540032938,-23.65383474688198
729,3,128,-15.49267065344699,30.98534130689399,-8.178523939531502,-7.314146713915487
729,4,10,-.8643772256160187,1.728754451232037,-.4321886128080100,-.4321886128080087
730,1,784,.000000000000000,.000000000000000,-31.21725562032778,31.21725562032778
730,2,128,-62.43451124065533,124.8690224813107,-39.14667155940153,-23.28783968125378
730,3,128,-15.85883187814737,31.71766375629473,-8.432690626857294,-7.426141251290068
730,4,10,-1.006549375567229,2.013098751134459,-.5032746877836139,-.5032746877836154
731,1,784,.000000000000000,.000000000000000,-31.21897762523248,31.21897762523248
731,2,128,-62.43795525046462,124.8759105009292,-39.21622612006859,-23.22172913039602
731,3,128,-15.99449698967219,31.98899397934437,-8.434702172005073,-7.559794817667115
731,4,10,-.8749073543379472,1.749814708675894,-.4374536771689736,-.4374536771689737
732,1,784,.000000000000000,.000000000000000,-31.50805151046488,31.50805151046488
732,2,128,-63.01610302092939,126.0322060418588,-39.15926200283182,-23.85684101809759
732,3,128,-15.30242098473384,30.60484196946768,-8.045100775242663,-7.257320209491179
732,4,10,-.7877805657514763,1.575561131502953,-.3938902828757377,-.3938902828757386
733,1,784,.000000000000000,.000000000000000,-31.36470874676304,31.36470874676304
733,2,128,-62.72941749352585,125.4588349870517,-39.20829907078839,-23.52111842273743
733,3,128,-15.68718064805062,31.37436129610125,-8.266052483095503,-7.421128164955122
733,4,10,-.8449243181403935,1.689848636280787,-.4224621590701961,-.4224621590701975
734,1,784,.000000000000000,.000000000000000,-31.48323717167589,31.48323717167589
734,2,128,-62.96647434335146,125.9329486867029,-38.88714829690221,-24.07932604644922
734,3,128,-14.80782225045261,29.61564450090522,-8.029795961452567,-6.778026289000036
734,4,10,-1.251769672452520,2.503539344905040,-.6258848362262592,-.6258848362262606
735,1,784,.000000000000000,.000000000000000,-31.46199935364991,31.46199935364991
735,2,128,-62.92399870729940,125.8479974145988,-39.04524358694308,-23.87875512035631
735,3,128,-15.16648846658637,30.33297693317274,-8.067151825905182,-7.099336640681186
735,4,10,-.9678151852239947,1.935630370447989,-.4839075926119972,-.4839075926119973
736,1,784,.000000000000000,.000000000000000,-31.71016905638363,31.71016905638363
736,2,128,-63.42033811276690,126.8406762255338,-39.03156922509670,-24.38876888767016
736,3,128,-14.64280033742613,29.28560067485227,-7.746629087249276,-6.896171250176854
736,4,10,-.8504578370724152,1.700915674144830,-.4252289185362075,-.4252289185362076
737,1,784,.000000000000000,.000000000000000,-31.19835089395996,31.19835089395996
737,2,128,-62.39670178791956,124.7934035758391,-39.26922250181932,-23.12747928610024
737,3,128,-16.14174321571871,32.28348643143742,-8.486331858475367,-7.655411357243353
737,4,10,-.8309205012320073,1.661841002464015,-.4154602506160034,-.4154602506160040
738,1,784,.000000000000000,.000000000000000,-31.17718502366350,31.17718502366350
738,2,128,-62.35437004732668,124.7087400946534,-39.13874116578874,-23.21562888153796
738,3,128,-15.92311228425040,31.84622456850079,-8.490315484807567,-7.432796799442836
738,4,10,-1.057518685364741,2.115037370729483,-.5287593426823721,-.5287593426823692
739,1,784,.000000000000000,.000000000000000,-31.17264800884752,31.17264800884752
739,2,128,-62.34529601769466,124.6905920353893,-39.04448621013472,-23.30080980755993
739,3,128,-15.74367640257440,31.48735280514879,-8.473877136633977,-7.269799265940418
739,4,10,-1.204077870693562,2.408155741387125,-.6020389353467798,-.6020389353467824
740,1,784,.000000000000000,.000000000000000,-31.13037948704193,31.13037948704193
740,2,128,-62.26075897408359,124.5215179481672,-39.21455379965857,-23.04620517442495
740,3,128,-16.16834862523326,32.33669725046651,-8.569484050423164,-7.598864574810097
740,4,10,-.9706194756130626,1.941238951226125,-.4853097378065317,-.4853097378065308
741,1,784,.000000000000000,.000000000000000,-31.62426529034956,31.62426529034956
741,2,128,-63.24853058069875,126.4970611613975,-39.09211889078300,-24.15641168991575
741,3,128,-14.93570720086684,29.87141440173369,-7.881160116934077,-7.054547083932765
741,4,10,-.8266130330013102,1.653226066002620,-.4133065165006553,-.4133065165006550
742,1,784,.000000000000000,.000000000000000,-31.56298223682396,31.56298223682396
742,2,128,-63.12596447364760,126.2519289472952,-39.12420857343029,-24.00175590021728
742,3,128,-15.12245267321266,30.24490534642533,-7.973782995430567,-7.148669677782092
742,4,10,-.8251133176484804,1.650226635296961,-.4125566588242405,-.4125566588242399
743,1,784,.000000000000000,.000000000000000,-31.37546723702721,31.37546723702721
743,2,128,-62.75093447405403,125.5018689481081,-39.16626220181347,-23.58467227224059
743,3,128,-15.58158992957252,31.16317985914504,-8.251984155021262,-7.329605774551260
743,4,10,-.9223783804699953,1.844756760939991,-.4611891902349978,-.4611891902349976
744,1,784,.000000000000000,.000000000000000,-31.50596828953344,31.50596828953344
744,2,128,-63.01193657906659,126.0238731581332,-39.14896681066504,-23.86296976840153
744,3,128,-15.28599704226311,30.57199408452623,-8.037937159171703,-7.248059883091408
744,4,10,-.7898772760802958,1.579754552160592,-.3949386380401475,-.3949386380401483
745,1,784,.000000000000000,.000000000000000,-31.13985853404465,31.13985853404465
745,2,128,-62.27971706808894,124.5594341361779,-39.17061456529310,-23.10910250279585
745,3,128,-16.06151206249686,32.12302412499373,-8.540295654583286,-7.521216407913576
745,4,10,-1.019079246669697,2.038158493339394,-.5095396233348477,-.5095396233348495
746,1,784,.000000000000000,.000000000000000,-31.43851494916661,31.43851494916661
746,2,128,-62.87702989833288,125.7540597966658,-39.22323841714409,-23.65379148118879
746,3,128,-15.56944693595492,31.13889387190984,-8.155073632753110,-7.414373303201817
746,4,10,-.7407003295513027,1.481400659102605,-.3703501647756512,-.3703501647756517
747,1,784,.000000000000000,.000000000000000,-31.31968975593660,31.31968975593660
747,2,128,-62.63937951187277,125.2787590237455,-39.18431756120510,-23.45506195066769
747,3,128,-15.72925561053701,31.45851122107403,-8.305240496497825,-7.424015114039188
747,4,10,-.8812253824586389,1.762450764917278,-.4406126912293197,-.4406126912293192
748,1,784,.000000000000000,.000000000000000,-31.12806138533970,31.12806138533970
748,2,128,-62.25612277067908,124.5122455413582,-39.18833732329469,-23.06778544738441
748,3,128,-16.12055187590990,32.24110375181980,-8.562395094114988,-7.558156781794917
748,4,10,-1.004238312320068,2.008476624640136,-.5021191561600330,-.5021191561600350
749,1,784,.000000000000000,.000000000000000,-31.30859344073087,31.30859344073087
749,2,128,-62.61718688146136,125.2343737629227,-39.06431262268961,-23.55287425877174
749,3,128,-15.51143836391746,31.02287672783492,-8.303318201244210,-7.208120162673254
749,4,10,-1.095198038570951,2.190396077141901,-.5475990192854756,-.5475990192854748
750,1,784,.000000000000000,.000000000000000,-31.39735099505794,31.39735099505794
750,2,128,-62.79470199011551,125.5894039802310,-39.04784065704828,-23.74686133306723
750,3,128,-15.30097932398068,30.60195864796136,-8.162230656806976,-7.138748667173699
750,4,10,-1.023481989633291,2.046963979266582,-.5117409948166454,-.5117409948166456
751,1,784,.000000000000000,.000000000000000,-31.19846757762779,31.19846757762779
751,2,128,-62.39693515525531,124.7938703105106,-39.18825401951462,-23.20868113574066
751,3,128,-15.97957288377359,31.95914576754719,-8.475815529073500,-7.503757354700094
751,4,10,-.9720581743734008,1.944116348746802,-.4860290871867001,-.4860290871867006
752,1,784,.000000000000000,.000000000000000,-31.50379959749358,31.50379959749358
752,2,128,-63.00759919498682,126.0151983899736,-39.00804324078189,-23.99955595420493
752,3,128,-15.00848728657661,30.01697457315322,-8.009338535360795,-6.999148751215817
752,4,10,-1.010189784144993,2.020379568289986,-.5050948920724968,-.5050948920724964
753,1,784,.000000000000000,.000000000000000,-31.50024599095073,31.50024599095073
753,2,128,-63.00049198190117,126.0009839638023,-39.14564673243192,-23.85484524946923
753,3,128,-15.29080148296230,30.58160296592461,-8.076462794200774,-7.214338688761539
753,4,10,-.8621241054392349,1.724248210878470,-.4310620527196181,-.4310620527196170
754,1,784,.000000000000000,.000000000000000,-31.36922804562647,31.36922804562647
754,2,128,-62.73845609125254,125.4769121825051,-39.22453345335535,-23.51392263789721
754,3,128,-15.71061081545778,31.42122163091556,-8.246682343642219,-7.463928471815568
754,4,10,-.7827538718266462,1.565507743653292,-.3913769359133219,-.3913769359133243
755,1,784,.000000000000000,.000000000000000,-31.76673399451172,31.76673399451172
755,2,128,-63.53346798902312,127.0669359780462,-39.06083001958586,-24.47263796943724
755,3,128,-14.58819205014826,29.17638410029652,-7.697581115793496,-6.890610934354760
755,4,10,-.8069701814387416,1.613940362877483,-.4034850907193706,-.4034850907193708
756,1,784,.000000000000000,.000000000000000,-31.22106220877545,31.22106220877545
756,2,128,-62.44212441755060,124.8842488351012,-38.94835145055495,-23.49377296699570
756,3,128,-15.45457848355888,30.90915696711776,-8.415381274372463,-7.039197209186419
756,4,10,-1.376184065186042,2.752368130372084,-.6880920325930214,-.6880920325930204
757,1,784,.000000000000000,.000000000000000,-31.43517358208114,31.43517358208114
757,2,128,-62.87034716416191,125.7406943283238,-38.91552127099993,-23.95482589316196
757,3,128,-14.96069537783762,29.92139075567525,-8.086565414377072,-6.874129963460558
757,4,10,-1.212435450916526,2.424870901833051,-.6062177254582640,-.6062177254582619
758,1,784,.000000000000000,.000000000000000,-31.15205061252957,31.15205061252957
758,2,128,-62.30410122505884,124.6082024501177,-39.14945056539532,-23.15465065966352
758,3,128,-15.99479990573145,31.98959981146290,-8.508759308080002,-7.486040597651439
758,4,10,-1.022718710428549,2.045437420857098,-.5113593552142744,-.5113593552142747
759,1,784,.000000000000000,.000000000000000,-31.65874230395394,31.65874230395394
759,2,128,-63.31748460790752,126.6349692158150,-39.02718636751565,-24.29029824039188
759,3,128,-14.73688812712340,29.47377625424681,-7.818709383617096,-6.918178743506301
759,4,10,-.9005306401107961,1.801061280221592,-.4502653200553979,-.4502653200553983
760,1,784,.000000000000000,.000000000000000,-31.47419850648350,31.47419850648350
760,2,128,-62.94839701296664,125.8967940259333,-39.00982184603923,-23.93857516692739
760,3,128,-15.07124667911146,30.14249335822291,-8.087432208706044,-6.983814470405414
760,4,10,-1.103617738300628,2.207235476601256,-.5518088691503138,-.5518088691503144
761,1,784,.000000000000000,.000000000000000,-31.55401525799365,31.55401525799365
761,2,128,-63.10803051598692,126.2160610319738,-39.19936420595220,-23.90866631003476
761,3,128,-15.29069789591709,30.58139579183417,-8.019229804003077,-7.271468091914008
761,4,10,-.7477617120890628,1.495523424178126,-.3738808560445316,-.3738808560445314
762,1,784,.000000000000000,.000000000000000,-31.66464211751511,31.66464211751511
762,2,128,-63.32928423502987,126.6585684700597,-39.06202161953134,-24.26726261549853
762,3,128,-14.79475900403244,29.58951800806488,-7.815219932163600,-6.979539071868836
762,4,10,-.8356808602947600,1.671361720589520,-.4178404301473786,-.4178404301473812
763,1,784,.000000000000000,.000000000000000,-31.34585143925982,31.34585143925982
763,2,128,-62.69170287851932,125.3834057570386,-39.10195958775904,-23.58974329076027
763,3,128,-15.51221629699838,31.02443259399677,-8.257452370760543,-7.254763926237839
763,4,10,-1.002688444522708,2.005376889045415,-.5013442222613533,-.5013442222613542
764,1,784,.000000000000000,.000000000000000,-31.69803077027152,31.69803077027152
764,2,128,-63.39606154054276,126.7921230810855,-39.04795646395226,-24.34810507659047
764,3,128,-14.69985138736143,29.39970277472287,-7.777425799489431,-6.922425587872000
764,4,10,-.8550002116174192,1.710000423234838,-.4275001058087112,-.4275001058087080
765,1,784,.000000000000000,.000000000000000,-31.62614125245326,31.62614125245326
765,2,128,-63.25228250490620,126.5045650098124,-39.08659253597948,-24.16568996892672
765,3,128,-14.92090256705235,29.84180513410470,-7.887485077577717,-7.033417489474640
765,4,10,-.8540675881030808,1.708135176206162,-.4270337940515404,-.4270337940515405
766,1,784,.000000000000000,.000000000000000,-31.07857550737127,31.07857550737127
766,2,128,-62.15715101474214,124.3143020294843,-39.30449136890291,-22.85265964583927
766,3,128,-16.45183172306322,32.90366344612644,-8.681373436862858,-7.770458286200364
766,4,10,-.9109151506624885,1.821830301324977,-.4554575753312438,-.4554575753312446
767,1,784,.000000000000000,.000000000000000,-31.86789842199616,31.86789842199616
767,2,128,-63.73579684399196,127.4715936879839,-38.93261289018425,-24.80318395380769
767,3,128,-14.12942893637617,28.25885787275233,-7.506583664979250,-6.622845271396911
767,4,10,-.8837383935823391,1.767476787164678,-.4418691967911709,-.4418691967911683
768,1,784,.000000000000000,.000000000000000,-31.44988652884806,31.44988652884806
768,2,128,-62.89977305769577,125.7995461153915,-39.13380317738086,-23.76596988031490
768,3,128,-15.36783329706557,30.73566659413114,-8.130477031056737,-7.237356266008833
768,4,10,-.8931207650479052,1.786241530095810,-.4465603825239517,-.4465603825239534
769,1,784,.000000000000000,.000000000000000,-31.50762986016770,31.50762986016770
769,2,128,-63.01525972033507,126.0305194406701,-39.13736358991206,-23.87789613042302
769,3,128,-15.25946745948865,30.51893491897731,-8.030847762669312,-7.228619696819340
769,4,10,-.8022280658499706,1.604456131699941,-.4011140329249844,-.4011140329249862
770,1,784,.000000000000000,.000000000000000,-31.73128551543939,31.73128551543939
770,2,128,-63.46257103087844,126.9251420617569,-39.00273947126992,-24.45983155960858
770,3,128,-14.54290791166093,29.08581582332185,-7.700559955640725,-6.842347956020203
770,4,10,-.8582119996205070,1.716423999241014,-.4291059998102520,-.4291059998102549
771,1,784,.000000000000000,.000000000000000,-31.61134565086858,31.61134565086858
771,2,128,-63.22269130173671,126.4453826034734,-39.12665216287751,-24.09603913885920
771,3,128,-15.03061302401793,30.06122604803587,-7.919830686449377,-7.110782337568555
771,4,10,-.8090483488808301,1.618096697761660,-.4045241744404150,-.4045241744404151
772,1,784,.000000000000000,.000000000000000,-31.63237763560968,31.63237763560968
772,2,128,-63.26475527121894,126.5295105424379,-39.09045373044371,-24.17430154077524
772,3,128,-14.91615218966811,29.83230437933622,-7.902630542042412,-7.013521647625694
772,4,10,-.8891088944167370,1.778217788833474,-.4445544472083688,-.4445544472083680
773,1,784,.000000000000000,.000000000000000,-31.31773512858442,31.31773512858442
773,2,128,-62.63547025716855,125.2709405143371,-39.13473827897469,-23.50073197819383
773,3,128,-15.63400630078046,31.26801260156093,-8.310087542791717,-7.323918757988752
773,4,10,-.9861687848029659,1.972337569605932,-.4930843924014832,-.4930843924014826
774,1,784,.000000000000000,.000000000000000,-31.34696344013624,31.34696344013624
774,2,128,-62.69392688027207,125.3878537605441,-39.13387726426038,-23.56004961601168
774,3,128,-15.57382764824835,31.14765529649669,-8.289298892569544,-7.284528755678802
774,4,10,-1.004770136890740,2.009540273781480,-.5023850684453706,-.5023850684453695
775,1,784,.000000000000000,.000000000000000,-31.47297931779647,31.47297931779647
775,2,128,-62.94595863559258,125.8919172711852,-39.12522173537405,-23.82073690021853
775,3,128,-15.30448483515513,30.60896967031026,-8.120720382409738,-7.183764452745393
775,4,10,-.9369559296643489,1.873911859328698,-.4684779648321738,-.4684779648321749
776,1,784,.000000000000000,.000000000000000,-31.65509025164318,31.65509025164318
776,2,128,-63.31018050328605,126.6203610065721,-39.03701928063554,-24.27316122265051
776,3,128,-14.76385805798465,29.52771611596929,-7.833302205448644,-6.930555852536000
776,4,10,-.9027463529126406,1.805492705825281,-.4513731764563195,-.4513731764563210
777,1,784,.000000000000000,.000000000000000,-31.34202056316063,31.34202056316063
777,2,128,-62.68404112632092,125.3680822526418,-39.19523462545581,-23.48880650086514
777,3,128,-15.70642812459031,31.41285624918061,-8.296031282005767,-7.410396842584531
777,4,10,-.8856344394212290,1.771268878842458,-.4428172197106152,-.4428172197106139
778,1,784,.000000000000000,.000000000000000,-31.67724872159207,31.67724872159207
778,2,128,-63.35449744318370,126.7089948863674,-39.14102096253534,-24.21347648064838
778,3,128,-14.92754448188656,29.85508896377313,-7.837252956650824,-7.090291525235745
778,4,10,-.7469614314150864,1.493922862830173,-.3734807157075423,-.3734807157075442
779,1,784,.000000000000000,.000000000000000,-31.36401965515922,31.36401965515922
779,2,128,-62.72803931031800,125.4560786206360,-38.97251592080558,-23.75552338951242
779,3,128,-15.21699253129280,30.43398506258561,-8.187722773577638,-7.029269757715162
779,4,10,-1.158453015862484,2.316906031724969,-.5792265079312432,-.5792265079312412
780,1,784,.000000000000000,.000000000000000,-31.07443306070056,31.07443306070056
780,2,128,-62.14886612140070,124.2977322428014,-39.15819753468895,-22.99066858671177
780,3,128,-16.16752894797680,32.33505789595360,-8.626842590253839,-7.540686357722962
780,4,10,-1.086156232530881,2.172312465061763,-.5430781162654404,-.5430781162654408
781,1,784,.000000000000000,.000000000000000,-31.32996572175365,31.32996572175365
781,2,128,-62.65993144350696,125.3198628870139,-39.19849682704501,-23.46143461646189
781,3,128,-15.73706221058275,31.47412442116550,-8.297503727886438,-7.439558482696316
781,4,10,-.8579452451901353,1.715890490380271,-.4289726225950667,-.4289726225950686
782,1,784,.000000000000000,.000000000000000,-31.44586113599540,31.44586113599540
782,2,128,-62.89172227199047,125.7834445439809,-39.02129764957656,-23.87042462241394
782,3,128,-15.15087302716224,30.30174605432447,-8.091650811899822,-7.059222215262411
782,4,10,-1.032428596637410,2.064857193274821,-.5162142983187052,-.5162142983187055
783,1,784,.000000000000000,.000000000000000,-31.51293408986787,31.51293408986787
783,2,128,-63.02586817973535,126.0517363594707,-39.20661915237962,-23.81924902735575
783,3,128,-15.38737012502346,30.77474025004692,-8.077815419791992,-7.309554705231467
783,4,10,-.7682607145605116,1.536521429121023,-.3841303572802562,-.3841303572802554
784,1,784,.000000000000000,.000000000000000,-31.44826005182026,31.44826005182026
784,2,128,-62.89652010364013,125.7930402072803,-39.21359670174069,-23.68292340189945
784,3,128,-15.53067329984087,31.06134659968173,-8.180540233838640,-7.350133066002229
784,4,10,-.8304071678364268,1.660814335672854,-.4152035839182132,-.4152035839182135
785,1,784,.000000000000000,.000000000000000,-31.41116316620331,31.41116316620331
785,2,128,-62.82232633240628,125.6446526648126,-39.20363518125535,-23.61869115115092
785,3,128,-15.58494403010407,31.16988806020814,-8.201903933435947,-7.383040096668121
785,4,10,-.8188638367678355,1.637727673535671,-.4094319183839174,-.4094319183839181
786,1,784,.000000000000000,.000000000000000,-31.48868329832841,31.48868329832841
786,2,128,-62.97736659665649,125.9547331933130,-39.20737365303387,-23.76999294362264
786,3,128,-15.43738070941084,30.87476141882168,-8.078236988032126,-7.359143721378717
786,4,10,-.7190932666534143,1.438186533306829,-.3595466333267074,-.3595466333267069
787,1,784,.000000000000000,.000000000000000,-31.54350610735584,31.54350610735584
787,2,128,-63.08701221471132,126.1740244294226,-39.16937655844582,-23.91763565626548
787,3,128,-15.25174090217992,30.50348180435984,-7.994949267526933,-7.256791634652981
787,4,10,-.7381576328739429,1.476315265747886,-.3690788164369719,-.3690788164369709
788,1,784,.000000000000000,.000000000000000,-31.38456487904527,31.38456487904527
788,2,128,-62.76912975809019,125.5382595161804,-39.02917090087885,-23.73995885721139
788,3,128,-15.28921204366707,30.57842408733414,-8.196062686337006,-7.093149357330074
788,4,10,-1.102913329006935,2.205826658013869,-.5514566645034676,-.5514566645034671
789,1,784,.000000000000000,.000000000000000,-31.36292214278863,31.36292214278863
789,2,128,-62.72584428557697,125.4516885711539,-39.20355570108521,-23.52228858449174
789,3,128,-15.68126711659308,31.36253423318617,-8.259309404769795,-7.421957711823294
789,4,10,-.8373516929464946,1.674703385892989,-.4186758464732467,-.4186758464732479
790,1,784,.000000000000000,.000000000000000,-31.36150386866521,31.36150386866521
790,2,128,-62.72300773733005,125.4460154746601,-39.23285636823778,-23.49015136909231
790,3,128,-15.74270499914511,31.48540999829023,-8.295363775406427,-7.447341223738686
790,4,10,-.8480225516677471,1.696045103335494,-.4240112758338737,-.4240112758338735
791,1,784,.000000000000000,.000000000000000,-31.26123237624744,31.26123237624744
791,2,128,-62.52246475249451,125.0449295049890,-39.07957184489752,-23.44289290759698
791,3,128,-15.63667893730016,31.27335787460033,-8.370227012036906,-7.266451925263254
791,4,10,-1.103775086773657,2.207550173547314,-.5518875433868279,-.5518875433868291
792,1,784,.000000000000000,.000000000000000,-31.65993205280303,31.65993205280303
792,2,128,-63.31986410560563,126.6397282112113,-39.11031430217713,-24.20954980342851
792,3,128,-14.90076449874826,29.80152899749651,-7.843312033314953,-7.057452465433301
792,4,10,-.7858595678816540,1.571719135763308,-.3929297839408259,-.3929297839408280
793,1,784,.000000000000000,.000000000000000,-31.52701956173362,31.52701956173362
793,2,128,-63.05403912346686,126.1080782469337,-39.01126768046937,-24.04277144299750
793,3,128,-14.96849623747152,29.93699247494303,-7.987673651957484,-6.980822585514039
793,4,10,-1.006851066443430,2.013702132886861,-.5034255332217155,-.5034255332217151
794,1,784,.000000000000000,.000000000000000,-31.28150554169220,31.28150554169220
794,2,128,-62.56301108338405,125.1260221667681,-39.23957675376455,-23.32343432961947
794,3,128,-15.91614242414468,31.83228484828937,-8.379037084984137,-7.537105339160548
794,4,10,-.8419317458235758,1.683863491647152,-.4209658729117870,-.4209658729117888
795,1,784,.000000000000000,.000000000000000,-31.35915910112872,31.35915910112872
795,2,128,-62.71831820225703,125.4366364045141,-39.10717835635362,-23.61113984590340
795,3,128,-15.49603851044983,30.99207702089966,-8.219847060580932,-7.276191449868908
795,4,10,-.9436556107120088,1.887311221424018,-.4718278053560049,-.4718278053560037
796,1,784,.000000000000000,.000000000000000,-31.49207916149935,31.49207916149935
796,2,128,-62.98415832299835,125.9683166459967,-39.17954294366913,-23.80461537932925
796,3,128,-15.37492756433952,30.74985512867904,-8.119080216336584,-7.255847348002936
796,4,10,-.8632328683336515,1.726465736667303,-.4316164341668261,-.4316164341668257
797,1,784,.000000000000000,.000000000000000,-31.05957645372662,31.05957645372662
797,2,128,-62.11915290745301,124.2383058149060,-39.21091351642954,-22.90823939102345
797,3,128,-16.30267412540573,32.60534825081146,-8.658225028131691,-7.644449097274042
797,4,10,-1.013775930857661,2.027551861715322,-.5068879654288315,-.5068879654288296
798,1,784,.000000000000000,.000000000000000,-31.49486822159137,31.49486822159137
798,2,128,-62.98973644318237,125.9794728863647,-39.11337387613001,-23.87636256705238
798,3,128,-15.23701130907725,30.47402261815450,-8.068532555250016,-7.168478753827237
798,4,10,-.9000538014227724,1.800107602845545,-.4500269007113862,-.4500269007113862
799,1,784,.000000000000000,.000000000000000,-31.34666239823021,31.34666239823021
799,2,128,-62.69332479646005,125.3866495929201,-39.24478346736003,-23.44854132910003
799,3,128,-15.79624213825963,31.59248427651926,-8.278457484429172,-7.517784653830456
799,4,10,-.7606728305987176,1.521345661197435,-.3803364152993596,-.3803364152993581
800,1,784,.000000000000000,.000000000000000,-31.57136999637553,31.57136999637553
800,2,128,-63.14273999275072,126.2854799855014,-39.10173462970990,-24.04100536304083
800,3,128,-15.06072926666869,30.12145853333738,-7.962541268807917,-7.098187997860769
800,4,10,-.8643532709471378,1.728706541894276,-.4321766354735676,-.4321766354735701
801,1,784,.000000000000000,.000000000000000,-31.57933864218744,31.57933864218744
801,2,128,-63.15867728437453,126.3173545687491,-38.88618401798914,-24.27249326638540
801,3,128,-14.61369075160336,29.22738150320671,-7.887282678352284,-6.726408073251077
801,4,10,-1.160874605101202,2.321749210202404,-.5804373025506011,-.5804373025506007
802,1,784,.000000000000000,.000000000000000,-31.50553645869235,31.50553645869235
802,2,128,-63.01107291738430,126.0221458347686,-39.04463555141443,-23.96643736596992
802,3,128,-15.07819818544413,30.15639637088826,-8.040715256400528,-7.037482929043605
802,4,10,-1.003232327356913,2.006464654713826,-.5016161636784564,-.5016161636784569
803,1,784,.000000000000000,.000000000000000,-31.71178535156816,31.71178535156816
803,2,128,-63.42357070313590,126.8471414062718,-38.96153532893784,-24.46203537419807
803,3,128,-14.49949995473936,28.99899990947873,-7.711762099410478,-6.787737855328882
803,4,10,-.9240242440815947,1.848048488163189,-.4620121220407972,-.4620121220407974
804,1,784,.000000000000000,.000000000000000,-31.54132290251091,31.54132290251091
804,2,128,-63.08264580502161,126.1652916100432,-39.04001417545538,-24.04263162956619
804,3,128,-14.99738254588883,29.99476509177766,-7.967070438104845,-7.030312107783982
804,4,10,-.9367583303208566,1.873516660641713,-.4683791651604283,-.4683791651604283
805,1,784,.000000000000000,.000000000000000,-31.53962731694878,31.53962731694878
805,2,128,-63.07925463389722,126.1585092677944,-39.18113825561224,-23.89811637828498
805,3,128,-15.28302187732691,30.56604375465383,-8.003218182946629,-7.279803694380275
805,4,10,-.7234144885663700,1.446828977132740,-.3617072442831854,-.3617072442831846
806,1,784,.000000000000000,.000000000000000,-31.48227633181241,31.48227633181241
806,2,128,-62.96455266362447,125.9291053272489,-39.15201834505413,-23.81253431857034
806,3,128,-15.33948402648340,30.67896805296680,-8.064972974665658,-7.274511051817738
806,4,10,-.7904619228479056,1.580923845695811,-.3952309614239536,-.3952309614239520
807,1,784,.000000000000000,.000000000000000,-31.32548531377456,31.32548531377456
807,2,128,-62.65097062754882,125.3019412550976,-39.02703941352704,-23.62393121402174
807,3,128,-15.40310819950491,30.80621639900982,-8.238169768185838,-7.164938431319079
807,4,10,-1.073231336866757,2.146462673733514,-.5366156684333785,-.5366156684333783
808,1,784,.000000000000000,.000000000000000,-31.20370762636448,31.20370762636448
808,2,128,-62.40741525272855,124.8148305054571,-39.29200302282720,-23.11541222990134
808,3,128,-16.17659079292550,32.35318158585099,-8.485131015726564,-7.691459777198943
808,4,10,-.7936712385276254,1.587342477055251,-.3968356192638131,-.3968356192638124
809,1,784,.000000000000000,.000000000000000,-31.50021807718118,31.50021807718118
809,2,128,-63.00043615436196,126.0008723087239,-39.14581612582374,-23.85462002853821
809,3,128,-15.29119609728516,30.58239219457031,-8.061993055741734,-7.229203041543423
809,4,10,-.8327900141983130,1.665580028396626,-.4163950070991576,-.4163950070991555
810,1,784,.000000000000000,.000000000000000,-31.80916397711825,31.80916397711825
810,2,128,-63.61832795423621,127.2366559084724,-38.91596189050793,-24.70236606372830
810,3,128,-14.21359582677931,28.42719165355863,-7.594810515133358,-6.618785311645952
810,4,10,-.9760252034874283,1.952050406974857,-.4880126017437142,-.4880126017437140
811,1,784,.000000000000000,.000000000000000,-31.51234329269419,31.51234329269419
811,2,128,-63.02468658538807,126.0493731707761,-39.04929268133404,-23.97539390405407
811,3,128,-15.07389877727958,30.14779755455915,-8.045156223621527,-7.028742553658049
811,4,10,-1.016413669963471,2.032827339926943,-.5082068349817355,-.5082068349817360
812,1,784,.000000000000000,.000000000000000,-31.48589987508932,31.48589987508932
812,2,128,-62.97179975017819,125.9435995003564,-39.14562921146478,-23.82617053871340
812,3,128,-15.31945867275099,30.63891734550198,-8.092974768171818,-7.226483904579185
812,4,10,-.8664908635926395,1.732981727185279,-.4332454317963191,-.4332454317963204
813,1,784,.000000000000000,.000000000000000,-31.67310531955250,31.67310531955250
813,2,128,-63.34621063910465,126.6924212782093,-38.99551738719567,-24.35069325190894
813,3,128,-14.64482413528637,29.28964827057274,-7.782560504447872,-6.862263630838499
813,4,10,-.9202968736093813,1.840593747218763,-.4601484368046904,-.4601484368046909
814,1,784,.000000000000000,.000000000000000,-31.52859286337609,31.52859286337609
814,2,128,-63.05718572675189,126.1143714535038,-39.02133470771749,-24.03585101903439
814,3,128,-14.98548368868270,29.97096737736539,-7.985186823058151,-7.000296865624555
814,4,10,-.9848899574335770,1.969779914867154,-.4924449787167895,-.4924449787167874
815,1,784,.000000000000000,.000000000000000,-31.41979044053057,31.41979044053057
815,2,128,-62.83958088106075,125.6791617621215,-39.09201276692158,-23.74756811413914
815,3,128,-15.34444465278208,30.68888930556417,-8.164413738979794,-7.180030913802291
815,4,10,-.9843828251775304,1.968765650355061,-.4921914125887642,-.4921914125887663
816,1,784,.000000000000000,.000000000000000,-31.60485359123286,31.60485359123286
816,2,128,-63.20970718246527,126.4194143649305,-38.95160333232772,-24.25810385013755
816,3,128,-14.69349948218980,29.38699896437960,-7.901077503729230,-6.792421978460570
816,4,10,-1.108655525268682,2.217311050537364,-.5543277626343401,-.5543277626343416
817,1,784,.000000000000000,.000000000000000,-31.22993097438541,31.22993097438541
817,2,128,-62.45986194877041,124.9197238975408,-39.25369735464042,-23.20616459412996
817,3,128,-16.04753276051009,32.09506552102019,-8.447338750281046,-7.600194010229041
817,4,10,-.8471447400519926,1.694289480103985,-.4235723700259970,-.4235723700259958
818,1,784,.000000000000000,.000000000000000,-31.27975392175491,31.27975392175491
818,2,128,-62.55950784350944,125.1190156870189,-39.13701146808803,-23.42249637542137
818,3,128,-15.71451509266629,31.42903018533258,-8.334086057509001,-7.380429035157278
818,4,10,-.9536570223517208,1.907314044703442,-.4768285111758591,-.4768285111758618
819,1,784,.000000000000000,.000000000000000,-31.65912723462068,31.65912723462068
819,2,128,-63.31825446924103,126.6365089384821,-39.08795900069079,-24.23029546855024
819,3,128,-14.85766353214019,29.71532706428038,-7.862506070215032,-6.995157461925164
819,4,10,-.8673486082898707,1.734697216579741,-.4336743041449357,-.4336743041449350
820,1,784,.000000000000000,.000000000000000,-31.44299193254630,31.44299193254630
820,2,128,-62.88598386509226,125.7719677301845,-39.18335291577069,-23.70263094932152
820,3,128,-15.48072196644883,30.96144393289765,-8.163600549630964,-7.317121416817868
820,4,10,-.8464791328131169,1.692958265626234,-.4232395664065584,-.4232395664065586
821,1,784,.000000000000000,.000000000000000,-31.67063536681447,31.67063536681447
821,2,128,-63.34127073362860,126.6825414672572,-38.96395201981355,-24.37731871381503
821,3,128,-14.58663330599814,29.17326661199628,-7.800113266114018,-6.786520039884124
821,4,10,-1.013593226229886,2.027186452459772,-.5067966131149431,-.5067966131149432
822,1,784,.000000000000000,.000000000000000,-31.18331895943564,31.18331895943564
822,2,128,-62.36663791887096,124.7332758377419,-39.18637282109683,-23.18026509777413
822,3,128,-16.00610772332232,32.01221544664464,-8.455429347231989,-7.550678376090328
822,4,10,-.9047509711416687,1.809501942283337,-.4523754855708340,-.4523754855708346
823,1,784,.000000000000000,.000000000000000,-31.35336479467217,31.35336479467217
823,2,128,-62.70672958934398,125.4134591786880,-39.11423183327544,-23.59249775606859
823,3,128,-15.52173407720646,31.04346815441292,-8.242212569063859,-7.279521508142603
823,4,10,-.9626910609212547,1.925382121842509,-.4813455304606267,-.4813455304606279
824,1,784,.000000000000000,.000000000000000,-31.52308913882994,31.52308913882994
824,2,128,-63.04617827765957,126.0923565553191,-39.03111153862309,-24.01506673903645
824,3,128,-15.01604479958629,30.03208959917257,-7.996086822504185,-7.019957977082096
824,4,10,-.9761288454220680,1.952257690844136,-.4880644227110346,-.4880644227110333
825,1,784,.000000000000000,.000000000000000,-31.41395606471493,31.41395606471493
825,2,128,-62.82791212942957,125.6558242588591,-39.10332399576724,-23.72458813366234
825,3,128,-15.37873586210453,30.75747172420905,-8.128966287526211,-7.249769574578314
825,4,10,-.8791967129478979,1.758393425895796,-.4395983564739488,-.4395983564739491
826,1,784,.000000000000000,.000000000000000,-31.26612258646584,31.26612258646584
826,2,128,-62.53224517293136,125.0644903458627,-39.10064737568746,-23.43159779724385
826,3,128,-15.66904957844324,31.33809915688649,-8.347536508694493,-7.321513069748748
826,4,10,-1.026023438945745,2.052046877891489,-.5130117194728729,-.5130117194728717
827,1,784,.000000000000000,.000000000000000,-31.33984414208820,31.33984414208820
827,2,128,-62.67968828417607,125.3593765683521,-39.15498795055461,-23.52470033362147
827,3,128,-15.63028761693276,31.26057523386552,-8.308675147613682,-7.321612469319077
827,4,10,-.9870626782945930,1.974125356589186,-.4935313391472960,-.4935313391472970
828,1,784,.000000000000000,.000000000000000,-31.39317041987711,31.39317041987711
828,2,128,-62.78634083975390,125.5726816795078,-39.12512383007974,-23.66121700967418
828,3,128,-15.46390682040517,30.92781364081034,-8.217186206088780,-7.246720614316387
828,4,10,-.9704655917723870,1.940931183544774,-.4852327958861937,-.4852327958861935
829,1,784,.000000000000000,.000000000000000,-31.37435881606506,31.37435881606506
829,2,128,-62.74871763212973,125.4974352642595,-39.16834701087736,-23.58037062125237
829,3,128,-15.58797638962461,31.17595277924923,-8.239696912740690,-7.348279476883920
829,4,10,-.8914174358567762,1.782834871713552,-.4457087179283882,-.4457087179283880
830,1,784,.000000000000000,.000000000000000,-31.55925460087178,31.55925460087178
830,2,128,-63.11850920174325,126.2370184034865,-39.00168773987127,-24.11682146187198
830,3,128,-14.88486627799894,29.76973255599787,-7.978016081314895,-6.906850196684044
830,4,10,-1.071165884630854,2.142331769261709,-.5355829423154275,-.5355829423154274
831,1,784,.000000000000000,.000000000000000,-31.45313683319775,31.45313683319775
831,2,128,-62.90627366639511,125.8125473327902,-39.10010043655516,-23.80617322983992
831,3,128,-15.29392720671484,30.58785441342969,-8.077823542636878,-7.216103664077971
831,4,10,-.8617198785589006,1.723439757117801,-.4308599392794490,-.4308599392794515
832,1,784,.000000000000000,.000000000000000,-31.45221729967613,31.45221729967613
832,2,128,-62.90443459935186,125.8088691987037,-39.19033274116163,-23.71410185819024
832,3,128,-15.47623088297100,30.95246176594199,-8.141598584006267,-7.334632298964730
832,4,10,-.8069662850415432,1.613932570083086,-.4034831425207722,-.4034831425207710
833,1,784,.000000000000000,.000000000000000,-31.56808432558100,31.56808432558100
833,2,128,-63.13616865116160,126.2723373023232,-38.88950847207758,-24.24666017908401
833,3,128,-14.64284829299324,29.28569658598649,-7.916601736328249,-6.726246556664994
833,4,10,-1.190355179663260,2.380710359326520,-.5951775898316298,-.5951775898316302
834,1,784,.000000000000000,.000000000000000,-31.46043876112412,31.46043876112412
834,2,128,-62.92087752224788,125.8417550444958,-39.17750648275504,-23.74337103949281
834,3,128,-15.43413544326185,30.86827088652370,-8.127440849562213,-7.306694593699631
834,4,10,-.8207462558625713,1.641492511725143,-.4103731279312859,-.4103731279312853
835,1,784,.000000000000000,.000000000000000,-31.59536618870765,31.59536618870765
835,2,128,-63.19073237741490,126.3814647548298,-39.03111754771152,-24.15961482970339
835,3,128,-14.87150271800774,29.74300543601548,-7.933767880497895,-6.937734837509841
835,4,10,-.9960330429880504,1.992066085976101,-.4980165214940266,-.4980165214940238
836,1,784,.000000000000000,.000000000000000,-31.59278342428945,31.59278342428945
836,2,128,-63.18556684857844,126.3711336971569,-39.12894536978199,-24.05662147879646
836,3,128,-15.07232389098513,30.14464778197026,-7.923939395138549,-7.148384495846582
836,4,10,-.7755548992919654,1.551109798583931,-.3877774496459826,-.3877774496459828
837,1,784,.000000000000000,.000000000000000,-31.57187607619315,31.57187607619315
837,2,128,-63.14375215238595,126.2875043047719,-39.17372211764915,-23.97003003473681
837,3,128,-15.20369208291201,30.40738416582402,-7.992144060176393,-7.211548022735618
837,4,10,-.7805960374407832,1.561192074881566,-.3902980187203928,-.3902980187203903
838,1,784,.000000000000000,.000000000000000,-31.28387717523378,31.28387717523378
838,2,128,-62.56775435046720,125.1355087009344,-39.10753648042048,-23.46021787004674
838,3,128,-15.64731861037341,31.29463722074682,-8.342608002058620,-7.304710608314778
838,4,10,-1.037897393743842,2.075794787487683,-.5189486968719215,-.5189486968719201
839,1,784,.000000000000000,.000000000000000,-31.34789349662126,31.34789349662126
839,2,128,-62.69578699324216,125.3915739864843,-39.12756626164104,-23.56822073160115
839,3,128,-15.55934553003952,31.11869106007904,-8.250401227008313,-7.308944303031206
839,4,10,-.9414569239771012,1.882913847954202,-.4707284619885507,-.4707284619885506
840,1,784,.000000000000000,.000000000000000,-31.60539936712287,31.60539936712287
840,2,128,-63.21079873424538,126.4215974684908,-39.04339275908072,-24.16740597516464
840,3,128,-14.87598678391570,29.75197356783140,-7.893553928592242,-6.982432855323458
840,4,10,-.9111210732687930,1.822242146537586,-.4555605366343958,-.4555605366343971
841,1,784,.000000000000000,.000000000000000,-31.44273857488206,31.44273857488206
841,2,128,-62.88547714976372,125.7709542995274,-39.03098311598283,-23.85449403378092
841,3,128,-15.17648908220155,30.35297816440309,-8.117498657180256,-7.058990425021293
841,4,10,-1.058508232158968,2.117016464317936,-.5292541160794842,-.5292541160794837
842,1,784,.000000000000000,.000000000000000,-31.63123504322563,31.63123504322563
842,2,128,-63.26247008645099,126.5249401729020,-39.04500874865916,-24.21746133779185
842,3,128,-14.82754741086691,29.65509482173383,-7.848993936976530,-6.978553473890384
842,4,10,-.8704404630861458,1.740880926172292,-.4352202315430733,-.4352202315430725
843,1,784,.000000000000000,.000000000000000,-31.24997469235466,31.24997469235466
843,2,128,-62.49994938470899,124.9998987694180,-39.17817907593101,-23.32177030877795
843,3,128,-15.85640876715268,31.71281753430537,-8.391377995223438,-7.465030771929244
843,4,10,-.9263472232941967,1.852694446588393,-.4631736116470985,-.4631736116470981
844,1,784,.000000000000000,.000000000000000,-31.45686272278426,31.45686272278426
844,2,128,-62.91372544556818,125.8274508911364,-39.16602485926592,-23.74770058630224
844,3,128,-15.41832427296331,30.83664854592663,-8.116606215780182,-7.301718057183122
844,4,10,-.8148881585970600,1.629776317194120,-.4074440792985295,-.4074440792985305
845,1,784,.000000000000000,.000000000000000,-31.18902747679207,31.18902747679207
845,2,128,-62.37805495358370,124.7561099071674,-39.25169094029857,-23.12636401328514
845,3,128,-16.12532692701303,32.25065385402607,-8.503337740317086,-7.621989186695949
845,4,10,-.8813485536211304,1.762697107242261,-.4406742768105649,-.4406742768105655
846,1,784,.000000000000000,.000000000000000,-31.21909007564463,31.21909007564463
846,2,128,-62.43818015128892,124.8763603025778,-39.01047896305277,-23.42770118823612
846,3,128,-15.58277777481631,31.16555554963263,-8.389094872397923,-7.193682902418397
846,4,10,-1.195411969979540,2.390823939959080,-.5977059849897711,-.5977059849897685
847,1,784,.000000000000000,.000000000000000,-31.74646475257724,31.74646475257724
847,2,128,-63.49292950515413,126.9858590103083,-39.03494887097527,-24.45798063417886
847,3,128,-14.57696823679602,29.15393647359203,-7.700309806646875,-6.876658430149144
847,4,10,-.8236513764977249,1.647302752995450,-.4118256882488635,-.4118256882488615
848,1,784,.000000000000000,.000000000000000,-31.35128731847072,31.35128731847072
848,2,128,-62.70257463694113,125.4051492738823,-39.02787434972723,-23.67470028721386
848,3,128,-15.35317406251302,30.70634812502604,-8.204272705340919,-7.148901357172096
848,4,10,-1.055371348168821,2.110742696337642,-.5276856740844103,-.5276856740844109
849,1,784,.000000000000000,.000000000000000,-31.21079499501499,31.21079499501499
849,2,128,-62.42158999002952,124.8431799800590,-39.21080561356035,-23.21078437646920
849,3,128,-16.00002123709078,32.00004247418156,-8.461845855748390,-7.538175381342389
849,4,10,-.9236704744060016,1.847340948812003,-.4618352372030008,-.4618352372030008
850,1,784,.000000000000000,.000000000000000,-31.24772205650114,31.24772205650114
850,2,128,-62.49544411300192,124.9908882260038,-39.18432990350664,-23.31111420949524
850,3,128,-15.87321569401105,31.74643138802210,-8.435436172567641,-7.437779521443405
850,4,10,-.9976566511242339,1.995313302248468,-.4988283255621163,-.4988283255621175
851,1,784,.000000000000000,.000000000000000,-31.74686969900315,31.74686969900315
851,2,128,-63.49373939800591,126.9874787960118,-39.02642491665194,-24.46731448135395
851,3,128,-14.55911043529762,29.11822087059524,-7.685381091204888,-6.873729344092729
851,4,10,-.8116517471121494,1.623303494224299,-.4058258735560753,-.4058258735560740
852,1,784,.000000000000000,.000000000000000,-31.74667466854230,31.74667466854230
852,2,128,-63.49334933708423,126.9866986741685,-39.07539537132484,-24.41795396575941
852,3,128,-14.65744140556507,29.31488281113013,-7.732940311889216,-6.924501093675849
852,4,10,-.8084392182133566,1.616878436426713,-.4042196091066771,-.4042196091066795
853,1,784,.000000000000000,.000000000000000,-31.46510708180920,31.46510708180920
853,2,128,-62.93021416361803,125.8604283272361,-39.14281648541968,-23.78739767819835
853,3,128,-15.35541880722096,30.71083761444191,-8.115751544295367,-7.239667262925600
853,4,10,-.8760842813697598,1.752168562739520,-.4380421406848797,-.4380421406848800
854,1,784,.000000000000000,.000000000000000,-31.56836838282592,31.56836838282592
854,2,128,-63.13673676565146,126.2734735313029,-39.09901243867697,-24.03772432697447
854,3,128,-15.06128811170212,30.12257622340425,-7.942665142872625,-7.118622968829501
854,4,10,-.8240421740431163,1.648084348086233,-.4120210870215599,-.4120210870215565
855,1,784,.000000000000000,.000000000000000,-31.37251742516911,31.37251742516911
855,2,128,-62.74503485033797,125.4900697006759,-39.19846641797680,-23.54656843236117
855,3,128,-15.65189798561526,31.30379597123052,-8.251915263707682,-7.399982721907582
855,4,10,-.8519325418001042,1.703865083600208,-.4259662709000518,-.4259662709000523
856,1,784,.000000000000000,.000000000000000,-31.41037664871310,31.41037664871310
856,2,128,-62.82075329742587,125.6415065948517,-39.09584430079582,-23.72490899663001
856,3,128,-15.37093530416543,30.74187060833085,-8.179912859833012,-7.191022444332406
856,4,10,-.9888904155005939,1.977780831001188,-.4944452077502974,-.4944452077502965
857,1,784,.000000000000000,.000000000000000,-31.67479921306040,31.67479921306040
857,2,128,-63.34959842612047,126.6991968522409,-38.91288473384947,-24.43671369227098
857,3,128,-14.47617104157810,28.95234208315620,-7.797680175155370,-6.678490866422728
857,4,10,-1.119189308732643,2.238378617465285,-.5595946543663211,-.5595946543663215
858,1,784,.000000000000000,.000000000000000,-31.42900810311364,31.42900810311364
858,2,128,-62.85801620622699,125.7160324124540,-39.10160124523155,-23.75641496099541
858,3,128,-15.34518628423576,30.69037256847152,-8.129876980641402,-7.215309303594359
858,4,10,-.9145676770470283,1.829135354094057,-.4572838385235143,-.4572838385235141
859,1,784,.000000000000000,.000000000000000,-31.43540431843794,31.43540431843794
859,2,128,-62.87080863687552,125.7416172737510,-39.21821134402070,-23.65259729285481
859,3,128,-15.56561405116549,31.13122810233098,-8.194669662559415,-7.370944388606077
859,4,10,-.8237252739533315,1.647450547906663,-.4118626369766648,-.4118626369766667
860,1,784,.000000000000000,.000000000000000,-31.40549805151266,31.40549805151266
860,2,128,-62.81099610302486,125.6219922060497,-39.12548885168076,-23.68550725134407
860,3,128,-15.43998160033631,30.87996320067262,-8.180574706450942,-7.259406893885362
860,4,10,-.9211678125655928,1.842335625131186,-.4605839062827985,-.4605839062827943
861,1,784,.000000000000000,.000000000000000,-31.57311065970919,31.57311065970919
861,2,128,-63.14622131941807,126.2924426388361,-39.10108605662489,-24.04513526279318
861,3,128,-15.05595079383129,30.11190158766258,-7.936001548145799,-7.119949245685495
861,4,10,-.8160523024603172,1.632104604920634,-.4080261512301586,-.4080261512301587
862,1,784,.000000000000000,.000000000000000,-31.36024425290840,31.36024425290840
862,2,128,-62.72048850581653,125.4409770116331,-39.18479011433233,-23.53569839148417
862,3,128,-15.64909172284781,31.29818344569562,-8.263585244960584,-7.385506477887225
862,4,10,-.8780787670733664,1.756157534146733,-.4390393835366830,-.4390393835366836
863,1,784,.000000000000000,.000000000000000,-31.38281062724932,31.38281062724932
863,2,128,-62.76562125449831,125.5312425089966,-39.11359984429333,-23.65202141020502
863,3,128,-15.46157843408797,30.92315686817593,-8.181912554941819,-7.279665879146150
863,4,10,-.9022466757956836,1.804493351591367,-.4511233378978415,-.4511233378978422
864,1,784,.000000000000000,.000000000000000,-31.43887614794884,31.43887614794884
864,2,128,-62.87775229589731,125.7555045917946,-39.11151892449249,-23.76623337140484
864,3,128,-15.34528555308722,30.69057110617445,-8.132713180262209,-7.212572372825004
864,4,10,-.9201408074371866,1.840281614874373,-.4600704037185938,-.4600704037185928
865,1,784,.000000000000000,.000000000000000,-30.91853580318891,30.91853580318891
865,2,128,-61.83707160637741,123.6741432127548,-39.14019702966204,-22.69687457671539
865,3,128,-16.44332245294624,32.88664490589247,-8.831198655365805,-7.612123797580436
865,4,10,-1.219074857785368,2.438149715570736,-.6095374288926841,-.6095374288926836
866,1,784,.000000000000000,.000000000000000,-31.40643556704395,31.40643556704395
866,2,128,-62.81287113408754,125.6257422681751,-38.95108867849938,-23.86178245558817
866,3,128,-15.08930622291083,30.17861244582166,-8.124014247127725,-6.965291975783101
866,4,10,-1.158722271344628,2.317444542689255,-.5793611356723137,-.5793611356723141
867,1,784,.000000000000000,.000000000000000,-31.56463147749010,31.56463147749010
867,2,128,-63.12926295497986,126.2585259099597,-39.04468860096735,-24.08457435401252
867,3,128,-14.96011424695445,29.92022849390891,-7.963480392484207,-6.996633854470254
867,4,10,-.9668465380139725,1.933693076027945,-.4834232690069855,-.4834232690069868
868,1,784,.000000000000000,.000000000000000,-31.55649974125526,31.55649974125526
868,2,128,-63.11299948251013,126.2259989650203,-39.12331729538870,-23.98968218712139
868,3,128,-15.13363510826691,30.26727021653381,-7.993680639744909,-7.139954468521998
868,4,10,-.8537261712228964,1.707452342445793,-.4268630856114473,-.4268630856114491
869,1,784,.000000000000000,.000000000000000,-31.75342272984383,31.75342272984383
869,2,128,-63.50684545968727,127.0136909193745,-39.09355918487305,-24.41328627481420
869,3,128,-14.68027291005850,29.36054582011701,-7.717248675145212,-6.963024234913288
869,4,10,-.7542244402319154,1.508448880463831,-.3771122201159589,-.3771122201159565
870,1,784,.000000000000000,.000000000000000,-31.35159949362653,31.35159949362653
870,2,128,-62.70319898725264,125.4063979745053,-38.89324052741630,-23.80995845983634
870,3,128,-15.08328206757958,30.16656413515915,-8.188983215795473,-6.894298851784101
870,4,10,-1.294684364011373,2.589368728022746,-.6473421820056851,-.6473421820056876
871,1,784,.000000000000000,.000000000000000,-31.37517579388351,31.37517579388351
871,2,128,-62.75035158776666,125.5007031755333,-39.14417731969463,-23.60617426807201
871,3,128,-15.53800305162226,31.07600610324452,-8.220551549065069,-7.317451502557188
871,4,10,-.9031000465078771,1.806200093015754,-.4515500232539386,-.4515500232539384
872,1,784,.000000000000000,.000000000000000,-31.33409532963280,31.33409532963280
872,2,128,-62.66819065926524,125.3363813185305,-39.20258530177203,-23.46560535749320
872,3,128,-15.73697994427848,31.47395988855696,-8.288118490298826,-7.448861453979655
872,4,10,-.8392570363191773,1.678514072638355,-.4196285181595877,-.4196285181595896
873,1,784,.000000000000000,.000000000000000,-31.71650702801608,31.71650702801608
873,2,128,-63.43301405603179,126.8660281120636,-38.90766551726066,-24.52534853877114
873,3,128,-14.38231697848911,28.76463395697822,-7.706998181792133,-6.675318796696972
873,4,10,-1.031679385095149,2.063358770190297,-.5158396925475739,-.5158396925475748
874,1,784,.000000000000000,.000000000000000,-31.79259506918770,31.79259506918770
874,2,128,-63.58519013837508,127.1703802767502,-39.05959575251491,-24.52559438586015
874,3,128,-14.53400136665438,29.06800273330877,-7.655134879995946,-6.878866486658439
874,4,10,-.7762683933374943,1.552536786674989,-.3881341966687459,-.3881341966687485
875,1,784,.000000000000000,.000000000000000,-31.42212860208855,31.42212860208855
875,2,128,-62.84425720417669,125.6885144083534,-39.00864282209007,-23.83561438208659
875,3,128,-15.17302844000311,30.34605688000623,-8.114236244929183,-7.058792195073927
875,4,10,-1.055444049855250,2.110888099710500,-.5277220249276253,-.5277220249276249
876,1,784,.000000000000000,.000000000000000,-31.13375324265767,31.13375324265767
876,2,128,-62.26750648531495,124.5350129706299,-39.19303163950330,-23.07447484581163
876,3,128,-16.11855679369131,32.23711358738262,-8.549227960622337,-7.569328833068957
876,4,10,-.9798991275533935,1.959798255106787,-.4899495637766959,-.4899495637766975
877,1,784,.000000000000000,.000000000000000,-31.85319156609771,31.85319156609771
877,2,128,-63.70638313219511,127.4127662643902,-38.99011153426512,-24.71627159792997
877,3,128,-14.27383993633481,28.54767987266962,-7.544935093207835,-6.728904843126974
877,4,10,-.8160302500808628,1.632060500161726,-.4080151250404322,-.4080151250404306
878,1,784,.000000000000000,.000000000000000,-31.59819147708914,31.59819147708914
878,2,128,-63.19638295417796,126.3927659083559,-38.99757434774516,-24.19880860643280
878,3,128,-14.79876574131196,29.59753148262392,-7.880190223065565,-6.918575518246404
878,4,10,-.9616147048191462,1.923229409638292,-.4808073524095737,-.4808073524095727
879,1,784,.000000000000000,.000000000000000,-31.51211963486191,31.51211963486191
879,2,128,-63.02423926972344,126.0484785394469,-39.08805892774587,-23.93618034197756
879,3,128,-15.15187858576795,30.30375717153590,-8.052286290229022,-7.099592295538923
879,4,10,-.9526939946900914,1.905387989380183,-.4763469973450465,-.4763469973450449
880,1,784,.000000000000000,.000000000000000,-31.15255314176963,31.15255314176963
880,2,128,-62.30510628353888,124.6102125670778,-39.22734314221785,-23.07776314132104
880,3,128,-16.14958000089641,32.29916000179281,-8.533802807913514,-7.615777192982895
880,4,10,-.9180256149306214,1.836051229861243,-.4590128074653115,-.4590128074653100
881,1,784,.000000000000000,.000000000000000,-31.49194504800505,31.49194504800505
881,2,128,-62.98389009600977,125.9677801920195,-38.99827110056914,-23.98561899544062
881,3,128,-15.01265210512814,30.02530421025628,-8.028504942804354,-6.984147162323785
881,4,10,-1.044357780480566,2.088715560961133,-.5221788902402830,-.5221788902402835
882,1,784,.000000000000000,.000000000000000,-31.35137700649338,31.35137700649338
882,2,128,-62.70275401298640,125.4055080259728,-39.26016720548390,-23.44258680750253
882,3,128,-15.81758039798099,31.63516079596199,-8.268060522665369,-7.549519875315628
882,4,10,-.7185406473497407,1.437081294699481,-.3592703236748708,-.3592703236748698
883,1,784,.000000000000000,.000000000000000,-31.37833105206344,31.37833105206344
883,2,128,-62.75666210412653,125.5133242082531,-39.16156179550430,-23.59510030862226
883,3,128,-15.56646148688166,31.13292297376332,-8.210524880235566,-7.355936606646098
883,4,10,-.8545882735894789,1.709176547178958,-.4272941367947396,-.4272941367947394
884,1,784,.000000000000000,.000000000000000,-31.56818732839447,31.56818732839447
884,2,128,-63.13637465678860,126.2727493135772,-39.06249095392739,-24.07388370286123
884,3,128,-14.98860725106577,29.97721450213155,-7.976565556107562,-7.012041694958215
884,4,10,-.9645238611493487,1.929047722298697,-.4822619305746745,-.4822619305746742
885,1,784,.000000000000000,.000000000000000,-31.52501131628279,31.52501131628279
885,2,128,-63.05002263256522,126.1000452651304,-39.07108905114625,-23.97893358141900
885,3,128,-15.09215546972686,30.18431093945372,-8.020112736168379,-7.072042733558467
885,4,10,-.9480700026099073,1.896140005219815,-.4740350013049535,-.4740350013049538
886,1,784,.000000000000000,.000000000000000,-31.60666961412565,31.60666961412565
886,2,128,-63.21333922825101,126.4266784565020,-38.96244603947299,-24.25089318877802
886,3,128,-14.71155285069460,29.42310570138920,-7.886645650697430,-6.824907199997161
886,4,10,-1.061738450700266,2.123476901400533,-.5308692253501323,-.5308692253501343
887,1,784,.000000000000000,.000000000000000,-31.66337335387150,31.66337335387150
887,2,128,-63.32674670774264,126.6534934154853,-39.03600320554335,-24.29074350219930
887,3,128,-14.74525970334368,29.49051940668735,-7.846960481410110,-6.898299221933573
887,4,10,-.9486612594765320,1.897322518953064,-.4743306297382658,-.4743306297382661
888,1,784,.000000000000000,.000000000000000,-31.57478352505207,31.57478352505207
888,2,128,-63.14956705010380,126.2991341002076,-39.02333703409096,-24.12623001601286
888,3,128,-14.89710701807774,29.79421403615547,-7.954048458696040,-6.943058559381703
888,4,10,-1.010989899314336,2.021979798628673,-.5054949496571679,-.5054949496571686
889,1,784,.000000000000000,.000000000000000,-31.53633310520877,31.53633310520877
889,2,128,-63.07266621041712,126.1453324208342,-39.03212525461514,-24.04054095580201
889,3,128,-14.99158429881275,29.98316859762550,-7.980284704193849,-7.011299594618895
889,4,10,-.9689851095749678,1.937970219149936,-.4844925547874840,-.4844925547874838
890,1,784,.000000000000000,.000000000000000,-31.36073294467425,31.36073294467425
890,2,128,-62.72146588934815,125.4429317786963,-39.10087413466425,-23.62059175468391
890,3,128,-15.48028237997998,30.96056475995995,-8.242140090330867,-7.238142289649116
890,4,10,-1.003997800681751,2.007995601363502,-.5019989003408757,-.5019989003408755
891,1,784,.000000000000000,.000000000000000,-31.53240855363645,31.53240855363645
891,2,128,-63.06481710727260,126.1296342145452,-39.08508196065763,-23.97973514661498
891,3,128,-15.10534681404231,30.21069362808461,-8.006310781404039,-7.099036032638256
891,4,10,-.9072747487657933,1.814549497531587,-.4536373743828966,-.4536373743828966
892,1,784,.000000000000000,.000000000000000,-31.67259457789778,31.67259457789778
892,2,128,-63.34518915579522,126.6903783115904,-39.06922863713108,-24.27596051866414
892,3,128,-14.79326811846660,29.58653623693319,-7.810234699163690,-6.983033419302904
892,4,10,-.8272012798607884,1.654402559721577,-.4136006399303949,-.4136006399303935
893,1,784,.000000000000000,.000000000000000,-31.26855616017929,31.26855616017929
893,2,128,-62.53711232035818,125.0742246407164,-39.20410993009054,-23.33300239026763
893,3,128,-15.87110753982254,31.74221507964508,-8.371847329107453,-7.499260210715080
893,4,10,-.8725871183923732,1.745174236784746,-.4362935591961870,-.4362935591961864
894,1,784,.000000000000000,.000000000000000,-31.92165359154776,31.92165359154776
894,2,128,-63.84330718309516,127.6866143661903,-38.95641924783473,-24.88688793526042
894,3,128,-14.06953131257393,28.13906262514787,-7.458467136171987,-6.611064176401942
894,4,10,-.8474029597700465,1.694805919540093,-.4237014798850242,-.4237014798850224
895,1,784,.000000000000000,.000000000000000,-31.44908857817221,31.44908857817221
895,2,128,-62.89817715634411,125.7963543126882,-39.16167654007038,-23.73650061627374
895,3,128,-15.42517592379625,30.85035184759251,-8.113980669031744,-7.311195254764508
895,4,10,-.8027854142672292,1.605570828534458,-.4013927071336147,-.4013927071336145
896,1,784,.000000000000000,.000000000000000,-31.35745590894838,31.35745590894838
896,2,128,-62.71491181789634,125.4298236357927,-39.10461340544890,-23.61029841244745
896,3,128,-15.49431499300107,30.98862998600213,-8.248388926957137,-7.245926066043935
896,4,10,-1.002462860913201,2.004925721826402,-.5012314304565995,-.5012314304566015
897,1,784,.000000000000000,.000000000000000,-31.49248866776259,31.49248866776259
897,2,128,-62.98497733552481,125.9699546710496,-39.18543137750360,-23.79954595802123
897,3,128,-15.38588541948196,30.77177083896392,-8.087000712337186,-7.298884707144781
897,4,10,-.7881160051924117,1.576232010384823,-.3940580025962056,-.3940580025962061
898,1,784,.000000000000000,.000000000000000,-31.36503182699071,31.36503182699071
898,2,128,-62.73006365398107,125.4601273079621,-39.19515200278799,-23.53491165119308
898,3,128,-15.66024035159454,31.32048070318909,-8.244985292403701,-7.415255059190834
898,4,10,-.8297302332128609,1.659460466425722,-.4148651166064311,-.4148651166064297
899,1,784,.000000000000000,.000000000000000,-31.31778280583712,31.31778280583712
899,2,128,-62.63556561167391,125.2711312233478,-39.13249316452195,-23.50307244715196
899,3,128,-15.62942071736964,31.25884143473928,-8.315689246058779,-7.313731471310851
899,4,10,-1.001957774747924,2.003915549495848,-.5009788873739621,-.5009788873739619
900,1,784,.000000000000000,.000000000000000,-31.33957094360577,31.33957094360577
900,2,128,-62.67914188721119,125.3582837744224,-39.23124536893633,-23.44789651827489
900,3,128,-15.78334885066104,31.56669770132207,-8.289042071902381,-7.494306778758657
900,4,10,-.7947352931437194,1.589470586287439,-.3973676465718599,-.3973676465718594
901,1,784,.000000000000000,.000000000000000,-31.26696877347335,31.26696877347335
901,2,128,-62.53393754694637,125.0678750938927,-39.11611576806848,-23.41782177887789
901,3,128,-15.69829398919021,31.39658797838042,-8.361749746935057,-7.336544242255148
901,4,10,-1.025205504679904,2.050411009359808,-.5126027523399512,-.5126027523399527
902,1,784,.000000000000000,.000000000000000,-31.56628566958392,31.56628566958392
902,2,128,-63.13257133916748,126.2651426783350,-39.11730305600621,-24.01526828316128
902,3,128,-15.10203477284453,30.20406954568906,-7.995470590920642,-7.106564181923891
902,4,10,-.8889064089967447,1.777812817993489,-.4444532044983728,-.4444532044983720
903,1,784,.000000000000000,.000000000000000,-31.40123247302025,31.40123247302025
903,2,128,-62.80246494604018,125.6049298920804,-39.16079070632613,-23.64167423971406
903,3,128,-15.51911646661173,31.03823293322346,-8.205297216255703,-7.313819250356028
903,4,10,-.8914779658996633,1.782955931799327,-.4457389829498316,-.4457389829498318
904,1,784,.000000000000000,.000000000000000,-31.43509594695142,31.43509594695142
904,2,128,-62.87019189390253,125.7403837878051,-39.16384710720672,-23.70634478669581
904,3,128,-15.45750232051053,30.91500464102106,-8.150493310420256,-7.307009010090275
904,4,10,-.8434843003299758,1.686968600659952,-.4217421501649876,-.4217421501649882
905,1,784,.000000000000000,.000000000000000,-31.67846986502423,31.67846986502423
905,2,128,-63.35693973004808,126.7138794600962,-39.12793690332063,-24.22900282672747
905,3,128,-14.89893407659277,29.79786815318554,-7.817245685786267,-7.081688390806498
905,4,10,-.7355572949797647,1.471114589959529,-.3677786474898817,-.3677786474898831
906,1,784,.000000000000000,.000000000000000,-31.51101960018612,31.51101960018612
906,2,128,-63.02203920037186,126.0440784007437,-39.13832071256122,-23.88371848781066
906,3,128,-15.25460222475017,30.50920444950035,-8.026443054619175,-7.228159170131001
906,4,10,-.7982838844881743,1.596567768976349,-.3991419422440869,-.3991419422440874
907,1,784,.000000000000000,.000000000000000,-31.20838378353125,31.20838378353125
907,2,128,-62.41676756706214,124.8335351341243,-39.25365481944034,-23.16311274762180
907,3,128,-16.09054207181814,32.18108414363628,-8.459861200423155,-7.630680871394986
907,4,10,-.8291803290281741,1.658360658056348,-.4145901645140863,-.4145901645140878
908,1,784,.000000000000000,.000000000000000,-31.59253165169370,31.59253165169370
908,2,128,-63.18506330338709,126.3701266067742,-39.04146983507604,-24.14359346831102
908,3,128,-14.89787636676468,29.79575273352935,-7.911212333471834,-6.986664033292845
908,4,10,-.9245483001789955,1.849096600357991,-.4622741500894979,-.4622741500894976
909,1,784,.000000000000000,.000000000000000,-31.61601743846170,31.61601743846170
909,2,128,-63.23203487692309,126.4640697538462,-39.09385652335171,-24.13817835357139
909,3,128,-14.95567816977997,29.91135633955994,-7.905684369124181,-7.049993800655795
909,4,10,-.8556905684683824,1.711381136936765,-.4278452842341920,-.4278452842341905
910,1,784,.000000000000000,.000000000000000,-31.63539171557624,31.63539171557624
910,2,128,-63.27078343115209,126.5415668623042,-39.04105476572146,-24.22972866543063
910,3,128,-14.81132610029043,29.62265220058086,-7.869227834384893,-6.942098265905539
910,4,10,-.9271295684793579,1.854259136958716,-.4635647842396794,-.4635647842396785
911,1,784,.000000000000000,.000000000000000,-31.47574100931948,31.47574100931948
911,2,128,-62.95148201863856,125.9029640372771,-39.08916928404809,-23.86231273459047
911,3,128,-15.22685654945723,30.45371309891447,-8.084955992778703,-7.141900556678528
911,4,10,-.9430554361001651,1.886110872200330,-.4715277180500833,-.4715277180500818
912,1,784,.000000000000000,.000000000000000,-31.63183399172221,31.63183399172221
912,2,128,-63.26366798344406,126.5273359668881,-39.09720049030710,-24.16646749313696
912,3,128,-14.93073299716976,29.86146599433951,-7.860741297020867,-7.069991700148901
912,4,10,-.7907495968719706,1.581499193743941,-.3953747984359853,-.3953747984359853
913,1,784,.000000000000000,.000000000000000,-31.01798026280084,31.01798026280084
913,2,128,-62.03596052560135,124.0719210512027,-39.15363132845093,-22.88232919715040
913,3,128,-16.27130213130013,32.54260426260026,-8.707414292632363,-7.563887838667755
913,4,10,-1.143526453964606,2.287052907929211,-.5717632269823040,-.5717632269823018
914,1,784,.000000000000000,.000000000000000,-31.72913703710629,31.72913703710629
914,2,128,-63.45827407421229,126.9165481484246,-38.96043403201083,-24.49784004220149
914,3,128,-14.46259398980900,28.92518797961800,-7.701225139000339,-6.761368850808663
914,4,10,-.9398562881916738,1.879712576383348,-.4699281440958373,-.4699281440958366
915,1,784,.000000000000000,.000000000000000,-31.06110811039211,31.06110811039211
915,2,128,-62.12221622078387,124.2444324415677,-39.26695362510711,-22.85526259567677
915,3,128,-16.41169102942997,32.82338205885994,-8.668666482147019,-7.743024547282958
915,4,10,-.9256419348640684,1.851283869728137,-.4628209674320345,-.4628209674320340
916,1,784,.000000000000000,.000000000000000,-31.46897609614282,31.46897609614282
916,2,128,-62.93795219228524,125.8759043845705,-39.12208072868258,-23.81587146360268
916,3,128,-15.30620926507950,30.61241853015900,-8.099262709384547,-7.206946555694950
916,4,10,-.8923161536895998,1.784632307379200,-.4461580768447996,-.4461580768448002
917,1,784,.000000000000000,.000000000000000,-31.45957938835109,31.45957938835109
917,2,128,-62.91915877670184,125.8383175534037,-39.06353427204358,-23.85562450465825
917,3,128,-15.20790976738495,30.41581953476991,-8.091352633232074,-7.116557134152882
917,4,10,-.9747954990791945,1.949590998158389,-.4873977495395968,-.4873977495395976
918,1,784,.000000000000000,.000000000000000,-31.49593220768985,31.49593220768985
918,2,128,-62.99186441537935,125.9837288307587,-39.10156713758595,-23.89029727779343
918,3,128,-15.21126985979212,30.42253971958424,-8.063136583263880,-7.148133276528231
918,4,10,-.9150033067356399,1.830006613471280,-.4575016533678187,-.4575016533678213
919,1,784,.000000000000000,.000000000000000,-31.29097532401226,31.29097532401226
919,2,128,-62.58195064802418,125.1639012960484,-39.23016547930261,-23.35178516872154
919,3,128,-15.87838031058067,31.75676062116133,-8.337012232536775,-7.541368078043894
919,4,10,-.7956441544928855,1.591288308985771,-.3978220772464429,-.3978220772464426
920,1,784,.000000000000000,.000000000000000,-31.83837360439022,31.83837360439022
920,2,128,-63.67674720878011,127.3534944175602,-39.02567781418815,-24.65106939459194
920,3,128,-14.37460841959584,28.74921683919169,-7.601575697681885,-6.773032721913957
920,4,10,-.8285429757679214,1.657085951535843,-.4142714878839616,-.4142714878839598
921,1,784,.000000000000000,.000000000000000,-31.41952077915743,31.41952077915743
921,2,128,-62.83904155831449,125.6780831166290,-38.98749695627571,-23.85154460203879
921,3,128,-15.13595235423653,30.27190470847306,-8.132256685484593,-7.003695668751942
921,4,10,-1.128561016732654,2.257122033465307,-.5642805083663267,-.5642805083663268
922,1,784,.000000000000000,.000000000000000,-31.49129405029243,31.49129405029243
922,2,128,-62.98258810058454,125.9651762011691,-39.03714587165177,-23.94544222893279
922,3,128,-15.09170364271856,30.18340728543712,-8.074564158657505,-7.017139484061059
922,4,10,-1.057424674596434,2.114849349192868,-.5287123372982169,-.5287123372982173
923,1,784,.000000000000000,.000000000000000,-31.90268179149621,31.90268179149621
923,2,128,-63.80536358299206,127.6107271659841,-38.98114168276187,-24.82422190023017
923,3,128,-14.15691978253132,28.31383956506264,-7.484564466049021,-6.672355316482295
923,4,10,-.8122091495667167,1.624418299133433,-.4061045747833572,-.4061045747833598
924,1,784,.000000000000000,.000000000000000,-31.55674048041925,31.55674048041925
924,2,128,-63.11348096083813,126.2269619216763,-39.10944225085125,-24.00403870998690
924,3,128,-15.10540354086397,30.21080708172794,-7.979513722454704,-7.125889818409269
924,4,10,-.8536239040454381,1.707247808090876,-.4268119520227181,-.4268119520227199
925,1,784,.000000000000000,.000000000000000,-31.53321658332793,31.53321658332793
925,2,128,-63.06643316665551,126.1328663333110,-39.00325061442105,-24.06318255223445
925,3,128,-14.94006806218622,29.88013612437243,-7.985390698324911,-6.954677363861298
925,4,10,-1.030713334463617,2.061426668927234,-.5153566672318078,-.5153566672318092
926,1,784,.000000000000000,.000000000000000,-31.59676226608314,31.59676226608314
926,2,128,-63.19352453216590,126.3870490643318,-39.09676020233207,-24.09676432983380
926,3,128,-14.99999587249789,29.99999174499579,-7.950775242106213,-7.049220630391672
926,4,10,-.9015546117145338,1.803109223429068,-.4507773058572673,-.4507773058572665
927,1,784,.000000000000000,.000000000000000,-31.54974653075012,31.54974653075012
927,2,128,-63.09949306149998,126.1989861230000,-39.10442431086656,-23.99506875063338
927,3,128,-15.10935556023280,30.21871112046560,-7.992721895331278,-7.116633664901517
927,4,10,-.8760882304297625,1.752176460859525,-.4380441152148819,-.4380441152148805
928,1,784,.000000000000000,.000000000000000,-31.44755805518772,31.44755805518772
928,2,128,-62.89511611037507,125.7902322207501,-39.06838992061206,-23.82672618976304
928,3,128,-15.24166373084865,30.48332746169729,-8.099572884737388,-7.142090846111263
928,4,10,-.9574820386261300,1.914964077252260,-.4787410193130650,-.4787410193130650
929,1,784,.000000000000000,.000000000000000,-31.40272621969573,31.40272621969573
929,2,128,-62.80545243939115,125.6109048787823,-39.08621149990048,-23.71924093949065
929,3,128,-15.36697056040949,30.73394112081898,-8.175442165050688,-7.191528395358794
929,4,10,-.9839137696919056,1.967827539383811,-.4919568848459522,-.4919568848459532
930,1,784,.000000000000000,.000000000000000,-31.57900438152557,31.57900438152557
930,2,128,-63.15800876305080,126.3160175261016,-39.11585544442365,-24.04215331862718
930,3,128,-15.07370212579607,30.14740425159215,-7.948948556073797,-7.124753569722272
930,4,10,-.8241949863515230,1.648389972703046,-.4120974931757613,-.4120974931757617
931,1,784,.000000000000000,.000000000000000,-31.23188123651198,31.23188123651198
931,2,128,-62.46376247302364,124.9275249460473,-38.87385559617378,-23.58990687684982
931,3,128,-15.28394871932358,30.56789743864717,-8.330525010123994,-6.953423709199594
931,4,10,-1.377101300924393,2.754202601848785,-.6885506504621949,-.6885506504621978
932,1,784,.000000000000000,.000000000000000,-31.49215197049746,31.49215197049746
932,2,128,-62.98430394099450,125.9686078819890,-39.04487073342963,-23.93943320756488
932,3,128,-15.10543752586438,30.21087505172876,-8.026178196321043,-7.079259329543342
932,4,10,-.9469188667777031,1.893837733555406,-.4734594333888503,-.4734594333888527
933,1,784,.000000000000000,.000000000000000,-31.56168069285888,31.56168069285888
933,2,128,-63.12336138571735,126.2467227714347,-39.16682417135460,-23.95653721436280
933,3,128,-15.21028695699138,30.42057391398277,-7.974579133385702,-7.235707823605684
933,4,10,-.7388713097800208,1.477742619560042,-.3694356548900101,-.3694356548900108
934,1,784,.000000000000000,.000000000000000,-31.64654148221760,31.64654148221760
934,2,128,-63.29308296443488,126.5861659288698,-38.95385317878348,-24.33922978565139
934,3,128,-14.61462339313171,29.22924678626343,-7.808414136042486,-6.806209257089220
934,4,10,-1.002204878953249,2.004409757906498,-.5011024394766248,-.5011024394766244
935,1,784,.000000000000000,.000000000000000,-31.85276545333815,31.85276545333815
935,2,128,-63.70553090667597,127.4110618133519,-39.09766238307715,-24.60786852359880
935,3,128,-14.48979385947798,28.97958771895597,-7.587146066614313,-6.902647792863672
935,4,10,-.6844982737506395,1.368996547501279,-.3422491368753199,-.3422491368753197
936,1,784,.000000000000000,.000000000000000,-31.53969279527183,31.53969279527183
936,2,128,-63.07938559054325,126.1587711810865,-39.05865089528886,-24.02073469525442
936,3,128,-15.03791620003401,30.07583240006802,-7.981031436185068,-7.056884763848951
936,4,10,-.9241466723361047,1.848293344672209,-.4620733361680527,-.4620733361680521
937,1,784,.000000000000000,.000000000000000,-31.52264991549486,31.52264991549486
937,2,128,-63.04529983098943,126.0905996619789,-39.17838288227810,-23.86691694871130
937,3,128,-15.31146593356639,30.62293186713278,-8.045547542984790,-7.265918390581602
937,4,10,-.7796291524031853,1.559258304806371,-.3898145762015930,-.3898145762015922
938,1,784,.000000000000000,.000000000000000,-31.60746859534572,31.60746859534572
938,2,128,-63.21493719069116,126.4298743813823,-39.01005126561480,-24.20488592507636
938,3,128,-14.80516534053810,29.61033068107619,-7.891400992678536,-6.913764347859560
938,4,10,-.9776366448189766,1.955273289637953,-.4888183224094891,-.4888183224094873
939,1,784,.000000000000000,.000000000000000,-31.25619189128208,31.25619189128208
939,2,128,-62.51238378256379,125.0247675651276,-38.89098502841000,-23.62139875415380
939,3,128,-15.26958627425581,30.53917254851162,-8.307319353531391,-6.962266920724420
939,4,10,-1.345052432806968,2.690104865613937,-.6725262164034850,-.6725262164034836
940,1,784,.000000000000000,.000000000000000,-31.62481993280506,31.62481993280506
940,2,128,-63.24963986560972,126.4992797312194,-39.02536285410308,-24.22427701150664
940,3,128,-14.80108584259604,29.60217168519209,-7.843413204511159,-6.957672638084882
940,4,10,-.8857405664262706,1.771481132852541,-.4428702832131356,-.4428702832131350
941,1,784,.000000000000000,.000000000000000,-31.32223086576218,31.32223086576218
941,2,128,-62.64446173152403,125.2889234630481,-39.05677543928943,-23.58768629223459
941,3,128,-15.46908914705447,30.93817829410895,-8.272125935872564,-7.196963211181909
941,4,10,-1.075162724690658,2.150325449381316,-.5375813623453295,-.5375813623453284
942,1,784,.000000000000000,.000000000000000,-31.41334870940708,31.41334870940708
942,2,128,-62.82669741881372,125.6533948376274,-38.90728961668579,-23.91940780212793
942,3,128,-14.98788181455751,29.97576362911501,-8.136586692910106,-6.851295121647399
942,4,10,-1.285291571262716,2.570583142525432,-.6426457856313578,-.6426457856313579
943,1,784,.000000000000000,.000000000000000,-31.63425129049992,31.63425129049992
943,2,128,-63.26850258099945,126.5370051619989,-38.98595445742876,-24.28254812357070
943,3,128,-14.70340633385771,29.40681266771541,-7.843254866153128,-6.860151467704575
943,4,10,-.9831033984485515,1.966206796897103,-.4915516992242766,-.4915516992242752
944,1,784,.000000000000000,.000000000000000,-31.47787958523603,31.47787958523603
944,2,128,-62.95575917047169,125.9115183409434,-39.04243702994106,-23.91332214053062
944,3,128,-15.12911488941006,30.25822977882013,-8.051010885171255,-7.078104004238811
944,4,10,-.9729068809324527,1.945813761864905,-.4864534404662263,-.4864534404662265
945,1,784,.000000000000000,.000000000000000,-31.66746967413325,31.66746967413325
945,2,128,-63.33493934826617,126.6698786965323,-39.04401689468391,-24.29092245358226
945,3,128,-14.75309444110128,29.50618888220257,-7.813367807156760,-6.939726633944513
945,4,10,-.8736411732122482,1.747282346424496,-.4368205866061244,-.4368205866061238
946,1,784,.000000000000000,.000000000000000,-31.27999413949561,31.27999413949561
946,2,128,-62.55998827899080,125.1199765579816,-39.12623525357779,-23.43375302541303
946,3,128,-15.69248222816436,31.38496445632872,-8.334658207895496,-7.357824020268874
946,4,10,-.9768341876266252,1.953668375253250,-.4884170938133116,-.4884170938133136
947,1,784,.000000000000000,.000000000000000,-31.57887552939994,31.57887552939994
947,2,128,-63.15775105879948,126.3155021175990,-39.09337014003308,-24.06438091876641
947,3,128,-15.02898922126632,30.05797844253263,-7.966871741508536,-7.062117479757783
947,4,10,-.9047542617507501,1.809508523501500,-.4523771308753761,-.4523771308753741
948,1,784,.000000000000000,.000000000000000,-31.43903143583541,31.43903143583541
948,2,128,-62.87806287167049,125.7561257433410,-39.14635049399256,-23.73171237767794
948,3,128,-15.41463811631428,30.82927623262857,-8.142724498815419,-7.271913617498869
948,4,10,-.8708108813165598,1.741621762633120,-.4354054406582789,-.4354054406582809
949,1,784,.000000000000000,.000000000000000,-31.65755133495419,31.65755133495419
949,2,128,-63.31510266990794,126.6302053398159,-39.02687277054751,-24.28822989936042
949,3,128,-14.73864287118672,29.47728574237345,-7.845829041330876,-6.892813829855842
949,4,10,-.9530152114750317,1.906030422950063,-.4765076057375163,-.4765076057375154
950,1,784,.000000000000000,.000000000000000,-31.73203122507072,31.73203122507072
950,2,128,-63.46406245014107,126.9281249002821,-38.95573195442057,-24.50833049572051
950,3,128,-14.44740145869968,28.89480291739937,-7.695700594595557,-6.751700864104130
950,4,10,-.9439997304914363,1.887999460982873,-.4719998652457185,-.4719998652457177
951,1,784,.000000000000000,.000000000000000,-31.31844521082462,31.31844521082462
951,2,128,-62.63689042164889,125.2737808432978,-39.08313862043278,-23.55375180121610
951,3,128,-15.52938681921632,31.05877363843265,-8.285726906374741,-7.243659912841578
951,4,10,-1.042066993533170,2.084133987066341,-.5210334967665851,-.5210334967665853
952,1,784,.000000000000000,.000000000000000,-31.71047063599171,31.71047063599171
952,2,128,-63.42094127198308,126.8418825439662,-38.96306528870282,-24.45787598328022
952,3,128,-14.50518930542223,29.01037861084445,-7.739044947493861,-6.766144357928370
952,4,10,-.9729005895654981,1.945801179130996,-.4864502947827493,-.4864502947827488
953,1,784,.000000000000000,.000000000000000,-31.50901057830320,31.50901057830320
953,2,128,-63.01802115660598,126.0360423132120,-38.96608253444850,-24.05193862215755
953,3,128,-14.91414391229055,29.82828782458110,-7.998859769281926,-6.915284143008621
953,4,10,-1.083575626273292,2.167151252546584,-.5417878131366454,-.5417878131366465
954,1,784,.000000000000000,.000000000000000,-31.39641402525565,31.39641402525565
954,2,128,-62.79282805051090,125.5856561010218,-39.22781626820014,-23.56501178231074
954,3,128,-15.66280448588904,31.32560897177808,-8.216900743033268,-7.445903742855771
954,4,10,-.7709970001775054,1.541994000355011,-.3854985000887540,-.3854985000887514
955,1,784,.000000000000000,.000000000000000,-31.36310045915967,31.36310045915967
955,2,128,-62.72620091831894,125.4524018366379,-39.09963289537941,-23.62656802293955
955,3,128,-15.47306487243950,30.94612974487900,-8.217448173167185,-7.255616699272318
955,4,10,-.9618314738948684,1.923662947789737,-.4809157369474340,-.4809157369474343
956,1,784,.000000000000000,.000000000000000,-31.25669412350654,31.25669412350654
956,2,128,-62.51338824701266,125.0267764940253,-39.30402930371572,-23.20935894329691
956,3,128,-16.09467036041838,32.18934072083676,-8.422648288279754,-7.672022072138626
956,4,10,-.7506262161411181,1.501252432282236,-.3753131080705587,-.3753131080705594
957,1,784,.000000000000000,.000000000000000,-31.48685802595354,31.48685802595354
957,2,128,-62.97371605190670,125.9474321038134,-39.07777604757953,-23.89594000432718
957,3,128,-15.18183604325197,30.36367208650395,-8.067521613420931,-7.114314429831047
957,4,10,-.9532071835898918,1.906414367179784,-.4766035917949464,-.4766035917949453
958,1,784,.000000000000000,.000000000000000,-31.57543430286767,31.57543430286767
958,2,128,-63.15086860573493,126.3017372114699,-39.05151820139790,-24.09935040433700
958,3,128,-14.95216779706050,29.90433559412101,-7.927673538276018,-7.024494258784492
958,4,10,-.9031792794915210,1.806358558983042,-.4515896397457597,-.4515896397457613
959,1,784,.000000000000000,.000000000000000,-31.35041395766671,31.35041395766671
959,2,128,-62.70082791533309,125.4016558306662,-39.24458933592722,-23.45623857940587
959,3,128,-15.78835075652101,31.57670151304203,-8.305873650277112,-7.482477106243902
959,4,10,-.8233965440332142,1.646793088066428,-.4116982720166067,-.4116982720166074
960,1,784,.000000000000000,.000000000000000,-31.34084840325230,31.34084840325230
960,2,128,-62.68169680650426,125.3633936130085,-39.09613970090804,-23.58555710559621
960,3,128,-15.51058259531143,31.02116519062287,-8.236740906649221,-7.273841688662213
960,4,10,-.9628992179870032,1.925798435974006,-.4814496089935019,-.4814496089935014
961,1,784,.000000000000000,.000000000000000,-31.37415334424315,31.37415334424315
961,2,128,-62.74830668848594,125.4966133769719,-39.22464256744064,-23.52366412104528
961,3,128,-15.70097844639500,31.40195689279000,-8.246658526713315,-7.454319919681684
961,4,10,-.7923386070316498,1.584677214063300,-.3961693035158230,-.3961693035158270
962,1,784,.000000000000000,.000000000000000,-31.34629844071335,31.34629844071335
962,2,128,-62.69259688142639,125.3851937628528,-39.06946705874718,-23.62312982267920
962,3,128,-15.44633723606760,30.89267447213521,-8.251902871110037,-7.194434364957568
962,4,10,-1.057468506152466,2.114937012304932,-.5287342530762330,-.5287342530762330
963,1,784,.000000000000000,.000000000000000,-31.58943753035419,31.58943753035419
963,2,128,-63.17887506070802,126.3577501214160,-39.19208522114686,-23.98678983956114
963,3,128,-15.20529538158536,30.41059076317073,-7.963311413111746,-7.241983968473616
963,4,10,-.7213274446381326,1.442654889276265,-.3606637223190671,-.3606637223190654
964,1,784,.000000000000000,.000000000000000,-31.37247365603583,31.37247365603583
964,2,128,-62.74494731207125,125.4898946241425,-39.17832291301658,-23.56662439905461
964,3,128,-15.61169851396163,31.22339702792326,-8.259741817709376,-7.351956696252257
964,4,10,-.9077851214571178,1.815570242914236,-.4538925607285593,-.4538925607285584
965,1,784,.000000000000000,.000000000000000,-31.12398016180907,31.12398016180907
965,2,128,-62.24796032361783,124.4959206472357,-39.21269581693004,-23.03526450668779
965,3,128,-16.17743131024186,32.35486262048372,-8.584799570164591,-7.592631740077270
965,4,10,-.9921678300872971,1.984335660174594,-.4960839150436485,-.4960839150436487
966,1,784,.000000000000000,.000000000000000,-31.69853258460013,31.69853258460013
966,2,128,-63.39706516919991,126.7941303383998,-39.06151990200243,-24.33554526719750
966,3,128,-14.72597463480455,29.45194926960911,-7.768906071923787,-6.957068562880768
966,4,10,-.8118375090430171,1.623675018086034,-.4059187545215092,-.4059187545215079
967,1,784,.000000000000000,.000000000000000,-31.54571896054141,31.54571896054141
967,2,128,-63.09143792108245,126.1828758421649,-39.04109984240067,-24.05033807868176
967,3,128,-14.99076176371855,29.98152352743711,-7.989069901081875,-7.001691862636678
967,4,10,-.9873780384452078,1.974756076890416,-.4936890192226040,-.4936890192226037
968,1,784,.000000000000000,.000000000000000,-31.56969107808179,31.56969107808179
968,2,128,-63.13938215616323,126.2787643123265,-39.16486914715004,-23.97451300901319
968,3,128,-15.19035613813647,30.38071227627294,-7.984435840727645,-7.205920297408832
968,4,10,-.7785155433188228,1.557031086637646,-.3892577716594119,-.3892577716594108
969,1,784,.000000000000000,.000000000000000,-31.52148146148859,31.52148146148859
969,2,128,-63.04296292297674,126.0859258459535,-39.18117208185307,-23.86179084112367
969,3,128,-15.31938124072898,30.63876248145797,-8.032407397144910,-7.286973843584070
969,4,10,-.7454335535608311,1.490867107121662,-.3727167767804156,-.3727167767804153
970,1,784,.000000000000000,.000000000000000,-31.74805479024896,31.74805479024896
970,2,128,-63.49610958049752,126.9922191609950,-38.94708902126175,-24.54902055923580
970,3,128,-14.39806846202555,28.79613692405111,-7.656110652170963,-6.741957809854600
970,4,10,-.9141528423163595,1.828305684632719,-.4570764211581787,-.4570764211581808
971,1,784,.000000000000000,.000000000000000,-31.29331222686943,31.29331222686943
971,2,128,-62.58662445373847,125.1732489074769,-39.30496443657223,-23.28166001716628
971,3,128,-16.02330441940557,32.04660883881114,-8.390758387890134,-7.632546031515436
971,4,10,-.7582123563747050,1.516424712749410,-.3791061781873526,-.3791061781873524
972,1,784,.000000000000000,.000000000000000,-31.41632418298183,31.41632418298183
972,2,128,-62.83264836596325,125.6652967319265,-39.08248695507167,-23.75016141089160
972,3,128,-15.33232554417966,30.66465108835932,-8.190707969203482,-7.141617574976180
972,4,10,-1.049090394227313,2.098180788454626,-.5245451971136564,-.5245451971136564
973,1,784,.000000000000000,.000000000000000,-31.41530017011826,31.41530017011826
973,2,128,-62.83060034023611,125.6612006804722,-39.05253082179586,-23.77806951844023
973,3,128,-15.27446130335528,30.54892260671057,-8.151717499810379,-7.122743803544893
973,4,10,-1.028973696265478,2.057947392530956,-.5144868481327387,-.5144868481327394
974,1,784,.000000000000000,.000000000000000,-31.29756686050795,31.29756686050795
974,2,128,-62.59513372101556,125.1902674420311,-39.26114887275915,-23.33398484825637
974,3,128,-15.92716402450244,31.85432804900489,-8.363616038067086,-7.563547986435366
974,4,10,-.8000680516317209,1.600136103263442,-.4000340258158602,-.4000340258158607
975,1,784,.000000000000000,.000000000000000,-31.50440070540816,31.50440070540816
975,2,128,-63.00880141081606,126.0176028216321,-39.10760982571458,-23.90119158510142
975,3,128,-15.20641824061278,30.41283648122556,-8.047170440758261,-7.159247799854521
975,4,10,-.8879226409037310,1.775845281807462,-.4439613204518650,-.4439613204518660
976,1,784,.000000000000000,.000000000000000,-31.48345891663741,31.48345891663741
976,2,128,-62.96691783327440,125.9338356665488,-39.05998214467656,-23.90693568859786
976,3,128,-15.15304645607832,30.30609291215664,-8.050427079743278,-7.102619376335038
976,4,10,-.9478077034082422,1.895615406816484,-.4739038517041220,-.4739038517041201
977,1,784,.000000000000000,.000000000000000,-31.63307555681625,31.63307555681625
977,2,128,-63.26615111363213,126.5323022272643,-39.06116363885546,-24.20498747477671
977,3,128,-14.85617616407842,29.71235232815684,-7.857829416010001,-6.998346748068409
977,4,10,-.8594826679415959,1.718965335883192,-.4297413339707983,-.4297413339707977
978,1,784,.000000000000000,.000000000000000,-31.67481524445086,31.67481524445086
978,2,128,-63.34963048890127,126.6992609778025,-38.98245009419823,-24.36718039470301
978,3,128,-14.61526969949482,29.23053939898965,-7.768613517617458,-6.846656181877368
978,4,10,-.9219573357400888,1.843914671480178,-.4609786678700445,-.4609786678700443
979,1,784,.000000000000000,.000000000000000,-31.44653620586477,31.44653620586477
979,2,128,-62.89307241172912,125.7861448234582,-39.13702030399500,-23.75605210773415
979,3,128,-15.38096819626048,30.76193639252095,-8.125606103765833,-7.255362092494638
979,4,10,-.8702440112712035,1.740488022542407,-.4351220056356015,-.4351220056356019
980,1,784,.000000000000000,.000000000000000,-31.60733276128359,31.60733276128359
980,2,128,-63.21466552256679,126.4293310451336,-39.06449903077643,-24.15016649179033
980,3,128,-14.91433253898569,29.82866507797138,-7.913415032212597,-7.000917506773089
980,4,10,-.9124975254395064,1.824995050879013,-.4562487627197526,-.4562487627197537
981,1,784,.000000000000000,.000000000000000,-31.19870385744807,31.19870385744807
981,2,128,-62.39740771489576,124.7948154297915,-39.19457073501611,-23.20283697987965
981,3,128,-15.99173375513610,31.98346751027220,-8.462958400577463,-7.528775354558626
981,4,10,-.9341830460188373,1.868366092037675,-.4670915230094193,-.4670915230094180
982,1,784,.000000000000000,.000000000000000,-31.37244294684934,31.37244294684934
982,2,128,-62.74488589369836,125.4897717873967,-39.17487273365198,-23.57001316004638
982,3,128,-15.60485957360522,31.20971914721045,-8.257513550498338,-7.347346023106879
982,4,10,-.9101675273914521,1.820335054782904,-.4550837636957260,-.4550837636957260
983,1,784,.000000000000000,.000000000000000,-31.65217122864617,31.65217122864617
983,2,128,-63.30434245729193,126.6086849145839,-39.12328379668390,-24.18105866060801
983,3,128,-14.94222513607553,29.88445027215106,-7.867763012497170,-7.074462123578353
983,4,10,-.7933008889188287,1.586601777837657,-.3966504444594149,-.3966504444594138
984,1,784,.000000000000000,.000000000000000,-31.47314614717441,31.47314614717441
984,2,128,-62.94629229434845,125.8925845886969,-38.98933962961866,-23.95695266472980
984,3,128,-15.03238696488845,30.06477392977689,-8.063651989828889,-6.968734975059565
984,4,10,-1.094917014769315,2.189834029538630,-.5474585073846575,-.5474585073846576
985,1,784,.000000000000000,.000000000000000,-31.67454294645875,31.67454294645875
985,2,128,-63.34908589291710,126.6981717858342,-38.98190246618812,-24.36718342672905
985,3,128,-14.61471903945868,29.22943807891737,-7.779685205076133,-6.835033834382549
985,4,10,-.9446513706935701,1.889302741387140,-.4723256853467859,-.4723256853467841
986,1,784,.000000000000000,.000000000000000,-31.20966488914230,31.20966488914230
986,2,128,-62.41932977828424,124.8386595565685,-39.27275233156104,-23.14657744672319
986,3,128,-16.12617488483744,32.25234976967488,-8.506014064780812,-7.620160820056632
986,4,10,-.8858532447241841,1.771706489448368,-.4429266223620923,-.4429266223620918
987,1,784,.000000000000000,.000000000000000,-31.62599482232954,31.62599482232954
987,2,128,-63.25198964465871,126.5039792893174,-39.02763603883892,-24.22435360581981
987,3,128,-14.80328243301874,29.60656486603748,-7.854483042166602,-6.948799390852132
987,4,10,-.9056836513144596,1.811367302628919,-.4528418256572303,-.4528418256572294
988,1,784,.000000000000000,.000000000000000,-31.30306120053062,31.30306120053062
988,2,128,-62.60612240106092,125.2122448021218,-39.17744837011738,-23.42867403094358
988,3,128,-15.74877433917340,31.49754867834680,-8.332451984729476,-7.416322354443921
988,4,10,-.9161296302855572,1.832259260571114,-.4580648151427791,-.4580648151427780
989,1,784,.000000000000000,.000000000000000,-31.46631070996910,31.46631070996910
989,2,128,-62.93262141993778,125.8652428398756,-39.14442636049156,-23.78819505944625
989,3,128,-15.35623130104495,30.71246260208990,-8.142095287250628,-7.214136013794319
989,4,10,-.9279592734563277,1.855918546912655,-.4639796367281635,-.4639796367281642
990,1,784,.000000000000000,.000000000000000,-31.17293221032924,31.17293221032924
990,2,128,-62.34586442065803,124.6917288413161,-39.02907508990824,-23.31678933074977
990,3,128,-15.71228575915804,31.42457151831609,-8.469325427810416,-7.242960331347634
990,4,10,-1.226365096462769,2.452730192925538,-.6131825482313844,-.6131825482313845
991,1,784,.000000000000000,.000000000000000,-31.27468715404569,31.27468715404569
991,2,128,-62.54937430809105,125.0987486161821,-39.08383157602243,-23.46554273206860
991,3,128,-15.61828884395349,31.23657768790698,-8.330187846996322,-7.288100996957161
991,4,10,-1.042086850039169,2.084173700078338,-.5210434250195853,-.5210434250195840
992,1,784,.000000000000000,.000000000000000,-31.31130900522824,31.31130900522824
992,2,128,-62.62261801045617,125.2452360209123,-39.18317143853032,-23.43944657192581
992,3,128,-15.74372486660414,31.48744973320829,-8.342195221376361,-7.401529645227781
992,4,10,-.9406655761485794,1.881331152297159,-.4703327880742912,-.4703327880742882
993,1,784,.000000000000000,.000000000000000,-31.22262034998588,31.22262034998588
993,2,128,-62.44524069997139,124.8904813999428,-39.04144488070851,-23.40379581926292
993,3,128,-15.63764906144519,31.27529812289038,-8.447710191347888,-7.189938870097306
993,4,10,-1.257771321250570,2.515542642501141,-.6288856606252851,-.6288856606252849
994,1,784,.000000000000000,.000000000000000,-31.69040048820266,31.69040048820266
994,2,128,-63.38080097640501,126.7616019528100,-39.01705077419273,-24.36375020221227
994,3,128,-14.65330057198008,29.30660114396016,-7.762065646666861,-6.891234925313220
994,4,10,-.8708307213536475,1.741661442707295,-.4354153606768235,-.4354153606768241
995,1,784,.000000000000000,.000000000000000,-31.63888268968483,31.63888268968483
995,2,128,-63.27776537936921,126.5555307587384,-39.03203983253799,-24.24572554683126
995,3,128,-14.78631428570633,29.57262857141266,-7.853987413694599,-6.932326872011732
995,4,10,-.9216605416828614,1.843321083365723,-.4608302708414317,-.4608302708414295
996,1,784,.000000000000000,.000000000000000,-31.17613617536416,31.17613617536416
996,2,128,-62.35227235072794,124.7045447014559,-39.24709989501156,-23.10517245571638
996,3,128,-16.14192743929478,32.28385487858957,-8.504262528300030,-7.637664910994752
996,4,10,-.8665976173052790,1.733195234610558,-.4332988086526399,-.4332988086526390
997,1,784,.000000000000000,.000000000000000,-31.49530825121850,31.49530825121850
997,2,128,-62.99061650243666,125.9812330048733,-39.10921891823554,-23.88139758420116
997,3,128,-15.22782133403404,30.45564266806808,-8.082053163017882,-7.145768171016154
997,4,10,-.9362849920017312,1.872569984003462,-.4681424960008663,-.4681424960008649
998,1,784,.000000000000000,.000000000000000,-31.72887946521192,31.72887946521192
998,2,128,-63.45775893042344,126.9155178608469,-39.04250727962889,-24.41525165079455
998,3,128,-14.62725562883399,29.25451125766797,-7.739432737981583,-6.887822890852404
998,4,10,-.8516098471291850,1.703219694258370,-.4258049235645917,-.4258049235645934
999,1,784,.000000000000000,.000000000000000,-31.29277897045274,31.29277897045274
999,2,128,-62.58555794090518,125.1711158818104,-39.28458818514105,-23.30096975576413
999,3,128,-15.98361842937656,31.96723685875311,-8.357025441991716,-7.626592987384847
999,4,10,-.7304324546068726,1.460864909213745,-.3652162273034352,-.3652162273034373
1000,1,784,.000000000000000,.000000000000000,-31.28733580696862,31.28733580696862
1000,2,128,-62.57467161393686,125.1493432278737,-39.14315445379911,-23.43151716013772
1000,3,128,-15.71163729366102,31.42327458732204,-8.323025096771728,-7.388612196889281
1000,4,10,-.9344128998824467,1.868825799764893,-.4672064499412226,-.4672064499412242
