id,Layer,node_count,HR_total,EPR_total,WR_total,UR_total
0,1,784,.000000000000000,.000000000000000,-2.477941287312253,2.477941287312253
0,2,256,-4.955882574624484,9.911765149248968,-3.913759481692476,-1.042123092932010
0,3,10,-2.871636388760439,5.743272777520877,-1.435818194380218,-1.435818194380220
1,1,784,.000000000000000,.000000000000000,-2.477941287312258,2.477941287312258
1,2,256,-4.955882574624501,9.911765149249002,-3.902896775139565,-1.052985799484937
1,3,10,-2.849910975654616,5.699821951309231,-1.424955487827309,-1.424955487827307
2,1,784,.000000000000000,.000000000000000,-2.477941287312254,2.477941287312254
2,2,256,-4.955882574624479,9.911765149248957,-3.902853254913212,-1.053029319711267
2,3,10,-2.849823935201922,5.699647870403845,-1.424911967600959,-1.424911967600964
3,1,784,.000000000000000,.000000000000000,-2.477941287312257,2.477941287312257
3,2,256,-4.955882574624549,9.911765149249097,-3.902831225858144,-1.053051348766404
3,3,10,-2.849779877091781,5.699559754183562,-1.424889938545889,-1.424889938545892
4,1,784,.000000000000000,.000000000000000,-2.477941287312259,2.477941287312259
4,2,256,-4.955882574624520,9.911765149249041,-3.902898129748115,-1.052984444876403
4,3,10,-2.849913684871729,5.699827369743457,-1.424956842435861,-1.424956842435869
5,1,784,.000000000000000,.000000000000000,-2.477941287312256,2.477941287312256
5,2,256,-4.955882574624566,9.911765149249133,-3.902899697989368,-1.052982876635199
5,3,10,-2.849916821354225,5.699833642708450,-1.424958410677111,-1.424958410677114
6,1,784,.000000000000000,.000000000000000,-2.477941287312257,2.477941287312257
6,2,256,-4.955882574624529,9.911765149249058,-3.902897079899974,-1.052985494724553
6,3,10,-2.849911585175436,5.699823170350872,-1.424955792587717,-1.424955792587719
7,1,784,.000000000000000,.000000000000000,-2.477941287312257,2.477941287312257
7,2,256,-4.955882574624507,9.911765149249014,-3.902907737043963,-1.052974837580539
7,3,10,-2.849932899463411,5.699865798926822,-1.424966449731707,-1.424966449731704
8,1,784,.000000000000000,.000000000000000,-2.477941287312258,2.477941287312258
8,2,256,-4.955882574624503,9.911765149249007,-3.902825253912556,-1.053057320711945
8,3,10,-2.849767933200597,5.699535866401193,-1.424883966600301,-1.424883966600296
9,1,784,.000000000000000,.000000000000000,-2.477941287312258,2.477941287312258
9,2,256,-4.955882574624537,9.911765149249074,-3.902955643866795,-1.052926930757743
9,3,10,-2.850028713109075,5.700057426218151,-1.425014356554539,-1.425014356554536
10,1,784,.000000000000000,.000000000000000,-2.477941287312257,2.477941287312257
10,2,256,-4.955882574624520,9.911765149249041,-3.902824650166066,-1.053057924458456
10,3,10,-2.849766725707626,5.699533451415252,-1.424883362853811,-1.424883362853815
11,1,784,.000000000000000,.000000000000000,-2.477941287312257,2.477941287312257
11,2,256,-4.955882574624498,9.911765149248996,-3.902833542304117,-1.053049032320380
11,3,10,-2.849784509983723,5.699569019967446,-1.424892254991858,-1.424892254991864
12,1,784,.000000000000000,.000000000000000,-2.477941287312258,2.477941287312258
12,2,256,-4.955882574624497,9.911765149248994,-3.902813149644691,-1.053069424979804
12,3,10,-2.849743724664877,5.699487449329753,-1.424871862332437,-1.424871862332440
13,1,784,.000000000000000,.000000000000000,-2.477941287312257,2.477941287312257
13,2,256,-4.955882574624500,9.911765149249000,-3.902828313721634,-1.053054260902865
13,3,10,-2.849774052818753,5.699548105637505,-1.424887026409378,-1.424887026409374
14,1,784,.000000000000000,.000000000000000,-2.477941287312255,2.477941287312255
14,2,256,-4.955882574624518,9.911765149249035,-3.902839171416807,-1.053043403207713
14,3,10,-2.849795768209103,5.699591536418206,-1.424897884104551,-1.424897884104552
15,1,784,.000000000000000,.000000000000000,-2.477941287312256,2.477941287312256
15,2,256,-4.955882574624485,9.911765149248970,-3.902861930972665,-1.053020643651820
15,3,10,-2.849841287320824,5.699682574641647,-1.424920643660410,-1.424920643660414
16,1,784,.000000000000000,.000000000000000,-2.477941287312260,2.477941287312260
16,2,256,-4.955882574624493,9.911765149248986,-3.902886498774150,-1.052996075850346
16,3,10,-2.849890422923790,5.699780845847579,-1.424945211461896,-1.424945211461894
17,1,784,.000000000000000,.000000000000000,-2.477941287312253,2.477941287312253
17,2,256,-4.955882574624516,9.911765149249032,-3.902867052271000,-1.053015522353518
17,3,10,-2.849851529917487,5.699703059834974,-1.424925764958744,-1.424925764958743
18,1,784,.000000000000000,.000000000000000,-2.477941287312254,2.477941287312254
18,2,256,-4.955882574624549,9.911765149249097,-3.902824339843166,-1.053058234781383
18,3,10,-2.849766105061824,5.699532210123648,-1.424883052530910,-1.424883052530914
19,1,784,.000000000000000,.000000000000000,-2.477941287312260,2.477941287312260
19,2,256,-4.955882574624515,9.911765149249030,-3.902949796496789,-1.052932778127731
19,3,10,-2.850017018369060,5.700034036738121,-1.425008509184532,-1.425008509184528
20,1,784,.000000000000000,.000000000000000,-2.477941287312255,2.477941287312255
20,2,256,-4.955882574624505,9.911765149249010,-3.902855141302040,-1.053027433322467
20,3,10,-2.849827707979571,5.699655415959143,-1.424913853989783,-1.424913853989789
21,1,784,.000000000000000,.000000000000000,-2.477941287312256,2.477941287312256
21,2,256,-4.955882574624506,9.911765149249012,-3.902876174562774,-1.053006400061731
21,3,10,-2.849869774501032,5.699739549002063,-1.424934887250519,-1.424934887250514
22,1,784,.000000000000000,.000000000000000,-2.477941287312257,2.477941287312257
22,2,256,-4.955882574624563,9.911765149249126,-3.902780157431449,-1.053102417193117
22,3,10,-2.849677740238380,5.699355480476759,-1.424838870119189,-1.424838870119190
23,1,784,.000000000000000,.000000000000000,-2.477941287312254,2.477941287312254
23,2,256,-4.955882574624519,9.911765149249039,-3.902883934372670,-1.052998640251851
23,3,10,-2.849885294120829,5.699770588241657,-1.424942647060415,-1.424942647060413
24,1,784,.000000000000000,.000000000000000,-2.477941287312256,2.477941287312256
24,2,256,-4.955882574624516,9.911765149249032,-3.902848288422279,-1.053034286202235
24,3,10,-2.849814002220048,5.699628004440095,-1.424907001110024,-1.424907001110024
25,1,784,.000000000000000,.000000000000000,-2.477941287312254,2.477941287312254
25,2,256,-4.955882574624501,9.911765149249002,-3.902897662113803,-1.052984912510700
25,3,10,-2.849912749603097,5.699825499206194,-1.424956374801548,-1.424956374801549
26,1,784,.000000000000000,.000000000000000,-2.477941287312257,2.477941287312257
26,2,256,-4.955882574624505,9.911765149249010,-3.902926835210022,-1.052955739414480
26,3,10,-2.849971095795532,5.699942191591065,-1.424985547897769,-1.424985547897764
27,1,784,.000000000000000,.000000000000000,-2.477941287312257,2.477941287312257
27,2,256,-4.955882574624525,9.911765149249050,-3.902878939452906,-1.053003635171612
27,3,10,-2.849875304281301,5.699750608562602,-1.424937652140652,-1.424937652140650
28,1,784,.000000000000000,.000000000000000,-2.477941287312256,2.477941287312256
28,2,256,-4.955882574624480,9.911765149248961,-3.902841385944519,-1.053041188679963
28,3,10,-2.849800197264532,5.699600394529064,-1.424900098632265,-1.424900098632267
29,1,784,.000000000000000,.000000000000000,-2.477941287312258,2.477941287312258
29,2,256,-4.955882574624540,9.911765149249080,-3.902891158185509,-1.052991416439035
29,3,10,-2.849899741746504,5.699799483493009,-1.424949870873252,-1.424949870873252
30,1,784,.000000000000000,.000000000000000,-2.477941287312258,2.477941287312258
30,2,256,-4.955882574624564,9.911765149249128,-3.902855990022231,-1.053026584602333
30,3,10,-2.849829405419943,5.699658810839886,-1.424914702709975,-1.424914702709968
31,1,784,.000000000000000,.000000000000000,-2.477941287312255,2.477941287312255
31,2,256,-4.955882574624535,9.911765149249071,-3.902919998332184,-1.052962576292354
31,3,10,-2.849957422039856,5.699914844079712,-1.424978711019925,-1.424978711019930
32,1,784,.000000000000000,.000000000000000,-2.477941287312261,2.477941287312261
32,2,256,-4.955882574624510,9.911765149249019,-3.902855838450709,-1.053026736173798
32,3,10,-2.849829102276903,5.699658204553806,-1.424914551138453,-1.424914551138449
33,1,784,.000000000000000,.000000000000000,-2.477941287312261,2.477941287312261
33,2,256,-4.955882574624522,9.911765149249044,-3.902831782030623,-1.053050792593899
33,3,10,-2.849780989436734,5.699561978873468,-1.424890494718367,-1.424890494718367
34,1,784,.000000000000000,.000000000000000,-2.477941287312257,2.477941287312257
34,2,256,-4.955882574624476,9.911765149248952,-3.902812712247491,-1.053069862376989
34,3,10,-2.849742849870468,5.699485699740936,-1.424871424935234,-1.424871424935234
35,1,784,.000000000000000,.000000000000000,-2.477941287312257,2.477941287312257
35,2,256,-4.955882574624512,9.911765149249025,-3.902881468826929,-1.053001105797580
35,3,10,-2.849880363029346,5.699760726058692,-1.424940181514675,-1.424940181514671
36,1,784,.000000000000000,.000000000000000,-2.477941287312256,2.477941287312256
36,2,256,-4.955882574624519,9.911765149249039,-3.902831896083473,-1.053050678541047
36,3,10,-2.849781217542436,5.699562435084872,-1.424890608771216,-1.424890608771221
37,1,784,.000000000000000,.000000000000000,-2.477941287312256,2.477941287312256
37,2,256,-4.955882574624523,9.911765149249046,-3.902848842921338,-1.053033731703183
37,3,10,-2.849815111218160,5.699630222436320,-1.424907555609081,-1.424907555609080
38,1,784,.000000000000000,.000000000000000,-2.477941287312259,2.477941287312259
38,2,256,-4.955882574624493,9.911765149248986,-3.902868565847751,-1.053014008776741
38,3,10,-2.849854557070995,5.699709114141990,-1.424927278535497,-1.424927278535498
39,1,784,.000000000000000,.000000000000000,-2.477941287312255,2.477941287312255
39,2,256,-4.955882574624559,9.911765149249119,-3.902839448990558,-1.053043125634002
39,3,10,-2.849796323356605,5.699592646713211,-1.424898161678301,-1.424898161678304
40,1,784,.000000000000000,.000000000000000,-2.477941287312259,2.477941287312259
40,2,256,-4.955882574624522,9.911765149249044,-3.902824121604144,-1.053058453020377
40,3,10,-2.849765668583784,5.699531337167567,-1.424882834291888,-1.424882834291895
41,1,784,.000000000000000,.000000000000000,-2.477941287312261,2.477941287312261
41,2,256,-4.955882574624515,9.911765149249030,-3.902899322855688,-1.052983251768825
41,3,10,-2.849916071086875,5.699832142173750,-1.424958035543434,-1.424958035543441
42,1,784,.000000000000000,.000000000000000,-2.477941287312254,2.477941287312254
42,2,256,-4.955882574624473,9.911765149248946,-3.902895600940396,-1.052986973684074
42,3,10,-2.849908627256277,5.699817254512554,-1.424954313628140,-1.424954313628136
43,1,784,.000000000000000,.000000000000000,-2.477941287312261,2.477941287312261
43,2,256,-4.955882574624479,9.911765149248957,-3.902895649693487,-1.052986924930992
43,3,10,-2.849908724762454,5.699817449524907,-1.424954362381230,-1.424954362381224
44,1,784,.000000000000000,.000000000000000,-2.477941287312255,2.477941287312255
44,2,256,-4.955882574624506,9.911765149249012,-3.902880994538373,-1.053001580086134
44,3,10,-2.849879414452233,5.699758828904467,-1.424939707226117,-1.424939707226117
45,1,784,.000000000000000,.000000000000000,-2.477941287312258,2.477941287312258
45,2,256,-4.955882574624494,9.911765149248987,-3.902807043449148,-1.053075531175349
45,3,10,-2.849731512273775,5.699463024547549,-1.424865756136889,-1.424865756136886
46,1,784,.000000000000000,.000000000000000,-2.477941287312254,2.477941287312254
46,2,256,-4.955882574624532,9.911765149249064,-3.902870490648099,-1.053012083976430
46,3,10,-2.849858406671691,5.699716813343382,-1.424929203335844,-1.424929203335847
47,1,784,.000000000000000,.000000000000000,-2.477941287312256,2.477941287312256
47,2,256,-4.955882574624519,9.911765149249037,-3.902890288564946,-1.052992286059577
47,3,10,-2.849898002505382,5.699796005010763,-1.424949001252690,-1.424949001252692
48,1,784,.000000000000000,.000000000000000,-2.477941287312258,2.477941287312258
48,2,256,-4.955882574624495,9.911765149248989,-3.902905396073256,-1.052977178551235
48,3,10,-2.849928217522013,5.699856435044025,-1.424964108761003,-1.424964108761010
49,1,784,.000000000000000,.000000000000000,-2.477941287312259,2.477941287312259
49,2,256,-4.955882574624527,9.911765149249055,-3.902861808709524,-1.053020765915003
49,3,10,-2.849841042794541,5.699682085589082,-1.424920521397269,-1.424920521397272
50,1,784,.000000000000000,.000000000000000,-2.477941287312260,2.477941287312260
50,2,256,-4.955882574624504,9.911765149249009,-3.902891146599077,-1.052991428025431
50,3,10,-2.849899718573636,5.699799437147273,-1.424949859286820,-1.424949859286817
51,1,784,.000000000000000,.000000000000000,-2.477941287312254,2.477941287312254
51,2,256,-4.955882574624463,9.911765149248925,-3.902836742508651,-1.053045832115816
51,3,10,-2.849790910392787,5.699581820785575,-1.424895455196394,-1.424895455196393
52,1,784,.000000000000000,.000000000000000,-2.477941287312256,2.477941287312256
52,2,256,-4.955882574624546,9.911765149249092,-3.902885832829078,-1.052996741795467
52,3,10,-2.849889091033643,5.699778182067286,-1.424944545516823,-1.424944545516820
53,1,784,.000000000000000,.000000000000000,-2.477941287312256,2.477941287312256
53,2,256,-4.955882574624486,9.911765149248971,-3.902803185380014,-1.053079389244469
53,3,10,-2.849723796135514,5.699447592271029,-1.424861898067758,-1.424861898067756
54,1,784,.000000000000000,.000000000000000,-2.477941287312256,2.477941287312256
54,2,256,-4.955882574624510,9.911765149249019,-3.902888510945646,-1.052994063678862
54,3,10,-2.849894447266778,5.699788894533556,-1.424947223633388,-1.424947223633390
55,1,784,.000000000000000,.000000000000000,-2.477941287312256,2.477941287312256
55,2,256,-4.955882574624455,9.911765149248911,-3.902829491984601,-1.053053082639854
55,3,10,-2.849776409344690,5.699552818689379,-1.424888204672346,-1.424888204672343
56,1,784,.000000000000000,.000000000000000,-2.477941287312259,2.477941287312259
56,2,256,-4.955882574624514,9.911765149249028,-3.902852067954232,-1.053030506670287
56,3,10,-2.849821561283946,5.699643122567892,-1.424910780641974,-1.424910780641972
57,1,784,.000000000000000,.000000000000000,-2.477941287312259,2.477941287312259
57,2,256,-4.955882574624543,9.911765149249087,-3.902832015594834,-1.053050559029709
57,3,10,-2.849781456565165,5.699562913130331,-1.424890728282580,-1.424890728282585
58,1,784,.000000000000000,.000000000000000,-2.477941287312258,2.477941287312258
58,2,256,-4.955882574624495,9.911765149248991,-3.902827673392348,-1.053054901232140
58,3,10,-2.849772772160190,5.699545544320380,-1.424886386080094,-1.424886386080096
59,1,784,.000000000000000,.000000000000000,-2.477941287312256,2.477941287312256
59,2,256,-4.955882574624503,9.911765149249007,-3.902838380260287,-1.053044194364214
59,3,10,-2.849794185896060,5.699588371792121,-1.424897092948031,-1.424897092948029
60,1,784,.000000000000000,.000000000000000,-2.477941287312257,2.477941287312257
60,2,256,-4.955882574624544,9.911765149249089,-3.902849301749477,-1.053033272875070
60,3,10,-2.849816028874447,5.699632057748893,-1.424908014437223,-1.424908014437224
61,1,784,.000000000000000,.000000000000000,-2.477941287312257,2.477941287312257
61,2,256,-4.955882574624537,9.911765149249074,-3.902941167595492,-1.052941407029045
61,3,10,-2.849999760566480,5.699999521132961,-1.424999880283238,-1.424999880283243
62,1,784,.000000000000000,.000000000000000,-2.477941287312257,2.477941287312257
62,2,256,-4.955882574624546,9.911765149249092,-3.902815456684491,-1.053067117940056
62,3,10,-2.849748338744471,5.699496677488941,-1.424874169372236,-1.424874169372234
63,1,784,.000000000000000,.000000000000000,-2.477941287312254,2.477941287312254
63,2,256,-4.955882574624524,9.911765149249048,-3.902837392464003,-1.053045182160520
63,3,10,-2.849792210303491,5.699584420606981,-1.424896105151747,-1.424896105151743
64,1,784,.000000000000000,.000000000000000,-2.477941287312259,2.477941287312259
64,2,256,-4.955882574624519,9.911765149249037,-3.902874515307505,-1.053008059317013
64,3,10,-2.849866455990493,5.699732911980986,-1.424933227995247,-1.424933227995246
65,1,784,.000000000000000,.000000000000000,-2.477941287312258,2.477941287312258
65,2,256,-4.955882574624493,9.911765149248986,-3.902788454669243,-1.053094119955250
65,3,10,-2.849694334713972,5.699388669427944,-1.424847167356987,-1.424847167356985
66,1,784,.000000000000000,.000000000000000,-2.477941287312253,2.477941287312253
66,2,256,-4.955882574624511,9.911765149249023,-3.902846121165464,-1.053036453459047
66,3,10,-2.849809667706425,5.699619335412851,-1.424904833853210,-1.424904833853215
67,1,784,.000000000000000,.000000000000000,-2.477941287312259,2.477941287312259
67,2,256,-4.955882574624535,9.911765149249069,-3.902830864768907,-1.053051709855628
67,3,10,-2.849779154913304,5.699558309826608,-1.424889577456651,-1.424889577456653
68,1,784,.000000000000000,.000000000000000,-2.477941287312259,2.477941287312259
68,2,256,-4.955882574624525,9.911765149249050,-3.902817268718063,-1.053065305906464
68,3,10,-2.849751962811609,5.699503925623217,-1.424875981405804,-1.424875981405805
69,1,784,.000000000000000,.000000000000000,-2.477941287312255,2.477941287312255
69,2,256,-4.955882574624542,9.911765149249083,-3.902841846308817,-1.053040728315725
69,3,10,-2.849801117993127,5.699602235986253,-1.424900558996562,-1.424900558996564
70,1,784,.000000000000000,.000000000000000,-2.477941287312255,2.477941287312255
70,2,256,-4.955882574624551,9.911765149249101,-3.902816481655941,-1.053066092968607
70,3,10,-2.849750388687378,5.699500777374755,-1.424875194343686,-1.424875194343692
71,1,784,.000000000000000,.000000000000000,-2.477941287312254,2.477941287312254
71,2,256,-4.955882574624535,9.911765149249069,-3.902794013459621,-1.053088561164914
71,3,10,-2.849705452294738,5.699410904589476,-1.424852726147367,-1.424852726147371
72,1,784,.000000000000000,.000000000000000,-2.477941287312261,2.477941287312261
72,2,256,-4.955882574624511,9.911765149249021,-3.902860289457175,-1.053022285167337
72,3,10,-2.849838004289846,5.699676008579693,-1.424919002144920,-1.424919002144926
73,1,784,.000000000000000,.000000000000000,-2.477941287312256,2.477941287312256
73,2,256,-4.955882574624533,9.911765149249065,-3.902874768970157,-1.053007805654371
73,3,10,-2.849866963315804,5.699733926631607,-1.424933481657902,-1.424933481657901
74,1,784,.000000000000000,.000000000000000,-2.477941287312257,2.477941287312257
74,2,256,-4.955882574624515,9.911765149249030,-3.902831048665513,-1.053051525959003
74,3,10,-2.849779522706500,5.699559045412999,-1.424889761353253,-1.424889761353247
75,1,784,.000000000000000,.000000000000000,-2.477941287312260,2.477941287312260
75,2,256,-4.955882574624519,9.911765149249039,-3.902856087989001,-1.053026486635517
75,3,10,-2.849829601353495,5.699659202706990,-1.424914800676744,-1.424914800676750
76,1,784,.000000000000000,.000000000000000,-2.477941287312259,2.477941287312259
76,2,256,-4.955882574624533,9.911765149249065,-3.902836822820133,-1.053045751804399
76,3,10,-2.849791071015750,5.699582142031500,-1.424895535507875,-1.424895535507875
77,1,784,.000000000000000,.000000000000000,-2.477941287312261,2.477941287312261
77,2,256,-4.955882574624518,9.911765149249035,-3.902836319586953,-1.053046255037562
77,3,10,-2.849790064549393,5.699580129098786,-1.424895032274697,-1.424895032274695
78,1,784,.000000000000000,.000000000000000,-2.477941287312261,2.477941287312261
78,2,256,-4.955882574624496,9.911765149248993,-3.902873384612966,-1.053009190011533
78,3,10,-2.849864194601412,5.699728389202825,-1.424932097300708,-1.424932097300704
79,1,784,.000000000000000,.000000000000000,-2.477941287312256,2.477941287312256
79,2,256,-4.955882574624533,9.911765149249065,-3.902900330126163,-1.052982244498374
79,3,10,-2.849918085627819,5.699836171255638,-1.424959042813907,-1.424959042813912
80,1,784,.000000000000000,.000000000000000,-2.477941287312261,2.477941287312261
80,2,256,-4.955882574624503,9.911765149249007,-3.902860450715568,-1.053022123908936
80,3,10,-2.849838326806621,5.699676653613243,-1.424919163403310,-1.424919163403311
81,1,784,.000000000000000,.000000000000000,-2.477941287312257,2.477941287312257
81,2,256,-4.955882574624495,9.911765149248989,-3.902802326426133,-1.053080248198361
81,3,10,-2.849722078227745,5.699444156455491,-1.424861039113876,-1.424861039113869
82,1,784,.000000000000000,.000000000000000,-2.477941287312259,2.477941287312259
82,2,256,-4.955882574624538,9.911765149249076,-3.902870870971512,-1.053011703653030
82,3,10,-2.849859167318503,5.699718334637007,-1.424929583659254,-1.424929583659249
83,1,784,.000000000000000,.000000000000000,-2.477941287312257,2.477941287312257
83,2,256,-4.955882574624538,9.911765149249076,-3.902880519047446,-1.053002055577092
83,3,10,-2.849878463470385,5.699756926940769,-1.424939231735190,-1.424939231735194
84,1,784,.000000000000000,.000000000000000,-2.477941287312253,2.477941287312253
84,2,256,-4.955882574624549,9.911765149249097,-3.902854076258877,-1.053028498365673
84,3,10,-2.849825577893244,5.699651155786487,-1.424912788946623,-1.424912788946621
85,1,784,.000000000000000,.000000000000000,-2.477941287312258,2.477941287312258
85,2,256,-4.955882574624525,9.911765149249050,-3.902926346021406,-1.052956228603121
85,3,10,-2.849970117418291,5.699940234836581,-1.424985058709148,-1.424985058709142
86,1,784,.000000000000000,.000000000000000,-2.477941287312258,2.477941287312258
86,2,256,-4.955882574624539,9.911765149249078,-3.902851652284910,-1.053030922339630
86,3,10,-2.849820729945305,5.699641459890610,-1.424910364972652,-1.424910364972653
87,1,784,.000000000000000,.000000000000000,-2.477941287312255,2.477941287312255
87,2,256,-4.955882574624522,9.911765149249044,-3.902882082552051,-1.053000492072473
87,3,10,-2.849881590479592,5.699763180959184,-1.424940795239795,-1.424940795239797
88,1,784,.000000000000000,.000000000000000,-2.477941287312257,2.477941287312257
88,2,256,-4.955882574624486,9.911765149248971,-3.902920729823389,-1.052961844801092
88,3,10,-2.849958885022272,5.699917770044545,-1.424979442511136,-1.424979442511137
89,1,784,.000000000000000,.000000000000000,-2.477941287312255,2.477941287312255
89,2,256,-4.955882574624537,9.911765149249074,-3.902945416360214,-1.052937158264327
89,3,10,-2.850008258095918,5.700016516191837,-1.425004129047958,-1.425004129047960
90,1,784,.000000000000000,.000000000000000,-2.477941287312257,2.477941287312257
90,2,256,-4.955882574624543,9.911765149249087,-3.902967529233336,-1.052915045391207
90,3,10,-2.850052483842160,5.700104967684320,-1.425026241921080,-1.425026241921080
91,1,784,.000000000000000,.000000000000000,-2.477941287312255,2.477941287312255
91,2,256,-4.955882574624541,9.911765149249081,-3.902908936211442,-1.052973638413095
91,3,10,-2.849935297798371,5.699870595596742,-1.424967648899187,-1.424967648899184
92,1,784,.000000000000000,.000000000000000,-2.477941287312259,2.477941287312259
92,2,256,-4.955882574624521,9.911765149249042,-3.902900153173952,-1.052982421450568
92,3,10,-2.849917731723393,5.699835463446785,-1.424958865861696,-1.424958865861696
93,1,784,.000000000000000,.000000000000000,-2.477941287312259,2.477941287312259
93,2,256,-4.955882574624474,9.911765149248948,-3.902867838078995,-1.053014736545478
93,3,10,-2.849853101533480,5.699706203066960,-1.424926550766740,-1.424926550766740
94,1,784,.000000000000000,.000000000000000,-2.477941287312260,2.477941287312260
94,2,256,-4.955882574624530,9.911765149249060,-3.902839963943479,-1.053042610681050
94,3,10,-2.849797353262447,5.699594706524893,-1.424898676631223,-1.424898676631223
95,1,784,.000000000000000,.000000000000000,-2.477941287312255,2.477941287312255
95,2,256,-4.955882574624484,9.911765149248968,-3.902845927085083,-1.053036647539404
95,3,10,-2.849809279545648,5.699618559091296,-1.424904639772824,-1.424904639772824
96,1,784,.000000000000000,.000000000000000,-2.477941287312262,2.477941287312262
96,2,256,-4.955882574624489,9.911765149248978,-3.902780361191275,-1.053102213433213
96,3,10,-2.849678147758038,5.699356295516075,-1.424839073879022,-1.424839073879016
97,1,784,.000000000000000,.000000000000000,-2.477941287312257,2.477941287312257
97,2,256,-4.955882574624549,9.911765149249097,-3.902838317214904,-1.053044257409649
97,3,10,-2.849794059805288,5.699588119610576,-1.424897029902646,-1.424897029902641
98,1,784,.000000000000000,.000000000000000,-2.477941287312257,2.477941287312257
98,2,256,-4.955882574624501,9.911765149249002,-3.902888849361286,-1.052993725263216
98,3,10,-2.849895124098061,5.699790248196122,-1.424947562049030,-1.424947562049032
99,1,784,.000000000000000,.000000000000000,-2.477941287312256,2.477941287312256
99,2,256,-4.955882574624539,9.911765149249078,-3.902807615464759,-1.053074959159779
99,3,10,-2.849732656305003,5.699465312610006,-1.424866328152504,-1.424866328152500
100,1,784,.000000000000000,.000000000000000,-2.477941287312256,2.477941287312256
100,2,256,-4.955882574624484,9.911765149248968,-3.902898891252695,-1.052983683371790
100,3,10,-2.849915207880883,5.699830415761766,-1.424957603940440,-1.424957603940442
101,1,784,.000000000000000,.000000000000000,-2.477941287312257,2.477941287312257
101,2,256,-4.955882574624507,9.911765149249014,-3.902792091481000,-1.053090483143503
101,3,10,-2.849701608337494,5.699403216674988,-1.424850804168746,-1.424850804168747
102,1,784,.000000000000000,.000000000000000,-2.477941287312258,2.477941287312258
102,2,256,-4.955882574624487,9.911765149248973,-3.902927729632810,-1.052954844991678
102,3,10,-2.849972884641106,5.699945769282212,-1.424986442320553,-1.424986442320553
103,1,784,.000000000000000,.000000000000000,-2.477941287312257,2.477941287312257
103,2,256,-4.955882574624528,9.911765149249057,-3.902798060984867,-1.053084513639666
103,3,10,-2.849713547345231,5.699427094690462,-1.424856773672612,-1.424856773672619
104,1,784,.000000000000000,.000000000000000,-2.477941287312257,2.477941287312257
104,2,256,-4.955882574624551,9.911765149249103,-3.902863846385989,-1.053018728238560
104,3,10,-2.849845118147464,5.699690236294927,-1.424922559073734,-1.424922559073730
105,1,784,.000000000000000,.000000000000000,-2.477941287312256,2.477941287312256
105,2,256,-4.955882574624470,9.911765149248939,-3.902901579210965,-1.052980995413507
105,3,10,-2.849920583797414,5.699841167594828,-1.424960291898708,-1.424960291898706
106,1,784,.000000000000000,.000000000000000,-2.477941287312254,2.477941287312254
106,2,256,-4.955882574624494,9.911765149248987,-3.902880781049221,-1.053001793575270
106,3,10,-2.849878987473937,5.699757974947874,-1.424939493736967,-1.424939493736971
107,1,784,.000000000000000,.000000000000000,-2.477941287312258,2.477941287312258
107,2,256,-4.955882574624510,9.911765149249019,-3.902901100843605,-1.052981473780901
107,3,10,-2.849919627062705,5.699839254125409,-1.424959813531351,-1.424959813531354
108,1,784,.000000000000000,.000000000000000,-2.477941287312256,2.477941287312256
108,2,256,-4.955882574624527,9.911765149249055,-3.902875677494155,-1.053006897130369
108,3,10,-2.849868780363805,5.699737560727610,-1.424934390181901,-1.424934390181903
109,1,784,.000000000000000,.000000000000000,-2.477941287312258,2.477941287312258
109,2,256,-4.955882574624494,9.911765149248987,-3.902873587244089,-1.053008987380406
109,3,10,-2.849864599863663,5.699729199727326,-1.424932299931833,-1.424932299931830
110,1,784,.000000000000000,.000000000000000,-2.477941287312259,2.477941287312259
110,2,256,-4.955882574624521,9.911765149249042,-3.902869365216882,-1.053013209407640
110,3,10,-2.849856155809252,5.699712311618504,-1.424928077904626,-1.424928077904626
111,1,784,.000000000000000,.000000000000000,-2.477941287312260,2.477941287312260
111,2,256,-4.955882574624560,9.911765149249121,-3.902838489543467,-1.053044085081090
111,3,10,-2.849794404462428,5.699588808924856,-1.424897202231212,-1.424897202231217
112,1,784,.000000000000000,.000000000000000,-2.477941287312257,2.477941287312257
112,2,256,-4.955882574624469,9.911765149248938,-3.902868541012760,-1.053014033611713
112,3,10,-2.849854507401008,5.699709014802016,-1.424927253700505,-1.424927253700503
113,1,784,.000000000000000,.000000000000000,-2.477941287312262,2.477941287312262
113,2,256,-4.955882574624484,9.911765149248968,-3.902891685970753,-1.052990888653736
113,3,10,-2.849900797316991,5.699801594633983,-1.424950398658496,-1.424950398658495
114,1,784,.000000000000000,.000000000000000,-2.477941287312258,2.477941287312258
114,2,256,-4.955882574624519,9.911765149249037,-3.902774790858257,-1.053107783766267
114,3,10,-2.849667007092000,5.699334014184001,-1.424833503545999,-1.424833503546001
115,1,784,.000000000000000,.000000000000000,-2.477941287312259,2.477941287312259
115,2,256,-4.955882574624542,9.911765149249083,-3.902926190426015,-1.052956384198525
115,3,10,-2.849969806227525,5.699939612455050,-1.424984903113762,-1.424984903113762
116,1,784,.000000000000000,.000000000000000,-2.477941287312256,2.477941287312256
116,2,256,-4.955882574624525,9.911765149249050,-3.902881832523920,-1.053000742100607
116,3,10,-2.849881090423325,5.699762180846649,-1.424940545211664,-1.424940545211661
117,1,784,.000000000000000,.000000000000000,-2.477941287312259,2.477941287312259
117,2,256,-4.955882574624514,9.911765149249028,-3.902839272490636,-1.053043302133879
117,3,10,-2.849795970356755,5.699591940713510,-1.424897985178379,-1.424897985178377
118,1,784,.000000000000000,.000000000000000,-2.477941287312258,2.477941287312258
118,2,256,-4.955882574624475,9.911765149248950,-3.902927452138878,-1.052955122485598
118,3,10,-2.849972329653249,5.699944659306498,-1.424986164826622,-1.424986164826627
119,1,784,.000000000000000,.000000000000000,-2.477941287312257,2.477941287312257
119,2,256,-4.955882574624519,9.911765149249039,-3.902904625682579,-1.052977948941940
119,3,10,-2.849926676740647,5.699853353481294,-1.424963338370324,-1.424963338370323
120,1,784,.000000000000000,.000000000000000,-2.477941287312253,2.477941287312253
120,2,256,-4.955882574624556,9.911765149249112,-3.902855112098682,-1.053027462525873
120,3,10,-2.849827649572853,5.699655299145706,-1.424913824786427,-1.424913824786426
121,1,784,.000000000000000,.000000000000000,-2.477941287312257,2.477941287312257
121,2,256,-4.955882574624522,9.911765149249044,-3.902884144790620,-1.052998429833902
121,3,10,-2.849885714956731,5.699771429913461,-1.424942857478364,-1.424942857478367
122,1,784,.000000000000000,.000000000000000,-2.477941287312259,2.477941287312259
122,2,256,-4.955882574624539,9.911765149249078,-3.902923508531000,-1.052959066093542
122,3,10,-2.849964442437486,5.699928884874971,-1.424982221218743,-1.424982221218742
123,1,784,.000000000000000,.000000000000000,-2.477941287312254,2.477941287312254
123,2,256,-4.955882574624519,9.911765149249037,-3.902897034299268,-1.052985540325249
123,3,10,-2.849911493974022,5.699822987948044,-1.424955746987011,-1.424955746987011
124,1,784,.000000000000000,.000000000000000,-2.477941287312259,2.477941287312259
124,2,256,-4.955882574624531,9.911765149249062,-3.902973530473528,-1.052909044151005
124,3,10,-2.850064486322544,5.700128972645088,-1.425032243161272,-1.425032243161272
125,1,784,.000000000000000,.000000000000000,-2.477941287312259,2.477941287312259
125,2,256,-4.955882574624528,9.911765149249057,-3.902856866009560,-1.053025708614963
125,3,10,-2.849831157394623,5.699662314789245,-1.424915578697306,-1.424915578697316
126,1,784,.000000000000000,.000000000000000,-2.477941287312257,2.477941287312257
126,2,256,-4.955882574624547,9.911765149249094,-3.902864573408455,-1.053018001216094
126,3,10,-2.849846572192390,5.699693144384780,-1.424923286096198,-1.424923286096192
127,1,784,.000000000000000,.000000000000000,-2.477941287312257,2.477941287312257
127,2,256,-4.955882574624503,9.911765149249005,-3.902926687240253,-1.052955887384251
127,3,10,-2.849970799855991,5.699941599711981,-1.424985399927996,-1.424985399927994
128,1,784,.000000000000000,.000000000000000,-2.477941287312261,2.477941287312261
128,2,256,-4.955882574624477,9.911765149248954,-3.902812008066808,-1.053070566557669
128,3,10,-2.849741441509107,5.699482883018214,-1.424870720754551,-1.424870720754555
129,1,784,.000000000000000,.000000000000000,-2.477941287312256,2.477941287312256
129,2,256,-4.955882574624527,9.911765149249055,-3.902932073370697,-1.052950501253828
129,3,10,-2.849981572116884,5.699963144233767,-1.424990786058442,-1.424990786058442
130,1,784,.000000000000000,.000000000000000,-2.477941287312259,2.477941287312259
130,2,256,-4.955882574624496,9.911765149248993,-3.902856852391785,-1.053025722232709
130,3,10,-2.849831130159063,5.699662260318126,-1.424915565079532,-1.424915565079531
131,1,784,.000000000000000,.000000000000000,-2.477941287312257,2.477941287312257
131,2,256,-4.955882574624523,9.911765149249046,-3.902843602521653,-1.053038972102868
131,3,10,-2.849804630418797,5.699609260837594,-1.424902315209398,-1.424902315209399
132,1,784,.000000000000000,.000000000000000,-2.477941287312255,2.477941287312255
132,2,256,-4.955882574624528,9.911765149249057,-3.902899812256858,-1.052982762367671
132,3,10,-2.849917049889200,5.699834099778401,-1.424958524944600,-1.424958524944600
133,1,784,.000000000000000,.000000000000000,-2.477941287312254,2.477941287312254
133,2,256,-4.955882574624518,9.911765149249035,-3.902807351694308,-1.053075222930211
133,3,10,-2.849732128764106,5.699464257528212,-1.424866064382051,-1.424866064382055
134,1,784,.000000000000000,.000000000000000,-2.477941287312258,2.477941287312258
134,2,256,-4.955882574624535,9.911765149249071,-3.902907793115336,-1.052974781509198
134,3,10,-2.849933011606167,5.699866023212333,-1.424966505803080,-1.424966505803087
135,1,784,.000000000000000,.000000000000000,-2.477941287312260,2.477941287312260
135,2,256,-4.955882574624490,9.911765149248980,-3.902853769586436,-1.053028805038059
135,3,10,-2.849824964548353,5.699649929096705,-1.424912482274178,-1.424912482274175
136,1,784,.000000000000000,.000000000000000,-2.477941287312258,2.477941287312258
136,2,256,-4.955882574624538,9.911765149249076,-3.902817813935601,-1.053064760688939
136,3,10,-2.849753053246692,5.699506106493383,-1.424876526623345,-1.424876526623347
137,1,784,.000000000000000,.000000000000000,-2.477941287312257,2.477941287312257
137,2,256,-4.955882574624482,9.911765149248964,-3.902827833793799,-1.053054740830679
137,3,10,-2.849773092963084,5.699546185926168,-1.424886546481542,-1.424886546481542
138,1,784,.000000000000000,.000000000000000,-2.477941287312259,2.477941287312259
138,2,256,-4.955882574624491,9.911765149248982,-3.902829816510516,-1.053052758113971
138,3,10,-2.849777058396519,5.699554116793038,-1.424888529198261,-1.424888529198257
139,1,784,.000000000000000,.000000000000000,-2.477941287312254,2.477941287312254
139,2,256,-4.955882574624484,9.911765149248968,-3.902886676427107,-1.052995898197375
139,3,10,-2.849890778229708,5.699781556459416,-1.424945389114853,-1.424945389114855
140,1,784,.000000000000000,.000000000000000,-2.477941287312255,2.477941287312255
140,2,256,-4.955882574624519,9.911765149249039,-3.902846830356684,-1.053035744267836
140,3,10,-2.849811086088851,5.699622172177702,-1.424905543044428,-1.424905543044424
141,1,784,.000000000000000,.000000000000000,-2.477941287312257,2.477941287312257
141,2,256,-4.955882574624541,9.911765149249081,-3.902867778538121,-1.053014796086421
141,3,10,-2.849852982451726,5.699705964903453,-1.424926491225864,-1.424926491225863
142,1,784,.000000000000000,.000000000000000,-2.477941287312259,2.477941287312259
142,2,256,-4.955882574624507,9.911765149249014,-3.902924745940216,-1.052957828684292
142,3,10,-2.849966917255914,5.699933834511828,-1.424983458627960,-1.424983458627955
143,1,784,.000000000000000,.000000000000000,-2.477941287312257,2.477941287312257
143,2,256,-4.955882574624529,9.911765149249058,-3.902920513088106,-1.052962061536427
143,3,10,-2.849958451551703,5.699916903103406,-1.424979225775850,-1.424979225775853
144,1,784,.000000000000000,.000000000000000,-2.477941287312261,2.477941287312261
144,2,256,-4.955882574624514,9.911765149249028,-3.902874664784469,-1.053007909840046
144,3,10,-2.849866754944424,5.699733509888849,-1.424933377472213,-1.424933377472211
145,1,784,.000000000000000,.000000000000000,-2.477941287312255,2.477941287312255
145,2,256,-4.955882574624503,9.911765149249005,-3.902867587315928,-1.053014987308571
145,3,10,-2.849852600007347,5.699705200014694,-1.424926300003673,-1.424926300003674
146,1,784,.000000000000000,.000000000000000,-2.477941287312259,2.477941287312259
146,2,256,-4.955882574624519,9.911765149249037,-3.902951814997263,-1.052930759627256
146,3,10,-2.850021055370021,5.700042110740042,-1.425010527685008,-1.425010527685013
147,1,784,.000000000000000,.000000000000000,-2.477941287312257,2.477941287312257
147,2,256,-4.955882574624531,9.911765149249062,-3.902879979504569,-1.053002595119964
147,3,10,-2.849877384384627,5.699754768769255,-1.424938692192314,-1.424938692192314
148,1,784,.000000000000000,.000000000000000,-2.477941287312256,2.477941287312256
148,2,256,-4.955882574624479,9.911765149248959,-3.902885881715291,-1.052996692909190
148,3,10,-2.849889188806072,5.699778377612144,-1.424944594403033,-1.424944594403038
149,1,784,.000000000000000,.000000000000000,-2.477941287312257,2.477941287312257
149,2,256,-4.955882574624570,9.911765149249140,-3.902896642957991,-1.052985931666578
149,3,10,-2.849910711291475,5.699821422582950,-1.424955355645735,-1.424955355645740
150,1,784,.000000000000000,.000000000000000,-2.477941287312259,2.477941287312259
150,2,256,-4.955882574624480,9.911765149248961,-3.902841232732550,-1.053041341891924
150,3,10,-2.849799890840588,5.699599781681177,-1.424899945420296,-1.424899945420293
151,1,784,.000000000000000,.000000000000000,-2.477941287312256,2.477941287312256
151,2,256,-4.955882574624533,9.911765149249065,-3.902975406874462,-1.052907167750071
151,3,10,-2.850068239124403,5.700136478248806,-1.425034119562205,-1.425034119562198
152,1,784,.000000000000000,.000000000000000,-2.477941287312257,2.477941287312257
152,2,256,-4.955882574624574,9.911765149249149,-3.902851371182968,-1.053031203441607
152,3,10,-2.849820167741429,5.699640335482857,-1.424910083870714,-1.424910083870715
153,1,784,.000000000000000,.000000000000000,-2.477941287312258,2.477941287312258
153,2,256,-4.955882574624487,9.911765149248973,-3.902892230239756,-1.052990344384730
153,3,10,-2.849901885854997,5.699803771709994,-1.424950942927498,-1.424950942927498
154,1,784,.000000000000000,.000000000000000,-2.477941287312256,2.477941287312256
154,2,256,-4.955882574624549,9.911765149249097,-3.902866375188022,-1.053016199436527
154,3,10,-2.849850175751532,5.699700351503063,-1.424925087875765,-1.424925087875767
155,1,784,.000000000000000,.000000000000000,-2.477941287312260,2.477941287312260
155,2,256,-4.955882574624543,9.911765149249087,-3.902803287995699,-1.053079286628845
155,3,10,-2.849724001366880,5.699448002733760,-1.424862000683441,-1.424862000683439
156,1,784,.000000000000000,.000000000000000,-2.477941287312255,2.477941287312255
156,2,256,-4.955882574624497,9.911765149248994,-3.902896451677080,-1.052986122947416
156,3,10,-2.849910328729649,5.699820657459298,-1.424955164364826,-1.424955164364823
157,1,784,.000000000000000,.000000000000000,-2.477941287312261,2.477941287312261
157,2,256,-4.955882574624581,9.911765149249161,-3.902763996923303,-1.053118577701277
157,3,10,-2.849645419222085,5.699290838444170,-1.424822709611044,-1.424822709611040
158,1,784,.000000000000000,.000000000000000,-2.477941287312257,2.477941287312257
158,2,256,-4.955882574624521,9.911765149249042,-3.902923624262902,-1.052958950361621
158,3,10,-2.849964673901293,5.699929347802586,-1.424982336950648,-1.424982336950645
159,1,784,.000000000000000,.000000000000000,-2.477941287312261,2.477941287312261
159,2,256,-4.955882574624504,9.911765149249009,-3.902904915200495,-1.052977659424009
159,3,10,-2.849927255776491,5.699854511552982,-1.424963627888241,-1.424963627888249
160,1,784,.000000000000000,.000000000000000,-2.477941287312254,2.477941287312254
160,2,256,-4.955882574624542,9.911765149249083,-3.902834524670761,-1.053048049953782
160,3,10,-2.849786474717007,5.699572949434014,-1.424893237358504,-1.424893237358503
161,1,784,.000000000000000,.000000000000000,-2.477941287312254,2.477941287312254
161,2,256,-4.955882574624484,9.911765149248968,-3.902838902895917,-1.053043671728570
161,3,10,-2.849795231167325,5.699590462334650,-1.424897615583661,-1.424897615583664
162,1,784,.000000000000000,.000000000000000,-2.477941287312261,2.477941287312261
162,2,256,-4.955882574624516,9.911765149249032,-3.902823272285352,-1.053059302339161
162,3,10,-2.849763969946190,5.699527939892380,-1.424881984973098,-1.424881984973092
163,1,784,.000000000000000,.000000000000000,-2.477941287312258,2.477941287312258
163,2,256,-4.955882574624552,9.911765149249105,-3.902908124717738,-1.052974449906814
163,3,10,-2.849933674810970,5.699867349621940,-1.424966837405482,-1.424966837405488
164,1,784,.000000000000000,.000000000000000,-2.477941287312256,2.477941287312256
164,2,256,-4.955882574624514,9.911765149249028,-3.902818753011436,-1.053063821613081
164,3,10,-2.849754931398354,5.699509862796708,-1.424877465699179,-1.424877465699174
165,1,784,.000000000000000,.000000000000000,-2.477941287312257,2.477941287312257
165,2,256,-4.955882574624510,9.911765149249019,-3.902842765341579,-1.053039809282932
165,3,10,-2.849802956058646,5.699605912117291,-1.424901478029321,-1.424901478029324
166,1,784,.000000000000000,.000000000000000,-2.477941287312255,2.477941287312255
166,2,256,-4.955882574624515,9.911765149249030,-3.902876259676557,-1.053006314947959
166,3,10,-2.849869944728596,5.699739889457192,-1.424934972364298,-1.424934972364298
167,1,784,.000000000000000,.000000000000000,-2.477941287312257,2.477941287312257
167,2,256,-4.955882574624482,9.911765149248964,-3.902828148392677,-1.053054426231803
167,3,10,-2.849773722160849,5.699547444321698,-1.424886861080423,-1.424886861080426
168,1,784,.000000000000000,.000000000000000,-2.477941287312259,2.477941287312259
168,2,256,-4.955882574624554,9.911765149249108,-3.902824545451759,-1.053058029172793
168,3,10,-2.849766516279005,5.699533032558010,-1.424883258139504,-1.424883258139501
169,1,784,.000000000000000,.000000000000000,-2.477941287312255,2.477941287312255
169,2,256,-4.955882574624503,9.911765149249005,-3.902816846162981,-1.053065728461521
169,3,10,-2.849751117701452,5.699502235402903,-1.424875558850726,-1.424875558850725
170,1,784,.000000000000000,.000000000000000,-2.477941287312257,2.477941287312257
170,2,256,-4.955882574624508,9.911765149249016,-3.902878615336480,-1.053003959288027
170,3,10,-2.849874656048451,5.699749312096903,-1.424937328024224,-1.424937328024228
171,1,784,.000000000000000,.000000000000000,-2.477941287312256,2.477941287312256
171,2,256,-4.955882574624519,9.911765149249039,-3.902916553109289,-1.052966021515230
171,3,10,-2.849950531594064,5.699901063188128,-1.424975265797033,-1.424975265797031
172,1,784,.000000000000000,.000000000000000,-2.477941287312255,2.477941287312255
172,2,256,-4.955882574624499,9.911765149248998,-3.902915501129002,-1.052967073495498
172,3,10,-2.849948427633491,5.699896855266982,-1.424974213816746,-1.424974213816746
173,1,784,.000000000000000,.000000000000000,-2.477941287312257,2.477941287312257
173,2,256,-4.955882574624549,9.911765149249097,-3.902822541492737,-1.053060033131815
173,3,10,-2.849762508360967,5.699525016721934,-1.424881254180481,-1.424881254180486
174,1,784,.000000000000000,.000000000000000,-2.477941287312263,2.477941287312263
174,2,256,-4.955882574624547,9.911765149249094,-3.902814048641002,-1.053068525983550
174,3,10,-2.849745522657487,5.699491045314973,-1.424872761328745,-1.424872761328742
175,1,784,.000000000000000,.000000000000000,-2.477941287312257,2.477941287312257
175,2,256,-4.955882574624517,9.911765149249034,-3.902804533112817,-1.053078041511705
175,3,10,-2.849726491601105,5.699452983202209,-1.424863245800559,-1.424863245800547
176,1,784,.000000000000000,.000000000000000,-2.477941287312257,2.477941287312257
176,2,256,-4.955882574624556,9.911765149249112,-3.902863935204406,-1.053018639420151
176,3,10,-2.849845295784299,5.699690591568598,-1.424922647892148,-1.424922647892150
177,1,784,.000000000000000,.000000000000000,-2.477941287312257,2.477941287312257
177,2,256,-4.955882574624514,9.911765149249028,-3.902955588671699,-1.052926985952820
177,3,10,-2.850028602718890,5.700057205437781,-1.425014301359442,-1.425014301359449
178,1,784,.000000000000000,.000000000000000,-2.477941287312259,2.477941287312259
178,2,256,-4.955882574624504,9.911765149249009,-3.902885723173658,-1.052996851450846
178,3,10,-2.849888871722807,5.699777743445614,-1.424944435861404,-1.424944435861403
179,1,784,.000000000000000,.000000000000000,-2.477941287312259,2.477941287312259
179,2,256,-4.955882574624499,9.911765149248998,-3.902817833474968,-1.053064741149531
179,3,10,-2.849753092325425,5.699506184650850,-1.424876546162715,-1.424876546162710
180,1,784,.000000000000000,.000000000000000,-2.477941287312256,2.477941287312256
180,2,256,-4.955882574624459,9.911765149248918,-3.902767212557736,-1.053115362066726
180,3,10,-2.849651850490956,5.699303700981912,-1.424825925245478,-1.424825925245478
181,1,784,.000000000000000,.000000000000000,-2.477941287312258,2.477941287312258
181,2,256,-4.955882574624527,9.911765149249055,-3.902913150990973,-1.052969423633556
181,3,10,-2.849943727357431,5.699887454714863,-1.424971863678717,-1.424971863678715
182,1,784,.000000000000000,.000000000000000,-2.477941287312261,2.477941287312261
182,2,256,-4.955882574624508,9.911765149249016,-3.902854099053647,-1.053028475570859
182,3,10,-2.849825623482782,5.699651246965565,-1.424912811741391,-1.424912811741392
183,1,784,.000000000000000,.000000000000000,-2.477941287312256,2.477941287312256
183,2,256,-4.955882574624486,9.911765149248971,-3.902859805602965,-1.053022769021522
183,3,10,-2.849837036581413,5.699674073162825,-1.424918518290707,-1.424918518290705
184,1,784,.000000000000000,.000000000000000,-2.477941287312258,2.477941287312258
184,2,256,-4.955882574624511,9.911765149249021,-3.902924186417108,-1.052958388207403
184,3,10,-2.849965798209705,5.699931596419409,-1.424982899104851,-1.424982899104853
185,1,784,.000000000000000,.000000000000000,-2.477941287312257,2.477941287312257
185,2,256,-4.955882574624526,9.911765149249051,-3.902849277795964,-1.053033296828556
185,3,10,-2.849815980967414,5.699631961934827,-1.424907990483708,-1.424907990483706
186,1,784,.000000000000000,.000000000000000,-2.477941287312257,2.477941287312257
186,2,256,-4.955882574624503,9.911765149249007,-3.902850186775114,-1.053032387849387
186,3,10,-2.849817798925724,5.699635597851448,-1.424908899462857,-1.424908899462867
187,1,784,.000000000000000,.000000000000000,-2.477941287312256,2.477941287312256
187,2,256,-4.955882574624505,9.911765149249010,-3.902804692104135,-1.053077882520368
187,3,10,-2.849726809583764,5.699453619167528,-1.424863404791881,-1.424863404791883
188,1,784,.000000000000000,.000000000000000,-2.477941287312258,2.477941287312258
188,2,256,-4.955882574624481,9.911765149248962,-3.902873138594134,-1.053009436030349
188,3,10,-2.849863702563750,5.699727405127501,-1.424931851281876,-1.424931851281875
189,1,784,.000000000000000,.000000000000000,-2.477941287312255,2.477941287312255
189,2,256,-4.955882574624520,9.911765149249041,-3.902828023610960,-1.053054551013563
189,3,10,-2.849773472597410,5.699546945194821,-1.424886736298704,-1.424886736298706
190,1,784,.000000000000000,.000000000000000,-2.477941287312257,2.477941287312257
190,2,256,-4.955882574624521,9.911765149249042,-3.902870293554586,-1.053012281069933
190,3,10,-2.849858012484654,5.699716024969308,-1.424929006242329,-1.424929006242325
191,1,784,.000000000000000,.000000000000000,-2.477941287312255,2.477941287312255
191,2,256,-4.955882574624516,9.911765149249032,-3.902888502790307,-1.052994071834208
191,3,10,-2.849894430956106,5.699788861912212,-1.424947215478052,-1.424947215478054
192,1,784,.000000000000000,.000000000000000,-2.477941287312260,2.477941287312260
192,2,256,-4.955882574624503,9.911765149249005,-3.902828490812219,-1.053054083812279
192,3,10,-2.849774406999929,5.699548813999859,-1.424887203499964,-1.424887203499965
193,1,784,.000000000000000,.000000000000000,-2.477941287312254,2.477941287312254
193,2,256,-4.955882574624522,9.911765149249044,-3.902920885305313,-1.052961689319211
193,3,10,-2.849959195986113,5.699918391972226,-1.424979597993055,-1.424979597993058
194,1,784,.000000000000000,.000000000000000,-2.477941287312259,2.477941287312259
194,2,256,-4.955882574624563,9.911765149249126,-3.902910765402588,-1.052971809221973
194,3,10,-2.849938956180667,5.699877912361333,-1.424969478090333,-1.424969478090334
195,1,784,.000000000000000,.000000000000000,-2.477941287312258,2.477941287312258
195,2,256,-4.955882574624507,9.911765149249014,-3.902928915620255,-1.052953659004248
195,3,10,-2.849975256615997,5.699950513231993,-1.424987628307999,-1.424987628307998
196,1,784,.000000000000000,.000000000000000,-2.477941287312255,2.477941287312255
196,2,256,-4.955882574624513,9.911765149249026,-3.902966381874651,-1.052916192749861
196,3,10,-2.850050189124787,5.700100378249575,-1.425025094562395,-1.425025094562392
197,1,784,.000000000000000,.000000000000000,-2.477941287312259,2.477941287312259
197,2,256,-4.955882574624524,9.911765149249048,-3.902844320737495,-1.053038253887032
197,3,10,-2.849806066850478,5.699612133700955,-1.424903033425238,-1.424903033425240
198,1,784,.000000000000000,.000000000000000,-2.477941287312252,2.477941287312252
198,2,256,-4.955882574624512,9.911765149249025,-3.902919083070568,-1.052963491553945
198,3,10,-2.849955591516632,5.699911183033263,-1.424977795758313,-1.424977795758319
199,1,784,.000000000000000,.000000000000000,-2.477941287312257,2.477941287312257
199,2,256,-4.955882574624551,9.911765149249103,-3.902834686979408,-1.053047887645140
199,3,10,-2.849786799334305,5.699573598668611,-1.424893399667152,-1.424893399667153
200,1,784,.000000000000000,.000000000000000,-2.477941287312257,2.477941287312257
200,2,256,-4.955882574624516,9.911765149249032,-3.902892493440584,-1.052990081183933
200,3,10,-2.849902412256659,5.699804824513318,-1.424951206128327,-1.424951206128332
201,1,784,.000000000000000,.000000000000000,-2.477941287312256,2.477941287312256
201,2,256,-4.955882574624520,9.911765149249041,-3.902831932313791,-1.053050642310733
201,3,10,-2.849781290003063,5.699562580006126,-1.424890645001532,-1.424890645001531
202,1,784,.000000000000000,.000000000000000,-2.477941287312258,2.477941287312258
202,2,256,-4.955882574624548,9.911765149249096,-3.902860974437638,-1.053021600186913
202,3,10,-2.849839374250759,5.699678748501517,-1.424919687125381,-1.424919687125378
203,1,784,.000000000000000,.000000000000000,-2.477941287312255,2.477941287312255
203,2,256,-4.955882574624524,9.911765149249048,-3.902838058784245,-1.053044515840277
203,3,10,-2.849793542943971,5.699587085887942,-1.424896771471988,-1.424896771471983
204,1,784,.000000000000000,.000000000000000,-2.477941287312256,2.477941287312256
204,2,256,-4.955882574624504,9.911765149249009,-3.902883266622090,-1.052999308002415
204,3,10,-2.849883958619664,5.699767917239328,-1.424941979309835,-1.424941979309829
205,1,784,.000000000000000,.000000000000000,-2.477941287312255,2.477941287312255
205,2,256,-4.955882574624509,9.911765149249018,-3.902922644410471,-1.052959930214035
205,3,10,-2.849962714196437,5.699925428392874,-1.424981357098217,-1.424981357098219
206,1,784,.000000000000000,.000000000000000,-2.477941287312260,2.477941287312260
206,2,256,-4.955882574624551,9.911765149249103,-3.902832243750055,-1.053050330874497
206,3,10,-2.849781912875600,5.699563825751199,-1.424890956437799,-1.424890956437801
207,1,784,.000000000000000,.000000000000000,-2.477941287312257,2.477941287312257
207,2,256,-4.955882574624489,9.911765149248978,-3.902911115929328,-1.052971458695164
207,3,10,-2.849939657234147,5.699879314468293,-1.424969828617072,-1.424969828617075
208,1,784,.000000000000000,.000000000000000,-2.477941287312260,2.477941287312260
208,2,256,-4.955882574624515,9.911765149249030,-3.902881646649271,-1.053000927975246
208,3,10,-2.849880718674028,5.699761437348056,-1.424940359337014,-1.424940359337014
209,1,784,.000000000000000,.000000000000000,-2.477941287312259,2.477941287312259
209,2,256,-4.955882574624486,9.911765149248971,-3.902922907717777,-1.052959666906706
209,3,10,-2.849963240811041,5.699926481622082,-1.424981620405521,-1.424981620405520
210,1,784,.000000000000000,.000000000000000,-2.477941287312255,2.477941287312255
210,2,256,-4.955882574624511,9.911765149249021,-3.902837205752732,-1.053045368871786
210,3,10,-2.849791836880943,5.699583673761886,-1.424895918440473,-1.424895918440470
211,1,784,.000000000000000,.000000000000000,-2.477941287312257,2.477941287312257
211,2,256,-4.955882574624519,9.911765149249037,-3.902939023624416,-1.052943551000102
211,3,10,-2.849995472624320,5.699990945248640,-1.424997736312158,-1.424997736312162
212,1,784,.000000000000000,.000000000000000,-2.477941287312261,2.477941287312261
212,2,256,-4.955882574624542,9.911765149249083,-3.902943259582022,-1.052939315042522
212,3,10,-2.850003944539531,5.700007889079061,-1.425001972269765,-1.425001972269766
213,1,784,.000000000000000,.000000000000000,-2.477941287312257,2.477941287312257
213,2,256,-4.955882574624495,9.911765149248989,-3.902936689386125,-1.052945885238374
213,3,10,-2.849990804147741,5.699981608295482,-1.424995402073868,-1.424995402073873
214,1,784,.000000000000000,.000000000000000,-2.477941287312258,2.477941287312258
214,2,256,-4.955882574624504,9.911765149249009,-3.902861850977525,-1.053020723646979
214,3,10,-2.849841127330533,5.699682254661066,-1.424920563665269,-1.424920563665265
215,1,784,.000000000000000,.000000000000000,-2.477941287312255,2.477941287312255
215,2,256,-4.955882574624498,9.911765149248996,-3.902861457812965,-1.053021116811531
215,3,10,-2.849840341001427,5.699680682002853,-1.424920170500713,-1.424920170500714
216,1,784,.000000000000000,.000000000000000,-2.477941287312256,2.477941287312256
216,2,256,-4.955882574624560,9.911765149249121,-3.902911610526481,-1.052970964098082
216,3,10,-2.849940646428448,5.699881292856896,-1.424970323214224,-1.424970323214224
217,1,784,.000000000000000,.000000000000000,-2.477941287312260,2.477941287312260
217,2,256,-4.955882574624526,9.911765149249051,-3.902896464942689,-1.052986109681833
217,3,10,-2.849910355260868,5.699820710521736,-1.424955177630433,-1.424955177630435
218,1,784,.000000000000000,.000000000000000,-2.477941287312256,2.477941287312256
218,2,256,-4.955882574624532,9.911765149249064,-3.902954129837716,-1.052928444786818
218,3,10,-2.850025685050919,5.700051370101838,-1.425012842525460,-1.425012842525459
219,1,784,.000000000000000,.000000000000000,-2.477941287312256,2.477941287312256
219,2,256,-4.955882574624508,9.911765149249016,-3.902873999794352,-1.053008574830157
219,3,10,-2.849865424964193,5.699730849928386,-1.424932712482096,-1.424932712482097
220,1,784,.000000000000000,.000000000000000,-2.477941287312258,2.477941287312258
220,2,256,-4.955882574624553,9.911765149249106,-3.902865259661082,-1.053017314963468
220,3,10,-2.849847944697656,5.699695889395311,-1.424923972348826,-1.424923972348830
221,1,784,.000000000000000,.000000000000000,-2.477941287312257,2.477941287312257
221,2,256,-4.955882574624514,9.911765149249028,-3.902920171570344,-1.052962403054167
221,3,10,-2.849957768516179,5.699915537032359,-1.424978884258090,-1.424978884258090
222,1,784,.000000000000000,.000000000000000,-2.477941287312256,2.477941287312256
222,2,256,-4.955882574624470,9.911765149248939,-3.902834950547333,-1.053047624077135
222,3,10,-2.849787326470158,5.699574652940316,-1.424893663235079,-1.424893663235079
223,1,784,.000000000000000,.000000000000000,-2.477941287312251,2.477941287312251
223,2,256,-4.955882574624492,9.911765149248984,-3.902853668733536,-1.053028905890952
223,3,10,-2.849824762842550,5.699649525685100,-1.424912381421278,-1.424912381421271
224,1,784,.000000000000000,.000000000000000,-2.477941287312256,2.477941287312256
224,2,256,-4.955882574624512,9.911765149249025,-3.902859333720631,-1.053023240903880
224,3,10,-2.849836092816749,5.699672185633498,-1.424918046408377,-1.424918046408372
225,1,784,.000000000000000,.000000000000000,-2.477941287312261,2.477941287312261
225,2,256,-4.955882574624535,9.911765149249071,-3.902861443677033,-1.053021130947504
225,3,10,-2.849840312729549,5.699680625459099,-1.424920156364777,-1.424920156364772
226,1,784,.000000000000000,.000000000000000,-2.477941287312258,2.477941287312258
226,2,256,-4.955882574624566,9.911765149249131,-3.902884981556958,-1.052997593067607
226,3,10,-2.849887388489402,5.699774776978805,-1.424943694244702,-1.424943694244700
227,1,784,.000000000000000,.000000000000000,-2.477941287312258,2.477941287312258
227,2,256,-4.955882574624500,9.911765149249000,-3.902880063275175,-1.053002511349323
227,3,10,-2.849877551925842,5.699755103851684,-1.424938775962920,-1.424938775962921
228,1,784,.000000000000000,.000000000000000,-2.477941287312259,2.477941287312259
228,2,256,-4.955882574624520,9.911765149249041,-3.902861774255630,-1.053020800368888
228,3,10,-2.849840973886755,5.699681947773509,-1.424920486943375,-1.424920486943380
229,1,784,.000000000000000,.000000000000000,-2.477941287312258,2.477941287312258
229,2,256,-4.955882574624531,9.911765149249062,-3.902854552070969,-1.053028022553563
229,3,10,-2.849826529517420,5.699653059034841,-1.424913264758712,-1.424913264758708
230,1,784,.000000000000000,.000000000000000,-2.477941287312257,2.477941287312257
230,2,256,-4.955882574624484,9.911765149248968,-3.902805021434215,-1.053077553190269
230,3,10,-2.849727468243924,5.699454936487848,-1.424863734121961,-1.424863734121963
231,1,784,.000000000000000,.000000000000000,-2.477941287312257,2.477941287312257
231,2,256,-4.955882574624515,9.911765149249030,-3.902897679856095,-1.052984894768419
231,3,10,-2.849912785087679,5.699825570175357,-1.424956392543840,-1.424956392543838
232,1,784,.000000000000000,.000000000000000,-2.477941287312258,2.477941287312258
232,2,256,-4.955882574624529,9.911765149249058,-3.902855963967645,-1.053026610656884
232,3,10,-2.849829353310777,5.699658706621554,-1.424914676655389,-1.424914676655389
233,1,784,.000000000000000,.000000000000000,-2.477941287312259,2.477941287312259
233,2,256,-4.955882574624496,9.911765149248993,-3.902842653161126,-1.053039921463372
233,3,10,-2.849802731697737,5.699605463395473,-1.424901365848867,-1.424901365848869
234,1,784,.000000000000000,.000000000000000,-2.477941287312259,2.477941287312259
234,2,256,-4.955882574624440,9.911765149248881,-3.902862411256299,-1.053020163368138
234,3,10,-2.849842247888086,5.699684495776172,-1.424921123944044,-1.424921123944042
235,1,784,.000000000000000,.000000000000000,-2.477941287312255,2.477941287312255
235,2,256,-4.955882574624515,9.911765149249030,-3.902859239627459,-1.053023334997057
235,3,10,-2.849835904630408,5.699671809260815,-1.424917952315204,-1.424917952315202
236,1,784,.000000000000000,.000000000000000,-2.477941287312258,2.477941287312258
236,2,256,-4.955882574624514,9.911765149249028,-3.902856581830395,-1.053025992794119
236,3,10,-2.849830589036280,5.699661178072560,-1.424915294518139,-1.424915294518141
237,1,784,.000000000000000,.000000000000000,-2.477941287312257,2.477941287312257
237,2,256,-4.955882574624511,9.911765149249023,-3.902912865118020,-1.052969709506492
237,3,10,-2.849943155611520,5.699886311223040,-1.424971577805764,-1.424971577805757
238,1,784,.000000000000000,.000000000000000,-2.477941287312257,2.477941287312257
238,2,256,-4.955882574624527,9.911765149249053,-3.902808067933734,-1.053074506690794
238,3,10,-2.849733561242950,5.699467122485900,-1.424866780621475,-1.424866780621474
239,1,784,.000000000000000,.000000000000000,-2.477941287312259,2.477941287312259
239,2,256,-4.955882574624516,9.911765149249032,-3.902839706013858,-1.053042868610659
239,3,10,-2.849796837403213,5.699593674806426,-1.424898418701606,-1.424898418701607
240,1,784,.000000000000000,.000000000000000,-2.477941287312255,2.477941287312255
240,2,256,-4.955882574624510,9.911765149249019,-3.902905915381159,-1.052976659243349
240,3,10,-2.849929256137802,5.699858512275604,-1.424964628068902,-1.424964628068900
241,1,784,.000000000000000,.000000000000000,-2.477941287312257,2.477941287312257
241,2,256,-4.955882574624508,9.911765149249016,-3.902917896663226,-1.052964677961282
241,3,10,-2.849953218701936,5.699906437403873,-1.424976609350968,-1.424976609350969
242,1,784,.000000000000000,.000000000000000,-2.477941287312257,2.477941287312257
242,2,256,-4.955882574624487,9.911765149248975,-3.902831163160817,-1.053051411463669
242,3,10,-2.849779751697123,5.699559503394246,-1.424889875848562,-1.424889875848561
243,1,784,.000000000000000,.000000000000000,-2.477941287312257,2.477941287312257
243,2,256,-4.955882574624516,9.911765149249032,-3.902859422643501,-1.053023151981007
243,3,10,-2.849836270662491,5.699672541324982,-1.424918135331246,-1.424918135331245
244,1,784,.000000000000000,.000000000000000,-2.477941287312256,2.477941287312256
244,2,256,-4.955882574624509,9.911765149249018,-3.902918423802404,-1.052964150822106
244,3,10,-2.849954272980297,5.699908545960595,-1.424977136490149,-1.424977136490148
245,1,784,.000000000000000,.000000000000000,-2.477941287312257,2.477941287312257
245,2,256,-4.955882574624499,9.911765149248998,-3.902880584806426,-1.053001989818072
245,3,10,-2.849878594988336,5.699757189976673,-1.424939297494169,-1.424939297494167
246,1,784,.000000000000000,.000000000000000,-2.477941287312258,2.477941287312258
246,2,256,-4.955882574624513,9.911765149249026,-3.902857658871975,-1.053024915752540
246,3,10,-2.849832743119442,5.699665486238884,-1.424916371559720,-1.424916371559722
247,1,784,.000000000000000,.000000000000000,-2.477941287312258,2.477941287312258
247,2,256,-4.955882574624553,9.911765149249106,-3.902842765136994,-1.053039809487557
247,3,10,-2.849802955649472,5.699605911298945,-1.424901477824738,-1.424901477824734
248,1,784,.000000000000000,.000000000000000,-2.477941287312257,2.477941287312257
248,2,256,-4.955882574624530,9.911765149249060,-3.902858280698307,-1.053024293926222
248,3,10,-2.849833986772098,5.699667973544196,-1.424916993386052,-1.424916993386046
249,1,784,.000000000000000,.000000000000000,-2.477941287312259,2.477941287312259
249,2,256,-4.955882574624558,9.911765149249115,-3.902953378373156,-1.052929196251401
249,3,10,-2.850024182121807,5.700048364243614,-1.425012091060901,-1.425012091060906
250,1,784,.000000000000000,.000000000000000,-2.477941287312259,2.477941287312259
250,2,256,-4.955882574624511,9.911765149249023,-3.902873980481820,-1.053008594142689
250,3,10,-2.849865386339133,5.699730772678267,-1.424932693169565,-1.424932693169568
251,1,784,.000000000000000,.000000000000000,-2.477941287312256,2.477941287312256
251,2,256,-4.955882574624528,9.911765149249057,-3.902951825078299,-1.052930749546227
251,3,10,-2.850021075532086,5.700042151064173,-1.425010537766044,-1.425010537766043
252,1,784,.000000000000000,.000000000000000,-2.477941287312259,2.477941287312259
252,2,256,-4.955882574624536,9.911765149249073,-3.902891552891608,-1.052991021732929
252,3,10,-2.849900531158708,5.699801062317417,-1.424950265579355,-1.424950265579353
253,1,784,.000000000000000,.000000000000000,-2.477941287312259,2.477941287312259
253,2,256,-4.955882574624492,9.911765149248984,-3.902796014445228,-1.053086560179262
253,3,10,-2.849709454265938,5.699418908531877,-1.424854727132971,-1.424854727132967
254,1,784,.000000000000000,.000000000000000,-2.477941287312258,2.477941287312258
254,2,256,-4.955882574624511,9.911765149249021,-3.902915002120666,-1.052967572503841
254,3,10,-2.849947429616829,5.699894859233657,-1.424973714808411,-1.424973714808417
255,1,784,.000000000000000,.000000000000000,-2.477941287312257,2.477941287312257
255,2,256,-4.955882574624532,9.911765149249064,-3.902848018891481,-1.053034555733053
255,3,10,-2.849813463158445,5.699626926316890,-1.424906731579223,-1.424906731579223
256,1,784,.000000000000000,.000000000000000,-2.477941287312261,2.477941287312261
256,2,256,-4.955882574624546,9.911765149249092,-3.902860088035907,-1.053022486588640
256,3,10,-2.849837601447297,5.699675202894594,-1.424918800723650,-1.424918800723646
257,1,784,.000000000000000,.000000000000000,-2.477941287312257,2.477941287312257
257,2,256,-4.955882574624554,9.911765149249108,-3.902834810888086,-1.053047763736467
257,3,10,-2.849787047151665,5.699574094303331,-1.424893523575831,-1.424893523575834
258,1,784,.000000000000000,.000000000000000,-2.477941287312260,2.477941287312260
258,2,256,-4.955882574624506,9.911765149249012,-3.902835629068780,-1.053046945555726
258,3,10,-2.849788683513050,5.699577367026101,-1.424894341756525,-1.424894341756526
259,1,784,.000000000000000,.000000000000000,-2.477941287312258,2.477941287312258
259,2,256,-4.955882574624523,9.911765149249046,-3.902927402247956,-1.052955172376570
259,3,10,-2.849972229871401,5.699944459742802,-1.424986114935701,-1.424986114935701
260,1,784,.000000000000000,.000000000000000,-2.477941287312257,2.477941287312257
260,2,256,-4.955882574624527,9.911765149249055,-3.902830181036526,-1.053052393588001
260,3,10,-2.849777787448545,5.699555574897090,-1.424888893724271,-1.424888893724274
261,1,784,.000000000000000,.000000000000000,-2.477941287312257,2.477941287312257
261,2,256,-4.955882574624509,9.911765149249018,-3.902857224873131,-1.053025349751378
261,3,10,-2.849831875121750,5.699663750243499,-1.424915937560876,-1.424915937560875
262,1,784,.000000000000000,.000000000000000,-2.477941287312257,2.477941287312257
262,2,256,-4.955882574624462,9.911765149248923,-3.902934606552853,-1.052947968071611
262,3,10,-2.849986638481195,5.699973276962391,-1.424993319240596,-1.424993319240598
263,1,784,.000000000000000,.000000000000000,-2.477941287312257,2.477941287312257
263,2,256,-4.955882574624509,9.911765149249018,-3.902840883998505,-1.053041690626002
263,3,10,-2.849799193372499,5.699598386744999,-1.424899596686248,-1.424899596686251
264,1,784,.000000000000000,.000000000000000,-2.477941287312256,2.477941287312256
264,2,256,-4.955882574624550,9.911765149249099,-3.902877183855102,-1.053005390769444
264,3,10,-2.849871793085693,5.699743586171387,-1.424935896542846,-1.424935896542847
265,1,784,.000000000000000,.000000000000000,-2.477941287312261,2.477941287312261
265,2,256,-4.955882574624492,9.911765149248984,-3.902939491510926,-1.052943083113569
265,3,10,-2.849996408397339,5.699992816794679,-1.424998204198669,-1.424998204198671
266,1,784,.000000000000000,.000000000000000,-2.477941287312260,2.477941287312260
266,2,256,-4.955882574624535,9.911765149249069,-3.902843400331583,-1.053039174292951
266,3,10,-2.849804226038649,5.699608452077298,-1.424902113019327,-1.424902113019321
267,1,784,.000000000000000,.000000000000000,-2.477941287312257,2.477941287312257
267,2,256,-4.955882574624500,9.911765149249000,-3.902943917938188,-1.052938656686315
267,3,10,-2.850005261251859,5.700010522503718,-1.425002630625930,-1.425002630625928
268,1,784,.000000000000000,.000000000000000,-2.477941287312255,2.477941287312255
268,2,256,-4.955882574624491,9.911765149248982,-3.902909745932048,-1.052972828692440
268,3,10,-2.849936917239595,5.699873834479189,-1.424968458619794,-1.424968458619800
269,1,784,.000000000000000,.000000000000000,-2.477941287312253,2.477941287312253
269,2,256,-4.955882574624543,9.911765149249087,-3.902853052356225,-1.053029522268321
269,3,10,-2.849823530087936,5.699647060175872,-1.424911765043970,-1.424911765043966
270,1,784,.000000000000000,.000000000000000,-2.477941287312258,2.477941287312258
270,2,256,-4.955882574624572,9.911765149249144,-3.902835123374401,-1.053047451250168
270,3,10,-2.849787672124291,5.699575344248582,-1.424893836062145,-1.424893836062146
271,1,784,.000000000000000,.000000000000000,-2.477941287312257,2.477941287312257
271,2,256,-4.955882574624566,9.911765149249131,-3.902871066333125,-1.053011508291443
271,3,10,-2.849859558041738,5.699719116083475,-1.424929779020870,-1.424929779020868
272,1,784,.000000000000000,.000000000000000,-2.477941287312257,2.477941287312257
272,2,256,-4.955882574624512,9.911765149249025,-3.902887474433026,-1.052995100191487
272,3,10,-2.849892374241532,5.699784748483063,-1.424946187120769,-1.424946187120763
273,1,784,.000000000000000,.000000000000000,-2.477941287312257,2.477941287312257
273,2,256,-4.955882574624554,9.911765149249108,-3.902914708081596,-1.052967866542954
273,3,10,-2.849946841538681,5.699893683077361,-1.424973420769340,-1.424973420769341
274,1,784,.000000000000000,.000000000000000,-2.477941287312261,2.477941287312261
274,2,256,-4.955882574624469,9.911765149248938,-3.902884784000015,-1.052997790624450
274,3,10,-2.849886993375518,5.699773986751037,-1.424943496687760,-1.424943496687759
275,1,784,.000000000000000,.000000000000000,-2.477941287312257,2.477941287312257
275,2,256,-4.955882574624574,9.911765149249147,-3.902845303753529,-1.053037270871046
275,3,10,-2.849808032882547,5.699616065765094,-1.424904016441274,-1.424904016441273
276,1,784,.000000000000000,.000000000000000,-2.477941287312255,2.477941287312255
276,2,256,-4.955882574624507,9.911765149249014,-3.902837841233924,-1.053044733390582
276,3,10,-2.849793107843341,5.699586215686683,-1.424896553921668,-1.424896553921672
277,1,784,.000000000000000,.000000000000000,-2.477941287312258,2.477941287312258
277,2,256,-4.955882574624485,9.911765149248970,-3.902858149357464,-1.053024425267022
277,3,10,-2.849833724090414,5.699667448180827,-1.424916862045206,-1.424916862045207
278,1,784,.000000000000000,.000000000000000,-2.477941287312261,2.477941287312261
278,2,256,-4.955882574624484,9.911765149248968,-3.902834170730988,-1.053048403893490
278,3,10,-2.849785766837468,5.699571533674937,-1.424892883418735,-1.424892883418733
279,1,784,.000000000000000,.000000000000000,-2.477941287312261,2.477941287312261
279,2,256,-4.955882574624517,9.911765149249034,-3.902915918139843,-1.052966656484673
279,3,10,-2.849949261655178,5.699898523310357,-1.424974630827590,-1.424974630827589
280,1,784,.000000000000000,.000000000000000,-2.477941287312258,2.477941287312258
280,2,256,-4.955882574624531,9.911765149249062,-3.902876003581801,-1.053006571042739
280,3,10,-2.849869432539081,5.699738865078161,-1.424934716269541,-1.424934716269540
281,1,784,.000000000000000,.000000000000000,-2.477941287312254,2.477941287312254
281,2,256,-4.955882574624495,9.911765149248989,-3.902878402067930,-1.053004172556567
281,3,10,-2.849874229511346,5.699748459022691,-1.424937114755675,-1.424937114755672
282,1,784,.000000000000000,.000000000000000,-2.477941287312259,2.477941287312259
282,2,256,-4.955882574624514,9.911765149249028,-3.902849852103870,-1.053032722520641
282,3,10,-2.849817129583233,5.699634259166466,-1.424908564791614,-1.424908564791618
283,1,784,.000000000000000,.000000000000000,-2.477941287312257,2.477941287312257
283,2,256,-4.955882574624528,9.911765149249057,-3.902954919674690,-1.052927654949840
283,3,10,-2.850027264724870,5.700054529449741,-1.425013632362433,-1.425013632362437
284,1,784,.000000000000000,.000000000000000,-2.477941287312258,2.477941287312258
284,2,256,-4.955882574624520,9.911765149249041,-3.902913858199858,-1.052968716424668
284,3,10,-2.849945141775201,5.699890283550403,-1.424972570887600,-1.424972570887601
285,1,784,.000000000000000,.000000000000000,-2.477941287312259,2.477941287312259
285,2,256,-4.955882574624503,9.911765149249005,-3.902860594419822,-1.053021980204682
285,3,10,-2.849838614215127,5.699677228430254,-1.424919307107564,-1.424919307107563
286,1,784,.000000000000000,.000000000000000,-2.477941287312258,2.477941287312258
286,2,256,-4.955882574624538,9.911765149249076,-3.902848499438426,-1.053034075186113
286,3,10,-2.849814424252340,5.699628848504680,-1.424907212126171,-1.424907212126169
287,1,784,.000000000000000,.000000000000000,-2.477941287312257,2.477941287312257
287,2,256,-4.955882574624514,9.911765149249028,-3.902826657679777,-1.053055916944736
287,3,10,-2.849770740735038,5.699541481470076,-1.424885370367519,-1.424885370367518
288,1,784,.000000000000000,.000000000000000,-2.477941287312254,2.477941287312254
288,2,256,-4.955882574624455,9.911765149248911,-3.902937904618071,-1.052944670006383
288,3,10,-2.849993234611635,5.699986469223271,-1.424996617305817,-1.424996617305818
289,1,784,.000000000000000,.000000000000000,-2.477941287312259,2.477941287312259
289,2,256,-4.955882574624496,9.911765149248993,-3.902793907994032,-1.053088666630458
289,3,10,-2.849705241363554,5.699410482727107,-1.424852620681778,-1.424852620681776
290,1,784,.000000000000000,.000000000000000,-2.477941287312256,2.477941287312256
290,2,256,-4.955882574624495,9.911765149248991,-3.902936659751517,-1.052945914872980
290,3,10,-2.849990744878522,5.699981489757045,-1.424995372439263,-1.424995372439259
291,1,784,.000000000000000,.000000000000000,-2.477941287312256,2.477941287312256
291,2,256,-4.955882574624480,9.911765149248961,-3.902830921795593,-1.053051652828889
291,3,10,-2.849779268966671,5.699558537933341,-1.424889634483336,-1.424889634483335
292,1,784,.000000000000000,.000000000000000,-2.477941287312258,2.477941287312258
292,2,256,-4.955882574624487,9.911765149248975,-3.902935081441122,-1.052947493183364
292,3,10,-2.849987588257730,5.699975176515460,-1.424993794128867,-1.424993794128863
293,1,784,.000000000000000,.000000000000000,-2.477941287312257,2.477941287312257
293,2,256,-4.955882574624511,9.911765149249021,-3.902852068743764,-1.053030505880749
293,3,10,-2.849821562863018,5.699643125726036,-1.424910781431509,-1.424910781431510
294,1,784,.000000000000000,.000000000000000,-2.477941287312257,2.477941287312257
294,2,256,-4.955882574624503,9.911765149249005,-3.902852032143270,-1.053030542481229
294,3,10,-2.849821489662030,5.699642979324061,-1.424910744831016,-1.424910744831014
295,1,784,.000000000000000,.000000000000000,-2.477941287312253,2.477941287312253
295,2,256,-4.955882574624489,9.911765149248978,-3.902893732542203,-1.052988842082285
295,3,10,-2.849904890459893,5.699809780919786,-1.424952445229946,-1.424952445229946
296,1,784,.000000000000000,.000000000000000,-2.477941287312255,2.477941287312255
296,2,256,-4.955882574624501,9.911765149249002,-3.902837957839435,-1.053044616785063
296,3,10,-2.849793341054353,5.699586682108706,-1.424896670527181,-1.424896670527172
297,1,784,.000000000000000,.000000000000000,-2.477941287312256,2.477941287312256
297,2,256,-4.955882574624494,9.911765149248987,-3.902866932716560,-1.053015641907933
297,3,10,-2.849851290808606,5.699702581617212,-1.424925645404302,-1.424925645404304
298,1,784,.000000000000000,.000000000000000,-2.477941287312258,2.477941287312258
298,2,256,-4.955882574624498,9.911765149248996,-3.902793154290809,-1.053089420333695
298,3,10,-2.849703733957104,5.699407467914208,-1.424851866978550,-1.424851866978554
299,1,784,.000000000000000,.000000000000000,-2.477941287312255,2.477941287312255
299,2,256,-4.955882574624503,9.911765149249005,-3.902940144494877,-1.052942430129626
299,3,10,-2.849997714365236,5.699995428730473,-1.424998857182620,-1.424998857182617
300,1,784,.000000000000000,.000000000000000,-2.477941287312258,2.477941287312258
300,2,256,-4.955882574624491,9.911765149248982,-3.902899604059410,-1.052982970565082
300,3,10,-2.849916633494298,5.699833266988596,-1.424958316747152,-1.424958316747146
301,1,784,.000000000000000,.000000000000000,-2.477941287312255,2.477941287312255
301,2,256,-4.955882574624455,9.911765149248909,-3.902931926980201,-1.052950647644253
301,3,10,-2.849981279335896,5.699962558671793,-1.424990639667947,-1.424990639667949
302,1,784,.000000000000000,.000000000000000,-2.477941287312255,2.477941287312255
302,2,256,-4.955882574624516,9.911765149249032,-3.902838905385740,-1.053043669238776
302,3,10,-2.849795236146967,5.699590472293933,-1.424897618073483,-1.424897618073484
303,1,784,.000000000000000,.000000000000000,-2.477941287312259,2.477941287312259
303,2,256,-4.955882574624510,9.911765149249019,-3.902960741747624,-1.052921832876880
303,3,10,-2.850038908870738,5.700077817741477,-1.425019454435369,-1.425019454435370
304,1,784,.000000000000000,.000000000000000,-2.477941287312259,2.477941287312259
304,2,256,-4.955882574624491,9.911765149248982,-3.902890008335931,-1.052992566288562
304,3,10,-2.849897442047356,5.699794884094713,-1.424948721023674,-1.424948721023681
305,1,784,.000000000000000,.000000000000000,-2.477941287312258,2.477941287312258
305,2,256,-4.955882574624551,9.911765149249101,-3.902869527595990,-1.053013047028563
305,3,10,-2.849856480567470,5.699712961134940,-1.424928240283733,-1.424928240283737
306,1,784,.000000000000000,.000000000000000,-2.477941287312255,2.477941287312255
306,2,256,-4.955882574624501,9.911765149249002,-3.902876196427861,-1.053006378196639
306,3,10,-2.849869818231205,5.699739636462409,-1.424934909115604,-1.424934909115601
307,1,784,.000000000000000,.000000000000000,-2.477941287312257,2.477941287312257
307,2,256,-4.955882574624526,9.911765149249051,-3.902919749424763,-1.052962825199763
307,3,10,-2.849956924225013,5.699913848450025,-1.424978462112506,-1.424978462112506
308,1,784,.000000000000000,.000000000000000,-2.477941287312256,2.477941287312256
308,2,256,-4.955882574624505,9.911765149249010,-3.902844517840826,-1.053038056783678
308,3,10,-2.849806461057149,5.699612922114299,-1.424903230528570,-1.424903230528579
309,1,784,.000000000000000,.000000000000000,-2.477941287312254,2.477941287312254
309,2,256,-4.955882574624510,9.911765149249019,-3.902853651939331,-1.053028922685174
309,3,10,-2.849824729254155,5.699649458508310,-1.424912364627077,-1.424912364627079
310,1,784,.000000000000000,.000000000000000,-2.477941287312257,2.477941287312257
310,2,256,-4.955882574624565,9.911765149249129,-3.902857767202989,-1.053024807421575
310,3,10,-2.849832959781469,5.699665919562938,-1.424916479890731,-1.424916479890737
311,1,784,.000000000000000,.000000000000000,-2.477941287312255,2.477941287312255
311,2,256,-4.955882574624455,9.911765149248911,-3.902841180581947,-1.053041394042504
311,3,10,-2.849799786539383,5.699599573078766,-1.424899893269692,-1.424899893269691
312,1,784,.000000000000000,.000000000000000,-2.477941287312259,2.477941287312259
312,2,256,-4.955882574624528,9.911765149249057,-3.902805339129922,-1.053077235494607
312,3,10,-2.849728103635337,5.699456207270674,-1.424864051817668,-1.424864051817669
313,1,784,.000000000000000,.000000000000000,-2.477941287312259,2.477941287312259
313,2,256,-4.955882574624515,9.911765149249030,-3.902844553087826,-1.053038021536688
313,3,10,-2.849806531551141,5.699613063102282,-1.424903265775570,-1.424903265775570
314,1,784,.000000000000000,.000000000000000,-2.477941287312255,2.477941287312255
314,2,256,-4.955882574624498,9.911765149248996,-3.902863778148264,-1.053018796476232
314,3,10,-2.849844981672013,5.699689963344025,-1.424922490836008,-1.424922490836004
315,1,784,.000000000000000,.000000000000000,-2.477941287312260,2.477941287312260
315,2,256,-4.955882574624512,9.911765149249025,-3.902868452295243,-1.053014122329271
315,3,10,-2.849854329965972,5.699708659931945,-1.424927164982984,-1.424927164982988
316,1,784,.000000000000000,.000000000000000,-2.477941287312256,2.477941287312256
316,2,256,-4.955882574624518,9.911765149249035,-3.902876178638849,-1.053006395985669
316,3,10,-2.849869782653189,5.699739565306378,-1.424934891326592,-1.424934891326596
317,1,784,.000000000000000,.000000000000000,-2.477941287312258,2.477941287312258
317,2,256,-4.955882574624474,9.911765149248948,-3.902871990104781,-1.053010584519697
317,3,10,-2.849861405585045,5.699722811170091,-1.424930702792521,-1.424930702792524
318,1,784,.000000000000000,.000000000000000,-2.477941287312256,2.477941287312256
318,2,256,-4.955882574624484,9.911765149248968,-3.902867831190723,-1.053014743433759
318,3,10,-2.849853087756939,5.699706175513879,-1.424926543878469,-1.424926543878470
319,1,784,.000000000000000,.000000000000000,-2.477941287312254,2.477941287312254
319,2,256,-4.955882574624484,9.911765149248968,-3.902839553692376,-1.053043020932106
319,3,10,-2.849796532760243,5.699593065520485,-1.424898266380120,-1.424898266380122
320,1,784,.000000000000000,.000000000000000,-2.477941287312260,2.477941287312260
320,2,256,-4.955882574624547,9.911765149249094,-3.902860273772359,-1.053022300852184
320,3,10,-2.849837972920207,5.699675945840415,-1.424918986460105,-1.424918986460103
321,1,784,.000000000000000,.000000000000000,-2.477941287312258,2.477941287312258
321,2,256,-4.955882574624555,9.911765149249110,-3.902880766882052,-1.053001807742502
321,3,10,-2.849878959139591,5.699757918279182,-1.424939479569796,-1.424939479569795
322,1,784,.000000000000000,.000000000000000,-2.477941287312257,2.477941287312257
322,2,256,-4.955882574624543,9.911765149249087,-3.902838600052890,-1.053043974571658
322,3,10,-2.849794625481259,5.699589250962519,-1.424897312740630,-1.424897312740629
323,1,784,.000000000000000,.000000000000000,-2.477941287312258,2.477941287312258
323,2,256,-4.955882574624448,9.911765149248897,-3.902825160378002,-1.053057414246447
323,3,10,-2.849767746131489,5.699535492262977,-1.424883873065744,-1.424883873065744
324,1,784,.000000000000000,.000000000000000,-2.477941287312258,2.477941287312258
324,2,256,-4.955882574624509,9.911765149249018,-3.902871021612472,-1.053011553012037
324,3,10,-2.849859468600433,5.699718937200865,-1.424929734300215,-1.424929734300217
325,1,784,.000000000000000,.000000000000000,-2.477941287312261,2.477941287312261
325,2,256,-4.955882574624495,9.911765149248991,-3.902837000828240,-1.053045573796257
325,3,10,-2.849791427031968,5.699582854063936,-1.424895713515981,-1.424895713515987
326,1,784,.000000000000000,.000000000000000,-2.477941287312257,2.477941287312257
326,2,256,-4.955882574624517,9.911765149249034,-3.902900400399572,-1.052982174224946
326,3,10,-2.849918226174630,5.699836452349260,-1.424959113087317,-1.424959113087313
327,1,784,.000000000000000,.000000000000000,-2.477941287312256,2.477941287312256
327,2,256,-4.955882574624470,9.911765149248939,-3.902880946640877,-1.053001627983594
327,3,10,-2.849879318657245,5.699758637314490,-1.424939659328623,-1.424939659328622
328,1,784,.000000000000000,.000000000000000,-2.477941287312253,2.477941287312253
328,2,256,-4.955882574624522,9.911765149249044,-3.902906540952828,-1.052976033671694
328,3,10,-2.849930507281142,5.699861014562283,-1.424965253640571,-1.424965253640571
329,1,784,.000000000000000,.000000000000000,-2.477941287312260,2.477941287312260
329,2,256,-4.955882574624488,9.911765149248977,-3.902843974179387,-1.053038600445103
329,3,10,-2.849805373734265,5.699610747468530,-1.424902686867133,-1.424902686867132
330,1,784,.000000000000000,.000000000000000,-2.477941287312255,2.477941287312255
330,2,256,-4.955882574624482,9.911765149248964,-3.902833128949618,-1.053049445674864
330,3,10,-2.849783683274727,5.699567366549453,-1.424891841637363,-1.424891841637363
331,1,784,.000000000000000,.000000000000000,-2.477941287312259,2.477941287312259
331,2,256,-4.955882574624438,9.911765149248875,-3.902840591854343,-1.053041982770091
331,3,10,-2.849798609084179,5.699597218168359,-1.424899304542089,-1.424899304542090
332,1,784,.000000000000000,.000000000000000,-2.477941287312258,2.477941287312258
332,2,256,-4.955882574624472,9.911765149248945,-3.902900705357412,-1.052981869267063
332,3,10,-2.849918836090320,5.699837672180640,-1.424959418045157,-1.424959418045163
333,1,784,.000000000000000,.000000000000000,-2.477941287312255,2.477941287312255
333,2,256,-4.955882574624537,9.911765149249074,-3.902834090229599,-1.053048484394935
333,3,10,-2.849785605834688,5.699571211669377,-1.424892802917346,-1.424892802917343
334,1,784,.000000000000000,.000000000000000,-2.477941287312257,2.477941287312257
334,2,256,-4.955882574624495,9.911765149248989,-3.902868958944958,-1.053013615679535
334,3,10,-2.849855343265398,5.699710686530796,-1.424927671632700,-1.424927671632698
335,1,784,.000000000000000,.000000000000000,-2.477941287312259,2.477941287312259
335,2,256,-4.955882574624503,9.911765149249005,-3.902801984772222,-1.053080589852279
335,3,10,-2.849721394919935,5.699442789839869,-1.424860697459967,-1.424860697459967
336,1,784,.000000000000000,.000000000000000,-2.477941287312259,2.477941287312259
336,2,256,-4.955882574624513,9.911765149249026,-3.902963108337205,-1.052919466287306
336,3,10,-2.850043642049894,5.700087284099787,-1.425021821024948,-1.425021821024946
337,1,784,.000000000000000,.000000000000000,-2.477941287312260,2.477941287312260
337,2,256,-4.955882574624471,9.911765149248943,-3.902813810814499,-1.053068763809973
337,3,10,-2.849745047004483,5.699490094008967,-1.424872523502243,-1.424872523502240
338,1,784,.000000000000000,.000000000000000,-2.477941287312257,2.477941287312257
338,2,256,-4.955882574624519,9.911765149249037,-3.902881649078498,-1.053000925546026
338,3,10,-2.849880723532478,5.699761447064956,-1.424940361766241,-1.424940361766237
339,1,784,.000000000000000,.000000000000000,-2.477941287312258,2.477941287312258
339,2,256,-4.955882574624493,9.911765149248986,-3.902862077201960,-1.053020497422531
339,3,10,-2.849841579779416,5.699683159558832,-1.424920789889704,-1.424920789889711
340,1,784,.000000000000000,.000000000000000,-2.477941287312256,2.477941287312256
340,2,256,-4.955882574624474,9.911765149248948,-3.902850425164448,-1.053032149460029
340,3,10,-2.849818275704386,5.699636551408771,-1.424909137852191,-1.424909137852194
341,1,784,.000000000000000,.000000000000000,-2.477941287312259,2.477941287312259
341,2,256,-4.955882574624527,9.911765149249053,-3.902861739651198,-1.053020834973331
341,3,10,-2.849840904677881,5.699681809355763,-1.424920452338940,-1.424920452338942
342,1,784,.000000000000000,.000000000000000,-2.477941287312254,2.477941287312254
342,2,256,-4.955882574624503,9.911765149249007,-3.902797146414922,-1.053085428209580
342,3,10,-2.849711718205331,5.699423436410663,-1.424855859102666,-1.424855859102665
343,1,784,.000000000000000,.000000000000000,-2.477941287312258,2.477941287312258
343,2,256,-4.955882574624476,9.911765149248952,-3.902887662987398,-1.052994911637078
343,3,10,-2.849892751350282,5.699785502700563,-1.424946375675141,-1.424946375675140
344,1,784,.000000000000000,.000000000000000,-2.477941287312258,2.477941287312258
344,2,256,-4.955882574624575,9.911765149249151,-3.902885682783328,-1.052996891841248
344,3,10,-2.849888790942142,5.699777581884284,-1.424944395471069,-1.424944395471073
345,1,784,.000000000000000,.000000000000000,-2.477941287312258,2.477941287312258
345,2,256,-4.955882574624511,9.911765149249023,-3.902819779736269,-1.053062794888244
345,3,10,-2.849756984848025,5.699513969696049,-1.424878492424014,-1.424878492424011
346,1,784,.000000000000000,.000000000000000,-2.477941287312259,2.477941287312259
346,2,256,-4.955882574624495,9.911765149248991,-3.902848784972946,-1.053033789651548
346,3,10,-2.849814995321380,5.699629990642760,-1.424907497660691,-1.424907497660689
347,1,784,.000000000000000,.000000000000000,-2.477941287312255,2.477941287312255
347,2,256,-4.955882574624514,9.911765149249028,-3.902919203397517,-1.052963371226999
347,3,10,-2.849955832170523,5.699911664341045,-1.424977916085260,-1.424977916085262
348,1,784,.000000000000000,.000000000000000,-2.477941287312254,2.477941287312254
348,2,256,-4.955882574624536,9.911765149249073,-3.902822246020566,-1.053060328603973
348,3,10,-2.849761917416619,5.699523834833238,-1.424880958708308,-1.424880958708312
349,1,784,.000000000000000,.000000000000000,-2.477941287312255,2.477941287312255
349,2,256,-4.955882574624562,9.911765149249124,-3.902858052648281,-1.053024521976284
349,3,10,-2.849833530672049,5.699667061344099,-1.424916765336023,-1.424916765336027
350,1,784,.000000000000000,.000000000000000,-2.477941287312255,2.477941287312255
350,2,256,-4.955882574624523,9.911765149249046,-3.902850045526630,-1.053032529097889
350,3,10,-2.849817516428751,5.699635032857502,-1.424908758214376,-1.424908758214376
351,1,784,.000000000000000,.000000000000000,-2.477941287312254,2.477941287312254
351,2,256,-4.955882574624500,9.911765149249000,-3.902933314978401,-1.052949259646096
351,3,10,-2.849984055332290,5.699968110664581,-1.424992027666146,-1.424992027666144
352,1,784,.000000000000000,.000000000000000,-2.477941287312257,2.477941287312257
352,2,256,-4.955882574624495,9.911765149248989,-3.902896395982876,-1.052986178641618
352,3,10,-2.849910217341238,5.699820434682477,-1.424955108670621,-1.424955108670617
353,1,784,.000000000000000,.000000000000000,-2.477941287312257,2.477941287312257
353,2,256,-4.955882574624487,9.911765149248973,-3.902859325379033,-1.053023249245451
353,3,10,-2.849836076133561,5.699672152267121,-1.424918038066779,-1.424918038066783
354,1,784,.000000000000000,.000000000000000,-2.477941287312254,2.477941287312254
354,2,256,-4.955882574624510,9.911765149249019,-3.902912608377923,-1.052969966246586
354,3,10,-2.849942642131338,5.699885284262677,-1.424971321065666,-1.424971321065672
355,1,784,.000000000000000,.000000000000000,-2.477941287312255,2.477941287312255
355,2,256,-4.955882574624479,9.911765149248957,-3.902765316918400,-1.053117257706076
355,3,10,-2.849648059212291,5.699296118424582,-1.424824029606146,-1.424824029606145
356,1,784,.000000000000000,.000000000000000,-2.477941287312255,2.477941287312255
356,2,256,-4.955882574624499,9.911765149248998,-3.902841112552070,-1.053041462072431
356,3,10,-2.849799650479630,5.699599300959260,-1.424899825239815,-1.424899825239815
357,1,784,.000000000000000,.000000000000000,-2.477941287312256,2.477941287312256
357,2,256,-4.955882574624466,9.911765149248932,-3.902810011760343,-1.053072562864120
357,3,10,-2.849737448896176,5.699474897792351,-1.424868724448089,-1.424868724448087
358,1,784,.000000000000000,.000000000000000,-2.477941287312256,2.477941287312256
358,2,256,-4.955882574624515,9.911765149249030,-3.902822476255498,-1.053060098369019
358,3,10,-2.849762377886477,5.699524755772955,-1.424881188943240,-1.424881188943238
359,1,784,.000000000000000,.000000000000000,-2.477941287312258,2.477941287312258
359,2,256,-4.955882574624511,9.911765149249021,-3.902918167865782,-1.052964406758729
359,3,10,-2.849953761107049,5.699907522214098,-1.424976880553525,-1.424976880553524
360,1,784,.000000000000000,.000000000000000,-2.477941287312260,2.477941287312260
360,2,256,-4.955882574624544,9.911765149249089,-3.902830386224252,-1.053052188400288
360,3,10,-2.849778197823995,5.699556395647990,-1.424889098911995,-1.424889098911999
361,1,784,.000000000000000,.000000000000000,-2.477941287312255,2.477941287312255
361,2,256,-4.955882574624559,9.911765149249119,-3.902804394271447,-1.053078180353110
361,3,10,-2.849726213918377,5.699452427836754,-1.424863106959192,-1.424863106959185
362,1,784,.000000000000000,.000000000000000,-2.477941287312258,2.477941287312258
362,2,256,-4.955882574624511,9.911765149249023,-3.902848831714826,-1.053033742909685
362,3,10,-2.849815088805138,5.699630177610277,-1.424907544402569,-1.424907544402569
363,1,784,.000000000000000,.000000000000000,-2.477941287312261,2.477941287312261
363,2,256,-4.955882574624491,9.911765149248982,-3.902881338841171,-1.053001235783315
363,3,10,-2.849880103057829,5.699760206115657,-1.424940051528915,-1.424940051528914
364,1,784,.000000000000000,.000000000000000,-2.477941287312257,2.477941287312257
364,2,256,-4.955882574624512,9.911765149249025,-3.902864068251551,-1.053018506372960
364,3,10,-2.849845561878589,5.699691123757177,-1.424922780939298,-1.424922780939291
365,1,784,.000000000000000,.000000000000000,-2.477941287312257,2.477941287312257
365,2,256,-4.955882574624475,9.911765149248950,-3.902904412231014,-1.052978162393467
365,3,10,-2.849926249837519,5.699852499675037,-1.424963124918758,-1.424963124918761
366,1,784,.000000000000000,.000000000000000,-2.477941287312257,2.477941287312257
366,2,256,-4.955882574624527,9.911765149249055,-3.902887796743358,-1.052994777881173
366,3,10,-2.849893018862201,5.699786037724403,-1.424946509431099,-1.424946509431102
367,1,784,.000000000000000,.000000000000000,-2.477941287312255,2.477941287312255
367,2,256,-4.955882574624495,9.911765149248989,-3.902852332388960,-1.053030242235533
367,3,10,-2.849822090153411,5.699644180306823,-1.424911045076705,-1.424911045076706
368,1,784,.000000000000000,.000000000000000,-2.477941287312257,2.477941287312257
368,2,256,-4.955882574624513,9.911765149249026,-3.902850630560613,-1.053031944063898
368,3,10,-2.849818686496719,5.699637372993437,-1.424909343248357,-1.424909343248361
369,1,784,.000000000000000,.000000000000000,-2.477941287312258,2.477941287312258
369,2,256,-4.955882574624520,9.911765149249041,-3.902793113460425,-1.053089461164092
369,3,10,-2.849703652296341,5.699407304592682,-1.424851826148172,-1.424851826148169
370,1,784,.000000000000000,.000000000000000,-2.477941287312259,2.477941287312259
370,2,256,-4.955882574624538,9.911765149249076,-3.902886695703820,-1.052995878920721
370,3,10,-2.849890816783131,5.699781633566262,-1.424945408391563,-1.424945408391568
371,1,784,.000000000000000,.000000000000000,-2.477941287312253,2.477941287312253
371,2,256,-4.955882574624518,9.911765149249035,-3.902823919250632,-1.053058655373894
371,3,10,-2.849765263876740,5.699530527753479,-1.424882631938372,-1.424882631938368
372,1,784,.000000000000000,.000000000000000,-2.477941287312258,2.477941287312258
372,2,256,-4.955882574624604,9.911765149249208,-3.902942408537334,-1.052940166087268
372,3,10,-2.850002242450158,5.700004484900316,-1.425001121225077,-1.425001121225081
373,1,784,.000000000000000,.000000000000000,-2.477941287312261,2.477941287312261
373,2,256,-4.955882574624511,9.911765149249023,-3.902796604448994,-1.053085970175517
373,3,10,-2.849710634273479,5.699421268546957,-1.424855317136738,-1.424855317136740
374,1,784,.000000000000000,.000000000000000,-2.477941287312258,2.477941287312258
374,2,256,-4.955882574624513,9.911765149249026,-3.902882587986721,-1.052999986637794
374,3,10,-2.849882601348924,5.699765202697849,-1.424941300674463,-1.424941300674462
375,1,784,.000000000000000,.000000000000000,-2.477941287312257,2.477941287312257
375,2,256,-4.955882574624519,9.911765149249037,-3.902845856518667,-1.053036718105857
375,3,10,-2.849809138412827,5.699618276825655,-1.424904569206411,-1.424904569206417
376,1,784,.000000000000000,.000000000000000,-2.477941287312255,2.477941287312255
376,2,256,-4.955882574624527,9.911765149249053,-3.902874455720348,-1.053008118904177
376,3,10,-2.849866336816191,5.699732673632383,-1.424933168408091,-1.424933168408100
377,1,784,.000000000000000,.000000000000000,-2.477941287312256,2.477941287312256
377,2,256,-4.955882574624503,9.911765149249005,-3.902854269019354,-1.053028305605147
377,3,10,-2.849825963414191,5.699651926828382,-1.424912981707097,-1.424912981707095
378,1,784,.000000000000000,.000000000000000,-2.477941287312261,2.477941287312261
378,2,256,-4.955882574624502,9.911765149249003,-3.902863101196905,-1.053019473427592
378,3,10,-2.849843627769306,5.699687255538612,-1.424921813884654,-1.424921813884652
379,1,784,.000000000000000,.000000000000000,-2.477941287312254,2.477941287312254
379,2,256,-4.955882574624448,9.911765149248897,-3.902917492453507,-1.052965082170942
379,3,10,-2.849952410282504,5.699904820565008,-1.424976205141251,-1.424976205141253
380,1,784,.000000000000000,.000000000000000,-2.477941287312255,2.477941287312255
380,2,256,-4.955882574624502,9.911765149249003,-3.902935805382795,-1.052946769241706
380,3,10,-2.849989036141086,5.699978072282172,-1.424994518070541,-1.424994518070546
381,1,784,.000000000000000,.000000000000000,-2.477941287312257,2.477941287312257
381,2,256,-4.955882574624535,9.911765149249069,-3.902949548615321,-1.052933026009215
381,3,10,-2.850016522606131,5.700033045212263,-1.425008261303063,-1.425008261303069
382,1,784,.000000000000000,.000000000000000,-2.477941287312256,2.477941287312256
382,2,256,-4.955882574624497,9.911765149248994,-3.902824161146789,-1.053058413477704
382,3,10,-2.849765747669064,5.699531495338128,-1.424882873834534,-1.424882873834530
383,1,784,.000000000000000,.000000000000000,-2.477941287312260,2.477941287312260
383,2,256,-4.955882574624486,9.911765149248971,-3.902861120990262,-1.053021453634224
383,3,10,-2.849839667356014,5.699679334712028,-1.424919833678007,-1.424919833678007
384,1,784,.000000000000000,.000000000000000,-2.477941287312258,2.477941287312258
384,2,256,-4.955882574624502,9.911765149249003,-3.902892206527142,-1.052990368097358
384,3,10,-2.849901838429774,5.699803676859547,-1.424950919214888,-1.424950919214885
385,1,784,.000000000000000,.000000000000000,-2.477941287312257,2.477941287312257
385,2,256,-4.955882574624559,9.911765149249117,-3.902874425111284,-1.053008149513271
385,3,10,-2.849866275598059,5.699732551196117,-1.424933137799029,-1.424933137799030
386,1,784,.000000000000000,.000000000000000,-2.477941287312255,2.477941287312255
386,2,256,-4.955882574624496,9.911765149248993,-3.902782778325280,-1.053099796299210
386,3,10,-2.849682982026057,5.699365964052114,-1.424841491013026,-1.424841491013031
387,1,784,.000000000000000,.000000000000000,-2.477941287312256,2.477941287312256
387,2,256,-4.955882574624572,9.911765149249144,-3.902846896663713,-1.053035677960856
387,3,10,-2.849811218702917,5.699622437405833,-1.424905609351456,-1.424905609351460
388,1,784,.000000000000000,.000000000000000,-2.477941287312258,2.477941287312258
388,2,256,-4.955882574624540,9.911765149249080,-3.902833994180440,-1.053048580444093
388,3,10,-2.849785413736370,5.699570827472741,-1.424892706868186,-1.424892706868184
389,1,784,.000000000000000,.000000000000000,-2.477941287312258,2.477941287312258
389,2,256,-4.955882574624502,9.911765149249003,-3.902907914339111,-1.052974660285392
389,3,10,-2.849933254053718,5.699866508107436,-1.424966627026856,-1.424966627026861
390,1,784,.000000000000000,.000000000000000,-2.477941287312259,2.477941287312259
390,2,256,-4.955882574624527,9.911765149249053,-3.902883927410453,-1.052998647214070
390,3,10,-2.849885280196396,5.699770560392792,-1.424942640098199,-1.424942640098197
391,1,784,.000000000000000,.000000000000000,-2.477941287312257,2.477941287312257
391,2,256,-4.955882574624522,9.911765149249044,-3.902939363169228,-1.052943211455293
391,3,10,-2.849996151713947,5.699992303427894,-1.424998075856972,-1.424998075856974
392,1,784,.000000000000000,.000000000000000,-2.477941287312256,2.477941287312256
392,2,256,-4.955882574624553,9.911765149249106,-3.902908179727254,-1.052974394897298
392,3,10,-2.849933784829996,5.699867569659991,-1.424966892414999,-1.424966892414997
393,1,784,.000000000000000,.000000000000000,-2.477941287312257,2.477941287312257
393,2,256,-4.955882574624527,9.911765149249055,-3.902905175281157,-1.052977399343370
393,3,10,-2.849927775937799,5.699855551875599,-1.424963887968900,-1.424963887968899
394,1,784,.000000000000000,.000000000000000,-2.477941287312257,2.477941287312257
394,2,256,-4.955882574624523,9.911765149249046,-3.902821269086268,-1.053061305538256
394,3,10,-2.849759963548020,5.699519927096039,-1.424879981774010,-1.424879981774009
395,1,784,.000000000000000,.000000000000000,-2.477941287312256,2.477941287312256
395,2,256,-4.955882574624509,9.911765149249018,-3.902819206127064,-1.053063368497438
395,3,10,-2.849755837629623,5.699511675259247,-1.424877918814808,-1.424877918814815
396,1,784,.000000000000000,.000000000000000,-2.477941287312258,2.477941287312258
396,2,256,-4.955882574624500,9.911765149249000,-3.902934263887123,-1.052948310737376
396,3,10,-2.849985953149746,5.699971906299493,-1.424992976574869,-1.424992976574878
397,1,784,.000000000000000,.000000000000000,-2.477941287312260,2.477941287312260
397,2,256,-4.955882574624504,9.911765149249009,-3.902952248285565,-1.052930326338938
397,3,10,-2.850021921946625,5.700043843893250,-1.425010960973310,-1.425010960973316
398,1,784,.000000000000000,.000000000000000,-2.477941287312261,2.477941287312261
398,2,256,-4.955882574624525,9.911765149249050,-3.902862859267745,-1.053019715356777
398,3,10,-2.849843143910981,5.699686287821963,-1.424921571955490,-1.424921571955491
399,1,784,.000000000000000,.000000000000000,-2.477941287312252,2.477941287312252
399,2,256,-4.955882574624549,9.911765149249097,-3.902858536252983,-1.053024038371565
399,3,10,-2.849834497881447,5.699668995762893,-1.424917248940728,-1.424917248940719
400,1,784,.000000000000000,.000000000000000,-2.477941287312257,2.477941287312257
400,2,256,-4.955882574624472,9.911765149248945,-3.902921886538223,-1.052960688086247
400,3,10,-2.849961198451934,5.699922396903868,-1.424980599225966,-1.424980599225968
401,1,784,.000000000000000,.000000000000000,-2.477941287312261,2.477941287312261
401,2,256,-4.955882574624537,9.911765149249074,-3.902871374028759,-1.053011200595780
401,3,10,-2.849860173433004,5.699720346866009,-1.424930086716504,-1.424930086716501
402,1,784,.000000000000000,.000000000000000,-2.477941287312257,2.477941287312257
402,2,256,-4.955882574624528,9.911765149249057,-3.902909856384877,-1.052972718239655
402,3,10,-2.849937138145239,5.699874276290479,-1.424968569072619,-1.424968569072621
403,1,784,.000000000000000,.000000000000000,-2.477941287312260,2.477941287312260
403,2,256,-4.955882574624538,9.911765149249076,-3.902878045149234,-1.053004529475305
403,3,10,-2.849873515673957,5.699747031347913,-1.424936757836977,-1.424936757836978
404,1,784,.000000000000000,.000000000000000,-2.477941287312256,2.477941287312256
404,2,256,-4.955882574624457,9.911765149248914,-3.902914281392717,-1.052968293231740
404,3,10,-2.849945988160923,5.699891976321846,-1.424972994080462,-1.424972994080460
405,1,784,.000000000000000,.000000000000000,-2.477941287312255,2.477941287312255
405,2,256,-4.955882574624565,9.911765149249129,-3.902892536506067,-1.052990038118497
405,3,10,-2.849902498387617,5.699804996775233,-1.424951249193810,-1.424951249193806
406,1,784,.000000000000000,.000000000000000,-2.477941287312255,2.477941287312255
406,2,256,-4.955882574624484,9.911765149248968,-3.902833635845780,-1.053048938778708
406,3,10,-2.849784697067043,5.699569394134087,-1.424892348533522,-1.424892348533521
407,1,784,.000000000000000,.000000000000000,-2.477941287312258,2.477941287312258
407,2,256,-4.955882574624479,9.911765149248959,-3.902843746560899,-1.053038828063577
407,3,10,-2.849804918497298,5.699609836994595,-1.424902459248645,-1.424902459248652
408,1,784,.000000000000000,.000000000000000,-2.477941287312255,2.477941287312255
408,2,256,-4.955882574624571,9.911765149249142,-3.902845994833914,-1.053036579790654
408,3,10,-2.849809415043319,5.699618830086638,-1.424904707521658,-1.424904707521661
409,1,784,.000000000000000,.000000000000000,-2.477941287312256,2.477941287312256
409,2,256,-4.955882574624531,9.911765149249062,-3.902803914551446,-1.053078660073084
409,3,10,-2.849725254478378,5.699450508956756,-1.424862627239189,-1.424862627239189
410,1,784,.000000000000000,.000000000000000,-2.477941287312259,2.477941287312259
410,2,256,-4.955882574624526,9.911765149249051,-3.902882288064506,-1.053000286560023
410,3,10,-2.849882001504497,5.699764003008993,-1.424941000752250,-1.424941000752247
411,1,784,.000000000000000,.000000000000000,-2.477941287312261,2.477941287312261
411,2,256,-4.955882574624537,9.911765149249074,-3.902920681606657,-1.052961893017881
411,3,10,-2.849958788588797,5.699917577177595,-1.424979394294400,-1.424979394294398
412,1,784,.000000000000000,.000000000000000,-2.477941287312256,2.477941287312256
412,2,256,-4.955882574624506,9.911765149249012,-3.902863274832157,-1.053019299792353
412,3,10,-2.849843975039806,5.699687950079612,-1.424921987519900,-1.424921987519906
413,1,784,.000000000000000,.000000000000000,-2.477941287312253,2.477941287312253
413,2,256,-4.955882574624483,9.911765149248966,-3.902883400106552,-1.052999174517932
413,3,10,-2.849884225588589,5.699768451177179,-1.424942112794296,-1.424942112794294
414,1,784,.000000000000000,.000000000000000,-2.477941287312255,2.477941287312255
414,2,256,-4.955882574624519,9.911765149249039,-3.902921869402239,-1.052960705222280
414,3,10,-2.849961164179972,5.699922328359944,-1.424980582089983,-1.424980582089988
415,1,784,.000000000000000,.000000000000000,-2.477941287312258,2.477941287312258
415,2,256,-4.955882574624514,9.911765149249028,-3.902881172695754,-1.053001401928763
415,3,10,-2.849879770766991,5.699759541533981,-1.424939885383498,-1.424939885383493
416,1,784,.000000000000000,.000000000000000,-2.477941287312258,2.477941287312258
416,2,256,-4.955882574624486,9.911765149248971,-3.902838214267072,-1.053044360357413
416,3,10,-2.849793853909630,5.699587707819260,-1.424896926954815,-1.424896926954815
417,1,784,.000000000000000,.000000000000000,-2.477941287312259,2.477941287312259
417,2,256,-4.955882574624544,9.911765149249089,-3.902905744626216,-1.052976829998328
417,3,10,-2.849928914627923,5.699857829255846,-1.424964457313960,-1.424964457313963
418,1,784,.000000000000000,.000000000000000,-2.477941287312258,2.477941287312258
418,2,256,-4.955882574624511,9.911765149249023,-3.902877409557540,-1.053005165066970
418,3,10,-2.849872244490564,5.699744488981128,-1.424936122245283,-1.424936122245281
419,1,784,.000000000000000,.000000000000000,-2.477941287312257,2.477941287312257
419,2,256,-4.955882574624477,9.911765149248954,-3.902939705180797,-1.052942869443680
419,3,10,-2.849996835737073,5.699993671474146,-1.424998417868540,-1.424998417868533
420,1,784,.000000000000000,.000000000000000,-2.477941287312260,2.477941287312260
420,2,256,-4.955882574624511,9.911765149249023,-3.902798206103138,-1.053084368521376
420,3,10,-2.849713837581762,5.699427675163523,-1.424856918790882,-1.424856918790880
421,1,784,.000000000000000,.000000000000000,-2.477941287312257,2.477941287312257
421,2,256,-4.955882574624520,9.911765149249041,-3.902900694796854,-1.052981879827667
421,3,10,-2.849918814969196,5.699837629938393,-1.424959407484599,-1.424959407484598
422,1,784,.000000000000000,.000000000000000,-2.477941287312256,2.477941287312256
422,2,256,-4.955882574624519,9.911765149249039,-3.902902979314608,-1.052979595309905
422,3,10,-2.849923384004711,5.699846768009421,-1.424961692002356,-1.424961692002355
423,1,784,.000000000000000,.000000000000000,-2.477941287312261,2.477941287312261
423,2,256,-4.955882574624566,9.911765149249131,-3.902893177049204,-1.052989397575359
423,3,10,-2.849903779473900,5.699807558947799,-1.424951889736951,-1.424951889736949
424,1,784,.000000000000000,.000000000000000,-2.477941287312258,2.477941287312258
424,2,256,-4.955882574624543,9.911765149249085,-3.902847664188284,-1.053034910436255
424,3,10,-2.849812753752062,5.699625507504124,-1.424906376876029,-1.424906376876033
425,1,784,.000000000000000,.000000000000000,-2.477941287312256,2.477941287312256
425,2,256,-4.955882574624512,9.911765149249025,-3.902972817703352,-1.052909756921162
425,3,10,-2.850063060782191,5.700126121564382,-1.425031530391096,-1.425031530391095
426,1,784,.000000000000000,.000000000000000,-2.477941287312257,2.477941287312257
426,2,256,-4.955882574624484,9.911765149248968,-3.902841682876918,-1.053040891747566
426,3,10,-2.849800791129325,5.699601582258651,-1.424900395564662,-1.424900395564663
427,1,784,.000000000000000,.000000000000000,-2.477941287312256,2.477941287312256
427,2,256,-4.955882574624500,9.911765149249000,-3.902836459336382,-1.053046115288125
427,3,10,-2.849790344048245,5.699580688096489,-1.424895172024123,-1.424895172024122
428,1,784,.000000000000000,.000000000000000,-2.477941287312254,2.477941287312254
428,2,256,-4.955882574624504,9.911765149249009,-3.902880191492084,-1.053002383132424
428,3,10,-2.849877808359664,5.699755616719328,-1.424938904179829,-1.424938904179835
429,1,784,.000000000000000,.000000000000000,-2.477941287312256,2.477941287312256
429,2,256,-4.955882574624503,9.911765149249005,-3.902848136613569,-1.053034438010934
429,3,10,-2.849813698602615,5.699627397205230,-1.424906849301310,-1.424906849301306
430,1,784,.000000000000000,.000000000000000,-2.477941287312256,2.477941287312256
430,2,256,-4.955882574624535,9.911765149249069,-3.902844135109555,-1.053038439514979
430,3,10,-2.849805695594596,5.699611391189191,-1.424902847797298,-1.424902847797297
431,1,784,.000000000000000,.000000000000000,-2.477941287312257,2.477941287312257
431,2,256,-4.955882574624517,9.911765149249034,-3.902900655090454,-1.052981919534066
431,3,10,-2.849918735556388,5.699837471112777,-1.424959367778194,-1.424959367778194
432,1,784,.000000000000000,.000000000000000,-2.477941287312255,2.477941287312255
432,2,256,-4.955882574624491,9.911765149248982,-3.902912986874320,-1.052969587750170
432,3,10,-2.849943399124129,5.699886798248258,-1.424971699562064,-1.424971699562066
433,1,784,.000000000000000,.000000000000000,-2.477941287312257,2.477941287312257
433,2,256,-4.955882574624471,9.911765149248943,-3.902868170920499,-1.053014403703968
433,3,10,-2.849853767216488,5.699707534432975,-1.424926883608244,-1.424926883608244
434,1,784,.000000000000000,.000000000000000,-2.477941287312256,2.477941287312256
434,2,256,-4.955882574624492,9.911765149248984,-3.902881519503588,-1.053001055120904
434,3,10,-2.849880464382667,5.699760928765334,-1.424940232191331,-1.424940232191336
435,1,784,.000000000000000,.000000000000000,-2.477941287312253,2.477941287312253
435,2,256,-4.955882574624436,9.911765149248872,-3.902838097748476,-1.053044476875962
435,3,10,-2.849793620872443,5.699587241744887,-1.424896810436219,-1.424896810436224
436,1,784,.000000000000000,.000000000000000,-2.477941287312256,2.477941287312256
436,2,256,-4.955882574624478,9.911765149248955,-3.902836293946170,-1.053046280678308
436,3,10,-2.849790013267828,5.699580026535656,-1.424895006633913,-1.424895006633915
437,1,784,.000000000000000,.000000000000000,-2.477941287312254,2.477941287312254
437,2,256,-4.955882574624525,9.911765149249050,-3.902837967163567,-1.053044607460960
437,3,10,-2.849793359702621,5.699586719405242,-1.424896679851310,-1.424896679851310
438,1,784,.000000000000000,.000000000000000,-2.477941287312254,2.477941287312254
438,2,256,-4.955882574624519,9.911765149249039,-3.902884641451216,-1.052997933173299
438,3,10,-2.849886708277919,5.699773416555837,-1.424943354138959,-1.424943354138959
439,1,784,.000000000000000,.000000000000000,-2.477941287312256,2.477941287312256
439,2,256,-4.955882574624560,9.911765149249121,-3.902857738726105,-1.053024835898453
439,3,10,-2.849832902827703,5.699665805655407,-1.424916451413851,-1.424916451413853
440,1,784,.000000000000000,.000000000000000,-2.477941287312260,2.477941287312260
440,2,256,-4.955882574624511,9.911765149249021,-3.902857526025934,-1.053025048598577
440,3,10,-2.849832477427355,5.699664954854709,-1.424916238713677,-1.424916238713678
441,1,784,.000000000000000,.000000000000000,-2.477941287312258,2.477941287312258
441,2,256,-4.955882574624475,9.911765149248950,-3.902875757122133,-1.053006817502342
441,3,10,-2.849868939619752,5.699737879239504,-1.424934469809875,-1.424934469809877
442,1,784,.000000000000000,.000000000000000,-2.477941287312259,2.477941287312259
442,2,256,-4.955882574624528,9.911765149249057,-3.902943891971491,-1.052938682653033
442,3,10,-2.850005209318472,5.700010418636944,-1.425002604659237,-1.425002604659234
443,1,784,.000000000000000,.000000000000000,-2.477941287312259,2.477941287312259
443,2,256,-4.955882574624506,9.911765149249012,-3.902725906775269,-1.053156667849240
443,3,10,-2.849569238926021,5.699138477852043,-1.424784619463012,-1.424784619463010
444,1,784,.000000000000000,.000000000000000,-2.477941287312261,2.477941287312261
444,2,256,-4.955882574624532,9.911765149249064,-3.902906534438737,-1.052976040185797
444,3,10,-2.849930494252959,5.699860988505918,-1.424965247126481,-1.424965247126478
445,1,784,.000000000000000,.000000000000000,-2.477941287312257,2.477941287312257
445,2,256,-4.955882574624561,9.911765149249122,-3.902911706720679,-1.052970867903883
445,3,10,-2.849940838816841,5.699881677633681,-1.424970419408424,-1.424970419408417
446,1,784,.000000000000000,.000000000000000,-2.477941287312257,2.477941287312257
446,2,256,-4.955882574624533,9.911765149249065,-3.902848228642652,-1.053034345981876
446,3,10,-2.849813882660797,5.699627765321594,-1.424906941330399,-1.424906941330399
447,1,784,.000000000000000,.000000000000000,-2.477941287312257,2.477941287312257
447,2,256,-4.955882574624531,9.911765149249062,-3.902856260316333,-1.053026314308197
447,3,10,-2.849829946008149,5.699659892016298,-1.424914973004079,-1.424914973004070
448,1,784,.000000000000000,.000000000000000,-2.477941287312254,2.477941287312254
448,2,256,-4.955882574624560,9.911765149249121,-3.902841582660190,-1.053040991964369
448,3,10,-2.849800590695865,5.699601181391730,-1.424900295347932,-1.424900295347933
449,1,784,.000000000000000,.000000000000000,-2.477941287312260,2.477941287312260
449,2,256,-4.955882574624519,9.911765149249039,-3.902864060376037,-1.053018514248487
449,3,10,-2.849845546127562,5.699691092255124,-1.424922773063780,-1.424922773063782
450,1,784,.000000000000000,.000000000000000,-2.477941287312256,2.477941287312256
450,2,256,-4.955882574624502,9.911765149249003,-3.902877334259067,-1.053005240365434
450,3,10,-2.849872093893631,5.699744187787261,-1.424936046946812,-1.424936046946819
451,1,784,.000000000000000,.000000000000000,-2.477941287312260,2.477941287312260
451,2,256,-4.955882574624531,9.911765149249062,-3.902880909629859,-1.053001664994671
451,3,10,-2.849879244635204,5.699758489270408,-1.424939622317604,-1.424939622317600
452,1,784,.000000000000000,.000000000000000,-2.477941287312258,2.477941287312258
452,2,256,-4.955882574624545,9.911765149249090,-3.902921613885735,-1.052960960738807
452,3,10,-2.849960653146956,5.699921306293912,-1.424980326573481,-1.424980326573476
453,1,784,.000000000000000,.000000000000000,-2.477941287312259,2.477941287312259
453,2,256,-4.955882574624515,9.911765149249030,-3.902915772238812,-1.052966802385704
453,3,10,-2.849948969853118,5.699897939706236,-1.424974484926556,-1.424974484926562
454,1,784,.000000000000000,.000000000000000,-2.477941287312259,2.477941287312259
454,2,256,-4.955882574624553,9.911765149249106,-3.902898055055541,-1.052984519569005
454,3,10,-2.849913535486584,5.699827070973169,-1.424956767743289,-1.424956767743295
455,1,784,.000000000000000,.000000000000000,-2.477941287312258,2.477941287312258
455,2,256,-4.955882574624495,9.911765149248989,-3.902881483815710,-1.053001090808782
455,3,10,-2.849880393006908,5.699760786013816,-1.424940196503455,-1.424940196503453
456,1,784,.000000000000000,.000000000000000,-2.477941287312258,2.477941287312258
456,2,256,-4.955882574624537,9.911765149249074,-3.902907272692889,-1.052975301931645
456,3,10,-2.849931970761275,5.699863941522549,-1.424965985380634,-1.424965985380641
457,1,784,.000000000000000,.000000000000000,-2.477941287312259,2.477941287312259
457,2,256,-4.955882574624531,9.911765149249062,-3.902843373102589,-1.053039201521937
457,3,10,-2.849804171580665,5.699608343161331,-1.424902085790334,-1.424902085790333
458,1,784,.000000000000000,.000000000000000,-2.477941287312257,2.477941287312257
458,2,256,-4.955882574624517,9.911765149249034,-3.902888550755528,-1.052994023868988
458,3,10,-2.849894526886548,5.699789053773095,-1.424947263443274,-1.424947263443274
459,1,784,.000000000000000,.000000000000000,-2.477941287312256,2.477941287312256
459,2,256,-4.955882574624509,9.911765149249018,-3.902838267575915,-1.053044307048596
459,3,10,-2.849793960527327,5.699587921054654,-1.424896980263659,-1.424896980263668
460,1,784,.000000000000000,.000000000000000,-2.477941287312260,2.477941287312260
460,2,256,-4.955882574624494,9.911765149248987,-3.902833429264315,-1.053049145360182
460,3,10,-2.849784283904123,5.699568567808246,-1.424892141952058,-1.424892141952065
461,1,784,.000000000000000,.000000000000000,-2.477941287312263,2.477941287312263
461,2,256,-4.955882574624537,9.911765149249074,-3.902856677988112,-1.053025896636425
461,3,10,-2.849830781351720,5.699661562703439,-1.424915390675855,-1.424915390675865
462,1,784,.000000000000000,.000000000000000,-2.477941287312258,2.477941287312258
462,2,256,-4.955882574624517,9.911765149249034,-3.902785731663100,-1.053096842961416
462,3,10,-2.849688888701695,5.699377777403390,-1.424844444350847,-1.424844444350848
463,1,784,.000000000000000,.000000000000000,-2.477941287312255,2.477941287312255
463,2,256,-4.955882574624519,9.911765149249039,-3.902819450518288,-1.053063124106231
463,3,10,-2.849756326412071,5.699512652824143,-1.424878163206034,-1.424878163206037
464,1,784,.000000000000000,.000000000000000,-2.477941287312260,2.477941287312260
464,2,256,-4.955882574624533,9.911765149249065,-3.902844412431798,-1.053038162192734
464,3,10,-2.849806250239081,5.699612500478162,-1.424903125119543,-1.424903125119538
465,1,784,.000000000000000,.000000000000000,-2.477941287312257,2.477941287312257
465,2,256,-4.955882574624566,9.911765149249133,-3.902843376523770,-1.053039198100793
465,3,10,-2.849804178423027,5.699608356846054,-1.424902089211516,-1.424902089211511
466,1,784,.000000000000000,.000000000000000,-2.477941287312259,2.477941287312259
466,2,256,-4.955882574624534,9.911765149249067,-3.902852094543969,-1.053030480080571
466,3,10,-2.849821614463428,5.699643228926856,-1.424910807231711,-1.424910807231718
467,1,784,.000000000000000,.000000000000000,-2.477941287312258,2.477941287312258
467,2,256,-4.955882574624471,9.911765149248941,-3.902822726769897,-1.053059847854577
467,3,10,-2.849762878915283,5.699525757830566,-1.424881439457641,-1.424881439457642
468,1,784,.000000000000000,.000000000000000,-2.477941287312258,2.477941287312258
468,2,256,-4.955882574624503,9.911765149249005,-3.902827283381347,-1.053055291243154
468,3,10,-2.849771992138185,5.699543984276370,-1.424885996069092,-1.424885996069093
469,1,784,.000000000000000,.000000000000000,-2.477941287312254,2.477941287312254
469,2,256,-4.955882574624563,9.911765149249126,-3.902910646445059,-1.052971928179503
469,3,10,-2.849938718265604,5.699877436531208,-1.424969359132802,-1.424969359132803
470,1,784,.000000000000000,.000000000000000,-2.477941287312256,2.477941287312256
470,2,256,-4.955882574624546,9.911765149249092,-3.902916599010344,-1.052965975614200
470,3,10,-2.849950623396182,5.699901246792364,-1.424975311698090,-1.424975311698092
471,1,784,.000000000000000,.000000000000000,-2.477941287312257,2.477941287312257
471,2,256,-4.955882574624486,9.911765149248971,-3.902849623059750,-1.053032951564730
471,3,10,-2.849816671494995,5.699633342989990,-1.424908335747495,-1.424908335747500
472,1,784,.000000000000000,.000000000000000,-2.477941287312259,2.477941287312259
472,2,256,-4.955882574624477,9.911765149248954,-3.902894098510762,-1.052988476113720
472,3,10,-2.849905622397016,5.699811244794032,-1.424952811198505,-1.424952811198510
473,1,784,.000000000000000,.000000000000000,-2.477941287312259,2.477941287312259
473,2,256,-4.955882574624565,9.911765149249129,-3.902979035577620,-1.052903539046944
473,3,10,-2.850075496530728,5.700150993061456,-1.425037748265364,-1.425037748265364
474,1,784,.000000000000000,.000000000000000,-2.477941287312255,2.477941287312255
474,2,256,-4.955882574624524,9.911765149249048,-3.902892155404845,-1.052990419219678
474,3,10,-2.849901736185183,5.699803472370366,-1.424950868092589,-1.424950868092594
475,1,784,.000000000000000,.000000000000000,-2.477941287312253,2.477941287312253
475,2,256,-4.955882574624497,9.911765149248994,-3.902825717674084,-1.053056856950411
475,3,10,-2.849768860723664,5.699537721447327,-1.424884430361830,-1.424884430361834
476,1,784,.000000000000000,.000000000000000,-2.477941287312257,2.477941287312257
476,2,256,-4.955882574624493,9.911765149248986,-3.902886888709976,-1.052995685914524
476,3,10,-2.849891202795426,5.699782405590851,-1.424945601397716,-1.424945601397709
477,1,784,.000000000000000,.000000000000000,-2.477941287312258,2.477941287312258
477,2,256,-4.955882574624516,9.911765149249032,-3.902947097334659,-1.052935477289861
477,3,10,-2.850011620044801,5.700023240089601,-1.425005810022401,-1.425005810022400
478,1,784,.000000000000000,.000000000000000,-2.477941287312256,2.477941287312256
478,2,256,-4.955882574624513,9.911765149249026,-3.902846200186892,-1.053036374437623
478,3,10,-2.849809825749272,5.699619651498544,-1.424904912874635,-1.424904912874637
479,1,784,.000000000000000,.000000000000000,-2.477941287312257,2.477941287312257
479,2,256,-4.955882574624544,9.911765149249089,-3.902882584480060,-1.052999990144488
479,3,10,-2.849882594335608,5.699765188671217,-1.424941297167802,-1.424941297167806
480,1,784,.000000000000000,.000000000000000,-2.477941287312257,2.477941287312257
480,2,256,-4.955882574624520,9.911765149249041,-3.902860492780540,-1.053022081843982
480,3,10,-2.849838410936572,5.699676821873145,-1.424919205468284,-1.424919205468288
481,1,784,.000000000000000,.000000000000000,-2.477941287312259,2.477941287312259
481,2,256,-4.955882574624521,9.911765149249042,-3.902863501274217,-1.053019073350311
481,3,10,-2.849844427923915,5.699688855847830,-1.424922213961957,-1.424922213961958
482,1,784,.000000000000000,.000000000000000,-2.477941287312258,2.477941287312258
482,2,256,-4.955882574624559,9.911765149249117,-3.902868341785579,-1.053014232838974
482,3,10,-2.849854108946652,5.699708217893304,-1.424927054473325,-1.424927054473327
483,1,784,.000000000000000,.000000000000000,-2.477941287312258,2.477941287312258
483,2,256,-4.955882574624538,9.911765149249076,-3.902923075273191,-1.052959499351348
483,3,10,-2.849963575921874,5.699927151843747,-1.424981787960936,-1.424981787960938
484,1,784,.000000000000000,.000000000000000,-2.477941287312254,2.477941287312254
484,2,256,-4.955882574624483,9.911765149248966,-3.902927446803571,-1.052955127820913
484,3,10,-2.849972318982628,5.699944637965255,-1.424986159491313,-1.424986159491315
485,1,784,.000000000000000,.000000000000000,-2.477941287312257,2.477941287312257
485,2,256,-4.955882574624500,9.911765149249000,-3.902832687301351,-1.053049887323149
485,3,10,-2.849782799978198,5.699565599956395,-1.424891399989094,-1.424891399989104
486,1,784,.000000000000000,.000000000000000,-2.477941287312256,2.477941287312256
486,2,256,-4.955882574624492,9.911765149248984,-3.902870582538679,-1.053011992085813
486,3,10,-2.849858590452850,5.699717180905701,-1.424929295226422,-1.424929295226428
487,1,784,.000000000000000,.000000000000000,-2.477941287312257,2.477941287312257
487,2,256,-4.955882574624557,9.911765149249113,-3.902787046513290,-1.053095528111266
487,3,10,-2.849691518402083,5.699383036804165,-1.424845759201037,-1.424845759201046
488,1,784,.000000000000000,.000000000000000,-2.477941287312256,2.477941287312256
488,2,256,-4.955882574624531,9.911765149249062,-3.902829221533739,-1.053053353090790
488,3,10,-2.849775868442967,5.699551736885933,-1.424887934221483,-1.424887934221484
489,1,784,.000000000000000,.000000000000000,-2.477941287312256,2.477941287312256
489,2,256,-4.955882574624516,9.911765149249032,-3.902856519667213,-1.053026054957303
489,3,10,-2.849830464709909,5.699660929419818,-1.424915232354954,-1.424915232354955
490,1,784,.000000000000000,.000000000000000,-2.477941287312258,2.477941287312258
490,2,256,-4.955882574624558,9.911765149249115,-3.902856683560843,-1.053025891063713
490,3,10,-2.849830792497167,5.699661584994335,-1.424915396248587,-1.424915396248580
491,1,784,.000000000000000,.000000000000000,-2.477941287312257,2.477941287312257
491,2,256,-4.955882574624543,9.911765149249087,-3.902794230513302,-1.053088344111240
491,3,10,-2.849705886402098,5.699411772804195,-1.424852943201048,-1.424852943201049
492,1,784,.000000000000000,.000000000000000,-2.477941287312258,2.477941287312258
492,2,256,-4.955882574624508,9.911765149249016,-3.902853466851106,-1.053029107773402
492,3,10,-2.849824359077706,5.699648718155411,-1.424912179538851,-1.424912179538855
493,1,784,.000000000000000,.000000000000000,-2.477941287312260,2.477941287312260
493,2,256,-4.955882574624519,9.911765149249037,-3.902790133171796,-1.053092441452726
493,3,10,-2.849697691719079,5.699395383438159,-1.424848845859538,-1.424848845859541
494,1,784,.000000000000000,.000000000000000,-2.477941287312261,2.477941287312261
494,2,256,-4.955882574624516,9.911765149249032,-3.902835994513294,-1.053046580111225
494,3,10,-2.849789414402076,5.699578828804151,-1.424894707201038,-1.424894707201038
495,1,784,.000000000000000,.000000000000000,-2.477941287312253,2.477941287312253
495,2,256,-4.955882574624508,9.911765149249016,-3.902928500669341,-1.052954073955174
495,3,10,-2.849974426714159,5.699948853428317,-1.424987213357084,-1.424987213357075
496,1,784,.000000000000000,.000000000000000,-2.477941287312259,2.477941287312259
496,2,256,-4.955882574624491,9.911765149248982,-3.902814860604406,-1.053067714020088
496,3,10,-2.849747146584293,5.699494293168586,-1.424873573292148,-1.424873573292145
497,1,784,.000000000000000,.000000000000000,-2.477941287312261,2.477941287312261
497,2,256,-4.955882574624498,9.911765149248996,-3.902885195820323,-1.052997378804180
497,3,10,-2.849887817016137,5.699775634032274,-1.424943908508068,-1.424943908508070
498,1,784,.000000000000000,.000000000000000,-2.477941287312253,2.477941287312253
498,2,256,-4.955882574624506,9.911765149249012,-3.902840989133209,-1.053041585491298
498,3,10,-2.849799403641898,5.699598807283795,-1.424899701820952,-1.424899701820946
499,1,784,.000000000000000,.000000000000000,-2.477941287312255,2.477941287312255
499,2,256,-4.955882574624494,9.911765149248987,-3.902863980586550,-1.053018594037948
499,3,10,-2.849845386548585,5.699690773097171,-1.424922693274293,-1.424922693274292
500,1,784,.000000000000000,.000000000000000,-2.477941287312253,2.477941287312253
500,2,256,-4.955882574624508,9.911765149249016,-3.902838874086853,-1.053043700537658
500,3,10,-2.849795173549190,5.699590347098380,-1.424897586774595,-1.424897586774595
501,1,784,.000000000000000,.000000000000000,-2.477941287312256,2.477941287312256
501,2,256,-4.955882574624485,9.911765149248970,-3.902904112288977,-1.052978462335505
501,3,10,-2.849925649953442,5.699851299906883,-1.424962824976721,-1.424962824976721
502,1,784,.000000000000000,.000000000000000,-2.477941287312255,2.477941287312255
502,2,256,-4.955882574624526,9.911765149249051,-3.902853988762283,-1.053028585862245
502,3,10,-2.849825402900058,5.699650805800117,-1.424912701450026,-1.424912701450031
503,1,784,.000000000000000,.000000000000000,-2.477941287312258,2.477941287312258
503,2,256,-4.955882574624559,9.911765149249117,-3.902885714577508,-1.052996860047050
503,3,10,-2.849888854530500,5.699777709061000,-1.424944427265253,-1.424944427265247
504,1,784,.000000000000000,.000000000000000,-2.477941287312257,2.477941287312257
504,2,256,-4.955882574624455,9.911765149248909,-3.902881656359718,-1.053000918264734
504,3,10,-2.849880738094909,5.699761476189819,-1.424940369047462,-1.424940369047448
505,1,784,.000000000000000,.000000000000000,-2.477941287312261,2.477941287312261
505,2,256,-4.955882574624510,9.911765149249019,-3.902913850073544,-1.052968724550967
505,3,10,-2.849945125522573,5.699890251045145,-1.424972562761286,-1.424972562761286
506,1,784,.000000000000000,.000000000000000,-2.477941287312258,2.477941287312258
506,2,256,-4.955882574624531,9.911765149249062,-3.902885567699329,-1.052997006925204
506,3,10,-2.849888560774137,5.699777121548274,-1.424944280387072,-1.424944280387065
507,1,784,.000000000000000,.000000000000000,-2.477941287312257,2.477941287312257
507,2,256,-4.955882574624495,9.911765149248989,-3.902828093576043,-1.053054481048452
507,3,10,-2.849773612527574,5.699547225055149,-1.424886806263788,-1.424886806263785
508,1,784,.000000000000000,.000000000000000,-2.477941287312257,2.477941287312257
508,2,256,-4.955882574624564,9.911765149249128,-3.902855644478855,-1.053026930145709
508,3,10,-2.849828714333204,5.699657428666407,-1.424914357166600,-1.424914357166603
509,1,784,.000000000000000,.000000000000000,-2.477941287312258,2.477941287312258
509,2,256,-4.955882574624490,9.911765149248980,-3.902814291976933,-1.053068282647558
509,3,10,-2.849746009329362,5.699492018658725,-1.424873004664677,-1.424873004664686
510,1,784,.000000000000000,.000000000000000,-2.477941287312257,2.477941287312257
510,2,256,-4.955882574624527,9.911765149249055,-3.902836863129469,-1.053045711495060
510,3,10,-2.849791151634423,5.699582303268847,-1.424895575817213,-1.424895575817210
511,1,784,.000000000000000,.000000000000000,-2.477941287312256,2.477941287312256
511,2,256,-4.955882574624482,9.911765149248964,-3.902821745049140,-1.053060829575348
511,3,10,-2.849760915473764,5.699521830947528,-1.424880457736883,-1.424880457736881
512,1,784,.000000000000000,.000000000000000,-2.477941287312258,2.477941287312258
512,2,256,-4.955882574624536,9.911765149249073,-3.902820220893972,-1.053062353730566
512,3,10,-2.849757867163432,5.699515734326863,-1.424878933581716,-1.424878933581716
513,1,784,.000000000000000,.000000000000000,-2.477941287312259,2.477941287312259
513,2,256,-4.955882574624536,9.911765149249073,-3.902825171957752,-1.053057402666780
513,3,10,-2.849767769290990,5.699535538581979,-1.424883884645496,-1.424883884645494
514,1,784,.000000000000000,.000000000000000,-2.477941287312255,2.477941287312255
514,2,256,-4.955882574624505,9.911765149249010,-3.902821785588163,-1.053060789036343
514,3,10,-2.849760996551820,5.699521993103640,-1.424880498275907,-1.424880498275913
515,1,784,.000000000000000,.000000000000000,-2.477941287312260,2.477941287312260
515,2,256,-4.955882574624485,9.911765149248970,-3.902804959627026,-1.053077614997459
515,3,10,-2.849727344629534,5.699454689259068,-1.424863672314769,-1.424863672314765
516,1,784,.000000000000000,.000000000000000,-2.477941287312254,2.477941287312254
516,2,256,-4.955882574624524,9.911765149249048,-3.902755025593086,-1.053127549031440
516,3,10,-2.849627476561657,5.699254953123313,-1.424813738280828,-1.424813738280828
517,1,784,.000000000000000,.000000000000000,-2.477941287312254,2.477941287312254
517,2,256,-4.955882574624515,9.911765149249030,-3.902873965865977,-1.053008608758540
517,3,10,-2.849865357107447,5.699730714214895,-1.424932678553722,-1.424932678553726
518,1,784,.000000000000000,.000000000000000,-2.477941287312257,2.477941287312257
518,2,256,-4.955882574624552,9.911765149249105,-3.902889458070249,-1.052993116554303
518,3,10,-2.849896341515994,5.699792683031988,-1.424948170757994,-1.424948170758000
519,1,784,.000000000000000,.000000000000000,-2.477941287312259,2.477941287312259
519,2,256,-4.955882574624519,9.911765149249037,-3.902921947178912,-1.052960627445608
519,3,10,-2.849961319733304,5.699922639466608,-1.424980659866656,-1.424980659866649
520,1,784,.000000000000000,.000000000000000,-2.477941287312259,2.477941287312259
520,2,256,-4.955882574624532,9.911765149249064,-3.902811726255325,-1.053070848369206
520,3,10,-2.849740877886151,5.699481755772302,-1.424870438943073,-1.424870438943078
521,1,784,.000000000000000,.000000000000000,-2.477941287312260,2.477941287312260
521,2,256,-4.955882574624513,9.911765149249026,-3.902944989760234,-1.052937584864283
521,3,10,-2.850007404895956,5.700014809791911,-1.425003702447977,-1.425003702447979
522,1,784,.000000000000000,.000000000000000,-2.477941287312260,2.477941287312260
522,2,256,-4.955882574624521,9.911765149249042,-3.902871213351432,-1.053011361273087
522,3,10,-2.849859852078355,5.699719704156710,-1.424929926039177,-1.424929926039178
523,1,784,.000000000000000,.000000000000000,-2.477941287312257,2.477941287312257
523,2,256,-4.955882574624526,9.911765149249051,-3.902902994270998,-1.052979580353525
523,3,10,-2.849923413917480,5.699846827834961,-1.424961706958742,-1.424961706958738
524,1,784,.000000000000000,.000000000000000,-2.477941287312257,2.477941287312257
524,2,256,-4.955882574624564,9.911765149249128,-3.902927925424580,-1.052954649199984
524,3,10,-2.849973276224644,5.699946552449289,-1.424986638112325,-1.424986638112320
525,1,784,.000000000000000,.000000000000000,-2.477941287312257,2.477941287312257
525,2,256,-4.955882574624523,9.911765149249046,-3.902806785571151,-1.053075789053370
525,3,10,-2.849730996517796,5.699461993035592,-1.424865498258897,-1.424865498258899
526,1,784,.000000000000000,.000000000000000,-2.477941287312259,2.477941287312259
526,2,256,-4.955882574624527,9.911765149249055,-3.902851901386528,-1.053030673238001
526,3,10,-2.849821228148544,5.699642456297089,-1.424910614074270,-1.424910614074275
527,1,784,.000000000000000,.000000000000000,-2.477941287312258,2.477941287312258
527,2,256,-4.955882574624496,9.911765149248993,-3.902883366500796,-1.052999208123700
527,3,10,-2.849884158377075,5.699768316754150,-1.424942079188538,-1.424942079188537
528,1,784,.000000000000000,.000000000000000,-2.477941287312257,2.477941287312257
528,2,256,-4.955882574624495,9.911765149248989,-3.902823414024315,-1.053059160600179
528,3,10,-2.849764253424125,5.699528506848250,-1.424882126712062,-1.424882126712063
529,1,784,.000000000000000,.000000000000000,-2.477941287312258,2.477941287312258
529,2,256,-4.955882574624422,9.911765149248843,-3.902885089071358,-1.052997485553066
529,3,10,-2.849887603518205,5.699775207036409,-1.424943801759104,-1.424943801759101
530,1,784,.000000000000000,.000000000000000,-2.477941287312255,2.477941287312255
530,2,256,-4.955882574624497,9.911765149248994,-3.902887195365953,-1.052995379258544
530,3,10,-2.849891816107392,5.699783632214784,-1.424945908053697,-1.424945908053695
531,1,784,.000000000000000,.000000000000000,-2.477941287312258,2.477941287312258
531,2,256,-4.955882574624496,9.911765149248993,-3.902860704602166,-1.053021870022329
531,3,10,-2.849838834579823,5.699677669159646,-1.424919417289909,-1.424919417289914
532,1,784,.000000000000000,.000000000000000,-2.477941287312258,2.477941287312258
532,2,256,-4.955882574624573,9.911765149249145,-3.902876173059950,-1.053006401564620
532,3,10,-2.849869771495381,5.699739542990763,-1.424934885747693,-1.424934885747689
533,1,784,.000000000000000,.000000000000000,-2.477941287312261,2.477941287312261
533,2,256,-4.955882574624528,9.911765149249057,-3.902824839683287,-1.053057734941244
533,3,10,-2.849767104742060,5.699534209484120,-1.424883552371030,-1.424883552371029
534,1,784,.000000000000000,.000000000000000,-2.477941287312254,2.477941287312254
534,2,256,-4.955882574624502,9.911765149249003,-3.902860389160876,-1.053022185463626
534,3,10,-2.849838203697248,5.699676407394495,-1.424919101848620,-1.424919101848628
535,1,784,.000000000000000,.000000000000000,-2.477941287312257,2.477941287312257
535,2,256,-4.955882574624494,9.911765149248987,-3.902847424238026,-1.053035150386469
535,3,10,-2.849812273851536,5.699624547703072,-1.424906136925769,-1.424906136925767
536,1,784,.000000000000000,.000000000000000,-2.477941287312256,2.477941287312256
536,2,256,-4.955882574624474,9.911765149248948,-3.902915950234404,-1.052966624390071
536,3,10,-2.849949325844293,5.699898651688586,-1.424974662922147,-1.424974662922146
537,1,784,.000000000000000,.000000000000000,-2.477941287312255,2.477941287312255
537,2,256,-4.955882574624545,9.911765149249090,-3.902878794363262,-1.053003780261285
537,3,10,-2.849875014102007,5.699750028204013,-1.424937507051007,-1.424937507051000
538,1,784,.000000000000000,.000000000000000,-2.477941287312261,2.477941287312261
538,2,256,-4.955882574624530,9.911765149249060,-3.902946067208863,-1.052936507415667
538,3,10,-2.850009559793214,5.700019119586428,-1.425004779896606,-1.425004779896608
539,1,784,.000000000000000,.000000000000000,-2.477941287312257,2.477941287312257
539,2,256,-4.955882574624534,9.911765149249067,-3.902846448602575,-1.053036126021955
539,3,10,-2.849810322580649,5.699620645161297,-1.424905161290323,-1.424905161290326
540,1,784,.000000000000000,.000000000000000,-2.477941287312257,2.477941287312257
540,2,256,-4.955882574624555,9.911765149249110,-3.902857277326695,-1.053025297297859
540,3,10,-2.849831980028873,5.699663960057746,-1.424915990014438,-1.424915990014436
541,1,784,.000000000000000,.000000000000000,-2.477941287312257,2.477941287312257
541,2,256,-4.955882574624496,9.911765149248993,-3.902831449537018,-1.053051125087480
541,3,10,-2.849780324449523,5.699560648899046,-1.424890162224762,-1.424890162224762
542,1,784,.000000000000000,.000000000000000,-2.477941287312257,2.477941287312257
542,2,256,-4.955882574624458,9.911765149248916,-3.902839272010622,-1.053043302613834
542,3,10,-2.849795969396734,5.699591938793468,-1.424897984698366,-1.424897984698367
543,1,784,.000000000000000,.000000000000000,-2.477941287312254,2.477941287312254
543,2,256,-4.955882574624529,9.911765149249058,-3.902896383613886,-1.052986191010639
543,3,10,-2.849910192603254,5.699820385206508,-1.424955096301630,-1.424955096301624
544,1,784,.000000000000000,.000000000000000,-2.477941287312255,2.477941287312255
544,2,256,-4.955882574624519,9.911765149249037,-3.902878467284328,-1.053004107340189
544,3,10,-2.849874359944152,5.699748719888304,-1.424937179972075,-1.424937179972078
545,1,784,.000000000000000,.000000000000000,-2.477941287312261,2.477941287312261
545,2,256,-4.955882574624495,9.911765149248989,-3.902877638194102,-1.053004936430388
545,3,10,-2.849872701763690,5.699745403527380,-1.424936350881846,-1.424936350881844
546,1,784,.000000000000000,.000000000000000,-2.477941287312257,2.477941287312257
546,2,256,-4.955882574624514,9.911765149249028,-3.902757177576209,-1.053125397048304
546,3,10,-2.849631780527905,5.699263561055811,-1.424815890263954,-1.424815890263951
547,1,784,.000000000000000,.000000000000000,-2.477941287312258,2.477941287312258
547,2,256,-4.955882574624515,9.911765149249030,-3.902850249444872,-1.053032325179646
547,3,10,-2.849817924265230,5.699635848530459,-1.424908962132615,-1.424908962132615
548,1,784,.000000000000000,.000000000000000,-2.477941287312257,2.477941287312257
548,2,256,-4.955882574624515,9.911765149249030,-3.902875373532681,-1.053007201091834
548,3,10,-2.849868172440848,5.699736344881696,-1.424934086220426,-1.424934086220422
549,1,784,.000000000000000,.000000000000000,-2.477941287312261,2.477941287312261
549,2,256,-4.955882574624525,9.911765149249050,-3.902936263566251,-1.052946311058277
549,3,10,-2.849989952507989,5.699979905015978,-1.424994976253994,-1.424994976253995
550,1,784,.000000000000000,.000000000000000,-2.477941287312254,2.477941287312254
550,2,256,-4.955882574624506,9.911765149249012,-3.902958978635776,-1.052923595988726
550,3,10,-2.850035382647047,5.700070765294093,-1.425017691323521,-1.425017691323525
551,1,784,.000000000000000,.000000000000000,-2.477941287312261,2.477941287312261
551,2,256,-4.955882574624519,9.911765149249039,-3.902865584134954,-1.053016990489563
551,3,10,-2.849848593645395,5.699697187290790,-1.424924296822698,-1.424924296822697
552,1,784,.000000000000000,.000000000000000,-2.477941287312257,2.477941287312257
552,2,256,-4.955882574624500,9.911765149249000,-3.902846393365845,-1.053036181258653
552,3,10,-2.849810212107175,5.699620424214349,-1.424905106053588,-1.424905106053587
553,1,784,.000000000000000,.000000000000000,-2.477941287312257,2.477941287312257
553,2,256,-4.955882574624499,9.911765149248998,-3.902886755872495,-1.052995818752007
553,3,10,-2.849890937120478,5.699781874240956,-1.424945468560239,-1.424945468560239
554,1,784,.000000000000000,.000000000000000,-2.477941287312257,2.477941287312257
554,2,256,-4.955882574624521,9.911765149249042,-3.902943327760750,-1.052939246863773
554,3,10,-2.850004080896987,5.700008161793973,-1.425002040448493,-1.425002040448493
555,1,784,.000000000000000,.000000000000000,-2.477941287312257,2.477941287312257
555,2,256,-4.955882574624509,9.911765149249018,-3.902865719156043,-1.053016855468467
555,3,10,-2.849848863687567,5.699697727375135,-1.424924431843786,-1.424924431843781
556,1,784,.000000000000000,.000000000000000,-2.477941287312258,2.477941287312258
556,2,256,-4.955882574624529,9.911765149249058,-3.902824990599387,-1.053057584025143
556,3,10,-2.849767406574259,5.699534813148518,-1.424883703287131,-1.424883703287128
557,1,784,.000000000000000,.000000000000000,-2.477941287312256,2.477941287312256
557,2,256,-4.955882574624541,9.911765149249081,-3.902883783707166,-1.052998790917377
557,3,10,-2.849884992789818,5.699769985579636,-1.424942496394906,-1.424942496394911
558,1,784,.000000000000000,.000000000000000,-2.477941287312259,2.477941287312259
558,2,256,-4.955882574624509,9.911765149249018,-3.902904224189853,-1.052978350434654
558,3,10,-2.849925873755204,5.699851747510407,-1.424962936877600,-1.424962936877603
559,1,784,.000000000000000,.000000000000000,-2.477941287312254,2.477941287312254
559,2,256,-4.955882574624533,9.911765149249065,-3.902908838817177,-1.052973735807353
559,3,10,-2.849935103009840,5.699870206019679,-1.424967551504919,-1.424967551504920
560,1,784,.000000000000000,.000000000000000,-2.477941287312257,2.477941287312257
560,2,256,-4.955882574624458,9.911765149248916,-3.902859126214412,-1.053023448410044
560,3,10,-2.849835677804317,5.699671355608634,-1.424917838902156,-1.424917838902162
561,1,784,.000000000000000,.000000000000000,-2.477941287312260,2.477941287312260
561,2,256,-4.955882574624507,9.911765149249014,-3.902912361945364,-1.052970212679138
561,3,10,-2.849942149266217,5.699884298532434,-1.424971074633108,-1.424971074633109
562,1,784,.000000000000000,.000000000000000,-2.477941287312254,2.477941287312254
562,2,256,-4.955882574624525,9.911765149249050,-3.902804707421192,-1.053077867203334
562,3,10,-2.849726840217866,5.699453680435732,-1.424863420108936,-1.424863420108930
563,1,784,.000000000000000,.000000000000000,-2.477941287312258,2.477941287312258
563,2,256,-4.955882574624490,9.911765149248980,-3.902890623191774,-1.052991951432712
563,3,10,-2.849898671759040,5.699797343518079,-1.424949335879519,-1.424949335879520
564,1,784,.000000000000000,.000000000000000,-2.477941287312257,2.477941287312257
564,2,256,-4.955882574624507,9.911765149249014,-3.902846170487385,-1.053036404137113
564,3,10,-2.849809766350263,5.699619532700526,-1.424904883175132,-1.424904883175131
565,1,784,.000000000000000,.000000000000000,-2.477941287312259,2.477941287312259
565,2,256,-4.955882574624490,9.911765149248980,-3.902899005910009,-1.052983568714480
565,3,10,-2.849915437195506,5.699830874391012,-1.424957718597752,-1.424957718597753
566,1,784,.000000000000000,.000000000000000,-2.477941287312257,2.477941287312257
566,2,256,-4.955882574624495,9.911765149248989,-3.902857197482960,-1.053025377141536
566,3,10,-2.849831820341403,5.699663640682807,-1.424915910170704,-1.424915910170700
567,1,784,.000000000000000,.000000000000000,-2.477941287312257,2.477941287312257
567,2,256,-4.955882574624542,9.911765149249083,-3.902852811149259,-1.053029763475280
567,3,10,-2.849823047674009,5.699646095348018,-1.424911523837003,-1.424911523837006
568,1,784,.000000000000000,.000000000000000,-2.477941287312255,2.477941287312255
568,2,256,-4.955882574624512,9.911765149249025,-3.902886178503374,-1.052996396121136
568,3,10,-2.849889782382242,5.699779564764484,-1.424944891191118,-1.424944891191124
569,1,784,.000000000000000,.000000000000000,-2.477941287312255,2.477941287312255
569,2,256,-4.955882574624495,9.911765149248991,-3.902796473480867,-1.053086101143625
569,3,10,-2.849710372337232,5.699420744674463,-1.424855186168613,-1.424855186168618
570,1,784,.000000000000000,.000000000000000,-2.477941287312258,2.477941287312258
570,2,256,-4.955882574624543,9.911765149249087,-3.902905418516887,-1.052977156107657
570,3,10,-2.849928262409265,5.699856524818530,-1.424964131204629,-1.424964131204636
571,1,784,.000000000000000,.000000000000000,-2.477941287312252,2.477941287312252
571,2,256,-4.955882574624577,9.911765149249154,-3.902871518996483,-1.053011055628094
571,3,10,-2.849860463368457,5.699720926736914,-1.424930231684228,-1.424930231684230
572,1,784,.000000000000000,.000000000000000,-2.477941287312261,2.477941287312261
572,2,256,-4.955882574624549,9.911765149249097,-3.902801503353854,-1.053081071270691
572,3,10,-2.849720432083196,5.699440864166392,-1.424860216041598,-1.424860216041597
573,1,784,.000000000000000,.000000000000000,-2.477941287312257,2.477941287312257
573,2,256,-4.955882574624527,9.911765149249055,-3.902768388623734,-1.053114186000795
573,3,10,-2.849654202622958,5.699308405245916,-1.424827101311477,-1.424827101311481
574,1,784,.000000000000000,.000000000000000,-2.477941287312259,2.477941287312259
574,2,256,-4.955882574624522,9.911765149249044,-3.902873756667645,-1.053008817956874
574,3,10,-2.849864938710779,5.699729877421558,-1.424932469355388,-1.424932469355391
575,1,784,.000000000000000,.000000000000000,-2.477941287312257,2.477941287312257
575,2,256,-4.955882574624473,9.911765149248946,-3.902838105420585,-1.053044469203885
575,3,10,-2.849793636216663,5.699587272433327,-1.424896818108330,-1.424896818108334
576,1,784,.000000000000000,.000000000000000,-2.477941287312256,2.477941287312256
576,2,256,-4.955882574624480,9.911765149248961,-3.902878900721171,-1.053003673903311
576,3,10,-2.849875226817832,5.699750453635664,-1.424937613408914,-1.424937613408918
577,1,784,.000000000000000,.000000000000000,-2.477941287312256,2.477941287312256
577,2,256,-4.955882574624490,9.911765149248980,-3.902918359615856,-1.052964215008635
577,3,10,-2.849954144607205,5.699908289214410,-1.424977072303600,-1.424977072303604
578,1,784,.000000000000000,.000000000000000,-2.477941287312257,2.477941287312257
578,2,256,-4.955882574624467,9.911765149248934,-3.902819394357090,-1.053063180267377
578,3,10,-2.849756214089667,5.699512428179334,-1.424878107044838,-1.424878107044829
579,1,784,.000000000000000,.000000000000000,-2.477941287312257,2.477941287312257
579,2,256,-4.955882574624520,9.911765149249041,-3.902852572135274,-1.053030002489243
579,3,10,-2.849822569646039,5.699645139292079,-1.424911284823020,-1.424911284823020
580,1,784,.000000000000000,.000000000000000,-2.477941287312257,2.477941287312257
580,2,256,-4.955882574624545,9.911765149249090,-3.902885603811842,-1.052996970812702
580,3,10,-2.849888632999174,5.699777265998349,-1.424944316499585,-1.424944316499589
581,1,784,.000000000000000,.000000000000000,-2.477941287312257,2.477941287312257
581,2,256,-4.955882574624540,9.911765149249080,-3.902905950951141,-1.052976623673400
581,3,10,-2.849929327277771,5.699858654555541,-1.424964663638884,-1.424964663638886
582,1,784,.000000000000000,.000000000000000,-2.477941287312258,2.477941287312258
582,2,256,-4.955882574624479,9.911765149248959,-3.902953272826097,-1.052929301798387
582,3,10,-2.850023971027678,5.700047942055357,-1.425011985513840,-1.425011985513839
583,1,784,.000000000000000,.000000000000000,-2.477941287312257,2.477941287312257
583,2,256,-4.955882574624470,9.911765149248939,-3.902862842291691,-1.053019732332781
583,3,10,-2.849843109958874,5.699686219917748,-1.424921554979434,-1.424921554979440
584,1,784,.000000000000000,.000000000000000,-2.477941287312258,2.477941287312258
584,2,256,-4.955882574624494,9.911765149248987,-3.902865377631524,-1.053017196992971
584,3,10,-2.849848180638537,5.699696361277073,-1.424924090319269,-1.424924090319268
585,1,784,.000000000000000,.000000000000000,-2.477941287312254,2.477941287312254
585,2,256,-4.955882574624512,9.911765149249025,-3.902796664074933,-1.053085910549577
585,3,10,-2.849710753525354,5.699421507050708,-1.424855376762677,-1.424855376762677
586,1,784,.000000000000000,.000000000000000,-2.477941287312261,2.477941287312261
586,2,256,-4.955882574624524,9.911765149249048,-3.902962635334598,-1.052919939289921
586,3,10,-2.850042696044687,5.700085392089374,-1.425021348022343,-1.425021348022344
587,1,784,.000000000000000,.000000000000000,-2.477941287312260,2.477941287312260
587,2,256,-4.955882574624511,9.911765149249023,-3.902833470219012,-1.053049104405499
587,3,10,-2.849784365813511,5.699568731627021,-1.424892182906756,-1.424892182906755
588,1,784,.000000000000000,.000000000000000,-2.477941287312256,2.477941287312256
588,2,256,-4.955882574624552,9.911765149249105,-3.902887665935409,-1.052994908689139
588,3,10,-2.849892757246313,5.699785514492627,-1.424946378623156,-1.424946378623158
589,1,784,.000000000000000,.000000000000000,-2.477941287312253,2.477941287312253
589,2,256,-4.955882574624505,9.911765149249010,-3.902855684413827,-1.053026890210679
589,3,10,-2.849828794203143,5.699657588406287,-1.424914397101571,-1.424914397101572
590,1,784,.000000000000000,.000000000000000,-2.477941287312257,2.477941287312257
590,2,256,-4.955882574624500,9.911765149249000,-3.902908414954284,-1.052974159670213
590,3,10,-2.849934255284060,5.699868510568121,-1.424967127642029,-1.424967127642032
591,1,784,.000000000000000,.000000000000000,-2.477941287312257,2.477941287312257
591,2,256,-4.955882574624485,9.911765149248970,-3.902856941366547,-1.053025633257938
591,3,10,-2.849831308108583,5.699662616217166,-1.424915654054290,-1.424915654054293
592,1,784,.000000000000000,.000000000000000,-2.477941287312253,2.477941287312253
592,2,256,-4.955882574624527,9.911765149249055,-3.902870189236332,-1.053012385388197
592,3,10,-2.849857803848157,5.699715607696315,-1.424928901924076,-1.424928901924082
593,1,784,.000000000000000,.000000000000000,-2.477941287312257,2.477941287312257
593,2,256,-4.955882574624519,9.911765149249037,-3.902834318362019,-1.053048256262502
593,3,10,-2.849786062099523,5.699572124199046,-1.424893031049763,-1.424893031049760
594,1,784,.000000000000000,.000000000000000,-2.477941287312257,2.477941287312257
594,2,256,-4.955882574624508,9.911765149249016,-3.902909850778039,-1.052972723846469
594,3,10,-2.849937126931571,5.699874253863142,-1.424968563465784,-1.424968563465786
595,1,784,.000000000000000,.000000000000000,-2.477941287312259,2.477941287312259
595,2,256,-4.955882574624536,9.911765149249073,-3.902838171694841,-1.053044402929696
595,3,10,-2.849793768765175,5.699587537530350,-1.424896884382587,-1.424896884382588
596,1,784,.000000000000000,.000000000000000,-2.477941287312259,2.477941287312259
596,2,256,-4.955882574624503,9.911765149249005,-3.902864563236681,-1.053018011387817
596,3,10,-2.849846551848863,5.699693103697727,-1.424923275924428,-1.424923275924435
597,1,784,.000000000000000,.000000000000000,-2.477941287312260,2.477941287312260
597,2,256,-4.955882574624515,9.911765149249030,-3.902873528784570,-1.053009045839946
597,3,10,-2.849864482944626,5.699728965889252,-1.424932241472316,-1.424932241472310
598,1,784,.000000000000000,.000000000000000,-2.477941287312251,2.477941287312251
598,2,256,-4.955882574624523,9.911765149249046,-3.902846689968436,-1.053035884656086
598,3,10,-2.849810805312355,5.699621610624710,-1.424905402656178,-1.424905402656177
599,1,784,.000000000000000,.000000000000000,-2.477941287312255,2.477941287312255
599,2,256,-4.955882574624472,9.911765149248945,-3.902862695761682,-1.053019878862788
599,3,10,-2.849842816898855,5.699685633797710,-1.424921408449428,-1.424921408449427
600,1,784,.000000000000000,.000000000000000,-2.477941287312257,2.477941287312257
600,2,256,-4.955882574624480,9.911765149248961,-3.902823462399496,-1.053059112224984
600,3,10,-2.849764350174480,5.699528700348959,-1.424882175087240,-1.424882175087240
601,1,784,.000000000000000,.000000000000000,-2.477941287312254,2.477941287312254
601,2,256,-4.955882574624528,9.911765149249057,-3.902807758739254,-1.053074815885275
601,3,10,-2.849732942853994,5.699465885707989,-1.424866471426998,-1.424866471426997
602,1,784,.000000000000000,.000000000000000,-2.477941287312256,2.477941287312256
602,2,256,-4.955882574624563,9.911765149249126,-3.902864118800151,-1.053018455824413
602,3,10,-2.849845662975789,5.699691325951577,-1.424922831487897,-1.424922831487892
603,1,784,.000000000000000,.000000000000000,-2.477941287312257,2.477941287312257
603,2,256,-4.955882574624508,9.911765149249016,-3.902942653909304,-1.052939920715204
603,3,10,-2.850002733194094,5.700005466388189,-1.425001366597047,-1.425001366597047
604,1,784,.000000000000000,.000000000000000,-2.477941287312254,2.477941287312254
604,2,256,-4.955882574624503,9.911765149249007,-3.902924805738229,-1.052957768886273
604,3,10,-2.849967036851941,5.699934073703883,-1.424983518425972,-1.424983518425969
605,1,784,.000000000000000,.000000000000000,-2.477941287312257,2.477941287312257
605,2,256,-4.955882574624513,9.911765149249026,-3.902878826326302,-1.053003748298215
605,3,10,-2.849875078028088,5.699750156056176,-1.424937539014047,-1.424937539014041
606,1,784,.000000000000000,.000000000000000,-2.477941287312256,2.477941287312256
606,2,256,-4.955882574624503,9.911765149249005,-3.902837997906420,-1.053044576718080
606,3,10,-2.849793421188333,5.699586842376666,-1.424896710594165,-1.424896710594168
607,1,784,.000000000000000,.000000000000000,-2.477941287312257,2.477941287312257
607,2,256,-4.955882574624497,9.911765149248994,-3.902818334206489,-1.053064240418010
607,3,10,-2.849754093788471,5.699508187576942,-1.424877046894234,-1.424877046894237
608,1,784,.000000000000000,.000000000000000,-2.477941287312256,2.477941287312256
608,2,256,-4.955882574624508,9.911765149249016,-3.902855583166061,-1.053026991458447
608,3,10,-2.849828591707615,5.699657183415230,-1.424914295853805,-1.424914295853810
609,1,784,.000000000000000,.000000000000000,-2.477941287312258,2.477941287312258
609,2,256,-4.955882574624520,9.911765149249041,-3.902886632529788,-1.052995942094733
609,3,10,-2.849890690435062,5.699781380870124,-1.424945345217531,-1.424945345217531
610,1,784,.000000000000000,.000000000000000,-2.477941287312255,2.477941287312255
610,2,256,-4.955882574624491,9.911765149248982,-3.902896671988149,-1.052985902636342
610,3,10,-2.849910769351788,5.699821538703576,-1.424955384675892,-1.424955384675896
611,1,784,.000000000000000,.000000000000000,-2.477941287312257,2.477941287312257
611,2,256,-4.955882574624507,9.911765149249014,-3.902906711377744,-1.052975863246760
611,3,10,-2.849930848130979,5.699861696261959,-1.424965424065490,-1.424965424065489
612,1,784,.000000000000000,.000000000000000,-2.477941287312256,2.477941287312256
612,2,256,-4.955882574624525,9.911765149249050,-3.902892625108393,-1.052989949516136
612,3,10,-2.849902675592267,5.699805351184534,-1.424951337796136,-1.424951337796132
613,1,784,.000000000000000,.000000000000000,-2.477941287312259,2.477941287312259
613,2,256,-4.955882574624478,9.911765149248955,-3.902759387072747,-1.053123187551731
613,3,10,-2.849636199520979,5.699272399041958,-1.424818099760492,-1.424818099760487
614,1,784,.000000000000000,.000000000000000,-2.477941287312260,2.477941287312260
614,2,256,-4.955882574624518,9.911765149249035,-3.902849329907843,-1.053033244716671
614,3,10,-2.849816085191176,5.699632170382352,-1.424908042595587,-1.424908042595589
615,1,784,.000000000000000,.000000000000000,-2.477941287312257,2.477941287312257
615,2,256,-4.955882574624494,9.911765149248987,-3.902857377761316,-1.053025196863176
615,3,10,-2.849832180898120,5.699664361796239,-1.424916090449061,-1.424916090449059
616,1,784,.000000000000000,.000000000000000,-2.477941287312256,2.477941287312256
616,2,256,-4.955882574624519,9.911765149249037,-3.902887137981921,-1.052995436642598
616,3,10,-2.849891701339333,5.699783402678666,-1.424945850669667,-1.424945850669666
617,1,784,.000000000000000,.000000000000000,-2.477941287312260,2.477941287312260
617,2,256,-4.955882574624476,9.911765149248952,-3.902886236801286,-1.052996337823191
617,3,10,-2.849889898978063,5.699779797956126,-1.424944949489031,-1.424944949489031
618,1,784,.000000000000000,.000000000000000,-2.477941287312257,2.477941287312257
618,2,256,-4.955882574624559,9.911765149249117,-3.902803927660937,-1.053078646963619
618,3,10,-2.849725280697360,5.699450561394720,-1.424862640348681,-1.424862640348679
619,1,784,.000000000000000,.000000000000000,-2.477941287312255,2.477941287312255
619,2,256,-4.955882574624504,9.911765149249009,-3.902868189820577,-1.053014384803922
619,3,10,-2.849853805016656,5.699707610033312,-1.424926902508324,-1.424926902508332
620,1,784,.000000000000000,.000000000000000,-2.477941287312254,2.477941287312254
620,2,256,-4.955882574624527,9.911765149249053,-3.902848595533834,-1.053033979090690
620,3,10,-2.849814616443151,5.699629232886301,-1.424907308221579,-1.424907308221572
621,1,784,.000000000000000,.000000000000000,-2.477941287312258,2.477941287312258
621,2,256,-4.955882574624487,9.911765149248975,-3.902872778309272,-1.053009796315215
621,3,10,-2.849862981994038,5.699725963988076,-1.424931490997018,-1.424931490997020
622,1,784,.000000000000000,.000000000000000,-2.477941287312262,2.477941287312262
622,2,256,-4.955882574624548,9.911765149249096,-3.902904803500571,-1.052977771123980
622,3,10,-2.849927032376630,5.699854064753260,-1.424963516188314,-1.424963516188316
623,1,784,.000000000000000,.000000000000000,-2.477941287312261,2.477941287312261
623,2,256,-4.955882574624534,9.911765149249067,-3.902883870508629,-1.052998704115907
623,3,10,-2.849885166392743,5.699770332785485,-1.424942583196371,-1.424942583196372
624,1,784,.000000000000000,.000000000000000,-2.477941287312261,2.477941287312261
624,2,256,-4.955882574624471,9.911765149248941,-3.902791180930893,-1.053091393693573
624,3,10,-2.849699787237284,5.699399574474567,-1.424849893618640,-1.424849893618644
625,1,784,.000000000000000,.000000000000000,-2.477941287312256,2.477941287312256
625,2,256,-4.955882574624510,9.911765149249019,-3.902857716151366,-1.053024858473146
625,3,10,-2.849832857678218,5.699665715356437,-1.424916428839111,-1.424916428839108
626,1,784,.000000000000000,.000000000000000,-2.477941287312255,2.477941287312255
626,2,256,-4.955882574624543,9.911765149249085,-3.902835030282353,-1.053047544342188
626,3,10,-2.849787485940193,5.699574971880387,-1.424893742970099,-1.424893742970095
627,1,784,.000000000000000,.000000000000000,-2.477941287312257,2.477941287312257
627,2,256,-4.955882574624481,9.911765149248962,-3.902977784916158,-1.052904789708320
627,3,10,-2.850072995207806,5.700145990415613,-1.425036497603904,-1.425036497603902
628,1,784,.000000000000000,.000000000000000,-2.477941287312259,2.477941287312259
628,2,256,-4.955882574624496,9.911765149248993,-3.902912932235366,-1.052969642389129
628,3,10,-2.849943289846219,5.699886579692438,-1.424971644923108,-1.424971644923110
629,1,784,.000000000000000,.000000000000000,-2.477941287312260,2.477941287312260
629,2,256,-4.955882574624479,9.911765149248959,-3.902875207729689,-1.053007366894793
629,3,10,-2.849867840834865,5.699735681669730,-1.424933920417433,-1.424933920417432
630,1,784,.000000000000000,.000000000000000,-2.477941287312257,2.477941287312257
630,2,256,-4.955882574624471,9.911765149248943,-3.902904738794778,-1.052977835829692
630,3,10,-2.849926902965048,5.699853805930096,-1.424963451482526,-1.424963451482523
631,1,784,.000000000000000,.000000000000000,-2.477941287312256,2.477941287312256
631,2,256,-4.955882574624527,9.911765149249053,-3.902945141367499,-1.052937433257027
631,3,10,-2.850007708110487,5.700015416220975,-1.425003854055244,-1.425003854055244
632,1,784,.000000000000000,.000000000000000,-2.477941287312257,2.477941287312257
632,2,256,-4.955882574624518,9.911765149249035,-3.902898543696078,-1.052984030928441
632,3,10,-2.849914512767646,5.699829025535292,-1.424957256383823,-1.424957256383822
633,1,784,.000000000000000,.000000000000000,-2.477941287312257,2.477941287312257
633,2,256,-4.955882574624484,9.911765149248968,-3.902812037477231,-1.053070537147254
633,3,10,-2.849741500329946,5.699483000659892,-1.424870750164975,-1.424870750164971
634,1,784,.000000000000000,.000000000000000,-2.477941287312257,2.477941287312257
634,2,256,-4.955882574624509,9.911765149249018,-3.902877667987215,-1.053004906637291
634,3,10,-2.849872761349918,5.699745522699835,-1.424936380674960,-1.424936380674957
635,1,784,.000000000000000,.000000000000000,-2.477941287312262,2.477941287312262
635,2,256,-4.955882574624523,9.911765149249046,-3.902855462925607,-1.053027111698917
635,3,10,-2.849828351226705,5.699656702453410,-1.424914175613352,-1.424914175613353
636,1,784,.000000000000000,.000000000000000,-2.477941287312257,2.477941287312257
636,2,256,-4.955882574624538,9.911765149249076,-3.902881535314844,-1.053001039309691
636,3,10,-2.849880496005180,5.699760992010360,-1.424940248002590,-1.424940248002590
637,1,784,.000000000000000,.000000000000000,-2.477941287312257,2.477941287312257
637,2,256,-4.955882574624534,9.911765149249067,-3.902824986393243,-1.053057588231290
637,3,10,-2.849767398161974,5.699534796323947,-1.424883699080986,-1.424883699080987
638,1,784,.000000000000000,.000000000000000,-2.477941287312260,2.477941287312260
638,2,256,-4.955882574624559,9.911765149249117,-3.902849911726672,-1.053032662897887
638,3,10,-2.849817248828830,5.699634497657661,-1.424908624414414,-1.424908624414417
639,1,784,.000000000000000,.000000000000000,-2.477941287312255,2.477941287312255
639,2,256,-4.955882574624531,9.911765149249062,-3.902906728721679,-1.052975845902851
639,3,10,-2.849930882818841,5.699861765637682,-1.424965441409422,-1.424965441409420
640,1,784,.000000000000000,.000000000000000,-2.477941287312255,2.477941287312255
640,2,256,-4.955882574624511,9.911765149249023,-3.902889127456074,-1.052993447168439
640,3,10,-2.849895680287641,5.699791360575283,-1.424947840143818,-1.424947840143824
641,1,784,.000000000000000,.000000000000000,-2.477941287312257,2.477941287312257
641,2,256,-4.955882574624533,9.911765149249065,-3.902865242353047,-1.053017332271482
641,3,10,-2.849847910081586,5.699695820163172,-1.424923955040793,-1.424923955040793
642,1,784,.000000000000000,.000000000000000,-2.477941287312258,2.477941287312258
642,2,256,-4.955882574624464,9.911765149248929,-3.902771399728961,-1.053111174895508
642,3,10,-2.849660224833405,5.699320449666810,-1.424830112416704,-1.424830112416701
643,1,784,.000000000000000,.000000000000000,-2.477941287312258,2.477941287312258
643,2,256,-4.955882574624479,9.911765149248959,-3.902960365147077,-1.052922209477404
643,3,10,-2.850038155669641,5.700076311339282,-1.425019077834821,-1.425019077834819
644,1,784,.000000000000000,.000000000000000,-2.477941287312259,2.477941287312259
644,2,256,-4.955882574624543,9.911765149249087,-3.902883495046735,-1.052999079577807
644,3,10,-2.849884415468958,5.699768830937916,-1.424942207734479,-1.424942207734479
645,1,784,.000000000000000,.000000000000000,-2.477941287312257,2.477941287312257
645,2,256,-4.955882574624494,9.911765149248987,-3.902869943822046,-1.053012630802447
645,3,10,-2.849857313019578,5.699714626039157,-1.424928656509790,-1.424928656509789
646,1,784,.000000000000000,.000000000000000,-2.477941287312258,2.477941287312258
646,2,256,-4.955882574624519,9.911765149249037,-3.902938168132230,-1.052944406492288
646,3,10,-2.849993761639952,5.699987523279903,-1.424996880819975,-1.424996880819976
647,1,784,.000000000000000,.000000000000000,-2.477941287312257,2.477941287312257
647,2,256,-4.955882574624557,9.911765149249113,-3.902905723504180,-1.052976851120377
647,3,10,-2.849928872383845,5.699857744767690,-1.424964436191923,-1.424964436191922
648,1,784,.000000000000000,.000000000000000,-2.477941287312259,2.477941287312259
648,2,256,-4.955882574624473,9.911765149248946,-3.902874936661677,-1.053007637962796
648,3,10,-2.849867298698844,5.699734597397687,-1.424933649349421,-1.424933649349423
649,1,784,.000000000000000,.000000000000000,-2.477941287312261,2.477941287312261
649,2,256,-4.955882574624492,9.911765149248984,-3.902864868293160,-1.053017706331328
649,3,10,-2.849847161961814,5.699694323923628,-1.424923580980907,-1.424923580980907
650,1,784,.000000000000000,.000000000000000,-2.477941287312257,2.477941287312257
650,2,256,-4.955882574624528,9.911765149249057,-3.902829862449579,-1.053052712174949
650,3,10,-2.849777150274636,5.699554300549273,-1.424888575137321,-1.424888575137315
651,1,784,.000000000000000,.000000000000000,-2.477941287312259,2.477941287312259
651,2,256,-4.955882574624535,9.911765149249069,-3.902873113555976,-1.053009461068552
651,3,10,-2.849863652487439,5.699727304974878,-1.424931826243721,-1.424931826243719
652,1,784,.000000000000000,.000000000000000,-2.477941287312258,2.477941287312258
652,2,256,-4.955882574624563,9.911765149249126,-3.902854274347180,-1.053028300277383
652,3,10,-2.849825974069851,5.699651948139701,-1.424912987034924,-1.424912987034927
653,1,784,.000000000000000,.000000000000000,-2.477941287312254,2.477941287312254
653,2,256,-4.955882574624503,9.911765149249005,-3.902898673553123,-1.052983901071377
653,3,10,-2.849914772481730,5.699829544963460,-1.424957386240867,-1.424957386240863
654,1,784,.000000000000000,.000000000000000,-2.477941287312257,2.477941287312257
654,2,256,-4.955882574624551,9.911765149249101,-3.902823297241786,-1.053059277382759
654,3,10,-2.849764019859069,5.699528039718137,-1.424882009929532,-1.424882009929537
655,1,784,.000000000000000,.000000000000000,-2.477941287312255,2.477941287312255
655,2,256,-4.955882574624535,9.911765149249069,-3.902834010960342,-1.053048563664194
655,3,10,-2.849785447296174,5.699570894592347,-1.424892723648085,-1.424892723648089
656,1,784,.000000000000000,.000000000000000,-2.477941287312254,2.477941287312254
656,2,256,-4.955882574624555,9.911765149249110,-3.902807292797458,-1.053075281827096
656,3,10,-2.849732010970408,5.699464021940816,-1.424866005485203,-1.424866005485204
657,1,784,.000000000000000,.000000000000000,-2.477941287312255,2.477941287312255
657,2,256,-4.955882574624471,9.911765149248943,-3.902919242244741,-1.052963332379731
657,3,10,-2.849955909864976,5.699911819729952,-1.424977954932485,-1.424977954932491
658,1,784,.000000000000000,.000000000000000,-2.477941287312258,2.477941287312258
658,2,256,-4.955882574624514,9.911765149249028,-3.902989155603101,-1.052893419021417
658,3,10,-2.850095736581696,5.700191473163391,-1.425047868290845,-1.425047868290850
659,1,784,.000000000000000,.000000000000000,-2.477941287312257,2.477941287312257
659,2,256,-4.955882574624494,9.911765149248987,-3.902797175653646,-1.053085398970849
659,3,10,-2.849711776682790,5.699423553365580,-1.424855888341390,-1.424855888341400
660,1,784,.000000000000000,.000000000000000,-2.477941287312255,2.477941287312255
660,2,256,-4.955882574624508,9.911765149249016,-3.902834646249449,-1.053047928375060
660,3,10,-2.849786717874387,5.699573435748773,-1.424893358937193,-1.424893358937194
661,1,784,.000000000000000,.000000000000000,-2.477941287312258,2.477941287312258
661,2,256,-4.955882574624507,9.911765149249014,-3.902907855346260,-1.052974719278249
661,3,10,-2.849933136068008,5.699866272136016,-1.424966568034005,-1.424966568034003
662,1,784,.000000000000000,.000000000000000,-2.477941287312254,2.477941287312254
662,2,256,-4.955882574624479,9.911765149248959,-3.902837359311395,-1.053045215313084
662,3,10,-2.849792143998284,5.699584287996569,-1.424896071999140,-1.424896071999143
663,1,784,.000000000000000,.000000000000000,-2.477941287312258,2.477941287312258
663,2,256,-4.955882574624511,9.911765149249021,-3.902830574077894,-1.053052000546620
663,3,10,-2.849778573531276,5.699557147062552,-1.424889286765638,-1.424889286765638
664,1,784,.000000000000000,.000000000000000,-2.477941287312259,2.477941287312259
664,2,256,-4.955882574624530,9.911765149249060,-3.902865882319567,-1.053016692304963
664,3,10,-2.849849190014624,5.699698380029249,-1.424924595007310,-1.424924595007314
665,1,784,.000000000000000,.000000000000000,-2.477941287312257,2.477941287312257
665,2,256,-4.955882574624545,9.911765149249090,-3.902796676725263,-1.053085897899282
665,3,10,-2.849710778826012,5.699421557652023,-1.424855389413008,-1.424855389413004
666,1,784,.000000000000000,.000000000000000,-2.477941287312261,2.477941287312261
666,2,256,-4.955882574624507,9.911765149249014,-3.902867194445858,-1.053015380178651
666,3,10,-2.849851814267205,5.699703628534410,-1.424925907133599,-1.424925907133605
667,1,784,.000000000000000,.000000000000000,-2.477941287312255,2.477941287312255
667,2,256,-4.955882574624512,9.911765149249025,-3.902912876168461,-1.052969698456047
667,3,10,-2.849943177712422,5.699886355424844,-1.424971588856208,-1.424971588856215
668,1,784,.000000000000000,.000000000000000,-2.477941287312253,2.477941287312253
668,2,256,-4.955882574624559,9.911765149249117,-3.902898815406199,-1.052983759218354
668,3,10,-2.849915056187890,5.699830112375779,-1.424957528093945,-1.424957528093945
669,1,784,.000000000000000,.000000000000000,-2.477941287312256,2.477941287312256
669,2,256,-4.955882574624488,9.911765149248977,-3.902844590541694,-1.053037984082796
669,3,10,-2.849806606458876,5.699613212917752,-1.424903303229438,-1.424903303229439
670,1,784,.000000000000000,.000000000000000,-2.477941287312259,2.477941287312259
670,2,256,-4.955882574624466,9.911765149248932,-3.902785991769832,-1.053096582854636
670,3,10,-2.849689408915143,5.699378817830286,-1.424844704457574,-1.424844704457569
671,1,784,.000000000000000,.000000000000000,-2.477941287312257,2.477941287312257
671,2,256,-4.955882574624504,9.911765149249009,-3.902831037861232,-1.053051536763272
671,3,10,-2.849779501097953,5.699559002195905,-1.424889750548975,-1.424889750548977
672,1,784,.000000000000000,.000000000000000,-2.477941287312256,2.477941287312256
672,2,256,-4.955882574624513,9.911765149249026,-3.902859112088320,-1.053023462536195
672,3,10,-2.849835649552131,5.699671299104263,-1.424917824776064,-1.424917824776067
673,1,784,.000000000000000,.000000000000000,-2.477941287312260,2.477941287312260
673,2,256,-4.955882574624514,9.911765149249028,-3.902886841542366,-1.052995733082145
673,3,10,-2.849891108460222,5.699782216920443,-1.424945554230112,-1.424945554230109
674,1,784,.000000000000000,.000000000000000,-2.477941287312257,2.477941287312257
674,2,256,-4.955882574624542,9.911765149249083,-3.902859415056201,-1.053023159568340
674,3,10,-2.849836255487895,5.699672510975790,-1.424918127743945,-1.424918127743950
675,1,784,.000000000000000,.000000000000000,-2.477941287312257,2.477941287312257
675,2,256,-4.955882574624542,9.911765149249083,-3.902807925342750,-1.053074649281792
675,3,10,-2.849733276060990,5.699466552121980,-1.424866638030495,-1.424866638030495
676,1,784,.000000000000000,.000000000000000,-2.477941287312255,2.477941287312255
676,2,256,-4.955882574624470,9.911765149248939,-3.902836775296442,-1.053045799328029
676,3,10,-2.849790975968370,5.699581951936739,-1.424895487984186,-1.424895487984184
677,1,784,.000000000000000,.000000000000000,-2.477941287312257,2.477941287312257
677,2,256,-4.955882574624493,9.911765149248986,-3.902811048142050,-1.053071526482440
677,3,10,-2.849739521659595,5.699479043319189,-1.424869760829797,-1.424869760829798
678,1,784,.000000000000000,.000000000000000,-2.477941287312260,2.477941287312260
678,2,256,-4.955882574624507,9.911765149249014,-3.902891798642610,-1.052990775981894
678,3,10,-2.849901022660708,5.699802045321415,-1.424950511330355,-1.424950511330353
679,1,784,.000000000000000,.000000000000000,-2.477941287312255,2.477941287312255
679,2,256,-4.955882574624478,9.911765149248955,-3.902909001247771,-1.052973573376710
679,3,10,-2.849935427871026,5.699870855742051,-1.424967713935514,-1.424967713935511
680,1,784,.000000000000000,.000000000000000,-2.477941287312260,2.477941287312260
680,2,256,-4.955882574624498,9.911765149248996,-3.902845519949204,-1.053037054675294
680,3,10,-2.849808465273898,5.699616930547797,-1.424904232636948,-1.424904232636950
681,1,784,.000000000000000,.000000000000000,-2.477941287312258,2.477941287312258
681,2,256,-4.955882574624525,9.911765149249050,-3.902889807719431,-1.052992766905096
681,3,10,-2.849897040814348,5.699794081628696,-1.424948520407173,-1.424948520407175
682,1,784,.000000000000000,.000000000000000,-2.477941287312258,2.477941287312258
682,2,256,-4.955882574624517,9.911765149249034,-3.902853685233617,-1.053028889390903
682,3,10,-2.849824795842718,5.699649591685436,-1.424912397921360,-1.424912397921358
683,1,784,.000000000000000,.000000000000000,-2.477941287312259,2.477941287312259
683,2,256,-4.955882574624513,9.911765149249026,-3.902876833949221,-1.053005740675287
683,3,10,-2.849871093273929,5.699742186547858,-1.424935546636966,-1.424935546636963
684,1,784,.000000000000000,.000000000000000,-2.477941287312260,2.477941287312260
684,2,256,-4.955882574624513,9.911765149249026,-3.902859738369746,-1.053022836254766
684,3,10,-2.849836902114990,5.699673804229979,-1.424918451057490,-1.424918451057500
685,1,784,.000000000000000,.000000000000000,-2.477941287312255,2.477941287312255
685,2,256,-4.955882574624500,9.911765149249000,-3.902851513156745,-1.053031061467756
685,3,10,-2.849820451688988,5.699640903377976,-1.424910225844491,-1.424910225844497
686,1,784,.000000000000000,.000000000000000,-2.477941287312260,2.477941287312260
686,2,256,-4.955882574624522,9.911765149249044,-3.902842723666687,-1.053039850957836
686,3,10,-2.849802872708864,5.699605745417728,-1.424901436354431,-1.424901436354433
687,1,784,.000000000000000,.000000000000000,-2.477941287312258,2.477941287312258
687,2,256,-4.955882574624536,9.911765149249073,-3.902855643491371,-1.053026931133164
687,3,10,-2.849828712358228,5.699657424716456,-1.424914356179115,-1.424914356179113
688,1,784,.000000000000000,.000000000000000,-2.477941287312257,2.477941287312257
688,2,256,-4.955882574624546,9.911765149249092,-3.902911493099555,-1.052971081524987
688,3,10,-2.849940411574599,5.699880823149197,-1.424970205787297,-1.424970205787301
689,1,784,.000000000000000,.000000000000000,-2.477941287312260,2.477941287312260
689,2,256,-4.955882574624483,9.911765149248966,-3.902824781419231,-1.053057793205256
689,3,10,-2.849766988213946,5.699533976427891,-1.424883494106975,-1.424883494106971
690,1,784,.000000000000000,.000000000000000,-2.477941287312255,2.477941287312255
690,2,256,-4.955882574624511,9.911765149249021,-3.902823457602834,-1.053059117021677
690,3,10,-2.849764340581144,5.699528681162287,-1.424882170290577,-1.424882170290566
691,1,784,.000000000000000,.000000000000000,-2.477941287312253,2.477941287312253
691,2,256,-4.955882574624496,9.911765149248993,-3.902835847733032,-1.053046726891466
691,3,10,-2.849789120841546,5.699578241683091,-1.424894560420773,-1.424894560420772
692,1,784,.000000000000000,.000000000000000,-2.477941287312259,2.477941287312259
692,2,256,-4.955882574624523,9.911765149249046,-3.902860064238501,-1.053022510386022
692,3,10,-2.849837553852483,5.699675107704967,-1.424918776926245,-1.424918776926239
693,1,784,.000000000000000,.000000000000000,-2.477941287312257,2.477941287312257
693,2,256,-4.955882574624488,9.911765149248977,-3.902908352316104,-1.052974222308386
693,3,10,-2.849934130007691,5.699868260015381,-1.424967065003847,-1.424967065003843
694,1,784,.000000000000000,.000000000000000,-2.477941287312258,2.477941287312258
694,2,256,-4.955882574624499,9.911765149248998,-3.902825403651264,-1.053057170973240
694,3,10,-2.849768232678014,5.699536465356028,-1.424884116339005,-1.424884116339008
695,1,784,.000000000000000,.000000000000000,-2.477941287312259,2.477941287312259
695,2,256,-4.955882574624522,9.911765149249044,-3.902848736731853,-1.053033837892671
695,3,10,-2.849814898839192,5.699629797678385,-1.424907449419596,-1.424907449419596
696,1,784,.000000000000000,.000000000000000,-2.477941287312257,2.477941287312257
696,2,256,-4.955882574624513,9.911765149249026,-3.902828213712763,-1.053054360911752
696,3,10,-2.849773852801014,5.699547705602027,-1.424886926400505,-1.424886926400508
697,1,784,.000000000000000,.000000000000000,-2.477941287312257,2.477941287312257
697,2,256,-4.955882574624515,9.911765149249030,-3.902866320136567,-1.053016254487943
697,3,10,-2.849850065648625,5.699700131297250,-1.424925032824312,-1.424925032824312
698,1,784,.000000000000000,.000000000000000,-2.477941287312255,2.477941287312255
698,2,256,-4.955882574624578,9.911765149249156,-3.902925943273385,-1.052956631351199
698,3,10,-2.849969311922256,5.699938623844512,-1.424984655961127,-1.424984655961128
699,1,784,.000000000000000,.000000000000000,-2.477941287312261,2.477941287312261
699,2,256,-4.955882574624556,9.911765149249112,-3.902871470595463,-1.053011104029093
699,3,10,-2.849860366566412,5.699720733132825,-1.424930183283207,-1.424930183283205
700,1,784,.000000000000000,.000000000000000,-2.477941287312258,2.477941287312258
700,2,256,-4.955882574624575,9.911765149249151,-3.902909197855227,-1.052973376769347
700,3,10,-2.849935821085941,5.699871642171883,-1.424967910542970,-1.424967910542972
701,1,784,.000000000000000,.000000000000000,-2.477941287312257,2.477941287312257
701,2,256,-4.955882574624465,9.911765149248930,-3.902857994642616,-1.053024579981849
701,3,10,-2.849833414660721,5.699666829321442,-1.424916707330361,-1.424916707330360
702,1,784,.000000000000000,.000000000000000,-2.477941287312257,2.477941287312257
702,2,256,-4.955882574624473,9.911765149248946,-3.902794012878787,-1.053088561745686
702,3,10,-2.849705451133058,5.699410902266116,-1.424852725566530,-1.424852725566528
703,1,784,.000000000000000,.000000000000000,-2.477941287312258,2.477941287312258
703,2,256,-4.955882574624506,9.911765149249012,-3.902856619041336,-1.053025955583170
703,3,10,-2.849830663458165,5.699661326916329,-1.424915331729083,-1.424915331729082
704,1,784,.000000000000000,.000000000000000,-2.477941287312258,2.477941287312258
704,2,256,-4.955882574624470,9.911765149248939,-3.902935156112060,-1.052947418512408
704,3,10,-2.849987737599609,5.699975475199219,-1.424993868799804,-1.424993868799805
705,1,784,.000000000000000,.000000000000000,-2.477941287312258,2.477941287312258
705,2,256,-4.955882574624513,9.911765149249026,-3.902837271420613,-1.053045303203897
705,3,10,-2.849791968216716,5.699583936433432,-1.424895984108359,-1.424895984108357
706,1,784,.000000000000000,.000000000000000,-2.477941287312257,2.477941287312257
706,2,256,-4.955882574624516,9.911765149249032,-3.902839332271301,-1.053043242353215
706,3,10,-2.849796089918081,5.699592179836163,-1.424898044959043,-1.424898044959039
707,1,784,.000000000000000,.000000000000000,-2.477941287312257,2.477941287312257
707,2,256,-4.955882574624504,9.911765149249009,-3.902844735090039,-1.053037839534465
707,3,10,-2.849806895555568,5.699613791111135,-1.424903447777784,-1.424903447777784
708,1,784,.000000000000000,.000000000000000,-2.477941287312257,2.477941287312257
708,2,256,-4.955882574624501,9.911765149249002,-3.902902496755925,-1.052980077868574
708,3,10,-2.849922418887343,5.699844837774686,-1.424961209443668,-1.424961209443675
709,1,784,.000000000000000,.000000000000000,-2.477941287312256,2.477941287312256
709,2,256,-4.955882574624526,9.911765149249051,-3.902891824313581,-1.052990750310942
709,3,10,-2.849901074002652,5.699802148005304,-1.424950537001325,-1.424950537001327
710,1,784,.000000000000000,.000000000000000,-2.477941287312255,2.477941287312255
710,2,256,-4.955882574624549,9.911765149249097,-3.902852275849817,-1.053030298774728
710,3,10,-2.849821977075124,5.699643954150248,-1.424910988537562,-1.424910988537561
711,1,784,.000000000000000,.000000000000000,-2.477941287312256,2.477941287312256
711,2,256,-4.955882574624489,9.911765149248978,-3.902866480247240,-1.053016094377253
711,3,10,-2.849850385869966,5.699700771739932,-1.424925192934982,-1.424925192934984
712,1,784,.000000000000000,.000000000000000,-2.477941287312256,2.477941287312256
712,2,256,-4.955882574624495,9.911765149248989,-3.902838496540324,-1.053044078084169
712,3,10,-2.849794418456136,5.699588836912271,-1.424897209228070,-1.424897209228066
713,1,784,.000000000000000,.000000000000000,-2.477941287312257,2.477941287312257
713,2,256,-4.955882574624531,9.911765149249062,-3.902886098394519,-1.052996476230009
713,3,10,-2.849889622164528,5.699779244329057,-1.424944811082264,-1.424944811082264
714,1,784,.000000000000000,.000000000000000,-2.477941287312259,2.477941287312259
714,2,256,-4.955882574624501,9.911765149249002,-3.902961941504724,-1.052920633119774
714,3,10,-2.850041308384932,5.700082616769865,-1.425020654192467,-1.425020654192465
715,1,784,.000000000000000,.000000000000000,-2.477941287312256,2.477941287312256
715,2,256,-4.955882574624508,9.911765149249016,-3.902862796494268,-1.053019778130239
715,3,10,-2.849843018364027,5.699686036728053,-1.424921509182015,-1.424921509182012
716,1,784,.000000000000000,.000000000000000,-2.477941287312255,2.477941287312255
716,2,256,-4.955882574624535,9.911765149249069,-3.902884167268280,-1.052998407356253
716,3,10,-2.849885759912047,5.699771519824093,-1.424942879956024,-1.424942879956023
717,1,784,.000000000000000,.000000000000000,-2.477941287312257,2.477941287312257
717,2,256,-4.955882574624523,9.911765149249046,-3.902834570807926,-1.053048003816597
717,3,10,-2.849786566991343,5.699573133982685,-1.424893283495670,-1.424893283495673
718,1,784,.000000000000000,.000000000000000,-2.477941287312257,2.477941287312257
718,2,256,-4.955882574624510,9.911765149249019,-3.902822435223905,-1.053060139400605
718,3,10,-2.849762295823303,5.699524591646607,-1.424881147911649,-1.424881147911654
719,1,784,.000000000000000,.000000000000000,-2.477941287312257,2.477941287312257
719,2,256,-4.955882574624510,9.911765149249019,-3.902885063225869,-1.052997511398639
719,3,10,-2.849887551827226,5.699775103654452,-1.424943775913614,-1.424943775913612
720,1,784,.000000000000000,.000000000000000,-2.477941287312256,2.477941287312256
720,2,256,-4.955882574624566,9.911765149249131,-3.902889147296200,-1.052993427328365
720,3,10,-2.849895719967882,5.699791439935765,-1.424947859983942,-1.424947859983940
721,1,784,.000000000000000,.000000000000000,-2.477941287312257,2.477941287312257
721,2,256,-4.955882574624532,9.911765149249064,-3.902868948762328,-1.053013625862200
721,3,10,-2.849855322900137,5.699710645800273,-1.424927661450072,-1.424927661450064
722,1,784,.000000000000000,.000000000000000,-2.477941287312257,2.477941287312257
722,2,256,-4.955882574624503,9.911765149249007,-3.902845105441022,-1.053037469183480
722,3,10,-2.849807636257527,5.699615272515055,-1.424903818128766,-1.424903818128761
723,1,784,.000000000000000,.000000000000000,-2.477941287312257,2.477941287312257
723,2,256,-4.955882574624511,9.911765149249023,-3.902943120538386,-1.052939454086127
723,3,10,-2.850003666452261,5.700007332904521,-1.425001833226129,-1.425001833226131
724,1,784,.000000000000000,.000000000000000,-2.477941287312252,2.477941287312252
724,2,256,-4.955882574624526,9.911765149249051,-3.902904331916015,-1.052978242708514
724,3,10,-2.849926089207510,5.699852178415020,-1.424963044603757,-1.424963044603754
725,1,784,.000000000000000,.000000000000000,-2.477941287312256,2.477941287312256
725,2,256,-4.955882574624515,9.911765149249030,-3.902838670317869,-1.053043904306648
725,3,10,-2.849794766011234,5.699589532022467,-1.424897383005614,-1.424897383005620
726,1,784,.000000000000000,.000000000000000,-2.477941287312255,2.477941287312255
726,2,256,-4.955882574624485,9.911765149248970,-3.902841967720996,-1.053040606903488
726,3,10,-2.849801360817481,5.699602721634963,-1.424900680408741,-1.424900680408741
727,1,784,.000000000000000,.000000000000000,-2.477941287312256,2.477941287312256
727,2,256,-4.955882574624532,9.911765149249064,-3.902867238759561,-1.053015335864971
727,3,10,-2.849851902894605,5.699703805789209,-1.424925951447302,-1.424925951447302
728,1,784,.000000000000000,.000000000000000,-2.477941287312256,2.477941287312256
728,2,256,-4.955882574624525,9.911765149249050,-3.902872682163564,-1.053009892460959
728,3,10,-2.849862789702625,5.699725579405250,-1.424931394851310,-1.424931394851315
729,1,784,.000000000000000,.000000000000000,-2.477941287312259,2.477941287312259
729,2,256,-4.955882574624522,9.911765149249044,-3.902883222195392,-1.052999352429125
729,3,10,-2.849883869766274,5.699767739532549,-1.424941934883138,-1.424941934883136
730,1,784,.000000000000000,.000000000000000,-2.477941287312259,2.477941287312259
730,2,256,-4.955882574624511,9.911765149249023,-3.902853974436808,-1.053028600187704
730,3,10,-2.849825374249110,5.699650748498221,-1.424912687124552,-1.424912687124558
731,1,784,.000000000000000,.000000000000000,-2.477941287312259,2.477941287312259
731,2,256,-4.955882574624517,9.911765149249034,-3.902899111586847,-1.052983463037667
731,3,10,-2.849915648549189,5.699831297098378,-1.424957824274593,-1.424957824274596
732,1,784,.000000000000000,.000000000000000,-2.477941287312258,2.477941287312258
732,2,256,-4.955882574624553,9.911765149249106,-3.902947248842820,-1.052935325781730
732,3,10,-2.850011923061119,5.700023846122238,-1.425005961530563,-1.425005961530557
733,1,784,.000000000000000,.000000000000000,-2.477941287312257,2.477941287312257
733,2,256,-4.955882574624513,9.911765149249026,-3.902916871249031,-1.052965703375480
733,3,10,-2.849951167873551,5.699902335747101,-1.424975583936776,-1.424975583936775
734,1,784,.000000000000000,.000000000000000,-2.477941287312258,2.477941287312258
734,2,256,-4.955882574624508,9.911765149249016,-3.902898183094839,-1.052984391529666
734,3,10,-2.849913791565165,5.699827583130330,-1.424956895782585,-1.424956895782580
735,1,784,.000000000000000,.000000000000000,-2.477941287312255,2.477941287312255
735,2,256,-4.955882574624567,9.911765149249135,-3.902899590207366,-1.052982984417201
735,3,10,-2.849916605790217,5.699833211580435,-1.424958302895109,-1.424958302895109
736,1,784,.000000000000000,.000000000000000,-2.477941287312256,2.477941287312256
736,2,256,-4.955882574624477,9.911765149248954,-3.902883083888449,-1.052999490736026
736,3,10,-2.849883593152390,5.699767186304780,-1.424941796576194,-1.424941796576196
737,1,784,.000000000000000,.000000000000000,-2.477941287312254,2.477941287312254
737,2,256,-4.955882574624600,9.911765149249200,-3.902890444559335,-1.052992130065267
737,3,10,-2.849898314494152,5.699796628988304,-1.424949157247077,-1.424949157247076
738,1,784,.000000000000000,.000000000000000,-2.477941287312259,2.477941287312259
738,2,256,-4.955882574624564,9.911765149249128,-3.902852685478031,-1.053029889146532
738,3,10,-2.849822796331555,5.699645592663110,-1.424911398165776,-1.424911398165779
739,1,784,.000000000000000,.000000000000000,-2.477941287312257,2.477941287312257
739,2,256,-4.955882574624545,9.911765149249090,-3.902884154395937,-1.052998420228609
739,3,10,-2.849885734167363,5.699771468334726,-1.424942867083679,-1.424942867083684
740,1,784,.000000000000000,.000000000000000,-2.477941287312259,2.477941287312259
740,2,256,-4.955882574624537,9.911765149249074,-3.902919417504778,-1.052963157119759
740,3,10,-2.849956260385042,5.699912520770084,-1.424978130192522,-1.424978130192520
741,1,784,.000000000000000,.000000000000000,-2.477941287312253,2.477941287312253
741,2,256,-4.955882574624569,9.911765149249138,-3.902920645913351,-1.052961928711218
741,3,10,-2.849958717202199,5.699917434404399,-1.424979358601096,-1.424979358601103
742,1,784,.000000000000000,.000000000000000,-2.477941287312253,2.477941287312253
742,2,256,-4.955882574624480,9.911765149248961,-3.902845650666805,-1.053036923957678
742,3,10,-2.849808726709096,5.699617453418192,-1.424904363354548,-1.424904363354547
743,1,784,.000000000000000,.000000000000000,-2.477941287312255,2.477941287312255
743,2,256,-4.955882574624492,9.911765149248984,-3.902850548101119,-1.053032026523376
743,3,10,-2.849818521577727,5.699637043155454,-1.424909260788863,-1.424909260788864
744,1,784,.000000000000000,.000000000000000,-2.477941287312257,2.477941287312257
744,2,256,-4.955882574624481,9.911765149248962,-3.902847525594363,-1.053035049030119
744,3,10,-2.849812476564217,5.699624953128433,-1.424906238282107,-1.424906238282109
745,1,784,.000000000000000,.000000000000000,-2.477941287312257,2.477941287312257
745,2,256,-4.955882574624495,9.911765149248989,-3.902922807780014,-1.052959766844478
745,3,10,-2.849963040935523,5.699926081871046,-1.424981520467759,-1.424981520467764
746,1,784,.000000000000000,.000000000000000,-2.477941287312256,2.477941287312256
746,2,256,-4.955882574624525,9.911765149249050,-3.902867057300806,-1.053015517323715
746,3,10,-2.849851539977104,5.699703079954209,-1.424925769988550,-1.424925769988554
747,1,784,.000000000000000,.000000000000000,-2.477941287312258,2.477941287312258
747,2,256,-4.955882574624465,9.911765149248930,-3.902932996670381,-1.052949577954086
747,3,10,-2.849983418716257,5.699966837432514,-1.424991709358126,-1.424991709358131
748,1,784,.000000000000000,.000000000000000,-2.477941287312255,2.477941287312255
748,2,256,-4.955882574624533,9.911765149249065,-3.902873907957051,-1.053008666667478
748,3,10,-2.849865241289586,5.699730482579172,-1.424932620644794,-1.424932620644792
749,1,784,.000000000000000,.000000000000000,-2.477941287312260,2.477941287312260
749,2,256,-4.955882574624487,9.911765149248975,-3.902858684088432,-1.053023890536057
749,3,10,-2.849834793552349,5.699669587104698,-1.424917396776176,-1.424917396776174
750,1,784,.000000000000000,.000000000000000,-2.477941287312260,2.477941287312260
750,2,256,-4.955882574624521,9.911765149249042,-3.902933079449391,-1.052949495175122
750,3,10,-2.849983584274278,5.699967168548556,-1.424991792137140,-1.424991792137138
751,1,784,.000000000000000,.000000000000000,-2.477941287312255,2.477941287312255
751,2,256,-4.955882574624485,9.911765149248970,-3.902921789951765,-1.052960784672719
751,3,10,-2.849961005279025,5.699922010558050,-1.424980502639509,-1.424980502639516
752,1,784,.000000000000000,.000000000000000,-2.477941287312255,2.477941287312255
752,2,256,-4.955882574624533,9.911765149249065,-3.902840569640886,-1.053042004983642
752,3,10,-2.849798564657263,5.699597129314527,-1.424899282328632,-1.424899282328631
753,1,784,.000000000000000,.000000000000000,-2.477941287312259,2.477941287312259
753,2,256,-4.955882574624486,9.911765149248971,-3.902830486777036,-1.053052087847453
753,3,10,-2.849778398929555,5.699556797859111,-1.424889199464779,-1.424889199464777
754,1,784,.000000000000000,.000000000000000,-2.477941287312255,2.477941287312255
754,2,256,-4.955882574624532,9.911765149249064,-3.902975170469162,-1.052907404155372
754,3,10,-2.850067766313813,5.700135532627626,-1.425033883156905,-1.425033883156908
755,1,784,.000000000000000,.000000000000000,-2.477941287312259,2.477941287312259
755,2,256,-4.955882574624503,9.911765149249005,-3.902865696708207,-1.053016877916295
755,3,10,-2.849848818791901,5.699697637583801,-1.424924409395952,-1.424924409395950
756,1,784,.000000000000000,.000000000000000,-2.477941287312262,2.477941287312262
756,2,256,-4.955882574624585,9.911765149249170,-3.902884113661530,-1.052998460963052
756,3,10,-2.849885652698551,5.699771305397102,-1.424942826349276,-1.424942826349275
757,1,784,.000000000000000,.000000000000000,-2.477941287312256,2.477941287312256
757,2,256,-4.955882574624482,9.911765149248964,-3.902928557517475,-1.052954017107004
757,3,10,-2.849974540410448,5.699949080820895,-1.424987270205220,-1.424987270205227
758,1,784,.000000000000000,.000000000000000,-2.477941287312256,2.477941287312256
758,2,256,-4.955882574624512,9.911765149249025,-3.902855551272155,-1.053027023352359
758,3,10,-2.849828527919792,5.699657055839585,-1.424914263959897,-1.424914263959896
759,1,784,.000000000000000,.000000000000000,-2.477941287312257,2.477941287312257
759,2,256,-4.955882574624526,9.911765149249051,-3.902810542891528,-1.053072031732994
759,3,10,-2.849738511158545,5.699477022317090,-1.424869255579273,-1.424869255579272
760,1,784,.000000000000000,.000000000000000,-2.477941287312260,2.477941287312260
760,2,256,-4.955882574624508,9.911765149249016,-3.902929349053280,-1.052953225571228
760,3,10,-2.849976123482047,5.699952246964094,-1.424988061741024,-1.424988061741023
761,1,784,.000000000000000,.000000000000000,-2.477941287312259,2.477941287312259
761,2,256,-4.955882574624510,9.911765149249019,-3.902893383141171,-1.052989191483337
761,3,10,-2.849904191657827,5.699808383315654,-1.424952095828916,-1.424952095828912
762,1,784,.000000000000000,.000000000000000,-2.477941287312258,2.477941287312258
762,2,256,-4.955882574624516,9.911765149249032,-3.902810530172017,-1.053072044452496
762,3,10,-2.849738485719524,5.699476971439048,-1.424869242859762,-1.424869242859762
763,1,784,.000000000000000,.000000000000000,-2.477941287312255,2.477941287312255
763,2,256,-4.955882574624535,9.911765149249071,-3.902936026522229,-1.052946548102312
763,3,10,-2.849989478419949,5.699978956839899,-1.424994739209973,-1.424994739209976
764,1,784,.000000000000000,.000000000000000,-2.477941287312253,2.477941287312253
764,2,256,-4.955882574624576,9.911765149249153,-3.902826947462652,-1.053055627161927
764,3,10,-2.849771320300790,5.699542640601580,-1.424885660150395,-1.424885660150395
765,1,784,.000000000000000,.000000000000000,-2.477941287312256,2.477941287312256
765,2,256,-4.955882574624503,9.911765149249005,-3.902900607697382,-1.052981966927119
765,3,10,-2.849918640770252,5.699837281540504,-1.424959320385129,-1.424959320385124
766,1,784,.000000000000000,.000000000000000,-2.477941287312261,2.477941287312261
766,2,256,-4.955882574624541,9.911765149249081,-3.902901608807646,-1.052980965816899
766,3,10,-2.849920642990777,5.699841285981553,-1.424960321495389,-1.424960321495388
767,1,784,.000000000000000,.000000000000000,-2.477941287312259,2.477941287312259
767,2,256,-4.955882574624519,9.911765149249039,-3.902882909332432,-1.052999665292092
767,3,10,-2.849883244040345,5.699766488080690,-1.424941622020173,-1.424941622020172
768,1,784,.000000000000000,.000000000000000,-2.477941287312257,2.477941287312257
768,2,256,-4.955882574624546,9.911765149249092,-3.902874409288241,-1.053008165336306
768,3,10,-2.849866243951968,5.699732487903937,-1.424933121975986,-1.424933121975983
769,1,784,.000000000000000,.000000000000000,-2.477941287312257,2.477941287312257
769,2,256,-4.955882574624558,9.911765149249115,-3.902855990128637,-1.053026584495922
769,3,10,-2.849829405632757,5.699658811265514,-1.424914702816380,-1.424914702816377
770,1,784,.000000000000000,.000000000000000,-2.477941287312255,2.477941287312255
770,2,256,-4.955882574624515,9.911765149249030,-3.902842289527899,-1.053040285096622
770,3,10,-2.849802004431287,5.699604008862574,-1.424901002215642,-1.424901002215645
771,1,784,.000000000000000,.000000000000000,-2.477941287312259,2.477941287312259
771,2,256,-4.955882574624479,9.911765149248957,-3.902836187110754,-1.053046387513727
771,3,10,-2.849789799596994,5.699579599193989,-1.424894899798497,-1.424894899798497
772,1,784,.000000000000000,.000000000000000,-2.477941287312258,2.477941287312258
772,2,256,-4.955882574624509,9.911765149249018,-3.902899375116838,-1.052983199507667
772,3,10,-2.849916175609166,5.699832351218332,-1.424958087804582,-1.424958087804584
773,1,784,.000000000000000,.000000000000000,-2.477941287312261,2.477941287312261
773,2,256,-4.955882574624527,9.911765149249055,-3.902844721304200,-1.053037853320325
773,3,10,-2.849806867983885,5.699613735967770,-1.424903433991945,-1.424903433991941
774,1,784,.000000000000000,.000000000000000,-2.477941287312259,2.477941287312259
774,2,256,-4.955882574624533,9.911765149249065,-3.902902943220475,-1.052979631404058
774,3,10,-2.849923311816435,5.699846623632871,-1.424961655908220,-1.424961655908216
775,1,784,.000000000000000,.000000000000000,-2.477941287312258,2.477941287312258
775,2,256,-4.955882574624527,9.911765149249055,-3.902838162808325,-1.053044411816202
775,3,10,-2.849793750992138,5.699587501984276,-1.424896875496069,-1.424896875496069
776,1,784,.000000000000000,.000000000000000,-2.477941287312255,2.477941287312255
776,2,256,-4.955882574624500,9.911765149249000,-3.902787271245717,-1.053095303378782
776,3,10,-2.849691967866923,5.699383935733846,-1.424845983933463,-1.424845983933460
777,1,784,.000000000000000,.000000000000000,-2.477941287312256,2.477941287312256
777,2,256,-4.955882574624560,9.911765149249121,-3.902936608056891,-1.052945966567668
777,3,10,-2.849990641489272,5.699981282978543,-1.424995320744635,-1.424995320744636
778,1,784,.000000000000000,.000000000000000,-2.477941287312254,2.477941287312254
778,2,256,-4.955882574624543,9.911765149249085,-3.902917230608629,-1.052965344015914
778,3,10,-2.849951886592750,5.699903773185500,-1.424975943296373,-1.424975943296378
779,1,784,.000000000000000,.000000000000000,-2.477941287312255,2.477941287312255
779,2,256,-4.955882574624513,9.911765149249026,-3.902839318014674,-1.053043256609837
779,3,10,-2.849796061404835,5.699592122809671,-1.424898030702416,-1.424898030702419
780,1,784,.000000000000000,.000000000000000,-2.477941287312257,2.477941287312257
780,2,256,-4.955882574624526,9.911765149249051,-3.902838733332521,-1.053043841292008
780,3,10,-2.849794892040528,5.699589784081056,-1.424897446020264,-1.424897446020264
781,1,784,.000000000000000,.000000000000000,-2.477941287312258,2.477941287312258
781,2,256,-4.955882574624514,9.911765149249028,-3.902828299249951,-1.053054275374562
781,3,10,-2.849774023875387,5.699548047750773,-1.424887011937694,-1.424887011937692
782,1,784,.000000000000000,.000000000000000,-2.477941287312257,2.477941287312257
782,2,256,-4.955882574624533,9.911765149249065,-3.902830634513249,-1.053051940111286
782,3,10,-2.849778694401978,5.699557388803957,-1.424889347200991,-1.424889347200988
783,1,784,.000000000000000,.000000000000000,-2.477941287312260,2.477941287312260
783,2,256,-4.955882574624514,9.911765149249028,-3.902858569844921,-1.053024004779593
783,3,10,-2.849834565065325,5.699669130130649,-1.424917282532664,-1.424917282532661
784,1,784,.000000000000000,.000000000000000,-2.477941287312256,2.477941287312256
784,2,256,-4.955882574624477,9.911765149248954,-3.902841703187593,-1.053040871436885
784,3,10,-2.849800831750680,5.699601663501359,-1.424900415875336,-1.424900415875344
785,1,784,.000000000000000,.000000000000000,-2.477941287312258,2.477941287312258
785,2,256,-4.955882574624551,9.911765149249103,-3.902875450410679,-1.053007124213871
785,3,10,-2.849868326196847,5.699736652393694,-1.424934163098423,-1.424934163098424
786,1,784,.000000000000000,.000000000000000,-2.477941287312257,2.477941287312257
786,2,256,-4.955882574624507,9.911765149249014,-3.902858002863873,-1.053024571760633
786,3,10,-2.849833431103240,5.699666862206479,-1.424916715551618,-1.424916715551622
787,1,784,.000000000000000,.000000000000000,-2.477941287312260,2.477941287312260
787,2,256,-4.955882574624507,9.911765149249014,-3.902890753832995,-1.052991820791513
787,3,10,-2.849898933041481,5.699797866082963,-1.424949466520738,-1.424949466520744
788,1,784,.000000000000000,.000000000000000,-2.477941287312255,2.477941287312255
788,2,256,-4.955882574624515,9.911765149249030,-3.902871942616184,-1.053010632008333
788,3,10,-2.849861310607855,5.699722621215709,-1.424930655303929,-1.424930655303925
789,1,784,.000000000000000,.000000000000000,-2.477941287312257,2.477941287312257
789,2,256,-4.955882574624522,9.911765149249044,-3.902923800361694,-1.052958774262826
789,3,10,-2.849965026098884,5.699930052197768,-1.424982513049440,-1.424982513049443
790,1,784,.000000000000000,.000000000000000,-2.477941287312259,2.477941287312259
790,2,256,-4.955882574624512,9.911765149249025,-3.902894377957538,-1.052988196666973
790,3,10,-2.849906181290562,5.699812362581124,-1.424953090645281,-1.424953090645281
791,1,784,.000000000000000,.000000000000000,-2.477941287312256,2.477941287312256
791,2,256,-4.955882574624534,9.911765149249067,-3.902835664276937,-1.053046910347597
791,3,10,-2.849788753929360,5.699577507858720,-1.424894376964680,-1.424894376964680
792,1,784,.000000000000000,.000000000000000,-2.477941287312261,2.477941287312261
792,2,256,-4.955882574624502,9.911765149249003,-3.902810437822007,-1.053072136802493
792,3,10,-2.849738301019506,5.699476602039011,-1.424869150509753,-1.424869150509752
793,1,784,.000000000000000,.000000000000000,-2.477941287312258,2.477941287312258
793,2,256,-4.955882574624516,9.911765149249032,-3.902856730941257,-1.053025843683260
793,3,10,-2.849830887257997,5.699661774515994,-1.424915443628997,-1.424915443628999
794,1,784,.000000000000000,.000000000000000,-2.477941287312259,2.477941287312259
794,2,256,-4.955882574624511,9.911765149249021,-3.902840693430767,-1.053041881193739
794,3,10,-2.849798812237019,5.699597624474038,-1.424899406118511,-1.424899406118507
795,1,784,.000000000000000,.000000000000000,-2.477941287312257,2.477941287312257
795,2,256,-4.955882574624509,9.911765149249018,-3.902904269328470,-1.052978305296040
795,3,10,-2.849925964032431,5.699851928064861,-1.424962982016214,-1.424962982016217
796,1,784,.000000000000000,.000000000000000,-2.477941287312258,2.477941287312258
796,2,256,-4.955882574624496,9.911765149248993,-3.902848711465720,-1.053033863158777
796,3,10,-2.849814848306933,5.699629696613865,-1.424907424153464,-1.424907424153468
797,1,784,.000000000000000,.000000000000000,-2.477941287312258,2.477941287312258
797,2,256,-4.955882574624535,9.911765149249069,-3.902843017109602,-1.053039557514932
797,3,10,-2.849803459594694,5.699606919189389,-1.424901729797348,-1.424901729797347
798,1,784,.000000000000000,.000000000000000,-2.477941287312258,2.477941287312258
798,2,256,-4.955882574624536,9.911765149249073,-3.902909550321092,-1.052973024303450
798,3,10,-2.849936526017667,5.699873052035334,-1.424968263008833,-1.424968263008835
799,1,784,.000000000000000,.000000000000000,-2.477941287312254,2.477941287312254
799,2,256,-4.955882574624495,9.911765149248989,-3.902918655850758,-1.052963918773734
799,3,10,-2.849954737076996,5.699909474153992,-1.424977368538502,-1.424977368538495
800,1,784,.000000000000000,.000000000000000,-2.477941287312258,2.477941287312258
800,2,256,-4.955882574624468,9.911765149248936,-3.902877060529955,-1.053005514094511
800,3,10,-2.849871546435404,5.699743092870808,-1.424935773217699,-1.424935773217705
801,1,784,.000000000000000,.000000000000000,-2.477941287312256,2.477941287312256
801,2,256,-4.955882574624516,9.911765149249032,-3.902852966833409,-1.053029607791108
801,3,10,-2.849823359042308,5.699646718084615,-1.424911679521154,-1.424911679521153
802,1,784,.000000000000000,.000000000000000,-2.477941287312262,2.477941287312262
802,2,256,-4.955882574624514,9.911765149249028,-3.902864827078795,-1.053017747545720
802,3,10,-2.849847079533077,5.699694159066155,-1.424923539766537,-1.424923539766540
803,1,784,.000000000000000,.000000000000000,-2.477941287312257,2.477941287312257
803,2,256,-4.955882574624467,9.911765149248934,-3.902852977561578,-1.053029597062886
803,3,10,-2.849823380498644,5.699646760997288,-1.424911690249322,-1.424911690249322
804,1,784,.000000000000000,.000000000000000,-2.477941287312260,2.477941287312260
804,2,256,-4.955882574624511,9.911765149249023,-3.902878502312785,-1.053004072311724
804,3,10,-2.849874430001056,5.699748860002112,-1.424937215000531,-1.424937215000526
805,1,784,.000000000000000,.000000000000000,-2.477941287312258,2.477941287312258
805,2,256,-4.955882574624555,9.911765149249110,-3.902830715601378,-1.053051859023179
805,3,10,-2.849778856578246,5.699557713156492,-1.424889428289122,-1.424889428289124
806,1,784,.000000000000000,.000000000000000,-2.477941287312257,2.477941287312257
806,2,256,-4.955882574624533,9.911765149249065,-3.902859593503115,-1.053022981121418
806,3,10,-2.849836612381721,5.699673224763441,-1.424918306190859,-1.424918306190862
807,1,784,.000000000000000,.000000000000000,-2.477941287312256,2.477941287312256
807,2,256,-4.955882574624499,9.911765149248998,-3.902904681078338,-1.052977893546161
807,3,10,-2.849926787532161,5.699853575064322,-1.424963393766083,-1.424963393766078
808,1,784,.000000000000000,.000000000000000,-2.477941287312257,2.477941287312257
808,2,256,-4.955882574624556,9.911765149249112,-3.902882574529169,-1.053000000095384
808,3,10,-2.849882574433825,5.699765148867651,-1.424941287216912,-1.424941287216913
809,1,784,.000000000000000,.000000000000000,-2.477941287312252,2.477941287312252
809,2,256,-4.955882574624520,9.911765149249041,-3.902844920386302,-1.053037654238222
809,3,10,-2.849807266148085,5.699614532296169,-1.424903633074045,-1.424903633074041
810,1,784,.000000000000000,.000000000000000,-2.477941287312257,2.477941287312257
810,2,256,-4.955882574624495,9.911765149248991,-3.902896339039060,-1.052986235585434
810,3,10,-2.849910103453613,5.699820206907226,-1.424955051726805,-1.424955051726808
811,1,784,.000000000000000,.000000000000000,-2.477941287312259,2.477941287312259
811,2,256,-4.955882574624514,9.911765149249028,-3.902903401289772,-1.052979173334738
811,3,10,-2.849924227955034,5.699848455910068,-1.424962113977515,-1.424962113977519
812,1,784,.000000000000000,.000000000000000,-2.477941287312259,2.477941287312259
812,2,256,-4.955882574624519,9.911765149249039,-3.902837927123844,-1.053044647500680
812,3,10,-2.849793279623174,5.699586559246349,-1.424896639811586,-1.424896639811588
813,1,784,.000000000000000,.000000000000000,-2.477941287312258,2.477941287312258
813,2,256,-4.955882574624516,9.911765149249032,-3.902862752427964,-1.053019822196551
813,3,10,-2.849842930231417,5.699685860462834,-1.424921465115708,-1.424921465115709
814,1,784,.000000000000000,.000000000000000,-2.477941287312255,2.477941287312255
814,2,256,-4.955882574624515,9.911765149249030,-3.902823271554128,-1.053059303070386
814,3,10,-2.849763968483748,5.699527936967495,-1.424881984241871,-1.424881984241877
815,1,784,.000000000000000,.000000000000000,-2.477941287312260,2.477941287312260
815,2,256,-4.955882574624528,9.911765149249057,-3.902831823045542,-1.053050751578983
815,3,10,-2.849781071466575,5.699562142933151,-1.424890535733286,-1.424890535733289
816,1,784,.000000000000000,.000000000000000,-2.477941287312256,2.477941287312256
816,2,256,-4.955882574624496,9.911765149248993,-3.902924579629880,-1.052957994994616
816,3,10,-2.849966584635248,5.699933169270497,-1.424983292317625,-1.424983292317624
817,1,784,.000000000000000,.000000000000000,-2.477941287312257,2.477941287312257
817,2,256,-4.955882574624503,9.911765149249007,-3.902775058869221,-1.053107515755278
817,3,10,-2.849667543113937,5.699335086227874,-1.424833771556966,-1.424833771556971
818,1,784,.000000000000000,.000000000000000,-2.477941287312261,2.477941287312261
818,2,256,-4.955882574624471,9.911765149248943,-3.902904019312143,-1.052978555312327
818,3,10,-2.849925463999776,5.699850927999552,-1.424962731999889,-1.424962731999886
819,1,784,.000000000000000,.000000000000000,-2.477941287312259,2.477941287312259
819,2,256,-4.955882574624535,9.911765149249069,-3.902904832783137,-1.052977741841395
819,3,10,-2.849927090941762,5.699854181883524,-1.424963545470882,-1.424963545470880
820,1,784,.000000000000000,.000000000000000,-2.477941287312258,2.477941287312258
820,2,256,-4.955882574624523,9.911765149249046,-3.902812239531130,-1.053070335093387
820,3,10,-2.849741904437752,5.699483808875503,-1.424870952218876,-1.424870952218876
821,1,784,.000000000000000,.000000000000000,-2.477941287312257,2.477941287312257
821,2,256,-4.955882574624557,9.911765149249113,-3.902806472879851,-1.053076101744703
821,3,10,-2.849730371135188,5.699460742270375,-1.424865185567594,-1.424865185567594
822,1,784,.000000000000000,.000000000000000,-2.477941287312256,2.477941287312256
822,2,256,-4.955882574624523,9.911765149249046,-3.902804336554194,-1.053078238070328
822,3,10,-2.849726098483876,5.699452196967752,-1.424863049241939,-1.424863049241937
823,1,784,.000000000000000,.000000000000000,-2.477941287312261,2.477941287312261
823,2,256,-4.955882574624537,9.911765149249074,-3.902934640352007,-1.052947934272532
823,3,10,-2.849986706079500,5.699973412158999,-1.424993353039750,-1.424993353039749
824,1,784,.000000000000000,.000000000000000,-2.477941287312259,2.477941287312259
824,2,256,-4.955882574624560,9.911765149249121,-3.902894623576869,-1.052987951047692
824,3,10,-2.849906672529223,5.699813345058447,-1.424953336264613,-1.424953336264610
825,1,784,.000000000000000,.000000000000000,-2.477941287312256,2.477941287312256
825,2,256,-4.955882574624485,9.911765149248970,-3.902876617806098,-1.053005956818387
825,3,10,-2.849870660987688,5.699741321975377,-1.424935330493845,-1.424935330493843
826,1,784,.000000000000000,.000000000000000,-2.477941287312256,2.477941287312256
826,2,256,-4.955882574624559,9.911765149249117,-3.902805209031976,-1.053077365592589
826,3,10,-2.849727843439427,5.699455686878855,-1.424863921719718,-1.424863921719710
827,1,784,.000000000000000,.000000000000000,-2.477941287312257,2.477941287312257
827,2,256,-4.955882574624487,9.911765149248973,-3.902853893082766,-1.053028681541722
827,3,10,-2.849825211541023,5.699650423082045,-1.424912605770508,-1.424912605770515
828,1,784,.000000000000000,.000000000000000,-2.477941287312256,2.477941287312256
828,2,256,-4.955882574624563,9.911765149249126,-3.902849779772974,-1.053032794851584
828,3,10,-2.849816984921442,5.699633969842884,-1.424908492460720,-1.424908492460723
829,1,784,.000000000000000,.000000000000000,-2.477941287312255,2.477941287312255
829,2,256,-4.955882574624505,9.911765149249010,-3.902852009548909,-1.053030565075594
829,3,10,-2.849821444473302,5.699642888946604,-1.424910722236651,-1.424910722236651
830,1,784,.000000000000000,.000000000000000,-2.477941287312258,2.477941287312258
830,2,256,-4.955882574624518,9.911765149249035,-3.902829128390360,-1.053053446234155
830,3,10,-2.849775682156209,5.699551364312418,-1.424887841078104,-1.424887841078105
831,1,784,.000000000000000,.000000000000000,-2.477941287312259,2.477941287312259
831,2,256,-4.955882574624507,9.911765149249014,-3.902910234710923,-1.052972339913587
831,3,10,-2.849937894797335,5.699875789594669,-1.424968947398665,-1.424968947398670
832,1,784,.000000000000000,.000000000000000,-2.477941287312261,2.477941287312261
832,2,256,-4.955882574624546,9.911765149249092,-3.902879868238106,-1.053002706386435
832,3,10,-2.849877161851699,5.699754323703399,-1.424938580925851,-1.424938580925849
833,1,784,.000000000000000,.000000000000000,-2.477941287312257,2.477941287312257
833,2,256,-4.955882574624481,9.911765149248962,-3.902711868558349,-1.053170706066128
833,3,10,-2.849541162492176,5.699082324984353,-1.424770581246093,-1.424770581246084
834,1,784,.000000000000000,.000000000000000,-2.477941287312257,2.477941287312257
834,2,256,-4.955882574624540,9.911765149249080,-3.902931868919164,-1.052950705705377
834,3,10,-2.849981163213817,5.699962326427634,-1.424990581606909,-1.424990581606908
835,1,784,.000000000000000,.000000000000000,-2.477941287312259,2.477941287312259
835,2,256,-4.955882574624547,9.911765149249094,-3.902893861770118,-1.052988712854433
835,3,10,-2.849905148915719,5.699810297831439,-1.424952574457862,-1.424952574457858
836,1,784,.000000000000000,.000000000000000,-2.477941287312257,2.477941287312257
836,2,256,-4.955882574624567,9.911765149249135,-3.902891194626253,-1.052991379998315
836,3,10,-2.849899814627988,5.699799629255976,-1.424949907313996,-1.424949907313992
837,1,784,.000000000000000,.000000000000000,-2.477941287312259,2.477941287312259
837,2,256,-4.955882574624539,9.911765149249078,-3.902917236800807,-1.052965337823737
837,3,10,-2.849951898977098,5.699903797954197,-1.424975949488548,-1.424975949488550
838,1,784,.000000000000000,.000000000000000,-2.477941287312256,2.477941287312256
838,2,256,-4.955882574624520,9.911765149249041,-3.902873586816174,-1.053008987808348
838,3,10,-2.849864599007841,5.699729198015682,-1.424932299503920,-1.424932299503922
839,1,784,.000000000000000,.000000000000000,-2.477941287312260,2.477941287312260
839,2,256,-4.955882574624518,9.911765149249035,-3.902896358856674,-1.052986215767840
839,3,10,-2.849910143088836,5.699820286177673,-1.424955071544419,-1.424955071544417
840,1,784,.000000000000000,.000000000000000,-2.477941287312255,2.477941287312255
840,2,256,-4.955882574624496,9.911765149248993,-3.902925929085725,-1.052956645538769
840,3,10,-2.849969283546942,5.699938567093883,-1.424984641773472,-1.424984641773470
841,1,784,.000000000000000,.000000000000000,-2.477941287312256,2.477941287312256
841,2,256,-4.955882574624559,9.911765149249119,-3.902827619609900,-1.053054955014658
841,3,10,-2.849772664595289,5.699545329190578,-1.424886332297644,-1.424886332297645
842,1,784,.000000000000000,.000000000000000,-2.477941287312260,2.477941287312260
842,2,256,-4.955882574624503,9.911765149249005,-3.902826543787286,-1.053056030837217
842,3,10,-2.849770512950058,5.699541025900117,-1.424885256475031,-1.424885256475028
843,1,784,.000000000000000,.000000000000000,-2.477941287312256,2.477941287312256
843,2,256,-4.955882574624495,9.911765149248989,-3.902917239728532,-1.052965334895964
843,3,10,-2.849951904832555,5.699903809665111,-1.424975952416277,-1.424975952416279
844,1,784,.000000000000000,.000000000000000,-2.477941287312259,2.477941287312259
844,2,256,-4.955882574624518,9.911765149249035,-3.902875782622682,-1.053006792001838
844,3,10,-2.849868990620849,5.699737981241698,-1.424934495310426,-1.424934495310423
845,1,784,.000000000000000,.000000000000000,-2.477941287312255,2.477941287312255
845,2,256,-4.955882574624484,9.911765149248968,-3.902881686146086,-1.053000888478399
845,3,10,-2.849880797667658,5.699761595335316,-1.424940398833829,-1.424940398833829
846,1,784,.000000000000000,.000000000000000,-2.477941287312260,2.477941287312260
846,2,256,-4.955882574624428,9.911765149248856,-3.902861677430282,-1.053020897194150
846,3,10,-2.849840780236049,5.699681560472097,-1.424920390118026,-1.424920390118023
847,1,784,.000000000000000,.000000000000000,-2.477941287312259,2.477941287312259
847,2,256,-4.955882574624522,9.911765149249044,-3.902892822218488,-1.052989752406036
847,3,10,-2.849903069812457,5.699806139624914,-1.424951534906231,-1.424951534906225
848,1,784,.000000000000000,.000000000000000,-2.477941287312258,2.477941287312258
848,2,256,-4.955882574624486,9.911765149248971,-3.902908926353208,-1.052973648271281
848,3,10,-2.849935278081904,5.699870556163808,-1.424967639040951,-1.424967639040952
849,1,784,.000000000000000,.000000000000000,-2.477941287312256,2.477941287312256
849,2,256,-4.955882574624525,9.911765149249050,-3.902859363206503,-1.053023211418021
849,3,10,-2.849836151788490,5.699672303576980,-1.424918075894247,-1.424918075894243
850,1,784,.000000000000000,.000000000000000,-2.477941287312257,2.477941287312257
850,2,256,-4.955882574624487,9.911765149248973,-3.902802939780740,-1.053079634843746
850,3,10,-2.849723304936971,5.699446609873942,-1.424861652468485,-1.424861652468486
851,1,784,.000000000000000,.000000000000000,-2.477941287312257,2.477941287312257
851,2,256,-4.955882574624495,9.911765149248989,-3.902833831186475,-1.053048743438020
851,3,10,-2.849785087748435,5.699570175496870,-1.424892543874219,-1.424892543874216
852,1,784,.000000000000000,.000000000000000,-2.477941287312258,2.477941287312258
852,2,256,-4.955882574624475,9.911765149248950,-3.902935112773433,-1.052947461851043
852,3,10,-2.849987650922360,5.699975301844720,-1.424993825461178,-1.424993825461182
853,1,784,.000000000000000,.000000000000000,-2.477941287312258,2.477941287312258
853,2,256,-4.955882574624481,9.911765149248962,-3.902814210202109,-1.053068364422374
853,3,10,-2.849745845779703,5.699491691559406,-1.424872922889852,-1.424872922889851
854,1,784,.000000000000000,.000000000000000,-2.477941287312259,2.477941287312259
854,2,256,-4.955882574624518,9.911765149249035,-3.902918571735609,-1.052964002888912
854,3,10,-2.849954568846702,5.699909137693404,-1.424977284423352,-1.424977284423350
855,1,784,.000000000000000,.000000000000000,-2.477941287312258,2.477941287312258
855,2,256,-4.955882574624522,9.911765149249044,-3.902872036722464,-1.053010537902057
855,3,10,-2.849861498820415,5.699722997640831,-1.424930749410209,-1.424930749410207
856,1,784,.000000000000000,.000000000000000,-2.477941287312255,2.477941287312255
856,2,256,-4.955882574624567,9.911765149249135,-3.902774582426210,-1.053107992198355
856,3,10,-2.849666590227902,5.699333180455803,-1.424833295113955,-1.424833295113947
857,1,784,.000000000000000,.000000000000000,-2.477941287312258,2.477941287312258
857,2,256,-4.955882574624493,9.911765149248986,-3.902847501233466,-1.053035073391022
857,3,10,-2.849812427842422,5.699624855684845,-1.424906213921211,-1.424906213921211
858,1,784,.000000000000000,.000000000000000,-2.477941287312261,2.477941287312261
858,2,256,-4.955882574624501,9.911765149249002,-3.902875614254185,-1.053006960370312
858,3,10,-2.849868653883868,5.699737307767736,-1.424934326941931,-1.424934326941937
859,1,784,.000000000000000,.000000000000000,-2.477941287312261,2.477941287312261
859,2,256,-4.955882574624499,9.911765149248998,-3.902897038198210,-1.052985536426291
859,3,10,-2.849911501771912,5.699823003543823,-1.424955750885954,-1.424955750885958
860,1,784,.000000000000000,.000000000000000,-2.477941287312256,2.477941287312256
860,2,256,-4.955882574624526,9.911765149249051,-3.902837642187401,-1.053044932437126
860,3,10,-2.849792709750293,5.699585419500586,-1.424896354875144,-1.424896354875150
861,1,784,.000000000000000,.000000000000000,-2.477941287312260,2.477941287312260
861,2,256,-4.955882574624485,9.911765149248970,-3.902814777993663,-1.053067796630819
861,3,10,-2.849746981362815,5.699493962725630,-1.424873490681405,-1.424873490681410
862,1,784,.000000000000000,.000000000000000,-2.477941287312258,2.477941287312258
862,2,256,-4.955882574624548,9.911765149249096,-3.902755736534170,-1.053126838090379
862,3,10,-2.849628898443831,5.699257796887663,-1.424814449221915,-1.424814449221916
863,1,784,.000000000000000,.000000000000000,-2.477941287312256,2.477941287312256
863,2,256,-4.955882574624542,9.911765149249083,-3.902979848698319,-1.052902725926222
863,3,10,-2.850077122772129,5.700154245544257,-1.425038561386061,-1.425038561386068
864,1,784,.000000000000000,.000000000000000,-2.477941287312251,2.477941287312251
864,2,256,-4.955882574624524,9.911765149249048,-3.902877129023956,-1.053005445600568
864,3,10,-2.849871683423400,5.699743366846800,-1.424935841711700,-1.424935841711700
865,1,784,.000000000000000,.000000000000000,-2.477941287312262,2.477941287312262
865,2,256,-4.955882574624549,9.911765149249097,-3.902834348955644,-1.053048225668904
865,3,10,-2.849786123286781,5.699572246573562,-1.424893061643387,-1.424893061643394
866,1,784,.000000000000000,.000000000000000,-2.477941287312259,2.477941287312259
866,2,256,-4.955882574624517,9.911765149249034,-3.902848150272351,-1.053034424352165
866,3,10,-2.849813725920186,5.699627451840372,-1.424906862960092,-1.424906862960094
867,1,784,.000000000000000,.000000000000000,-2.477941287312257,2.477941287312257
867,2,256,-4.955882574624535,9.911765149249071,-3.902918549629832,-1.052964024994699
867,3,10,-2.849954524635162,5.699909049270325,-1.424977262317579,-1.424977262317583
868,1,784,.000000000000000,.000000000000000,-2.477941287312259,2.477941287312259
868,2,256,-4.955882574624548,9.911765149249096,-3.902893258744630,-1.052989315879917
868,3,10,-2.849903942864751,5.699807885729501,-1.424951971432374,-1.424951971432376
869,1,784,.000000000000000,.000000000000000,-2.477941287312259,2.477941287312259
869,2,256,-4.955882574624498,9.911765149248996,-3.902837437317898,-1.053045137306601
869,3,10,-2.849792300011290,5.699584600022581,-1.424896150005646,-1.424896150005645
870,1,784,.000000000000000,.000000000000000,-2.477941287312258,2.477941287312258
870,2,256,-4.955882574624520,9.911765149249041,-3.902818741504475,-1.053063833120048
870,3,10,-2.849754908384437,5.699509816768874,-1.424877454192219,-1.424877454192217
871,1,784,.000000000000000,.000000000000000,-2.477941287312260,2.477941287312260
871,2,256,-4.955882574624484,9.911765149248968,-3.902830256682211,-1.053052317942276
871,3,10,-2.849777938739912,5.699555877479824,-1.424888969369956,-1.424888969369957
872,1,784,.000000000000000,.000000000000000,-2.477941287312260,2.477941287312260
872,2,256,-4.955882574624531,9.911765149249062,-3.902903639935130,-1.052978934689403
872,3,10,-2.849924705245757,5.699849410491514,-1.424962352622874,-1.424962352622883
873,1,784,.000000000000000,.000000000000000,-2.477941287312256,2.477941287312256
873,2,256,-4.955882574624527,9.911765149249055,-3.902877298008386,-1.053005276616144
873,3,10,-2.849872021392263,5.699744042784526,-1.424936010696130,-1.424936010696132
874,1,784,.000000000000000,.000000000000000,-2.477941287312255,2.477941287312255
874,2,256,-4.955882574624504,9.911765149249009,-3.902918984790872,-1.052963589833628
874,3,10,-2.849955394957240,5.699910789914481,-1.424977697478618,-1.424977697478623
875,1,784,.000000000000000,.000000000000000,-2.477941287312259,2.477941287312259
875,2,256,-4.955882574624527,9.911765149249053,-3.902884468257042,-1.052998106367484
875,3,10,-2.849886361889570,5.699772723779141,-1.424943180944786,-1.424943180944784
876,1,784,.000000000000000,.000000000000000,-2.477941287312259,2.477941287312259
876,2,256,-4.955882574624512,9.911765149249025,-3.902876463183481,-1.053006111441031
876,3,10,-2.849870351742456,5.699740703484911,-1.424935175871227,-1.424935175871228
877,1,784,.000000000000000,.000000000000000,-2.477941287312262,2.477941287312262
877,2,256,-4.955882574624527,9.911765149249055,-3.902841509639063,-1.053041064985463
877,3,10,-2.849800444653618,5.699600889307236,-1.424900222326808,-1.424900222326810
878,1,784,.000000000000000,.000000000000000,-2.477941287312257,2.477941287312257
878,2,256,-4.955882574624512,9.911765149249025,-3.902815197644137,-1.053067376980372
878,3,10,-2.849747820663766,5.699495641327532,-1.424873910331882,-1.424873910331884
879,1,784,.000000000000000,.000000000000000,-2.477941287312255,2.477941287312255
879,2,256,-4.955882574624521,9.911765149249042,-3.902897777636758,-1.052984796987768
879,3,10,-2.849912980648988,5.699825961297976,-1.424956490324496,-1.424956490324492
880,1,784,.000000000000000,.000000000000000,-2.477941287312255,2.477941287312255
880,2,256,-4.955882574624487,9.911765149248975,-3.902849578272393,-1.053032996352096
880,3,10,-2.849816581920273,5.699633163840545,-1.424908290960136,-1.424908290960137
881,1,784,.000000000000000,.000000000000000,-2.477941287312257,2.477941287312257
881,2,256,-4.955882574624493,9.911765149248986,-3.902870871472366,-1.053011703152126
881,3,10,-2.849859168320226,5.699718336640452,-1.424929584160111,-1.424929584160115
882,1,784,.000000000000000,.000000000000000,-2.477941287312260,2.477941287312260
882,2,256,-4.955882574624491,9.911765149248982,-3.902898861622900,-1.052983713001595
882,3,10,-2.849915148621277,5.699830297242555,-1.424957574310641,-1.424957574310636
883,1,784,.000000000000000,.000000000000000,-2.477941287312255,2.477941287312255
883,2,256,-4.955882574624521,9.911765149249042,-3.902827815778004,-1.053054758846522
883,3,10,-2.849773056931497,5.699546113862993,-1.424886528465746,-1.424886528465750
884,1,784,.000000000000000,.000000000000000,-2.477941287312257,2.477941287312257
884,2,256,-4.955882574624507,9.911765149249014,-3.902885329581555,-1.052997245042949
884,3,10,-2.849888084538604,5.699776169077208,-1.424944042269301,-1.424944042269303
885,1,784,.000000000000000,.000000000000000,-2.477941287312257,2.477941287312257
885,2,256,-4.955882574624532,9.911765149249064,-3.902861845260793,-1.053020729363744
885,3,10,-2.849841115897071,5.699682231794141,-1.424920557948535,-1.424920557948536
886,1,784,.000000000000000,.000000000000000,-2.477941287312256,2.477941287312256
886,2,256,-4.955882574624475,9.911765149248950,-3.902854221377538,-1.053028353246934
886,3,10,-2.849825868130562,5.699651736261124,-1.424912934065282,-1.424912934065281
887,1,784,.000000000000000,.000000000000000,-2.477941287312260,2.477941287312260
887,2,256,-4.955882574624537,9.911765149249074,-3.902874558809605,-1.053008015814934
887,3,10,-2.849866542994691,5.699733085989381,-1.424933271497348,-1.424933271497342
888,1,784,.000000000000000,.000000000000000,-2.477941287312260,2.477941287312260
888,2,256,-4.955882574624530,9.911765149249060,-3.902868786966540,-1.053013787657992
888,3,10,-2.849854999308565,5.699709998617130,-1.424927499654283,-1.424927499654282
889,1,784,.000000000000000,.000000000000000,-2.477941287312259,2.477941287312259
889,2,256,-4.955882574624518,9.911765149249035,-3.902856354821747,-1.053026219802775
889,3,10,-2.849830135018979,5.699660270037958,-1.424915067509489,-1.424915067509490
890,1,784,.000000000000000,.000000000000000,-2.477941287312257,2.477941287312257
890,2,256,-4.955882574624536,9.911765149249073,-3.902798726963092,-1.053083847661442
890,3,10,-2.849714879301672,5.699429758603343,-1.424857439650837,-1.424857439650834
891,1,784,.000000000000000,.000000000000000,-2.477941287312255,2.477941287312255
891,2,256,-4.955882574624547,9.911765149249094,-3.902796612106827,-1.053085962517718
891,3,10,-2.849710649589146,5.699421299178292,-1.424855324794574,-1.424855324794571
892,1,784,.000000000000000,.000000000000000,-2.477941287312256,2.477941287312256
892,2,256,-4.955882574624515,9.911765149249030,-3.902861509551811,-1.053021065072700
892,3,10,-2.849840444479111,5.699680888958222,-1.424920222239557,-1.424920222239555
893,1,784,.000000000000000,.000000000000000,-2.477941287312259,2.477941287312259
893,2,256,-4.955882574624531,9.911765149249062,-3.902837592586226,-1.053044982038298
893,3,10,-2.849792610547945,5.699585221095890,-1.424896305273971,-1.424896305273974
894,1,784,.000000000000000,.000000000000000,-2.477941287312259,2.477941287312259
894,2,256,-4.955882574624546,9.911765149249092,-3.902787870305907,-1.053094704318640
894,3,10,-2.849693165987305,5.699386331974609,-1.424846582993649,-1.424846582993655
895,1,784,.000000000000000,.000000000000000,-2.477941287312255,2.477941287312255
895,2,256,-4.955882574624502,9.911765149249003,-3.902882981415951,-1.052999593208554
895,3,10,-2.849883388207385,5.699766776414770,-1.424941694103693,-1.424941694103691
896,1,784,.000000000000000,.000000000000000,-2.477941287312261,2.477941287312261
896,2,256,-4.955882574624487,9.911765149248975,-3.902825037061197,-1.053057537563294
896,3,10,-2.849767499497877,5.699534998995754,-1.424883749748939,-1.424883749748939
897,1,784,.000000000000000,.000000000000000,-2.477941287312257,2.477941287312257
897,2,256,-4.955882574624532,9.911765149249064,-3.902842087694111,-1.053040486930420
897,3,10,-2.849801600763709,5.699603201527419,-1.424900800381854,-1.424900800381856
898,1,784,.000000000000000,.000000000000000,-2.477941287312258,2.477941287312258
898,2,256,-4.955882574624527,9.911765149249053,-3.902877893641731,-1.053004680982796
898,3,10,-2.849873212658946,5.699746425317891,-1.424936606329475,-1.424936606329470
899,1,784,.000000000000000,.000000000000000,-2.477941287312259,2.477941287312259
899,2,256,-4.955882574624530,9.911765149249060,-3.902825046884828,-1.053057527739703
899,3,10,-2.849767519145150,5.699535038290300,-1.424883759572572,-1.424883759572578
900,1,784,.000000000000000,.000000000000000,-2.477941287312263,2.477941287312263
900,2,256,-4.955882574624515,9.911765149249030,-3.902954239754292,-1.052928334870222
900,3,10,-2.850025904884074,5.700051809768149,-1.425012952442036,-1.425012952442038
901,1,784,.000000000000000,.000000000000000,-2.477941287312256,2.477941287312256
901,2,256,-4.955882574624495,9.911765149248989,-3.902855860097845,-1.053026714526652
901,3,10,-2.849829145571174,5.699658291142349,-1.424914572785588,-1.424914572785586
902,1,784,.000000000000000,.000000000000000,-2.477941287312260,2.477941287312260
902,2,256,-4.955882574624530,9.911765149249060,-3.902847369227734,-1.053035205396800
902,3,10,-2.849812163830954,5.699624327661908,-1.424906081915475,-1.424906081915480
903,1,784,.000000000000000,.000000000000000,-2.477941287312260,2.477941287312260
903,2,256,-4.955882574624508,9.911765149249016,-3.902914704196227,-1.052967870428283
903,3,10,-2.849946833767945,5.699893667535890,-1.424973416883970,-1.424973416883975
904,1,784,.000000000000000,.000000000000000,-2.477941287312257,2.477941287312257
904,2,256,-4.955882574624533,9.911765149249065,-3.902855111533854,-1.053027463090684
904,3,10,-2.849827648443194,5.699655296886388,-1.424913824221594,-1.424913824221600
905,1,784,.000000000000000,.000000000000000,-2.477941287312256,2.477941287312256
905,2,256,-4.955882574624519,9.911765149249037,-3.902880334189164,-1.053002240435357
905,3,10,-2.849878093753812,5.699756187507624,-1.424939046876908,-1.424939046876904
906,1,784,.000000000000000,.000000000000000,-2.477941287312257,2.477941287312257
906,2,256,-4.955882574624542,9.911765149249083,-3.902898706737876,-1.052983867886663
906,3,10,-2.849914838851238,5.699829677702477,-1.424957419425621,-1.424957419425617
907,1,784,.000000000000000,.000000000000000,-2.477941287312257,2.477941287312257
907,2,256,-4.955882574624474,9.911765149248948,-3.902839729386234,-1.053042845238239
907,3,10,-2.849796884147959,5.699593768295919,-1.424898442073978,-1.424898442073982
908,1,784,.000000000000000,.000000000000000,-2.477941287312260,2.477941287312260
908,2,256,-4.955882574624501,9.911765149249002,-3.902849539462434,-1.053033035162067
908,3,10,-2.849816504300352,5.699633008600705,-1.424908252150178,-1.424908252150174
909,1,784,.000000000000000,.000000000000000,-2.477941287312259,2.477941287312259
909,2,256,-4.955882574624461,9.911765149248922,-3.902874924618642,-1.053007650005818
909,3,10,-2.849867274612771,5.699734549225543,-1.424933637306387,-1.424933637306384
910,1,784,.000000000000000,.000000000000000,-2.477941287312262,2.477941287312262
910,2,256,-4.955882574624482,9.911765149248964,-3.902933480894427,-1.052949093730061
910,3,10,-2.849984387164336,5.699968774328672,-1.424992193582168,-1.424992193582168
911,1,784,.000000000000000,.000000000000000,-2.477941287312257,2.477941287312257
911,2,256,-4.955882574624500,9.911765149249000,-3.902777543662576,-1.053105030961924
911,3,10,-2.849672512700641,5.699345025401282,-1.424836256350322,-1.424836256350319
912,1,784,.000000000000000,.000000000000000,-2.477941287312257,2.477941287312257
912,2,256,-4.955882574624458,9.911765149248916,-3.902830253961131,-1.053052320663333
912,3,10,-2.849777933297744,5.699555866595489,-1.424888966648873,-1.424888966648871
913,1,784,.000000000000000,.000000000000000,-2.477941287312255,2.477941287312255
913,2,256,-4.955882574624563,9.911765149249126,-3.902789234698768,-1.053093339925797
913,3,10,-2.849695894773027,5.699391789546055,-1.424847947386511,-1.424847947386516
914,1,784,.000000000000000,.000000000000000,-2.477941287312255,2.477941287312255
914,2,256,-4.955882574624508,9.911765149249016,-3.902845437237884,-1.053037137386626
914,3,10,-2.849808299851249,5.699616599702498,-1.424904149925626,-1.424904149925624
915,1,784,.000000000000000,.000000000000000,-2.477941287312257,2.477941287312257
915,2,256,-4.955882574624488,9.911765149248977,-3.902892113064641,-1.052990461559846
915,3,10,-2.849901651504767,5.699803303009533,-1.424950825752384,-1.424950825752382
916,1,784,.000000000000000,.000000000000000,-2.477941287312254,2.477941287312254
916,2,256,-4.955882574624511,9.911765149249021,-3.902872797858855,-1.053009776765659
916,3,10,-2.849863021093194,5.699726042186388,-1.424931510546597,-1.424931510546597
917,1,784,.000000000000000,.000000000000000,-2.477941287312258,2.477941287312258
917,2,256,-4.955882574624454,9.911765149248907,-3.902962705526008,-1.052919869098447
917,3,10,-2.850042836427507,5.700085672855014,-1.425021418213753,-1.425021418213754
918,1,784,.000000000000000,.000000000000000,-2.477941287312257,2.477941287312257
918,2,256,-4.955882574624499,9.911765149248998,-3.902882910120337,-1.052999664504164
918,3,10,-2.849883245616160,5.699766491232319,-1.424941622808082,-1.424941622808078
919,1,784,.000000000000000,.000000000000000,-2.477941287312256,2.477941287312256
919,2,256,-4.955882574624515,9.911765149249030,-3.902893482166675,-1.052989092457844
919,3,10,-2.849904389708828,5.699808779417657,-1.424952194854417,-1.424952194854411
920,1,784,.000000000000000,.000000000000000,-2.477941287312255,2.477941287312255
920,2,256,-4.955882574624518,9.911765149249035,-3.902830293962962,-1.053052280661559
920,3,10,-2.849778013301400,5.699556026602799,-1.424889006650705,-1.424889006650695
921,1,784,.000000000000000,.000000000000000,-2.477941287312254,2.477941287312254
921,2,256,-4.955882574624545,9.911765149249090,-3.902841879123528,-1.053040695501016
921,3,10,-2.849801183622544,5.699602367245088,-1.424900591811271,-1.424900591811273
922,1,784,.000000000000000,.000000000000000,-2.477941287312255,2.477941287312255
922,2,256,-4.955882574624519,9.911765149249037,-3.902803306781710,-1.053079267842807
922,3,10,-2.849724038938898,5.699448077877797,-1.424862019469453,-1.424862019469446
923,1,784,.000000000000000,.000000000000000,-2.477941287312255,2.477941287312255
923,2,256,-4.955882574624509,9.911765149249018,-3.902907914197224,-1.052974660427286
923,3,10,-2.849933253769938,5.699866507539876,-1.424966626884968,-1.424966626884970
924,1,784,.000000000000000,.000000000000000,-2.477941287312257,2.477941287312257
924,2,256,-4.955882574624531,9.911765149249062,-3.902836617964052,-1.053045956660477
924,3,10,-2.849790661303597,5.699581322607195,-1.424895330651798,-1.424895330651799
925,1,784,.000000000000000,.000000000000000,-2.477941287312257,2.477941287312257
925,2,256,-4.955882574624539,9.911765149249078,-3.902875732968857,-1.053006841655684
925,3,10,-2.849868891313207,5.699737782626413,-1.424934445656601,-1.424934445656607
926,1,784,.000000000000000,.000000000000000,-2.477941287312256,2.477941287312256
926,2,256,-4.955882574624502,9.911765149249003,-3.902851811895478,-1.053030762729025
926,3,10,-2.849821049166445,5.699642098332889,-1.424910524583221,-1.424910524583223
927,1,784,.000000000000000,.000000000000000,-2.477941287312255,2.477941287312255
927,2,256,-4.955882574624521,9.911765149249042,-3.902922951740197,-1.052959622884323
927,3,10,-2.849963328855886,5.699926657711773,-1.424981664427942,-1.424981664427944
928,1,784,.000000000000000,.000000000000000,-2.477941287312258,2.477941287312258
928,2,256,-4.955882574624538,9.911765149249076,-3.902864173828381,-1.053018400796156
928,3,10,-2.849845773032250,5.699691546064500,-1.424922886516126,-1.424922886516123
929,1,784,.000000000000000,.000000000000000,-2.477941287312257,2.477941287312257
929,2,256,-4.955882574624476,9.911765149248952,-3.902858799514057,-1.053023775110416
929,3,10,-2.849835024403604,5.699670048807208,-1.424917512201804,-1.424917512201801
930,1,784,.000000000000000,.000000000000000,-2.477941287312257,2.477941287312257
930,2,256,-4.955882574624519,9.911765149249037,-3.902849274728122,-1.053033299896399
930,3,10,-2.849815974831729,5.699631949663457,-1.424907987415865,-1.424907987415864
931,1,784,.000000000000000,.000000000000000,-2.477941287312259,2.477941287312259
931,2,256,-4.955882574624470,9.911765149248939,-3.902809236041262,-1.053073338583211
931,3,10,-2.849735897458007,5.699471794916014,-1.424867948729004,-1.424867948729003
932,1,784,.000000000000000,.000000000000000,-2.477941287312255,2.477941287312255
932,2,256,-4.955882574624544,9.911765149249089,-3.902915558519765,-1.052967016104778
932,3,10,-2.849948542415025,5.699897084830050,-1.424974271207510,-1.424974271207515
933,1,784,.000000000000000,.000000000000000,-2.477941287312259,2.477941287312259
933,2,256,-4.955882574624478,9.911765149248955,-3.902839117410891,-1.053043457213590
933,3,10,-2.849795660197278,5.699591320394555,-1.424897830098635,-1.424897830098642
934,1,784,.000000000000000,.000000000000000,-2.477941287312261,2.477941287312261
934,2,256,-4.955882574624539,9.911765149249078,-3.902881975333484,-1.053000599291058
934,3,10,-2.849881376042445,5.699762752084889,-1.424940688021226,-1.424940688021219
935,1,784,.000000000000000,.000000000000000,-2.477941287312257,2.477941287312257
935,2,256,-4.955882574624513,9.911765149249026,-3.902973653401844,-1.052908921222667
935,3,10,-2.850064732179176,5.700129464358351,-1.425032366089588,-1.425032366089587
936,1,784,.000000000000000,.000000000000000,-2.477941287312256,2.477941287312256
936,2,256,-4.955882574624506,9.911765149249012,-3.902933034722629,-1.052949539901880
936,3,10,-2.849983494820749,5.699966989641498,-1.424991747410372,-1.424991747410377
937,1,784,.000000000000000,.000000000000000,-2.477941287312254,2.477941287312254
937,2,256,-4.955882574624530,9.911765149249060,-3.902789359011464,-1.053093215613065
937,3,10,-2.849696143398415,5.699392286796829,-1.424848071699206,-1.424848071699209
938,1,784,.000000000000000,.000000000000000,-2.477941287312256,2.477941287312256
938,2,256,-4.955882574624520,9.911765149249041,-3.902926527347868,-1.052956047276656
938,3,10,-2.849970480071216,5.699940960142432,-1.424985240035612,-1.424985240035604
939,1,784,.000000000000000,.000000000000000,-2.477941287312260,2.477941287312260
939,2,256,-4.955882574624551,9.911765149249103,-3.902872922367083,-1.053009652257466
939,3,10,-2.849863270109657,5.699726540219314,-1.424931635054829,-1.424931635054829
940,1,784,.000000000000000,.000000000000000,-2.477941287312258,2.477941287312258
940,2,256,-4.955882574624559,9.911765149249119,-3.902846707026137,-1.053035867598423
940,3,10,-2.849810839427765,5.699621678855531,-1.424905419713881,-1.424905419713884
941,1,784,.000000000000000,.000000000000000,-2.477941287312257,2.477941287312257
941,2,256,-4.955882574624518,9.911765149249035,-3.902863596709700,-1.053018977914816
941,3,10,-2.849844618794882,5.699689237589764,-1.424922309397446,-1.424922309397436
942,1,784,.000000000000000,.000000000000000,-2.477941287312257,2.477941287312257
942,2,256,-4.955882574624521,9.911765149249042,-3.902882041668940,-1.053000532955579
942,3,10,-2.849881508713367,5.699763017426734,-1.424940754356686,-1.424940754356681
943,1,784,.000000000000000,.000000000000000,-2.477941287312255,2.477941287312255
943,2,256,-4.955882574624479,9.911765149248959,-3.902811768493454,-1.053070806131031
943,3,10,-2.849740962362389,5.699481924724777,-1.424870481181196,-1.424870481181192
944,1,784,.000000000000000,.000000000000000,-2.477941287312257,2.477941287312257
944,2,256,-4.955882574624442,9.911765149248884,-3.902817850082740,-1.053064724541699
944,3,10,-2.849753125540979,5.699506251081957,-1.424876562770486,-1.424876562770492
945,1,784,.000000000000000,.000000000000000,-2.477941287312256,2.477941287312256
945,2,256,-4.955882574624534,9.911765149249067,-3.902820334968819,-1.053062239655714
945,3,10,-2.849758095313123,5.699516190626246,-1.424879047656564,-1.424879047656559
946,1,784,.000000000000000,.000000000000000,-2.477941287312260,2.477941287312260
946,2,256,-4.955882574624510,9.911765149249019,-3.902876553716212,-1.053006020908297
946,3,10,-2.849870532807917,5.699741065615834,-1.424935266403957,-1.424935266403961
947,1,784,.000000000000000,.000000000000000,-2.477941287312258,2.477941287312258
947,2,256,-4.955882574624494,9.911765149248987,-3.902836847165362,-1.053045727459133
947,3,10,-2.849791119706214,5.699582239412427,-1.424895559853107,-1.424895559853106
948,1,784,.000000000000000,.000000000000000,-2.477941287312258,2.477941287312258
948,2,256,-4.955882574624541,9.911765149249081,-3.902924677813304,-1.052957896811233
948,3,10,-2.849966781002096,5.699933562004192,-1.424983390501049,-1.424983390501047
949,1,784,.000000000000000,.000000000000000,-2.477941287312259,2.477941287312259
949,2,256,-4.955882574624483,9.911765149248966,-3.902862997410916,-1.053019577213568
949,3,10,-2.849843420197320,5.699686840394641,-1.424921710098659,-1.424921710098662
950,1,784,.000000000000000,.000000000000000,-2.477941287312258,2.477941287312258
950,2,256,-4.955882574624523,9.911765149249046,-3.902831874503125,-1.053050700121402
950,3,10,-2.849781174381746,5.699562348763493,-1.424890587190871,-1.424890587190876
951,1,784,.000000000000000,.000000000000000,-2.477941287312257,2.477941287312257
951,2,256,-4.955882574624515,9.911765149249030,-3.902936985814371,-1.052945588810138
951,3,10,-2.849991397004239,5.699982794008478,-1.424995698502118,-1.424995698502121
952,1,784,.000000000000000,.000000000000000,-2.477941287312257,2.477941287312257
952,2,256,-4.955882574624519,9.911765149249037,-3.902866441901942,-1.053016132722574
952,3,10,-2.849850309179368,5.699700618358737,-1.424925154589684,-1.424925154589684
953,1,784,.000000000000000,.000000000000000,-2.477941287312258,2.477941287312258
953,2,256,-4.955882574624479,9.911765149248959,-3.902885340033614,-1.052997234590870
953,3,10,-2.849888105442714,5.699776210885427,-1.424944052721356,-1.424944052721357
954,1,784,.000000000000000,.000000000000000,-2.477941287312255,2.477941287312255
954,2,256,-4.955882574624536,9.911765149249073,-3.902850486087073,-1.053032088537468
954,3,10,-2.849818397549632,5.699636795099265,-1.424909198774815,-1.424909198774817
955,1,784,.000000000000000,.000000000000000,-2.477941287312258,2.477941287312258
955,2,256,-4.955882574624519,9.911765149249039,-3.902789448434450,-1.053093126190070
955,3,10,-2.849696322244391,5.699392644488782,-1.424848161122196,-1.424848161122196
956,1,784,.000000000000000,.000000000000000,-2.477941287312256,2.477941287312256
956,2,256,-4.955882574624504,9.911765149249009,-3.902822027843825,-1.053060546780677
956,3,10,-2.849761481063140,5.699522962126281,-1.424880740531570,-1.424880740531570
957,1,784,.000000000000000,.000000000000000,-2.477941287312258,2.477941287312258
957,2,256,-4.955882574624503,9.911765149249005,-3.902862567463823,-1.053020007160683
957,3,10,-2.849842560303133,5.699685120606266,-1.424921280151566,-1.424921280151566
958,1,784,.000000000000000,.000000000000000,-2.477941287312257,2.477941287312257
958,2,256,-4.955882574624523,9.911765149249046,-3.902960846182965,-1.052921728441552
958,3,10,-2.850039117741414,5.700078235482827,-1.425019558870709,-1.425019558870705
959,1,784,.000000000000000,.000000000000000,-2.477941287312257,2.477941287312257
959,2,256,-4.955882574624506,9.911765149249012,-3.902859050158428,-1.053023524466074
959,3,10,-2.849835525692346,5.699671051384692,-1.424917762846173,-1.424917762846173
960,1,784,.000000000000000,.000000000000000,-2.477941287312257,2.477941287312257
960,2,256,-4.955882574624530,9.911765149249060,-3.902900563052147,-1.052982011572385
960,3,10,-2.849918551479786,5.699837102959571,-1.424959275739891,-1.424959275739894
961,1,784,.000000000000000,.000000000000000,-2.477941287312259,2.477941287312259
961,2,256,-4.955882574624521,9.911765149249042,-3.902901057297945,-1.052981517326575
961,3,10,-2.849919539971375,5.699839079942751,-1.424959769985687,-1.424959769985689
962,1,784,.000000000000000,.000000000000000,-2.477941287312257,2.477941287312257
962,2,256,-4.955882574624537,9.911765149249074,-3.902810949611948,-1.053071625012589
962,3,10,-2.849739324599385,5.699478649198769,-1.424869662299692,-1.424869662299693
963,1,784,.000000000000000,.000000000000000,-2.477941287312252,2.477941287312252
963,2,256,-4.955882574624502,9.911765149249003,-3.902828143877979,-1.053054430746519
963,3,10,-2.849773713131446,5.699547426262892,-1.424886856565723,-1.424886856565723
964,1,784,.000000000000000,.000000000000000,-2.477941287312258,2.477941287312258
964,2,256,-4.955882574624540,9.911765149249080,-3.902890619036622,-1.052991955587918
964,3,10,-2.849898663448736,5.699797326897473,-1.424949331724368,-1.424949331724368
965,1,784,.000000000000000,.000000000000000,-2.477941287312257,2.477941287312257
965,2,256,-4.955882574624530,9.911765149249060,-3.902870707271508,-1.053011867353024
965,3,10,-2.849858839918504,5.699717679837008,-1.424929419959251,-1.424929419959252
966,1,784,.000000000000000,.000000000000000,-2.477941287312255,2.477941287312255
966,2,256,-4.955882574624485,9.911765149248970,-3.902898595510141,-1.052983979114345
966,3,10,-2.849914616395772,5.699829232791544,-1.424957308197886,-1.424957308197885
967,1,784,.000000000000000,.000000000000000,-2.477941287312257,2.477941287312257
967,2,256,-4.955882574624513,9.911765149249026,-3.902888030153659,-1.052994544470851
967,3,10,-2.849893485682806,5.699786971365612,-1.424946742841404,-1.424946742841402
968,1,784,.000000000000000,.000000000000000,-2.477941287312257,2.477941287312257
968,2,256,-4.955882574624518,9.911765149249035,-3.902876077421378,-1.053006497203143
968,3,10,-2.849869580218241,5.699739160436483,-1.424934790109122,-1.424934790109119
969,1,784,.000000000000000,.000000000000000,-2.477941287312256,2.477941287312256
969,2,256,-4.955882574624522,9.911765149249044,-3.902857478965583,-1.053025095658943
969,3,10,-2.849832383306655,5.699664766613310,-1.424916191653328,-1.424916191653327
970,1,784,.000000000000000,.000000000000000,-2.477941287312253,2.477941287312253
970,2,256,-4.955882574624475,9.911765149248950,-3.902838122424778,-1.053044452199699
970,3,10,-2.849793670225044,5.699587340450089,-1.424896835112522,-1.424896835112523
971,1,784,.000000000000000,.000000000000000,-2.477941287312258,2.477941287312258
971,2,256,-4.955882574624497,9.911765149248994,-3.902899454816838,-1.052983119807660
971,3,10,-2.849916335009154,5.699832670018307,-1.424958167504581,-1.424958167504573
972,1,784,.000000000000000,.000000000000000,-2.477941287312256,2.477941287312256
972,2,256,-4.955882574624540,9.911765149249080,-3.902858296807727,-1.053024277816817
972,3,10,-2.849834018990941,5.699668037981882,-1.424917009495469,-1.424917009495472
973,1,784,.000000000000000,.000000000000000,-2.477941287312259,2.477941287312259
973,2,256,-4.955882574624483,9.911765149248966,-3.902845989567479,-1.053036585057002
973,3,10,-2.849809404510440,5.699618809020881,-1.424904702255223,-1.424904702255217
974,1,784,.000000000000000,.000000000000000,-2.477941287312258,2.477941287312258
974,2,256,-4.955882574624556,9.911765149249112,-3.902844482945891,-1.053038091678663
974,3,10,-2.849806391267280,5.699612782534560,-1.424903195633639,-1.424903195633641
975,1,784,.000000000000000,.000000000000000,-2.477941287312261,2.477941287312261
975,2,256,-4.955882574624524,9.911765149249048,-3.902896888134487,-1.052985686490038
975,3,10,-2.849911201644461,5.699822403288922,-1.424955600822230,-1.424955600822231
976,1,784,.000000000000000,.000000000000000,-2.477941287312257,2.477941287312257
976,2,256,-4.955882574624526,9.911765149249051,-3.902913495031763,-1.052969079592766
976,3,10,-2.849944415439006,5.699888830878011,-1.424972207719507,-1.424972207719499
977,1,784,.000000000000000,.000000000000000,-2.477941287312259,2.477941287312259
977,2,256,-4.955882574624544,9.911765149249089,-3.902862770458052,-1.053019804166491
977,3,10,-2.849842966291592,5.699685932583185,-1.424921483145797,-1.424921483145794
978,1,784,.000000000000000,.000000000000000,-2.477941287312255,2.477941287312255
978,2,256,-4.955882574624535,9.911765149249069,-3.902783689822893,-1.053098884801638
978,3,10,-2.849684805021274,5.699369610042548,-1.424842402510638,-1.424842402510636
979,1,784,.000000000000000,.000000000000000,-2.477941287312253,2.477941287312253
979,2,256,-4.955882574624550,9.911765149249099,-3.902887256782436,-1.052995317842113
979,3,10,-2.849891938940354,5.699783877880709,-1.424945969470180,-1.424945969470174
980,1,784,.000000000000000,.000000000000000,-2.477941287312261,2.477941287312261
980,2,256,-4.955882574624512,9.911765149249025,-3.902894955107089,-1.052987619517426
980,3,10,-2.849907335589663,5.699814671179325,-1.424953667794832,-1.424953667794831
981,1,784,.000000000000000,.000000000000000,-2.477941287312257,2.477941287312257
981,2,256,-4.955882574624511,9.911765149249023,-3.902824048207689,-1.053058526416825
981,3,10,-2.849765521790863,5.699531043581725,-1.424882760895434,-1.424882760895428
982,1,784,.000000000000000,.000000000000000,-2.477941287312256,2.477941287312256
982,2,256,-4.955882574624522,9.911765149249044,-3.902905748774368,-1.052976825850158
982,3,10,-2.849928922924225,5.699857845848450,-1.424964461462110,-1.424964461462115
983,1,784,.000000000000000,.000000000000000,-2.477941287312257,2.477941287312257
983,2,256,-4.955882574624529,9.911765149249058,-3.902891734850303,-1.052990839774226
983,3,10,-2.849900895076105,5.699801790152209,-1.424950447538047,-1.424950447538057
984,1,784,.000000000000000,.000000000000000,-2.477941287312256,2.477941287312256
984,2,256,-4.955882574624533,9.911765149249065,-3.902890559544142,-1.052992015080388
984,3,10,-2.849898544463764,5.699797088927529,-1.424949272231887,-1.424949272231878
985,1,784,.000000000000000,.000000000000000,-2.477941287312259,2.477941287312259
985,2,256,-4.955882574624560,9.911765149249121,-3.902830672939367,-1.053051901685198
985,3,10,-2.849778771254222,5.699557542508444,-1.424889385627109,-1.424889385627113
986,1,784,.000000000000000,.000000000000000,-2.477941287312258,2.477941287312258
986,2,256,-4.955882574624562,9.911765149249124,-3.902818000522057,-1.053064574102504
986,3,10,-2.849753426419610,5.699506852839219,-1.424876713209803,-1.424876713209806
987,1,784,.000000000000000,.000000000000000,-2.477941287312257,2.477941287312257
987,2,256,-4.955882574624521,9.911765149249042,-3.902886364934817,-1.052996209689701
987,3,10,-2.849890155245122,5.699780310490245,-1.424945077622561,-1.424945077622561
988,1,784,.000000000000000,.000000000000000,-2.477941287312258,2.477941287312258
988,2,256,-4.955882574624503,9.911765149249005,-3.902870262304300,-1.053012312320199
988,3,10,-2.849857949984090,5.699715899968179,-1.424928974992045,-1.424928974992045
989,1,784,.000000000000000,.000000000000000,-2.477941287312259,2.477941287312259
989,2,256,-4.955882574624501,9.911765149249002,-3.902870606390497,-1.053011968234000
989,3,10,-2.849858638156484,5.699717276312969,-1.424929319078242,-1.424929319078243
990,1,784,.000000000000000,.000000000000000,-2.477941287312257,2.477941287312257
990,2,256,-4.955882574624476,9.911765149248952,-3.902890019402869,-1.052992555221610
990,3,10,-2.849897464181228,5.699794928362455,-1.424948732090612,-1.424948732090616
991,1,784,.000000000000000,.000000000000000,-2.477941287312260,2.477941287312260
991,2,256,-4.955882574624504,9.911765149249009,-3.902914422860475,-1.052968151764032
991,3,10,-2.849946271096434,5.699892542192869,-1.424973135548218,-1.424973135548216
992,1,784,.000000000000000,.000000000000000,-2.477941287312258,2.477941287312258
992,2,256,-4.955882574624569,9.911765149249138,-3.902832061622953,-1.053050513001620
992,3,10,-2.849781548621392,5.699563097242784,-1.424890774310695,-1.424890774310698
993,1,784,.000000000000000,.000000000000000,-2.477941287312255,2.477941287312255
993,2,256,-4.955882574624495,9.911765149248991,-3.902910932954828,-1.052971641669666
993,3,10,-2.849939291285147,5.699878582570294,-1.424969645642572,-1.424969645642575
994,1,784,.000000000000000,.000000000000000,-2.477941287312253,2.477941287312253
994,2,256,-4.955882574624550,9.911765149249099,-3.902865878434298,-1.053016696190249
994,3,10,-2.849849182244087,5.699698364488174,-1.424924591122044,-1.424924591122044
995,1,784,.000000000000000,.000000000000000,-2.477941287312255,2.477941287312255
995,2,256,-4.955882574624463,9.911765149248925,-3.902828592110721,-1.053053982513738
995,3,10,-2.849774609596931,5.699549219193861,-1.424887304798465,-1.424887304798465
996,1,784,.000000000000000,.000000000000000,-2.477941287312259,2.477941287312259
996,2,256,-4.955882574624524,9.911765149249048,-3.902826311941862,-1.053056262682659
996,3,10,-2.849770049259210,5.699540098518421,-1.424885024629606,-1.424885024629604
997,1,784,.000000000000000,.000000000000000,-2.477941287312258,2.477941287312258
997,2,256,-4.955882574624507,9.911765149249014,-3.902837153655231,-1.053045420969279
997,3,10,-2.849791732685951,5.699583465371902,-1.424895866342974,-1.424895866342977
998,1,784,.000000000000000,.000000000000000,-2.477941287312261,2.477941287312261
998,2,256,-4.955882574624511,9.911765149249021,-3.902825058935011,-1.053057515689502
998,3,10,-2.849767543245500,5.699535086490999,-1.424883771622753,-1.424883771622746
999,1,784,.000000000000000,.000000000000000,-2.477941287312259,2.477941287312259
999,2,256,-4.955882574624517,9.911765149249034,-3.902879550533424,-1.053003024091099
999,3,10,-2.849876526442333,5.699753052884666,-1.424938263221166,-1.424938263221167
1000,1,784,.000000000000000,.000000000000000,-2.477941287312261,2.477941287312261
1000,2,256,-4.955882574624513,9.911765149249026,-3.902883635983817,-1.052998938640696
1000,3,10,-2.849884697343125,5.699769394686251,-1.424942348671562,-1.424942348671564
