shuffle_id,max_real_part,total_entropy,total_heat,total_work,total_internal
1,-86.00000000000000,36.60206697319948,-18.30103348659974,-18.30103348660746,.7723407850768194E-11
2,-86.00000000000000,36.60222063772932,-18.30111031886466,-18.30111031886443,-.2168551796466467E-12
3,-86.00000000000000,36.60205314691670,-18.30102657345835,-18.30102657345839,.3254688185627685E-13
4,-86.00000000000000,36.60217938585443,-18.30108969292722,-18.30108969293445,.7247291308742909E-11
5,-86.00000000000000,36.60259317805689,-18.30129658902844,-18.30129658902865,.2084565159377050E-12
6,-86.00000000000000,36.60236290463924,-18.30118145231962,-18.30118145232445,.4838218367608782E-11
7,-86.00000000000000,36.60194364314399,-18.30097182157199,-18.30097182157260,.6044036798824592E-12
8,-86.00000000000000,36.60200587142455,-18.30100293571227,-18.30100293571254,.2617203329058349E-12
9,-86.00000000000000,36.60230398177563,-18.30115199088782,-18.30115199089331,.5489218454779454E-11
10,-86.00000000000000,36.60220733172667,-18.30110366586333,-18.30110366586429,.9534430536750627E-12
11,-86.00000000000000,36.60244992341340,-18.30122496170670,-18.30122496170982,.3123952485584169E-11
12,-86.00000000000000,36.60218196095993,-18.30109098047997,-18.30109098048659,.6619486209169523E-11
13,-86.00000000000000,36.60199603963675,-18.30099801981838,-18.30099801982319,.4815513439393460E-11
14,-86.00000000000000,36.60218025208837,-18.30109012604418,-18.30109012604592,.1717556652458541E-11
15,-86.00000000000000,36.60251018341686,-18.30125509170843,-18.30125509171506,.6635013719002991E-11
16,-86.00000000000000,36.60201735405753,-18.30100867702876,-18.30100867702994,.1165050694806880E-11
17,-86.00000000000000,36.60246169967845,-18.30123084983923,-18.30123084983962,.3932245154492087E-12
18,-86.00000000000000,36.60242678962984,-18.30121339481492,-18.30121339481978,.4856479801640390E-11
19,-86.00000000000000,36.60205580835147,-18.30102790417574,-18.30102790418084,.5095814395450482E-11
20,-86.00000000000000,36.60228988103081,-18.30114494051540,-18.30114494051790,.2491871292642500E-11
21,-86.00000000000000,36.60168802658436,-18.30084401329218,-18.30084401329414,.1956317052798084E-11
22,-86.00000000000000,36.60216081980877,-18.30108040990438,-18.30108040990661,.2212511424071195E-11
23,-86.00000000000000,36.60211572087717,-18.30105786043859,-18.30105786043892,.3398635539664241E-12
24,-86.00000000000000,36.60271193654835,-18.30135596827418,-18.30135596827913,.4948974390017735E-11
25,-86.00000000000000,36.60250125140693,-18.30125062570346,-18.30125062570414,.6801538499079385E-12
26,-86.00000000000000,36.60261860833579,-18.30130930416789,-18.30130930417245,.4556958976831282E-11
27,-86.00000000000000,36.60193230700255,-18.30096615350127,-18.30096615350145,.1694165641108469E-12
28,-86.00000000000000,36.60239528290659,-18.30119764145330,-18.30119764145723,.3930550329656057E-11
29,-86.00000000000000,36.60192120472013,-18.30096060236007,-18.30096060236840,.8323824268741120E-11
30,-86.00000000000000,36.60239837608827,-18.30119918804413,-18.30119918804841,.4279361587311570E-11
31,-86.00000000000000,36.60231409866071,-18.30115704933036,-18.30115704933178,.1429264692709431E-11
32,-86.00000000000000,36.60213962899841,-18.30106981449920,-18.30106981450470,.5495433968993879E-11
33,-86.00000000000000,36.60202586873559,-18.30101293436780,-18.30101293437136,.3542699120173687E-11
34,-86.00000000000000,36.60235278568415,-18.30117639284208,-18.30117639284758,.5500960797988341E-11
35,-86.00000000000000,36.60221279760873,-18.30110639880436,-18.30110639881039,.6022333673416647E-11
36,-86.00000000000000,36.60202171918222,-18.30101085959111,-18.30101085959544,.4327544399218564E-11
37,-86.00000000000000,36.60198678077837,-18.30099339038918,-18.30099339039146,.2269174431690502E-11
38,-86.00000000000000,36.60209586946364,-18.30104793473182,-18.30104793473755,.5736142463796945E-11
39,-86.00000000000000,36.60230538417917,-18.30115269208958,-18.30115269209056,.9810798007325872E-12
40,-86.00000000000000,36.60230376178750,-18.30115188089375,-18.30115188089865,.4899986666417888E-11
41,-86.00000000000000,36.60208958665121,-18.30104479332561,-18.30104479332925,.3645364392290684E-11
42,-86.00000000000000,36.60238387746612,-18.30119193873306,-18.30119193873553,.2466363918651737E-11
43,-86.00000000000000,36.60249730495385,-18.30124865247693,-18.30124865248109,.4165534236988400E-11
44,-86.00000000000000,36.60233500521664,-18.30116750260832,-18.30116750260794,-.3817796773164517E-12
45,-86.00000000000000,36.60171376086772,-18.30085688043386,-18.30085688044104,.7181167986647363E-11
46,-86.00000000000000,36.60213732051628,-18.30106866025814,-18.30106866026393,.5779376976988715E-11
47,-86.00000000000000,36.60186773018767,-18.30093386509384,-18.30093386510225,.8410362684063699E-11
48,-86.00000000000000,36.60212744698880,-18.30106372349440,-18.30106372349384,-.5604978287054863E-12
49,-86.00000000000000,36.60220056962612,-18.30110028481306,-18.30110028481601,.2951557401265070E-11
50,-86.00000000000000,36.60172901469520,-18.30086450734760,-18.30086450735254,.4941275687231350E-11
51,-86.00000000000000,36.60238538665264,-18.30119269332632,-18.30119269332588,-.4320589025441635E-12
52,-86.00000000000000,36.60199145327577,-18.30099572663789,-18.30099572663961,.1721284573208415E-11
53,-86.00000000000000,36.60230753897713,-18.30115376948856,-18.30115376948940,.8388307409790130E-12
54,-86.00000000000000,36.60195992593673,-18.30097996296837,-18.30097996297345,.5097613303695070E-11
55,-86.00000000000000,36.60238024815942,-18.30119012407971,-18.30119012408395,.4241473491872760E-11
56,-86.00000000000000,36.60216628106677,-18.30108314053339,-18.30108314053230,-.1085488469942941E-11
57,-86.00000000000000,36.60224342442394,-18.30112171221197,-18.30112171221289,.9217557273011323E-12
58,-86.00000000000000,36.60260772798810,-18.30130386399405,-18.30130386399799,.3950305360600481E-11
59,-86.00000000000000,36.60230155387908,-18.30115077693954,-18.30115077693953,-.9081277396738585E-14
60,-86.00000000000000,36.60193838222821,-18.30096919111411,-18.30096919111704,.2938210438840905E-11
61,-86.00000000000000,36.60228306096775,-18.30114153048387,-18.30114153048617,.2290658981940474E-11
62,-86.00000000000000,36.60258138681474,-18.30129069340737,-18.30129069340989,.2535451015805990E-11
63,-86.00000000000000,36.60227105265116,-18.30113552632558,-18.30113552632737,.1785332298664954E-11
64,-86.00000000000000,36.60238093271088,-18.30119046635544,-18.30119046635697,.1540136074229537E-11
65,-86.00000000000000,36.60242856627705,-18.30121428313852,-18.30121428313676,-.1745409372588824E-11
66,-86.00000000000000,36.60183343823597,-18.30091671911799,-18.30091671912204,.4053125890468579E-11
67,-86.00000000000000,36.60249250817195,-18.30124625408597,-18.30124625408860,.2618632741202553E-11
68,-86.00000000000000,36.60200157780427,-18.30100078890214,-18.30100078890385,.1719506481645539E-11
69,-86.00000000000000,36.60228913811041,-18.30114456905520,-18.30114456906001,.4821312619973650E-11
70,-86.00000000000000,36.60192756966173,-18.30096378483086,-18.30096378483185,.9764185987526375E-12
71,-86.00000000000000,36.60227719891287,-18.30113859945644,-18.30113859946167,.5223188201397555E-11
72,-86.00000000000000,36.60194089195480,-18.30097044597740,-18.30097044598287,.5451131733502645E-11
73,-86.00000000000000,36.60205583800268,-18.30102791900134,-18.30102791900356,.2215040650899169E-11
74,-86.00000000000000,36.60219137012671,-18.30109568506336,-18.30109568506506,.1711649919022840E-11
75,-86.00000000000000,36.60195073076489,-18.30097536538245,-18.30097536538245,.1250215209136485E-13
76,-86.00000000000000,36.60165806996632,-18.30082903498316,-18.30082903498890,.5745497827502888E-11
77,-86.00000000000000,36.60261850027262,-18.30130925013631,-18.30130925013662,.3082169935941792E-12
78,-86.00000000000000,36.60188872392226,-18.30094436196113,-18.30094436196361,.2474617732950435E-11
79,-86.00000000000000,36.60191646748419,-18.30095823374209,-18.30095823374386,.1770973992454294E-11
80,-86.00000000000000,36.60198252670542,-18.30099126335271,-18.30099126335533,.2618525188347043E-11
81,-86.00000000000000,36.60219210419983,-18.30109605209991,-18.30109605210231,.2391812442548158E-11
82,-86.00000000000000,36.60270809842401,-18.30135404921201,-18.30135404921337,.1371106353453833E-11
83,-86.00000000000000,36.60180716552004,-18.30090358276002,-18.30090358276215,.2136181856404740E-11
84,-86.00000000000000,36.60224922493857,-18.30112461246928,-18.30112461247516,.5859920187978318E-11
85,-86.00000000000000,36.60226258366762,-18.30113129183381,-18.30113129183965,.5845886275057666E-11
86,-86.00000000000000,36.60173654615218,-18.30086827307609,-18.30086827307985,.3749053151258508E-11
87,-86.00000000000000,36.60245351286522,-18.30122675643261,-18.30122675643770,.5086361887229884E-11
88,-86.00000000000000,36.60218763041529,-18.30109381520764,-18.30109381521094,.3300627132718503E-11
89,-86.00000000000000,36.60231640019587,-18.30115820009793,-18.30115820009923,.1306405504608588E-11
90,-86.00000000000000,36.60249730201107,-18.30124865100553,-18.30124865100555,.1125835535908948E-14
91,-86.00000000000000,36.60218530766068,-18.30109265383034,-18.30109265382844,-.1909847280323618E-11
92,-86.00000000000000,36.60188988944113,-18.30094494472056,-18.30094494472031,-.2580435864985020E-12
93,-86.00000000000000,36.60231736621159,-18.30115868310580,-18.30115868311008,.4285396690284493E-11
94,-86.00000000000000,36.60205836273313,-18.30102918136657,-18.30102918137266,.6083402878664934E-11
95,-86.00000000000000,36.60202356837770,-18.30101178418885,-18.30101178418857,-.2769087042997498E-12
96,-86.00000000000000,36.60236498600185,-18.30118249300092,-18.30118249300616,.5243779369057400E-11
97,-86.00000000000000,36.60274524889675,-18.30137262444838,-18.30137262445414,.5758116206067143E-11
98,-86.00000000000000,36.60194554486678,-18.30097277243339,-18.30097277243535,.1958650255873273E-11
99,-86.00000000000000,36.60230825338349,-18.30115412669175,-18.30115412669631,.4570592168628984E-11
100,-86.00000000000000,36.60224304180871,-18.30112152090435,-18.30112152090458,.2267751958440201E-12
101,-86.00000000000000,36.60234333059400,-18.30117166529700,-18.30117166529987,.2860820087768889E-11
102,-86.00000000000000,36.60180741415177,-18.30090370707589,-18.30090370707934,.3449195790095061E-11
103,-86.00000000000000,36.60265808959829,-18.30132904479915,-18.30132904479960,.4625397287405519E-12
104,-86.00000000000000,36.60229846150477,-18.30114923075238,-18.30114923075343,.1051399418916521E-11
105,-86.00000000000000,36.60178534481494,-18.30089267240747,-18.30089267240757,.1061511989419728E-12
106,-86.00000000000000,36.60206423067140,-18.30103211533570,-18.30103211533905,.3350684313341290E-11
107,-86.00000000000000,36.60223998884698,-18.30111999442349,-18.30111999442503,.1539588768972866E-11
108,-86.00000000000000,36.60185239801493,-18.30092619900747,-18.30092619901270,.5232161058577045E-11
109,-86.00000000000000,36.60237271707187,-18.30118635853593,-18.30118635853677,.8496172515526368E-12
110,-86.00000000000000,36.60254336266186,-18.30127168133093,-18.30127168133479,.3855318841949895E-11
111,-86.00000000000000,36.60203512510952,-18.30101756255476,-18.30101756255605,.1287856973841706E-11
112,-86.00000000000000,36.60198992449526,-18.30099496224763,-18.30099496225132,.3695971480255356E-11
113,-86.00000000000000,36.60214661974693,-18.30107330987347,-18.30107330987562,.2155695760786003E-11
114,-86.00000000000000,36.60231781087275,-18.30115890543638,-18.30115890543644,.7771040755333303E-13
115,-86.00000000000000,36.60226983585012,-18.30113491792506,-18.30113491793327,.8203850793142564E-11
116,-86.00000000000000,36.60233462765493,-18.30116731382746,-18.30116731383415,.6697158452806384E-11
117,-86.00000000000000,36.60183742443141,-18.30091871221570,-18.30091871222249,.6779478020635388E-11
118,-86.00000000000000,36.60219443239956,-18.30109721619978,-18.30109721619892,-.8633545267588971E-12
119,-86.00000000000000,36.60209310127347,-18.30104655063674,-18.30104655064197,.5234103081508401E-11
120,-86.00000000000000,36.60212204469678,-18.30106102234839,-18.30106102234685,-.1550823705565030E-11
121,-86.00000000000000,36.60204466670741,-18.30102233335371,-18.30102233335663,.2929967032883063E-11
122,-86.00000000000000,36.60214252333975,-18.30107126166988,-18.30107126167423,.4356701631402782E-11
123,-86.00000000000000,36.60227123821279,-18.30113561910639,-18.30113561910771,.1320384773739747E-11
124,-86.00000000000000,36.60241616512498,-18.30120808256249,-18.30120808256358,.1088970927320965E-11
125,-86.00000000000000,36.60203394028915,-18.30101697014458,-18.30101697014546,.8740022594544428E-12
126,-86.00000000000000,36.60205589311476,-18.30102794655738,-18.30102794656068,.3308927784551052E-11
127,-86.00000000000000,36.60185501978407,-18.30092750989203,-18.30092750989201,-.3542652282639835E-13
128,-86.00000000000000,36.60211016359002,-18.30105508179501,-18.30105508179773,.2721755112955471E-11
129,-86.00000000000000,36.60181723921895,-18.30090861960948,-18.30090861961321,.3740809745300666E-11
130,-86.00000000000000,36.60227694748954,-18.30113847374477,-18.30113847375021,.5441203043687892E-11
131,-86.00000000000000,36.60246797113754,-18.30123398556877,-18.30123398557203,.3264307227301977E-11
132,-86.00000000000000,36.60209445731499,-18.30104722865750,-18.30104722866291,.5425880231224589E-11
133,-86.00000000000000,36.60208464796712,-18.30104232398356,-18.30104232398850,.4948394125015021E-11
134,-86.00000000000000,36.60254376958042,-18.30127188479021,-18.30127188479350,.3296555736720386E-11
135,-86.00000000000000,36.60214498472266,-18.30107249236133,-18.30107249236373,.2402009147139950E-11
136,-86.00000000000000,36.60269396349963,-18.30134698174981,-18.30134698175474,.4928993845021434E-11
137,-86.00000000000000,36.60201522082492,-18.30100761041246,-18.30100761041835,.5876230058099452E-11
138,-86.00000000000000,36.60195982330828,-18.30097991165414,-18.30097991165858,.4428092441333131E-11
139,-86.00000000000000,36.60201415160348,-18.30100707580174,-18.30100707580171,-.3454354857712616E-13
140,-86.00000000000000,36.60229399117667,-18.30114699558833,-18.30114699559140,.3065768125476431E-11
141,-86.00000000000000,36.60213722831290,-18.30106861415645,-18.30106861416058,.4132772249421102E-11
142,-86.00000000000000,36.60206175167922,-18.30103087583961,-18.30103087584247,.2865326031997739E-11
143,-86.00000000000000,36.60247292030672,-18.30123646015336,-18.30123646015699,.3631695638661725E-11
144,-86.00000000000000,36.60183116348962,-18.30091558174481,-18.30091558174645,.1630997420454250E-11
145,-86.00000000000000,36.60273093751150,-18.30136546875575,-18.30136546875748,.1728685770918670E-11
146,-86.00000000000000,36.60194350584199,-18.30097175292100,-18.30097175292277,.1769829074960150E-11
147,-86.00000000000000,36.60274300317717,-18.30137150158859,-18.30137150159212,.3536348297528136E-11
148,-86.00000000000000,36.60202476445571,-18.30101238222785,-18.30101238222813,.2665246495725526E-12
149,-86.00000000000000,36.60234215213845,-18.30117107606922,-18.30117107607052,.1293142676273007E-11
150,-86.00000000000000,36.60213323126034,-18.30106661563017,-18.30106661563010,-.7143070857029699E-13
151,-86.00000000000000,36.60209582510998,-18.30104791255499,-18.30104791255812,.3135139717280744E-11
152,-86.00000000000000,36.60202935051143,-18.30101467525571,-18.30101467525767,.1934528925939816E-11
153,-86.00000000000000,36.60246612129784,-18.30123306064892,-18.30123306065604,.7116508771165542E-11
154,-86.00000000000000,36.60239255404954,-18.30119627702477,-18.30119627703034,.5559544144495554E-11
155,-86.00000000000000,36.60213515203623,-18.30106757601812,-18.30106757601990,.1781364986075396E-11
156,-86.00000000000000,36.60228807829264,-18.30114403914632,-18.30114403914891,.2587482311744438E-11
157,-86.00000000000000,36.60209450292146,-18.30104725146073,-18.30104725146533,.4603918808687713E-11
158,-86.00000000000000,36.60254424549548,-18.30127212274774,-18.30127212274857,.8276487134528665E-12
159,-86.00000000000000,36.60170045891548,-18.30085022945774,-18.30085022946416,.6410380906651802E-11
160,-86.00000000000000,36.60231227476757,-18.30115613738378,-18.30115613738410,.3181179278333168E-12
161,-86.00000000000000,36.60198695407243,-18.30099347703622,-18.30099347704187,.5645792860997645E-11
162,-86.00000000000000,36.60225926406308,-18.30112963203154,-18.30112963203651,.4970189190767194E-11
163,-86.00000000000000,36.60214135540529,-18.30107067770264,-18.30107067770645,.3817033494835087E-11
164,-86.00000000000000,36.60153581422353,-18.30076790711177,-18.30076790711668,.4918736425107983E-11
165,-86.00000000000000,36.60218876040790,-18.30109438020395,-18.30109438020457,.6201757857260404E-12
166,-86.00000000000000,36.60169847511878,-18.30084923755939,-18.30084923756072,.1325255877260290E-11
167,-86.00000000000000,36.60218022165816,-18.30109011082908,-18.30109011083048,.1411312039456547E-11
168,-86.00000000000000,36.60287838099123,-18.30143919049561,-18.30143919050126,.5642658215676555E-11
169,-86.00000000000000,36.60225248350875,-18.30112624175437,-18.30112624176197,.7581674871248723E-11
170,-86.00000000000000,36.60225989078205,-18.30112994539103,-18.30112994539138,.3422566050015341E-12
171,-86.00000000000000,36.60244047528422,-18.30122023764211,-18.30122023764199,-.1311971364881259E-12
172,-86.00000000000000,36.60209975515330,-18.30104987757665,-18.30104987758275,.6091986290424067E-11
173,-86.00000000000000,36.60236637793708,-18.30118318896854,-18.30118318897079,.2246871091959868E-11
174,-86.00000000000000,36.60208595402773,-18.30104297701386,-18.30104297701674,.2866917640786948E-11
175,-86.00000000000000,36.60221694384290,-18.30110847192145,-18.30110847192726,.5804284136656790E-11
176,-86.00000000000000,36.60217255152222,-18.30108627576111,-18.30108627576370,.2599165674355142E-11
177,-86.00000000000000,36.60247172881508,-18.30123586440754,-18.30123586440707,-.4741346204539809E-12
178,-86.00000000000000,36.60223952079481,-18.30111976039741,-18.30111976039779,.3855102001515398E-12
179,-86.00000000000000,36.60229009481561,-18.30114504740781,-18.30114504741365,.5851471217288573E-11
180,-86.00000000000000,36.60210711240602,-18.30105355620301,-18.30105355620496,.1945901773048320E-11
181,-86.00000000000000,36.60268210874869,-18.30134105437434,-18.30134105437706,.2707972734938835E-11
182,-86.00000000000000,36.60252511017241,-18.30126255508620,-18.30126255509188,.5666373620316634E-11
183,-86.00000000000000,36.60258268548555,-18.30129134274278,-18.30129134274475,.1969917284849743E-11
184,-86.00000000000000,36.60252615774512,-18.30126307887256,-18.30126307887241,-.1422369166892423E-12
185,-86.00000000000000,36.60219116639068,-18.30109558319534,-18.30109558319714,.1796114472429888E-11
186,-86.00000000000000,36.60177442706500,-18.30088721353250,-18.30088721353289,.3858111746746218E-12
187,-86.00000000000000,36.60229880518087,-18.30114940259044,-18.30114940259340,.2962800144112876E-11
188,-86.00000000000000,36.60226981846663,-18.30113490923332,-18.30113490923443,.1110578642937732E-11
189,-86.00000000000000,36.60267629118522,-18.30133814559261,-18.30133814559400,.1389725140521492E-11
190,-86.00000000000000,36.60226067783230,-18.30113033891615,-18.30113033891977,.3617196819849511E-11
191,-86.00000000000000,36.60236179164346,-18.30118089582173,-18.30118089582473,.2991081340941726E-11
192,-86.00000000000000,36.60217593813974,-18.30108796906987,-18.30108796907211,.2245697551528369E-11
193,-86.00000000000000,36.60210004363719,-18.30105002181859,-18.30105002181967,.1066789018233649E-11
194,-86.00000000000000,36.60165167030836,-18.30082583515418,-18.30082583515984,.5660024532394559E-11
195,-86.00000000000000,36.60237115936680,-18.30118557968340,-18.30118557968650,.3097978470978369E-11
196,-86.00000000000000,36.60225613308720,-18.30112806654360,-18.30112806654818,.4584152502040695E-11
197,-86.00000000000000,36.60182544313160,-18.30091272156580,-18.30091272156296,-.2840722448937960E-11
198,-86.00000000000000,36.60254826646188,-18.30127413323094,-18.30127413323139,.4559460448083641E-12
199,-86.00000000000000,36.60217636391192,-18.30108818195596,-18.30108818195867,.2702386925346190E-11
200,-86.00000000000000,36.60141095318836,-18.30070547659418,-18.30070547659811,.3926445973911896E-11
201,-86.00000000000000,36.60207123394430,-18.30103561697215,-18.30103561697170,-.4391348396026729E-12
202,-86.00000000000000,36.60188169164967,-18.30094084582484,-18.30094084583164,.6792184870096918E-11
203,-86.00000000000000,36.60194237843795,-18.30097118921898,-18.30097118922288,.3903646503267133E-11
204,-86.00000000000000,36.60223884339926,-18.30111942169963,-18.30111942170418,.4552677679292572E-11
205,-86.00000000000000,36.60269786297467,-18.30134893148733,-18.30134893149275,.5417458148748722E-11
206,-86.00000000000000,36.60210324357536,-18.30105162178768,-18.30105162178942,.1736933513685202E-11
207,-86.00000000000000,36.60185293511749,-18.30092646755875,-18.30092646756103,.2290502856827636E-11
208,-86.00000000000000,36.60239131771956,-18.30119565885978,-18.30119565886219,.2398537965464520E-11
209,-86.00000000000000,36.60213716575210,-18.30106858287605,-18.30106858288200,.5941485151095272E-11
210,-86.00000000000000,36.60210790639590,-18.30105395319795,-18.30105395320178,.3830659747738885E-11
211,-86.00000000000000,36.60214031103878,-18.30107015551939,-18.30107015552430,.4917035528739788E-11
212,-86.00000000000000,36.60261049395555,-18.30130524697778,-18.30130524697828,.5074760056622551E-12
213,-86.00000000000000,36.60211557299417,-18.30105778649708,-18.30105778650183,.4739675665832443E-11
214,-86.00000000000000,36.60228208320076,-18.30114104160038,-18.30114104160390,.3509971827075908E-11
215,-86.00000000000000,36.60225816162753,-18.30112908081377,-18.30112908081503,.1255011719547561E-11
216,-86.00000000000000,36.60198737728593,-18.30099368864296,-18.30099368864627,.3315526672653668E-11
217,-86.00000000000000,36.60201250561571,-18.30100625280786,-18.30100625281247,.4606752479485721E-11
218,-86.00000000000000,36.60150112531993,-18.30075056265996,-18.30075056266234,.2385383557346188E-11
219,-86.00000000000000,36.60224989365869,-18.30112494682934,-18.30112494682913,-.2100611351529835E-12
220,-86.00000000000000,36.60188447734682,-18.30094223867341,-18.30094223867689,.3477516885563858E-11
221,-86.00000000000000,36.60234276224949,-18.30117138112475,-18.30117138112796,.3209847318497161E-11
222,-86.00000000000000,36.60202167465005,-18.30101083732503,-18.30101083733094,.5902752245323661E-11
223,-86.00000000000000,36.60212062736080,-18.30106031368040,-18.30106031368697,.6569678828727277E-11
224,-86.00000000000000,36.60271757239013,-18.30135878619507,-18.30135878620048,.5416216086739922E-11
225,-86.00000000000000,36.60185475904738,-18.30092737952369,-18.30092737953306,.9369977016504549E-11
226,-86.00000000000000,36.60178494208520,-18.30089247104260,-18.30089247104457,.1973152544132439E-11
227,-86.00000000000000,36.60225812922853,-18.30112906461427,-18.30112906462421,.9927744390458848E-11
228,-86.00000000000000,36.60205844169829,-18.30102922084914,-18.30102922085593,.6783906769669557E-11
229,-86.00000000000000,36.60191554739248,-18.30095777369624,-18.30095777369929,.3045986206318130E-11
230,-86.00000000000000,36.60193242304528,-18.30096621152264,-18.30096621152945,.6810082012198571E-11
231,-86.00000000000000,36.60205467092368,-18.30102733546184,-18.30102733546359,.1758993992129199E-11
232,-86.00000000000000,36.60244064896905,-18.30122032448453,-18.30122032448817,.3652807223364363E-11
233,-86.00000000000000,36.60163577775290,-18.30081788887645,-18.30081788887894,.2495410128533493E-11
234,-86.00000000000000,36.60133086537310,-18.30066543268655,-18.30066543268753,.9685056576169693E-12
235,-86.00000000000000,36.60173775655957,-18.30086887827979,-18.30086887828141,.1621027964637811E-11
236,-86.00000000000000,36.60176173819132,-18.30088086909566,-18.30088086910001,.4352332730328534E-11
237,-86.00000000000000,36.60216719423040,-18.30108359711520,-18.30108359711528,.8088668623784656E-13
238,-86.00000000000000,36.60168078295535,-18.30084039147767,-18.30084039147708,-.5921547974185870E-12
239,-86.00000000000000,36.60253254591267,-18.30126627295634,-18.30126627295637,.1916175551563981E-13
240,-86.00000000000000,36.60252210329505,-18.30126105164753,-18.30126105165115,.3611052429297601E-11
241,-86.00000000000000,36.60212677128602,-18.30106338564301,-18.30106338564689,.3876966456206610E-11
242,-86.00000000000000,36.60244053689411,-18.30122026844706,-18.30122026844572,-.1345125399954128E-11
243,-86.00000000000000,36.60233205863292,-18.30116602931646,-18.30116602932015,.3681300056457282E-11
244,-86.00000000000000,36.60201733473897,-18.30100866736949,-18.30100866737645,.6979956543307075E-11
245,-86.00000000000000,36.60191361673008,-18.30095680836504,-18.30095680836881,.3775122575655487E-11
246,-86.00000000000000,36.60208713666513,-18.30104356833256,-18.30104356833484,.2279353789047533E-11
247,-86.00000000000000,36.60232797400943,-18.30116398700472,-18.30116398700698,.2254746736540802E-11
248,-86.00000000000000,36.60292839028175,-18.30146419514087,-18.30146419514372,.2853054598128679E-11
249,-86.00000000000000,36.60255136121724,-18.30127568060862,-18.30127568061101,.2398272552772696E-11
250,-86.00000000000000,36.60184911797423,-18.30092455898712,-18.30092455899191,.4795209368468889E-11
251,-86.00000000000000,36.60223269985623,-18.30111634992812,-18.30111634993363,.5512170581090103E-11
252,-86.00000000000000,36.60211669775836,-18.30105834887918,-18.30105834888100,.1810766814269726E-11
253,-86.00000000000000,36.60242496682933,-18.30121248341466,-18.30121248341331,-.1362437940244376E-11
254,-86.00000000000000,36.60260370306476,-18.30130185153238,-18.30130185153539,.3017770928981367E-11
255,-86.00000000000000,36.60255203872907,-18.30127601936454,-18.30127601936682,.2280007779797977E-11
256,-86.00000000000000,36.60238153709862,-18.30119076854931,-18.30119076855007,.7574843530200326E-12
257,-86.00000000000000,36.60225507113540,-18.30112753556770,-18.30112753557151,.3819538435534398E-11
258,-86.00000000000000,36.60205780144641,-18.30102890072320,-18.30102890072598,.2780971633531415E-11
259,-86.00000000000000,36.60218630612121,-18.30109315306061,-18.30109315306095,.3452238495071924E-12
260,-86.00000000000000,36.60241810470668,-18.30120905235334,-18.30120905235389,.5504988825899559E-12
261,-86.00000000000000,36.60217144266666,-18.30108572133333,-18.30108572133617,.2845659471950590E-11
262,-86.00000000000000,36.60198282025632,-18.30099141012816,-18.30099141012760,-.5516698209362403E-12
263,-86.00000000000000,36.60245648474717,-18.30122824237358,-18.30122824237496,.1384206985144409E-11
264,-86.00000000000000,36.60240452114897,-18.30120226057448,-18.30120226057361,-.8709968510323129E-12
265,-86.00000000000000,36.60190242397945,-18.30095121198973,-18.30095121198885,-.8866726797229774E-12
266,-86.00000000000000,36.60277979371886,-18.30138989685943,-18.30138989686438,.4947472986849277E-11
267,-86.00000000000000,36.60232183085870,-18.30116091542935,-18.30116091543120,.1845220157226102E-11
268,-86.00000000000000,36.60220430343066,-18.30110215171533,-18.30110215171612,.7837359233819896E-12
269,-86.00000000000000,36.60262657757665,-18.30131328878833,-18.30131328879153,.3206470679251172E-11
270,-86.00000000000000,36.60245173144123,-18.30122586572062,-18.30122586572441,.3791134073338753E-11
271,-86.00000000000000,36.60199256720882,-18.30099628360441,-18.30099628360842,.4016946497653606E-11
272,-86.00000000000000,36.60164106743138,-18.30082053371569,-18.30082053371577,.7246980793240709E-13
273,-86.00000000000000,36.60219247234736,-18.30109623617368,-18.30109623617691,.3225392175565389E-11
274,-86.00000000000000,36.60236143992656,-18.30118071996328,-18.30118071996660,.3330488662633968E-11
275,-86.00000000000000,36.60193655229280,-18.30096827614640,-18.30096827614773,.1331988339070556E-11
276,-86.00000000000000,36.60212874105728,-18.30106437052864,-18.30106437052929,.6519142864425120E-12
277,-86.00000000000000,36.60232816582331,-18.30116408291165,-18.30116408291459,.2933245660252659E-11
278,-86.00000000000000,36.60212519150780,-18.30106259575390,-18.30106259575502,.1148884806734252E-11
279,-86.00000000000000,36.60188202256023,-18.30094101128011,-18.30094101128312,.3002943380070455E-11
280,-86.00000000000000,36.60215477364893,-18.30107738682447,-18.30107738682995,.5487540977178185E-11
281,-86.00000000000000,36.60233740283954,-18.30116870141977,-18.30116870141983,.6413099218338658E-13
282,-86.00000000000000,36.60211632267893,-18.30105816133947,-18.30105816134572,.6259543230968667E-11
283,-86.00000000000000,36.60202620064558,-18.30101310032279,-18.30101310032405,.1258501983181226E-11
284,-86.00000000000000,36.60226918889911,-18.30113459444955,-18.30113459445306,.3510104533421821E-11
285,-86.00000000000000,36.60207842104391,-18.30103921052196,-18.30103921052437,.2415822750179153E-11
286,-86.00000000000000,36.60275654097710,-18.30137827048855,-18.30137827049194,.3390451981666320E-11
287,-86.00000000000000,36.60239409807307,-18.30119704903653,-18.30119704904151,.4969562955592366E-11
288,-86.00000000000000,36.60167036025536,-18.30083518012768,-18.30083518013211,.4438284809116233E-11
289,-86.00000000000000,36.60224266587811,-18.30112133293905,-18.30112133294057,.1512518409130248E-11
290,-86.00000000000000,36.60240021143865,-18.30120010571932,-18.30120010572275,.3421710831341684E-11
291,-86.00000000000000,36.60248946222560,-18.30124473111280,-18.30124473111623,.3427239395059622E-11
292,-86.00000000000000,36.60245876639592,-18.30122938319796,-18.30122938319892,.9667787403966344E-12
293,-86.00000000000000,36.60224894428438,-18.30112447214219,-18.30112447214227,.8346188323793413E-13
294,-86.00000000000000,36.60241670999010,-18.30120835499505,-18.30120835499621,.1152561553141584E-11
295,-86.00000000000000,36.60190524643244,-18.30095262321622,-18.30095262322315,.6928031065500662E-11
296,-86.00000000000000,36.60196477613829,-18.30098238806914,-18.30098238806350,-.5647428705235491E-11
297,-86.00000000000000,36.60211467399695,-18.30105733699848,-18.30105733700319,.4718590101981945E-11
298,-86.00000000000000,36.60246157096233,-18.30123078548116,-18.30123078548297,.1798989776591320E-11
299,-86.00000000000000,36.60199167241035,-18.30099583620517,-18.30099583620939,.4207563117364366E-11
300,-86.00000000000000,36.60205110747691,-18.30102555373846,-18.30102555374136,.2907693183451521E-11
301,-86.00000000000000,36.60180988314806,-18.30090494157403,-18.30090494157661,.2581393432343759E-11
302,-86.00000000000000,36.60233438057890,-18.30116719028945,-18.30116719029182,.2360837220161116E-11
303,-86.00000000000000,36.60263024633839,-18.30131512316920,-18.30131512317416,.4972688059934338E-11
304,-86.00000000000000,36.60268863730804,-18.30134431865402,-18.30134431865778,.3758738979786624E-11
305,-86.00000000000000,36.60213106689549,-18.30106553344774,-18.30106553344904,.1299921975617124E-11
306,-86.00000000000000,36.60207477601107,-18.30103738800553,-18.30103738800895,.3422223442128836E-11
307,-86.00000000000000,36.60217245949943,-18.30108622974971,-18.30108622975072,.1013814032724270E-11
308,-86.00000000000000,36.60207104562392,-18.30103552281196,-18.30103552281566,.3689154884356505E-11
309,-86.00000000000000,36.60270784413566,-18.30135392206783,-18.30135392207101,.3191736805407963E-11
310,-86.00000000000000,36.60182874860928,-18.30091437430464,-18.30091437430659,.1952856279463511E-11
311,-86.00000000000000,36.60234925068268,-18.30117462534134,-18.30117462534037,-.9823496183170022E-12
312,-86.00000000000000,36.60274751236863,-18.30137375618432,-18.30137375618471,.3870705839181809E-12
313,-86.00000000000000,36.60207348474179,-18.30103674237089,-18.30103674237611,.5207168030096909E-11
314,-86.00000000000000,36.60235075787467,-18.30117537893733,-18.30117537893715,-.1795542881044554E-12
315,-86.00000000000000,36.60210874430501,-18.30105437215251,-18.30105437215599,.3480792043486503E-11
316,-86.00000000000000,36.60191821713901,-18.30095910856950,-18.30095910857565,.6142700931244249E-11
317,-86.00000000000000,36.60200627001948,-18.30100313500974,-18.30100313501065,.9235251452466287E-12
318,-86.00000000000000,36.60271806402952,-18.30135903201476,-18.30135903201615,.1403181390524644E-11
319,-86.00000000000000,36.60201467783801,-18.30100733891900,-18.30100733892428,.5280423667763934E-11
320,-86.00000000000000,36.60230498100140,-18.30115249050070,-18.30115249050541,.4708563400290799E-11
321,-86.00000000000000,36.60240704616743,-18.30120352308371,-18.30120352308343,-.2836290230456839E-12
322,-86.00000000000000,36.60199894970355,-18.30099947485177,-18.30099947485616,.4402256337243671E-11
323,-86.00000000000000,36.60243010806324,-18.30121505403162,-18.30121505403461,.2986170338781236E-11
324,-86.00000000000000,36.60250833110669,-18.30125416555335,-18.30125416555697,.3632708717171695E-11
325,-86.00000000000000,36.60221970827703,-18.30110985413852,-18.30110985414357,.5060187512062608E-11
326,-86.00000000000000,36.60248426866423,-18.30124213433212,-18.30124213433302,.9124697525342285E-12
327,-86.00000000000000,36.60210797510653,-18.30105398755326,-18.30105398755697,.3709950749386515E-11
328,-86.00000000000000,36.60204625167356,-18.30102312583678,-18.30102312584430,.7518255983052224E-11
329,-86.00000000000000,36.60197838338380,-18.30098919169190,-18.30098919169431,.2411392266421508E-11
330,-86.00000000000000,36.60231399697599,-18.30115699848800,-18.30115699849432,.6313947628622252E-11
331,-86.00000000000000,36.60251851388554,-18.30125925694277,-18.30125925694628,.3503934989379509E-11
332,-86.00000000000000,36.60258596827352,-18.30129298413676,-18.30129298414056,.3802014258980080E-11
333,-86.00000000000000,36.60192372810079,-18.30096186405039,-18.30096186405367,.3258171510367447E-11
334,-86.00000000000000,36.60220148545123,-18.30110074272562,-18.30110074273159,.5971651992342508E-11
335,-86.00000000000000,36.60260658191685,-18.30130329095842,-18.30130329096246,.4039770254427033E-11
336,-86.00000000000000,36.60207201077454,-18.30103600538727,-18.30103600538561,-.1663695223252937E-11
337,-86.00000000000000,36.60200930614935,-18.30100465307467,-18.30100465307605,.1367420066067382E-11
338,-86.00000000000000,36.60218559398383,-18.30109279699192,-18.30109279699447,.2546837740702301E-11
339,-86.00000000000000,36.60239685472208,-18.30119842736104,-18.30119842736091,-.1324071061126197E-12
340,-86.00000000000000,36.60232298488677,-18.30116149244338,-18.30116149244867,.5282489723423822E-11
341,-86.00000000000000,36.60227070003304,-18.30113535001652,-18.30113535001686,.3333947701245066E-12
342,-86.00000000000000,36.60205675747051,-18.30102837873525,-18.30102837873803,.2780454685935574E-11
343,-86.00000000000000,36.60250162834915,-18.30125081417458,-18.30125081417679,.2207947366605900E-11
344,-86.00000000000000,36.60184149111888,-18.30092074555944,-18.30092074556356,.4115947166427603E-11
345,-86.00000000000000,36.60277794122541,-18.30138897061271,-18.30138897061710,.4391620747612457E-11
346,-86.00000000000000,36.60225519709087,-18.30112759854543,-18.30112759854795,.2519838504522198E-11
347,-86.00000000000000,36.60229183492849,-18.30114591746424,-18.30114591747108,.6839404043113007E-11
348,-86.00000000000000,36.60196806747344,-18.30098403373672,-18.30098403374142,.4689255928003178E-11
349,-86.00000000000000,36.60198074115985,-18.30099037057992,-18.30099037058094,.1018907180849737E-11
350,-86.00000000000000,36.60194061769675,-18.30097030884838,-18.30097030885207,.3688431504667022E-11
351,-86.00000000000000,36.60244563564483,-18.30122281782242,-18.30122281782876,.6357494392039698E-11
352,-86.00000000000000,36.60289767913677,-18.30144883956838,-18.30144883957415,.5758022530999440E-11
353,-86.00000000000000,36.60201272548890,-18.30100636274445,-18.30100636274776,.3295499290123516E-11
354,-86.00000000000000,36.60232008791183,-18.30116004395591,-18.30116004395812,.2195977774621660E-11
355,-86.00000000000000,36.60259956583224,-18.30129978291612,-18.30129978291993,.3805108138299484E-11
356,-86.00000000000000,36.60174604341746,-18.30087302170873,-18.30087302171343,.4705761821877097E-11
357,-86.00000000000000,36.60200539560948,-18.30100269780474,-18.30100269780369,-.1047554404332018E-11
358,-86.00000000000000,36.60278951199439,-18.30139475599720,-18.30139475600535,.8169838069949087E-11
359,-86.00000000000000,36.60207099646992,-18.30103549823496,-18.30103549823546,.4964119393324751E-12
360,-86.00000000000000,36.60242778891318,-18.30121389445659,-18.30121389445956,.2960907560800585E-11
361,-86.00000000000000,36.60235980598885,-18.30117990299443,-18.30117990299800,.3568073787818538E-11
362,-86.00000000000000,36.60246011537776,-18.30123005768888,-18.30123005768928,.4010090870476546E-12
363,-86.00000000000000,36.60204974920408,-18.30102487460204,-18.30102487459974,-.2302451632130165E-11
364,-86.00000000000000,36.60228959916214,-18.30114479958107,-18.30114479958596,.4892700827818786E-11
365,-86.00000000000000,36.60201043739592,-18.30100521869796,-18.30100521870044,.2478401164851540E-11
366,-86.00000000000000,36.60204028101272,-18.30102014050636,-18.30102014050940,.3037684687123843E-11
367,-86.00000000000000,36.60237355360385,-18.30118677680193,-18.30118677680347,.1532871052312146E-11
368,-86.00000000000000,36.60192052432762,-18.30096026216381,-18.30096026216752,.3721425077818363E-11
369,-86.00000000000000,36.60256005799510,-18.30128002899755,-18.30128002900308,.5518837123408282E-11
370,-86.00000000000000,36.60198030432811,-18.30099015216405,-18.30099015216654,.2478437594044536E-11
371,-86.00000000000000,36.60214548022323,-18.30107274011161,-18.30107274011353,.1907396116052062E-11
372,-86.00000000000000,36.60202454502954,-18.30101227251477,-18.30101227251917,.4393038016692330E-11
373,-86.00000000000000,36.60238382004153,-18.30119191002077,-18.30119191002912,.8361632566900035E-11
374,-86.00000000000000,36.60226041715266,-18.30113020857633,-18.30113020857825,.1933024920686144E-11
375,-86.00000000000000,36.60270142610695,-18.30135071305347,-18.30135071305792,.4445534218522340E-11
376,-86.00000000000000,36.60211035585210,-18.30105517792605,-18.30105517792810,.2044297890690938E-11
377,-86.00000000000000,36.60199522236247,-18.30099761118123,-18.30099761118772,.6486927314752755E-11
378,-86.00000000000000,36.60232948010507,-18.30116474005253,-18.30116474005679,.4256624566711942E-11
379,-86.00000000000000,36.60207626335295,-18.30103813167647,-18.30103813167939,.2904307003226414E-11
380,-86.00000000000000,36.60175949980582,-18.30087974990291,-18.30087974990708,.4164939226836140E-11
381,-86.00000000000000,36.60235853089218,-18.30117926544609,-18.30117926544726,.1167893906584005E-11
382,-86.00000000000000,36.60227497487667,-18.30113748743834,-18.30113748744269,.4351202557983935E-11
383,-86.00000000000000,36.60233645422351,-18.30116822711176,-18.30116822711336,.1606020871847136E-11
384,-86.00000000000000,36.60188552129489,-18.30094276064744,-18.30094276065142,.3974320005040166E-11
385,-86.00000000000000,36.60190351862375,-18.30095175931188,-18.30095175931353,.1658737383558595E-11
386,-86.00000000000000,36.60255613754234,-18.30127806877117,-18.30127806877258,.1404695804119171E-11
387,-86.00000000000000,36.60207837780153,-18.30103918890077,-18.30103918890063,-.1439759769739091E-12
388,-86.00000000000000,36.60176495280907,-18.30088247640454,-18.30088247640999,.5458238028221984E-11
389,-86.00000000000000,36.60213338830008,-18.30106669415004,-18.30106669414838,-.1662791432321953E-11
390,-86.00000000000000,36.60241868852991,-18.30120934426495,-18.30120934426545,.4940960834920460E-12
391,-86.00000000000000,36.60251637959752,-18.30125818979876,-18.30125818980184,.3078672733414223E-11
392,-86.00000000000000,36.60225850537020,-18.30112925268510,-18.30112925268690,.1795553289385410E-11
393,-86.00000000000000,36.60232351393144,-18.30116175696572,-18.30116175696515,-.5631571597941587E-12
394,-86.00000000000000,36.60232445133837,-18.30116222566918,-18.30116222567443,.5240172878950844E-11
395,-86.00000000000000,36.60252464946288,-18.30126232473144,-18.30126232473399,.2544698826656422E-11
396,-86.00000000000000,36.60224380316821,-18.30112190158410,-18.30112190158770,.3602212278464023E-11
397,-86.00000000000000,36.60219110882541,-18.30109555441270,-18.30109555441689,.4176672896427647E-11
398,-86.00000000000000,36.60180901785166,-18.30090450892583,-18.30090450893043,.4606537373774700E-11
399,-86.00000000000000,36.60257723352576,-18.30128861676288,-18.30128861676422,.1347964274922564E-11
400,-86.00000000000000,36.60175475830349,-18.30087737915174,-18.30087737915172,-.2037085777839565E-13
401,-86.00000000000000,36.60223218300532,-18.30111609150266,-18.30111609150686,.4196717626192559E-11
402,-86.00000000000000,36.60247378464457,-18.30123689232229,-18.30123689232490,.2631487042159542E-11
403,-86.00000000000000,36.60221557695176,-18.30110778847588,-18.30110778847983,.3944367402142213E-11
404,-86.00000000000000,36.60190566288951,-18.30095283144476,-18.30095283144616,.1397350984921886E-11
405,-86.00000000000000,36.60196543090439,-18.30098271545220,-18.30098271545508,.2877958288349802E-11
406,-86.00000000000000,36.60190988369298,-18.30095494184649,-18.30095494184944,.2953897543234163E-11
407,-86.00000000000000,36.60226245054416,-18.30113122527208,-18.30113122527634,.4259268285289330E-11
408,-86.00000000000000,36.60227440093550,-18.30113720046775,-18.30113720047287,.5112669836104811E-11
409,-86.00000000000000,36.60225033072798,-18.30112516536399,-18.30112516536469,.6864847232335158E-12
410,-86.00000000000000,36.60231879707374,-18.30115939853687,-18.30115939853736,.4896950900334929E-12
411,-86.00000000000000,36.60215292449237,-18.30107646224619,-18.30107646225027,.4091058221356025E-11
412,-86.00000000000000,36.60215098209016,-18.30107549104508,-18.30107549104829,.3216872948574867E-11
413,-86.00000000000000,36.60249164950170,-18.30124582475085,-18.30124582475248,.1628058798885945E-11
414,-86.00000000000000,36.60227452766017,-18.30113726383009,-18.30113726383047,.3800371475848330E-12
415,-86.00000000000000,36.60234425845814,-18.30117212922907,-18.30117212923006,.9804969336446590E-12
416,-86.00000000000000,36.60190968409128,-18.30095484204564,-18.30095484204605,.4068594419703864E-12
417,-86.00000000000000,36.60232872614291,-18.30116436307146,-18.30116436307633,.4870723616101635E-11
418,-86.00000000000000,36.60225872898741,-18.30112936449370,-18.30112936449765,.3951439869753770E-11
419,-86.00000000000000,36.60177287051012,-18.30088643525506,-18.30088643526205,.6983873548915831E-11
420,-86.00000000000000,36.60180630708233,-18.30090315354116,-18.30090315354154,.3886335697700360E-12
421,-86.00000000000000,36.60250863206370,-18.30125431603185,-18.30125431603402,.2175963402517578E-11
422,-86.00000000000000,36.60196804321580,-18.30098402160790,-18.30098402161089,.2997673290150438E-11
423,-86.00000000000000,36.60267339779079,-18.30133669889539,-18.30133669889631,.9095502129241595E-12
424,-86.00000000000000,36.60229940966520,-18.30114970483260,-18.30114970483667,.4074060533376667E-11
425,-86.00000000000000,36.60247347379091,-18.30123673689545,-18.30123673689988,.4443379691965177E-11
426,-86.00000000000000,36.60267553594515,-18.30133776797257,-18.30133776797608,.3508526802420420E-11
427,-86.00000000000000,36.60220423309656,-18.30110211654828,-18.30110211655051,.2225948592116112E-11
428,-86.00000000000000,36.60232942685821,-18.30116471342911,-18.30116471343340,.4306614093119165E-11
429,-86.00000000000000,36.60176619134334,-18.30088309567167,-18.30088309567661,.4947596152216072E-11
430,-86.00000000000000,36.60255190326225,-18.30127595163112,-18.30127595163751,.6379757833130384E-11
431,-86.00000000000000,36.60209029938172,-18.30104514969086,-18.30104514968825,-.2610437907502039E-11
432,-86.00000000000000,36.60236388099408,-18.30118194049704,-18.30118194049769,.6492827109294552E-12
433,-86.00000000000000,36.60215629768562,-18.30107814884281,-18.30107814884741,.4589892702022702E-11
434,-86.00000000000000,36.60179610274806,-18.30089805137403,-18.30089805137669,.2653157207821444E-11
435,-86.00000000000000,36.60251866530376,-18.30125933265188,-18.30125933265713,.5246195838859435E-11
436,-86.00000000000000,36.60184195658110,-18.30092097829055,-18.30092097829473,.4178581092251221E-11
437,-86.00000000000000,36.60267893281402,-18.30133946640701,-18.30133946640899,.1974806602966783E-11
438,-86.00000000000000,36.60186267184657,-18.30093133592328,-18.30093133592436,.1055688522710874E-11
439,-86.00000000000000,36.60243493794237,-18.30121746897118,-18.30121746897634,.5152449647494173E-11
440,-86.00000000000000,36.60223245604227,-18.30111622802114,-18.30111622802244,.1307769864622443E-11
441,-86.00000000000000,36.60207274007889,-18.30103637003944,-18.30103637004260,.3156468142417879E-11
442,-86.00000000000000,36.60250488413823,-18.30125244206912,-18.30125244207042,.1289190976194732E-11
443,-86.00000000000000,36.60248945932861,-18.30124472966430,-18.30124472966852,.4213194029767386E-11
444,-86.00000000000000,36.60206939848130,-18.30103469924065,-18.30103469924407,.3409387355768345E-11
445,-86.00000000000000,36.60172900587656,-18.30086450293828,-18.30086450294118,.2905131864239241E-11
446,-86.00000000000000,36.60213581559451,-18.30106790779725,-18.30106790779629,-.9666451666889841E-12
447,-86.00000000000000,36.60220742720251,-18.30110371360125,-18.30110371360680,.5552301673983351E-11
448,-86.00000000000000,36.60231735422092,-18.30115867711046,-18.30115867711157,.1104066491008915E-11
449,-86.00000000000000,36.60193711191813,-18.30096855595907,-18.30096855596435,.5286641784063573E-11
450,-86.00000000000000,36.60154536628927,-18.30077268314463,-18.30077268314890,.4268668751805649E-11
451,-86.00000000000000,36.60208619604219,-18.30104309802110,-18.30104309802221,.1116176595594709E-11
452,-86.00000000000000,36.60189909195111,-18.30094954597556,-18.30094954598194,.6387440923405485E-11
453,-86.00000000000000,36.60175082675286,-18.30087541337643,-18.30087541338105,.4631062894278060E-11
454,-86.00000000000000,36.60212363137312,-18.30106181568656,-18.30106181568841,.1853196415768643E-11
455,-86.00000000000000,36.60225331608518,-18.30112665804259,-18.30112665804403,.1449153297361505E-11
456,-86.00000000000000,36.60206543791696,-18.30103271895848,-18.30103271896541,.6930841317531744E-11
457,-86.00000000000000,36.60203124056770,-18.30101562028385,-18.30101562028677,.2921912711784103E-11
458,-86.00000000000000,36.60176555771285,-18.30088277885642,-18.30088277886031,.3883652080483024E-11
459,-86.00000000000000,36.60205243994083,-18.30102621997041,-18.30102621997167,.1248765847672306E-11
460,-86.00000000000000,36.60175809480985,-18.30087904740492,-18.30087904740777,.2846934493705433E-11
461,-86.00000000000000,36.60239553253824,-18.30119776626912,-18.30119776627537,.6240181982253290E-11
462,-86.00000000000000,36.60228311446911,-18.30114155723455,-18.30114155723822,.3670943757305700E-11
463,-86.00000000000000,36.60203526497857,-18.30101763248928,-18.30101763249263,.3342583154708478E-11
464,-86.00000000000000,36.60228725803057,-18.30114362901529,-18.30114362902050,.5215158166427258E-11
465,-86.00000000000000,36.60251779541196,-18.30125889770598,-18.30125889771035,.4363500880066873E-11
466,-86.00000000000000,36.60226298782554,-18.30113149391277,-18.30113149391712,.4338198203446275E-11
467,-86.00000000000000,36.60212750564437,-18.30106375282218,-18.30106375282163,-.5581663603537734E-12
468,-86.00000000000000,36.60274527516371,-18.30137263758185,-18.30137263758575,.3894301547902046E-11
469,-86.00000000000000,36.60211774344935,-18.30105887172467,-18.30105887173193,.7255467060485188E-11
470,-86.00000000000000,36.60230441250356,-18.30115220625178,-18.30115220625331,.1522591080993507E-11
471,-86.00000000000000,36.60162452169429,-18.30081226084715,-18.30081226084949,.2342191544879579E-11
472,-86.00000000000000,36.60264293700359,-18.30132146850180,-18.30132146850443,.2636498658281639E-11
473,-86.00000000000000,36.60222034544129,-18.30111017272064,-18.30111017272583,.5190515552089270E-11
474,-86.00000000000000,36.60245037704451,-18.30122518852225,-18.30122518852432,.2079421704270779E-11
475,-86.00000000000000,36.60214358294862,-18.30107179147431,-18.30107179148133,.7018529854518896E-11
476,-86.00000000000000,36.60177182179091,-18.30088591089546,-18.30088591089576,.3125884967536408E-12
477,-86.00000000000000,36.60177309762544,-18.30088654881272,-18.30088654881872,.6003012323341217E-11
478,-86.00000000000000,36.60185345190489,-18.30092672595245,-18.30092672595873,.6280836961636282E-11
479,-86.00000000000000,36.60183712313840,-18.30091856156920,-18.30091856157396,.4754597757172796E-11
480,-86.00000000000000,36.60197742948439,-18.30098871474219,-18.30098871474601,.3816679611245988E-11
481,-86.00000000000000,36.60219684471344,-18.30109842235672,-18.30109842236277,.6050394560364047E-11
482,-86.00000000000000,36.60231214707520,-18.30115607353760,-18.30115607354077,.3160163103421709E-11
483,-86.00000000000000,36.60243890729422,-18.30121945364711,-18.30121945365069,.3578333809817202E-11
484,-86.00000000000000,36.60241036317480,-18.30120518158740,-18.30120518159376,.6362811319493566E-11
485,-86.00000000000000,36.60228199942931,-18.30114099971465,-18.30114099971600,.1342875463605786E-11
486,-86.00000000000000,36.60221240689602,-18.30110620344801,-18.30110620345207,.4064710373841152E-11
487,-86.00000000000000,36.60212232118164,-18.30106116059082,-18.30106116059817,.7358887804675973E-11
488,-86.00000000000000,36.60239516543466,-18.30119758271733,-18.30119758272075,.3419684674321744E-11
489,-86.00000000000000,36.60261149113114,-18.30130574556557,-18.30130574556975,.4191071101278254E-11
490,-86.00000000000000,36.60252386678127,-18.30126193339063,-18.30126193339114,.5067734426544845E-12
491,-86.00000000000000,36.60249684832939,-18.30124842416470,-18.30124842416874,.4046630218412783E-11
492,-86.00000000000000,36.60235571342335,-18.30117785671167,-18.30117785671237,.7056803058569372E-12
493,-86.00000000000000,36.60241072413309,-18.30120536206655,-18.30120536206719,.6410965508463207E-12
494,-86.00000000000000,36.60204625709025,-18.30102312854513,-18.30102312854936,.4224554733811559E-11
495,-86.00000000000000,36.60224995451870,-18.30112497725935,-18.30112497726446,.5116200865740161E-11
496,-86.00000000000000,36.60203046510195,-18.30101523255098,-18.30101523255252,.1532441708251842E-11
497,-86.00000000000000,36.60242962454984,-18.30121481227492,-18.30121481227636,.1449836778411040E-11
498,-86.00000000000000,36.60208330478000,-18.30104165239000,-18.30104165239251,.2510708654868132E-11
499,-86.00000000000000,36.60239165419200,-18.30119582709600,-18.30119582709871,.2697607762169874E-11
500,-86.00000000000000,36.60226162816051,-18.30113081408025,-18.30113081408630,.6047322365088093E-11
501,-86.00000000000000,36.60184195545908,-18.30092097772954,-18.30092097773076,.1210457081790572E-11
502,-86.00000000000000,36.60167278488307,-18.30083639244154,-18.30083639244528,.3745609725158694E-11
503,-86.00000000000000,36.60184963623391,-18.30092481811696,-18.30092481812038,.3421097606592927E-11
504,-86.00000000000000,36.60247981869954,-18.30123990934977,-18.30123990935525,.5473086393814608E-11
505,-86.00000000000000,36.60230081044246,-18.30115040522123,-18.30115040522371,.2479955477086015E-11
506,-86.00000000000000,36.60190263981467,-18.30095131990734,-18.30095131990990,.2568119328305585E-11
507,-86.00000000000000,36.60178197154144,-18.30089098577072,-18.30089098576803,-.2699875045752975E-11
508,-86.00000000000000,36.60216506703964,-18.30108253351982,-18.30108253352276,.2938925144913007E-11
509,-86.00000000000000,36.60248170228359,-18.30124085114180,-18.30124085114219,.3915374968688212E-12
510,-86.00000000000000,36.60244749947434,-18.30122374973717,-18.30122374973905,.1885632275322457E-11
511,-86.00000000000000,36.60176094483100,-18.30088047241550,-18.30088047241974,.4248223300917786E-11
512,-86.00000000000000,36.60201714189567,-18.30100857094783,-18.30100857095159,.3746808419080594E-11
513,-86.00000000000000,36.60223873037348,-18.30111936518674,-18.30111936519044,.3716648516727261E-11
514,-86.00000000000000,36.60192867735439,-18.30096433867720,-18.30096433867974,.2538750459857297E-11
515,-86.00000000000000,36.60204287033079,-18.30102143516540,-18.30102143516745,.2058415937700175E-11
516,-86.00000000000000,36.60204501763189,-18.30102250881595,-18.30102250882434,.8392588707328841E-11
517,-86.00000000000000,36.60194730687971,-18.30097365343985,-18.30097365344298,.3118368410715000E-11
518,-86.00000000000000,36.60285987334567,-18.30142993667284,-18.30142993667764,.4798775959935497E-11
519,-86.00000000000000,36.60296218875708,-18.30148109437854,-18.30148109438317,.4633482833527047E-11
520,-86.00000000000000,36.60201986145213,-18.30100993072607,-18.30100993073121,.5143453371547757E-11
521,-86.00000000000000,36.60236036200767,-18.30118018100384,-18.30118018101052,.6682638817312458E-11
522,-86.00000000000000,36.60264390063634,-18.30132195031817,-18.30132195032284,.4657703042698635E-11
523,-86.00000000000000,36.60229816320190,-18.30114908160095,-18.30114908160146,.5115300544256129E-12
524,-86.00000000000000,36.60211487080398,-18.30105743540199,-18.30105743540288,.8951051705397006E-12
525,-86.00000000000000,36.60146734869637,-18.30073367434818,-18.30073367435491,.6722608580922440E-11
526,-86.00000000000000,36.60196313909518,-18.30098156954759,-18.30098156955072,.3120552427571255E-11
527,-86.00000000000000,36.60225410514058,-18.30112705257029,-18.30112705257345,.3158227152022519E-11
528,-86.00000000000000,36.60211799026808,-18.30105899513404,-18.30105899513361,-.4190814362203810E-12
529,-86.00000000000000,36.60220151662439,-18.30110075831220,-18.30110075831361,.1410831521053701E-11
530,-86.00000000000000,36.60249464395363,-18.30124732197681,-18.30124732197761,.7932196566251548E-12
531,-86.00000000000000,36.60171325419058,-18.30085662709529,-18.30085662709886,.3579761487237931E-11
532,-86.00000000000000,36.60184629106134,-18.30092314553067,-18.30092314552884,-.1828905082934540E-11
533,-86.00000000000000,36.60199087111085,-18.30099543555542,-18.30099543555895,.3520961300296221E-11
534,-86.00000000000000,36.60207206106664,-18.30103603053332,-18.30103603053939,.6057954485272354E-11
535,-86.00000000000000,36.60171003361247,-18.30085501680623,-18.30085501680925,.3000572013078795E-11
536,-86.00000000000000,36.60267689981320,-18.30133844990660,-18.30133844990741,.7914571775735624E-12
537,-86.00000000000000,36.60200186133681,-18.30100093066840,-18.30100093067066,.2256731260197320E-11
538,-86.00000000000000,36.60227572728514,-18.30113786364257,-18.30113786364401,.1444021985319566E-11
539,-86.00000000000000,36.60228428929648,-18.30114214464824,-18.30114214465422,.5977662809186768E-11
540,-86.00000000000000,36.60224702851237,-18.30112351425618,-18.30112351425660,.4362031569282721E-12
541,-86.00000000000000,36.60197995036823,-18.30098997518412,-18.30098997519024,.6114505603227460E-11
542,-86.00000000000000,36.60206182852672,-18.30103091426336,-18.30103091426830,.4933461625333813E-11
543,-86.00000000000000,36.60216074256748,-18.30108037128374,-18.30108037128580,.2065085949465306E-11
544,-86.00000000000000,36.60227364393936,-18.30113682196968,-18.30113682197183,.2150044031701270E-11
545,-86.00000000000000,36.60221534771627,-18.30110767385814,-18.30110767386013,.1992435730291398E-11
546,-86.00000000000000,36.60222308356479,-18.30111154178239,-18.30111154178627,.3860755465323606E-11
547,-86.00000000000000,36.60226686181829,-18.30113343090914,-18.30113343091297,.3826670751105876E-11
548,-86.00000000000000,36.60192102317017,-18.30096051158509,-18.30096051158742,.2329882814455786E-11
549,-86.00000000000000,36.60221753261266,-18.30110876630633,-18.30110876630648,.1597454807322762E-12
550,-86.00000000000000,36.60198738037396,-18.30099369018698,-18.30099369019160,.4619606780442709E-11
551,-86.00000000000000,36.60215222380693,-18.30107611190347,-18.30107611190500,.1533388867269725E-11
552,-86.00000000000000,36.60163876766441,-18.30081938383221,-18.30081938383722,.5005331218943532E-11
553,-86.00000000000000,36.60249508148820,-18.30124754074410,-18.30124754074659,.2480941667382108E-11
554,-86.00000000000000,36.60165083360170,-18.30082541680085,-18.30082541680695,.6106651642689975E-11
555,-86.00000000000000,36.60201364872179,-18.30100682436090,-18.30100682436628,.5379887507706016E-11
556,-86.00000000000000,36.60226269636611,-18.30113134818306,-18.30113134818651,.3456225756981457E-11
557,-86.00000000000000,36.60202263304875,-18.30101131652438,-18.30101131652426,-.1136330612938607E-12
558,-86.00000000000000,36.60254411925516,-18.30127205962758,-18.30127205962895,.1374027627787378E-11
559,-86.00000000000000,36.60223990294797,-18.30111995147399,-18.30111995147720,.3206527057764141E-11
560,-86.00000000000000,36.60248691257512,-18.30124345628756,-18.30124345628870,.1143437775019684E-11
561,-86.00000000000000,36.60242649543293,-18.30121324771646,-18.30121324771889,.2431328575969172E-11
562,-86.00000000000000,36.60284087037854,-18.30142043518927,-18.30142043519436,.5095575003610797E-11
563,-86.00000000000000,36.60218530214438,-18.30109265107219,-18.30109265107459,.2408604565795613E-11
564,-86.00000000000000,36.60235650555528,-18.30117825277764,-18.30117825278263,.4995892588510742E-11
565,-86.00000000000000,36.60200137733206,-18.30100068866603,-18.30100068867207,.6034350102934738E-11
566,-86.00000000000000,36.60220330909988,-18.30110165454994,-18.30110165455022,.2760482814556653E-12
567,-86.00000000000000,36.60241669103497,-18.30120834551749,-18.30120834552026,.2768828569199577E-11
568,-86.00000000000000,36.60209848245518,-18.30104924122759,-18.30104924123308,.5482631709741170E-11
569,-86.00000000000000,36.60217090982916,-18.30108545491458,-18.30108545491762,.3039202570165322E-11
570,-86.00000000000000,36.60256747217469,-18.30128373608735,-18.30128373609254,.5190549379197051E-11
571,-86.00000000000000,36.60232890707118,-18.30116445353559,-18.30116445353964,.4057120958633753E-11
572,-86.00000000000000,36.60224713266155,-18.30112356633077,-18.30112356632874,-.2031935383839389E-11
573,-86.00000000000000,36.60195631379528,-18.30097815689764,-18.30097815689951,.1866514755255455E-11
574,-86.00000000000000,36.60220474978067,-18.30110237489033,-18.30110237489449,.4160253738727526E-11
575,-86.00000000000000,36.60236274994097,-18.30118137497049,-18.30118137497332,.2832005463471177E-11
576,-86.00000000000000,36.60203490415670,-18.30101745207835,-18.30101745207853,.1734896948324405E-12
577,-86.00000000000000,36.60191120574457,-18.30095560287229,-18.30095560286997,-.2317229741422011E-11
578,-86.00000000000000,36.60220653571278,-18.30110326785639,-18.30110326786121,.4833042820118205E-11
579,-86.00000000000000,36.60196636386742,-18.30098318193371,-18.30098318193846,.4743440015775313E-11
580,-86.00000000000000,36.60209236099759,-18.30104618049879,-18.30104618050040,.1607520540292118E-11
581,-86.00000000000000,36.60212632804857,-18.30106316402428,-18.30106316402779,.3507440865524458E-11
582,-86.00000000000000,36.60202205520901,-18.30101102760450,-18.30101102761015,.5649918033423518E-11
583,-86.00000000000000,36.60203188264160,-18.30101594132080,-18.30101594132177,.9739951900566979E-12
584,-86.00000000000000,36.60250764438894,-18.30125382219447,-18.30125382220049,.6016997664004542E-11
585,-86.00000000000000,36.60218084927585,-18.30109042463792,-18.30109042464286,.4934641237297477E-11
586,-86.00000000000000,36.60238219330991,-18.30119109665496,-18.30119109665893,.3974717256716165E-11
587,-86.00000000000000,36.60220580562475,-18.30110290281237,-18.30110290281718,.4806487673147952E-11
588,-86.00000000000000,36.60243714762150,-18.30121857381075,-18.30121857381317,.2424839842807280E-11
589,-86.00000000000000,36.60239952117443,-18.30119976058721,-18.30119976059231,.5095874243410403E-11
590,-86.00000000000000,36.60206588098802,-18.30103294049401,-18.30103294048991,-.4092530134225392E-11
591,-86.00000000000000,36.60180521425821,-18.30090260712910,-18.30090260713418,.5063239758018589E-11
592,-86.00000000000000,36.60231930608726,-18.30115965304363,-18.30115965304822,.4590185002928404E-11
593,-86.00000000000000,36.60247476198399,-18.30123738099200,-18.30123738099205,.5323345930730028E-13
594,-86.00000000000000,36.60217181708995,-18.30108590854497,-18.30108590854435,-.6193821497357810E-12
595,-86.00000000000000,36.60261574997750,-18.30130787498875,-18.30130787499217,.3414601934537131E-11
596,-86.00000000000000,36.60245491384163,-18.30122745692081,-18.30122745692166,.8416704833091870E-12
597,-86.00000000000000,36.60197180908462,-18.30098590454231,-18.30098590454478,.2490478309691291E-11
598,-86.00000000000000,36.60205297063258,-18.30102648531629,-18.30102648532066,.4371020906335232E-11
599,-86.00000000000000,36.60191164197888,-18.30095582098944,-18.30095582099413,.4693587532522692E-11
600,-86.00000000000000,36.60236268396964,-18.30118134198482,-18.30118134199163,.6815754557965015E-11
601,-86.00000000000000,36.60205979452518,-18.30102989726259,-18.30102989726934,.6751045902864128E-11
602,-86.00000000000000,36.60238095229997,-18.30119047614998,-18.30119047615081,.8341062215921902E-12
603,-86.00000000000000,36.60216301136570,-18.30108150568285,-18.30108150568604,.3172273208007503E-11
604,-86.00000000000000,36.60250801976284,-18.30125400988142,-18.30125400988522,.3812828525129319E-11
605,-86.00000000000000,36.60216879778958,-18.30108439889479,-18.30108439890116,.6360901388946516E-11
606,-86.00000000000000,36.60200477613302,-18.30100238806651,-18.30100238806646,-.4027507494175353E-13
607,-86.00000000000000,36.60207581881819,-18.30103790940909,-18.30103790941136,.2259059259102081E-11
608,-86.00000000000000,36.60208317779826,-18.30104158889913,-18.30104158890175,.2638302770696654E-11
609,-86.00000000000000,36.60238166152256,-18.30119083076128,-18.30119083076183,.5465758054490344E-12
610,-86.00000000000000,36.60197584493439,-18.30098792246720,-18.30098792246973,.2537933405100112E-11
611,-86.00000000000000,36.60220024145223,-18.30110012072612,-18.30110012072730,.1182410072630979E-11
612,-86.00000000000000,36.60239330325516,-18.30119665162758,-18.30119665162571,-.1855895645497263E-11
613,-86.00000000000000,36.60264085215466,-18.30132042607733,-18.30132042608108,.3755109070913143E-11
614,-86.00000000000000,36.60233627635550,-18.30116813817775,-18.30116813818197,.4232393949199498E-11
615,-86.00000000000000,36.60214842573119,-18.30107421286559,-18.30107421286606,.4696919936320043E-12
616,-86.00000000000000,36.60242703095296,-18.30121351547648,-18.30121351547922,.2738918467026785E-11
617,-86.00000000000000,36.60212451699256,-18.30106225849628,-18.30106225850070,.4425130400997901E-11
618,-86.00000000000000,36.60200037771281,-18.30100018885641,-18.30100018886047,.4049404908612608E-11
619,-86.00000000000000,36.60232262871776,-18.30116131435888,-18.30116131436030,.1415699155127292E-11
620,-86.00000000000000,36.60227436027554,-18.30113718013777,-18.30113718014163,.3853462687830600E-11
621,-86.00000000000000,36.60215924101388,-18.30107962050694,-18.30107962051300,.6057547692617238E-11
622,-86.00000000000000,36.60188162751709,-18.30094081375855,-18.30094081375864,.1086526701943313E-12
623,-86.00000000000000,36.60196924556092,-18.30098462278046,-18.30098462278388,.3413838656207702E-11
624,-86.00000000000000,36.60225804821203,-18.30112902410601,-18.30112902410492,-.1101415833537622E-11
625,-86.00000000000000,36.60147331218433,-18.30073665609217,-18.30073665609531,.3142637192143916E-11
626,-86.00000000000000,36.60232787892234,-18.30116393946117,-18.30116393946264,.1459470565234877E-11
627,-86.00000000000000,36.60178542156213,-18.30089271078107,-18.30089271078337,.2299327395149930E-11
628,-86.00000000000000,36.60213135822646,-18.30106567911323,-18.30106567911441,.1171963567858647E-11
629,-86.00000000000000,36.60229119434554,-18.30114559717277,-18.30114559716899,-.3783914154231738E-11
630,-86.00000000000000,36.60200292362259,-18.30100146181129,-18.30100146181289,.1610010735841882E-11
631,-86.00000000000000,36.60234691348339,-18.30117345674170,-18.30117345674368,.1988883016612597E-11
632,-86.00000000000000,36.60166928871124,-18.30083464435562,-18.30083464435839,.2782950953017505E-11
633,-86.00000000000000,36.60246251347850,-18.30123125673925,-18.30123125674224,.3000369050432106E-11
634,-86.00000000000000,36.60228299285099,-18.30114149642550,-18.30114149642806,.2559225401044252E-11
635,-86.00000000000000,36.60200724034741,-18.30100362017371,-18.30100362017860,.4895197094900716E-11
636,-86.00000000000000,36.60216510609416,-18.30108255304708,-18.30108255304760,.5138077463495705E-12
637,-86.00000000000000,36.60235915560397,-18.30117957780199,-18.30117957780601,.4020650132274817E-11
638,-86.00000000000000,36.60237063307788,-18.30118531653894,-18.30118531654143,.2491236383850293E-11
639,-86.00000000000000,36.60178049670699,-18.30089024835350,-18.30089024835881,.5327869222193637E-11
640,-86.00000000000000,36.60256745027955,-18.30128372513978,-18.30128372513952,-.2544431679241121E-12
641,-86.00000000000000,36.60184710524904,-18.30092355262452,-18.30092355262403,-.4805886591463526E-12
642,-86.00000000000000,36.60223787121677,-18.30111893560838,-18.30111893560960,.1215360277695421E-11
643,-86.00000000000000,36.60263577498466,-18.30131788749233,-18.30131788749196,-.3738589299251416E-12
644,-86.00000000000000,36.60245793349960,-18.30122896674980,-18.30122896675000,.1936280996650552E-12
645,-86.00000000000000,36.60217056181505,-18.30108528090753,-18.30108528091070,.3183776159376706E-11
646,-86.00000000000000,36.60212161543951,-18.30106080771975,-18.30106080772277,.3009689719668529E-11
647,-86.00000000000000,36.60214541270681,-18.30107270635341,-18.30107270635791,.4514211920936262E-11
648,-86.00000000000000,36.60225991938835,-18.30112995969418,-18.30112995969718,.3014210409046925E-11
649,-86.00000000000000,36.60244245901306,-18.30122122950653,-18.30122122950762,.1090403808912122E-11
650,-86.00000000000000,36.60235203625484,-18.30117601812742,-18.30117601813074,.3316213623150155E-11
651,-86.00000000000000,36.60220793751892,-18.30110396875946,-18.30110396876587,.6409338337842740E-11
652,-86.00000000000000,36.60215924427071,-18.30107962213535,-18.30107962213784,.2494511541772937E-11
653,-86.00000000000000,36.60226397322119,-18.30113198661060,-18.30113198661246,.1867255482179697E-11
654,-86.00000000000000,36.60216221100290,-18.30108110550145,-18.30108110550735,.5903318632538568E-11
655,-86.00000000000000,36.60200899946188,-18.30100449973094,-18.30100449973545,.4498876965408627E-11
656,-86.00000000000000,36.60255853948932,-18.30127926974466,-18.30127926974797,.3304931849024140E-11
657,-86.00000000000000,36.60270962467491,-18.30135481233745,-18.30135481234119,.3730474262830796E-11
658,-86.00000000000000,36.60230075247688,-18.30115037623844,-18.30115037624152,.3091788977616083E-11
659,-86.00000000000000,36.60224883223934,-18.30112441611967,-18.30112441612179,.2121830489087984E-11
660,-86.00000000000000,36.60220740493702,-18.30110370246851,-18.30110370246938,.8831234354911288E-12
661,-86.00000000000000,36.60193614544911,-18.30096807272455,-18.30096807272815,.3589788188929077E-11
662,-86.00000000000000,36.60227925390571,-18.30113962695286,-18.30113962695338,.5193016155979890E-12
663,-86.00000000000000,36.60249269401807,-18.30124634700904,-18.30124634701104,.1999166457378188E-11
664,-86.00000000000000,36.60231924966479,-18.30115962483239,-18.30115962483557,.3172392903927346E-11
665,-86.00000000000000,36.60212479046785,-18.30106239523393,-18.30106239524090,.6969426771807896E-11
666,-86.00000000000000,36.60209757454337,-18.30104878727169,-18.30104878727306,.1376634917171771E-11
667,-86.00000000000000,36.60208138584566,-18.30104069292283,-18.30104069292253,-.2948440103178740E-12
668,-86.00000000000000,36.60239288661042,-18.30119644330521,-18.30119644330272,-.2489163389296500E-11
669,-86.00000000000000,36.60236704224756,-18.30118352112378,-18.30118352112428,.4972636885591797E-12
670,-86.00000000000000,36.60223040232645,-18.30111520116322,-18.30111520116950,.6275334418770484E-11
671,-86.00000000000000,36.60207880578442,-18.30103940289221,-18.30103940290087,.8666321132944077E-11
672,-86.00000000000000,36.60241786865193,-18.30120893432597,-18.30120893432969,.3721243799215124E-11
673,-86.00000000000000,36.60215577730664,-18.30107788865332,-18.30107788865412,.8112781280100734E-12
674,-86.00000000000000,36.60265837930049,-18.30132918965025,-18.30132918965056,.3055238353977252E-12
675,-86.00000000000000,36.60215325998998,-18.30107662999499,-18.30107662999671,.1735771248956297E-11
676,-86.00000000000000,36.60230416843486,-18.30115208421743,-18.30115208421553,-.1896649504118386E-11
677,-86.00000000000000,36.60214997592617,-18.30107498796309,-18.30107498796466,.1571620437956778E-11
678,-86.00000000000000,36.60242976634564,-18.30121488317282,-18.30121488317737,.4555304050635200E-11
679,-86.00000000000000,36.60219904463329,-18.30109952231665,-18.30109952231899,.2344074587212752E-11
680,-86.00000000000000,36.60206810489579,-18.30103405244790,-18.30103405244790,-.3040102891649354E-14
681,-86.00000000000000,36.60200474884539,-18.30100237442269,-18.30100237442800,.5300395539142855E-11
682,-86.00000000000000,36.60245577752001,-18.30122788876001,-18.30122788876196,.1971581752024942E-11
683,-86.00000000000000,36.60227634468207,-18.30113817234104,-18.30113817234183,.7906782867328488E-12
684,-86.00000000000000,36.60189968241239,-18.30094984120620,-18.30094984120563,-.5666526275982520E-12
685,-86.00000000000000,36.60189922650375,-18.30094961325188,-18.30094961325770,.5826283899779128E-11
686,-86.00000000000000,36.60227241509753,-18.30113620754877,-18.30113620754927,.5095316529812877E-12
687,-86.00000000000000,36.60280220164289,-18.30140110082145,-18.30140110082438,.2933771281465880E-11
688,-86.00000000000000,36.60188367324714,-18.30094183662357,-18.30094183662663,.3054676303571036E-11
689,-86.00000000000000,36.60232553512837,-18.30116276756419,-18.30116276756908,.4894626370877120E-11
690,-86.00000000000000,36.60218041673681,-18.30109020836841,-18.30109020837294,.4539878889486815E-11
691,-86.00000000000000,36.60261451543902,-18.30130725771951,-18.30130725772338,.3869703169012695E-11
692,-86.00000000000000,36.60184312473986,-18.30092156236993,-18.30092156237349,.3551796010081709E-11
693,-86.00000000000000,36.60200688449256,-18.30100344224628,-18.30100344224877,.2499693160795680E-11
694,-86.00000000000000,36.60234408260114,-18.30117204130057,-18.30117204130331,.2732735912558404E-11
695,-86.00000000000000,36.60229392785462,-18.30114696392731,-18.30114696392974,.2424747902463054E-11
696,-86.00000000000000,36.60186254124159,-18.30093127062079,-18.30093127062818,.7387226247379530E-11
697,-86.00000000000000,36.60297189875230,-18.30148594937615,-18.30148594937885,.2690575193198264E-11
698,-86.00000000000000,36.60204646641994,-18.30102323320997,-18.30102323321673,.6768537119672402E-11
699,-86.00000000000000,36.60235025281927,-18.30117512640964,-18.30117512641467,.5037428807419531E-11
700,-86.00000000000000,36.60234001865506,-18.30117000932753,-18.30117000933045,.2921060095195660E-11
701,-86.00000000000000,36.60229175259938,-18.30114587629969,-18.30114587630269,.3001162686422365E-11
702,-86.00000000000000,36.60252223455035,-18.30126111727517,-18.30126111727629,.1123880502551522E-11
703,-86.00000000000000,36.60289905739908,-18.30144952869954,-18.30144952870158,.2025065878874521E-11
704,-86.00000000000000,36.60184197987364,-18.30092098993682,-18.30092098993798,.1155101188310415E-11
705,-86.00000000000000,36.60215940684141,-18.30107970342070,-18.30107970342442,.3723488531393038E-11
706,-86.00000000000000,36.60190296378750,-18.30095148189375,-18.30095148189446,.7149073000256578E-12
707,-86.00000000000000,36.60241030984986,-18.30120515492493,-18.30120515492996,.5032373823210534E-11
708,-86.00000000000000,36.60222667750600,-18.30111333875300,-18.30111333875245,-.5431349814344344E-12
709,-86.00000000000000,36.60222594244329,-18.30111297122165,-18.30111297122190,.2513189309438779E-12
710,-86.00000000000000,36.60229627387584,-18.30114813693792,-18.30114813694614,.8220403524550335E-11
711,-86.00000000000000,36.60206463370016,-18.30103231685008,-18.30103231684981,-.2710297264396644E-12
712,-86.00000000000000,36.60218827704693,-18.30109413852347,-18.30109413852612,.2644155727704600E-11
713,-86.00000000000000,36.60199280286525,-18.30099640143262,-18.30099640143386,.1246924438702557E-11
714,-86.00000000000000,36.60204354202639,-18.30102177101319,-18.30102177101541,.2201407459101468E-11
715,-86.00000000000000,36.60238661133346,-18.30119330566673,-18.30119330566571,-.1030536767032686E-11
716,-86.00000000000000,36.60204831961317,-18.30102415980658,-18.30102415980775,.1174796371294917E-11
717,-86.00000000000000,36.60227057063226,-18.30113528531613,-18.30113528532192,.5798569957526922E-11
718,-86.00000000000000,36.60220175603303,-18.30110087801651,-18.30110087801911,.2594991929671941E-11
719,-86.00000000000000,36.60216140839690,-18.30108070419845,-18.30108070420058,.2136213081427307E-11
720,-86.00000000000000,36.60220799024782,-18.30110399512391,-18.30110399512219,-.1721154468947717E-11
721,-86.00000000000000,36.60261811954341,-18.30130905977170,-18.30130905977752,.5828516488892710E-11
722,-86.00000000000000,36.60234118416889,-18.30117059208445,-18.30117059209019,.5743395342650004E-11
723,-86.00000000000000,36.60238693490177,-18.30119346745088,-18.30119346745299,.2102022549077542E-11
724,-86.00000000000000,36.60221622143265,-18.30110811071632,-18.30110811071648,.1558926598921317E-12
725,-86.00000000000000,36.60220498113418,-18.30110249056709,-18.30110249057035,.3262775466472689E-11
726,-86.00000000000000,36.60212442339935,-18.30106221169968,-18.30106221170240,.2728046087641101E-11
727,-86.00000000000000,36.60194740388115,-18.30097370194057,-18.30097370194477,.4194393096734750E-11
728,-86.00000000000000,36.60222356212243,-18.30111178106121,-18.30111178106350,.2290357140055654E-11
729,-86.00000000000000,36.60232833519225,-18.30116416759612,-18.30116416759884,.2703835419448630E-11
730,-86.00000000000000,36.60206148410084,-18.30103074205042,-18.30103074205450,.4083894680761979E-11
731,-86.00000000000000,36.60191534774589,-18.30095767387294,-18.30095767387637,.3420723773683854E-11
732,-86.00000000000000,36.60236394461117,-18.30118197230559,-18.30118197230914,.3552243568738511E-11
733,-86.00000000000000,36.60184094344677,-18.30092047172339,-18.30092047172338,-.1444330766098290E-13
734,-86.00000000000000,36.60206590144910,-18.30103295072455,-18.30103295072404,-.5126472163441420E-12
735,-86.00000000000000,36.60227655257884,-18.30113827628942,-18.30113827628935,-.7280981373369855E-13
736,-86.00000000000000,36.60258203150389,-18.30129101575194,-18.30129101575115,-.7864247447697537E-12
737,-86.00000000000000,36.60180509504353,-18.30090254752177,-18.30090254752339,.1618539503811522E-11
738,-86.00000000000000,36.60231749900669,-18.30115874950334,-18.30115874951263,.9288266336615614E-11
739,-86.00000000000000,36.60197387825541,-18.30098693912771,-18.30098693912714,-.5708471889631639E-12
740,-86.00000000000000,36.60245096268389,-18.30122548134194,-18.30122548134717,.5224985374918667E-11
741,-86.00000000000000,36.60226066242612,-18.30113033121306,-18.30113033121089,-.2177091840138701E-11
742,-86.00000000000000,36.60185945891385,-18.30092972945693,-18.30092972946396,.7031247112321282E-11
743,-86.00000000000000,36.60209567291144,-18.30104783645572,-18.30104783645927,.3553305219505809E-11
744,-86.00000000000000,36.60213531621842,-18.30106765810921,-18.30106765811542,.6213029223045563E-11
745,-86.00000000000000,36.60211435768765,-18.30105717884382,-18.30105717884433,.4969826633560714E-12
746,-86.00000000000000,36.60207790163043,-18.30103895081522,-18.30103895082030,.5086138975263221E-11
747,-86.00000000000000,36.60193092116569,-18.30096546058284,-18.30096546058538,.2533430062956477E-11
748,-86.00000000000000,36.60230745267901,-18.30115372633950,-18.30115372634287,.3358386485574627E-11
749,-86.00000000000000,36.60176354497023,-18.30088177248512,-18.30088177248923,.4112373636067090E-11
750,-86.00000000000000,36.60228794536719,-18.30114397268360,-18.30114397268888,.5289669743890890E-11
751,-86.00000000000000,36.60231368605044,-18.30115684302522,-18.30115684302604,.8168084264514874E-12
752,-86.00000000000000,36.60209217009344,-18.30104608504672,-18.30104608504784,.1104959873599043E-11
753,-86.00000000000000,36.60193197860651,-18.30096598930325,-18.30096598930985,.6591218022766743E-11
754,-86.00000000000000,36.60219968299040,-18.30109984149520,-18.30109984149890,.3698690659303949E-11
755,-86.00000000000000,36.60252229966104,-18.30126114983052,-18.30126114983447,.3952423457964649E-11
756,-86.00000000000000,36.60253560245113,-18.30126780122557,-18.30126780122863,.3073450348389795E-11
757,-86.00000000000000,36.60187594507664,-18.30093797253832,-18.30093797254201,.3691686713269693E-11
758,-86.00000000000000,36.60208526304723,-18.30104263152361,-18.30104263152611,.2498570794706723E-11
759,-86.00000000000000,36.60218723047508,-18.30109361523754,-18.30109361523894,.1406649970114859E-11
760,-86.00000000000000,36.60212109024957,-18.30106054512478,-18.30106054512781,.3014598987105543E-11
761,-86.00000000000000,36.60245479673950,-18.30122739836975,-18.30122739837087,.1105126407052737E-11
762,-86.00000000000000,36.60259876910151,-18.30129938455076,-18.30129938455570,.4943545572899666E-11
763,-86.00000000000000,36.60212522484362,-18.30106261242181,-18.30106261242335,.1539799537875197E-11
764,-86.00000000000000,36.60228134772661,-18.30114067386330,-18.30114067386446,.1155431653132588E-11
765,-86.00000000000000,36.60158641121109,-18.30079320560554,-18.30079320561037,.4827570634913236E-11
766,-86.00000000000000,36.60213805277890,-18.30106902638945,-18.30106902639470,.5234883707072591E-11
767,-86.00000000000000,36.60152370061790,-18.30076185030895,-18.30076185031613,.7186881298415493E-11
768,-86.00000000000000,36.60217726853925,-18.30108863426963,-18.30108863427289,.3261729428216675E-11
769,-86.00000000000000,36.60275269363292,-18.30137634681646,-18.30137634682216,.5706914107950212E-11
770,-86.00000000000000,36.60246920305865,-18.30123460152932,-18.30123460153110,.1782874195499495E-11
771,-86.00000000000000,36.60151502396155,-18.30075751198077,-18.30075751197602,-.4758825278283751E-11
772,-86.00000000000000,36.60243510486826,-18.30121755243413,-18.30121755243635,.2217270637927538E-11
773,-86.00000000000000,36.60202252656676,-18.30101126328338,-18.30101126328569,.2299518214732288E-11
774,-86.00000000000000,36.60193447680412,-18.30096723840206,-18.30096723840434,.2271551002852590E-11
775,-86.00000000000000,36.60216967430375,-18.30108483715188,-18.30108483715514,.3269719564547025E-11
776,-86.00000000000000,36.60271467068623,-18.30135733534311,-18.30135733534688,.3759109343248745E-11
777,-86.00000000000000,36.60235704177988,-18.30117852088994,-18.30117852089273,.2785221706047558E-11
778,-86.00000000000000,36.60219949028416,-18.30109974514208,-18.30109974514635,.4265199304853695E-11
779,-86.00000000000000,36.60200457102334,-18.30100228551167,-18.30100228551140,-.2691250000630419E-12
780,-86.00000000000000,36.60257027904015,-18.30128513952008,-18.30128513952487,.4784277141123283E-11
781,-86.00000000000000,36.60253560785516,-18.30126780392758,-18.30126780392693,-.6533610458214767E-12
782,-86.00000000000000,36.60243225274041,-18.30121612637020,-18.30121612637368,.3480065194350068E-11
783,-86.00000000000000,36.60235446201046,-18.30117723100523,-18.30117723100732,.2088749312401106E-11
784,-86.00000000000000,36.60250563308508,-18.30125281654254,-18.30125281655101,.8463769615718597E-11
785,-86.00000000000000,36.60192251020364,-18.30096125510182,-18.30096125510469,.2872518195529139E-11
786,-86.00000000000000,36.60212041502493,-18.30106020751247,-18.30106020751308,.6140383340680344E-12
787,-86.00000000000000,36.60246525450717,-18.30123262725358,-18.30123262725838,.4800543643157518E-11
788,-86.00000000000000,36.60190159107726,-18.30095079553863,-18.30095079554143,.2786920000330539E-11
789,-86.00000000000000,36.60236009051630,-18.30118004525815,-18.30118004526155,.3398045733682409E-11
790,-86.00000000000000,36.60207427464933,-18.30103713732467,-18.30103713732779,.3130135040052551E-11
791,-86.00000000000000,36.60192659984915,-18.30096329992458,-18.30096329992947,.4889699756205346E-11
792,-86.00000000000000,36.60252434663474,-18.30126217331737,-18.30126217332136,.4009542697858137E-11
793,-86.00000000000000,36.60212729333284,-18.30106364666642,-18.30106364666756,.1137321140043390E-11
794,-86.00000000000000,36.60185772384165,-18.30092886192082,-18.30092886192452,.3698779130201224E-11
795,-86.00000000000000,36.60220660595031,-18.30110330297515,-18.30110330297441,-.7403357440982639E-12
796,-86.00000000000000,36.60201569550404,-18.30100784775202,-18.30100784775573,.3711223169056144E-11
797,-86.00000000000000,36.60243893674733,-18.30121946837366,-18.30121946837664,.2978602607617287E-11
798,-86.00000000000000,36.60227267277970,-18.30113633638985,-18.30113633639582,.5974455305479687E-11
799,-86.00000000000000,36.60219824220386,-18.30109912110193,-18.30109912110057,-.1348806483170151E-11
800,-86.00000000000000,36.60207317584313,-18.30103658792157,-18.30103658792320,.1631044257988101E-11
801,-86.00000000000000,36.60242541953357,-18.30121270976678,-18.30121270977020,.3419499058909814E-11
802,-86.00000000000000,36.60213057734026,-18.30106528867013,-18.30106528867114,.1010223155128998E-11
803,-86.00000000000000,36.60158788923744,-18.30079394461872,-18.30079394461686,-.1854186942873426E-11
804,-86.00000000000000,36.60264003024380,-18.30132001512190,-18.30132001512563,.3711964763342124E-11
805,-86.00000000000000,36.60243109128321,-18.30121554564160,-18.30121554564114,-.4606419412578333E-12
806,-86.00000000000000,36.60215747126343,-18.30107873563172,-18.30107873563269,.9749544921389131E-12
807,-86.00000000000000,36.60234923475144,-18.30117461737572,-18.30117461737398,-.1746115405043547E-11
808,-86.00000000000000,36.60198406411735,-18.30099203205868,-18.30099203205757,-.1109650565878084E-11
809,-86.00000000000000,36.60271648125939,-18.30135824062970,-18.30135824062743,-.2270120723346647E-11
810,-86.00000000000000,36.60269789947277,-18.30134894973639,-18.30134894974196,.5582249940072614E-11
811,-86.00000000000000,36.60235160575973,-18.30117580287986,-18.30117580288419,.4322528446287777E-11
812,-86.00000000000000,36.60229872282626,-18.30114936141313,-18.30114936141489,.1760439016784687E-11
813,-86.00000000000000,36.60216637815729,-18.30108318907865,-18.30108318908584,.7186985381824051E-11
814,-86.00000000000000,36.60213697389137,-18.30106848694568,-18.30106848694891,.3229977049712396E-11
815,-86.00000000000000,36.60220796541581,-18.30110398270790,-18.30110398270690,-.1003224413265169E-11
816,-86.00000000000000,36.60211370360920,-18.30105685180460,-18.30105685180371,-.8896095665678061E-12
817,-86.00000000000000,36.60246470622972,-18.30123235311486,-18.30123235311577,.9058500477499010E-12
818,-86.00000000000000,36.60208242461099,-18.30104121230550,-18.30104121230614,.6313786299338986E-12
819,-86.00000000000000,36.60178572117076,-18.30089286058538,-18.30089286058759,.2213423888619559E-11
820,-86.00000000000000,36.60234529168876,-18.30117264584438,-18.30117264585000,.5615802961544958E-11
821,-86.00000000000000,36.60217294237987,-18.30108647118993,-18.30108647119528,.5332615425623910E-11
822,-86.00000000000000,36.60192385399125,-18.30096192699563,-18.30096192699888,.3254842576017047E-11
823,-86.00000000000000,36.60193466568222,-18.30096733284111,-18.30096733284494,.3837060877365239E-11
824,-86.00000000000000,36.60192740681146,-18.30096370340573,-18.30096370340734,.1614564384966322E-11
825,-86.00000000000000,36.60220564882545,-18.30110282441272,-18.30110282441698,.4252235716317720E-11
826,-86.00000000000000,36.60257768205356,-18.30128884102678,-18.30128884102851,.1735060012331147E-11
827,-86.00000000000000,36.60253648221883,-18.30126824110942,-18.30126824111323,.3822117969343175E-11
828,-86.00000000000000,36.60264208712417,-18.30132104356208,-18.30132104356350,.1419891981768728E-11
829,-86.00000000000000,36.60175198682057,-18.30087599341028,-18.30087599340979,-.4777272327727289E-12
830,-86.00000000000000,36.60218769524467,-18.30109384762234,-18.30109384762580,.3465143103009716E-11
831,-86.00000000000000,36.60198667112942,-18.30099333556471,-18.30099333556533,.6322824208648825E-12
832,-86.00000000000000,36.60141485102702,-18.30070742551351,-18.30070742552143,.7921609548877662E-11
833,-86.00000000000000,36.60213249697514,-18.30106624848757,-18.30106624849201,.4444054499397332E-11
834,-86.00000000000000,36.60213479481797,-18.30106739740899,-18.30106739741260,.3606760723418034E-11
835,-86.00000000000000,36.60228382920253,-18.30114191460127,-18.30114191460766,.6396033876143736E-11
836,-86.00000000000000,36.60202421013406,-18.30101210506703,-18.30101210506572,-.1313669659164240E-11
837,-86.00000000000000,36.60252443982861,-18.30126221991431,-18.30126221991796,.3652330174408469E-11
838,-86.00000000000000,36.60178263793139,-18.30089131896569,-18.30089131896955,.3868004874729714E-11
839,-86.00000000000000,36.60189639551545,-18.30094819775773,-18.30094819776074,.3013298811860299E-11
840,-86.00000000000000,36.60269541295933,-18.30134770647966,-18.30134770648089,.1229060256346948E-11
841,-86.00000000000000,36.60220658044387,-18.30110329022193,-18.30110329022673,.4811080353550601E-11
842,-86.00000000000000,36.60241059083628,-18.30120529541814,-18.30120529542043,.2289111608599903E-11
843,-86.00000000000000,36.60246526167357,-18.30123263083678,-18.30123263084135,.4565338558581988E-11
844,-86.00000000000000,36.60241083021511,-18.30120541510755,-18.30120541511115,.3596469476396802E-11
845,-86.00000000000000,36.60190730540547,-18.30095365270273,-18.30095365270519,.2446182145732223E-11
846,-86.00000000000000,36.60229238462213,-18.30114619231107,-18.30114619231123,.1708147512324842E-12
847,-86.00000000000000,36.60197926046325,-18.30098963023163,-18.30098963023410,.2476201535484002E-11
848,-86.00000000000000,36.60212863239766,-18.30106431619883,-18.30106431619937,.5363834376659327E-12
849,-86.00000000000000,36.60238388215927,-18.30119194107963,-18.30119194108140,.1759279354140997E-11
850,-86.00000000000000,36.60258854301668,-18.30129427150834,-18.30129427151252,.4187631144625392E-11
851,-86.00000000000000,36.60218925259266,-18.30109462629633,-18.30109462629749,.1166110610850701E-11
852,-86.00000000000000,36.60235440578501,-18.30117720289251,-18.30117720289789,.5389537774402875E-11
853,-86.00000000000000,36.60237000027266,-18.30118500013633,-18.30118500013998,.3663182604474180E-11
854,-86.00000000000000,36.60219321297184,-18.30109660648592,-18.30109660648816,.2232599521923007E-11
855,-86.00000000000000,36.60178569296706,-18.30089284648353,-18.30089284648143,-.2100012004568885E-11
856,-86.00000000000000,36.60210007032007,-18.30105003516003,-18.30105003516114,.1102460137070160E-11
857,-86.00000000000000,36.60215106009797,-18.30107553004898,-18.30107553005317,.4203000794622547E-11
858,-86.00000000000000,36.60220848664052,-18.30110424332026,-18.30110424332122,.9639199161082246E-12
859,-86.00000000000000,36.60215082027531,-18.30107541013765,-18.30107541014290,.5248190770856809E-11
860,-86.00000000000000,36.60210966066415,-18.30105483033208,-18.30105483033574,.3672589142522664E-11
861,-86.00000000000000,36.60225242470594,-18.30112621235297,-18.30112621235148,-.1485462794437176E-11
862,-86.00000000000000,36.60225985060635,-18.30112992530318,-18.30112992530319,.1397319759899318E-13
863,-86.00000000000000,36.60186715406434,-18.30093357703217,-18.30093357703759,.5412448267350101E-11
864,-86.00000000000000,36.60262446859736,-18.30131223429868,-18.30131223429951,.8378089888516627E-12
865,-86.00000000000000,36.60205758493044,-18.30102879246522,-18.30102879247165,.6429650215022953E-11
866,-86.00000000000000,36.60192807173318,-18.30096403586659,-18.30096403587342,.6828678247861042E-11
867,-86.00000000000000,36.60198236593759,-18.30099118296880,-18.30099118297161,.2813572291815447E-11
868,-86.00000000000000,36.60244719515544,-18.30122359757772,-18.30122359758090,.3190289178667260E-11
869,-86.00000000000000,36.60226146933864,-18.30113073466932,-18.30113073467716,.7831140250158519E-11
870,-86.00000000000000,36.60201939910178,-18.30100969955089,-18.30100969955467,.3772592481465775E-11
871,-86.00000000000000,36.60198465770313,-18.30099232885157,-18.30099232885357,.1998518538159910E-11
872,-86.00000000000000,36.60233082523541,-18.30116541261770,-18.30116541262176,.4048084784047390E-11
873,-86.00000000000000,36.60181378736433,-18.30090689368216,-18.30090689368392,.1760732185052127E-11
874,-86.00000000000000,36.60219413193740,-18.30109706596870,-18.30109706596875,.4200025743861246E-13
875,-86.00000000000000,36.60207969096057,-18.30103984548028,-18.30103984547940,-.8821762764732455E-12
876,-86.00000000000000,36.60182619858332,-18.30091309929166,-18.30091309929319,.1535487015313919E-11
877,-86.00000000000000,36.60253476819432,-18.30126738409716,-18.30126738409983,.2667697659997081E-11
878,-86.00000000000000,36.60223198168624,-18.30111599084312,-18.30111599084447,.1350319162041203E-11
879,-86.00000000000000,36.60243346132005,-18.30121673066003,-18.30121673066245,.2427240700098032E-11
880,-86.00000000000000,36.60235750116823,-18.30117875058411,-18.30117875058977,.5640342359836126E-11
881,-86.00000000000000,36.60198785438136,-18.30099392719068,-18.30099392719351,.2821805289432433E-11
882,-86.00000000000000,36.60188933538882,-18.30094466769441,-18.30094466769455,.1250458070423122E-12
883,-86.00000000000000,36.60209827971313,-18.30104913985656,-18.30104913986751,.1094578074012365E-10
884,-86.00000000000000,36.60239147351959,-18.30119573675979,-18.30119573676157,.1773562199880452E-11
885,-86.00000000000000,36.60308217541241,-18.30154108770621,-18.30154108771411,.7914393099217598E-11
886,-86.00000000000000,36.60264149695185,-18.30132074847593,-18.30132074847527,-.6499314975094705E-12
887,-86.00000000000000,36.60242387844023,-18.30121193922011,-18.30121193922193,.1811798107376195E-11
888,-86.00000000000000,36.60193345301726,-18.30096672650863,-18.30096672651225,.3622347213849686E-11
889,-86.00000000000000,36.60194980802543,-18.30097490401272,-18.30097490401470,.1984794273379720E-11
890,-86.00000000000000,36.60226033524929,-18.30113016762465,-18.30113016762389,-.7616338115745691E-12
891,-86.00000000000000,36.60216565587982,-18.30108282793991,-18.30108282794673,.6810463651363285E-11
892,-86.00000000000000,36.60244620321449,-18.30122310160725,-18.30122310161235,.5109052070295661E-11
893,-86.00000000000000,36.60233479457114,-18.30116739728557,-18.30116739729028,.4708107168016618E-11
894,-86.00000000000000,36.60190840374384,-18.30095420187192,-18.30095420187521,.3292607506089062E-11
895,-86.00000000000000,36.60226240267725,-18.30113120133863,-18.30113120134379,.5160417232419334E-11
896,-86.00000000000000,36.60208764984228,-18.30104382492114,-18.30104382492743,.6290140283637946E-11
897,-86.00000000000000,36.60196881955959,-18.30098440977980,-18.30098440978286,.3077423732511519E-11
898,-86.00000000000000,36.60231959506281,-18.30115979753140,-18.30115979753904,.7633610757395992E-11
899,-86.00000000000000,36.60218536878581,-18.30109268439291,-18.30109268439780,.4896518086827673E-11
900,-86.00000000000000,36.60241529319229,-18.30120764659615,-18.30120764660003,.3883626059630885E-11
901,-86.00000000000000,36.60191156055622,-18.30095578027811,-18.30095578028426,.6159661322668875E-11
902,-86.00000000000000,36.60211488923297,-18.30105744461649,-18.30105744461575,-.7268404628169023E-12
903,-86.00000000000000,36.60219308797071,-18.30109654398536,-18.30109654398773,.2366558338184888E-11
904,-86.00000000000000,36.60224399721426,-18.30112199860713,-18.30112199860565,-.1487641607123003E-11
905,-86.00000000000000,36.60206660394393,-18.30103330197197,-18.30103330197599,.4017451302185115E-11
906,-86.00000000000000,36.60200631467794,-18.30100315733897,-18.30100315734216,.3186366101526339E-11
907,-86.00000000000000,36.60261911666466,-18.30130955833233,-18.30130955833232,-.1641395352969255E-13
908,-86.00000000000000,36.60260349394958,-18.30130174697479,-18.30130174697975,.4966501168657267E-11
909,-86.00000000000000,36.60182297832370,-18.30091148916185,-18.30091148916479,.2932972441305193E-11
910,-86.00000000000000,36.60196823563184,-18.30098411781592,-18.30098411781965,.3714837465418341E-11
911,-86.00000000000000,36.60204364051260,-18.30102182025630,-18.30102182025919,.2886269348523207E-11
912,-86.00000000000000,36.60212088097130,-18.30106044048565,-18.30106044048581,.1506555297181578E-12
913,-86.00000000000000,36.60207022760306,-18.30103511380153,-18.30103511380154,.1726830484161113E-13
914,-86.00000000000000,36.60184150018996,-18.30092075009498,-18.30092075009636,.1373637315005283E-11
915,-86.00000000000000,36.60207168533460,-18.30103584266730,-18.30103584266925,.1946327647661672E-11
916,-86.00000000000000,36.60240797191919,-18.30120398595960,-18.30120398596022,.6353945147807849E-12
917,-86.00000000000000,36.60195650071900,-18.30097825035950,-18.30097825035791,-.1592516049586656E-11
918,-86.00000000000000,36.60207455786912,-18.30103727893456,-18.30103727893668,.2109369970360042E-11
919,-86.00000000000000,36.60242180558428,-18.30121090279214,-18.30121090279525,.3110694861419017E-11
920,-86.00000000000000,36.60209438569189,-18.30104719284595,-18.30104719285163,.5686838153162732E-11
921,-86.00000000000000,36.60211085310056,-18.30105542655028,-18.30105542655518,.4899471453545523E-11
922,-86.00000000000000,36.60210929337968,-18.30105464668984,-18.30105464669046,.6227397070235341E-12
923,-86.00000000000000,36.60166735574180,-18.30083367787090,-18.30083367787363,.2731818243839612E-11
924,-86.00000000000000,36.60207610873910,-18.30103805436955,-18.30103805436890,-.6452546830182371E-12
925,-86.00000000000000,36.60207936615897,-18.30103968307948,-18.30103968308366,.4179637538848091E-11
926,-86.00000000000000,36.60202597464440,-18.30101298732220,-18.30101298732519,.2982544766716444E-11
927,-86.00000000000000,36.60187867120315,-18.30093933560157,-18.30093933560499,.3416001856382245E-11
928,-86.00000000000000,36.60237126928360,-18.30118563464180,-18.30118563464121,-.5890374993322567E-12
929,-86.00000000000000,36.60202551848496,-18.30101275924248,-18.30101275924145,-.1032620169927334E-11
930,-86.00000000000000,36.60194412980263,-18.30097206490132,-18.30097206490332,.2012140454255018E-11
931,-86.00000000000000,36.60203746646475,-18.30101873323238,-18.30101873323644,.4062845546104477E-11
932,-86.00000000000000,36.60205210344905,-18.30102605172453,-18.30102605172934,.4825605193214955E-11
933,-86.00000000000000,36.60179690590071,-18.30089845295035,-18.30089845295290,.2556165348832629E-11
934,-86.00000000000000,36.60222599855361,-18.30111299927681,-18.30111299927735,.5520566642713831E-12
935,-86.00000000000000,36.60202579841067,-18.30101289920534,-18.30101289920735,.2018784445168009E-11
936,-86.00000000000000,36.60227991665472,-18.30113995832736,-18.30113995832801,.6433560281737805E-12
937,-86.00000000000000,36.60262473555125,-18.30131236777562,-18.30131236777854,.2928249656641846E-11
938,-86.00000000000000,36.60170738851552,-18.30085369425776,-18.30085369425755,-.2054710568355489E-12
939,-86.00000000000000,36.60183433663604,-18.30091716831802,-18.30091716831728,-.7317323830191569E-12
940,-86.00000000000000,36.60248074091754,-18.30124037045877,-18.30124037046367,.4893537831895944E-11
941,-86.00000000000000,36.60189311613652,-18.30094655806826,-18.30094655806905,.7915976901751165E-12
942,-86.00000000000000,36.60202968501071,-18.30101484250536,-18.30101484250508,-.2741045238008333E-12
943,-86.00000000000000,36.60206150539702,-18.30103075269851,-18.30103075270297,.4451881571720939E-11
944,-86.00000000000000,36.60185140918315,-18.30092570459157,-18.30092570458940,-.2168980273165033E-11
945,-86.00000000000000,36.60185782988351,-18.30092891494175,-18.30092891493931,-.2443023214282469E-11
946,-86.00000000000000,36.60191668392199,-18.30095834196100,-18.30095834196111,.9256918148681237E-13
947,-86.00000000000000,36.60251133662995,-18.30125566831498,-18.30125566831887,.3901666316419306E-11
948,-86.00000000000000,36.60206640364629,-18.30103320182315,-18.30103320183035,.7210664357271135E-11
949,-86.00000000000000,36.60213580729160,-18.30106790364580,-18.30106790365005,.4247095730658401E-11
950,-86.00000000000000,36.60226184345598,-18.30113092172799,-18.30113092173030,.2318491752750784E-11
951,-86.00000000000000,36.60226559739161,-18.30113279869580,-18.30113279870007,.4264821135135932E-11
952,-86.00000000000000,36.60210221539602,-18.30105110769801,-18.30105110770496,.6948743663803825E-11
953,-86.00000000000000,36.60220179413069,-18.30110089706535,-18.30110089706790,.2553327341225931E-11
954,-86.00000000000000,36.60259292031274,-18.30129646015637,-18.30129646015695,.5750877205001892E-12
955,-86.00000000000000,36.60231798520454,-18.30115899260227,-18.30115899260372,.1462016271935873E-11
956,-86.00000000000000,36.60214364259412,-18.30107182129706,-18.30107182129706,.7788041045397875E-14
957,-86.00000000000000,36.60186778330949,-18.30093389165475,-18.30093389165460,-.1434009161416228E-12
958,-86.00000000000000,36.60232193195903,-18.30116096597952,-18.30116096598013,.6217613229830832E-12
959,-86.00000000000000,36.60236452953587,-18.30118226476793,-18.30118226476966,.1717383180110943E-11
960,-86.00000000000000,36.60235092724154,-18.30117546362077,-18.30117546362062,-.1551380551800818E-12
961,-86.00000000000000,36.60220634977308,-18.30110317488654,-18.30110317488912,.2590355013820655E-11
962,-86.00000000000000,36.60234781602713,-18.30117390801356,-18.30117390801892,.5357166099617672E-11
963,-86.00000000000000,36.60200297984269,-18.30100148992134,-18.30100148992484,.3502439657743217E-11
964,-86.00000000000000,36.60184483608300,-18.30092241804150,-18.30092241804556,.4063820460697976E-11
965,-86.00000000000000,36.60252800726218,-18.30126400363109,-18.30126400363845,.7356845167783010E-11
966,-86.00000000000000,36.60224072226680,-18.30112036113340,-18.30112036113798,.4572996495366688E-11
967,-86.00000000000000,36.60185468325950,-18.30092734162975,-18.30092734163398,.4231216939321047E-11
968,-86.00000000000000,36.60181747471603,-18.30090873735801,-18.30090873736315,.5138759209821764E-11
969,-86.00000000000000,36.60192958659571,-18.30096479329785,-18.30096479330225,.4395719899186190E-11
970,-86.00000000000000,36.60213224616867,-18.30106612308433,-18.30106612308698,.2647214045192747E-11
971,-86.00000000000000,36.60173490362180,-18.30086745181090,-18.30086745181056,-.3437874984690836E-12
972,-86.00000000000000,36.60205346338030,-18.30102673169015,-18.30102673168765,-.2507992077904753E-11
973,-86.00000000000000,36.60222521728414,-18.30111260864207,-18.30111260864313,.1043260963728976E-11
974,-86.00000000000000,36.60244216571863,-18.30122108285931,-18.30122108285698,-.2338521737366150E-11
975,-86.00000000000000,36.60191970268598,-18.30095985134299,-18.30095985134587,.2888908730291906E-11
976,-86.00000000000000,36.60208194825398,-18.30104097412699,-18.30104097413339,.6401290955637684E-11
977,-86.00000000000000,36.60229290923640,-18.30114645461820,-18.30114645462251,.4298008997316582E-11
978,-86.00000000000000,36.60205676538841,-18.30102838269421,-18.30102838269535,.1152775791490868E-11
979,-86.00000000000000,36.60254342328177,-18.30127171164088,-18.30127171164225,.1368336000062698E-11
980,-86.00000000000000,36.60215599662660,-18.30107799831330,-18.30107799831564,.2356640924072728E-11
981,-86.00000000000000,36.60214101891783,-18.30107050945891,-18.30107050946147,.2560875123069906E-11
982,-86.00000000000000,36.60278863472401,-18.30139431736201,-18.30139431736457,.2552283037693392E-11
983,-86.00000000000000,36.60266099060723,-18.30133049530362,-18.30133049530527,.1652932998807977E-11
984,-86.00000000000000,36.60203825418063,-18.30101912709032,-18.30101912709351,.3201895346083283E-11
985,-86.00000000000000,36.60189984801558,-18.30094992400779,-18.30094992401084,.3042443033618447E-11
986,-86.00000000000000,36.60228696126169,-18.30114348063085,-18.30114348063601,.5164311686622902E-11
987,-86.00000000000000,36.60228457758505,-18.30114228879252,-18.30114228879613,.3610878089588265E-11
988,-86.00000000000000,36.60210915945040,-18.30105457972520,-18.30105457973059,.5405549272086141E-11
989,-86.00000000000000,36.60230631564874,-18.30115315782437,-18.30115315782743,.3050334290710666E-11
990,-86.00000000000000,36.60226757561778,-18.30113378780889,-18.30113378781186,.2976972834911606E-11
991,-86.00000000000000,36.60230243424927,-18.30115121712464,-18.30115121713137,.6723826356802576E-11
992,-86.00000000000000,36.60240327287615,-18.30120163643808,-18.30120163644392,.5840199851503414E-11
993,-86.00000000000000,36.60248102917974,-18.30124051458987,-18.30124051458895,-.9220037927581970E-12
994,-86.00000000000000,36.60183080209408,-18.30091540104704,-18.30091540105018,.3154471475697029E-11
995,-86.00000000000000,36.60217039081756,-18.30108519540878,-18.30108519541029,.1499331908627610E-11
996,-86.00000000000000,36.60236465186524,-18.30118232593262,-18.30118232593211,-.5213746101517813E-12
997,-86.00000000000000,36.60193338344428,-18.30096669172214,-18.30096669172346,.1337424962444267E-11
998,-86.00000000000000,36.60198929311991,-18.30099464655996,-18.30099464656148,.1510619754285791E-11
999,-86.00000000000000,36.60246376057798,-18.30123188028899,-18.30123188028795,-.1040559999276880E-11
1000,-86.00000000000000,36.60211770990171,-18.30105885495086,-18.30105885495363,.2772773330383949E-11
