id,Layer,node_count,HR_total,EPR_total,WR_total,UR_total
0,1,784,.000000000000000,.000000000000000,-2.473444572641357,2.473444572641357
0,2,256,-4.946889145282833,9.893778290565667,-3.947389861388833,-.9994992838940034
0,3,10,-2.947890577494929,5.895781154989858,-1.473945288747475,-1.473945288747454
1,1,784,.000000000000000,.000000000000000,-3.789039469858420,3.789039469858420
1,2,256,-7.578078939716682,15.15615787943336,-3.830829927123207,-3.747249012593480
1,3,10,-.8358091452958961E-01,.1671618290591792,-.4179045726478908E-01,-.4179045726480053E-01
2,1,784,.000000000000000,.000000000000000,-3.789947742670632,3.789947742670632
2,2,256,-7.579895485341011,15.15979097068202,-3.833844688910076,-3.746050796430933
2,3,10,-.8779389247891992E-01,.1755877849578398,-.4389694623944321E-01,-.4389694623947672E-01
3,1,784,.000000000000000,.000000000000000,-3.786872011704196,3.786872011704196
3,2,256,-7.573744023408223,15.14748804681645,-3.833307781864407,-3.740436241543815
3,3,10,-.9287154032039811E-01,.1857430806407962,-.4643577016021368E-01,-.4643577016018444E-01
4,1,784,.000000000000000,.000000000000000,-3.794710990399545,3.794710990399545
4,2,256,-7.589421980798985,15.17884396159797,-3.842043753604724,-3.747378227194261
4,3,10,-.9466552641035111E-01,.1893310528207022,-.4733276320518232E-01,-.4733276320516880E-01
5,1,784,.000000000000000,.000000000000000,-3.776031483005794,3.776031483005794
5,2,256,-7.552062966011447,15.10412593202289,-3.829104718587822,-3.722958247423629
5,3,10,-.1061464711640618,.2122929423281235,-.5307323558202927E-01,-.5307323558203249E-01
6,1,784,.000000000000000,.000000000000000,-3.776532891683586,3.776532891683586
6,2,256,-7.553065783366564,15.10613156673313,-3.838032177728878,-3.715033605637683
6,3,10,-.1229985720905698,.2459971441811396,-.6149928604529176E-01,-.6149928604527807E-01
7,1,784,.000000000000000,.000000000000000,-3.779876526488772,3.779876526488772
7,2,256,-7.559753052978093,15.11950610595619,-3.828002733885434,-3.731750319092656
7,3,10,-.9625241479336345E-01,.1925048295867269,-.4812620739666407E-01,-.4812620739669938E-01
8,1,784,.000000000000000,.000000000000000,-3.786160439101096,3.786160439101096
8,2,256,-7.572320878201777,15.14464175640355,-3.835327225415784,-3.736993652785991
8,3,10,-.9833357262937892E-01,.1966671452587578,-.4916678631469064E-01,-.4916678631468827E-01
9,1,784,.000000000000000,.000000000000000,-3.783188809728707,3.783188809728707
9,2,256,-7.566377619457813,15.13275523891563,-3.835062313041464,-3.731315306416342
9,3,10,-.1037470066255254,.2074940132510507,-.5187350331275972E-01,-.5187350331276565E-01
10,1,784,.000000000000000,.000000000000000,-3.790772877972166,3.790772877972166
10,2,256,-7.581545755943872,15.16309151188774,-3.834263385740636,-3.747282370203239
10,3,10,-.8698101553694186E-01,.1739620310738837,-.4349050776846410E-01,-.4349050776847776E-01
11,1,784,.000000000000000,.000000000000000,-3.795351238839251,3.795351238839251
11,2,256,-7.590702477678558,15.18140495535712,-3.840081063520664,-3.750621414157889
11,3,10,-.8945964936281953E-01,.1789192987256391,-.4472982468141416E-01,-.4472982468140534E-01
12,1,784,.000000000000000,.000000000000000,-3.781627960084071,3.781627960084071
12,2,256,-7.563255920168314,15.12651184033663,-3.833957684861036,-3.729298235307277
12,3,10,-.1046594495539504,.2093188991079008,-.5232972477697047E-01,-.5232972477697992E-01
13,1,784,.000000000000000,.000000000000000,-3.792061200265567,3.792061200265567
13,2,256,-7.584122400531077,15.16824480106215,-3.840011139683233,-3.744111260847846
13,3,10,-.9589987883532497E-01,.1917997576706499,-.4794993941766912E-01,-.4794993941765587E-01
14,1,784,.000000000000000,.000000000000000,-3.786305851055153,3.786305851055153
14,2,256,-7.572611702110694,15.14522340422139,-3.836515011227378,-3.736096690883319
14,3,10,-.1004183203444521,.2008366406889042,-.5020916017222520E-01,-.5020916017222692E-01
15,1,784,.000000000000000,.000000000000000,-3.793941340099626,3.793941340099626
15,2,256,-7.587882680198796,15.17576536039759,-3.836677482266003,-3.751205197932792
15,3,10,-.8547228433275414E-01,.1709445686655083,-.4273614216637767E-01,-.4273614216637647E-01
16,1,784,.000000000000000,.000000000000000,-3.795372829973959,3.795372829973959
16,2,256,-7.590745659947594,15.18149131989519,-3.835992440243396,-3.754753219704198
16,3,10,-.8123922053887050E-01,.1624784410777410,-.4061961026943588E-01,-.4061961026943463E-01
17,1,784,.000000000000000,.000000000000000,-3.783690977235542,3.783690977235542
17,2,256,-7.567381954471609,15.13476390894322,-3.828059183656353,-3.739322770815257
17,3,10,-.8873641284162527E-01,.1774728256832505,-.4436820642081164E-01,-.4436820642081363E-01
18,1,784,.000000000000000,.000000000000000,-3.786091463493616,3.786091463493616
18,2,256,-7.572182926986467,15.14436585397293,-3.837047556343765,-3.735135370642702
18,3,10,-.1019121857002927,.2038243714005853,-.5095609285014839E-01,-.5095609285014428E-01
19,1,784,.000000000000000,.000000000000000,-3.789973776512217,3.789973776512217
19,2,256,-7.579947553024552,15.15989510604910,-3.829936764335392,-3.750010788689158
19,3,10,-.7992597564633527E-01,.1598519512926705,-.3996298782317517E-01,-.3996298782316011E-01
20,1,784,.000000000000000,.000000000000000,-3.784119907939365,3.784119907939365
20,2,256,-7.568239815878425,15.13647963175685,-3.832734930462758,-3.735504885415661
20,3,10,-.9723004504680255E-01,.1944600900936051,-.4861502252339481E-01,-.4861502252340776E-01
21,1,784,.000000000000000,.000000000000000,-3.792655667867902,3.792655667867902
21,2,256,-7.585311335735964,15.17062267147193,-3.833352792080758,-3.751958543655206
21,3,10,-.8139424842573602E-01,.1627884968514720,-.4069712421285621E-01,-.4069712421287982E-01
22,1,784,.000000000000000,.000000000000000,-3.776795340415610,3.776795340415610
22,2,256,-7.553590680831168,15.10718136166234,-3.828388298143933,-3.725202382687227
22,3,10,-.1031859154566805,.2063718309133611,-.5159295772832638E-01,-.5159295772835415E-01
23,1,784,.000000000000000,.000000000000000,-3.778836864295462,3.778836864295462
23,2,256,-7.557673728590754,15.11534745718151,-3.828793817663835,-3.728879910926922
23,3,10,-.9991390673677857E-01,.1998278134735571,-.4995695336837338E-01,-.4995695336840519E-01
24,1,784,.000000000000000,.000000000000000,-3.783303197430420,3.783303197430420
24,2,256,-7.566606394860954,15.13321278972191,-3.837407128569934,-3.729199266291018
24,3,10,-.1082078622790179,.2164157245580357,-.5410393113951503E-01,-.5410393113950283E-01
25,1,784,.000000000000000,.000000000000000,-3.793685767110464,3.793685767110464
25,2,256,-7.587371534220770,15.17474306844154,-3.835060441002206,-3.752311093218567
25,3,10,-.8274934778351453E-01,.1654986955670291,-.4137467389174444E-01,-.4137467389177010E-01
26,1,784,.000000000000000,.000000000000000,-3.769756841685104,3.769756841685104
26,2,256,-7.539513683370264,15.07902736674053,-3.836666367757452,-3.702847315612816
26,3,10,-.1338190521447106,.2676381042894212,-.6690952607234851E-01,-.6690952607236207E-01
27,1,784,.000000000000000,.000000000000000,-3.788695046743449,3.788695046743449
27,2,256,-7.577390093487174,15.15478018697435,-3.834859336478827,-3.742530757008339
27,3,10,-.9232857947073037E-01,.1846571589414607,-.4616428973537638E-01,-.4616428973535399E-01
28,1,784,.000000000000000,.000000000000000,-3.784880648582228,3.784880648582228
28,2,256,-7.569761297164902,15.13952259432980,-3.830534422983401,-3.739226874181499
28,3,10,-.9130754880235779E-01,.1826150976047156,-.4565377440117219E-01,-.4565377440118560E-01
29,1,784,.000000000000000,.000000000000000,-3.805866327800400,3.805866327800400
29,2,256,-7.611732655600767,15.22346531120153,-3.840820817251325,-3.770911838349443
29,3,10,-.6990897890184244E-01,.1398179578036849,-.3495448945092288E-01,-.3495448945091956E-01
30,1,784,.000000000000000,.000000000000000,-3.782359307223737,3.782359307223737
30,2,256,-7.564718614447214,15.12943722889443,-3.830666089790836,-3.734052524656383
30,3,10,-.9661356513418487E-01,.1932271302683697,-.4830678256709569E-01,-.4830678256708919E-01
31,1,784,.000000000000000,.000000000000000,-3.801537754850208,3.801537754850208
31,2,256,-7.603075509700324,15.20615101940065,-3.836963950024978,-3.766111559675341
31,3,10,-.7085239034954091E-01,.1417047806990818,-.3542619517476955E-01,-.3542619517477137E-01
32,1,784,.000000000000000,.000000000000000,-3.784173769327405,3.784173769327405
32,2,256,-7.568347538654857,15.13669507730971,-3.834444617394896,-3.733902921259957
32,3,10,-.1005416961349440,.2010833922698879,-.5027084806749210E-01,-.5027084806745186E-01
33,1,784,.000000000000000,.000000000000000,-3.783108595450894,3.783108595450894
33,2,256,-7.566217190901645,15.13243438180329,-3.832306973406492,-3.733910217495155
33,3,10,-.9839675591121909E-01,.1967935118224382,-.4919837795559840E-01,-.4919837795562069E-01
34,1,784,.000000000000000,.000000000000000,-3.786635156719957,3.786635156719957
34,2,256,-7.573270313439786,15.14654062687957,-3.832627573469792,-3.740642739970000
34,3,10,-.9198483349966657E-01,.1839696669993331,-.4599241674983104E-01,-.4599241674983554E-01
35,1,784,.000000000000000,.000000000000000,-3.788802424617578,3.788802424617578
35,2,256,-7.577604849235825,15.15520969847165,-3.828227452694545,-3.749377396541282
35,3,10,-.7885005615396529E-01,.1577001123079306,-.3942502807696717E-01,-.3942502807699810E-01
36,1,784,.000000000000000,.000000000000000,-3.786447172645549,3.786447172645549
36,2,256,-7.572894345290987,15.14578869058197,-3.834560984007294,-3.738333361283693
36,3,10,-.9622762272347195E-01,.1924552454469439,-.4811381136174273E-01,-.4811381136172922E-01
37,1,784,.000000000000000,.000000000000000,-3.771491805219098,3.771491805219098
37,2,256,-7.542983610437412,15.08596722087482,-3.831651813212236,-3.711331797225172
37,3,10,-.1203200159862918,.2406400319725835,-.6016000799313991E-01,-.6016000799315184E-01
38,1,784,.000000000000000,.000000000000000,-3.785751615668091,3.785751615668091
38,2,256,-7.571503231336067,15.14300646267213,-3.831909734000979,-3.739593497335086
38,3,10,-.9231623666576005E-01,.1846324733315201,-.4615811833289425E-01,-.4615811833286580E-01
39,1,784,.000000000000000,.000000000000000,-3.788279222171623,3.788279222171623
39,2,256,-7.576558444342786,15.15311688868557,-3.833436020904017,-3.743122423438770
39,3,10,-.9031359746477034E-01,.1806271949295407,-.4515679873239974E-01,-.4515679873237062E-01
40,1,784,.000000000000000,.000000000000000,-3.793231463222092,3.793231463222092
40,2,256,-7.586462926444009,15.17292585288802,-3.834960738839851,-3.751502187604153
40,3,10,-.8345855123551404E-01,.1669171024710281,-.4172927561775815E-01,-.4172927561775590E-01
41,1,784,.000000000000000,.000000000000000,-3.784080905553602,3.784080905553602
41,2,256,-7.568161811106852,15.13632362221370,-3.833911961722488,-3.734249849384365
41,3,10,-.9966211233777732E-01,.1993242246755546,-.4983105616888482E-01,-.4983105616889250E-01
42,1,784,.000000000000000,.000000000000000,-3.787846033606808,3.787846033606808
42,2,256,-7.575692067213867,15.15138413442773,-3.831077761955114,-3.744614305258755
42,3,10,-.8646345669660577E-01,.1729269133932115,-.4323172834830349E-01,-.4323172834830229E-01
43,1,784,.000000000000000,.000000000000000,-3.795785601410353,3.795785601410353
43,2,256,-7.591571202820729,15.18314240564146,-3.837164634471535,-3.754406568349203
43,3,10,-.8275806612236900E-01,.1655161322447380,-.4137903306118056E-01,-.4137903306118842E-01
44,1,784,.000000000000000,.000000000000000,-3.784647481152027,3.784647481152027
44,2,256,-7.569294962304205,15.13858992460841,-3.830475957865576,-3.738819004438629
44,3,10,-.9165695342711308E-01,.1833139068542262,-.4582847671355338E-01,-.4582847671355970E-01
45,1,784,.000000000000000,.000000000000000,-3.775540347473854,3.775540347473854
45,2,256,-7.551080694948162,15.10216138989632,-3.835065492512953,-3.716015202435210
45,3,10,-.1190502900782054,.2381005801564109,-.5952514503909483E-01,-.5952514503911064E-01
46,1,784,.000000000000000,.000000000000000,-3.783220806196760,3.783220806196760
46,2,256,-7.566441612393935,15.13288322478787,-3.834902920509195,-3.731538691884743
46,3,10,-.1033642286248549,.2067284572497097,-.5168211431243124E-01,-.5168211431242363E-01
47,1,784,.000000000000000,.000000000000000,-3.785809166764786,3.785809166764786
47,2,256,-7.571618333529381,15.14323666705876,-3.829897874077895,-3.741720459451488
47,3,10,-.8817741462622113E-01,.1763548292524423,-.4408870731310936E-01,-.4408870731311178E-01
48,1,784,.000000000000000,.000000000000000,-3.784713617950951,3.784713617950951
48,2,256,-7.569427235902798,15.13885447180560,-3.835445103417916,-3.733982132484882
48,3,10,-.1014629709339290,.2029259418678580,-.5073148546696508E-01,-.5073148546696393E-01
49,1,784,.000000000000000,.000000000000000,-3.792056126779339,3.792056126779339
49,2,256,-7.584112253558301,15.16822450711660,-3.829521863683810,-3.754590389874491
49,3,10,-.7493147380893686E-01,.1498629476178737,-.3746573690447263E-01,-.3746573690446423E-01
50,1,784,.000000000000000,.000000000000000,-3.788765253960667,3.788765253960667
50,2,256,-7.577530507921415,15.15506101584283,-3.831685054901219,-3.745845453020194
50,3,10,-.8583960188106801E-01,.1716792037621360,-.4291980094055136E-01,-.4291980094051665E-01
51,1,784,.000000000000000,.000000000000000,-3.765501650181079,3.765501650181079
51,2,256,-7.531003300361769,15.06200660072354,-3.826162040942155,-3.704841259419615
51,3,10,-.1213207815221339,.2426415630442677,-.6066039076107652E-01,-.6066039076105732E-01
52,1,784,.000000000000000,.000000000000000,-3.779608331522544,3.779608331522544
52,2,256,-7.559216663045476,15.11843332609095,-3.833121126745847,-3.726095536299630
52,3,10,-.1070255904465690,.2140511808931380,-.5351279522330286E-01,-.5351279522326612E-01
53,1,784,.000000000000000,.000000000000000,-3.786647329363759,3.786647329363759
53,2,256,-7.573294658727693,15.14658931745539,-3.830272543644652,-3.743022115083037
53,3,10,-.8725042856176847E-01,.1745008571235369,-.4362521428089056E-01,-.4362521428087789E-01
54,1,784,.000000000000000,.000000000000000,-3.784550739171843,3.784550739171843
54,2,256,-7.569101478343617,15.13820295668723,-3.826617089787999,-3.742484388555615
54,3,10,-.8413270123231389E-01,.1682654024646278,-.4206635061615488E-01,-.4206635061615902E-01
55,1,784,.000000000000000,.000000000000000,-3.774468046006880,3.774468046006880
55,2,256,-7.548936092013975,15.09787218402795,-3.829657327854638,-3.719278764159336
55,3,10,-.1103785636955059,.2207571273910118,-.5518928184775601E-01,-.5518928184774989E-01
56,1,784,.000000000000000,.000000000000000,-3.782030107804227,3.782030107804227
56,2,256,-7.564060215608838,15.12812043121768,-3.833198504338206,-3.730861711270638
56,3,10,-.1023367930679964,.2046735861359927,-.5116839653397769E-01,-.5116839653401869E-01
57,1,784,.000000000000000,.000000000000000,-3.789825667401133,3.789825667401133
57,2,256,-7.579651334802082,15.15930266960416,-3.834676494886012,-3.744974839916071
57,3,10,-.8970165496974918E-01,.1794033099394984,-.4485082748488325E-01,-.4485082748486592E-01
58,1,784,.000000000000000,.000000000000000,-3.805966124338186,3.805966124338186
58,2,256,-7.611932248676404,15.22386449735281,-3.843132477114375,-3.768799771562036
58,3,10,-.7433270555236672E-01,.1486654111047334,-.3716635277618540E-01,-.3716635277618132E-01
59,1,784,.000000000000000,.000000000000000,-3.795953042786820,3.795953042786820
59,2,256,-7.591906085573124,15.18381217114625,-3.835595721198657,-3.756310364374467
59,3,10,-.7928535682368668E-01,.1585707136473734,-.3964267841184151E-01,-.3964267841184518E-01
60,1,784,.000000000000000,.000000000000000,-3.772821638660490,3.772821638660490
60,2,256,-7.545643277321404,15.09128655464281,-3.834177294459121,-3.711465982862283
60,3,10,-.1227113115972752,.2454226231945504,-.6135565579863297E-01,-.6135565579864222E-01
61,1,784,.000000000000000,.000000000000000,-3.801087994375078,3.801087994375078
61,2,256,-7.602175988749589,15.20435197749918,-3.838954480115500,-3.763221508634089
61,3,10,-.7573297148084482E-01,.1514659429616896,-.3786648574042059E-01,-.3786648574042423E-01
62,1,784,.000000000000000,.000000000000000,-3.780885875710580,3.780885875710580
62,2,256,-7.561771751421296,15.12354350284259,-3.837370649693001,-3.724401101728292
62,3,10,-.1129695479648293,.2259390959296587,-.5648477398242448E-01,-.5648477398240485E-01
63,1,784,.000000000000000,.000000000000000,-3.786842886375490,3.786842886375490
63,2,256,-7.573685772750686,15.14737154550137,-3.837579420765554,-3.736106351985125
63,3,10,-.1014730687801054,.2029461375602109,-.5073653439006567E-01,-.5073653439003976E-01
64,1,784,.000000000000000,.000000000000000,-3.790258648255940,3.790258648255940
64,2,256,-7.580517296512039,15.16103459302408,-3.832368370519659,-3.748148925992390
64,3,10,-.8421944452745388E-01,.1684388890549078,-.4210972226371937E-01,-.4210972226373449E-01
65,1,784,.000000000000000,.000000000000000,-3.788117295704927,3.788117295704927
65,2,256,-7.576234591409649,15.15246918281930,-3.836449238440346,-3.739785352969307
65,3,10,-.9666388547083134E-01,.1933277709416627,-.4833194273541835E-01,-.4833194273541296E-01
66,1,784,.000000000000000,.000000000000000,-3.781189763648017,3.781189763648017
66,2,256,-7.562379527296065,15.12475905459213,-3.831825334298107,-3.730554192997953
66,3,10,-.1012711413001885,.2025422826003769,-.5063557065008751E-01,-.5063557065010095E-01
67,1,784,.000000000000000,.000000000000000,-3.793697698788132,3.793697698788132
67,2,256,-7.587395397575335,15.17479079515067,-3.837612613735750,-3.749782783839585
67,3,10,-.8782982989522563E-01,.1756596597904513,-.4391491494761393E-01,-.4391491494761171E-01
68,1,784,.000000000000000,.000000000000000,-3.787938217426165,3.787938217426165
68,2,256,-7.575876434852634,15.15175286970527,-3.835490639414597,-3.740385795438039
68,3,10,-.9510484397684599E-01,.1902096879536920,-.4755242198842410E-01,-.4755242198842188E-01
69,1,784,.000000000000000,.000000000000000,-3.791648538657018,3.791648538657018
69,2,256,-7.583297077313758,15.16659415462752,-3.836664822852375,-3.746632254461377
69,3,10,-.9003256839075506E-01,.1800651367815101,-.4501628419535574E-01,-.4501628419539934E-01
70,1,784,.000000000000000,.000000000000000,-3.786423036187938,3.786423036187938
70,2,256,-7.572846072376124,15.14569214475225,-3.836294599696270,-3.736551472679853
70,3,10,-.9974312701668338E-01,.1994862540333668,-.4987156350833707E-01,-.4987156350834632E-01
71,1,784,.000000000000000,.000000000000000,-3.787443798729800,3.787443798729800
71,2,256,-7.574887597459505,15.14977519491901,-3.836778131225665,-3.738109466233838
71,3,10,-.9866866499170926E-01,.1973373299834185,-.4933433249586354E-01,-.4933433249584572E-01
72,1,784,.000000000000000,.000000000000000,-3.785913481651926,3.785913481651926
72,2,256,-7.571826963303039,15.14365392660608,-3.836144514140842,-3.735682449162194
72,3,10,-.1004620649778279,.2009241299556558,-.5023103248891360E-01,-.5023103248891427E-01
73,1,784,.000000000000000,.000000000000000,-3.789416901857264,3.789416901857264
73,2,256,-7.578833803714683,15.15766760742937,-3.835983611065612,-3.742850192649068
73,3,10,-.9313341841666728E-01,.1862668368333346,-.4656670920834476E-01,-.4656670920832252E-01
74,1,784,.000000000000000,.000000000000000,-3.770114202294862,3.770114202294862
74,2,256,-7.540228404589863,15.08045680917973,-3.826006249399413,-3.714222155190450
74,3,10,-.1117840942091081,.2235681884182162,-.5589204710455104E-01,-.5589204710455706E-01
75,1,784,.000000000000000,.000000000000000,-3.790446358695728,3.790446358695728
75,2,256,-7.580892717391201,15.16178543478240,-3.833423331632154,-3.747469385759044
75,3,10,-.8595394587282507E-01,.1719078917456501,-.4297697293641953E-01,-.4297697293640554E-01
76,1,784,.000000000000000,.000000000000000,-3.787850723501271,3.787850723501271
76,2,256,-7.575701447002105,15.15140289400421,-3.836572052550287,-3.739129394451817
76,3,10,-.9744265809803064E-01,.1948853161960613,-.4872132904902308E-01,-.4872132904900756E-01
77,1,784,.000000000000000,.000000000000000,-3.791822006963419,3.791822006963419
77,2,256,-7.583644013926262,15.16728802785252,-3.837393415190102,-3.746250598736163
77,3,10,-.9114281645337967E-01,.1822856329067593,-.4557140822668587E-01,-.4557140822669380E-01
78,1,784,.000000000000000,.000000000000000,-3.785793736624208,3.785793736624208
78,2,256,-7.571587473247982,15.14317494649596,-3.827575743607100,-3.744011729640877
78,3,10,-.8356401396578110E-01,.1671280279315622,-.4178200698289042E-01,-.4178200698289068E-01
79,1,784,.000000000000000,.000000000000000,-3.774282139564997,3.774282139564997
79,2,256,-7.548564279130344,15.09712855826069,-3.837275298790487,-3.711288980339859
79,3,10,-.1259863184509558,.2519726369019116,-.6299315922548872E-01,-.6299315922546708E-01
80,1,784,.000000000000000,.000000000000000,-3.785656646600772,3.785656646600772
80,2,256,-7.571313293202025,15.14262658640405,-3.833492696512153,-3.737820596689871
80,3,10,-.9567209982274842E-01,.1913441996454968,-.4783604991137362E-01,-.4783604991137480E-01
81,1,784,.000000000000000,.000000000000000,-3.771475022168368,3.771475022168368
81,2,256,-7.542950044336838,15.08590008867368,-3.828794217626955,-3.714155826709880
81,3,10,-.1146383909172151,.2292767818344302,-.5731919545859394E-01,-.5731919545862120E-01
82,1,784,.000000000000000,.000000000000000,-3.788356230722145,3.788356230722145
82,2,256,-7.576712461444648,15.15342492288930,-3.828416891677120,-3.748295569767526
82,3,10,-.8012132190995713E-01,.1602426438199143,-.4006066095497580E-01,-.4006066095498133E-01
83,1,784,.000000000000000,.000000000000000,-3.783327940871644,3.783327940871644
83,2,256,-7.566655881743469,15.13331176348694,-3.835623666110844,-3.731032215632620
83,3,10,-.1045914504784173,.2091829009568345,-.5229572523920335E-01,-.5229572523921391E-01
84,1,784,.000000000000000,.000000000000000,-3.790530286443214,3.790530286443214
84,2,256,-7.581060572886540,15.16212114577308,-3.836995316326061,-3.744065256560477
84,3,10,-.9293005976562459E-01,.1858601195312492,-.4646502988284906E-01,-.4646502988277553E-01
85,1,784,.000000000000000,.000000000000000,-3.783269218672992,3.783269218672992
85,2,256,-7.566538437345787,15.13307687469157,-3.835416121636685,-3.731122315709098
85,3,10,-.1042938059273610,.2085876118547221,-.5214690296369054E-01,-.5214690296367050E-01
86,1,784,.000000000000000,.000000000000000,-3.789986454473886,3.789986454473886
86,2,256,-7.579972908948545,15.15994581789709,-3.837797006930947,-3.742175902017597
86,3,10,-.9562110491407858E-01,.1912422098281572,-.4781055245705954E-01,-.4781055245701903E-01
87,1,784,.000000000000000,.000000000000000,-3.789264668368340,3.789264668368340
87,2,256,-7.578529336736972,15.15705867347394,-3.838013414064620,-3.740515922672352
87,3,10,-.9749749139258092E-01,.1949949827851618,-.4874874569628056E-01,-.4874874569630037E-01
88,1,784,.000000000000000,.000000000000000,-3.769819648670967,3.769819648670967
88,2,256,-7.539639297341322,15.07927859468264,-3.827343720648754,-3.712295576692560
88,3,10,-.1150481439555762,.2300962879111523,-.5752407197779087E-01,-.5752407197778529E-01
89,1,784,.000000000000000,.000000000000000,-3.791582903516886,3.791582903516886
89,2,256,-7.583165807034110,15.16633161406822,-3.841592766792846,-3.741573040241266
89,3,10,-.1000197265519450,.2000394531038901,-.5000986327596135E-01,-.5000986327598369E-01
90,1,784,.000000000000000,.000000000000000,-3.786209035705876,3.786209035705876
90,2,256,-7.572418071411614,15.14483614282323,-3.832944909519056,-3.739473161892557
90,3,10,-.9347174762638571E-01,.1869434952527714,-.4673587381318314E-01,-.4673587381320257E-01
91,1,784,.000000000000000,.000000000000000,-3.787961488015375,3.787961488015375
91,2,256,-7.575922976030419,15.15184595206084,-3.834186685262018,-3.741736290768398
91,3,10,-.9245039449326718E-01,.1849007889865344,-.4622519724664477E-01,-.4622519724662241E-01
92,1,784,.000000000000000,.000000000000000,-3.784854663098212,3.784854663098212
92,2,256,-7.569709326196810,15.13941865239362,-3.837850192160023,-3.731859134036787
92,3,10,-.1059910581236661,.2119821162473322,-.5299552906181339E-01,-.5299552906185268E-01
93,1,784,.000000000000000,.000000000000000,-3.766669051143534,3.766669051143534
93,2,256,-7.533338102286817,15.06667620457363,-3.831162673589335,-3.702175428697480
93,3,10,-.1289872448915919,.2579744897831837,-.6449362244579773E-01,-.6449362244579414E-01
94,1,784,.000000000000000,.000000000000000,-3.799732661883358,3.799732661883358
94,2,256,-7.599465323766505,15.19893064753301,-3.839816446366928,-3.759648877399578
94,3,10,-.8016756896715155E-01,.1603351379343031,-.4008378448356878E-01,-.4008378448358278E-01
95,1,784,.000000000000000,.000000000000000,-3.782056406713108,3.782056406713108
95,2,256,-7.564112813426162,15.12822562685232,-3.836766416902575,-3.727346396523589
95,3,10,-.1094200203789304,.2188400407578609,-.5471001018946467E-01,-.5471001018946578E-01
96,1,784,.000000000000000,.000000000000000,-3.790690582600087,3.790690582600087
96,2,256,-7.581381165200580,15.16276233040116,-3.838875161599425,-3.742506003601153
96,3,10,-.9636915799865410E-01,.1927383159973082,-.4818457899933982E-01,-.4818457899931429E-01
97,1,784,.000000000000000,.000000000000000,-3.795550598750055,3.795550598750055
97,2,256,-7.591101197500454,15.18220239500091,-3.837196522921241,-3.753904674579217
97,3,10,-.8329184834237817E-01,.1665836966847563,-.4164592417118453E-01,-.4164592417119364E-01
98,1,784,.000000000000000,.000000000000000,-3.776393643354501,3.776393643354501
98,2,256,-7.552787286709600,15.10557457341920,-3.834761080582168,-3.718026206127426
98,3,10,-.1167348744553682,.2334697489107363,-.5836743722766766E-01,-.5836743722770052E-01
99,1,784,.000000000000000,.000000000000000,-3.783769334041867,3.783769334041867
99,2,256,-7.567538668083318,15.13507733616664,-3.836170347310747,-3.731368320772575
99,3,10,-.1048020265377430,.2096040530754860,-.5240101326887120E-01,-.5240101326887184E-01
100,1,784,.000000000000000,.000000000000000,-3.792106277570008,3.792106277570008
100,2,256,-7.584212555139828,15.16842511027966,-3.838884531276255,-3.745328023863571
100,3,10,-.9355650741247393E-01,.1871130148249479,-.4677825370624861E-01,-.4677825370622531E-01
101,1,784,.000000000000000,.000000000000000,-3.789490905449914,3.789490905449914
101,2,256,-7.578981810899940,15.15796362179988,-3.838806103526037,-3.740175707373898
101,3,10,-.9863039615222452E-01,.1972607923044490,-.4931519807612653E-01,-.4931519807609798E-01
102,1,784,.000000000000000,.000000000000000,-3.799408151470176,3.799408151470176
102,2,256,-7.598816302940106,15.19763260588021,-3.839358775549707,-3.759457527390406
102,3,10,-.7990124815907827E-01,.1598024963181565,-.3995062407953195E-01,-.3995062407954635E-01
103,1,784,.000000000000000,.000000000000000,-3.795354825621593,3.795354825621593
103,2,256,-7.590709651243412,15.18141930248682,-3.835963875016076,-3.754745776227341
103,3,10,-.8121809878893126E-01,.1624361975778625,-.4060904939448125E-01,-.4060904939445000E-01
104,1,784,.000000000000000,.000000000000000,-3.785156939824601,3.785156939824601
104,2,256,-7.570313879648686,15.14062775929737,-3.832839213222577,-3.737474666426114
104,3,10,-.9536454679593093E-01,.1907290935918619,-.4768227339797820E-01,-.4768227339795274E-01
105,1,784,.000000000000000,.000000000000000,-3.786389606830264,3.786389606830264
105,2,256,-7.572779213660297,15.14555842732059,-3.835415295904218,-3.737363917756081
105,3,10,-.9805137814789947E-01,.1961027562957989,-.4902568907395634E-01,-.4902568907394313E-01
106,1,784,.000000000000000,.000000000000000,-3.797624087477853,3.797624087477853
106,2,256,-7.595248174956000,15.19049634991200,-3.839814406866147,-3.755433768089856
106,3,10,-.8438063877659165E-01,.1687612775531833,-.4219031938829387E-01,-.4219031938829778E-01
107,1,784,.000000000000000,.000000000000000,-3.792845107055425,3.792845107055425
107,2,256,-7.585690214110051,15.17138042822010,-3.837813969135435,-3.747876244974613
107,3,10,-.8993772416003151E-01,.1798754483200630,-.4496886208001216E-01,-.4496886208001935E-01
108,1,784,.000000000000000,.000000000000000,-3.789131382901679,3.789131382901679
108,2,256,-7.578262765803510,15.15652553160702,-3.839212052315157,-3.739050713488355
108,3,10,-.1001613388269489,.2003226776538979,-.5008066941347523E-01,-.5008066941347369E-01
109,1,784,.000000000000000,.000000000000000,-3.789987868850867,3.789987868850867
109,2,256,-7.579975737702004,15.15995147540401,-3.837950975163916,-3.742024762538093
109,3,10,-.9592621262612858E-01,.1918524252522572,-.4796310631304935E-01,-.4796310631307923E-01
110,1,784,.000000000000000,.000000000000000,-3.791843446129152,3.791843446129152
110,2,256,-7.583686892258605,15.16737378451721,-3.839151123777746,-3.744535768480861
110,3,10,-.9461535529720666E-01,.1892307105944133,-.4730767764859362E-01,-.4730767764861306E-01
111,1,784,.000000000000000,.000000000000000,-3.781544146954646,3.781544146954646
111,2,256,-7.563088293909012,15.12617658781802,-3.831396544972912,-3.731691748936103
111,3,10,-.9970479603652445E-01,.1994095920730489,-.4985239801826805E-01,-.4985239801825640E-01
112,1,784,.000000000000000,.000000000000000,-3.779508532541907,3.779508532541907
112,2,256,-7.559017065083760,15.11803413016752,-3.837428983344543,-3.721588081739220
112,3,10,-.1158409016052868,.2316818032105735,-.5792045080263702E-01,-.5792045080264974E-01
113,1,784,.000000000000000,.000000000000000,-3.784823067358605,3.784823067358605
113,2,256,-7.569646134717103,15.13929226943421,-3.832667284195229,-3.736978850521878
113,3,10,-.9568843367321231E-01,.1913768673464246,-.4784421683662142E-01,-.4784421683659087E-01
114,1,784,.000000000000000,.000000000000000,-3.779503251436707,3.779503251436707
114,2,256,-7.559006502873494,15.11801300574699,-3.829052311129709,-3.729954191743783
114,3,10,-.9909811938606157E-01,.1981962387721231,-.4954905969300168E-01,-.4954905969305987E-01
115,1,784,.000000000000000,.000000000000000,-3.793497318621814,3.793497318621814
115,2,256,-7.586994637243001,15.17398927448600,-3.841853440151092,-3.745141197091910
115,3,10,-.9671224305853933E-01,.1934244861170787,-.4835612152927968E-01,-.4835612152925964E-01
116,1,784,.000000000000000,.000000000000000,-3.776391885899327,3.776391885899327
116,2,256,-7.552783771798752,15.10556754359750,-3.831579711413812,-3.721204060384931
116,3,10,-.1103756510290017,.2207513020580033,-.5518782551448187E-01,-.5518782551451980E-01
117,1,784,.000000000000000,.000000000000000,-3.787534221808858,3.787534221808858
117,2,256,-7.575068443617701,15.15013688723540,-3.832825112856508,-3.742243330761191
117,3,10,-.9058178209528110E-01,.1811635641905622,-.4529089104764812E-01,-.4529089104763298E-01
118,1,784,.000000000000000,.000000000000000,-3.785616796490912,3.785616796490912
118,2,256,-7.571233592981542,15.14246718596308,-3.836143641960498,-3.735089951021043
118,3,10,-.1010536909391327,.2021073818782653,-.5052684546958155E-01,-.5052684546955108E-01
119,1,784,.000000000000000,.000000000000000,-3.774975145700355,3.774975145700355
119,2,256,-7.549950291401061,15.09990058280212,-3.833136765396587,-3.716813526004475
119,3,10,-.1163232393924181,.2326464787848362,-.5816161969622920E-01,-.5816161969618889E-01
120,1,784,.000000000000000,.000000000000000,-3.801675437895490,3.801675437895490
120,2,256,-7.603350875791241,15.20670175158248,-3.839098687014634,-3.764252188776605
120,3,10,-.7484649823827882E-01,.1496929964765576,-.3742324911914669E-01,-.3742324911913213E-01
121,1,784,.000000000000000,.000000000000000,-3.766919678198362,3.766919678198362
121,2,256,-7.533839356396533,15.06767871279307,-3.831452186192074,-3.702387170204458
121,3,10,-.1290650159874564,.2581300319749128,-.6453250799371213E-01,-.6453250799374427E-01
122,1,784,.000000000000000,.000000000000000,-3.788052554049233,3.788052554049233
122,2,256,-7.576105108097727,15.15221021619545,-3.830566477878259,-3.745538630219471
122,3,10,-.8502784765807876E-01,.1700556953161575,-.4251392382902857E-01,-.4251392382905019E-01
123,1,784,.000000000000000,.000000000000000,-3.789929084376401,3.789929084376401
123,2,256,-7.579858168753055,15.15971633750611,-3.835196189430215,-3.744661979322837
123,3,10,-.9053421010761323E-01,.1810684202152265,-.4526710505381218E-01,-.4526710505380106E-01
124,1,784,.000000000000000,.000000000000000,-3.793552353105638,3.793552353105638
124,2,256,-7.587104706210834,15.17420941242167,-3.841544030652059,-3.745560675558775
124,3,10,-.9598335509279628E-01,.1919667101855926,-.4799167754641758E-01,-.4799167754637870E-01
125,1,784,.000000000000000,.000000000000000,-3.788377941067230,3.788377941067230
125,2,256,-7.576755882134656,15.15351176426931,-3.838990027323665,-3.737765854810990
125,3,10,-.1012241725128788,.2024483450257577,-.5061208625643784E-01,-.5061208625644099E-01
126,1,784,.000000000000000,.000000000000000,-3.792543591567841,3.792543591567841
126,2,256,-7.585087183135228,15.17017436627046,-3.838389460037987,-3.746697723097242
126,3,10,-.9169173694031039E-01,.1833834738806208,-.4584586847014603E-01,-.4584586847016437E-01
127,1,784,.000000000000000,.000000000000000,-3.781987826126686,3.781987826126686
127,2,256,-7.563975652253415,15.12795130450683,-3.830685597884850,-3.733290054368568
127,3,10,-.9739554351633999E-01,.1947910870326800,-.4869777175817095E-01,-.4869777175816904E-01
128,1,784,.000000000000000,.000000000000000,-3.790371614349823,3.790371614349823
128,2,256,-7.580743228699431,15.16148645739886,-3.834589407264180,-3.746153821435258
128,3,10,-.8843558582871226E-01,.1768711716574245,-.4421779291435193E-01,-.4421779291436033E-01
129,1,784,.000000000000000,.000000000000000,-3.784290764403444,3.784290764403444
129,2,256,-7.568581528806581,15.13716305761316,-3.837153624838321,-3.731427903968258
129,3,10,-.1057257208697960,.2114514417395919,-.5286286043488294E-01,-.5286286043491302E-01
130,1,784,.000000000000000,.000000000000000,-3.790159775615183,3.790159775615183
130,2,256,-7.580319551230422,15.16063910246084,-3.836829754720744,-3.743489796509682
130,3,10,-.9333995821110422E-01,.1866799164222084,-.4666997910555983E-01,-.4666997910554438E-01
131,1,784,.000000000000000,.000000000000000,-3.782848876532874,3.782848876532874
131,2,256,-7.565697753065868,15.13139550613174,-3.834515590217054,-3.731182162848816
131,3,10,-.1033334273683508,.2066668547367015,-.5166671368418266E-01,-.5166671368416812E-01
132,1,784,.000000000000000,.000000000000000,-3.771616227888170,3.771616227888170
132,2,256,-7.543232455775918,15.08646491155184,-3.834338411696709,-3.708894044079203
132,3,10,-.1254443676170889,.2508887352341778,-.6272218380854007E-01,-.6272218380854881E-01
133,1,784,.000000000000000,.000000000000000,-3.793877955838571,3.793877955838571
133,2,256,-7.587755911677129,15.17551182335426,-3.834822627120630,-3.752933284556498
133,3,10,-.8188934256412976E-01,.1637786851282595,-.4094467128206394E-01,-.4094467128206584E-01
134,1,784,.000000000000000,.000000000000000,-3.792611763062742,3.792611763062742
134,2,256,-7.585223526125881,15.17044705225176,-3.835136305131496,-3.750087220994391
134,3,10,-.8504908413748279E-01,.1700981682749656,-.4252454206874712E-01,-.4252454206873568E-01
135,1,784,.000000000000000,.000000000000000,-3.777153430675480,3.777153430675480
135,2,256,-7.554306861350742,15.10861372270148,-3.835322773080161,-3.718984088270579
135,3,10,-.1163386848093749,.2326773696187497,-.5816934240468410E-01,-.5816934240469077E-01
136,1,784,.000000000000000,.000000000000000,-3.783450324613115,3.783450324613115
136,2,256,-7.566900649225764,15.13380129845153,-3.834807312155052,-3.732093337070713
136,3,10,-.1027139750838705,.2054279501677410,-.5135698754193674E-01,-.5135698754193378E-01
137,1,784,.000000000000000,.000000000000000,-3.794909683544880,3.794909683544880
137,2,256,-7.589819367090117,15.17963873418023,-3.838286577576494,-3.751532789513623
137,3,10,-.8675378806326599E-01,.1735075761265320,-.4337689403161567E-01,-.4337689403165030E-01
138,1,784,.000000000000000,.000000000000000,-3.796721610664175,3.796721610664175
138,2,256,-7.593443221328715,15.18688644265743,-3.835986799331201,-3.757456421997514
138,3,10,-.7853037733402378E-01,.1570607546680476,-.3926518866702371E-01,-.3926518866700007E-01
139,1,784,.000000000000000,.000000000000000,-3.783132806372133,3.783132806372133
139,2,256,-7.566265612744456,15.13253122548891,-3.829382028814250,-3.736883583930200
139,3,10,-.9249844488420619E-01,.1849968897684124,-.4624922244211502E-01,-.4624922244209115E-01
140,1,784,.000000000000000,.000000000000000,-3.789758566790498,3.789758566790498
140,2,256,-7.579517133581247,15.15903426716249,-3.832751491277453,-3.746765642303789
140,3,10,-.8598584897389433E-01,.1719716979477887,-.4299292448695895E-01,-.4299292448693538E-01
141,1,784,.000000000000000,.000000000000000,-3.779441324834800,3.779441324834800
141,2,256,-7.558882649668970,15.11776529933794,-3.831508883377619,-3.727373766291348
141,3,10,-.1041351170856031,.2082702341712062,-.5206755854281699E-01,-.5206755854278612E-01
142,1,784,.000000000000000,.000000000000000,-3.782643287285358,3.782643287285358
142,2,256,-7.565286574570334,15.13057314914067,-3.834473509811524,-3.730813064758815
142,3,10,-.1036604450523144,.2073208901046288,-.5183022252616619E-01,-.5183022252614821E-01
143,1,784,.000000000000000,.000000000000000,-3.787829503006165,3.787829503006165
143,2,256,-7.575659006011924,15.15131801202385,-3.835619639551739,-3.740039366460182
143,3,10,-.9558027309113627E-01,.1911605461822725,-.4779013654557347E-01,-.4779013654556281E-01
144,1,784,.000000000000000,.000000000000000,-3.783295108074345,3.783295108074345
144,2,256,-7.566590216148118,15.13318043229624,-3.834707960177379,-3.731882255970742
144,3,10,-.1028257042060710,.2056514084121420,-.5141285210303312E-01,-.5141285210303789E-01
145,1,784,.000000000000000,.000000000000000,-3.788876368364329,3.788876368364329
145,2,256,-7.577752736728467,15.15550547345693,-3.832521958048101,-3.745230778680368
145,3,10,-.8729117936751037E-01,.1745823587350207,-.4364558968376381E-01,-.4364558968374654E-01
146,1,784,.000000000000000,.000000000000000,-3.786530565878576,3.786530565878576
146,2,256,-7.573061131757136,15.14612226351427,-3.832431011382308,-3.740630120374820
146,3,10,-.9180089100751700E-01,.1836017820150340,-.4590044550372897E-01,-.4590044550378802E-01
147,1,784,.000000000000000,.000000000000000,-3.781350211368143,3.781350211368143
147,2,256,-7.562700422736421,15.12540084547284,-3.833960998880425,-3.728739423855997
147,3,10,-.1052215750246025,.2104431500492051,-.5261078751228201E-01,-.5261078751232053E-01
148,1,784,.000000000000000,.000000000000000,-3.782955725402625,3.782955725402625
148,2,256,-7.565911450805961,15.13182290161192,-3.830341140704058,-3.735570310101898
148,3,10,-.9477083060288856E-01,.1895416612057771,-.4738541530143526E-01,-.4738541530145331E-01
149,1,784,.000000000000000,.000000000000000,-3.787582287224381,3.787582287224381
149,2,256,-7.575164574448753,15.15032914889751,-3.834287403771513,-3.740877170677245
149,3,10,-.9341023309425114E-01,.1868204661885023,-.4670511654712919E-01,-.4670511654712195E-01
150,1,784,.000000000000000,.000000000000000,-3.790006291506413,3.790006291506413
150,2,256,-7.580012583013222,15.16002516602644,-3.830678309153004,-3.749334273860214
150,3,10,-.8134403529321461E-01,.1626880705864292,-.4067201764659403E-01,-.4067201764662057E-01
151,1,784,.000000000000000,.000000000000000,-3.797548704195599,3.797548704195599
151,2,256,-7.595097408391375,15.19019481678275,-3.836729875996032,-3.758367532395340
151,3,10,-.7836234360089507E-01,.1567246872017901,-.3918117180043216E-01,-.3918117180046293E-01
152,1,784,.000000000000000,.000000000000000,-3.785105156456393,3.785105156456393
152,2,256,-7.570210312913503,15.14042062582701,-3.837644839806068,-3.732565473107436
152,3,10,-.1050793666993143,.2101587333986286,-.5253968334967318E-01,-.5253968334964111E-01
153,1,784,.000000000000000,.000000000000000,-3.773540966976576,3.773540966976576
153,2,256,-7.547081933953444,15.09416386790689,-3.834995234641021,-3.712086699312428
153,3,10,-.1229085353289204,.2458170706578408,-.6145426766444349E-01,-.6145426766447690E-01
154,1,784,.000000000000000,.000000000000000,-3.789129332237060,3.789129332237060
154,2,256,-7.578258664474254,15.15651732894851,-3.836889170623357,-3.741369493850900
154,3,10,-.9551967677262159E-01,.1910393535452432,-.4775983838629497E-01,-.4775983838632664E-01
155,1,784,.000000000000000,.000000000000000,-3.792925232688286,3.792925232688286
155,2,256,-7.585850465376446,15.17170093075289,-3.833944242124153,-3.751906223252292
155,3,10,-.8203801887170124E-01,.1640760377434025,-.4101900943586524E-01,-.4101900943583599E-01
156,1,784,.000000000000000,.000000000000000,-3.788866510538884,3.788866510538884
156,2,256,-7.577733021077492,15.15546604215498,-3.835395192573540,-3.742337828503950
156,3,10,-.9305736406926947E-01,.1861147281385389,-.4652868203465742E-01,-.4652868203461204E-01
157,1,784,.000000000000000,.000000000000000,-3.798625724600516,3.798625724600516
157,2,256,-7.597251449200630,15.19450289840126,-3.835648419478401,-3.761603029722230
157,3,10,-.7404538975580546E-01,.1480907795116109,-.3702269487788919E-01,-.3702269487791627E-01
158,1,784,.000000000000000,.000000000000000,-3.790102107347808,3.790102107347808
158,2,256,-7.580204214694906,15.16040842938981,-3.832581597728987,-3.747622616965915
158,3,10,-.8495898076236860E-01,.1699179615247372,-.4247949038117898E-01,-.4247949038118964E-01
159,1,784,.000000000000000,.000000000000000,-3.778542945770882,3.778542945770882
159,2,256,-7.557085891542314,15.11417178308463,-3.833529214700048,-3.723556676842270
159,3,10,-.1099725378583321,.2199450757166641,-.5498626892916407E-01,-.5498626892916799E-01
160,1,784,.000000000000000,.000000000000000,-3.771859772815001,3.771859772815001
160,2,256,-7.543719545630053,15.08743909126011,-3.830886597481195,-3.712832948148856
160,3,10,-.1180536493323691,.2361072986647382,-.5902682466619062E-01,-.5902682466617848E-01
161,1,784,.000000000000000,.000000000000000,-3.793641081765729,3.793641081765729
161,2,256,-7.587282163532208,15.17456432706442,-3.835935456794632,-3.751346706737579
161,3,10,-.8458875005780264E-01,.1691775001156053,-.4229437502889923E-01,-.4229437502890342E-01
162,1,784,.000000000000000,.000000000000000,-3.776925435630038,3.776925435630038
162,2,256,-7.553850871259634,15.10770174251927,-3.830863834996702,-3.722987036262934
162,3,10,-.1078767987333389,.2157535974666778,-.5393839936666045E-01,-.5393839936667846E-01
163,1,784,.000000000000000,.000000000000000,-3.786353445624639,3.786353445624639
163,2,256,-7.572706891249645,15.14541378249929,-3.836031679587178,-3.736675211662470
163,3,10,-.9935646792509364E-01,.1987129358501873,-.4967823396253768E-01,-.4967823396255598E-01
164,1,784,.000000000000000,.000000000000000,-3.780919164823425,3.780919164823425
164,2,256,-7.561838329646753,15.12367665929351,-3.840943583244380,-3.720894746402374
164,3,10,-.1200488368419241,.2400976736838482,-.6002441842095238E-01,-.6002441842097171E-01
165,1,784,.000000000000000,.000000000000000,-3.780003466039151,3.780003466039151
165,2,256,-7.560006932078564,15.12001386415713,-3.831965609068401,-3.728041323010166
165,3,10,-.1039242860584509,.2078485721169018,-.5196214302924723E-01,-.5196214302920370E-01
166,1,784,.000000000000000,.000000000000000,-3.786821024738720,3.786821024738720
166,2,256,-7.573642049477148,15.14728409895430,-3.832980408220831,-3.740661641256324
166,3,10,-.9231876696419655E-01,.1846375339283931,-.4615938348210845E-01,-.4615938348208810E-01
167,1,784,.000000000000000,.000000000000000,-3.794798586684971,3.794798586684971
167,2,256,-7.589597173370413,15.17919434674083,-3.837291758305823,-3.752305415064588
167,3,10,-.8498634324170343E-01,.1699726864834069,-.4249317162085427E-01,-.4249317162084915E-01
168,1,784,.000000000000000,.000000000000000,-3.784743147277206,3.784743147277206
168,2,256,-7.569486294554579,15.13897258910916,-3.836890113090634,-3.732596181463942
168,3,10,-.1042939316268646,.2085878632537292,-.5214696581342907E-01,-.5214696581343552E-01
169,1,784,.000000000000000,.000000000000000,-3.790377614267451,3.790377614267451
169,2,256,-7.580755228534743,15.16151045706949,-3.832849450019115,-3.747905778515628
169,3,10,-.8494367150331951E-01,.1698873430066390,-.4247183575166390E-01,-.4247183575165561E-01
170,1,784,.000000000000000,.000000000000000,-3.783914556562288,3.783914556562288
170,2,256,-7.567829113124214,15.13565822624843,-3.835327855475518,-3.732501257648692
170,3,10,-.1028265978264857,.2056531956529714,-.5141329891323295E-01,-.5141329891325275E-01
171,1,784,.000000000000000,.000000000000000,-3.794624220769083,3.794624220769083
171,2,256,-7.589248441537842,15.17849688307568,-3.831640652920754,-3.757607788617098
171,3,10,-.7403286430337588E-01,.1480657286067518,-.3701643215166903E-01,-.3701643215170685E-01
172,1,784,.000000000000000,.000000000000000,-3.791740228763735,3.791740228763735
172,2,256,-7.583480457528061,15.16696091505612,-3.835179898398901,-3.748300559129160
172,3,10,-.8687933927034482E-01,.1737586785406896,-.4343966963517165E-01,-.4343966963517315E-01
173,1,784,.000000000000000,.000000000000000,-3.789766786900959,3.789766786900959
173,2,256,-7.579533573802101,15.15906714760420,-3.838090246488925,-3.741443327313170
173,3,10,-.9664691917591317E-01,.1932938383518263,-.4832345958796486E-01,-.4832345958794831E-01
174,1,784,.000000000000000,.000000000000000,-3.786352700664337,3.786352700664337
174,2,256,-7.572705401328766,15.14541080265753,-3.838585312873803,-3.734120088454959
174,3,10,-.1044652244189722,.2089304488379443,-.5223261220946122E-01,-.5223261220951093E-01
175,1,784,.000000000000000,.000000000000000,-3.783208578476410,3.783208578476410
175,2,256,-7.566417156953118,15.13283431390624,-3.825607760461997,-3.740809396491121
175,3,10,-.8479836397114136E-01,.1695967279422827,-.4239918198558146E-01,-.4239918198555992E-01
176,1,784,.000000000000000,.000000000000000,-3.784202693633718,3.784202693633718
176,2,256,-7.568405387267487,15.13681077453497,-3.829152976441633,-3.739252410825860
176,3,10,-.8990056561582210E-01,.1798011312316442,-.4495028280791494E-01,-.4495028280790717E-01
177,1,784,.000000000000000,.000000000000000,-3.798971970945470,3.798971970945470
177,2,256,-7.597943941890668,15.19588788378134,-3.837619280505008,-3.760324661385655
177,3,10,-.7729461911906335E-01,.1545892382381267,-.3864730955953504E-01,-.3864730955952832E-01
178,1,784,.000000000000000,.000000000000000,-3.787406362090612,3.787406362090612
178,2,256,-7.574812724181365,15.14962544836273,-3.833705888622671,-3.741106835558694
178,3,10,-.9259905306409977E-01,.1851981061281995,-.4629952653206077E-01,-.4629952653203899E-01
179,1,784,.000000000000000,.000000000000000,-3.796245754130256,3.796245754130256
179,2,256,-7.592491508261000,15.18498301652200,-3.840107130457464,-3.752384377803538
179,3,10,-.8772275265441327E-01,.1754455053088265,-.4386137632720824E-01,-.4386137632720504E-01
180,1,784,.000000000000000,.000000000000000,-3.798389553003803,3.798389553003803
180,2,256,-7.596779106007578,15.19355821201516,-3.839255836871045,-3.757523269136539
180,3,10,-.8173256773446580E-01,.1634651354689316,-.4086628386724020E-01,-.4086628386722560E-01
181,1,784,.000000000000000,.000000000000000,-3.795236151114416,3.795236151114416
181,2,256,-7.590472302229142,15.18094460445828,-3.840577431618468,-3.749894870610672
181,3,10,-.9068256100813397E-01,.1813651220162679,-.4534128050405018E-01,-.4534128050408380E-01
182,1,784,.000000000000000,.000000000000000,-3.784590983438933,3.784590983438933
182,2,256,-7.569181966878035,15.13836393375607,-3.833954010661374,-3.735227956216660
182,3,10,-.9872605444492731E-01,.1974521088898546,-.4936302722243811E-01,-.4936302722248921E-01
183,1,784,.000000000000000,.000000000000000,-3.788234817996302,3.788234817996302
183,2,256,-7.576469635992245,15.15293927198449,-3.829039984577791,-3.747429651414453
183,3,10,-.8161033316298265E-01,.1632206663259653,-.4080516658148840E-01,-.4080516658149425E-01
184,1,784,.000000000000000,.000000000000000,-3.780259903407982,3.780259903407982
184,2,256,-7.560519806816401,15.12103961363280,-3.827748470461399,-3.732771336354999
184,3,10,-.9497713410681619E-01,.1899542682136324,-.4748856705341764E-01,-.4748856705339857E-01
185,1,784,.000000000000000,.000000000000000,-3.785392768550501,3.785392768550501
185,2,256,-7.570785537100738,15.14157107420148,-3.829785205127207,-3.741000331973530
185,3,10,-.8878487315343596E-01,.1775697463068719,-.4439243657670646E-01,-.4439243657672951E-01
186,1,784,.000000000000000,.000000000000000,-3.780305851067514,3.780305851067514
186,2,256,-7.560611702135323,15.12122340427065,-3.834108051782185,-3.726503650353139
186,3,10,-.1076044014293750,.2152088028587499,-.5380220071467599E-01,-.5380220071469897E-01
187,1,784,.000000000000000,.000000000000000,-3.775587400744046,3.775587400744046
187,2,256,-7.551174801488185,15.10234960297637,-3.828223202383969,-3.722951599104218
187,3,10,-.1052716032798561,.2105432065597123,-.5263580163991486E-01,-.5263580163994126E-01
188,1,784,.000000000000000,.000000000000000,-3.786574964156229,3.786574964156229
188,2,256,-7.573149928312665,15.14629985662533,-3.832429793597660,-3.740720134715007
188,3,10,-.9170965888283658E-01,.1834193177656732,-.4585482944143354E-01,-.4585482944140304E-01
189,1,784,.000000000000000,.000000000000000,-3.779893568624684,3.779893568624684
189,2,256,-7.559787137249669,15.11957427449934,-3.829954580096170,-3.729832557153498
189,3,10,-.1001220229430117,.2002440458860234,-.5006101147148801E-01,-.5006101147152369E-01
190,1,784,.000000000000000,.000000000000000,-3.788236587642419,3.788236587642419
190,2,256,-7.576473175285752,15.15294635057150,-3.833987708322628,-3.742485466963123
190,3,10,-.9150224136041057E-01,.1830044827208211,-.4575112068020567E-01,-.4575112068020489E-01
191,1,784,.000000000000000,.000000000000000,-3.777480053315974,3.777480053315974
191,2,256,-7.554960106631460,15.10992021326292,-3.838887467701929,-3.716072638929529
191,3,10,-.1228148287719250,.2456296575438500,-.6140741438595353E-01,-.6140741438597147E-01
192,1,784,.000000000000000,.000000000000000,-3.783861948425556,3.783861948425556
192,2,256,-7.567723896850873,15.13544779370175,-3.837432168593776,-3.730291728257095
192,3,10,-.1071404403364461,.2142808806728922,-.5357022016821941E-01,-.5357022016822671E-01
193,1,784,.000000000000000,.000000000000000,-3.786653722158634,3.786653722158634
193,2,256,-7.573307444317670,15.14661488863534,-3.832369649344709,-3.740937794972961
193,3,10,-.9143185437213470E-01,.1828637087442694,-.4571592718607434E-01,-.4571592718606034E-01
194,1,784,.000000000000000,.000000000000000,-3.790753237343352,3.790753237343352
194,2,256,-7.581506474685974,15.16301294937195,-3.833281303785005,-3.748225170900970
194,3,10,-.8505613288332968E-01,.1701122657666594,-.4252806644164954E-01,-.4252806644168015E-01
195,1,784,.000000000000000,.000000000000000,-3.775044491138661,3.775044491138661
195,2,256,-7.550088982276697,15.10017796455339,-3.835115774035478,-3.714973208241223
195,3,10,-.1201425657936304,.2402851315872608,-.6007128289681841E-01,-.6007128289681202E-01
196,1,784,.000000000000000,.000000000000000,-3.782301856907786,3.782301856907786
196,2,256,-7.564603713815176,15.12920742763035,-3.832555341681682,-3.732048372133495
196,3,10,-.1005069695477854,.2010139390955709,-.5025348477389566E-01,-.5025348477388976E-01
197,1,784,.000000000000000,.000000000000000,-3.780665781336451,3.780665781336451
197,2,256,-7.561331562672957,15.12266312534591,-3.837167667376997,-3.724163895295964
197,3,10,-.1130037720811117,.2260075441622234,-.5650188604054637E-01,-.5650188604056533E-01
198,1,784,.000000000000000,.000000000000000,-3.779314529907402,3.779314529907402
198,2,256,-7.558629059814845,15.11725811962969,-3.833751299462222,-3.724877760352625
198,3,10,-.1088735391096374,.2177470782192748,-.5443676955481525E-01,-.5443676955482218E-01
199,1,784,.000000000000000,.000000000000000,-3.790701979920183,3.790701979920183
199,2,256,-7.581403959840605,15.16280791968121,-3.837193667289249,-3.744210292551363
199,3,10,-.9298337473817830E-01,.1859667494763566,-.4649168736907022E-01,-.4649168736910807E-01
200,1,784,.000000000000000,.000000000000000,-3.787767058498972,3.787767058498972
200,2,256,-7.575534116998038,15.15106823399608,-3.831735916993461,-3.743798200004575
200,3,10,-.8793771698895722E-01,.1758754339779144,-.4396885849449274E-01,-.4396885849446449E-01
201,1,784,.000000000000000,.000000000000000,-3.778959242467899,3.778959242467899
201,2,256,-7.557918484935564,15.11583696987113,-3.831214407647351,-3.726704077288205
201,3,10,-.1045103303588672,.2090206607177344,-.5225516517945360E-01,-.5225516517941362E-01
202,1,784,.000000000000000,.000000000000000,-3.780567956744895,3.780567956744895
202,2,256,-7.561135913489446,15.12227182697889,-3.837211410321651,-3.723924503167797
202,3,10,-.1132869071535447,.2265738143070894,-.5664345357675210E-01,-.5664345357679257E-01
203,1,784,.000000000000000,.000000000000000,-3.776796506691470,3.776796506691470
203,2,256,-7.553593013382427,15.10718602676485,-3.827536715531854,-3.726056297850569
203,3,10,-.1014804176807756,.2029608353615513,-.5074020884038491E-01,-.5074020884039075E-01
204,1,784,.000000000000000,.000000000000000,-3.793436918275902,3.793436918275902
204,2,256,-7.586873836551621,15.17374767310324,-3.831000715433889,-3.755873121117734
204,3,10,-.7512759431596844E-01,.1502551886319369,-.3756379715798330E-01,-.3756379715798514E-01
205,1,784,.000000000000000,.000000000000000,-3.776056287334757,3.776056287334757
205,2,256,-7.552112574669642,15.10422514933928,-3.830698758962040,-3.721413815707598
205,3,10,-.1092849432545872,.2185698865091744,-.5464247162728372E-01,-.5464247162730347E-01
206,1,784,.000000000000000,.000000000000000,-3.788505426584364,3.788505426584364
206,2,256,-7.577010853168634,15.15402170633727,-3.831435688941737,-3.745575164226897
206,3,10,-.8586052471471461E-01,.1717210494294292,-.4293026235737349E-01,-.4293026235734113E-01
207,1,784,.000000000000000,.000000000000000,-3.787478036605485,3.787478036605485
207,2,256,-7.574956073210627,15.14991214642125,-3.835316728579075,-3.739639344631553
207,3,10,-.9567738394719440E-01,.1913547678943888,-.4783869197358584E-01,-.4783869197360856E-01
208,1,784,.000000000000000,.000000000000000,-3.794007129557282,3.794007129557282
208,2,256,-7.588014259114688,15.17602851822938,-3.839565822212064,-3.748448436902624
208,3,10,-.9111738530953833E-01,.1822347706190767,-.4555869265477590E-01,-.4555869265476244E-01
209,1,784,.000000000000000,.000000000000000,-3.795296997201287,3.795296997201287
209,2,256,-7.590593994402441,15.18118798880488,-3.835562983087426,-3.755031011315018
209,3,10,-.8053197177227936E-01,.1610639435445587,-.4026598588613493E-01,-.4026598588614443E-01
210,1,784,.000000000000000,.000000000000000,-3.788073917404975,3.788073917404975
210,2,256,-7.576147834810396,15.15229566962079,-3.836675896926585,-3.739471937883807
210,3,10,-.9720395904319411E-01,.1944079180863882,-.4860197952160568E-01,-.4860197952158844E-01
211,1,784,.000000000000000,.000000000000000,-3.799071007908677,3.799071007908677
211,2,256,-7.598142015817116,15.19628403163423,-3.839099969120229,-3.759042046696882
211,3,10,-.8005792242306289E-01,.1601158448461258,-.4002896121154788E-01,-.4002896121151501E-01
212,1,784,.000000000000000,.000000000000000,-3.778304317925165,3.778304317925165
212,2,256,-7.556608635850360,15.11321727170072,-3.834777144523287,-3.721831491327074
212,3,10,-.1129456531962655,.2258913063925310,-.5647282659811899E-01,-.5647282659814652E-01
213,1,784,.000000000000000,.000000000000000,-3.789310809406638,3.789310809406638
213,2,256,-7.578621618813737,15.15724323762747,-3.833936303466225,-3.744685315347517
213,3,10,-.8925098811913193E-01,.1785019762382639,-.4462549405958433E-01,-.4462549405954760E-01
214,1,784,.000000000000000,.000000000000000,-3.794055809049921,3.794055809049921
214,2,256,-7.588111618100414,15.17622323620083,-3.839655933746910,-3.748455684353509
214,3,10,-.9120024939396783E-01,.1824004987879357,-.4560012469698767E-01,-.4560012469698017E-01
215,1,784,.000000000000000,.000000000000000,-3.782482466446029,3.782482466446029
215,2,256,-7.564964932892091,15.12992986578418,-3.833030813317594,-3.731934119574501
215,3,10,-.1010966937431128,.2021933874862256,-.5054834687156341E-01,-.5054834687154936E-01
216,1,784,.000000000000000,.000000000000000,-3.775649433549534,3.775649433549534
216,2,256,-7.551298867098857,15.10259773419771,-3.832356688765751,-3.718942178333108
216,3,10,-.1134145104324112,.2268290208648225,-.5670725521621740E-01,-.5670725521619385E-01
217,1,784,.000000000000000,.000000000000000,-3.780899786955322,3.780899786955322
217,2,256,-7.561799573910311,15.12359914782062,-3.830635329056474,-3.731164244853832
217,3,10,-.9947108420232083E-01,.1989421684046417,-.4973554210114873E-01,-.4973554210117210E-01
218,1,784,.000000000000000,.000000000000000,-3.779298921966555,3.779298921966555
218,2,256,-7.558597843933519,15.11719568786704,-3.836146626864199,-3.722451217069326
218,3,10,-.1136954097952669,.2273908195905339,-.5684770489764168E-01,-.5684770489762526E-01
219,1,784,.000000000000000,.000000000000000,-3.781673026802408,3.781673026802408
219,2,256,-7.563346053604004,15.12669210720801,-3.834940085857686,-3.728405967746320
219,3,10,-.1065341181105725,.2130682362211450,-.5326705905527761E-01,-.5326705905529491E-01
220,1,784,.000000000000000,.000000000000000,-3.784570127982429,3.784570127982429
220,2,256,-7.569140255964445,15.13828051192889,-3.836566945984182,-3.732573309980256
220,3,10,-.1039936360035418,.2079872720070835,-.5199681800175124E-01,-.5199681800179053E-01
221,1,784,.000000000000000,.000000000000000,-3.774529298437866,3.774529298437866
221,2,256,-7.549058596875986,15.09811719375197,-3.827933192761267,-3.721125404114712
221,3,10,-.1068077886467594,.2136155772935187,-.5340389432339793E-01,-.5340389432336144E-01
222,1,784,.000000000000000,.000000000000000,-3.786623978637667,3.786623978637667
222,2,256,-7.573247957275369,15.14649591455074,-3.832442045782101,-3.740805911493272
222,3,10,-.9163613428887211E-01,.1832722685777442,-.4581806714443565E-01,-.4581806714443648E-01
223,1,784,.000000000000000,.000000000000000,-3.788711947462539,3.788711947462539
223,2,256,-7.577423894925897,15.15484778985179,-3.834824668776968,-3.742599226148932
223,3,10,-.9222544262887633E-01,.1844508852577527,-.4611272131443105E-01,-.4611272131444529E-01
224,1,784,.000000000000000,.000000000000000,-3.791585548248913,3.791585548248913
224,2,256,-7.583171096497939,15.16634219299588,-3.831767275773680,-3.751403820724268
224,3,10,-.8036345504949839E-01,.1607269100989968,-.4018172752476239E-01,-.4018172752473599E-01
225,1,784,.000000000000000,.000000000000000,-3.794346380311352,3.794346380311352
225,2,256,-7.588692760622711,15.17738552124542,-3.836263774049215,-3.752428986573492
225,3,10,-.8383478747571591E-01,.1676695749514318,-.4191739373786681E-01,-.4191739373784911E-01
226,1,784,.000000000000000,.000000000000000,-3.787350453497945,3.787350453497945
226,2,256,-7.574700906995758,15.14940181399152,-3.829743483542481,-3.744957423453273
226,3,10,-.8478606008906397E-01,.1695721201781279,-.4239303004453669E-01,-.4239303004452728E-01
227,1,784,.000000000000000,.000000000000000,-3.787749330301755,3.787749330301755
227,2,256,-7.575498660603079,15.15099732120616,-3.830989197619194,-3.744509462983883
227,3,10,-.8647973463489433E-01,.1729594692697887,-.4323986731744092E-01,-.4323986731745341E-01
228,1,784,.000000000000000,.000000000000000,-3.799399472775866,3.799399472775866
228,2,256,-7.598798945551662,15.19759789110332,-3.835879328712660,-3.762919616839001
228,3,10,-.7295971187360957E-01,.1459194237472191,-.3647985593679054E-01,-.3647985593681902E-01
229,1,784,.000000000000000,.000000000000000,-3.798735697933732,3.798735697933732
229,2,256,-7.597471395867492,15.19494279173498,-3.837511784957961,-3.759959610909523
229,3,10,-.7755217404844446E-01,.1551043480968889,-.3877608702422937E-01,-.3877608702421510E-01
230,1,784,.000000000000000,.000000000000000,-3.784971160047138,3.784971160047138
230,2,256,-7.569942320094206,15.13988464018841,-3.837146107825760,-3.732796212268449
230,3,10,-.1043498955572705,.2086997911145410,-.5217494777862270E-01,-.5217494777864778E-01
231,1,784,.000000000000000,.000000000000000,-3.787012862700288,3.787012862700288
231,2,256,-7.574025725400897,15.14805145080179,-3.835553267393943,-3.738472458006949
231,3,10,-.9708080938730670E-01,.1941616187746134,-.4854040469365687E-01,-.4854040469364983E-01
232,1,784,.000000000000000,.000000000000000,-3.784276093234908,3.784276093234908
232,2,256,-7.568552186469268,15.13710437293854,-3.828867228206954,-3.739684958262314
232,3,10,-.8918226994409691E-01,.1783645398881938,-.4459113497204404E-01,-.4459113497205287E-01
233,1,784,.000000000000000,.000000000000000,-3.779486285349015,3.779486285349015
233,2,256,-7.558972570697904,15.11794514139581,-3.834060026677173,-3.724912544020735
233,3,10,-.1091474826563047,.2182949653126094,-.5457374132815877E-01,-.5457374132814592E-01
234,1,784,.000000000000000,.000000000000000,-3.789307942889448,3.789307942889448
234,2,256,-7.578615885779549,15.15723177155910,-3.834821935881583,-3.743793949897965
234,3,10,-.9102798598429832E-01,.1820559719685966,-.4551399299213925E-01,-.4551399299215907E-01
235,1,784,.000000000000000,.000000000000000,-3.782406887214635,3.782406887214635
235,2,256,-7.564813774429656,15.12962754885931,-3.825926248917026,-3.738887525512627
235,3,10,-.8703872340477831E-01,.1740774468095566,-.4351936170238685E-01,-.4351936170239145E-01
236,1,784,.000000000000000,.000000000000000,-3.776744135815441,3.776744135815441
236,2,256,-7.553488271631152,15.10697654326230,-3.835391192997180,-3.718097078633971
236,3,10,-.1172941143635189,.2345882287270377,-.5864705718173914E-01,-.5864705718177970E-01
237,1,784,.000000000000000,.000000000000000,-3.785404997960319,3.785404997960319
237,2,256,-7.570809995920729,15.14161999184146,-3.830368138149865,-3.740441857770870
237,3,10,-.8992628037909896E-01,.1798525607581979,-.4496314018954287E-01,-.4496314018955610E-01
238,1,784,.000000000000000,.000000000000000,-3.796511860832772,3.796511860832772
238,2,256,-7.593023721665616,15.18604744333123,-3.836812054641824,-3.756211667023790
238,3,10,-.8060038761809608E-01,.1612007752361922,-.4030019380904914E-01,-.4030019380904695E-01
239,1,784,.000000000000000,.000000000000000,-3.779948974512650,3.779948974512650
239,2,256,-7.559897949025534,15.11979589805107,-3.836806036278278,-3.723091912747257
239,3,10,-.1137141235313057,.2274282470626114,-.5685706176562755E-01,-.5685706176567810E-01
240,1,784,.000000000000000,.000000000000000,-3.787903914755138,3.787903914755138
240,2,256,-7.575807829510104,15.15161565902021,-3.833469609590325,-3.742338219919779
240,3,10,-.9113138967040610E-01,.1822627793408122,-.4556569483518536E-01,-.4556569483522074E-01
241,1,784,.000000000000000,.000000000000000,-3.797911314603455,3.797911314603455
241,2,256,-7.595822629207452,15.19164525841490,-3.834650113232597,-3.761172515974850
241,3,10,-.7347759725828155E-01,.1469551945165631,-.3673879862914016E-01,-.3673879862914140E-01
242,1,784,.000000000000000,.000000000000000,-3.781884468834764,3.781884468834764
242,2,256,-7.563768937669648,15.12753787533930,-3.835284074846881,-3.728484862822762
242,3,10,-.1067992120242333,.2135984240484666,-.5339960601211405E-01,-.5339960601211927E-01
243,1,784,.000000000000000,.000000000000000,-3.785278541829959,3.785278541829959
243,2,256,-7.570557083660396,15.14111416732079,-3.832743128963336,-3.737813954697059
243,3,10,-.9492917426676184E-01,.1898583485335237,-.4746458713337798E-01,-.4746458713338387E-01
244,1,784,.000000000000000,.000000000000000,-3.776971654717676,3.776971654717676
244,2,256,-7.553943309435167,15.10788661887033,-3.831517471423019,-3.722425838012146
244,3,10,-.1090916334107012,.2181832668214024,-.5454581670534452E-01,-.5454581670535667E-01
245,1,784,.000000000000000,.000000000000000,-3.781246503724816,3.781246503724816
245,2,256,-7.562493007449406,15.12498601489881,-3.829425633295334,-3.733067374154076
245,3,10,-.9635825914104401E-01,.1927165182820880,-.4817912957051430E-01,-.4817912957052971E-01
246,1,784,.000000000000000,.000000000000000,-3.791041467518451,3.791041467518451
246,2,256,-7.582082935036708,15.16416587007342,-3.833810626949596,-3.748272308087109
246,3,10,-.8553831886233317E-01,.1710766377246663,-.4276915943114395E-01,-.4276915943118920E-01
247,1,784,.000000000000000,.000000000000000,-3.779281194994579,3.779281194994579
247,2,256,-7.558562389989751,15.11712477997950,-3.830192163920330,-3.728370226069422
247,3,10,-.1018219378514483,.2036438757028966,-.5091096892574724E-01,-.5091096892570105E-01
248,1,784,.000000000000000,.000000000000000,-3.780814897586271,3.780814897586271
248,2,256,-7.561629795172403,15.12325959034481,-3.836106870026736,-3.725522925145669
248,3,10,-.1105839448809261,.2211678897618522,-.5529197244046252E-01,-.5529197244046359E-01
249,1,784,.000000000000000,.000000000000000,-3.783579433972501,3.783579433972501
249,2,256,-7.567158867945746,15.13431773589149,-3.833504063418941,-3.733654804526813
249,3,10,-.9984925889287730E-01,.1996985177857546,-.4992462944644292E-01,-.4992462944643438E-01
250,1,784,.000000000000000,.000000000000000,-3.779057892950490,3.779057892950490
250,2,256,-7.558115785901268,15.11623157180254,-3.834711916712215,-3.723403869189054
250,3,10,-.1113080475234721,.2226160950469443,-.5565402376172648E-01,-.5565402376174568E-01
251,1,784,.000000000000000,.000000000000000,-3.786079027948473,3.786079027948473
251,2,256,-7.572158055896746,15.14431611179349,-3.832170838836747,-3.739987217060003
251,3,10,-.9218362177654719E-01,.1843672435530944,-.4609181088827312E-01,-.4609181088827406E-01
252,1,784,.000000000000000,.000000000000000,-3.789693109719047,3.789693109719047
252,2,256,-7.579386219438502,15.15877243887700,-3.835695404175896,-3.743690815262604
252,3,10,-.9200458891372977E-01,.1840091778274595,-.4600229445685233E-01,-.4600229445687744E-01
253,1,784,.000000000000000,.000000000000000,-3.777084141206264,3.777084141206264
253,2,256,-7.554168282412164,15.10833656482433,-3.832069003500695,-3.722099278911475
253,3,10,-.1099697245888630,.2199394491777260,-.5498486229442917E-01,-.5498486229443381E-01
254,1,784,.000000000000000,.000000000000000,-3.791553324580986,3.791553324580986
254,2,256,-7.583106649161956,15.16621329832391,-3.837037885224448,-3.746068763937509
254,3,10,-.9096912128694455E-01,.1819382425738891,-.4548456064346832E-01,-.4548456064347622E-01
255,1,784,.000000000000000,.000000000000000,-3.800000992286695,3.800000992286695
255,2,256,-7.600001984573477,15.20000396914695,-3.843712996598597,-3.756288987974880
255,3,10,-.8742400862381373E-01,.1748480172476275,-.4371200431190084E-01,-.4371200431191289E-01
256,1,784,.000000000000000,.000000000000000,-3.790848316528646,3.790848316528646
256,2,256,-7.581696633057466,15.16339326611493,-3.839860892428130,-3.741835740629336
256,3,10,-.9802515179897905E-01,.1960503035979581,-.4901257589948374E-01,-.4901257589949531E-01
257,1,784,.000000000000000,.000000000000000,-3.795905573304630,3.795905573304630
257,2,256,-7.591811146609023,15.18362229321805,-3.836223881988661,-3.755587264620360
257,3,10,-.8063661736806724E-01,.1612732347361345,-.4031830868402944E-01,-.4031830868403780E-01
258,1,784,.000000000000000,.000000000000000,-3.786243944132400,3.786243944132400
258,2,256,-7.572487888264707,15.14497577652941,-3.834410195916127,-3.738077692348579
258,3,10,-.9633250356743553E-01,.1926650071348711,-.4816625178372789E-01,-.4816625178370765E-01
259,1,784,.000000000000000,.000000000000000,-3.783457409356630,3.783457409356630
259,2,256,-7.566914818713496,15.13382963742699,-3.835977909035463,-3.730936909678032
259,3,10,-.1050409993576873,.2100819987153745,-.5252049967883599E-01,-.5252049967885126E-01
260,1,784,.000000000000000,.000000000000000,-3.784969417959901,3.784969417959901
260,2,256,-7.569938835920123,15.13987767184025,-3.832276983452499,-3.737661852467623
260,3,10,-.9461513098520272E-01,.1892302619704054,-.4730756549260015E-01,-.4730756549260256E-01
261,1,784,.000000000000000,.000000000000000,-3.794665467394577,3.794665467394577
261,2,256,-7.589330934788850,15.17866186957770,-3.833845308870644,-3.755485625918211
261,3,10,-.7835968295210136E-01,.1567193659042027,-.3917984147607081E-01,-.3917984147603054E-01
262,1,784,.000000000000000,.000000000000000,-3.777827349878665,3.777827349878665
262,2,256,-7.555654699757691,15.11130939951538,-3.827604806990814,-3.728049892766881
262,3,10,-.9955491422429902E-01,.1991098284485980,-.4977745711214901E-01,-.4977745711215000E-01
263,1,784,.000000000000000,.000000000000000,-3.771296008700180,3.771296008700180
263,2,256,-7.542592017400128,15.08518403480026,-3.833292955915570,-3.709299061484559
263,3,10,-.1239938944308127,.2479877888616253,-.6199694721539381E-01,-.6199694721541887E-01
264,1,784,.000000000000000,.000000000000000,-3.765080780507660,3.765080780507660
264,2,256,-7.530161561015305,15.06032312203061,-3.833048499098563,-3.697113061916740
264,3,10,-.1359354371817845,.2718708743635690,-.6796771859090167E-01,-.6796771859088284E-01
265,1,784,.000000000000000,.000000000000000,-3.801793785708945,3.801793785708945
265,2,256,-7.603587571417910,15.20717514283582,-3.840443477633229,-3.763144093784679
265,3,10,-.7729938384856849E-01,.1545987676971370,-.3864969192428329E-01,-.3864969192428520E-01
266,1,784,.000000000000000,.000000000000000,-3.781414255368797,3.781414255368797
266,2,256,-7.562828510737284,15.12565702147457,-3.831910620300534,-3.730917890436748
266,3,10,-.1009927298634506,.2019854597269012,-.5049636493173899E-01,-.5049636493171159E-01
267,1,784,.000000000000000,.000000000000000,-3.777244561493451,3.777244561493451
267,2,256,-7.554489122986800,15.10897824597360,-3.831384716569664,-3.723104406417137
267,3,10,-.1082803101524667,.2165606203049333,-.5414015507621400E-01,-.5414015507625267E-01
268,1,784,.000000000000000,.000000000000000,-3.783728669965796,3.783728669965796
268,2,256,-7.567457339931448,15.13491467986290,-3.835453326382997,-3.732004013548442
268,3,10,-.1034493128344430,.2068986256688860,-.5172465641720881E-01,-.5172465641723421E-01
269,1,784,.000000000000000,.000000000000000,-3.786892751094137,3.786892751094137
269,2,256,-7.573785502188747,15.14757100437749,-3.830986163764609,-3.742799338424143
269,3,10,-.8818682534095011E-01,.1763736506819002,-.4409341267047266E-01,-.4409341267047744E-01
270,1,784,.000000000000000,.000000000000000,-3.780125318317302,3.780125318317302
270,2,256,-7.560250636634877,15.12050127326975,-3.835886010296068,-3.724364626338807
270,3,10,-.1115213839574908,.2230427679149816,-.5576069197876796E-01,-.5576069197872286E-01
271,1,784,.000000000000000,.000000000000000,-3.788399895295083,3.788399895295083
271,2,256,-7.576799790589887,15.15359958117977,-3.826535673574185,-3.750264117015706
271,3,10,-.7627155655822296E-01,.1525431131164459,-.3813577827910791E-01,-.3813577827911505E-01
272,1,784,.000000000000000,.000000000000000,-3.780458091228126,3.780458091228126
272,2,256,-7.560916182455792,15.12183236491158,-3.834702314357122,-3.726213868098675
272,3,10,-.1084884462579798,.2169768925159595,-.5424422312899921E-01,-.5424422312898055E-01
273,1,784,.000000000000000,.000000000000000,-3.786886273865870,3.786886273865870
273,2,256,-7.573772547732041,15.14754509546408,-3.836829126220692,-3.736943421511349
273,3,10,-.9988570470963530E-01,.1997714094192706,-.4994285235482315E-01,-.4994285235481213E-01
274,1,784,.000000000000000,.000000000000000,-3.773263387458913,3.773263387458913
274,2,256,-7.546526774918088,15.09305354983618,-3.834698265391038,-3.711828509527046
274,3,10,-.1228697558642761,.2457395117285522,-.6143487793212558E-01,-.6143487793215049E-01
275,1,784,.000000000000000,.000000000000000,-3.790514135346399,3.790514135346399
275,2,256,-7.581028270693321,15.16205654138664,-3.837205631798615,-3.743822638894708
275,3,10,-.9338299290445755E-01,.1867659858089151,-.4669149645221269E-01,-.4669149645224487E-01
276,1,784,.000000000000000,.000000000000000,-3.785294622028462,3.785294622028462
276,2,256,-7.570589244056846,15.14117848811369,-3.836785834972756,-3.733803409084094
276,3,10,-.1029824258885557,.2059648517771114,-.5149121294429040E-01,-.5149121294426530E-01
277,1,784,.000000000000000,.000000000000000,-3.775660389978189,3.775660389978189
277,2,256,-7.551320779956402,15.10264155991280,-3.836486756800293,-3.714834023156110
277,3,10,-.1216527336441834,.2433054672883668,-.6082636682210853E-01,-.6082636682207484E-01
278,1,784,.000000000000000,.000000000000000,-3.785770467056766,3.785770467056766
278,2,256,-7.571540934113515,15.14308186822703,-3.835464610062288,-3.736076324051230
278,3,10,-.9938828601105830E-01,.1987765720221166,-.4969414300552166E-01,-.4969414300553664E-01
279,1,784,.000000000000000,.000000000000000,-3.773349275740462,3.773349275740462
279,2,256,-7.546698551481740,15.09339710296348,-3.832670194084574,-3.714028357397172
279,3,10,-.1186418366882353,.2372836733764707,-.5932091834411381E-01,-.5932091834412153E-01
280,1,784,.000000000000000,.000000000000000,-3.787840185557239,3.787840185557239
280,2,256,-7.575680371114386,15.15136074222877,-3.836528493109555,-3.739151878004828
280,3,10,-.9737661510456926E-01,.1947532302091385,-.4868830755231585E-01,-.4868830755225340E-01
281,1,784,.000000000000000,.000000000000000,-3.789580822404794,3.789580822404794
281,2,256,-7.579161644809649,15.15832328961930,-3.832683215209033,-3.746478429600625
281,3,10,-.8620478560845783E-01,.1724095712169157,-.4310239280423692E-01,-.4310239280422090E-01
282,1,784,.000000000000000,.000000000000000,-3.783795024452486,3.783795024452486
282,2,256,-7.567590048904204,15.13518009780841,-3.832090375281052,-3.735499673623161
282,3,10,-.9659070165713574E-01,.1931814033142715,-.4829535082857077E-01,-.4829535082856497E-01
283,1,784,.000000000000000,.000000000000000,-3.782270101232743,3.782270101232743
283,2,256,-7.564540202465472,15.12908040493094,-3.832339086677289,-3.732201115788184
283,3,10,-.1001379708890600,.2002759417781199,-.5006898544454284E-01,-.5006898544451713E-01
284,1,784,.000000000000000,.000000000000000,-3.762504333368870,3.762504333368870
284,2,256,-7.525008666737249,15.05001733347450,-3.826090353997089,-3.698918312740157
284,3,10,-.1271720412564327,.2543440825128655,-.6358602062822308E-01,-.6358602062820966E-01
285,1,784,.000000000000000,.000000000000000,-3.790778527188757,3.790778527188757
285,2,256,-7.581557054377972,15.16311410875594,-3.834485254692340,-3.747071799685629
285,3,10,-.8741345500717650E-01,.1748269100143530,-.4370672750358556E-01,-.4370672750359093E-01
286,1,784,.000000000000000,.000000000000000,-3.775315243121426,3.775315243121426
286,2,256,-7.550630486242474,15.10126097248495,-3.829212070871597,-3.721418415370872
286,3,10,-.1077936555003317,.2155873110006635,-.5389682775017325E-01,-.5389682775015846E-01
287,1,784,.000000000000000,.000000000000000,-3.789891161846837,3.789891161846837
287,2,256,-7.579782323693634,15.15956464738727,-3.830864436182317,-3.748917887511318
287,3,10,-.8194654867094639E-01,.1638930973418928,-.4097327433547568E-01,-.4097327433547072E-01
288,1,784,.000000000000000,.000000000000000,-3.785246930948640,3.785246930948640
288,2,256,-7.570493861897181,15.14098772379436,-3.829323376331193,-3.741170485565990
288,3,10,-.8815289076510710E-01,.1763057815302142,-.4407644538255442E-01,-.4407644538255268E-01
289,1,784,.000000000000000,.000000000000000,-3.785616525499000,3.785616525499000
289,2,256,-7.571233050998026,15.14246610199605,-3.833699884677160,-3.737533166320865
289,3,10,-.9616671835633288E-01,.1923334367126658,-.4808335917816023E-01,-.4808335917817264E-01
290,1,784,.000000000000000,.000000000000000,-3.782945441127751,3.782945441127751
290,2,256,-7.565890882255685,15.13178176451137,-3.836274888708612,-3.729615993547073
290,3,10,-.1066588951617375,.2133177903234749,-.5332944758086382E-01,-.5332944758087364E-01
291,1,784,.000000000000000,.000000000000000,-3.787927627364006,3.787927627364006
291,2,256,-7.575855254728375,15.15171050945675,-3.832666050895429,-3.743189203832941
291,3,10,-.8947684706285840E-01,.1789536941257168,-.4473842353142020E-01,-.4473842353143820E-01
292,1,784,.000000000000000,.000000000000000,-3.780424006002611,3.780424006002611
292,2,256,-7.560848012005506,15.12169602401101,-3.830900096288479,-3.729947915717022
292,3,10,-.1009521805717187,.2019043611434375,-.5047609028586294E-01,-.5047609028585581E-01
293,1,784,.000000000000000,.000000000000000,-3.784670376149764,3.784670376149764
293,2,256,-7.569340752299376,15.13868150459875,-3.838080850578811,-3.731259901720565
293,3,10,-.1068209488581322,.2136418977162644,-.5341047442905040E-01,-.5341047442908178E-01
294,1,784,.000000000000000,.000000000000000,-3.791113625830178,3.791113625830178
294,2,256,-7.582227251659493,15.16445450331899,-3.837580300396771,-3.744646951262723
294,3,10,-.9293334913324652E-01,.1858666982664930,-.4646667456659277E-01,-.4646667456665377E-01
295,1,784,.000000000000000,.000000000000000,-3.790052223627954,3.790052223627954
295,2,256,-7.580104447255747,15.16020889451149,-3.833054081957842,-3.747050365297911
295,3,10,-.8600371665976611E-01,.1720074333195322,-.4300185832988955E-01,-.4300185832987657E-01
296,1,784,.000000000000000,.000000000000000,-3.789856669732429,3.789856669732429
296,2,256,-7.579713339464462,15.15942667892892,-3.830043848513911,-3.749669490950549
296,3,10,-.8037435756294141E-01,.1607487151258828,-.4018717878148050E-01,-.4018717878146092E-01
297,1,784,.000000000000000,.000000000000000,-3.782980217034127,3.782980217034127
297,2,256,-7.565960434068007,15.13192086813601,-3.830331619607289,-3.735628814460714
297,3,10,-.9470280514633908E-01,.1894056102926782,-.4735140257316259E-01,-.4735140257317649E-01
298,1,784,.000000000000000,.000000000000000,-3.786338790047508,3.786338790047508
298,2,256,-7.572677580094782,15.14535516018956,-3.834656036914283,-3.738021543180498
298,3,10,-.9663449373356676E-01,.1932689874671335,-.4831724686677173E-01,-.4831724686679503E-01
299,1,784,.000000000000000,.000000000000000,-3.806556380710961,3.806556380710961
299,2,256,-7.613112761422044,15.22622552284409,-3.843431554506626,-3.769681206915418
299,3,10,-.7375034759135581E-01,.1475006951827116,-.3687517379566535E-01,-.3687517379569046E-01
300,1,784,.000000000000000,.000000000000000,-3.797406112764807,3.797406112764807
300,2,256,-7.594812225529760,15.18962445105952,-3.834088650783245,-3.760723574746516
300,3,10,-.7336507603689685E-01,.1467301520737937,-.3668253801843758E-01,-.3668253801845928E-01
301,1,784,.000000000000000,.000000000000000,-3.786661627018421,3.786661627018421
301,2,256,-7.573323254036744,15.14664650807349,-3.835248731468856,-3.738074522567883
301,3,10,-.9717420890087093E-01,.1943484178017419,-.4858710445044100E-01,-.4858710445042993E-01
302,1,784,.000000000000000,.000000000000000,-3.786371218220703,3.786371218220703
302,2,256,-7.572742436440773,15.14548487288155,-3.836043101742380,-3.736699334698396
302,3,10,-.9934376704338024E-01,.1986875340867605,-.4967188352167221E-01,-.4967188352170802E-01
303,1,784,.000000000000000,.000000000000000,-3.784147837008939,3.784147837008939
303,2,256,-7.568295674018671,15.13659134803734,-3.837224442610338,-3.731071231408336
303,3,10,-.1061532112027643,.2123064224055287,-.5307660560139674E-01,-.5307660560136760E-01
304,1,784,.000000000000000,.000000000000000,-3.784522632066056,3.784522632066056
304,2,256,-7.569045264132717,15.13809052826543,-3.833502762780555,-3.735542501352166
304,3,10,-.9796026142901504E-01,.1959205228580301,-.4898013071450139E-01,-.4898013071451367E-01
305,1,784,.000000000000000,.000000000000000,-3.792556165802309,3.792556165802309
305,2,256,-7.585112331604329,15.17022466320866,-3.837192159143331,-3.747920172460996
305,3,10,-.8927198668204264E-01,.1785439733640853,-.4463599334102158E-01,-.4463599334102105E-01
306,1,784,.000000000000000,.000000000000000,-3.790673516956690,3.790673516956690
306,2,256,-7.581347033913097,15.16269406782619,-3.837266899344273,-3.744080134568827
306,3,10,-.9318676477517437E-01,.1863735295503487,-.4659338238758121E-01,-.4659338238759318E-01
307,1,784,.000000000000000,.000000000000000,-3.795069139869663,3.795069139869663
307,2,256,-7.590138279739564,15.18027655947913,-3.837559891457425,-3.752578388282142
307,3,10,-.8498150317552165E-01,.1699630063510433,-.4249075158776047E-01,-.4249075158776119E-01
308,1,784,.000000000000000,.000000000000000,-3.788137487579923,3.788137487579923
308,2,256,-7.576274975159933,15.15254995031987,-3.835834907150610,-3.740440068009312
308,3,10,-.9539483914143654E-01,.1907896782828731,-.4769741957069099E-01,-.4769741957074555E-01
309,1,784,.000000000000000,.000000000000000,-3.777101069344019,3.777101069344019
309,2,256,-7.554202138687940,15.10840427737588,-3.832390530272940,-3.721811608414993
309,3,10,-.1105789218578566,.2211578437157132,-.5528946092891816E-01,-.5528946092893847E-01
310,1,784,.000000000000000,.000000000000000,-3.790015878491477,3.790015878491477
310,2,256,-7.580031756983094,15.16006351396619,-3.834774309091353,-3.745257447891738
310,3,10,-.8951686119977321E-01,.1790337223995464,-.4475843059987757E-01,-.4475843059989566E-01
311,1,784,.000000000000000,.000000000000000,-3.777576296822601,3.777576296822601
311,2,256,-7.555152593645277,15.11030518729055,-3.827951380698578,-3.727201212946701
311,3,10,-.1007501677519458,.2015003355038915,-.5037508387597708E-01,-.5037508387596870E-01
312,1,784,.000000000000000,.000000000000000,-3.789841980197737,3.789841980197737
312,2,256,-7.579683960395441,15.15936792079088,-3.833802080752844,-3.745881879642596
312,3,10,-.8792020111022751E-01,.1758404022204550,-.4396010055511074E-01,-.4396010055511677E-01
313,1,784,.000000000000000,.000000000000000,-3.773911086347651,3.773911086347651
313,2,256,-7.547822172695711,15.09564434539142,-3.836623087420501,-3.711199085275205
313,3,10,-.1254240021456861,.2508480042913723,-.6271200107285331E-01,-.6271200107283281E-01
314,1,784,.000000000000000,.000000000000000,-3.779036038303403,3.779036038303403
314,2,256,-7.558072076606558,15.11614415321312,-3.831417403123892,-3.726654673482676
314,3,10,-.1047627296409759,.2095254592819517,-.5238136482048984E-01,-.5238136482048606E-01
315,1,784,.000000000000000,.000000000000000,-3.790119085839293,3.790119085839293
315,2,256,-7.580238171678545,15.16047634335709,-3.835485967618642,-3.744752204059911
315,3,10,-.9073376355873514E-01,.1814675271174703,-.4536688177935055E-01,-.4536688177938459E-01
316,1,784,.000000000000000,.000000000000000,-3.787231045571565,3.787231045571565
316,2,256,-7.574462091142952,15.14892418228590,-3.833602816614404,-3.740859274528546
316,3,10,-.9274354208567510E-01,.1854870841713502,-.4637177104284262E-01,-.4637177104283248E-01
317,1,784,.000000000000000,.000000000000000,-3.790083485456823,3.790083485456823
317,2,256,-7.580166970913162,15.16033394182632,-3.833369720100485,-3.746797250812676
317,3,10,-.8657246928731335E-01,.1731449385746267,-.4328623464366037E-01,-.4328623464365297E-01
318,1,784,.000000000000000,.000000000000000,-3.792045193223448,3.792045193223448
318,2,256,-7.584090386446749,15.16818077289350,-3.836436519117882,-3.747653867328867
318,3,10,-.8878265178887651E-01,.1775653035777530,-.4439132589443329E-01,-.4439132589444320E-01
319,1,784,.000000000000000,.000000000000000,-3.785990253087734,3.785990253087734
319,2,256,-7.571980506175185,15.14396101235037,-3.836777039430181,-3.735203466744998
319,3,10,-.1015735726848997,.2031471453697995,-.5078678634244782E-01,-.5078678634245192E-01
320,1,784,.000000000000000,.000000000000000,-3.775369940367391,3.775369940367391
320,2,256,-7.550739880734228,15.10147976146846,-3.834237499670795,-3.716502381063436
320,3,10,-.1177351186068201,.2354702372136401,-.5886755930340352E-01,-.5886755930341649E-01
321,1,784,.000000000000000,.000000000000000,-3.795566812411446,3.795566812411446
321,2,256,-7.591133624822122,15.18226724964424,-3.836449982294574,-3.754683642527548
321,3,10,-.8176633976626670E-01,.1635326795325334,-.4088316988313524E-01,-.4088316988313147E-01
322,1,784,.000000000000000,.000000000000000,-3.795499602034833,3.795499602034833
322,2,256,-7.590999204069244,15.18199840813849,-3.840123731887740,-3.750875472181510
322,3,10,-.8924825970582087E-01,.1784965194116417,-.4462412985290133E-01,-.4462412985291953E-01
323,1,784,.000000000000000,.000000000000000,-3.786929251565699,3.786929251565699
323,2,256,-7.573858503131276,15.14771700626255,-3.834625900718080,-3.739232602413193
323,3,10,-.9539329830478825E-01,.1907865966095765,-.4769664915238388E-01,-.4769664915240438E-01
324,1,784,.000000000000000,.000000000000000,-3.795348843563486,3.795348843563486
324,2,256,-7.590697687126463,15.18139537425293,-3.834826085984231,-3.755871601142239
324,3,10,-.7895448484144317E-01,.1579089696828863,-.3947724242074303E-01,-.3947724242070014E-01
325,1,784,.000000000000000,.000000000000000,-3.799051636722738,3.799051636722738
325,2,256,-7.598103273445841,15.19620654689168,-3.836009085244891,-3.762094188200946
325,3,10,-.7391489704431953E-01,.1478297940886391,-.3695744852215205E-01,-.3695744852216748E-01
326,1,784,.000000000000000,.000000000000000,-3.792999229439889,3.792999229439889
326,2,256,-7.585998458879594,15.17199691775919,-3.830011481351675,-3.755986977527915
326,3,10,-.7402450382355684E-01,.1480490076471137,-.3701225191178781E-01,-.3701225191176904E-01
327,1,784,.000000000000000,.000000000000000,-3.787671670549943,3.787671670549943
327,2,256,-7.575343341100262,15.15068668220052,-3.834247285052119,-3.741096056048143
327,3,10,-.9315122900438201E-01,.1863024580087640,-.4657561450217744E-01,-.4657561450220456E-01
328,1,784,.000000000000000,.000000000000000,-3.789830885781788,3.789830885781788
328,2,256,-7.579661771563725,15.15932354312745,-3.831701343457332,-3.747960428106393
328,3,10,-.8374091535113415E-01,.1674818307022683,-.4187045767554640E-01,-.4187045767558776E-01
329,1,784,.000000000000000,.000000000000000,-3.781700337810846,3.781700337810846
329,2,256,-7.563400675621173,15.12680135124235,-3.836492554664986,-3.726908120956192
329,3,10,-.1095844337083028,.2191688674166056,-.5479221685413949E-01,-.5479221685416334E-01
330,1,784,.000000000000000,.000000000000000,-3.789219430253886,3.789219430253886
330,2,256,-7.578438860508082,15.15687772101616,-3.834953180355877,-3.743485680152205
330,3,10,-.9146750020396004E-01,.1829350004079201,-.4573375010198977E-01,-.4573375010197028E-01
331,1,784,.000000000000000,.000000000000000,-3.791881314782868,3.791881314782868
331,2,256,-7.583762629565305,15.16752525913061,-3.836648055570381,-3.747114573994925
331,3,10,-.8953348157500093E-01,.1790669631500019,-.4476674078751361E-01,-.4476674078748732E-01
332,1,784,.000000000000000,.000000000000000,-3.785377484465653,3.785377484465653
332,2,256,-7.570754968931418,15.14150993786284,-3.833933595783251,-3.736821373148168
332,3,10,-.9711222263517687E-01,.1942244452703537,-.4855611131759315E-01,-.4855611131758372E-01
333,1,784,.000000000000000,.000000000000000,-3.777421714166747,3.777421714166747
333,2,256,-7.554843428333617,15.10968685666723,-3.831563030443189,-3.723280397890433
333,3,10,-.1082826325528505,.2165652651057010,-.5414131627643881E-01,-.5414131627641166E-01
334,1,784,.000000000000000,.000000000000000,-3.776482609836887,3.776482609836887
334,2,256,-7.552965219673651,15.10593043934730,-3.829664754302439,-3.723300465371207
334,3,10,-.1063642889311401,.2127285778622802,-.5318214446555312E-01,-.5318214446558699E-01
335,1,784,.000000000000000,.000000000000000,-3.777678730732300,3.777678730732300
335,2,256,-7.555357461464134,15.11071492292827,-3.829730156372586,-3.725627305091545
335,3,10,-.1041028512805684,.2082057025611367,-.5205142564028553E-01,-.5205142564028286E-01
336,1,784,.000000000000000,.000000000000000,-3.796019526208724,3.796019526208724
336,2,256,-7.592039052417241,15.18407810483448,-3.835422279231513,-3.756616773185730
336,3,10,-.7880550604559183E-01,.1576110120911837,-.3940275302278532E-01,-.3940275302280651E-01
337,1,784,.000000000000000,.000000000000000,-3.790711399498947,3.790711399498947
337,2,256,-7.581422798997464,15.16284559799493,-3.836657041499264,-3.744765757498200
337,3,10,-.9189128400062843E-01,.1837825680012569,-.4594564200031587E-01,-.4594564200031256E-01
338,1,784,.000000000000000,.000000000000000,-3.793126273998512,3.793126273998512
338,2,256,-7.586252547996859,15.17250509599372,-3.838596451019582,-3.747656096977277
338,3,10,-.9094035404209889E-01,.1818807080841978,-.4547017702106590E-01,-.4547017702103300E-01
339,1,784,.000000000000000,.000000000000000,-3.780366726694149,3.780366726694149
339,2,256,-7.560733453388456,15.12146690677691,-3.835854489176575,-3.724878964211880
339,3,10,-.1109755249648671,.2219510499297342,-.5548776248242916E-01,-.5548776248243793E-01
340,1,784,.000000000000000,.000000000000000,-3.788839024049920,3.788839024049920
340,2,256,-7.577678048100564,15.15535609620113,-3.840787296314756,-3.736890751785807
340,3,10,-.1038965445296834,.2077930890593667,-.5194827226484285E-01,-.5194827226484053E-01
341,1,784,.000000000000000,.000000000000000,-3.792066462579030,3.792066462579030
341,2,256,-7.584132925158286,15.16826585031657,-3.831234645671814,-3.752898279486466
341,3,10,-.7833636618559518E-01,.1566727323711904,-.3916818309278157E-01,-.3916818309281360E-01
342,1,784,.000000000000000,.000000000000000,-3.788207507296027,3.788207507296027
342,2,256,-7.576415014592240,15.15283002918448,-3.834136279615949,-3.742278734976293
342,3,10,-.9185754463984103E-01,.1837150892796821,-.4592877231991485E-01,-.4592877231992619E-01
343,1,784,.000000000000000,.000000000000000,-3.782169351826596,3.782169351826596
343,2,256,-7.564338703653451,15.12867740730690,-3.832652544963562,-3.731686158689892
343,3,10,-.1009663862739182,.2019327725478365,-.5048319313696591E-01,-.5048319313695233E-01
344,1,784,.000000000000000,.000000000000000,-3.793073392080086,3.793073392080086
344,2,256,-7.586146784160479,15.17229356832096,-3.838582618056139,-3.747564166104341
344,3,10,-.9101845195208430E-01,.1820369039041686,-.4550922597605013E-01,-.4550922597603418E-01
345,1,784,.000000000000000,.000000000000000,-3.786204589558669,3.786204589558669
345,2,256,-7.572409179117567,15.14481835823513,-3.835019224641032,-3.737389954476530
345,3,10,-.9762927016470747E-01,.1952585403294149,-.4881463508236153E-01,-.4881463508234594E-01
346,1,784,.000000000000000,.000000000000000,-3.778420262208009,3.778420262208009
346,2,256,-7.556840524416455,15.11368104883291,-3.829453684933513,-3.727386839482940
346,3,10,-.1020668454510244,.2041336909020489,-.5103342272550217E-01,-.5103342272552224E-01
347,1,784,.000000000000000,.000000000000000,-3.789834294751874,3.789834294751874
347,2,256,-7.579668589503418,15.15933717900684,-3.833962951976963,-3.745705637526451
347,3,10,-.8825731445019935E-01,.1765146289003987,-.4412865722509122E-01,-.4412865722510814E-01
348,1,784,.000000000000000,.000000000000000,-3.784552197756926,3.784552197756926
348,2,256,-7.569104395513675,15.13820879102735,-3.830282636344283,-3.738821759169388
348,3,10,-.9146087717468659E-01,.1829217543493732,-.4573043858735847E-01,-.4573043858732811E-01
349,1,784,.000000000000000,.000000000000000,-3.788821434992289,3.788821434992289
349,2,256,-7.577642869985250,15.15528573997050,-3.833905036806184,-3.743737833179061
349,3,10,-.9016720362778136E-01,.1803344072555627,-.4508360181389260E-01,-.4508360181388874E-01
350,1,784,.000000000000000,.000000000000000,-3.773592443049428,3.773592443049428
350,2,256,-7.547184886098491,15.09436977219698,-3.827253406550565,-3.719931479547924
350,3,10,-.1073219270022726,.2146438540045452,-.5366096350113413E-01,-.5366096350113848E-01
351,1,784,.000000000000000,.000000000000000,-3.772579602441110,3.772579602441110
351,2,256,-7.545159204882279,15.09031840976456,-3.836678777268139,-3.708480427614143
351,3,10,-.1281983496540300,.2563966993080600,-.6409917482702669E-01,-.6409917482700331E-01
352,1,784,.000000000000000,.000000000000000,-3.773555711561399,3.773555711561399
352,2,256,-7.547111423122566,15.09422284624513,-3.829481363427630,-3.717630059694929
352,3,10,-.1118513037324730,.2237026074649460,-.5592565186622719E-01,-.5592565186624580E-01
353,1,784,.000000000000000,.000000000000000,-3.798666490114508,3.798666490114508
353,2,256,-7.597332980229372,15.19466596045874,-3.840784521924030,-3.756548458305341
353,3,10,-.8423606361904459E-01,.1684721272380892,-.4211803180952128E-01,-.4211803180952332E-01
354,1,784,.000000000000000,.000000000000000,-3.783392571084284,3.783392571084284
354,2,256,-7.566785142168491,15.13357028433698,-3.830393544491963,-3.736391597676521
354,3,10,-.9400194681532957E-01,.1880038936306591,-.4700097340768090E-01,-.4700097340764866E-01
355,1,784,.000000000000000,.000000000000000,-3.787279945650672,3.787279945650672
355,2,256,-7.574559891301262,15.14911978260252,-3.835978602599937,-3.738581288701333
355,3,10,-.9739731389851207E-01,.1947946277970241,-.4869865694925701E-01,-.4869865694925506E-01
356,1,784,.000000000000000,.000000000000000,-3.790608231794600,3.790608231794600
356,2,256,-7.581216463589855,15.16243292717971,-3.838391995248104,-3.742824468341754
356,3,10,-.9556752690696420E-01,.1911350538139284,-.4778376345350714E-01,-.4778376345345706E-01
357,1,784,.000000000000000,.000000000000000,-3.789666996988683,3.789666996988683
357,2,256,-7.579333993977671,15.15866798795534,-3.835996951113447,-3.743337042864220
357,3,10,-.9265990824952432E-01,.1853198164990486,-.4632995412476249E-01,-.4632995412476183E-01
358,1,784,.000000000000000,.000000000000000,-3.778929508511871,3.778929508511871
358,2,256,-7.557859017023976,15.11571803404795,-3.831688484955614,-3.726170532068360
358,3,10,-.1055179528874511,.2110359057749021,-.5275897644374762E-01,-.5275897644370344E-01
359,1,784,.000000000000000,.000000000000000,-3.777512429235942,3.777512429235942
359,2,256,-7.555024858472019,15.11004971694404,-3.834203586684363,-3.720821271787662
359,3,10,-.1133823148968307,.2267646297936614,-.5669115744841637E-01,-.5669115744841432E-01
360,1,784,.000000000000000,.000000000000000,-3.775756018381136,3.775756018381136
360,2,256,-7.551512036762322,15.10302407352464,-3.836400550409149,-3.715111486353169
360,3,10,-.1212890640560369,.2425781281120738,-.6064453202800914E-01,-.6064453202802779E-01
361,1,784,.000000000000000,.000000000000000,-3.779337790595126,3.779337790595126
361,2,256,-7.558675581190678,15.11735116238136,-3.831507262454713,-3.727168318735964
361,3,10,-.1043389437191738,.2086778874383475,-.5216947185958572E-01,-.5216947185958803E-01
362,1,784,.000000000000000,.000000000000000,-3.789565078404658,3.789565078404658
362,2,256,-7.579130156809720,15.15826031361944,-3.835834932484333,-3.743295224325387
362,3,10,-.9253970815934730E-01,.1850794163186946,-.4626985407967676E-01,-.4626985407967053E-01
363,1,784,.000000000000000,.000000000000000,-3.788230754815811,3.788230754815811
363,2,256,-7.576461509632233,15.15292301926447,-3.833928265755453,-3.742533243876779
363,3,10,-.9139502187929290E-01,.1827900437585858,-.4569751093963885E-01,-.4569751093965405E-01
364,1,784,.000000000000000,.000000000000000,-3.787936483237909,3.787936483237909
364,2,256,-7.575872966476311,15.15174593295262,-3.833618931656607,-3.742254034819707
364,3,10,-.9136489683737679E-01,.1827297936747536,-.4568244841869695E-01,-.4568244841867984E-01
365,1,784,.000000000000000,.000000000000000,-3.792650724831561,3.792650724831561
365,2,256,-7.585301449662773,15.17060289932555,-3.836286802610129,-3.749014647052645
365,3,10,-.8727215555716571E-01,.1745443111143314,-.4363607777857519E-01,-.4363607777859051E-01
366,1,784,.000000000000000,.000000000000000,-3.788189371702798,3.788189371702798
366,2,256,-7.576378743405738,15.15275748681148,-3.835143300358054,-3.741235443047684
366,3,10,-.9390785731056049E-01,.1878157146211210,-.4695392865525909E-01,-.4695392865530140E-01
367,1,784,.000000000000000,.000000000000000,-3.778666863555619,3.778666863555619
367,2,256,-7.557333727111418,15.11466745422284,-3.827192501050336,-3.730141226061088
367,3,10,-.9705127498944457E-01,.1941025499788891,-.4852563749471008E-01,-.4852563749473450E-01
368,1,784,.000000000000000,.000000000000000,-3.791494813783555,3.791494813783555
368,2,256,-7.582989627567376,15.16597925513475,-3.835022145834646,-3.747967481732727
368,3,10,-.8705466410220297E-01,.1741093282044059,-.4352733205108951E-01,-.4352733205111348E-01
369,1,784,.000000000000000,.000000000000000,-3.798510025669735,3.798510025669735
369,2,256,-7.597020051339876,15.19404010267975,-3.840362027041279,-3.756658024298598
369,3,10,-.8370400274309422E-01,.1674080054861884,-.4185200137154653E-01,-.4185200137154771E-01
370,1,784,.000000000000000,.000000000000000,-3.775602877257607,3.775602877257607
370,2,256,-7.551205754515764,15.10241150903153,-3.830338604924991,-3.720867149590766
370,3,10,-.1094714553347760,.2189429106695519,-.5473572766738369E-01,-.5473572766739228E-01
371,1,784,.000000000000000,.000000000000000,-3.789488114772261,3.789488114772261
371,2,256,-7.578976229544725,15.15795245908945,-3.835567867646121,-3.743408361898608
371,3,10,-.9215950574773436E-01,.1843190114954687,-.4607975287385944E-01,-.4607975287387491E-01
372,1,784,.000000000000000,.000000000000000,-3.794112768441929,3.794112768441929
372,2,256,-7.588225536884476,15.17645107376895,-3.837736814247131,-3.750488722637344
372,3,10,-.8724809161042540E-01,.1744961832208508,-.4362404580520161E-01,-.4362404580522378E-01
373,1,784,.000000000000000,.000000000000000,-3.779224965513711,3.779224965513711
373,2,256,-7.558449931027326,15.11689986205465,-3.831671062681556,-3.726778868345770
373,3,10,-.1048921943356717,.2097843886713434,-.5244609716784296E-01,-.5244609716782876E-01
374,1,784,.000000000000000,.000000000000000,-3.789885448252512,3.789885448252512
374,2,256,-7.579770896505052,15.15954179301010,-3.836186285143577,-3.743584611361474
374,3,10,-.9260167378219895E-01,.1852033475643979,-.4630083689106871E-01,-.4630083689113024E-01
375,1,784,.000000000000000,.000000000000000,-3.783403836675242,3.783403836675242
375,2,256,-7.566807673350479,15.13361534670096,-3.837015911193519,-3.729791762156963
375,3,10,-.1072241490365835,.2144482980731671,-.5361207451827699E-01,-.5361207451830657E-01
376,1,784,.000000000000000,.000000000000000,-3.784526383335229,3.784526383335229
376,2,256,-7.569052766669802,15.13810553333960,-3.836107980376052,-3.732944786293752
376,3,10,-.1031631940816278,.2063263881632557,-.5158159704082135E-01,-.5158159704080648E-01
377,1,784,.000000000000000,.000000000000000,-3.789784940496759,3.789784940496759
377,2,256,-7.579569880993209,15.15913976198642,-3.835219559558418,-3.744350321434790
377,3,10,-.9086923812328307E-01,.1817384762465661,-.4543461906165503E-01,-.4543461906162805E-01
378,1,784,.000000000000000,.000000000000000,-3.789196765731874,3.789196765731874
378,2,256,-7.578393531463891,15.15678706292778,-3.834350387056504,-3.744043144407389
378,3,10,-.9030724264928187E-01,.1806144852985637,-.4515362132462293E-01,-.4515362132465894E-01
379,1,784,.000000000000000,.000000000000000,-3.789237045515131,3.789237045515131
379,2,256,-7.578474091030265,15.15694818206053,-3.831023413281097,-3.747450677749170
379,3,10,-.8357273553192923E-01,.1671454710638585,-.4178636776596101E-01,-.4178636776596822E-01
380,1,784,.000000000000000,.000000000000000,-3.788968705672678,3.788968705672678
380,2,256,-7.577937411344980,15.15587482268996,-3.833889994354223,-3.744047416990759
380,3,10,-.8984257736306246E-01,.1796851547261249,-.4492128868154392E-01,-.4492128868151854E-01
381,1,784,.000000000000000,.000000000000000,-3.778401115371000,3.778401115371000
381,2,256,-7.556802230742707,15.11360446148541,-3.832783974869657,-3.724018255873053
381,3,10,-.1087657189973375,.2175314379946751,-.5438285949865766E-01,-.5438285949867988E-01
382,1,784,.000000000000000,.000000000000000,-3.789296401366810,3.789296401366810
382,2,256,-7.578592802733548,15.15718560546710,-3.832772558484971,-3.745820244248577
382,3,10,-.8695231423634714E-01,.1739046284726943,-.4347615711816272E-01,-.4347615711818442E-01
383,1,784,.000000000000000,.000000000000000,-3.777309946075765,3.777309946075765
383,2,256,-7.554619892151942,15.10923978430388,-3.832497059321295,-3.722122832830649
383,3,10,-.1103742264910741,.2207484529821482,-.5518711324552799E-01,-.5518711324554611E-01
384,1,784,.000000000000000,.000000000000000,-3.793332739760944,3.793332739760944
384,2,256,-7.586665479522097,15.17333095904419,-3.845511564733338,-3.741153914788753
384,3,10,-.1043576499447857,.2087152998895715,-.5217882497239517E-01,-.5217882497239058E-01
385,1,784,.000000000000000,.000000000000000,-3.792834647095139,3.792834647095139
385,2,256,-7.585669294190082,15.17133858838016,-3.832520546975112,-3.753148747214972
385,3,10,-.7937179975991701E-01,.1587435995198340,-.3968589987997709E-01,-.3968589987993992E-01
386,1,784,.000000000000000,.000000000000000,-3.791459525826704,3.791459525826704
386,2,256,-7.582919051653517,15.16583810330703,-3.835291153430111,-3.747627898223404
386,3,10,-.8766325520681857E-01,.1753265104136371,-.4383162760341075E-01,-.4383162760340781E-01
387,1,784,.000000000000000,.000000000000000,-3.790367837552211,3.790367837552211
387,2,256,-7.580735675104507,15.16147135020901,-3.834510333907802,-3.746225341196705
387,3,10,-.8828499271119343E-01,.1765699854223869,-.4414249635559271E-01,-.4414249635560070E-01
388,1,784,.000000000000000,.000000000000000,-3.783889807115925,3.783889807115925
388,2,256,-7.567779614231343,15.13555922846269,-3.834253303287826,-3.733526310943515
388,3,10,-.1007269923437821,.2014539846875641,-.5036349617190049E-01,-.5036349617188157E-01
389,1,784,.000000000000000,.000000000000000,-3.794890708544268,3.794890708544268
389,2,256,-7.589781417088301,15.17956283417660,-3.835410959880079,-3.754370457208221
389,3,10,-.8104050267161754E-01,.1620810053432351,-.4052025133580561E-01,-.4052025133581193E-01
390,1,784,.000000000000000,.000000000000000,-3.773112530926259,3.773112530926259
390,2,256,-7.546225061852281,15.09245012370456,-3.833880984686589,-3.712344077165687
390,3,10,-.1215369075206625,.2430738150413249,-.6076845376033569E-01,-.6076845376032679E-01
391,1,784,.000000000000000,.000000000000000,-3.791768732479156,3.791768732479156
391,2,256,-7.583537464958283,15.16707492991657,-3.833290419813314,-3.750247045144971
391,3,10,-.8304337466827176E-01,.1660867493365435,-.4152168733416266E-01,-.4152168733410909E-01
392,1,784,.000000000000000,.000000000000000,-3.773635698847641,3.773635698847641
392,2,256,-7.547271397695912,15.09454279539182,-3.834332042981896,-3.712939354714013
392,3,10,-.1213926882685369,.2427853765370739,-.6069634413425561E-01,-.6069634413428134E-01
393,1,784,.000000000000000,.000000000000000,-3.792849680320808,3.792849680320808
393,2,256,-7.585699360641481,15.17139872128296,-3.841285743782972,-3.744413616858508
393,3,10,-.9687212692432134E-01,.1937442538486427,-.4843606346216653E-01,-.4843606346215482E-01
394,1,784,.000000000000000,.000000000000000,-3.783931747986695,3.783931747986695
394,2,256,-7.567863495973809,15.13572699194762,-3.830330914915743,-3.737532581058072
394,3,10,-.9279833385809112E-01,.1855966677161822,-.4639916692904743E-01,-.4639916692904370E-01
395,1,784,.000000000000000,.000000000000000,-3.781222886522793,3.781222886522793
395,2,256,-7.562445773045482,15.12489154609096,-3.828770627788558,-3.733675145256925
395,3,10,-.9509548253150719E-01,.1901909650630144,-.4754774126576828E-01,-.4754774126573892E-01
396,1,784,.000000000000000,.000000000000000,-3.788317652610118,3.788317652610118
396,2,256,-7.576635305219997,15.15327061043999,-3.837643197783710,-3.738992107436289
396,3,10,-.9865109034718308E-01,.1973021806943662,-.4932554517359452E-01,-.4932554517358858E-01
397,1,784,.000000000000000,.000000000000000,-3.788772204789186,3.788772204789186
397,2,256,-7.577544409578801,15.15508881915760,-3.829607943862959,-3.747936465715837
397,3,10,-.8167147814757371E-01,.1633429562951474,-.4083573907378132E-01,-.4083573907379238E-01
398,1,784,.000000000000000,.000000000000000,-3.789197948595482,3.789197948595482
398,2,256,-7.578395897190376,15.15679179438075,-3.834884984838050,-3.743510912352329
398,3,10,-.9137407248512711E-01,.1827481449702542,-.4568703624257030E-01,-.4568703624255682E-01
399,1,784,.000000000000000,.000000000000000,-3.785943150603818,3.785943150603818
399,2,256,-7.571886301207248,15.14377260241450,-3.834861709991197,-3.737024591216048
399,3,10,-.9783711877473041E-01,.1956742375494608,-.4891855938737741E-01,-.4891855938735299E-01
400,1,784,.000000000000000,.000000000000000,-3.783556223048954,3.783556223048954
400,2,256,-7.567112446097827,15.13422489219565,-3.836445238755355,-3.730667207342476
400,3,10,-.1057780314128164,.2115560628256328,-.5288901570639971E-01,-.5288901570641671E-01
401,1,784,.000000000000000,.000000000000000,-3.784186622786488,3.784186622786488
401,2,256,-7.568373245572680,15.13674649114536,-3.835529473731361,-3.732843771841328
401,3,10,-.1026857018897347,.2053714037794694,-.5134285094487254E-01,-.5134285094486216E-01
402,1,784,.000000000000000,.000000000000000,-3.779670185332013,3.779670185332013
402,2,256,-7.559340370663752,15.11868074132750,-3.832182007723742,-3.727158362940015
402,3,10,-.1050236447834208,.2100472895668417,-.5251182239172930E-01,-.5251182239169152E-01
403,1,784,.000000000000000,.000000000000000,-3.788832531185688,3.788832531185688
403,2,256,-7.577665062371339,15.15533012474268,-3.828078747618314,-3.749586314753019
403,3,10,-.7849243286523427E-01,.1569848657304685,-.3924621643262437E-01,-.3924621643260992E-01
404,1,784,.000000000000000,.000000000000000,-3.781719286006723,3.781719286006723
404,2,256,-7.563438572013729,15.12687714402746,-3.830728426298018,-3.732710145715709
404,3,10,-.9801828058258416E-01,.1960365611651683,-.4900914029129731E-01,-.4900914029128686E-01
405,1,784,.000000000000000,.000000000000000,-3.789024112717467,3.789024112717467
405,2,256,-7.578048225434946,15.15609645086989,-3.832171337016616,-3.745876888418328
405,3,10,-.8629444859829534E-01,.1725888971965907,-.4314722429914973E-01,-.4314722429914562E-01
406,1,784,.000000000000000,.000000000000000,-3.786839542387665,3.786839542387665
406,2,256,-7.573679084775302,15.14735816955060,-3.833452838059719,-3.740226246715580
406,3,10,-.9322659134408837E-01,.1864531826881767,-.4661329567205429E-01,-.4661329567203407E-01
407,1,784,.000000000000000,.000000000000000,-3.780270354363859,3.780270354363859
407,2,256,-7.560540708727361,15.12108141745472,-3.827745854664673,-3.732794854062690
407,3,10,-.9495100060163436E-01,.1899020012032687,-.4747550030081923E-01,-.4747550030081513E-01
408,1,784,.000000000000000,.000000000000000,-3.775570485327876,3.775570485327876
408,2,256,-7.551140970655832,15.10228194131166,-3.831507645258605,-3.719633325397227
408,3,10,-.1118743198614425,.2237486397228849,-.5593715993073247E-01,-.5593715993071000E-01
409,1,784,.000000000000000,.000000000000000,-3.787926431190511,3.787926431190511
409,2,256,-7.575852862380927,15.15170572476185,-3.835003397634182,-3.740849464746741
409,3,10,-.9415393288733080E-01,.1883078657746616,-.4707696644367021E-01,-.4707696644366061E-01
410,1,784,.000000000000000,.000000000000000,-3.794843874029177,3.794843874029177
410,2,256,-7.589687748058052,15.17937549611610,-3.838091949941189,-3.751595798116864
410,3,10,-.8649615182403073E-01,.1729923036480615,-.4324807591200878E-01,-.4324807591202195E-01
411,1,784,.000000000000000,.000000000000000,-3.781273506350848,3.781273506350848
411,2,256,-7.562547012701494,15.12509402540299,-3.834844538153704,-3.727702474547789
411,3,10,-.1071420636057474,.2142841272114947,-.5357103180285878E-01,-.5357103180288858E-01
412,1,784,.000000000000000,.000000000000000,-3.787676466907179,3.787676466907179
412,2,256,-7.575352933814587,15.15070586762917,-3.836168930910700,-3.739184002903887
412,3,10,-.9698492800699474E-01,.1939698560139895,-.4849246400352041E-01,-.4849246400347432E-01
413,1,784,.000000000000000,.000000000000000,-3.773396037428110,3.773396037428110
413,2,256,-7.546792074856065,15.09358414971213,-3.840292665685250,-3.706499409170811
413,3,10,-.1337932565142887,.2675865130285774,-.6689662825713655E-01,-.6689662825715216E-01
414,1,784,.000000000000000,.000000000000000,-3.788057961735809,3.788057961735809
414,2,256,-7.576115923471150,15.15223184694230,-3.836491466943128,-3.739624456528019
414,3,10,-.9686701041463169E-01,.1937340208292634,-.4843350520731807E-01,-.4843350520731362E-01
415,1,784,.000000000000000,.000000000000000,-3.787333587949542,3.787333587949542
415,2,256,-7.574667175899101,15.14933435179820,-3.833161084307524,-3.741506091591581
415,3,10,-.9165499271597531E-01,.1833099854319506,-.4582749635798306E-01,-.4582749635799226E-01
416,1,784,.000000000000000,.000000000000000,-3.787605849208603,3.787605849208603
416,2,256,-7.575211698416751,15.15042339683350,-3.832186041195637,-3.743025657221114
416,3,10,-.8916038397405243E-01,.1783207679481049,-.4458019198703578E-01,-.4458019198701665E-01
417,1,784,.000000000000000,.000000000000000,-3.789777713830794,3.789777713830794
417,2,256,-7.579555427661215,15.15911085532243,-3.831884020862361,-3.747671406798856
417,3,10,-.8421261406317096E-01,.1684252281263419,-.4210630703156103E-01,-.4210630703160992E-01
418,1,784,.000000000000000,.000000000000000,-3.784422586366746,3.784422586366746
418,2,256,-7.568845172733079,15.13769034546616,-3.834294794918599,-3.734550377814492
418,3,10,-.9974441710369854E-01,.1994888342073971,-.4987220855185037E-01,-.4987220855184817E-01
419,1,784,.000000000000000,.000000000000000,-3.784628105147808,3.784628105147808
419,2,256,-7.569256210294709,15.13851242058942,-3.830220654108565,-3.739035556186142
419,3,10,-.9118509792151416E-01,.1823701958430283,-.4559254896075722E-01,-.4559254896075694E-01
420,1,784,.000000000000000,.000000000000000,-3.788361084517462,3.788361084517462
420,2,256,-7.576722169034960,15.15344433806992,-3.833508304513860,-3.743213864521099
420,3,10,-.9029443999282724E-01,.1805888799856545,-.4514721999639545E-01,-.4514721999643180E-01
421,1,784,.000000000000000,.000000000000000,-3.790036881055778,3.790036881055778
421,2,256,-7.580073762111433,15.16014752422287,-3.829468248468002,-3.750605513643437
421,3,10,-.7886273482443676E-01,.1577254696488735,-.3943136741222381E-01,-.3943136741221295E-01
422,1,784,.000000000000000,.000000000000000,-3.781464777468264,3.781464777468264
422,2,256,-7.562929554936590,15.12585910987318,-3.838587234391423,-3.724342320545166
422,3,10,-.1142449138463042,.2284898276926085,-.5712245692315635E-01,-.5712245692314789E-01
423,1,784,.000000000000000,.000000000000000,-3.783266881972262,3.783266881972262
423,2,256,-7.566533763944542,15.13306752788908,-3.829767075182800,-3.736766688761743
423,3,10,-.9300038642111402E-01,.1860007728422280,-.4650019321054169E-01,-.4650019321057232E-01
424,1,784,.000000000000000,.000000000000000,-3.796243140608328,3.796243140608328
424,2,256,-7.592486281216518,15.18497256243304,-3.836467462513910,-3.756018818702609
424,3,10,-.8044864381121804E-01,.1608972876224361,-.4022432190558889E-01,-.4022432190562915E-01
425,1,784,.000000000000000,.000000000000000,-3.783735767752721,3.783735767752721
425,2,256,-7.567471535505836,15.13494307101167,-3.833935710041178,-3.733535825464661
425,3,10,-.1003998845769051,.2007997691538101,-.5019994228845982E-01,-.5019994228844526E-01
426,1,784,.000000000000000,.000000000000000,-3.764307113976354,3.764307113976354
426,2,256,-7.528614227952485,15.05722845590497,-3.834427632616463,-3.694186595336016
426,3,10,-.1402410372802166,.2804820745604332,-.7012051864011395E-01,-.7012051864010264E-01
427,1,784,.000000000000000,.000000000000000,-3.780845344234227,3.780845344234227
427,2,256,-7.561690688468471,15.12338137693694,-3.833882143983999,-3.727808544484473
427,3,10,-.1060735994995678,.2121471989991355,-.5303679974976963E-01,-.5303679974979815E-01
428,1,784,.000000000000000,.000000000000000,-3.780465788483494,3.780465788483494
428,2,256,-7.560931576967030,15.12186315393406,-3.829583411540256,-3.731348165426772
428,3,10,-.9823524611352970E-01,.1964704922270594,-.4911762305676431E-01,-.4911762305676538E-01
429,1,784,.000000000000000,.000000000000000,-3.782038852327980,3.782038852327980
429,2,256,-7.564077704656179,15.12815540931236,-3.831410959991993,-3.732666744664183
429,3,10,-.9874421532804695E-01,.1974884306560939,-.4937210766401329E-01,-.4937210766403367E-01
430,1,784,.000000000000000,.000000000000000,-3.793983645031330,3.793983645031330
430,2,256,-7.587967290062704,15.17593458012541,-3.839324459591145,-3.748642830471558
430,3,10,-.9068162911958877E-01,.1813632582391775,-.4534081455981159E-01,-.4534081455977719E-01
431,1,784,.000000000000000,.000000000000000,-3.789130277390069,3.789130277390069
431,2,256,-7.578260554780431,15.15652110956086,-3.833105437809313,-3.745155116971123
431,3,10,-.8795032083853253E-01,.1759006416770651,-.4397516041924869E-01,-.4397516041928385E-01
432,1,784,.000000000000000,.000000000000000,-3.786702445491388,3.786702445491388
432,2,256,-7.573404890982275,15.14680978196455,-3.833074373794683,-3.740330517187589
432,3,10,-.9274385660661232E-01,.1854877132132246,-.4637192830329425E-01,-.4637192830331806E-01
433,1,784,.000000000000000,.000000000000000,-3.768068608651870,3.768068608651870
433,2,256,-7.536137217303429,15.07227443460686,-3.829099055604043,-3.707038161699381
433,3,10,-.1220608939043246,.2441217878086493,-.6103044695217722E-01,-.6103044695214742E-01
434,1,784,.000000000000000,.000000000000000,-3.789254673799355,3.789254673799355
434,2,256,-7.578509347598937,15.15701869519787,-3.835812357020233,-3.742696990578701
434,3,10,-.9311536644175428E-01,.1862307328835086,-.4655768322087519E-01,-.4655768322087908E-01
435,1,784,.000000000000000,.000000000000000,-3.791625752602271,3.791625752602271
435,2,256,-7.583251505204078,15.16650301040816,-3.833838063947343,-3.749413441256738
435,3,10,-.8442462269015555E-01,.1688492453803111,-.4221231134507135E-01,-.4221231134508420E-01
436,1,784,.000000000000000,.000000000000000,-3.792903029508768,3.792903029508768
436,2,256,-7.585806059017315,15.17161211803463,-3.839557419038347,-3.746248639978971
436,3,10,-.9330877905917248E-01,.1866175581183450,-.4665438952958383E-01,-.4665438952958865E-01
437,1,784,.000000000000000,.000000000000000,-3.782787624155535,3.782787624155535
437,2,256,-7.565575248311018,15.13115049662204,-3.832660322668684,-3.732914925642334
437,3,10,-.9974539702625042E-01,.1994907940525008,-.4987269851314496E-01,-.4987269851310545E-01
438,1,784,.000000000000000,.000000000000000,-3.785630245072853,3.785630245072853
438,2,256,-7.571260490145701,15.14252098029140,-3.832440779496788,-3.738819710648907
438,3,10,-.9362106884788375E-01,.1872421376957675,-.4681053442393769E-01,-.4681053442394605E-01
439,1,784,.000000000000000,.000000000000000,-3.785926747532880,3.785926747532880
439,2,256,-7.571853495066309,15.14370699013262,-3.833404579200161,-3.738448915866153
439,3,10,-.9495566333455302E-01,.1899113266691060,-.4747783166727487E-01,-.4747783166727814E-01
440,1,784,.000000000000000,.000000000000000,-3.786222248383011,3.786222248383011
440,2,256,-7.572444496765904,15.14488899353181,-3.826955677024968,-3.745488819740934
440,3,10,-.8146685728387972E-01,.1629337145677594,-.4073342864196012E-01,-.4073342864191960E-01
441,1,784,.000000000000000,.000000000000000,-3.801180731017493,3.801180731017493
441,2,256,-7.602361462034735,15.20472292406947,-3.843350936464930,-3.759010525569805
441,3,10,-.8434041089480897E-01,.1686808217896179,-.4217020544744263E-01,-.4217020544736633E-01
442,1,784,.000000000000000,.000000000000000,-3.792601188818368,3.792601188818368
442,2,256,-7.585202377636073,15.17040475527215,-3.832483858848564,-3.752718518787508
442,3,10,-.7976534006038596E-01,.1595306801207719,-.3988267003019717E-01,-.3988267003018878E-01
443,1,784,.000000000000000,.000000000000000,-3.790473837754208,3.790473837754208
443,2,256,-7.580947675508039,15.16189535101608,-3.837819289135469,-3.743128386372575
443,3,10,-.9469090276250923E-01,.1893818055250185,-.4734545138125817E-01,-.4734545138125105E-01
444,1,784,.000000000000000,.000000000000000,-3.794469739264382,3.794469739264382
444,2,256,-7.588939478528805,15.17787895705761,-3.836297401640631,-3.752642076888174
444,3,10,-.8365532475247558E-01,.1673106495049512,-.4182766237624282E-01,-.4182766237623277E-01
445,1,784,.000000000000000,.000000000000000,-3.786767012775631,3.786767012775631
445,2,256,-7.573534025551173,15.14706805110235,-3.833930961770932,-3.739603063780249
445,3,10,-.9432789799057784E-01,.1886557959811557,-.4716394899529516E-01,-.4716394899528268E-01
446,1,784,.000000000000000,.000000000000000,-3.789416024086989,3.789416024086989
446,2,256,-7.578832048174093,15.15766409634819,-3.834761057902381,-3.744070990271714
446,3,10,-.9069006763081189E-01,.1813801352616238,-.4534503381539366E-01,-.4534503381541823E-01
447,1,784,.000000000000000,.000000000000000,-3.776313049556950,3.776313049556950
447,2,256,-7.552626099113849,15.10525219822770,-3.831306123973055,-3.721319975140792
447,3,10,-.1099861488321884,.2199722976643768,-.5499307441610578E-01,-.5499307441608260E-01
448,1,784,.000000000000000,.000000000000000,-3.784273616761377,3.784273616761377
448,2,256,-7.568547233522637,15.13709446704527,-3.834170172456187,-3.734377061066446
448,3,10,-.9979311138961391E-01,.1995862227792278,-.4989655569480994E-01,-.4989655569480396E-01
449,1,784,.000000000000000,.000000000000000,-3.787307563872778,3.787307563872778
449,2,256,-7.574615127745659,15.14923025549132,-3.833271468912707,-3.741343658832944
449,3,10,-.9192781007985910E-01,.1838556201597182,-.4596390503992977E-01,-.4596390503992934E-01
450,1,784,.000000000000000,.000000000000000,-3.778021086384570,3.778021086384570
450,2,256,-7.556042172769593,15.11208434553919,-3.832612603625364,-3.723429569144230
450,3,10,-.1091830344815851,.2183660689631702,-.5459151724079481E-01,-.5459151724079028E-01
451,1,784,.000000000000000,.000000000000000,-3.786171478541177,3.786171478541177
451,2,256,-7.572342957082484,15.14468591416497,-3.835785077255983,-3.736557879826501
451,3,10,-.9922719742960716E-01,.1984543948592143,-.4961359871480228E-01,-.4961359871480486E-01
452,1,784,.000000000000000,.000000000000000,-3.788445568335601,3.788445568335601
452,2,256,-7.576891136671665,15.15378227334333,-3.832660926372488,-3.744230210299173
452,3,10,-.8843071607377284E-01,.1768614321475457,-.4421535803688448E-01,-.4421535803688835E-01
453,1,784,.000000000000000,.000000000000000,-3.789081774251401,3.789081774251401
453,2,256,-7.578163548502232,15.15632709700446,-3.835041405458756,-3.743122143043479
453,3,10,-.9191926241471796E-01,.1838385248294359,-.4595963120735190E-01,-.4595963120736607E-01
454,1,784,.000000000000000,.000000000000000,-3.789697196950717,3.789697196950717
454,2,256,-7.579394393901087,15.15878878780217,-3.833055412964860,-3.746338980936236
454,3,10,-.8671643202831644E-01,.1734328640566329,-.4335821601413696E-01,-.4335821601417948E-01
455,1,784,.000000000000000,.000000000000000,-3.790043784988235,3.790043784988235
455,2,256,-7.580087569977172,15.16017513995434,-3.835889787646946,-3.744197782330222
455,3,10,-.9169200531741498E-01,.1833840106348300,-.4584600265871034E-01,-.4584600265870464E-01
456,1,784,.000000000000000,.000000000000000,-3.776811787979860,3.776811787979860
456,2,256,-7.553623575959517,15.10724715191903,-3.832901690008293,-3.720721885951224
456,3,10,-.1121798040568560,.2243596081137121,-.5608990202842936E-01,-.5608990202842666E-01
457,1,784,.000000000000000,.000000000000000,-3.780437887861027,3.780437887861027
457,2,256,-7.560875775722014,15.12175155144403,-3.831602762767243,-3.729273012954773
457,3,10,-.1023297498124251,.2046594996248501,-.5116487490621756E-01,-.5116487490620750E-01
458,1,784,.000000000000000,.000000000000000,-3.783576646001960,3.783576646001960
458,2,256,-7.567153292003861,15.13430658400772,-3.838094280868651,-3.729059011135200
458,3,10,-.1090352697333783,.2180705394667566,-.5451763486669582E-01,-.5451763486668247E-01
459,1,784,.000000000000000,.000000000000000,-3.788940242953191,3.788940242953191
459,2,256,-7.577880485906334,15.15576097181267,-3.837112026194378,-3.740768459711958
459,3,10,-.9634356648238875E-01,.1926871329647775,-.4817178324118804E-01,-.4817178324120069E-01
460,1,784,.000000000000000,.000000000000000,-3.787490997666111,3.787490997666111
460,2,256,-7.574981995332027,15.14996399066405,-3.835369508342531,-3.739612486989497
460,3,10,-.9575702135284549E-01,.1915140427056910,-.4787851067641700E-01,-.4787851067642847E-01
461,1,784,.000000000000000,.000000000000000,-3.790608747100491,3.790608747100491
461,2,256,-7.581217494201555,15.16243498840311,-3.836595458415479,-3.744622035786078
461,3,10,-.9197342262994794E-01,.1839468452598959,-.4598671131498256E-01,-.4598671131496538E-01
462,1,784,.000000000000000,.000000000000000,-3.788956685020196,3.788956685020196
462,2,256,-7.577913370040865,15.15582674008173,-3.833235123083873,-3.744678246956991
462,3,10,-.8855687612737717E-01,.1771137522547543,-.4427843806367378E-01,-.4427843806370339E-01
463,1,784,.000000000000000,.000000000000000,-3.776574122888671,3.776574122888671
463,2,256,-7.553148245776896,15.10629649155379,-3.833936572319512,-3.719211673457386
463,3,10,-.1147248988616805,.2294497977233609,-.5736244943083361E-01,-.5736244943084683E-01
464,1,784,.000000000000000,.000000000000000,-3.790955465408175,3.790955465408175
464,2,256,-7.581910930815927,15.16382186163185,-3.838438765937315,-3.743472164878612
464,3,10,-.9496660105825876E-01,.1899332021165175,-.4748330052914167E-01,-.4748330052911706E-01
465,1,784,.000000000000000,.000000000000000,-3.785741827991303,3.785741827991303
465,2,256,-7.571483655982756,15.14296731196551,-3.832244343347055,-3.739239312635700
465,3,10,-.9300503071150051E-01,.1860100614230010,-.4650251535575209E-01,-.4650251535574844E-01
466,1,784,.000000000000000,.000000000000000,-3.780649269498979,3.780649269498979
466,2,256,-7.561298538997757,15.12259707799551,-3.830460256930383,-3.730838282067372
466,3,10,-.9962197486283328E-01,.1992439497256666,-.4981098743140886E-01,-.4981098743142441E-01
467,1,784,.000000000000000,.000000000000000,-3.772382580818721,3.772382580818721
467,2,256,-7.544765161638504,15.08953032327701,-3.829726424191714,-3.715038737446788
467,3,10,-.1146876867459788,.2293753734919576,-.5734384337299005E-01,-.5734384337298875E-01
468,1,784,.000000000000000,.000000000000000,-3.787858720914530,3.787858720914530
468,2,256,-7.575717441829585,15.15143488365917,-3.837105353379093,-3.738612088450491
468,3,10,-.9849326492909498E-01,.1969865298581900,-.4924663246455967E-01,-.4924663246453531E-01
469,1,784,.000000000000000,.000000000000000,-3.778261751272339,3.778261751272339
469,2,256,-7.556523502544433,15.11304700508887,-3.835975725082575,-3.720547777461854
469,3,10,-.1154279476204604,.2308558952409209,-.5771397381023552E-01,-.5771397381022492E-01
470,1,784,.000000000000000,.000000000000000,-3.788809089169380,3.788809089169380
470,2,256,-7.577618178338684,15.15523635667737,-3.835194036728119,-3.742424141610571
470,3,10,-.9276989511748995E-01,.1855397902349799,-.4638494755874002E-01,-.4638494755874992E-01
471,1,784,.000000000000000,.000000000000000,-3.785596344947042,3.785596344947042
471,2,256,-7.571192689894223,15.14238537978845,-3.833929900502842,-3.737262789391374
471,3,10,-.9666711111160493E-01,.1933342222232099,-.4833355555580193E-01,-.4833355555580300E-01
472,1,784,.000000000000000,.000000000000000,-3.782372340985317,3.782372340985317
472,2,256,-7.564744681969926,15.12948936393985,-3.833447772236097,-3.731296909733831
472,3,10,-.1021508625015762,.2043017250031524,-.5107543125077380E-01,-.5107543125080238E-01
473,1,784,.000000000000000,.000000000000000,-3.779391055147971,3.779391055147971
473,2,256,-7.558782110296348,15.11756422059270,-3.831715017531934,-3.727067092764416
473,3,10,-.1046479247679082,.2092958495358163,-.5232396238396643E-01,-.5232396238394173E-01
474,1,784,.000000000000000,.000000000000000,-3.785814697255916,3.785814697255916
474,2,256,-7.571629394511922,15.14325878902384,-3.827054230113092,-3.744575164398828
474,3,10,-.8247906571438653E-01,.1649581314287731,-.4123953285717669E-01,-.4123953285720982E-01
475,1,784,.000000000000000,.000000000000000,-3.791757386680087,3.791757386680087
475,2,256,-7.583514773360179,15.16702954672036,-3.835269107985974,-3.748245665374206
475,3,10,-.8702344261178263E-01,.1740468852235653,-.4351172130588734E-01,-.4351172130589530E-01
476,1,784,.000000000000000,.000000000000000,-3.790217196855937,3.790217196855937
476,2,256,-7.580434393711472,15.16086878742294,-3.833644141183870,-3.746790252527597
476,3,10,-.8685388865586632E-01,.1737077773117326,-.4342694432792567E-01,-.4342694432794066E-01
477,1,784,.000000000000000,.000000000000000,-3.791080873856051,3.791080873856051
477,2,256,-7.582161747711972,15.16432349542394,-3.832766375684564,-3.749395372027408
477,3,10,-.8337100365702318E-01,.1667420073140464,-.4168550182851182E-01,-.4168550182851135E-01
478,1,784,.000000000000000,.000000000000000,-3.779654831307437,3.779654831307437
478,2,256,-7.559309662615187,15.11861932523037,-3.832432141091200,-3.726877521523990
478,3,10,-.1055546195675456,.2111092391350913,-.5277730978376574E-01,-.5277730978377992E-01
479,1,784,.000000000000000,.000000000000000,-3.793200450629052,3.793200450629052
479,2,256,-7.586400901258308,15.17280180251662,-3.835750441572786,-3.750650459685528
479,3,10,-.8509998188752108E-01,.1701999637750422,-.4254999094373661E-01,-.4254999094378450E-01
480,1,784,.000000000000000,.000000000000000,-3.785130659442013,3.785130659442013
480,2,256,-7.570261318884372,15.14052263776874,-3.830516615698490,-3.739744703185879
480,3,10,-.9077191251298054E-01,.1815438250259611,-.4538595625647646E-01,-.4538595625650410E-01
481,1,784,.000000000000000,.000000000000000,-3.787346717676580,3.787346717676580
481,2,256,-7.574693435353306,15.14938687070661,-3.829889455974636,-3.744803979378665
481,3,10,-.8508547659612249E-01,.1701709531922450,-.4254273829805851E-01,-.4254273829806398E-01
482,1,784,.000000000000000,.000000000000000,-3.784621822548099,3.784621822548099
482,2,256,-7.569243645096632,15.13848729019326,-3.837621971160941,-3.731621673935695
482,3,10,-.1060002972257240,.2120005944514480,-.5300014861283992E-01,-.5300014861288407E-01
483,1,784,.000000000000000,.000000000000000,-3.794573232421764,3.794573232421764
483,2,256,-7.589146464843212,15.17829292968642,-3.840131460424308,-3.749015004418901
483,3,10,-.9111645600504983E-01,.1822329120100997,-.4555822800254321E-01,-.4555822800250665E-01
484,1,784,.000000000000000,.000000000000000,-3.785169889531228,3.785169889531228
484,2,256,-7.570339779062911,15.14067955812582,-3.834361282599700,-3.735978496463207
484,3,10,-.9838278613695695E-01,.1967655722739139,-.4919139306847346E-01,-.4919139306848348E-01
485,1,784,.000000000000000,.000000000000000,-3.799587579618342,3.799587579618342
485,2,256,-7.599175159236663,15.19835031847333,-3.838592363528891,-3.760582795707777
485,3,10,-.7800956782107425E-01,.1560191356421485,-.3900478391054362E-01,-.3900478391053063E-01
486,1,784,.000000000000000,.000000000000000,-3.777115164482920,3.777115164482920
486,2,256,-7.554230328966475,15.10846065793295,-3.830671608332205,-3.723558720634265
486,3,10,-.1071128876985950,.2142257753971900,-.5355644384928631E-01,-.5355644384930867E-01
487,1,784,.000000000000000,.000000000000000,-3.784647667643064,3.784647667643064
487,2,256,-7.569295335286185,15.13859067057237,-3.831484401369635,-3.737810933916552
487,3,10,-.9367346745311518E-01,.1873469349062304,-.4683673372657334E-01,-.4683673372654184E-01
488,1,784,.000000000000000,.000000000000000,-3.795486158953568,3.795486158953568
488,2,256,-7.590972317906648,15.18194463581330,-3.840551894191502,-3.750420423715145
488,3,10,-.9013147047590503E-01,.1802629409518101,-.4506573523793732E-01,-.4506573523796770E-01
489,1,784,.000000000000000,.000000000000000,-3.784363090690355,3.784363090690355
489,2,256,-7.568726181380881,15.13745236276176,-3.835850439386023,-3.732875741994858
489,3,10,-.1029746973913324,.2059493947826648,-.5148734869566864E-01,-.5148734869566374E-01
490,1,784,.000000000000000,.000000000000000,-3.790688177552011,3.790688177552011
490,2,256,-7.581376355104554,15.16275271020911,-3.836648861904683,-3.744727493199871
490,3,10,-.9192136870533360E-01,.1838427374106672,-.4596068435267039E-01,-.4596068435266321E-01
491,1,784,.000000000000000,.000000000000000,-3.783902830783977,3.783902830783977
491,2,256,-7.567805661567252,15.13561132313450,-3.835847012513650,-3.731958649053603
491,3,10,-.1038883634593332,.2077767269186665,-.5194418172967491E-01,-.5194418172965834E-01
492,1,784,.000000000000000,.000000000000000,-3.792911220558033,3.792911220558033
492,2,256,-7.585822441115848,15.17164488223170,-3.833993079311977,-3.751829361803868
492,3,10,-.8216371750792308E-01,.1643274350158462,-.4108185875394840E-01,-.4108185875397467E-01
493,1,784,.000000000000000,.000000000000000,-3.788749948927971,3.788749948927971
493,2,256,-7.577499897855676,15.15499979571135,-3.836562690341152,-3.740937207514523
493,3,10,-.9562548282634324E-01,.1912509656526865,-.4781274141318191E-01,-.4781274141316133E-01
494,1,784,.000000000000000,.000000000000000,-3.794327156464378,3.794327156464378
494,2,256,-7.588654312928631,15.17730862585726,-3.833310359505672,-3.755343953422959
494,3,10,-.7796640608255809E-01,.1559328121651162,-.3898320304128884E-01,-.3898320304126925E-01
495,1,784,.000000000000000,.000000000000000,-3.783096488676261,3.783096488676261
495,2,256,-7.566192977352801,15.13238595470560,-3.831628981525470,-3.734563995827329
495,3,10,-.9706498569843296E-01,.1941299713968659,-.4853249284920323E-01,-.4853249284922972E-01
496,1,784,.000000000000000,.000000000000000,-3.779818418521810,3.779818418521810
496,2,256,-7.559636837043588,15.11927367408718,-3.830137043089531,-3.729499793954057
496,3,10,-.1006372491354132,.2012744982708264,-.5031862456771753E-01,-.5031862456769566E-01
497,1,784,.000000000000000,.000000000000000,-3.804898272352074,3.804898272352074
497,2,256,-7.609796544703193,15.21959308940639,-3.838486832092702,-3.771309712610493
497,3,10,-.6717711948128244E-01,.1343542389625649,-.3358855974063134E-01,-.3358855974065111E-01
498,1,784,.000000000000000,.000000000000000,-3.787334654533223,3.787334654533223
498,2,256,-7.574669309066687,15.14933861813337,-3.837374231944701,-3.737295077121985
498,3,10,-.1000791548229702,.2001583096459404,-.5003957741147808E-01,-.5003957741149215E-01
499,1,784,.000000000000000,.000000000000000,-3.782115364588131,3.782115364588131
499,2,256,-7.564230729176701,15.12846145835340,-3.833188601340197,-3.731042127836507
499,3,10,-.1021464735041066,.2042929470082132,-.5107323675206651E-01,-.5107323675204004E-01
500,1,784,.000000000000000,.000000000000000,-3.779272687537829,3.779272687537829
500,2,256,-7.558545375075443,15.11709075015089,-3.828028965290480,-3.730516409784963
500,3,10,-.9751255550527495E-01,.1950251110105499,-.4875627775265250E-01,-.4875627775262245E-01
501,1,784,.000000000000000,.000000000000000,-3.795479472974496,3.795479472974496
501,2,256,-7.590958945949652,15.18191789189930,-3.839856387350344,-3.751102558599313
501,3,10,-.8875382875166969E-01,.1775076575033394,-.4437691437584589E-01,-.4437691437582381E-01
502,1,784,.000000000000000,.000000000000000,-3.785747177902311,3.785747177902311
502,2,256,-7.571494355803987,15.14298871160797,-3.835712316289680,-3.735782039514306
502,3,10,-.9993027677470868E-01,.1998605535494174,-.4996513838737875E-01,-.4996513838732992E-01
503,1,784,.000000000000000,.000000000000000,-3.788651048723891,3.788651048723891
503,2,256,-7.577302097448145,15.15460419489629,-3.833673279350938,-3.743628818097211
503,3,10,-.9004446125412553E-01,.1800889225082511,-.4502223062705048E-01,-.4502223062707503E-01
504,1,784,.000000000000000,.000000000000000,-3.788278866207738,3.788278866207738
504,2,256,-7.576557732415437,15.15311546483087,-3.832488143505902,-3.744069588909531
504,3,10,-.8841855459634554E-01,.1768371091926911,-.4420927729816680E-01,-.4420927729817874E-01
505,1,784,.000000000000000,.000000000000000,-3.776390614470648,3.776390614470648
505,2,256,-7.552781228941280,15.10556245788256,-3.830943341060627,-3.721837887880651
505,3,10,-.1091054531799430,.2182109063598860,-.5455272658997643E-01,-.5455272658996658E-01
506,1,784,.000000000000000,.000000000000000,-3.775307365968440,3.775307365968440
506,2,256,-7.550614731936317,15.10122946387263,-3.831890001150007,-3.718724730786309
506,3,10,-.1131652703631102,.2263305407262203,-.5658263518156820E-01,-.5658263518154195E-01
507,1,784,.000000000000000,.000000000000000,-3.793064363317567,3.793064363317567
507,2,256,-7.586128726635216,15.17225745327043,-3.839602330129540,-3.746526396505675
507,3,10,-.9307593362395256E-01,.1861518672479051,-.4653796681197551E-01,-.4653796681197706E-01
508,1,784,.000000000000000,.000000000000000,-3.786630951131875,3.786630951131875
508,2,256,-7.573261902263967,15.14652380452793,-3.832682924554073,-3.740578977709896
508,3,10,-.9210394684439502E-01,.1842078936887900,-.4605197342219984E-01,-.4605197342219519E-01
509,1,784,.000000000000000,.000000000000000,-3.793019664826093,3.793019664826093
509,2,256,-7.586039329652753,15.17207865930551,-3.837831853299616,-3.748207476353138
509,3,10,-.8962437694708866E-01,.1792487538941773,-.4481218847352121E-01,-.4481218847356745E-01
510,1,784,.000000000000000,.000000000000000,-3.773495699105192,3.773495699105192
510,2,256,-7.546991398210518,15.09398279642104,-3.829241219316077,-3.717750178894442
510,3,10,-.1114910404217749,.2229820808435498,-.5574552021088770E-01,-.5574552021088721E-01
511,1,784,.000000000000000,.000000000000000,-3.783589645875081,3.783589645875081
511,2,256,-7.567179291750092,15.13435858350018,-3.835678797642190,-3.731500494107900
511,3,10,-.1041783035342591,.2083566070685183,-.5208915176710786E-01,-.5208915176715129E-01
512,1,784,.000000000000000,.000000000000000,-3.784823290316449,3.784823290316449
512,2,256,-7.569646580633363,15.13929316126673,-3.836496581315918,-3.733149999317445
512,3,10,-.1033465819989163,.2066931639978326,-.5167329099947008E-01,-.5167329099944624E-01
513,1,784,.000000000000000,.000000000000000,-3.794898404722431,3.794898404722431
513,2,256,-7.589796809444866,15.17959361888973,-3.835831882429105,-3.753964927015760
513,3,10,-.8186695541334105E-01,.1637339108266821,-.4093347770667235E-01,-.4093347770666869E-01
514,1,784,.000000000000000,.000000000000000,-3.788746096205594,3.788746096205594
514,2,256,-7.577492192410695,15.15498438482139,-3.836670776838672,-3.740821415572023
514,3,10,-.9584936126614774E-01,.1916987225322955,-.4792468063307767E-01,-.4792468063307007E-01
515,1,784,.000000000000000,.000000000000000,-3.794872985661311,3.794872985661311
515,2,256,-7.589745971322909,15.17949194264582,-3.835369426147349,-3.754376545175560
515,3,10,-.8099288097208066E-01,.1619857619441613,-.4049644048603551E-01,-.4049644048604514E-01
516,1,784,.000000000000000,.000000000000000,-3.790757007427673,3.790757007427673
516,2,256,-7.581514014854664,15.16302802970933,-3.834625160044832,-3.746888854809834
516,3,10,-.8773630523432017E-01,.1754726104686403,-.4386815261715474E-01,-.4386815261716544E-01
517,1,784,.000000000000000,.000000000000000,-3.778778949983768,3.778778949983768
517,2,256,-7.557557899967112,15.11511579993422,-3.835511416085613,-3.722046483881497
517,3,10,-.1134649322036809,.2269298644073618,-.5673246610184716E-01,-.5673246610183373E-01
518,1,784,.000000000000000,.000000000000000,-3.789070661977692,3.789070661977692
518,2,256,-7.578141323955705,15.15628264791141,-3.834117753622749,-3.744023570332961
518,3,10,-.9009418329008438E-01,.1801883665801688,-.4504709164505781E-01,-.4504709164502656E-01
519,1,784,.000000000000000,.000000000000000,-3.787185106545193,3.787185106545193
519,2,256,-7.574370213090402,15.14874042618080,-3.831483797375145,-3.742886415715262
519,3,10,-.8859738165990652E-01,.1771947633198130,-.4429869082995673E-01,-.4429869082994979E-01
520,1,784,.000000000000000,.000000000000000,-3.784312815061780,3.784312815061780
520,2,256,-7.568625630122884,15.13725126024577,-3.835045406922432,-3.733580223200454
520,3,10,-.1014651837212971,.2029303674425942,-.5073259186064910E-01,-.5073259186064803E-01
521,1,784,.000000000000000,.000000000000000,-3.784284089990757,3.784284089990757
521,2,256,-7.568568179981897,15.13713635996379,-3.835353084555437,-3.733215095426465
521,3,10,-.1021379891293509,.2042759782587018,-.5106899456468018E-01,-.5106899456467069E-01
522,1,784,.000000000000000,.000000000000000,-3.774000380158045,3.774000380158045
522,2,256,-7.548000760316555,15.09600152063311,-3.829287455005331,-3.718713305311222
522,3,10,-.1105741496946080,.2211482993892161,-.5528707484728623E-01,-.5528707484732182E-01
523,1,784,.000000000000000,.000000000000000,-3.784986536863868,3.784986536863868
523,2,256,-7.569973073727487,15.13994614745497,-3.837121458396235,-3.732851615331252
523,3,10,-.1042698430647309,.2085396861294619,-.5213492153236620E-01,-.5213492153236472E-01
524,1,784,.000000000000000,.000000000000000,-3.774349663346629,3.774349663346629
524,2,256,-7.548699326692819,15.09739865338564,-3.831575714991360,-3.717123611701453
524,3,10,-.1144521032894583,.2289042065789165,-.5722605164473250E-01,-.5722605164472576E-01
525,1,784,.000000000000000,.000000000000000,-3.786433609211121,3.786433609211121
525,2,256,-7.572867218422188,15.14573443684438,-3.834954191137928,-3.737913027284267
525,3,10,-.9704116385358191E-01,.1940823277071638,-.4852058192680482E-01,-.4852058192677711E-01
526,1,784,.000000000000000,.000000000000000,-3.787893782654119,3.787893782654119
526,2,256,-7.575787565308177,15.15157513061635,-3.839187459740319,-3.736600105567855
526,3,10,-.1025873541724050,.2051747083448101,-.5129367708620142E-01,-.5129367708620360E-01
527,1,784,.000000000000000,.000000000000000,-3.777656605954335,3.777656605954335
527,2,256,-7.555313211908417,15.11062642381683,-3.829219050649451,-3.726094161258970
527,3,10,-.1031248893902222,.2062497787804443,-.5156244469511233E-01,-.5156244469510982E-01
528,1,784,.000000000000000,.000000000000000,-3.784281093612692,3.784281093612692
528,2,256,-7.568562187225287,15.13712437445057,-3.828718538948724,-3.739843648276565
528,3,10,-.8887489067205773E-01,.1777497813441155,-.4443744533602895E-01,-.4443744533602879E-01
529,1,784,.000000000000000,.000000000000000,-3.779136171452042,3.779136171452042
529,2,256,-7.558272342904308,15.11654468580862,-3.827258025102651,-3.731014317801658
529,3,10,-.9624370730120292E-01,.1924874146024058,-.4812185365061153E-01,-.4812185365059141E-01
530,1,784,.000000000000000,.000000000000000,-3.793430728791467,3.793430728791467
530,2,256,-7.586861457582646,15.17372291516529,-3.833599364415834,-3.753262093166815
530,3,10,-.8033727124874290E-01,.1606745424974858,-.4016863562437001E-01,-.4016863562437289E-01
531,1,784,.000000000000000,.000000000000000,-3.786437621249897,3.786437621249897
531,2,256,-7.572875242499134,15.14575048499827,-3.832751335397862,-3.740123907101270
531,3,10,-.9262742829593550E-01,.1852548565918710,-.4631371414796507E-01,-.4631371414797043E-01
532,1,784,.000000000000000,.000000000000000,-3.800366160789449,3.800366160789449
532,2,256,-7.600732321578770,15.20146464315754,-3.835780025649131,-3.764952295929640
532,3,10,-.7082772971937691E-01,.1416554594387538,-.3541386485968148E-01,-.3541386485969543E-01
533,1,784,.000000000000000,.000000000000000,-3.784836299789086,3.784836299789086
533,2,256,-7.569672599578501,15.13934519915700,-3.826559032187232,-3.743113567391264
533,3,10,-.8344546479625843E-01,.1668909295925169,-.4172273239814814E-01,-.4172273239811030E-01
534,1,784,.000000000000000,.000000000000000,-3.780868823548518,3.780868823548518
534,2,256,-7.561737647097847,15.12347529419569,-3.831760260920871,-3.729977386176978
534,3,10,-.1017828747447153,.2035657494894306,-.5089143737235623E-01,-.5089143737235906E-01
535,1,784,.000000000000000,.000000000000000,-3.791262868741204,3.791262868741204
535,2,256,-7.582525737482304,15.16505147496461,-3.832536612184992,-3.749989125297311
535,3,10,-.8254748688755949E-01,.1650949737751190,-.4127374344378886E-01,-.4127374344377063E-01
536,1,784,.000000000000000,.000000000000000,-3.796953502074333,3.796953502074333
536,2,256,-7.593907004148917,15.18781400829783,-3.839862509524022,-3.754044494624895
536,3,10,-.8581801489936908E-01,.1716360297987382,-.4290900744968549E-01,-.4290900744968358E-01
537,1,784,.000000000000000,.000000000000000,-3.789794557243360,3.789794557243360
537,2,256,-7.579589114487048,15.15917822897410,-3.831308511821685,-3.748280602665367
537,3,10,-.8302790915663018E-01,.1660558183132604,-.4151395457832191E-01,-.4151395457830827E-01
538,1,784,.000000000000000,.000000000000000,-3.790550527528749,3.790550527528749
538,2,256,-7.581101055056856,15.16220211011371,-3.833384366043884,-3.747716689012979
538,3,10,-.8566767703030459E-01,.1713353540606092,-.4283383851513593E-01,-.4283383851516866E-01
539,1,784,.000000000000000,.000000000000000,-3.789620445461777,3.789620445461777
539,2,256,-7.579240890923209,15.15848178184642,-3.833722379103936,-3.745518511819275
539,3,10,-.8820386728428578E-01,.1764077345685716,-.4410193364215511E-01,-.4410193364213066E-01
540,1,784,.000000000000000,.000000000000000,-3.787579422318565,3.787579422318565
540,2,256,-7.575158844637111,15.15031768927422,-3.833514949908669,-3.741643894728442
540,3,10,-.9187105518019149E-01,.1837421103603830,-.4593552759010278E-01,-.4593552759008873E-01
541,1,784,.000000000000000,.000000000000000,-3.788614571688491,3.788614571688491
541,2,256,-7.577229143376814,15.15445828675363,-3.837254858499269,-3.739974284877547
541,3,10,-.9728057362151278E-01,.1945611472430256,-.4864028681077389E-01,-.4864028681073890E-01
542,1,784,.000000000000000,.000000000000000,-3.789026742847202,3.789026742847202
542,2,256,-7.578053485694523,15.15610697138905,-3.836029596139787,-3.742023889554733
542,3,10,-.9400570658519110E-01,.1880114131703822,-.4700285329258669E-01,-.4700285329260439E-01
543,1,784,.000000000000000,.000000000000000,-3.781167635652646,3.781167635652646
543,2,256,-7.562335271305146,15.12467054261029,-3.830317808212270,-3.732017463092871
543,3,10,-.9830034511923415E-01,.1966006902384683,-.4915017255962290E-01,-.4915017255961126E-01
544,1,784,.000000000000000,.000000000000000,-3.780707978676711,3.780707978676711
544,2,256,-7.561415957352941,15.12283191470588,-3.832512182751513,-3.728903774601429
544,3,10,-.1036084081496089,.2072168162992179,-.5180420407479598E-01,-.5180420407481297E-01
545,1,784,.000000000000000,.000000000000000,-3.778227821609342,3.778227821609342
545,2,256,-7.556455643218882,15.11291128643776,-3.831575636886165,-3.724880006332714
545,3,10,-.1066956305536629,.2133912611073259,-.5334781527682256E-01,-.5334781527684037E-01
546,1,784,.000000000000000,.000000000000000,-3.789263523254202,3.789263523254202
546,2,256,-7.578527046508143,15.15705409301629,-3.837819562457364,-3.740707484050777
546,3,10,-.9711207840630987E-01,.1942241568126197,-.4855603920316426E-01,-.4855603920314561E-01
547,1,784,.000000000000000,.000000000000000,-3.787471210968053,3.787471210968053
547,2,256,-7.574942421936159,15.14988484387232,-3.837507611231672,-3.737434810704481
547,3,10,-.1000728005272462,.2001456010544923,-.5003640026362510E-01,-.5003640026362104E-01
548,1,784,.000000000000000,.000000000000000,-3.776659745381016,3.776659745381016
548,2,256,-7.553319490761742,15.10663898152348,-3.833248516742948,-3.720070974018791
548,3,10,-.1131775427238659,.2263550854477318,-.5658877136193459E-01,-.5658877136193129E-01
549,1,784,.000000000000000,.000000000000000,-3.787591800450917,3.787591800450917
549,2,256,-7.575183600902331,15.15036720180466,-3.836220773825620,-3.738962827076708
549,3,10,-.9725794674942764E-01,.1945158934988553,-.4862897337470436E-01,-.4862897337472328E-01
550,1,784,.000000000000000,.000000000000000,-3.785886887047051,3.785886887047051
550,2,256,-7.571773774094161,15.14354754818832,-3.829937623731581,-3.741836150362571
550,3,10,-.8810147336896895E-01,.1762029467379379,-.4405073668452746E-01,-.4405073668444148E-01
551,1,784,.000000000000000,.000000000000000,-3.791691388611455,3.791691388611455
551,2,256,-7.583382777223193,15.16676555444639,-3.836145706515551,-3.747237070707638
551,3,10,-.8890863580821624E-01,.1778172716164325,-.4445431790409579E-01,-.4445431790412045E-01
552,1,784,.000000000000000,.000000000000000,-3.783216916803968,3.783216916803968
552,2,256,-7.566433833608293,15.13286766721659,-3.830944314572555,-3.735489519035734
552,3,10,-.9545479553719824E-01,.1909095910743965,-.4772739776859009E-01,-.4772739776860815E-01
553,1,784,.000000000000000,.000000000000000,-3.782513596997285,3.782513596997285
553,2,256,-7.565027193995275,15.13005438799055,-3.837060075755100,-3.727967118240176
553,3,10,-.1090929575156234,.2181859150312467,-.5454647875781395E-01,-.5454647875780940E-01
554,1,784,.000000000000000,.000000000000000,-3.782641486726465,3.782641486726465
554,2,256,-7.565282973452988,15.13056594690598,-3.832692250742091,-3.732590722710895
554,3,10,-.1001015280312487,.2002030560624975,-.5005076401562480E-01,-.5005076401562395E-01
555,1,784,.000000000000000,.000000000000000,-3.792777772623034,3.792777772623034
555,2,256,-7.585555545245689,15.17111109049138,-3.837290710775435,-3.748264834470256
555,3,10,-.8902587630481944E-01,.1780517526096389,-.4451293815240292E-01,-.4451293815241653E-01
556,1,784,.000000000000000,.000000000000000,-3.791751905106515,3.791751905106515
556,2,256,-7.583503810213007,15.16700762042601,-3.833620002203059,-3.749883808009938
556,3,10,-.8373619419310704E-01,.1674723883862141,-.4186809709654324E-01,-.4186809709656379E-01
557,1,784,.000000000000000,.000000000000000,-3.795229331509000,3.795229331509000
557,2,256,-7.590458663018561,15.18091732603712,-3.836441269054780,-3.754017393963772
557,3,10,-.8242387509153057E-01,.1648477501830611,-.4121193754577606E-01,-.4121193754575449E-01
558,1,784,.000000000000000,.000000000000000,-3.773197786819370,3.773197786819370
558,2,256,-7.546395573638560,15.09279114727712,-3.837335645916280,-3.709059927722283
558,3,10,-.1282757181938210,.2565514363876421,-.6413785909690857E-01,-.6413785909691246E-01
559,1,784,.000000000000000,.000000000000000,-3.802003975572190,3.802003975572190
559,2,256,-7.604007951144188,15.20801590228838,-3.840698603950266,-3.763309347193928
559,3,10,-.7738925675613807E-01,.1547785135122761,-.3869462837806915E-01,-.3869462837806891E-01
560,1,784,.000000000000000,.000000000000000,-3.775467322352910,3.775467322352910
560,2,256,-7.550934644706303,15.10186928941261,-3.830495588876199,-3.720439055830106
560,3,10,-.1100565330465560,.2201130660931120,-.5502826652328608E-01,-.5502826652326993E-01
561,1,784,.000000000000000,.000000000000000,-3.782871297564186,3.782871297564186
561,2,256,-7.565742595127963,15.13148519025593,-3.829988874110523,-3.735753721017441
561,3,10,-.9423515309265064E-01,.1884703061853013,-.4711757654633532E-01,-.4711757654631533E-01
562,1,784,.000000000000000,.000000000000000,-3.775085973962892,3.775085973962892
562,2,256,-7.550171947926192,15.10034389585238,-3.831815282508128,-3.718356665418062
562,3,10,-.1134586170905115,.2269172341810229,-.5672930854524063E-01,-.5672930854527083E-01
563,1,784,.000000000000000,.000000000000000,-3.800655369127746,3.800655369127746
563,2,256,-7.601310738255609,15.20262147651122,-3.837407685585654,-3.763903052669954
563,3,10,-.7350463291585245E-01,.1470092658317049,-.3675231645791575E-01,-.3675231645793669E-01
564,1,784,.000000000000000,.000000000000000,-3.798647482580982,3.798647482580982
564,2,256,-7.597294965161996,15.19458993032399,-3.835554756499877,-3.761740208662124
564,3,10,-.7381454783779312E-01,.1476290956755862,-.3690727391889635E-01,-.3690727391889677E-01
565,1,784,.000000000000000,.000000000000000,-3.788849087571580,3.788849087571580
565,2,256,-7.577698175142705,15.15539635028541,-3.833705104417556,-3.743993070725145
565,3,10,-.8971203369193914E-01,.1794240673838783,-.4485601684597396E-01,-.4485601684596517E-01
566,1,784,.000000000000000,.000000000000000,-3.795602620593375,3.795602620593375
566,2,256,-7.591205241186613,15.18241048237323,-3.838318438129424,-3.752886803057178
566,3,10,-.8543163507214271E-01,.1708632701442854,-.4271581753604627E-01,-.4271581753609646E-01
567,1,784,.000000000000000,.000000000000000,-3.786784158739965,3.786784158739965
567,2,256,-7.573568317479932,15.14713663495986,-3.835705992732252,-3.737862324747685
567,3,10,-.9784366798459423E-01,.1956873359691885,-.4892183399228321E-01,-.4892183399231104E-01
568,1,784,.000000000000000,.000000000000000,-3.800170947607572,3.800170947607572
568,2,256,-7.600341895214973,15.20068379042995,-3.837798085388886,-3.762543809826087
568,3,10,-.7525427556267079E-01,.1505085511253416,-.3762713778131375E-01,-.3762713778135704E-01
569,1,784,.000000000000000,.000000000000000,-3.782099289377788,3.782099289377788
569,2,256,-7.564198578756224,15.12839715751245,-3.831382542304834,-3.732816036451386
569,3,10,-.9856650585409454E-01,.1971330117081891,-.4928325292704572E-01,-.4928325292704883E-01
570,1,784,.000000000000000,.000000000000000,-3.777647445374163,3.777647445374163
570,2,256,-7.555294890748391,15.11058978149678,-3.829226852308896,-3.726068038439491
570,3,10,-.1031588138694514,.2063176277389027,-.5157940693473020E-01,-.5157940693472116E-01
571,1,784,.000000000000000,.000000000000000,-3.789754014798101,3.789754014798101
571,2,256,-7.579508029595670,15.15901605919134,-3.838887654267003,-3.740620375328667
571,3,10,-.9826727893778305E-01,.1965345578755661,-.4913363946890346E-01,-.4913363946887959E-01
572,1,784,.000000000000000,.000000000000000,-3.779140691923566,3.779140691923566
572,2,256,-7.558281383847383,15.11656276769477,-3.833227379196333,-3.725054004651052
572,3,10,-.1081733745454945,.2163467490909889,-.5408668727275821E-01,-.5408668727273624E-01
573,1,784,.000000000000000,.000000000000000,-3.786341014038891,3.786341014038891
573,2,256,-7.572682028077895,15.14536405615579,-3.830315604540249,-3.742366423537652
573,3,10,-.8794918100273501E-01,.1758983620054700,-.4397459050135977E-01,-.4397459050137522E-01
574,1,784,.000000000000000,.000000000000000,-3.785056407134342,3.785056407134342
574,2,256,-7.570112814268414,15.14022562853683,-3.828800958680936,-3.741311855587480
574,3,10,-.8748910309318796E-01,.1749782061863759,-.4374455154659682E-01,-.4374455154659113E-01
575,1,784,.000000000000000,.000000000000000,-3.788123639979741,3.788123639979741
575,2,256,-7.576247279959000,15.15249455991800,-3.832472758536078,-3.743774521422918
575,3,10,-.8869823711270365E-01,.1773964742254073,-.4434911855633426E-01,-.4434911855636940E-01
576,1,784,.000000000000000,.000000000000000,-3.798486892956517,3.798486892956517
576,2,256,-7.596973785912932,15.19394757182586,-3.837596302774207,-3.759377483138721
576,3,10,-.7821881963538609E-01,.1564376392707722,-.3910940981769318E-01,-.3910940981769290E-01
577,1,784,.000000000000000,.000000000000000,-3.789098280315207,3.789098280315207
577,2,256,-7.578196560630310,15.15639312126062,-3.834950555408817,-3.743246005221490
577,3,10,-.9170455018720153E-01,.1834091003744031,-.4585227509361411E-01,-.4585227509358740E-01
578,1,784,.000000000000000,.000000000000000,-3.781850528791200,3.781850528791200
578,2,256,-7.563701057582438,15.12740211516488,-3.834631449831400,-3.729069607751041
578,3,10,-.1055618420804342,.2111236841608684,-.5278092104019735E-01,-.5278092104023682E-01
579,1,784,.000000000000000,.000000000000000,-3.776372430161363,3.776372430161363
579,2,256,-7.552744860323039,15.10548972064608,-3.828861800948050,-3.723883059374996
579,3,10,-.1049787415733914,.2099574831467828,-.5248937078668774E-01,-.5248937078670367E-01
580,1,784,.000000000000000,.000000000000000,-3.782750753031284,3.782750753031284
580,2,256,-7.565501506062476,15.13100301212495,-3.832022772275018,-3.733478733787466
580,3,10,-.9854403848752075E-01,.1970880769750415,-.4927201924373881E-01,-.4927201924378193E-01
581,1,784,.000000000000000,.000000000000000,-3.774446530321326,3.774446530321326
581,2,256,-7.548893060642111,15.09778612128422,-3.833788983735174,-3.715104076906935
581,3,10,-.1186849068276790,.2373698136553579,-.5934245341384581E-01,-.5934245341383316E-01
582,1,784,.000000000000000,.000000000000000,-3.782836992192564,3.782836992192564
582,2,256,-7.565673984384733,15.13134796876947,-3.831939199528796,-3.733734784855935
582,3,10,-.9820441467248833E-01,.1964088293449767,-.4910220733623272E-01,-.4910220733625563E-01
583,1,784,.000000000000000,.000000000000000,-3.788799544349830,3.788799544349830
583,2,256,-7.577599088699673,15.15519817739935,-3.834909515376659,-3.742689573323016
583,3,10,-.9221994205367742E-01,.1844398841073548,-.4610997102683069E-01,-.4610997102684672E-01
584,1,784,.000000000000000,.000000000000000,-3.789853232325575,3.789853232325575
584,2,256,-7.579706464651214,15.15941292930243,-3.832393156921801,-3.747313307729417
584,3,10,-.8507984919246850E-01,.1701596983849370,-.4253992459622290E-01,-.4253992459624559E-01
585,1,784,.000000000000000,.000000000000000,-3.792254357637401,3.792254357637401
585,2,256,-7.584508715274953,15.16901743054991,-3.834714015356664,-3.749794699918291
585,3,10,-.8491931543853735E-01,.1698386308770747,-.4245965771926482E-01,-.4245965771927254E-01
586,1,784,.000000000000000,.000000000000000,-3.781567158745815,3.781567158745815
586,2,256,-7.563134317491565,15.12626863498313,-3.834125051926165,-3.729009265565397
586,3,10,-.1051157863607180,.2102315727214359,-.5255789318035093E-01,-.5255789318036704E-01
587,1,784,.000000000000000,.000000000000000,-3.798351726244408,3.798351726244408
587,2,256,-7.596703452488781,15.19340690497756,-3.833815898308941,-3.762887554179836
587,3,10,-.7092834412903790E-01,.1418566882580758,-.3546417206453391E-01,-.3546417206450399E-01
588,1,784,.000000000000000,.000000000000000,-3.780269542254477,3.780269542254477
588,2,256,-7.560539084508161,15.12107816901632,-3.831024154673235,-3.729514929834924
588,3,10,-.1015092248375286,.2030184496750572,-.5075461241875948E-01,-.5075461241876912E-01
589,1,784,.000000000000000,.000000000000000,-3.787356978059736,3.787356978059736
589,2,256,-7.574713956120205,15.14942791224041,-3.833572660473700,-3.741141295646504
589,3,10,-.9243136482792368E-01,.1848627296558474,-.4621568241396303E-01,-.4621568241396063E-01
590,1,784,.000000000000000,.000000000000000,-3.785853446773385,3.785853446773385
590,2,256,-7.571706893547086,15.14341378709417,-3.829646695508135,-3.742060198038951
590,3,10,-.8758649746947751E-01,.1751729949389550,-.4379324873474950E-01,-.4379324873472801E-01
591,1,784,.000000000000000,.000000000000000,-3.797612275664733,3.797612275664733
591,2,256,-7.595224551329497,15.19044910265899,-3.837274047156210,-3.757950504173285
591,3,10,-.7932354298297684E-01,.1586470859659537,-.3966177149147829E-01,-.3966177149149853E-01
592,1,784,.000000000000000,.000000000000000,-3.783016334751814,3.783016334751814
592,2,256,-7.566032669503644,15.13206533900729,-3.834373685229599,-3.731658984274041
592,3,10,-.1027147009555486,.2054294019110972,-.5135735047778588E-01,-.5135735047776269E-01
593,1,784,.000000000000000,.000000000000000,-3.788756149949610,3.788756149949610
593,2,256,-7.577512299899099,15.15502459979820,-3.835098542205880,-3.742413757693216
593,3,10,-.9268478451255123E-01,.1853695690251025,-.4634239225626937E-01,-.4634239225628187E-01
594,1,784,.000000000000000,.000000000000000,-3.772760005090684,3.772760005090684
594,2,256,-7.545520010182286,15.09104002036457,-3.831626597384695,-3.713893412797590
594,3,10,-.1177331845880295,.2354663691760591,-.5886659229401472E-01,-.5886659229401481E-01
595,1,784,.000000000000000,.000000000000000,-3.785280650380705,3.785280650380705
595,2,256,-7.570561300761454,15.14112260152291,-3.831416786996340,-3.739144513765106
595,3,10,-.9227227323127832E-01,.1845445464625566,-.4613613661563985E-01,-.4613613661563848E-01
596,1,784,.000000000000000,.000000000000000,-3.794028850253158,3.794028850253158
596,2,256,-7.588057700505974,15.17611540101195,-3.838413368444360,-3.749644332061613
596,3,10,-.8876903638240899E-01,.1775380727648180,-.4438451819120184E-01,-.4438451819120715E-01
597,1,784,.000000000000000,.000000000000000,-3.802682724737410,3.802682724737410
597,2,256,-7.605365449475186,15.21073089895037,-3.837448630050730,-3.767916819424463
597,3,10,-.6953181062667334E-01,.1390636212533467,-.3476590531332537E-01,-.3476590531334798E-01
598,1,784,.000000000000000,.000000000000000,-3.791241600627374,3.791241600627374
598,2,256,-7.582483201255143,15.16496640251029,-3.836448684651070,-3.746034516604075
598,3,10,-.9041416804740304E-01,.1808283360948061,-.4520708402369716E-01,-.4520708402370587E-01
599,1,784,.000000000000000,.000000000000000,-3.787209709678358,3.787209709678358
599,2,256,-7.574419419357243,15.14883883871449,-3.833709620027422,-3.740709799329815
599,3,10,-.9299982069819529E-01,.1859996413963906,-.4649991034906908E-01,-.4649991034912621E-01
600,1,784,.000000000000000,.000000000000000,-3.770447747435854,3.770447747435854
600,2,256,-7.540895494872023,15.08179098974405,-3.831142357145630,-3.709753137726389
600,3,10,-.1213892194195322,.2427784388390644,-.6069460970977757E-01,-.6069460970975460E-01
601,1,784,.000000000000000,.000000000000000,-3.792542051022061,3.792542051022061
601,2,256,-7.585084102044375,15.17016820408875,-3.834376361038057,-3.750707741006323
601,3,10,-.8366862003200827E-01,.1673372400640165,-.4183431001599895E-01,-.4183431001600933E-01
602,1,784,.000000000000000,.000000000000000,-3.789884227846198,3.789884227846198
602,2,256,-7.579768455691820,15.15953691138364,-3.833997865336233,-3.745770590355587
602,3,10,-.8822727498007685E-01,.1764545499601537,-.4411363749004085E-01,-.4411363749003600E-01
603,1,784,.000000000000000,.000000000000000,-3.786576729944719,3.786576729944719
603,2,256,-7.573153459889664,15.14630691977933,-3.832972912486080,-3.740180547403584
603,3,10,-.9279236508269839E-01,.1855847301653968,-.4639618254136343E-01,-.4639618254133496E-01
604,1,784,.000000000000000,.000000000000000,-3.790844831663887,3.790844831663887
604,2,256,-7.581689663328218,15.16337932665644,-3.833804991161124,-3.747884672167091
604,3,10,-.8592031899447178E-01,.1718406379889436,-.4296015949723327E-01,-.4296015949723852E-01
605,1,784,.000000000000000,.000000000000000,-3.788753026038485,3.788753026038485
605,2,256,-7.577506052077359,15.15501210415472,-3.835628982811129,-3.741877069266228
605,3,10,-.9375191354528753E-01,.1875038270905751,-.4687595677264444E-01,-.4687595677264307E-01
606,1,784,.000000000000000,.000000000000000,-3.795624062126154,3.795624062126154
606,2,256,-7.591248124252258,15.18249624850452,-3.835030056534199,-3.756218067718062
606,3,10,-.7881198881610735E-01,.1576239776322147,-.3940599440803820E-01,-.3940599440806914E-01
607,1,784,.000000000000000,.000000000000000,-3.783665570580290,3.783665570580290
607,2,256,-7.567331141160757,15.13466228232151,-3.831848617888698,-3.735482523272056
607,3,10,-.9636609461683496E-01,.1927321892336699,-.4818304730840516E-01,-.4818304730842980E-01
608,1,784,.000000000000000,.000000000000000,-3.773887236638696,3.773887236638696
608,2,256,-7.547774473277308,15.09554894655462,-3.826782623004792,-3.720991850272511
608,3,10,-.1057907727321978,.2115815454643957,-.5289538636609668E-01,-.5289538636610115E-01
609,1,784,.000000000000000,.000000000000000,-3.779140402487625,3.779140402487625
609,2,256,-7.558280804975266,15.11656160995053,-3.826492583403660,-3.731788221571602
609,3,10,-.9470436183206796E-01,.1894087236641359,-.4735218091603160E-01,-.4735218091603639E-01
610,1,784,.000000000000000,.000000000000000,-3.786993230616035,3.786993230616035
610,2,256,-7.573986461232476,15.14797292246495,-3.835423091654998,-3.738563369577474
610,3,10,-.9685972207791271E-01,.1937194441558254,-.4842986103896473E-01,-.4842986103894799E-01
611,1,784,.000000000000000,.000000000000000,-3.785561681625418,3.785561681625418
611,2,256,-7.571123363251466,15.14224672650293,-3.837186718379247,-3.733936644872214
611,3,10,-.1032500735076732,.2065001470153464,-.5162503675383089E-01,-.5162503675384229E-01
612,1,784,.000000000000000,.000000000000000,-3.785351547687287,3.785351547687287
612,2,256,-7.570703095374768,15.14140619074954,-3.831803308902650,-3.738899786472121
612,3,10,-.9290352243068875E-01,.1858070448613775,-.4645176121535975E-01,-.4645176121532901E-01
613,1,784,.000000000000000,.000000000000000,-3.784164614608899,3.784164614608899
613,2,256,-7.568329229218117,15.13665845843623,-3.829467826398615,-3.738861402819499
613,3,10,-.9060642357940971E-01,.1812128471588194,-.4530321178971933E-01,-.4530321178969038E-01
614,1,784,.000000000000000,.000000000000000,-3.792743861040354,3.792743861040354
614,2,256,-7.585487722080446,15.17097544416089,-3.835189347435726,-3.750298374644724
614,3,10,-.8489097279070182E-01,.1697819455814036,-.4244548639537477E-01,-.4244548639532706E-01
615,1,784,.000000000000000,.000000000000000,-3.788402533526640,3.788402533526640
615,2,256,-7.576805067053064,15.15361013410613,-3.833136790576656,-3.743668276476411
615,3,10,-.8946851410002415E-01,.1789370282000483,-.4473425705001460E-01,-.4473425705000952E-01
616,1,784,.000000000000000,.000000000000000,-3.785039426281527,3.785039426281527
616,2,256,-7.570078852562436,15.14015770512487,-3.837888755463533,-3.732190097098909
616,3,10,-.1056986583640342,.2113973167280683,-.5284932918200356E-01,-.5284932918203063E-01
617,1,784,.000000000000000,.000000000000000,-3.788170273061792,3.788170273061792
617,2,256,-7.576340546123723,15.15268109224745,-3.831542619358924,-3.744797926764799
617,3,10,-.8674469259422822E-01,.1734893851884564,-.4337234629712760E-01,-.4337234629710062E-01
618,1,784,.000000000000000,.000000000000000,-3.792223600789466,3.792223600789466
618,2,256,-7.584447201578707,15.16889440315741,-3.835914324136986,-3.748532877441715
618,3,10,-.8738144669506898E-01,.1747628933901380,-.4369072334752758E-01,-.4369072334754138E-01
619,1,784,.000000000000000,.000000000000000,-3.790956899720982,3.790956899720982
619,2,256,-7.581913799441922,15.16382759888384,-3.834437679052817,-3.747476120389102
619,3,10,-.8696155866367335E-01,.1739231173273467,-.4348077933183584E-01,-.4348077933183751E-01
620,1,784,.000000000000000,.000000000000000,-3.797311830593369,3.797311830593369
620,2,256,-7.594623661186620,15.18924732237324,-3.836676104143198,-3.757947557043420
620,3,10,-.7872854709964884E-01,.1574570941992977,-.3936427354982736E-01,-.3936427354982149E-01
621,1,784,.000000000000000,.000000000000000,-3.792202726285670,3.792202726285670
621,2,256,-7.584405452571382,15.16881090514276,-3.833759855583157,-3.750645596988226
621,3,10,-.8311425859494050E-01,.1662285171898810,-.4155712929749168E-01,-.4155712929744880E-01
622,1,784,.000000000000000,.000000000000000,-3.782550841388883,3.782550841388883
622,2,256,-7.565101682776898,15.13020336555380,-3.840172538342455,-3.724929144434437
622,3,10,-.1152433939071505,.2304867878143010,-.5762169695357536E-01,-.5762169695357514E-01
623,1,784,.000000000000000,.000000000000000,-3.790851599945706,3.790851599945706
623,2,256,-7.581703199891100,15.16340639978220,-3.835510021987225,-3.746193177903875
623,3,10,-.8931684408304300E-01,.1786336881660860,-.4465842204151940E-01,-.4465842204152358E-01
624,1,784,.000000000000000,.000000000000000,-3.777217113248762,3.777217113248762
624,2,256,-7.554434226497246,15.10886845299449,-3.829130984634864,-3.725303241862381
624,3,10,-.1038277427721948,.2076554855443896,-.5191387138610089E-01,-.5191387138609388E-01
625,1,784,.000000000000000,.000000000000000,-3.776995676605430,3.776995676605430
625,2,256,-7.553991353211416,15.10798270642283,-3.829073575039633,-3.724917778171780
625,3,10,-.1041557968684334,.2083115937368668,-.5207789843420569E-01,-.5207789843422772E-01
626,1,784,.000000000000000,.000000000000000,-3.779690960626243,3.779690960626243
626,2,256,-7.559381921252180,15.11876384250436,-3.830996140847327,-3.728385780404855
626,3,10,-.1026103604421560,.2052207208843120,-.5130518022108408E-01,-.5130518022107193E-01
627,1,784,.000000000000000,.000000000000000,-3.787888474569808,3.787888474569808
627,2,256,-7.575776949139446,15.15155389827889,-3.832108501388822,-3.743668447750625
627,3,10,-.8844005363802693E-01,.1768801072760539,-.4422002681901129E-01,-.4422002681901563E-01
628,1,784,.000000000000000,.000000000000000,-3.796939648570703,3.796939648570703
628,2,256,-7.593879297141212,15.18775859428242,-3.837927584175542,-3.755951712965667
628,3,10,-.8197587120969750E-01,.1639517424193950,-.4098793560484447E-01,-.4098793560485302E-01
629,1,784,.000000000000000,.000000000000000,-3.788534403674133,3.788534403674133
629,2,256,-7.577068807348527,15.15413761469705,-3.834485740266708,-3.742583067081819
629,3,10,-.9190267318518500E-01,.1838053463703700,-.4595133659257413E-01,-.4595133659261087E-01
630,1,784,.000000000000000,.000000000000000,-3.781200837866057,3.781200837866057
630,2,256,-7.562401675732282,15.12480335146456,-3.835453734707766,-3.726947941024516
630,3,10,-.1085057936834393,.2170115873668786,-.5425289684170651E-01,-.5425289684173278E-01
631,1,784,.000000000000000,.000000000000000,-3.774268566964434,3.774268566964434
631,2,256,-7.548537133929403,15.09707426785881,-3.836324952874540,-3.712212181054860
631,3,10,-.1241127718202083,.2482255436404167,-.6205638591010355E-01,-.6205638591010479E-01
632,1,784,.000000000000000,.000000000000000,-3.789203514076091,3.789203514076091
632,2,256,-7.578407028152351,15.15681405630470,-3.830089133470673,-3.748317894681673
632,3,10,-.8177123878920110E-01,.1635424775784022,-.4088561939458903E-01,-.4088561939461209E-01
633,1,784,.000000000000000,.000000000000000,-3.773787910449773,3.773787910449773
633,2,256,-7.547575820899832,15.09515164179966,-3.834428139743588,-3.713147681156243
633,3,10,-.1212804585875839,.2425609171751677,-.6064022929381805E-01,-.6064022929376581E-01
634,1,784,.000000000000000,.000000000000000,-3.788300547599681,3.788300547599681
634,2,256,-7.576601095199907,15.15320219039981,-3.835000306671932,-3.741600788527974
634,3,10,-.9339951814448889E-01,.1867990362889778,-.4669975907225372E-01,-.4669975907223518E-01
635,1,784,.000000000000000,.000000000000000,-3.792076927336746,3.792076927336746
635,2,256,-7.584153854673994,15.16830770934799,-3.835718471608733,-3.748435383065260
635,3,10,-.8728308854395016E-01,.1745661770879003,-.4364154427199020E-01,-.4364154427195996E-01
636,1,784,.000000000000000,.000000000000000,-3.779981655584292,3.779981655584292
636,2,256,-7.559963311168682,15.11992662233736,-3.828629252674855,-3.731334058493827
636,3,10,-.9729519418113819E-01,.1945903883622764,-.4864759709056361E-01,-.4864759709057457E-01
637,1,784,.000000000000000,.000000000000000,-3.782130552584552,3.782130552584552
637,2,256,-7.564261105168804,15.12852221033761,-3.834396703257756,-3.729864401911052
637,3,10,-.1045323013464292,.2090646026928583,-.5226615067319672E-01,-.5226615067323245E-01
638,1,784,.000000000000000,.000000000000000,-3.787296659105092,3.787296659105092
638,2,256,-7.574593318210646,15.14918663642129,-3.832573449310134,-3.742019868900512
638,3,10,-.9055358041009184E-01,.1811071608201837,-.4527679020503907E-01,-.4527679020505277E-01
639,1,784,.000000000000000,.000000000000000,-3.786724456625958,3.786724456625958
639,2,256,-7.573448913251736,15.14689782650347,-3.832082390179284,-3.741366523072450
639,3,10,-.9071586710666787E-01,.1814317342133357,-.4535793355332544E-01,-.4535793355334242E-01
640,1,784,.000000000000000,.000000000000000,-3.798066751247789,3.798066751247789
640,2,256,-7.596133502495434,15.19226700499087,-3.836846149082955,-3.759287353412478
640,3,10,-.7755879567035338E-01,.1551175913407068,-.3877939783516544E-01,-.3877939783518794E-01
641,1,784,.000000000000000,.000000000000000,-3.781205577205688,3.781205577205688
641,2,256,-7.562411154411415,15.12482230882283,-3.835354698430911,-3.727056455980509
641,3,10,-.1082982424504348,.2165964849008696,-.5414912122522281E-01,-.5414912122521196E-01
642,1,784,.000000000000000,.000000000000000,-3.788879350519918,3.788879350519918
642,2,256,-7.577758701040261,15.15551740208052,-3.832019726416537,-3.745738974623728
642,3,10,-.8628075179323408E-01,.1725615035864682,-.4314037589661055E-01,-.4314037589662352E-01
643,1,784,.000000000000000,.000000000000000,-3.780866501379990,3.780866501379990
643,2,256,-7.561733002760075,15.12346600552015,-3.831153131667147,-3.730579871092933
643,3,10,-.1005732605743015,.2011465211486030,-.5028663028715560E-01,-.5028663028714592E-01
644,1,784,.000000000000000,.000000000000000,-3.780040265735076,3.780040265735076
644,2,256,-7.560080531470019,15.12016106294004,-3.833613056353504,-3.726467475116519
644,3,10,-.1071455812368370,.2142911624736741,-.5357279061842569E-01,-.5357279061841132E-01
645,1,784,.000000000000000,.000000000000000,-3.789527465804103,3.789527465804103
645,2,256,-7.579054931608386,15.15810986321677,-3.833259474117888,-3.745795457490502
645,3,10,-.8746401662756043E-01,.1749280332551209,-.4373200831377798E-01,-.4373200831378245E-01
646,1,784,.000000000000000,.000000000000000,-3.780492339685003,3.780492339685003
646,2,256,-7.560984679369791,15.12196935873958,-3.833854163766163,-3.727130515603624
646,3,10,-.1067236481622895,.2134472963245791,-.5336182408116338E-01,-.5336182408112618E-01
647,1,784,.000000000000000,.000000000000000,-3.778999121556081,3.778999121556081
647,2,256,-7.557998243112467,15.11599648622493,-3.828744440408471,-3.729253802703988
647,3,10,-.9949063770479590E-01,.1989812754095918,-.4974531885239498E-01,-.4974531885240092E-01
648,1,784,.000000000000000,.000000000000000,-3.783542980537578,3.783542980537578
648,2,256,-7.567085961075069,15.13417192215014,-3.830739790443828,-3.736346170631243
648,3,10,-.9439361981249317E-01,.1887872396249863,-.4719680990624257E-01,-.4719680990625059E-01
649,1,784,.000000000000000,.000000000000000,-3.789294548708048,3.789294548708048
649,2,256,-7.578589097416095,15.15717819483219,-3.835935682557339,-3.742653414858759
649,3,10,-.9328226769860842E-01,.1865645353972168,-.4664113384929645E-01,-.4664113384931198E-01
650,1,784,.000000000000000,.000000000000000,-3.770778207555732,3.770778207555732
650,2,256,-7.541556415111726,15.08311283022345,-3.830664419119329,-3.710891995992393
650,3,10,-.1197724231272099,.2395448462544199,-.5988621156360101E-01,-.5988621156360891E-01
651,1,784,.000000000000000,.000000000000000,-3.782153575437916,3.782153575437916
651,2,256,-7.564307150875789,15.12861430175158,-3.830789058836062,-3.733518092039728
651,3,10,-.9727096679628970E-01,.1945419335925794,-.4863548339814637E-01,-.4863548339814332E-01
652,1,784,.000000000000000,.000000000000000,-3.785974165388104,3.785974165388104
652,2,256,-7.571948330776264,15.14389666155253,-3.835952141275856,-3.735996189500408
652,3,10,-.9995595177554033E-01,.1999119035510807,-.4997797588775366E-01,-.4997797588778665E-01
653,1,784,.000000000000000,.000000000000000,-3.785335283196832,3.785335283196832
653,2,256,-7.570670566394155,15.14134113278831,-3.836623346732260,-3.734047219661896
653,3,10,-.1025761270708570,.2051522541417140,-.5128806353542573E-01,-.5128806353543127E-01
654,1,784,.000000000000000,.000000000000000,-3.788927611013964,3.788927611013964
654,2,256,-7.577855222028189,15.15571044405638,-3.835847511158581,-3.742007710869603
654,3,10,-.9383980028924602E-01,.1876796005784920,-.4691990014461943E-01,-.4691990014462658E-01
655,1,784,.000000000000000,.000000000000000,-3.791531050302559,3.791531050302559
655,2,256,-7.583062100605206,15.16612420121041,-3.834131208580654,-3.748930892024550
655,3,10,-.8520031655618217E-01,.1704006331123643,-.4260015827809651E-01,-.4260015827808566E-01
656,1,784,.000000000000000,.000000000000000,-3.783262390845521,3.783262390845521
656,2,256,-7.566524781690849,15.13304956338170,-3.833864181984461,-3.732660599706384
656,3,10,-.1012035822778821,.2024071645557643,-.5060179113894286E-01,-.5060179113893929E-01
657,1,784,.000000000000000,.000000000000000,-3.796444757546690,3.796444757546690
657,2,256,-7.592889515093699,15.18577903018740,-3.844349215331857,-3.748540299761842
657,3,10,-.9580891557033661E-01,.1916178311406732,-.4790445778516517E-01,-.4790445778517143E-01
658,1,784,.000000000000000,.000000000000000,-3.796957277777024,3.796957277777024
658,2,256,-7.593914555553679,15.18782911110736,-3.838400865076709,-3.755513690476977
658,3,10,-.8288717459933977E-01,.1657743491986795,-.4144358729968833E-01,-.4144358729965143E-01
659,1,784,.000000000000000,.000000000000000,-3.785000078213364,3.785000078213364
659,2,256,-7.570000156426969,15.14000031285394,-3.836981407519602,-3.733018748907374
659,3,10,-.1039626586124392,.2079253172248784,-.5198132930623695E-01,-.5198132930620227E-01
660,1,784,.000000000000000,.000000000000000,-3.791659175241936,3.791659175241936
660,2,256,-7.583318350483588,15.16663670096718,-3.838045454851830,-3.745272895631763
660,3,10,-.9277255921984270E-01,.1855451184396854,-.4638627960989701E-01,-.4638627960994569E-01
661,1,784,.000000000000000,.000000000000000,-3.797639909084122,3.797639909084122
661,2,256,-7.595279818168010,15.19055963633602,-3.838694386306857,-3.756585431861153
661,3,10,-.8210895444547411E-01,.1642179088909482,-.4105447722273782E-01,-.4105447722273629E-01
662,1,784,.000000000000000,.000000000000000,-3.790599001226968,3.790599001226968
662,2,256,-7.581198002453477,15.16239600490695,-3.836844720200539,-3.744353282252948
662,3,10,-.9249143794713507E-01,.1849828758942701,-.4624571897357056E-01,-.4624571897356452E-01
663,1,784,.000000000000000,.000000000000000,-3.792055335441386,3.792055335441386
663,2,256,-7.584110670882747,15.16822134176549,-3.832890643627485,-3.751220027255258
663,3,10,-.8167061637217136E-01,.1633412327443427,-.4083530818610137E-01,-.4083530818606998E-01
664,1,784,.000000000000000,.000000000000000,-3.793293175926197,3.793293175926197
664,2,256,-7.586586351852308,15.17317270370462,-3.831352655687251,-3.755233696165055
664,3,10,-.7611895952207820E-01,.1522379190441564,-.3805947976105543E-01,-.3805947976102277E-01
665,1,784,.000000000000000,.000000000000000,-3.796301123705190,3.796301123705190
665,2,256,-7.592602247410300,15.18520449482060,-3.838856898632490,-3.753745348777807
665,3,10,-.8511154985463217E-01,.1702230997092643,-.4255577492730352E-01,-.4255577492732865E-01
666,1,784,.000000000000000,.000000000000000,-3.789573571764288,3.789573571764288
666,2,256,-7.579147143528330,15.15829428705666,-3.831963377209775,-3.747183766318554
666,3,10,-.8477961089099272E-01,.1695592217819854,-.4238980544549081E-01,-.4238980544550190E-01
667,1,784,.000000000000000,.000000000000000,-3.782785220971791,3.782785220971791
667,2,256,-7.565570441943613,15.13114088388723,-3.838599809936166,-3.726970632007452
667,3,10,-.1116291779287175,.2232583558574349,-.5581458896436869E-01,-.5581458896434878E-01
668,1,784,.000000000000000,.000000000000000,-3.783778781654030,3.783778781654030
668,2,256,-7.567557563308362,15.13511512661672,-3.834324355565764,-3.733233207742598
668,3,10,-.1010911478234597,.2021822956469194,-.5054557391173130E-01,-.5054557391172842E-01
669,1,784,.000000000000000,.000000000000000,-3.785215659805989,3.785215659805989
669,2,256,-7.570431319611600,15.14086263922320,-3.828706243443528,-3.741725076168076
669,3,10,-.8698116727507878E-01,.1739623345501576,-.4349058363753576E-01,-.4349058363754301E-01
670,1,784,.000000000000000,.000000000000000,-3.791230722020424,3.791230722020424
670,2,256,-7.582461444041649,15.16492288808330,-3.834515582512890,-3.747945861528755
670,3,10,-.8656972098493582E-01,.1731394419698716,-.4328486049246979E-01,-.4328486049246601E-01
671,1,784,.000000000000000,.000000000000000,-3.801114142063826,3.801114142063826
671,2,256,-7.602228284127725,15.20445656825545,-3.839395735542404,-3.762832548585321
671,3,10,-.7656318695717956E-01,.1531263739143591,-.3828159347857756E-01,-.3828159347860201E-01
672,1,784,.000000000000000,.000000000000000,-3.796724091780125,3.796724091780125
672,2,256,-7.593448183560013,15.18689636712003,-3.840884506460359,-3.752563677099654
672,3,10,-.8832082936045955E-01,.1766416587209191,-.4416041468023032E-01,-.4416041468022924E-01
673,1,784,.000000000000000,.000000000000000,-3.771494539049246,3.771494539049246
673,2,256,-7.542989078098675,15.08597815619735,-3.832613230734596,-3.710375847364078
673,3,10,-.1222373833706832,.2444747667413664,-.6111869168534934E-01,-.6111869168533388E-01
674,1,784,.000000000000000,.000000000000000,-3.781682305116569,3.781682305116569
674,2,256,-7.563364610233187,15.12672922046637,-3.827425646126298,-3.735938964106889
674,3,10,-.9148668201944231E-01,.1829733640388846,-.4574334100973190E-01,-.4574334100971041E-01
675,1,784,.000000000000000,.000000000000000,-3.791029738906606,3.791029738906606
675,2,256,-7.582059477813625,15.16411895562725,-3.836873388936661,-3.745186088876975
675,3,10,-.9168730006008188E-01,.1833746001201638,-.4584365003005579E-01,-.4584365003002607E-01
676,1,784,.000000000000000,.000000000000000,-3.782541485784210,3.782541485784210
676,2,256,-7.565082971568655,15.13016594313731,-3.831027089326151,-3.734055882242504
676,3,10,-.9697120708392658E-01,.1939424141678532,-.4848560354194379E-01,-.4848560354198277E-01
677,1,784,.000000000000000,.000000000000000,-3.779069780649184,3.779069780649184
677,2,256,-7.558139561297963,15.11627912259593,-3.832358070390635,-3.725781490907323
677,3,10,-.1065765794829310,.2131531589658620,-.5328828974145678E-01,-.5328828974147424E-01
678,1,784,.000000000000000,.000000000000000,-3.775019562599960,3.775019562599960
678,2,256,-7.550039125200396,15.10007825040079,-3.831697485672556,-3.718341639527841
678,3,10,-.1133558461451709,.2267116922903417,-.5667792307258877E-01,-.5667792307258211E-01
679,1,784,.000000000000000,.000000000000000,-3.781950752831060,3.781950752831060
679,2,256,-7.563901505662272,15.12780301132454,-3.830634345528114,-3.733267160134156
679,3,10,-.9736718539413115E-01,.1947343707882623,-.4868359269705937E-01,-.4868359269707178E-01
680,1,784,.000000000000000,.000000000000000,-3.770501896944303,3.770501896944303
680,2,256,-7.541003793888940,15.08200758777788,-3.830719291781409,-3.710284502107534
680,3,10,-.1204347896742275,.2408695793484549,-.6021739483710043E-01,-.6021739483712704E-01
681,1,784,.000000000000000,.000000000000000,-3.779233167332433,3.779233167332433
681,2,256,-7.558466334664799,15.11693266932960,-3.833347649010243,-3.725118685654565
681,3,10,-.1082289633556069,.2164579267112137,-.5411448167780548E-01,-.5411448167780138E-01
682,1,784,.000000000000000,.000000000000000,-3.784834563106530,3.784834563106530
682,2,256,-7.569669126213546,15.13933825242709,-3.837113870552871,-3.732555255660669
682,3,10,-.1045586148926864,.2091172297853728,-.5227930744634289E-01,-.5227930744634350E-01
683,1,784,.000000000000000,.000000000000000,-3.777677024275348,3.777677024275348
683,2,256,-7.555354048551035,15.11070809710207,-3.834445338110305,-3.720908710440726
683,3,10,-.1135366276698945,.2270732553397890,-.5676831383495833E-01,-.5676831383493616E-01
684,1,784,.000000000000000,.000000000000000,-3.782742760739903,3.782742760739903
684,2,256,-7.565485521479414,15.13097104295883,-3.831261188758018,-3.734224332721396
684,3,10,-.9703685603622077E-01,.1940737120724415,-.4851842801811900E-01,-.4851842801810177E-01
685,1,784,.000000000000000,.000000000000000,-3.794648846915582,3.794648846915582
685,2,256,-7.589297693831339,15.17859538766268,-3.832768600509457,-3.756529093321876
685,3,10,-.7623950718771912E-01,.1524790143754382,-.3811975359387699E-01,-.3811975359384212E-01
686,1,784,.000000000000000,.000000000000000,-3.774603791566184,3.774603791566184
686,2,256,-7.549207583132724,15.09841516626545,-3.829047439690068,-3.720160143442653
686,3,10,-.1088872962477365,.2177745924954729,-.5444364812388171E-01,-.5444364812385477E-01
687,1,784,.000000000000000,.000000000000000,-3.777245087209899,3.777245087209899
687,2,256,-7.554490174419877,15.10898034883975,-3.832818948109479,-3.721671226310395
687,3,10,-.1111477217991408,.2222954435982817,-.5557386089958456E-01,-.5557386089955624E-01
688,1,784,.000000000000000,.000000000000000,-3.786945857977974,3.786945857977974
688,2,256,-7.573891715955231,15.14778343191046,-3.829070727397795,-3.744820988557437
688,3,10,-.8424973883964545E-01,.1684994776792909,-.4212486941981594E-01,-.4212486941982953E-01
689,1,784,.000000000000000,.000000000000000,-3.785469550889103,3.785469550889103
689,2,256,-7.570939101777896,15.14187820355579,-3.829225085227412,-3.741714016550489
689,3,10,-.8751106867659339E-01,.1750221373531868,-.4375553433830448E-01,-.4375553433828891E-01
690,1,784,.000000000000000,.000000000000000,-3.796064993807533,3.796064993807533
690,2,256,-7.592129987614466,15.18425997522893,-3.842796903310715,-3.749333084303754
690,3,10,-.9346381900635248E-01,.1869276380127050,-.4673190950318479E-01,-.4673190950316768E-01
691,1,784,.000000000000000,.000000000000000,-3.791271252861094,3.791271252861094
691,2,256,-7.582542505721668,15.16508501144334,-3.832853011295659,-3.749689494426013
691,3,10,-.8316351686910281E-01,.1663270337382056,-.4158175843456450E-01,-.4158175843453832E-01
692,1,784,.000000000000000,.000000000000000,-3.788993312770055,3.788993312770055
692,2,256,-7.577986625540570,15.15597325108114,-3.837900444191553,-3.740086181349018
692,3,10,-.9781426284301600E-01,.1956285256860320,-.4890713142149990E-01,-.4890713142151613E-01
693,1,784,.000000000000000,.000000000000000,-3.772816232959368,3.772816232959368
693,2,256,-7.545632465918407,15.09126493183681,-3.834151271140207,-3.711481194778197
693,3,10,-.1226700763616603,.2453401527233205,-.6133503818083962E-01,-.6133503818082065E-01
694,1,784,.000000000000000,.000000000000000,-3.788933161559049,3.788933161559049
694,2,256,-7.577866323117565,15.15573264623513,-3.832519137796536,-3.745347185321030
694,3,10,-.8717195247497235E-01,.1743439049499447,-.4358597623748688E-01,-.4358597623748547E-01
695,1,784,.000000000000000,.000000000000000,-3.787246039738325,3.787246039738325
695,2,256,-7.574492079476513,15.14898415895303,-3.832674815450801,-3.741817264025717
695,3,10,-.9085755142494989E-01,.1817151028498998,-.4542877571247738E-01,-.4542877571247251E-01
696,1,784,.000000000000000,.000000000000000,-3.799804316801558,3.799804316801558
696,2,256,-7.599608633604012,15.19921726720802,-3.835701832362195,-3.763906801241818
696,3,10,-.7179503112127751E-01,.1435900622425550,-.3589751556063803E-01,-.3589751556063948E-01
697,1,784,.000000000000000,.000000000000000,-3.789248971511108,3.789248971511108
697,2,256,-7.578497943022035,15.15699588604407,-3.833201206437463,-3.745296736584580
697,3,10,-.8790446985270592E-01,.1758089397054118,-.4395223492635044E-01,-.4395223492635548E-01
698,1,784,.000000000000000,.000000000000000,-3.790824891463528,3.790824891463528
698,2,256,-7.581649782927871,15.16329956585574,-3.834562599163087,-3.747087183764783
698,3,10,-.8747541539909123E-01,.1749508307981825,-.4373770769956294E-01,-.4373770769952830E-01
699,1,784,.000000000000000,.000000000000000,-3.790641124038888,3.790641124038888
699,2,256,-7.581282248077438,15.16256449615488,-3.834230603109096,-3.747051644968348
699,3,10,-.8717895814045541E-01,.1743579162809108,-.4358947907021148E-01,-.4358947907024392E-01
700,1,784,.000000000000000,.000000000000000,-3.781110675350551,3.781110675350551
700,2,256,-7.562221350701593,15.12444270140319,-3.839950876833532,-3.722270473868059
700,3,10,-.1176804029659722,.2353608059319443,-.5884020148298704E-01,-.5884020148298512E-01
701,1,784,.000000000000000,.000000000000000,-3.793675858622259,3.793675858622259
701,2,256,-7.587351717243839,15.17470343448768,-3.833919856572529,-3.753431860671305
701,3,10,-.8048799590051937E-01,.1609759918010387,-.4024399795027223E-01,-.4024399795024715E-01
702,1,784,.000000000000000,.000000000000000,-3.788936790663014,3.788936790663014
702,2,256,-7.577873581325486,15.15574716265097,-3.830837812261751,-3.747035769063736
702,3,10,-.8380204319748846E-01,.1676040863949769,-.4190102159873769E-01,-.4190102159875077E-01
703,1,784,.000000000000000,.000000000000000,-3.781990811146566,3.781990811146566
703,2,256,-7.563981622292346,15.12796324458469,-3.832210944520618,-3.731770677771728
703,3,10,-.1004402667481184,.2008805334962369,-.5022013337405733E-01,-.5022013337406109E-01
704,1,784,.000000000000000,.000000000000000,-3.782565180336573,3.782565180336573
704,2,256,-7.565130360673201,15.13026072134640,-3.836267773053024,-3.728862587620176
704,3,10,-.1074051854328972,.2148103708657945,-.5370259271645642E-01,-.5370259271644084E-01
705,1,784,.000000000000000,.000000000000000,-3.792047646401270,3.792047646401270
705,2,256,-7.584095292802634,15.16819058560527,-3.833770882561506,-3.750324410241124
705,3,10,-.8344647232045180E-01,.1668929446409036,-.4172323616023575E-01,-.4172323616021604E-01
706,1,784,.000000000000000,.000000000000000,-3.770869712911345,3.770869712911345
706,2,256,-7.541739425823016,15.08347885164603,-3.835080366548742,-3.706659059274273
706,3,10,-.1284213072748268,.2568426145496535,-.6421065363739356E-01,-.6421065363743320E-01
707,1,784,.000000000000000,.000000000000000,-3.786314015048957,3.786314015048957
707,2,256,-7.572628030097293,15.14525606019459,-3.833604675309502,-3.739023354787790
707,3,10,-.9458132052109941E-01,.1891626410421988,-.4729066026054554E-01,-.4729066026055385E-01
708,1,784,.000000000000000,.000000000000000,-3.783530395597748,3.783530395597748
708,2,256,-7.567060791195094,15.13412158239019,-3.836496355957498,-3.730564435237597
708,3,10,-.1059319207194872,.2118638414389744,-.5296596035975495E-01,-.5296596035973226E-01
709,1,784,.000000000000000,.000000000000000,-3.777424625204974,3.777424625204974
709,2,256,-7.554849250409356,15.10969850081871,-3.831009462936188,-3.723839787473160
709,3,10,-.1071696754624280,.2143393509248560,-.5358483773121197E-01,-.5358483773121602E-01
710,1,784,.000000000000000,.000000000000000,-3.787074410603975,3.787074410603975
710,2,256,-7.574148821207863,15.14829764241573,-3.837167424430186,-3.736981396777677
710,3,10,-.1001860276524178,.2003720553048356,-.5009301382620849E-01,-.5009301382620931E-01
711,1,784,.000000000000000,.000000000000000,-3.787841440685542,3.787841440685542
711,2,256,-7.575682881371170,15.15136576274234,-3.835533028899062,-3.740149852472112
711,3,10,-.9538317642704422E-01,.1907663528540884,-.4769158821352231E-01,-.4769158821352187E-01
712,1,784,.000000000000000,.000000000000000,-3.774137581601133,3.774137581601133
712,2,256,-7.548275163202370,15.09655032640474,-3.829957216466726,-3.718317946735639
712,3,10,-.1116392697312024,.2232785394624049,-.5581963486558934E-01,-.5581963486561310E-01
713,1,784,.000000000000000,.000000000000000,-3.781493464006236,3.781493464006236
713,2,256,-7.562986928012830,15.12597385602566,-3.840624851733100,-3.722362076279732
713,3,10,-.1182627754536997,.2365255509073994,-.5913138772685891E-01,-.5913138772684075E-01
714,1,784,.000000000000000,.000000000000000,-3.790315570691647,3.790315570691647
714,2,256,-7.580631141383670,15.16126228276734,-3.828097065258730,-3.752534076124942
714,3,10,-.7556298913416488E-01,.1511259782683298,-.3778149456708362E-01,-.3778149456708126E-01
715,1,784,.000000000000000,.000000000000000,-3.782424803063289,3.782424803063289
715,2,256,-7.564849606126393,15.12969921225279,-3.825637444672742,-3.739212161453653
715,3,10,-.8642528321887973E-01,.1728505664377595,-.4321264160945434E-01,-.4321264160942539E-01
716,1,784,.000000000000000,.000000000000000,-3.794012335208789,3.794012335208789
716,2,256,-7.588024670417553,15.17604934083511,-3.833082917367696,-3.754941753049862
716,3,10,-.7814116431777972E-01,.1562823286355594,-.3907058215890243E-01,-.3907058215887729E-01
717,1,784,.000000000000000,.000000000000000,-3.783304918094133,3.783304918094133
717,2,256,-7.566609836188288,15.13321967237658,-3.833886068227426,-3.732723767960867
717,3,10,-.1011623002666333,.2023246005332665,-.5058115013329336E-01,-.5058115013333991E-01
718,1,784,.000000000000000,.000000000000000,-3.787988679921295,3.787988679921295
718,2,256,-7.575977359841991,15.15195471968398,-3.838062908171453,-3.737914451670536
718,3,10,-.1001484565003102,.2002969130006203,-.5007422825016420E-01,-.5007422825014594E-01
719,1,784,.000000000000000,.000000000000000,-3.784105180192527,3.784105180192527
719,2,256,-7.568210360384887,15.13642072076977,-3.841202606100660,-3.727007754284228
719,3,10,-.1141948518162796,.2283897036325593,-.5709742590813265E-01,-.5709742590814700E-01
720,1,784,.000000000000000,.000000000000000,-3.779875012284725,3.779875012284725
720,2,256,-7.559750024569625,15.11950004913925,-3.825579355447805,-3.734170669121824
720,3,10,-.9140868632611651E-01,.1828173726522330,-.4570434316308152E-01,-.4570434316303498E-01
721,1,784,.000000000000000,.000000000000000,-3.787754836746204,3.787754836746204
721,2,256,-7.575509673492467,15.15101934698493,-3.834324261685284,-3.741185411807181
721,3,10,-.9313884987817972E-01,.1862776997563594,-.4656942493907720E-01,-.4656942493910248E-01
722,1,784,.000000000000000,.000000000000000,-3.780423479352087,3.780423479352087
722,2,256,-7.560846958704333,15.12169391740867,-3.836623327828546,-3.724223630875788
722,3,10,-.1123996969529114,.2247993939058228,-.5619984847646251E-01,-.5619984847644889E-01
723,1,784,.000000000000000,.000000000000000,-3.787059406201881,3.787059406201881
723,2,256,-7.574118812403842,15.14823762480768,-3.834409769758544,-3.739709042645292
723,3,10,-.9470072711335996E-01,.1894014542267199,-.4735036355666858E-01,-.4735036355669139E-01
724,1,784,.000000000000000,.000000000000000,-3.779068302610156,3.779068302610156
724,2,256,-7.558136605219607,15.11627321043921,-3.834797126386476,-3.723339478833135
724,3,10,-.1114576475526487,.2229152951052974,-.5572882377631988E-01,-.5572882377632882E-01
725,1,784,.000000000000000,.000000000000000,-3.782775503916010,3.782775503916010
725,2,256,-7.565551007832052,15.13110201566410,-3.829037098736870,-3.736513909095184
725,3,10,-.9252318964171991E-01,.1850463792834398,-.4626159482086227E-01,-.4626159482085763E-01
726,1,784,.000000000000000,.000000000000000,-3.778852812733548,3.778852812733548
726,2,256,-7.557705625466775,15.11541125093355,-3.838732487677417,-3.718973137789357
726,3,10,-.1197593498877033,.2395186997754065,-.5987967494386262E-01,-.5987967494384063E-01
727,1,784,.000000000000000,.000000000000000,-3.781144443437032,3.781144443437032
727,2,256,-7.562288886873989,15.12457777374798,-3.837492937373028,-3.724795949500963
727,3,10,-.1126969878720056,.2253939757440113,-.5634849393599572E-01,-.5634849393600992E-01
728,1,784,.000000000000000,.000000000000000,-3.791862208902145,3.791862208902145
728,2,256,-7.583724417804178,15.16744883560836,-3.834401337339528,-3.749323080464645
728,3,10,-.8507825687472828E-01,.1701565137494566,-.4253912843738392E-01,-.4253912843734434E-01
729,1,784,.000000000000000,.000000000000000,-3.784059848392985,3.784059848392985
729,2,256,-7.568119696785407,15.13623939357081,-3.837112172811378,-3.731007523974027
729,3,10,-.1061046488367771,.2122092976735542,-.5305232441839443E-01,-.5305232441838268E-01
730,1,784,.000000000000000,.000000000000000,-3.790097636636236,3.790097636636236
730,2,256,-7.580195273272095,15.16039054654419,-3.837284899270990,-3.742910374001105
730,3,10,-.9437452526953129E-01,.1887490505390626,-.4718726263475256E-01,-.4718726263477872E-01
731,1,784,.000000000000000,.000000000000000,-3.789962990384709,3.789962990384709
731,2,256,-7.579925980769779,15.15985196153956,-3.836918222534858,-3.743007758234917
731,3,10,-.9391046430028788E-01,.1878209286005758,-.4695523215015291E-01,-.4695523215013496E-01
732,1,784,.000000000000000,.000000000000000,-3.778805456196527,3.778805456196527
732,2,256,-7.557610912393163,15.11522182478633,-3.829868042195277,-3.727742870197888
732,3,10,-.1021251719975250,.2042503439950499,-.5106258599875441E-01,-.5106258599877057E-01
733,1,784,.000000000000000,.000000000000000,-3.783876069724214,3.783876069724214
733,2,256,-7.567752139448755,15.13550427889751,-3.830173996723483,-3.737578142725278
733,3,10,-.9259585399851204E-01,.1851917079970241,-.4629792699926596E-01,-.4629792699924606E-01
734,1,784,.000000000000000,.000000000000000,-3.794869832762979,3.794869832762979
734,2,256,-7.589739665526327,15.17947933105265,-3.840060214324297,-3.749679451202030
734,3,10,-.9038076312265260E-01,.1807615262453052,-.4519038156131881E-01,-.4519038156133379E-01
735,1,784,.000000000000000,.000000000000000,-3.774578757347447,3.774578757347447
735,2,256,-7.549157514695308,15.09831502939062,-3.827507036522587,-3.721650478172723
735,3,10,-.1058565583502835,.2117131167005670,-.5292827917513878E-01,-.5292827917514475E-01
736,1,784,.000000000000000,.000000000000000,-3.781000195452508,3.781000195452508
736,2,256,-7.562000390905133,15.12400078181027,-3.828390345219988,-3.733610045685138
736,3,10,-.9478029953494981E-01,.1895605990698996,-.4739014976748257E-01,-.4739014976746723E-01
737,1,784,.000000000000000,.000000000000000,-3.790288493266554,3.790288493266554
737,2,256,-7.580576986533111,15.16115397306622,-3.831423914743491,-3.749153071789619
737,3,10,-.8227084295391006E-01,.1645416859078201,-.4113542147693366E-01,-.4113542147697639E-01
738,1,784,.000000000000000,.000000000000000,-3.785256168196024,3.785256168196024
738,2,256,-7.570512336392040,15.14102467278408,-3.830025185631821,-3.740487150760222
738,3,10,-.8953803487160973E-01,.1790760697432195,-.4476901743579844E-01,-.4476901743581129E-01
739,1,784,.000000000000000,.000000000000000,-3.780045372489977,3.780045372489977
739,2,256,-7.560090744980225,15.12018148996045,-3.831781894888886,-3.728308850091342
739,3,10,-.1034730447978407,.2069460895956814,-.5173652239890815E-01,-.5173652239893255E-01
740,1,784,.000000000000000,.000000000000000,-3.793885075273582,3.793885075273582
740,2,256,-7.587770150546933,15.17554030109387,-3.837120582784730,-3.750649567762197
740,3,10,-.8647101502229958E-01,.1729420300445992,-.4323550751114787E-01,-.4323550751115172E-01
741,1,784,.000000000000000,.000000000000000,-3.803169172840093,3.803169172840093
741,2,256,-7.606338345680448,15.21267669136090,-3.839368856552810,-3.766969489127640
741,3,10,-.7239936742543449E-01,.1447987348508690,-.3619968371272359E-01,-.3619968371271089E-01
742,1,784,.000000000000000,.000000000000000,-3.785371931518144,3.785371931518144
742,2,256,-7.570743863036141,15.14148772607228,-3.828914014539856,-3.741829848496288
742,3,10,-.8708416604341876E-01,.1741683320868375,-.4354208302171223E-01,-.4354208302170653E-01
743,1,784,.000000000000000,.000000000000000,-3.796540157642804,3.796540157642804
743,2,256,-7.593080315285361,15.18616063057072,-3.842134932586741,-3.750945382698624
743,3,10,-.9118954988782690E-01,.1823790997756538,-.4559477494393616E-01,-.4559477494389074E-01
744,1,784,.000000000000000,.000000000000000,-3.785550200821420,3.785550200821420
744,2,256,-7.571100401642862,15.14220080328572,-3.826939069427272,-3.744161332215591
744,3,10,-.8277773721170845E-01,.1655554744234169,-.4138886860585303E-01,-.4138886860585542E-01
745,1,784,.000000000000000,.000000000000000,-3.785703755788730,3.785703755788730
745,2,256,-7.571407511577315,15.14281502315463,-3.835584004890777,-3.735823506686542
745,3,10,-.9976049820411435E-01,.1995209964082287,-.4988024910204783E-01,-.4988024910206652E-01
746,1,784,.000000000000000,.000000000000000,-3.798023341971363,3.798023341971363
746,2,256,-7.596046683942943,15.19209336788589,-3.839817985671007,-3.756228698271941
746,3,10,-.8358928739928012E-01,.1671785747985602,-.4179464369964429E-01,-.4179464369963583E-01
747,1,784,.000000000000000,.000000000000000,-3.785575584800707,3.785575584800707
747,2,256,-7.571151169601144,15.14230233920229,-3.833937051445810,-3.737214118155334
747,3,10,-.9672293329019244E-01,.1934458665803849,-.4836146664510695E-01,-.4836146664508548E-01
748,1,784,.000000000000000,.000000000000000,-3.786860974607166,3.786860974607166
748,2,256,-7.573721949214809,15.14744389842962,-3.837191566258189,-3.736530382956619
748,3,10,-.1006611833020402,.2013223666040804,-.5033059165102260E-01,-.5033059165101761E-01
749,1,784,.000000000000000,.000000000000000,-3.782436219432934,3.782436219432934
749,2,256,-7.564872438865545,15.12974487773109,-3.830108201941623,-3.734764236923922
749,3,10,-.9534396501738383E-01,.1906879300347677,-.4767198250869222E-01,-.4767198250869162E-01
750,1,784,.000000000000000,.000000000000000,-3.804200528665715,3.804200528665715
750,2,256,-7.608401057330653,15.21680211466131,-3.840898102559202,-3.767502954771457
750,3,10,-.7339514778693230E-01,.1467902955738646,-.3669757389348070E-01,-.3669757389345162E-01
751,1,784,.000000000000000,.000000000000000,-3.799357820729420,3.799357820729420
751,2,256,-7.598715641459302,15.19743128291860,-3.835694372114305,-3.763021269344995
751,3,10,-.7267310276974832E-01,.1453462055394966,-.3633655138488045E-01,-.3633655138486785E-01
752,1,784,.000000000000000,.000000000000000,-3.779240324253865,3.779240324253865
752,2,256,-7.558480648508065,15.11696129701613,-3.830152002143306,-3.728328646364758
752,3,10,-.1018233557788421,.2036467115576842,-.5091167788944079E-01,-.5091167788940129E-01
753,1,784,.000000000000000,.000000000000000,-3.783492908054158,3.783492908054158
753,2,256,-7.566985816108024,15.13397163221605,-3.834978428520393,-3.732007387587630
753,3,10,-.1029710409325038,.2059420818650077,-.5148552046624237E-01,-.5148552046626147E-01
754,1,784,.000000000000000,.000000000000000,-3.795501986154404,3.795501986154404
754,2,256,-7.591003972309066,15.18200794461813,-3.836565442130097,-3.754438530178969
754,3,10,-.8212691195138436E-01,.1642538239027687,-.4106345597569296E-01,-.4106345597569140E-01
755,1,784,.000000000000000,.000000000000000,-3.796058126813934,3.796058126813934
755,2,256,-7.592116253627512,15.18423250725502,-3.830261480442749,-3.761854773184772
755,3,10,-.6840670725760181E-01,.1368134145152036,-.3420335362881378E-01,-.3420335362878803E-01
756,1,784,.000000000000000,.000000000000000,-3.785615721237990,3.785615721237990
756,2,256,-7.571231442476070,15.14246288495214,-3.832484431971293,-3.738747010504777
756,3,10,-.9373742146665667E-01,.1874748429333133,-.4686871073330905E-01,-.4686871073334763E-01
757,1,784,.000000000000000,.000000000000000,-3.777324766609704,3.777324766609704
757,2,256,-7.554649533219413,15.10929906643883,-3.830314201027678,-3.724335332191738
757,3,10,-.1059788688359864,.2119577376719728,-.5298943441797359E-01,-.5298943441801281E-01
758,1,784,.000000000000000,.000000000000000,-3.786914881167491,3.786914881167491
758,2,256,-7.573829762335133,15.14765952467027,-3.832305158304863,-3.741524604030274
758,3,10,-.9078055427475176E-01,.1815611085495035,-.4539027713736994E-01,-.4539027713738182E-01
759,1,784,.000000000000000,.000000000000000,-3.783586128554626,3.783586128554626
759,2,256,-7.567172257109634,15.13434451421927,-3.830727672608591,-3.736444584501048
759,3,10,-.9428308810790687E-01,.1885661762158137,-.4714154405396120E-01,-.4714154405394567E-01
760,1,784,.000000000000000,.000000000000000,-3.783863951001796,3.783863951001796
760,2,256,-7.567727902003309,15.13545580400662,-3.833944654248055,-3.733783247755260
760,3,10,-.1001614064925193,.2003228129850385,-.5008070324625885E-01,-.5008070324626039E-01
761,1,784,.000000000000000,.000000000000000,-3.785688735262542,3.785688735262542
761,2,256,-7.571377470525211,15.14275494105042,-3.832735715866204,-3.738641754659004
761,3,10,-.9409396120734333E-01,.1881879224146867,-.4704698060365974E-01,-.4704698060368356E-01
762,1,784,.000000000000000,.000000000000000,-3.786076879944527,3.786076879944527
762,2,256,-7.572153759888557,15.14430751977711,-3.834649793260580,-3.737503966627969
762,3,10,-.9714582663213306E-01,.1942916532642661,-.4857291331606081E-01,-.4857291331607223E-01
763,1,784,.000000000000000,.000000000000000,-3.784858016100537,3.784858016100537
763,2,256,-7.569716032201272,15.13943206440254,-3.831479442552745,-3.738236589648525
763,3,10,-.9324285290443414E-01,.1864857058088683,-.4662142645220935E-01,-.4662142645222479E-01
764,1,784,.000000000000000,.000000000000000,-3.767101793632703,3.767101793632703
764,2,256,-7.534203587266030,15.06840717453206,-3.825274143128880,-3.708929444137147
764,3,10,-.1163446989923839,.2326893979847678,-.5817234949617852E-01,-.5817234949620537E-01
765,1,784,.000000000000000,.000000000000000,-3.804303614952819,3.804303614952819
765,2,256,-7.608607229905673,15.21721445981135,-3.836598146660076,-3.772009083245601
765,3,10,-.6458906341453310E-01,.1291781268290662,-.3229453170725351E-01,-.3229453170727960E-01
766,1,784,.000000000000000,.000000000000000,-3.787122839726632,3.787122839726632
766,2,256,-7.574245679452732,15.14849135890546,-3.834858984944393,-3.739386694508337
766,3,10,-.9547229043547770E-01,.1909445808709554,-.4773614521775979E-01,-.4773614521771790E-01
767,1,784,.000000000000000,.000000000000000,-3.773765397356770,3.773765397356770
767,2,256,-7.547530794713583,15.09506158942717,-3.831887716037136,-3.715643078676447
767,3,10,-.1162446373607174,.2324892747214349,-.5812231868036507E-01,-.5812231868035235E-01
768,1,784,.000000000000000,.000000000000000,-3.799736817511445,3.799736817511445
768,2,256,-7.599473635022595,15.19894727004519,-3.834771522124353,-3.764702112898245
768,3,10,-.7006940922579674E-01,.1401388184515935,-.3503470461290684E-01,-.3503470461288989E-01
769,1,784,.000000000000000,.000000000000000,-3.776765523205445,3.776765523205445
769,2,256,-7.553531046411148,15.10706209282230,-3.832307176287444,-3.721223870123697
769,3,10,-.1110833061639804,.2221666123279608,-.5554165308199902E-01,-.5554165308198140E-01
770,1,784,.000000000000000,.000000000000000,-3.790949933452195,3.790949933452195
770,2,256,-7.581899866904035,15.16379973380807,-3.832271405657599,-3.749628461246440
770,3,10,-.8264294441079839E-01,.1652858888215968,-.4132147220540096E-01,-.4132147220539745E-01
771,1,784,.000000000000000,.000000000000000,-3.790682893298380,3.790682893298380
771,2,256,-7.581365786596342,15.16273157319268,-3.835634659342420,-3.745731127253920
771,3,10,-.8990353208808294E-01,.1798070641761659,-.4495176604404240E-01,-.4495176604404056E-01
772,1,784,.000000000000000,.000000000000000,-3.784036277994757,3.784036277994757
772,2,256,-7.568072555989294,15.13614511197859,-3.836542048116610,-3.731530507872685
772,3,10,-.1050115402436779,.2100230804873558,-.5250577012184814E-01,-.5250577012182975E-01
773,1,784,.000000000000000,.000000000000000,-3.777297043107781,3.777297043107781
773,2,256,-7.554594086215705,15.10918817243141,-3.835809486733688,-3.718784599482011
773,3,10,-.1170248872518544,.2340497745037089,-.5851244362591091E-01,-.5851244362594354E-01
774,1,784,.000000000000000,.000000000000000,-3.780587914188666,3.780587914188666
774,2,256,-7.561175828377410,15.12235165675482,-3.831131422953634,-3.730044405423777
774,3,10,-.1010870175299047,.2021740350598094,-.5054350876496657E-01,-.5054350876493816E-01
775,1,784,.000000000000000,.000000000000000,-3.784304057677206,3.784304057677206
775,2,256,-7.568608115354388,15.13721623070878,-3.832516932389518,-3.736091182964866
775,3,10,-.9642574942462992E-01,.1928514988492598,-.4821287471230802E-01,-.4821287471232190E-01
776,1,784,.000000000000000,.000000000000000,-3.786504082478803,3.786504082478803
776,2,256,-7.573008164957630,15.14601632991526,-3.835495873583664,-3.737512291373960
776,3,10,-.9798358220970906E-01,.1959671644194181,-.4899179110486676E-01,-.4899179110484231E-01
777,1,784,.000000000000000,.000000000000000,-3.788159349284217,3.788159349284217
777,2,256,-7.576318698568889,15.15263739713778,-3.832623499596599,-3.743695198972293
777,3,10,-.8892830062475418E-01,.1778566012495084,-.4446415031238390E-01,-.4446415031237026E-01
778,1,784,.000000000000000,.000000000000000,-3.781604493711949,3.781604493711949
778,2,256,-7.563208987423462,15.12641797484692,-3.825639218632333,-3.737569768791128
778,3,10,-.8806944984075854E-01,.1761388996815171,-.4403472492038020E-01,-.4403472492037833E-01
779,1,784,.000000000000000,.000000000000000,-3.793249340045737,3.793249340045737
779,2,256,-7.586498680091870,15.17299736018374,-3.835375482581129,-3.751123197510742
779,3,10,-.8425228507076916E-01,.1685045701415383,-.4212614253539231E-01,-.4212614253537685E-01
780,1,784,.000000000000000,.000000000000000,-3.787062288910393,3.787062288910393
780,2,256,-7.574124577821104,15.14824915564221,-3.830656794874729,-3.743467782946375
780,3,10,-.8718901192866686E-01,.1743780238573337,-.4359450596433839E-01,-.4359450596432846E-01
781,1,784,.000000000000000,.000000000000000,-3.785961642634815,3.785961642634815
781,2,256,-7.571923285270067,15.14384657054013,-3.838296436040068,-3.733626849230002
781,3,10,-.1046695868105264,.2093391736210529,-.5233479340525391E-01,-.5233479340527252E-01
782,1,784,.000000000000000,.000000000000000,-3.793138619591883,3.793138619591883
782,2,256,-7.586277239183930,15.17255447836786,-3.836252892231077,-3.750024346952850
782,3,10,-.8622854527837012E-01,.1724570905567402,-.4311427263919339E-01,-.4311427263917674E-01
783,1,784,.000000000000000,.000000000000000,-3.797089979525913,3.797089979525913
783,2,256,-7.594179959051874,15.18835991810375,-3.839371450116794,-3.754808508935082
783,3,10,-.8456294118176359E-01,.1691258823635272,-.4228147059088015E-01,-.4228147059088345E-01
784,1,784,.000000000000000,.000000000000000,-3.787898463086356,3.787898463086356
784,2,256,-7.575796926172023,15.15159385234405,-3.836846726335770,-3.738950199836252
784,3,10,-.9789652649882755E-01,.1957930529976551,-.4894826324941345E-01,-.4894826324941409E-01
785,1,784,.000000000000000,.000000000000000,-3.778868133206561,3.778868133206561
785,2,256,-7.557736266413166,15.11547253282633,-3.830103301341364,-3.727632965071798
785,3,10,-.1024703362696239,.2049406725392478,-.5123516813480709E-01,-.5123516813481678E-01
786,1,784,.000000000000000,.000000000000000,-3.780876639331622,3.780876639331622
786,2,256,-7.561753278663137,15.12350655732627,-3.828792439333468,-3.732960839329673
786,3,10,-.9583160000370217E-01,.1916632000074043,-.4791580000185039E-01,-.4791580000185176E-01
787,1,784,.000000000000000,.000000000000000,-3.786296223115706,3.786296223115706
787,2,256,-7.572592446231369,15.14518489246274,-3.831259994805954,-3.741332451425416
787,3,10,-.8992754338049801E-01,.1798550867609960,-.4496377169024986E-01,-.4496377169024814E-01
788,1,784,.000000000000000,.000000000000000,-3.786064085365932,3.786064085365932
788,2,256,-7.572128170732137,15.14425634146427,-3.837314245743856,-3.734813924988279
788,3,10,-.1025003207558468,.2050006415116936,-.5125016037792347E-01,-.5125016037792332E-01
789,1,784,.000000000000000,.000000000000000,-3.773769861373320,3.773769861373320
789,2,256,-7.547539722746775,15.09507944549355,-3.830109088477257,-3.717430634269517
789,3,10,-.1126784542078839,.2253569084157679,-.5633922710393514E-01,-.5633922710394881E-01
790,1,784,.000000000000000,.000000000000000,-3.785953183393094,3.785953183393094
790,2,256,-7.571906366786570,15.14381273357314,-3.836135946469326,-3.735770420317247
790,3,10,-.1003655261525094,.2007310523050189,-.5018276307623420E-01,-.5018276307627523E-01
791,1,784,.000000000000000,.000000000000000,-3.786946693654485,3.786946693654485
791,2,256,-7.573893387309021,15.14778677461804,-3.837144245332352,-3.736749141976667
791,3,10,-.1003951033557361,.2007902067114723,-.5019755167786451E-01,-.5019755167787163E-01
792,1,784,.000000000000000,.000000000000000,-3.780212486975663,3.780212486975663
792,2,256,-7.560424973950888,15.12084994790178,-3.834917439321122,-3.725507534629769
792,3,10,-.1094099046909206,.2188198093818413,-.5470495234545430E-01,-.5470495234546633E-01
793,1,784,.000000000000000,.000000000000000,-3.791501351780272,3.791501351780272
793,2,256,-7.583002703560801,15.16600540712160,-3.830169508587837,-3.752833194972963
793,3,10,-.7733631361510564E-01,.1546726272302113,-.3866815680756150E-01,-.3866815680754414E-01
794,1,784,.000000000000000,.000000000000000,-3.785549472274112,3.785549472274112
794,2,256,-7.571098944548427,15.14219788909685,-3.835129850080244,-3.735969094468182
794,3,10,-.9916075561226129E-01,.1983215112245226,-.4958037780613112E-01,-.4958037780613018E-01
795,1,784,.000000000000000,.000000000000000,-3.774052517349256,3.774052517349256
795,2,256,-7.548105034699156,15.09621006939831,-3.833572022045614,-3.714533012653543
795,3,10,-.1190390093927254,.2380780187854509,-.5951950469636070E-01,-.5951950469636472E-01
796,1,784,.000000000000000,.000000000000000,-3.782597947342920,3.782597947342920
796,2,256,-7.565195894685900,15.13039178937180,-3.830837379219196,-3.734358515466700
796,3,10,-.9647886375256230E-01,.1929577275051246,-.4823943187628451E-01,-.4823943187627780E-01
797,1,784,.000000000000000,.000000000000000,-3.778014211243639,3.778014211243639
797,2,256,-7.556028422487320,15.11205684497464,-3.834438562895256,-3.721589859592067
797,3,10,-.1128487033032212,.2256974066064424,-.5642435165161638E-01,-.5642435165160482E-01
798,1,784,.000000000000000,.000000000000000,-3.788197308709425,3.788197308709425
798,2,256,-7.576394617419504,15.15278923483901,-3.836993477201785,-3.739401140217720
798,3,10,-.9759233698475410E-01,.1951846739695082,-.4879616849235566E-01,-.4879616849239843E-01
799,1,784,.000000000000000,.000000000000000,-3.780947373311582,3.780947373311582
799,2,256,-7.561894746622511,15.12378949324502,-3.836455204229728,-3.725439542392788
799,3,10,-.1110156618362639,.2220313236725277,-.5550783091814703E-01,-.5550783091811681E-01
800,1,784,.000000000000000,.000000000000000,-3.793308202419511,3.793308202419511
800,2,256,-7.586616404839558,15.17323280967912,-3.837796505219696,-3.748819899619866
800,3,10,-.8897660560039891E-01,.1779532112007978,-.4448830280018350E-01,-.4448830280021542E-01
801,1,784,.000000000000000,.000000000000000,-3.790043340943355,3.790043340943355
801,2,256,-7.580086681886334,15.16017336377267,-3.834526441479186,-3.745560240407154
801,3,10,-.8896620107163924E-01,.1779324021432785,-.4448310053582666E-01,-.4448310053581259E-01
802,1,784,.000000000000000,.000000000000000,-3.788024780537997,3.788024780537997
802,2,256,-7.576049561075715,15.15209912215143,-3.837992645266455,-3.738056915809257
802,3,10,-.9993572945691745E-01,.1998714589138349,-.4996786472846242E-01,-.4996786472845503E-01
803,1,784,.000000000000000,.000000000000000,-3.768220656769659,3.768220656769659
803,2,256,-7.536441313538956,15.07288262707791,-3.831583587688472,-3.704857725850486
803,3,10,-.1267258618376456,.2534517236752912,-.6336293091881291E-01,-.6336293091883270E-01
804,1,784,.000000000000000,.000000000000000,-3.783125709263707,3.783125709263707
804,2,256,-7.566251418527414,15.13250283705483,-3.829616285223999,-3.736635133303413
804,3,10,-.9298115192057080E-01,.1859623038411416,-.4649057596029550E-01,-.4649057596027531E-01
805,1,784,.000000000000000,.000000000000000,-3.795974469508490,3.795974469508490
805,2,256,-7.591948939017821,15.18389787803564,-3.836136782746427,-3.755812156271398
805,3,10,-.8032462647586859E-01,.1606492529517372,-.4016231323793904E-01,-.4016231323792956E-01
806,1,784,.000000000000000,.000000000000000,-3.779600871030218,3.779600871030218
806,2,256,-7.559201742060375,15.11840348412075,-3.827865844366578,-3.731335897693795
806,3,10,-.9652994667271052E-01,.1930598933454210,-.4826497333636511E-01,-.4826497333634541E-01
807,1,784,.000000000000000,.000000000000000,-3.794998485154800,3.794998485154800
807,2,256,-7.589996970309553,15.17999394061911,-3.833043546441667,-3.756953423867892
807,3,10,-.7609012257373547E-01,.1521802451474709,-.3804506128685933E-01,-.3804506128687613E-01
808,1,784,.000000000000000,.000000000000000,-3.785109371485463,3.785109371485463
808,2,256,-7.570218742970726,15.14043748594145,-3.832344542521194,-3.737874200449533
808,3,10,-.9447034207150599E-01,.1889406841430120,-.4723517103573313E-01,-.4723517103577284E-01
809,1,784,.000000000000000,.000000000000000,-3.782744040458444,3.782744040458444
809,2,256,-7.565488080917286,15.13097616183457,-3.835686246474565,-3.729801834442720
809,3,10,-.1058844120322753,.2117688240645506,-.5294220601612373E-01,-.5294220601615160E-01
810,1,784,.000000000000000,.000000000000000,-3.786045350382593,3.786045350382593
810,2,256,-7.572090700764796,15.14418140152959,-3.835920168013534,-3.736170532751260
810,3,10,-.9974963526190965E-01,.1994992705238193,-.4987481763094045E-01,-.4987481763096919E-01
811,1,784,.000000000000000,.000000000000000,-3.800383943676362,3.800383943676362
811,2,256,-7.600767887353179,15.20153577470636,-3.837336124586698,-3.763431762766482
811,3,10,-.7390436182066391E-01,.1478087236413278,-.3695218091033249E-01,-.3695218091033142E-01
812,1,784,.000000000000000,.000000000000000,-3.805258142444030,3.805258142444030
812,2,256,-7.610516284887611,15.22103256977522,-3.842218824152976,-3.768297460734639
812,3,10,-.7392136341790582E-01,.1478427268358116,-.3696068170894563E-01,-.3696068170896018E-01
813,1,784,.000000000000000,.000000000000000,-3.792880200115407,3.792880200115407
813,2,256,-7.585760400230452,15.17152080046090,-3.836461542575961,-3.749298857654490
813,3,10,-.8716268492109221E-01,.1743253698421844,-.4358134246055732E-01,-.4358134246053490E-01
814,1,784,.000000000000000,.000000000000000,-3.782524450386569,3.782524450386569
814,2,256,-7.565048900772936,15.13009780154587,-3.835269087722063,-3.729779813050867
814,3,10,-.1054892746709819,.2109785493419639,-.5274463733549804E-01,-.5274463733548389E-01
815,1,784,.000000000000000,.000000000000000,-3.781424109599492,3.781424109599492
815,2,256,-7.562848219198631,15.12569643839726,-3.831036095076901,-3.731812124121735
815,3,10,-.9922397095484289E-01,.1984479419096858,-.4961198547741168E-01,-.4961198547743122E-01
816,1,784,.000000000000000,.000000000000000,-3.791116084530528,3.791116084530528
816,2,256,-7.582232169061013,15.16446433812203,-3.839021680375969,-3.743210488685045
816,3,10,-.9581119169085618E-01,.1916223833817124,-.4790559584544132E-01,-.4790559584541486E-01
817,1,784,.000000000000000,.000000000000000,-3.782000218682585,3.782000218682585
817,2,256,-7.564000437365351,15.12800087473070,-3.837967824879060,-3.726032612486286
817,3,10,-.1119352123929628,.2238704247859255,-.5596760619647578E-01,-.5596760619648698E-01
818,1,784,.000000000000000,.000000000000000,-3.795249365118553,3.795249365118553
818,2,256,-7.590498730237112,15.18099746047422,-3.832364086127540,-3.758134644109572
818,3,10,-.7422944201797413E-01,.1484588840359483,-.3711472100898763E-01,-.3711472100898650E-01
819,1,784,.000000000000000,.000000000000000,-3.793744621206762,3.793744621206762
819,2,256,-7.587489242414153,15.17497848482831,-3.837477863191039,-3.750011379223108
819,3,10,-.8746648396854403E-01,.1749329679370881,-.4373324198427705E-01,-.4373324198426698E-01
820,1,784,.000000000000000,.000000000000000,-3.781226739888981,3.781226739888981
820,2,256,-7.562453479778465,15.12490695955693,-3.829984393825134,-3.732469085953336
820,3,10,-.9751530787229505E-01,.1950306157445901,-.4875765393615693E-01,-.4875765393613811E-01
821,1,784,.000000000000000,.000000000000000,-3.795898244390516,3.795898244390516
821,2,256,-7.591796488780756,15.18359297756151,-3.837916816113530,-3.753879672667225
821,3,10,-.8403714344604921E-01,.1680742868920984,-.4201857172301625E-01,-.4201857172303295E-01
822,1,784,.000000000000000,.000000000000000,-3.794741843955563,3.794741843955563
822,2,256,-7.589483687911203,15.17896737582241,-3.832569237452294,-3.756914450458911
822,3,10,-.7565478699346084E-01,.1513095739869217,-.3782739349672947E-01,-.3782739349673137E-01
823,1,784,.000000000000000,.000000000000000,-3.782158049368116,3.782158049368116
823,2,256,-7.564316098736020,15.12863219747204,-3.829557966524599,-3.734758132211424
823,3,10,-.9479983431297465E-01,.1895996686259493,-.4739991715648284E-01,-.4739991715649181E-01
824,1,784,.000000000000000,.000000000000000,-3.792582146067033,3.792582146067033
824,2,256,-7.585164292134476,15.17032858426895,-3.840929639475215,-3.744234652659260
824,3,10,-.9669498681634853E-01,.1933899736326971,-.4834749340818335E-01,-.4834749340816516E-01
825,1,784,.000000000000000,.000000000000000,-3.787206957978051,3.787206957978051
825,2,256,-7.574413915956798,15.14882783191360,-3.826946032796246,-3.747467883160550
825,3,10,-.7947814963643539E-01,.1589562992728708,-.3973907481819703E-01,-.3973907481823836E-01
826,1,784,.000000000000000,.000000000000000,-3.793061218491943,3.793061218491943
826,2,256,-7.586122436983866,15.17224487396773,-3.831966359712990,-3.754156077270874
826,3,10,-.7781028244212730E-01,.1556205648842546,-.3890514122104653E-01,-.3890514122108077E-01
827,1,784,.000000000000000,.000000000000000,-3.787990879440391,3.787990879440391
827,2,256,-7.575981758880992,15.15196351776198,-3.836647967771133,-3.739333791109860
827,3,10,-.9731417666149189E-01,.1946283533229838,-.4865708833074166E-01,-.4865708833075023E-01
828,1,784,.000000000000000,.000000000000000,-3.778056449671205,3.778056449671205
828,2,256,-7.556112899342033,15.11222579868407,-3.826717092515233,-3.729395806826814
828,3,10,-.9732128568804016E-01,.1946425713760803,-.4866064284402646E-01,-.4866064284401368E-01
829,1,784,.000000000000000,.000000000000000,-3.782401952827056,3.782401952827056
829,2,256,-7.564803905653893,15.12960781130779,-3.835689415522554,-3.729114490131340
829,3,10,-.1065749253910287,.2131498507820574,-.5328746269549669E-01,-.5328746269553197E-01
830,1,784,.000000000000000,.000000000000000,-3.794696585290859,3.794696585290859
830,2,256,-7.589393170581813,15.17878634116363,-3.837535876172627,-3.751857294409184
830,3,10,-.8567858176348572E-01,.1713571635269714,-.4283929088176173E-01,-.4283929088172399E-01
831,1,784,.000000000000000,.000000000000000,-3.783288019822099,3.783288019822099
831,2,256,-7.566576039644254,15.13315207928851,-3.829406996390627,-3.737169043253623
831,3,10,-.9223795313704897E-01,.1844759062740979,-.4611897656852515E-01,-.4611897656852380E-01
832,1,784,.000000000000000,.000000000000000,-3.786443935407863,3.786443935407863
832,2,256,-7.572887870815504,15.14577574163101,-3.830341392744614,-3.742546478070890
832,3,10,-.8779491467350445E-01,.1755898293470089,-.4389745733675637E-01,-.4389745733674808E-01
833,1,784,.000000000000000,.000000000000000,-3.787697198225933,3.787697198225933
833,2,256,-7.575394396451848,15.15078879290370,-3.833552868679757,-3.741841527772091
833,3,10,-.9171134090763081E-01,.1834226818152616,-.4585567045382352E-01,-.4585567045380728E-01
834,1,784,.000000000000000,.000000000000000,-3.787415321452213,3.787415321452213
834,2,256,-7.574830642904604,15.14966128580921,-3.837525323992156,-3.737305318912446
834,3,10,-.1002200050799043,.2004400101598087,-.5011000253994454E-01,-.5011000253995978E-01
835,1,784,.000000000000000,.000000000000000,-3.784842445408773,3.784842445408773
835,2,256,-7.569684890818083,15.13936978163617,-3.833672680201550,-3.736012210616529
835,3,10,-.9766046958554402E-01,.1953209391710880,-.4883023479278037E-01,-.4883023479276364E-01
836,1,784,.000000000000000,.000000000000000,-3.785553907059035,3.785553907059035
836,2,256,-7.571107814118402,15.14221562823680,-3.837872787743487,-3.733235026374905
836,3,10,-.1046377613689276,.2092755227378552,-.5231888068445453E-01,-.5231888068447308E-01
837,1,784,.000000000000000,.000000000000000,-3.784847453622978,3.784847453622978
837,2,256,-7.569694907247007,15.13938981449401,-3.833929781561880,-3.735765125685127
837,3,10,-.9816465587783046E-01,.1963293117556609,-.4908232793890269E-01,-.4908232793892778E-01
838,1,784,.000000000000000,.000000000000000,-3.789288795700117,3.789288795700117
838,2,256,-7.578577591400087,15.15715518280017,-3.830312112318714,-3.748265479081374
838,3,10,-.8204663323717885E-01,.1640932664743577,-.4102331661859891E-01,-.4102331661857996E-01
839,1,784,.000000000000000,.000000000000000,-3.787520900744528,3.787520900744528
839,2,256,-7.575041801489156,15.15008360297831,-3.834993810464593,-3.740047991024564
839,3,10,-.9494581944017028E-01,.1898916388803406,-.4747290972006379E-01,-.4747290972010651E-01
840,1,784,.000000000000000,.000000000000000,-3.786938195387753,3.786938195387753
840,2,256,-7.573876390775903,15.14775278155181,-3.835781218126728,-3.738095172649178
840,3,10,-.9768604547795293E-01,.1953720909559059,-.4884302273896932E-01,-.4884302273898360E-01
841,1,784,.000000000000000,.000000000000000,-3.784800906224253,3.784800906224253
841,2,256,-7.569601812448504,15.13920362489701,-3.832819663148612,-3.736782149299889
841,3,10,-.9603751384871879E-01,.1920750276974376,-.4801875692436401E-01,-.4801875692435479E-01
842,1,784,.000000000000000,.000000000000000,-3.791573711993613,3.791573711993613
842,2,256,-7.583147423987326,15.16629484797465,-3.834031630608089,-3.749115793379229
842,3,10,-.8491583722893137E-01,.1698316744578627,-.4245791861447148E-01,-.4245791861445987E-01
843,1,784,.000000000000000,.000000000000000,-3.793366819945260,3.793366819945260
843,2,256,-7.586733639890157,15.17346727978031,-3.836668134543838,-3.750065505346322
843,3,10,-.8660262919718623E-01,.1732052583943725,-.4330131459858228E-01,-.4330131459860395E-01
844,1,784,.000000000000000,.000000000000000,-3.783155107733803,3.783155107733803
844,2,256,-7.566310215468241,15.13262043093648,-3.835352253662740,-3.730957961805499
844,3,10,-.1043942918578987,.2087885837157974,-.5219714592893723E-01,-.5219714592896144E-01
845,1,784,.000000000000000,.000000000000000,-3.788231884755308,3.788231884755308
845,2,256,-7.576463769510887,15.15292753902177,-3.837477112122750,-3.738986657388134
845,3,10,-.9849045473486526E-01,.1969809094697305,-.4924522736743814E-01,-.4924522736742713E-01
846,1,784,.000000000000000,.000000000000000,-3.784583664345771,3.784583664345771
846,2,256,-7.569167328691313,15.13833465738263,-3.839639273999770,-3.729528054691538
846,3,10,-.1101112193080196,.2202224386160392,-.5505560965400258E-01,-.5505560965401703E-01
847,1,784,.000000000000000,.000000000000000,-3.792427903062029,3.792427903062029
847,2,256,-7.584855806124129,15.16971161224826,-3.837018078204752,-3.747837727919381
847,3,10,-.8918035028546202E-01,.1783607005709240,-.4459017514271660E-01,-.4459017514274544E-01
848,1,784,.000000000000000,.000000000000000,-3.790320878955951,3.790320878955951
848,2,256,-7.580641757911810,15.16128351582362,-3.833129303164136,-3.747512454747667
848,3,10,-.8561684841636596E-01,.1712336968327319,-.4280842420818468E-01,-.4280842420818129E-01
849,1,784,.000000000000000,.000000000000000,-3.791576412206990,3.791576412206990
849,2,256,-7.583152824414268,15.16630564882854,-3.830988652686560,-3.752164171727712
849,3,10,-.7882448095910997E-01,.1576489619182199,-.3941224047956830E-01,-.3941224047954166E-01
850,1,784,.000000000000000,.000000000000000,-3.785941394738457,3.785941394738457
850,2,256,-7.571882789476703,15.14376557895341,-3.830431359291659,-3.741451430185047
850,3,10,-.8897992910641420E-01,.1779598582128284,-.4448996455319917E-01,-.4448996455321502E-01
851,1,784,.000000000000000,.000000000000000,-3.779301836415546,3.779301836415546
851,2,256,-7.558603672831037,15.11720734566207,-3.832298190079527,-3.726305482751506
851,3,10,-.1059927073279333,.2119854146558665,-.5299635366397607E-01,-.5299635366395719E-01
852,1,784,.000000000000000,.000000000000000,-3.784483707269787,3.784483707269787
852,2,256,-7.568967414539273,15.13793482907855,-3.830729442872551,-3.738237971666729
852,3,10,-.9249147120555050E-01,.1849829424111010,-.4624573560276047E-01,-.4624573560279001E-01
853,1,784,.000000000000000,.000000000000000,-3.788432108627520,3.788432108627520
853,2,256,-7.576864217255263,15.15372843451053,-3.836863902687659,-3.740000314567594
853,3,10,-.9686358812027518E-01,.1937271762405504,-.4843179406014131E-01,-.4843179406013387E-01
854,1,784,.000000000000000,.000000000000000,-3.794434308009305,3.794434308009305
854,2,256,-7.588868616018764,15.17773723203753,-3.840751493154509,-3.748117122864257
854,3,10,-.9263437029041223E-01,.1852687405808245,-.4631718514520176E-01,-.4631718514521045E-01
855,1,784,.000000000000000,.000000000000000,-3.788808007018897,3.788808007018897
855,2,256,-7.577616014037312,15.15523202807462,-3.836610719692916,-3.741005294344395
855,3,10,-.9560542534803311E-01,.1912108506960662,-.4780271267401873E-01,-.4780271267401439E-01
856,1,784,.000000000000000,.000000000000000,-3.779637591141375,3.779637591141375
856,2,256,-7.559275182282872,15.11855036456574,-3.827485635820657,-3.731789546462217
856,3,10,-.9569608935854658E-01,.1913921787170932,-.4784804467928369E-01,-.4784804467926290E-01
857,1,784,.000000000000000,.000000000000000,-3.788113289827633,3.788113289827633
857,2,256,-7.576226579655037,15.15245315931007,-3.834146397461037,-3.742080182194000
857,3,10,-.9206621526681041E-01,.1841324305336208,-.4603310763340358E-01,-.4603310763340685E-01
858,1,784,.000000000000000,.000000000000000,-3.787178692644881,3.787178692644881
858,2,256,-7.574357385290148,15.14871477058030,-3.835818865871909,-3.738538519418238
858,3,10,-.9728034645402722E-01,.1945606929080544,-.4864017322702792E-01,-.4864017322699929E-01
859,1,784,.000000000000000,.000000000000000,-3.785538036967479,3.785538036967479
859,2,256,-7.571076073934609,15.14215214786922,-3.833137741702421,-3.737938332232183
859,3,10,-.9519940946983767E-01,.1903988189396753,-.4759970473493784E-01,-.4759970473489984E-01
860,1,784,.000000000000000,.000000000000000,-3.792499386799478,3.792499386799478
860,2,256,-7.584998773599103,15.16999754719821,-3.833633887814159,-3.751364885784938
860,3,10,-.8226900202936901E-01,.1645380040587380,-.4113450101468840E-01,-.4113450101468061E-01
861,1,784,.000000000000000,.000000000000000,-3.781846555719528,3.781846555719528
861,2,256,-7.563693111439044,15.12738622287809,-3.843268857703981,-3.720424253735068
861,3,10,-.1228446039689038,.2456892079378076,-.6142230198445217E-01,-.6142230198445160E-01
862,1,784,.000000000000000,.000000000000000,-3.786958915037177,3.786958915037177
862,2,256,-7.573917830074129,15.14783566014826,-3.831379715123016,-3.742538114951103
862,3,10,-.8884160017171606E-01,.1776832003434321,-.4442080008584440E-01,-.4442080008587166E-01
863,1,784,.000000000000000,.000000000000000,-3.776352255138682,3.776352255138682
863,2,256,-7.552704510277524,15.10540902055505,-3.827596169772459,-3.725108340505058
863,3,10,-.1024878292675226,.2049756585350451,-.5124391463377594E-01,-.5124391463374663E-01
864,1,784,.000000000000000,.000000000000000,-3.792572215595235,3.792572215595235
864,2,256,-7.585144431190586,15.17028886238117,-3.838919613395177,-3.746224817795408
864,3,10,-.9269479559991781E-01,.1853895911998356,-.4634739779994447E-01,-.4634739779997335E-01
865,1,784,.000000000000000,.000000000000000,-3.793279861442969,3.793279861442969
865,2,256,-7.586559722885934,15.17311944577187,-3.837940458348146,-3.748619264537782
865,3,10,-.8932119381036782E-01,.1786423876207356,-.4466059690517690E-01,-.4466059690519092E-01
866,1,784,.000000000000000,.000000000000000,-3.787630181247265,3.787630181247265
866,2,256,-7.575260362494781,15.15052072498956,-3.831611099674987,-3.743649262819792
866,3,10,-.8796183685544269E-01,.1759236737108854,-.4398091842772101E-01,-.4398091842772167E-01
867,1,784,.000000000000000,.000000000000000,-3.772837288845010,3.772837288845010
867,2,256,-7.545674577689713,15.09134915537943,-3.832308892075635,-3.713365685614084
867,3,10,-.1189432064612580,.2378864129225160,-.5947160323062064E-01,-.5947160323063735E-01
868,1,784,.000000000000000,.000000000000000,-3.792715731144814,3.792715731144814
868,2,256,-7.585431462289932,15.17086292457986,-3.834089053724298,-3.751342408565633
868,3,10,-.8274664515898070E-01,.1654932903179614,-.4137332257948435E-01,-.4137332257949636E-01
869,1,784,.000000000000000,.000000000000000,-3.787841313578394,3.787841313578394
869,2,256,-7.575682627156622,15.15136525431324,-3.835596519491425,-3.740086107665195
869,3,10,-.9551041182605732E-01,.1910208236521146,-.4775520591302979E-01,-.4775520591302754E-01
870,1,784,.000000000000000,.000000000000000,-3.794353103484726,3.794353103484726
870,2,256,-7.588706206969594,15.17741241393919,-3.837460104946804,-3.751246102022794
870,3,10,-.8621400292415358E-01,.1724280058483072,-.4310700146207720E-01,-.4310700146207638E-01
871,1,784,.000000000000000,.000000000000000,-3.796318561248150,3.796318561248150
871,2,256,-7.592637122496328,15.18527424499266,-3.839271518724364,-3.753365603771960
871,3,10,-.8590591495241896E-01,.1718118299048379,-.4295295747621409E-01,-.4295295747620487E-01
872,1,784,.000000000000000,.000000000000000,-3.790877635391722,3.790877635391722
872,2,256,-7.581755270783531,15.16351054156706,-3.836298623748998,-3.745456647034527
872,3,10,-.9084197671453274E-01,.1816839534290655,-.4542098835726945E-01,-.4542098835726328E-01
873,1,784,.000000000000000,.000000000000000,-3.778860564890515,3.778860564890515
873,2,256,-7.557721129781449,15.11544225956290,-3.831269475795111,-3.726451653986344
873,3,10,-.1048178218091923,.2096356436183845,-.5240891090460132E-01,-.5240891090459095E-01
874,1,784,.000000000000000,.000000000000000,-3.783329700523897,3.783329700523897
874,2,256,-7.566659401047806,15.13331880209561,-3.836154766981961,-3.730504634065839
874,3,10,-.1056501329161237,.2113002658322473,-.5282506645805971E-01,-.5282506645806394E-01
875,1,784,.000000000000000,.000000000000000,-3.790092724203916,3.790092724203916
875,2,256,-7.580185448407261,15.16037089681452,-3.837525229320775,-3.742660219086487
875,3,10,-.9486501023373753E-01,.1897300204674751,-.4743250511685260E-01,-.4743250511688490E-01
876,1,784,.000000000000000,.000000000000000,-3.787232444195874,3.787232444195874
876,2,256,-7.574464888391406,15.14892977678281,-3.832874326097853,-3.741590562293554
876,3,10,-.9128376380400867E-01,.1825675276080173,-.4564188190197776E-01,-.4564188190203092E-01
877,1,784,.000000000000000,.000000000000000,-3.781969217721062,3.781969217721062
877,2,256,-7.563938435442622,15.12787687088524,-3.830060484884944,-3.733877950557678
877,3,10,-.9618253432776640E-01,.1923650686555328,-.4809126716388127E-01,-.4809126716388513E-01
878,1,784,.000000000000000,.000000000000000,-3.775971686046084,3.775971686046084
878,2,256,-7.551943372092249,15.10388674418450,-3.828149098230931,-3.723794273861320
878,3,10,-.1043548243696847,.2087096487393694,-.5217741218484442E-01,-.5217741218484030E-01
879,1,784,.000000000000000,.000000000000000,-3.784274323445153,3.784274323445153
879,2,256,-7.568548646889991,15.13709729377998,-3.830462617267535,-3.738086029622456
879,3,10,-.9237658764476421E-01,.1847531752895284,-.4618829382238397E-01,-.4618829382238022E-01
880,1,784,.000000000000000,.000000000000000,-3.782467863011959,3.782467863011959
880,2,256,-7.564935726024020,15.12987145204804,-3.832635756179425,-3.732299969844599
880,3,10,-.1003357863349550,.2006715726699101,-.5016789316746648E-01,-.5016789316748856E-01
881,1,784,.000000000000000,.000000000000000,-3.789160900592369,3.789160900592369
881,2,256,-7.578321801184747,15.15664360236949,-3.835702810686649,-3.742618990498101
881,3,10,-.9308382018854869E-01,.1861676403770974,-.4654191009428593E-01,-.4654191009426275E-01
882,1,784,.000000000000000,.000000000000000,-3.776515215914930,3.776515215914930
882,2,256,-7.553030431830044,15.10606086366009,-3.834467413232733,-3.718563018597315
882,3,10,-.1159043946355585,.2318087892711170,-.5795219731780305E-01,-.5795219731775544E-01
883,1,784,.000000000000000,.000000000000000,-3.778312288311183,3.778312288311183
883,2,256,-7.556624576622731,15.11324915324546,-3.835139430552530,-3.721485146070196
883,3,10,-.1136542844826682,.2273085689653364,-.5682714224134585E-01,-.5682714224132237E-01
884,1,784,.000000000000000,.000000000000000,-3.775469354094096,3.775469354094096
884,2,256,-7.550938708188227,15.10187741637645,-3.836540030756554,-3.714398677431670
884,3,10,-.1221413533248824,.2442827066497648,-.6107067666245784E-01,-.6107067666242454E-01
885,1,784,.000000000000000,.000000000000000,-3.781771566331702,3.781771566331702
885,2,256,-7.563543132663760,15.12708626532752,-3.829882066018379,-3.733661066645384
885,3,10,-.9622099937334339E-01,.1924419987466868,-.4811049968667442E-01,-.4811049968666896E-01
886,1,784,.000000000000000,.000000000000000,-3.789674534447977,3.789674534447977
886,2,256,-7.579349068895785,15.15869813779157,-3.838226113714316,-3.741122955181468
886,3,10,-.9710315853262169E-01,.1942063170652434,-.4855157926633820E-01,-.4855157926628349E-01
887,1,784,.000000000000000,.000000000000000,-3.776626821659058,3.776626821659058
887,2,256,-7.553253643317936,15.10650728663587,-3.833555930399078,-3.719697712918852
887,3,10,-.1138582174800252,.2277164349600503,-.5692910874001860E-01,-.5692910874000658E-01
888,1,784,.000000000000000,.000000000000000,-3.782247445098525,3.782247445098525
888,2,256,-7.564494890196778,15.12898978039356,-3.833943919727128,-3.730550970469649
888,3,10,-.1033929492571951,.2067858985143902,-.5169647462860587E-01,-.5169647462858923E-01
889,1,784,.000000000000000,.000000000000000,-3.789272239676620,3.789272239676620
889,2,256,-7.578544479353278,15.15708895870656,-3.838238622811384,-3.740305856541896
889,3,10,-.9793276626948988E-01,.1958655325389798,-.4896638313476149E-01,-.4896638313472839E-01
890,1,784,.000000000000000,.000000000000000,-3.786485659353338,3.786485659353338
890,2,256,-7.572971318706880,15.14594263741376,-3.834227446210550,-3.738743872496333
890,3,10,-.9548357371437122E-01,.1909671474287424,-.4774178685720740E-01,-.4774178685716380E-01
891,1,784,.000000000000000,.000000000000000,-3.775929504765625,3.775929504765625
891,2,256,-7.551859009531394,15.10371801906279,-3.832035908708773,-3.719823100822624
891,3,10,-.1122128078862895,.2244256157725790,-.5610640394314496E-01,-.5610640394314455E-01
892,1,784,.000000000000000,.000000000000000,-3.783796517662914,3.783796517662914
892,2,256,-7.567593035325870,15.13518607065174,-3.836303867145991,-3.731289168179886
892,3,10,-.1050146989661738,.2100293979323475,-.5250734948307578E-01,-.5250734948309795E-01
893,1,784,.000000000000000,.000000000000000,-3.792453753114187,3.792453753114187
893,2,256,-7.584907506227752,15.16981501245550,-3.832518020680622,-3.752389485547128
893,3,10,-.8012853513281808E-01,.1602570702656362,-.4006426756643576E-01,-.4006426756638232E-01
894,1,784,.000000000000000,.000000000000000,-3.791968977547622,3.791968977547622
894,2,256,-7.583937955095839,15.16787591019168,-3.836398708647184,-3.747539246448652
894,3,10,-.8885946219913586E-01,.1777189243982717,-.4442973109956126E-01,-.4442973109957461E-01
895,1,784,.000000000000000,.000000000000000,-3.788514751630023,3.788514751630023
895,2,256,-7.577029503259908,15.15405900651982,-3.835017416482705,-3.742012086777197
895,3,10,-.9300532970533364E-01,.1860106594106673,-.4650266485268280E-01,-.4650266485265083E-01
896,1,784,.000000000000000,.000000000000000,-3.792472146373014,3.792472146373014
896,2,256,-7.584944292745057,15.16988858549011,-3.839026414249332,-3.745917878495722
896,3,10,-.9310853575264229E-01,.1862170715052846,-.4655426787631545E-01,-.4655426787632683E-01
897,1,784,.000000000000000,.000000000000000,-3.778488595821714,3.778488595821714
897,2,256,-7.556977191643554,15.11395438328711,-3.832638466483681,-3.724338725159868
897,3,10,-.1082997413239436,.2165994826478872,-.5414987066197158E-01,-.5414987066197200E-01
898,1,784,.000000000000000,.000000000000000,-3.793025504882633,3.793025504882633
898,2,256,-7.586051009765465,15.17210201953093,-3.836925436233652,-3.749125573531809
898,3,10,-.8779986270202424E-01,.1755997254040485,-.4389993135102354E-01,-.4389993135100070E-01
899,1,784,.000000000000000,.000000000000000,-3.769060830702668,3.769060830702668
899,2,256,-7.538121661405940,15.07624332281188,-3.830673644906811,-3.707448016499136
899,3,10,-.1232256284083055,.2464512568166110,-.6161281420413976E-01,-.6161281420416571E-01
900,1,784,.000000000000000,.000000000000000,-3.783058158690552,3.783058158690552
900,2,256,-7.566116317380922,15.13223263476184,-3.833729185760216,-3.732387131620708
900,3,10,-.1013420541393176,.2026841082786351,-.5067102706966323E-01,-.5067102706965434E-01
901,1,784,.000000000000000,.000000000000000,-3.781323830305144,3.781323830305144
901,2,256,-7.562647660610242,15.12529532122048,-3.830305085719462,-3.732342574890781
901,3,10,-.9796251082861908E-01,.1959250216572382,-.4898125541431599E-01,-.4898125541430308E-01
902,1,784,.000000000000000,.000000000000000,-3.782759451182676,3.782759451182676
902,2,256,-7.565518902365296,15.13103780473059,-3.830560617787467,-3.734958284577826
902,3,10,-.9560233320961091E-01,.1912046664192218,-.4780116660479358E-01,-.4780116660481734E-01
903,1,784,.000000000000000,.000000000000000,-3.781589174701753,3.781589174701753
903,2,256,-7.563178349403276,15.12635669880655,-3.834888659751185,-3.728289689652097
903,3,10,-.1065989700988947,.2131979401977895,-.5329948504943549E-01,-.5329948504945925E-01
904,1,784,.000000000000000,.000000000000000,-3.779595987580120,3.779595987580120
904,2,256,-7.559191975159987,15.11838395031997,-3.832760942796603,-3.726431032363381
904,3,10,-.1063299104329857,.2126598208659713,-.5316495521648223E-01,-.5316495521650341E-01
905,1,784,.000000000000000,.000000000000000,-3.800273554239678,3.800273554239678
905,2,256,-7.600547108479141,15.20109421695828,-3.843505592046466,-3.757041516432681
905,3,10,-.8646407561357192E-01,.1729281512271438,-.4323203780678916E-01,-.4323203780678276E-01
906,1,784,.000000000000000,.000000000000000,-3.781557403604558,3.781557403604558
906,2,256,-7.563114807209089,15.12622961441818,-3.831021912026789,-3.732092895182305
906,3,10,-.9892901684445232E-01,.1978580336889046,-.4946450842222803E-01,-.4946450842222429E-01
907,1,784,.000000000000000,.000000000000000,-3.785134408202861,3.785134408202861
907,2,256,-7.570268816405182,15.14053763281036,-3.838653271458107,-3.731615544947069
907,3,10,-.1070377265104845,.2140754530209690,-.5351886325524942E-01,-.5351886325523509E-01
908,1,784,.000000000000000,.000000000000000,-3.790546209340473,3.790546209340473
908,2,256,-7.581092418680329,15.16218483736066,-3.829065693839746,-3.752026724840584
908,3,10,-.7703896899856237E-01,.1540779379971247,-.3851948449926845E-01,-.3851948449929391E-01
909,1,784,.000000000000000,.000000000000000,-3.796032552896120,3.796032552896120
909,2,256,-7.592065105791849,15.18413021158370,-3.832403265964873,-3.759661839826977
909,3,10,-.7274142613751056E-01,.1454828522750211,-.3637071306874810E-01,-.3637071306876247E-01
910,1,784,.000000000000000,.000000000000000,-3.791451788897039,3.791451788897039
910,2,256,-7.582903577793713,15.16580715558743,-3.836957533000389,-3.745946044793323
910,3,10,-.9101148820670600E-01,.1820229764134120,-.4550574410334582E-01,-.4550574410336019E-01
911,1,784,.000000000000000,.000000000000000,-3.784398700815975,3.784398700815975
911,2,256,-7.568797401631681,15.13759480326336,-3.829190088092859,-3.739607313538821
911,3,10,-.8958277455379005E-01,.1791655491075801,-.4479138727688757E-01,-.4479138727690248E-01
912,1,784,.000000000000000,.000000000000000,-3.770896272067027,3.770896272067027
912,2,256,-7.541792544133976,15.08358508826795,-3.835946574284803,-3.705845969849173
912,3,10,-.1301006044355762,.2602012088711523,-.6505030221778184E-01,-.6505030221779433E-01
913,1,784,.000000000000000,.000000000000000,-3.785411644804488,3.785411644804488
913,2,256,-7.570823289608899,15.14164657921780,-3.829843696847125,-3.740979592761779
913,3,10,-.8886410408527673E-01,.1777282081705535,-.4443205204263754E-01,-.4443205204263920E-01
914,1,784,.000000000000000,.000000000000000,-3.785370192030874,3.785370192030874
914,2,256,-7.570740384062003,15.14148076812401,-3.829040415405428,-3.741699968656572
914,3,10,-.8734044674910649E-01,.1746808934982130,-.4367022337455830E-01,-.4367022337454821E-01
915,1,784,.000000000000000,.000000000000000,-3.787796910367951,3.787796910367951
915,2,256,-7.575593820735347,15.15118764147069,-3.837555366811120,-3.738038453924224
915,3,10,-.9951691288633768E-01,.1990338257726754,-.4975845644317273E-01,-.4975845644316497E-01
916,1,784,.000000000000000,.000000000000000,-3.786800507916914,3.786800507916914
916,2,256,-7.573601015834069,15.14720203166814,-3.833818485777770,-3.739782530056301
916,3,10,-.9403595572171429E-01,.1880719114434286,-.4701797786085390E-01,-.4701797786086041E-01
917,1,784,.000000000000000,.000000000000000,-3.783034647943618,3.783034647943618
917,2,256,-7.566069295887457,15.13213859177491,-3.831659760428484,-3.734409535458971
917,3,10,-.9725022496975698E-01,.1945004499395140,-.4862511248486992E-01,-.4862511248488706E-01
918,1,784,.000000000000000,.000000000000000,-3.780609987744600,3.780609987744600
918,2,256,-7.561219975489629,15.12243995097926,-3.834719057165741,-3.726500918323893
918,3,10,-.1082181388423085,.2164362776846170,-.5410906942114245E-01,-.5410906942116602E-01
919,1,784,.000000000000000,.000000000000000,-3.777198472737680,3.777198472737680
919,2,256,-7.554396945476007,15.10879389095201,-3.835201726142561,-3.719195219333447
919,3,10,-.1160065068097852,.2320130136195704,-.5800325340488818E-01,-.5800325340489706E-01
920,1,784,.000000000000000,.000000000000000,-3.786533101757797,3.786533101757797
920,2,256,-7.573066203515802,15.14613240703160,-3.834874251124569,-3.738191952391233
920,3,10,-.9668229873353038E-01,.1933645974670608,-.4834114936677149E-01,-.4834114936675887E-01
921,1,784,.000000000000000,.000000000000000,-3.777763118701820,3.777763118701820
921,2,256,-7.555526237403267,15.11105247480653,-3.832544999234454,-3.722981238168811
921,3,10,-.1095637610652712,.2191275221305425,-.5478188053263331E-01,-.5478188053263791E-01
922,1,784,.000000000000000,.000000000000000,-3.772935900299394,3.772935900299394
922,2,256,-7.545871800598676,15.09174360119735,-3.830144848820715,-3.715726951777963
922,3,10,-.1144178970425913,.2288357940851826,-.5720894852131876E-01,-.5720894852127253E-01
923,1,784,.000000000000000,.000000000000000,-3.786648910271925,3.786648910271925
923,2,256,-7.573297820543708,15.14659564108742,-3.838028153110183,-3.735269667433527
923,3,10,-.1027584856764854,.2055169713529708,-.5137924283825486E-01,-.5137924283823053E-01
924,1,784,.000000000000000,.000000000000000,-3.778672308771620,3.778672308771620
924,2,256,-7.557344617543589,15.11468923508718,-3.836475224372751,-3.720869393170841
924,3,10,-.1156058312022779,.2312116624045558,-.5780291560112725E-01,-.5780291560115062E-01
925,1,784,.000000000000000,.000000000000000,-3.776695358110307,3.776695358110307
925,2,256,-7.553390716220625,15.10678143244125,-3.831101643903307,-3.722289072317319
925,3,10,-.1088125715859954,.2176251431719909,-.5440628579299964E-01,-.5440628579299582E-01
926,1,784,.000000000000000,.000000000000000,-3.791382511161583,3.791382511161583
926,2,256,-7.582765022322548,15.16553004464510,-3.833567199756569,-3.749197822565975
926,3,10,-.8436937718997875E-01,.1687387543799575,-.4218468859499189E-01,-.4218468859498686E-01
927,1,784,.000000000000000,.000000000000000,-3.785431165447350,3.785431165447350
927,2,256,-7.570862330894641,15.14172466178928,-3.832865746641993,-3.737996584252647
927,3,10,-.9486916238930036E-01,.1897383247786007,-.4743458119464559E-01,-.4743458119465477E-01
928,1,784,.000000000000000,.000000000000000,-3.771634581648688,3.771634581648688
928,2,256,-7.543269163297718,15.08653832659544,-3.832432678456848,-3.710836484840869
928,3,10,-.1215961936163311,.2431923872326621,-.6079809680816102E-01,-.6079809680817003E-01
929,1,784,.000000000000000,.000000000000000,-3.789281322768657,3.789281322768657
929,2,256,-7.578562645537331,15.15712529107466,-3.834390262846874,-3.744172382690456
929,3,10,-.9021788015645237E-01,.1804357603129047,-.4510894007821466E-01,-.4510894007823769E-01
930,1,784,.000000000000000,.000000000000000,-3.790173638380195,3.790173638380195
930,2,256,-7.580347276760173,15.16069455352035,-3.834434971366180,-3.745912305393993
930,3,10,-.8852266597200342E-01,.1770453319440068,-.4426133298598681E-01,-.4426133298601662E-01
931,1,784,.000000000000000,.000000000000000,-3.789016939668469,3.789016939668469
931,2,256,-7.578033879336274,15.15606775867255,-3.835179445349070,-3.742854433987202
931,3,10,-.9232501136121007E-01,.1846500227224201,-.4616250568060016E-01,-.4616250568060994E-01
932,1,784,.000000000000000,.000000000000000,-3.788310475577064,3.788310475577064
932,2,256,-7.576620951154264,15.15324190230853,-3.832206684989384,-3.744414266164885
932,3,10,-.8779241882461426E-01,.1755848376492285,-.4389620941231718E-01,-.4389620941229708E-01
933,1,784,.000000000000000,.000000000000000,-3.789129680327045,3.789129680327045
933,2,256,-7.578259360653783,15.15651872130757,-3.838986793905226,-3.739272566748554
933,3,10,-.9971422715637299E-01,.1994284543127460,-.4985711357818334E-01,-.4985711357818963E-01
934,1,784,.000000000000000,.000000000000000,-3.786168915347037,3.786168915347037
934,2,256,-7.572337830694162,15.14467566138832,-3.831320271893620,-3.741017558800539
934,3,10,-.9030271309318894E-01,.1806054261863779,-.4515135654658745E-01,-.4515135654660148E-01
935,1,784,.000000000000000,.000000000000000,-3.782272703642252,3.782272703642252
935,2,256,-7.564545407284891,15.12909081456978,-3.834230025905665,-3.730315381379228
935,3,10,-.1039146445268404,.2078292890536807,-.5195732226341208E-01,-.5195732226342829E-01
936,1,784,.000000000000000,.000000000000000,-3.783117545046569,3.783117545046569
936,2,256,-7.566235090093411,15.13247018018682,-3.835277588918867,-3.730957501174541
936,3,10,-.1043200877446051,.2086401754892101,-.5216004387229935E-01,-.5216004387230570E-01
937,1,784,.000000000000000,.000000000000000,-3.784755762025411,3.784755762025411
937,2,256,-7.569511524051141,15.13902304810228,-3.830879156705510,-3.738632367345638
937,3,10,-.9224678936018393E-01,.1844935787203679,-.4612339468009680E-01,-.4612339468008714E-01
938,1,784,.000000000000000,.000000000000000,-3.790065928634377,3.790065928634377
938,2,256,-7.580131857269244,15.16026371453849,-3.835473357041869,-3.744658500227377
938,3,10,-.9081485681500943E-01,.1816297136300189,-.4540742840749414E-01,-.4540742840751530E-01
939,1,784,.000000000000000,.000000000000000,-3.794693574720423,3.794693574720423
939,2,256,-7.589387149440597,15.17877429888119,-3.840293974596217,-3.749093174844383
939,3,10,-.9120079975159605E-01,.1824015995031921,-.4560039987579603E-01,-.4560039987580004E-01
940,1,784,.000000000000000,.000000000000000,-3.795442246387243,3.795442246387243
940,2,256,-7.590884492774212,15.18176898554842,-3.835668783768917,-3.755215709005291
940,3,10,-.8045307476335289E-01,.1609061495267058,-.4022653738166769E-01,-.4022653738168519E-01
941,1,784,.000000000000000,.000000000000000,-3.783684982617221,3.783684982617221
941,2,256,-7.567369965233991,15.13473993046798,-3.833975237297853,-3.733394727936138
941,3,10,-.1005805093612797,.2011610187225595,-.5029025468063189E-01,-.5029025468064782E-01
942,1,784,.000000000000000,.000000000000000,-3.774213153319844,3.774213153319844
942,2,256,-7.548426306638806,15.09685261327761,-3.830526969935821,-3.717899336702982
942,3,10,-.1126276332319775,.2252552664639551,-.5631381661597691E-01,-.5631381661600062E-01
943,1,784,.000000000000000,.000000000000000,-3.783827405496916,3.783827405496916
943,2,256,-7.567654810993862,15.13530962198772,-3.836134768996948,-3.731520041996920
943,3,10,-.1046147270000341,.2092294540000682,-.5230736350002763E-01,-.5230736350000650E-01
944,1,784,.000000000000000,.000000000000000,-3.792558725526453,3.792558725526453
944,2,256,-7.585117451053392,15.17023490210678,-3.836002709883017,-3.749114741170377
944,3,10,-.8688796871313992E-01,.1737759374262798,-.4344398435655988E-01,-.4344398435658004E-01
945,1,784,.000000000000000,.000000000000000,-3.795589508627209,3.795589508627209
945,2,256,-7.591179017254403,15.18235803450881,-3.838502025769481,-3.752676991484922
945,3,10,-.8582503428451181E-01,.1716500685690236,-.4291251714226584E-01,-.4291251714224598E-01
946,1,784,.000000000000000,.000000000000000,-3.791224288715938,3.791224288715938
946,2,256,-7.582448577432106,15.16489715486421,-3.840147233042707,-3.742301344389399
946,3,10,-.9784588865352380E-01,.1956917773070476,-.4892294432676683E-01,-.4892294432675697E-01
947,1,784,.000000000000000,.000000000000000,-3.788118347913862,3.788118347913862
947,2,256,-7.576236695827959,15.15247339165592,-3.834468320822022,-3.741768375005945
947,3,10,-.9269994581630867E-01,.1853998916326173,-.4634997290815897E-01,-.4634997290814968E-01
948,1,784,.000000000000000,.000000000000000,-3.795846527167301,3.795846527167301
948,2,256,-7.591693054335138,15.18338610867028,-3.835991373143756,-3.755701681191386
948,3,10,-.8028969195288489E-01,.1605793839057698,-.4014484597644800E-01,-.4014484597643690E-01
949,1,784,.000000000000000,.000000000000000,-3.774596975194910,3.774596975194910
949,2,256,-7.549193950390251,15.09838790078050,-3.831651768296490,-3.717542182093763
949,3,10,-.1141095862031512,.2282191724063024,-.5705479310157333E-01,-.5705479310157787E-01
950,1,784,.000000000000000,.000000000000000,-3.791882029924118,3.791882029924118
950,2,256,-7.583764059848346,15.16752811969669,-3.838067807498958,-3.745696252349390
950,3,10,-.9237155514967325E-01,.1847431102993465,-.4618577757483935E-01,-.4618577757483387E-01
951,1,784,.000000000000000,.000000000000000,-3.782141445979628,3.782141445979628
951,2,256,-7.564282891959728,15.12856578391946,-3.832601576331884,-3.731681315627844
951,3,10,-.1009202607045064,.2018405214090127,-.5046013035225225E-01,-.5046013035225411E-01
952,1,784,.000000000000000,.000000000000000,-3.782206121997246,3.782206121997246
952,2,256,-7.564412243995459,15.12882448799092,-3.830061876966149,-3.734350367029316
952,3,10,-.9571150993780797E-01,.1914230198756159,-.4785575496889934E-01,-.4785575496890862E-01
953,1,784,.000000000000000,.000000000000000,-3.793616124170152,3.793616124170152
953,2,256,-7.587232248340026,15.17446449668005,-3.839277601896876,-3.747954646443153
953,3,10,-.9132295545345612E-01,.1826459109069122,-.4566147772672150E-01,-.4566147772673462E-01
954,1,784,.000000000000000,.000000000000000,-3.795000736798418,3.795000736798418
954,2,256,-7.590001473596305,15.18000294719261,-3.839744658524455,-3.750256815071845
954,3,10,-.8948784345205267E-01,.1789756869041053,-.4474392172603044E-01,-.4474392172602222E-01
955,1,784,.000000000000000,.000000000000000,-3.794452899092709,3.794452899092709
955,2,256,-7.588905798185025,15.17781159637005,-3.840192152396971,-3.748713645788049
955,3,10,-.9147850660853066E-01,.1829570132170613,-.4573925330426534E-01,-.4573925330426531E-01
956,1,784,.000000000000000,.000000000000000,-3.798214516870221,3.798214516870221
956,2,256,-7.596429033739598,15.19285806747920,-3.840346145557776,-3.756082888181828
956,3,10,-.8426325737510290E-01,.1685265147502058,-.4213162868755684E-01,-.4213162868754607E-01
957,1,784,.000000000000000,.000000000000000,-3.776294397933582,3.776294397933582
957,2,256,-7.552588795867157,15.10517759173431,-3.832634095458191,-3.719954700408968
957,3,10,-.1126793950492675,.2253587900985349,-.5633969752461378E-01,-.5633969752465367E-01
958,1,784,.000000000000000,.000000000000000,-3.787399924751355,3.787399924751355
958,2,256,-7.574799849502572,15.14959969900514,-3.834960280671196,-3.739839568831375
958,3,10,-.9512071183971824E-01,.1902414236794365,-.4756035591984210E-01,-.4756035591987612E-01
959,1,784,.000000000000000,.000000000000000,-3.797347061633926,3.797347061633926
959,2,256,-7.594694123268343,15.18938824653669,-3.836300625427933,-3.758393497840412
959,3,10,-.7790712758802439E-01,.1558142551760488,-.3895356379400618E-01,-.3895356379401818E-01
960,1,784,.000000000000000,.000000000000000,-3.786305918540571,3.786305918540571
960,2,256,-7.572611837081317,15.14522367416263,-3.830042660740288,-3.742569176341026
960,3,10,-.8747348439941194E-01,.1749469687988239,-.4373674219971603E-01,-.4373674219969590E-01
961,1,784,.000000000000000,.000000000000000,-3.771076864759585,3.771076864759585
961,2,256,-7.542153729519513,15.08430745903903,-3.837513639991217,-3.704640089528299
961,3,10,-.1328735504632650,.2657471009265300,-.6643677523163305E-01,-.6643677523163198E-01
962,1,784,.000000000000000,.000000000000000,-3.754525758243940,3.754525758243940
962,2,256,-7.509051516488792,15.01810303297758,-3.827549448185950,-3.681502068302851
962,3,10,-.1460473798840540,.2920947597681080,-.7302368994201097E-01,-.7302368994204300E-01
963,1,784,.000000000000000,.000000000000000,-3.787382601346477,3.787382601346477
963,2,256,-7.574765202692610,15.14953040538522,-3.836212314278216,-3.738552888414390
963,3,10,-.9765942586345984E-01,.1953188517269197,-.4882971293173310E-01,-.4882971293172674E-01
964,1,784,.000000000000000,.000000000000000,-3.799038987695752,3.799038987695752
964,2,256,-7.598077975391630,15.19615595078326,-3.839298855756760,-3.758779119634879
964,3,10,-.8051973612199786E-01,.1610394722439957,-.4025986806100738E-01,-.4025986806099047E-01
965,1,784,.000000000000000,.000000000000000,-3.796691425210394,3.796691425210394
965,2,256,-7.593382850420858,15.18676570084172,-3.835117859868251,-3.758264990552604
965,3,10,-.7685286931571650E-01,.1537057386314330,-.3842643465785907E-01,-.3842643465785744E-01
966,1,784,.000000000000000,.000000000000000,-3.786330313302813,3.786330313302813
966,2,256,-7.572660626605066,15.14532125321013,-3.833973893219918,-3.738686733385145
966,3,10,-.9528715983422892E-01,.1905743196684578,-.4764357991710476E-01,-.4764357991712416E-01
967,1,784,.000000000000000,.000000000000000,-3.778277825678698,3.778277825678698
967,2,256,-7.556555651357352,15.11311130271470,-3.836031016411902,-3.720524634945452
967,3,10,-.1155063814663907,.2310127629327813,-.5775319073320455E-01,-.5775319073318611E-01
968,1,784,.000000000000000,.000000000000000,-3.776379645895059,3.776379645895059
968,2,256,-7.552759291790156,15.10551858358031,-3.835992249047102,-3.716767042743051
968,3,10,-.1192252063040824,.2384504126081647,-.5961260315204242E-01,-.5961260315203993E-01
969,1,784,.000000000000000,.000000000000000,-3.773456928486565,3.773456928486565
969,2,256,-7.546913856972840,15.09382771394568,-3.829665483380053,-3.717248373592787
969,3,10,-.1124171097869179,.2248342195738359,-.5620855489349152E-01,-.5620855489342639E-01
970,1,784,.000000000000000,.000000000000000,-3.796256612952607,3.796256612952607
970,2,256,-7.592513225904848,15.18502645180970,-3.837743247585542,-3.754769978319307
970,3,10,-.8297326926584830E-01,.1659465385316966,-.4148663463294157E-01,-.4148663463290673E-01
971,1,784,.000000000000000,.000000000000000,-3.786131027025902,3.786131027025902
971,2,256,-7.572262054051827,15.14452410810365,-3.832855839046033,-3.739406215005799
971,3,10,-.9344962404025012E-01,.1868992480805002,-.4672481202013286E-01,-.4672481202011725E-01
972,1,784,.000000000000000,.000000000000000,-3.777200877303557,3.777200877303557
972,2,256,-7.554401754607366,15.10880350921473,-3.830562903701822,-3.723838850905546
972,3,10,-.1067240527965651,.2134481055931302,-.5336202639826664E-01,-.5336202639829848E-01
973,1,784,.000000000000000,.000000000000000,-3.777671652034883,3.777671652034883
973,2,256,-7.555343304069613,15.11068660813923,-3.836439477220528,-3.718903826849084
973,3,10,-.1175356503713469,.2350713007426937,-.5876782518564495E-01,-.5876782518570190E-01
974,1,784,.000000000000000,.000000000000000,-3.787163255555872,3.787163255555872
974,2,256,-7.574326511111647,15.14865302222329,-3.833466553218148,-3.740859957893501
974,3,10,-.9260659532454042E-01,.1852131906490808,-.4630329766227717E-01,-.4630329766226325E-01
975,1,784,.000000000000000,.000000000000000,-3.800772710743392,3.800772710743392
975,2,256,-7.601545421487244,15.20309084297449,-3.841684735747328,-3.759860685739912
975,3,10,-.8182405000787100E-01,.1636481000157420,-.4091202500393939E-01,-.4091202500393161E-01
976,1,784,.000000000000000,.000000000000000,-3.778539986667290,3.778539986667290
976,2,256,-7.557079973334903,15.11415994666981,-3.835464962128227,-3.721615011206672
976,3,10,-.1138499509218500,.2276999018437000,-.5692497546093783E-01,-.5692497546091217E-01
977,1,784,.000000000000000,.000000000000000,-3.782582331097843,3.782582331097843
977,2,256,-7.565164662195773,15.13032932439155,-3.833814796570756,-3.731349865625014
977,3,10,-.1024649309458207,.2049298618916414,-.5123246547291138E-01,-.5123246547290931E-01
978,1,784,.000000000000000,.000000000000000,-3.776677987000387,3.776677987000387
978,2,256,-7.553355974000284,15.10671194800057,-3.834630101214912,-3.718725872785372
978,3,10,-.1159042284290119,.2318084568580239,-.5795211421452447E-01,-.5795211421448749E-01
979,1,784,.000000000000000,.000000000000000,-3.777781237556984,3.777781237556984
979,2,256,-7.555562475113319,15.11112495022664,-3.838815250589634,-3.716747224523690
979,3,10,-.1220680260653132,.2441360521306264,-.6103401303265297E-01,-.6103401303266025E-01
980,1,784,.000000000000000,.000000000000000,-3.781742610935942,3.781742610935942
980,2,256,-7.563485221871674,15.12697044374335,-3.833295957384081,-3.730189264487599
980,3,10,-.1031066928962996,.2062133857925992,-.5155334644814284E-01,-.5155334644815675E-01
981,1,784,.000000000000000,.000000000000000,-3.800368599357368,3.800368599357368
981,2,256,-7.600737198714720,15.20147439742944,-3.842469726121785,-3.758267472592932
981,3,10,-.8420225352881144E-01,.1684045070576229,-.4210112676441449E-01,-.4210112676439695E-01
982,1,784,.000000000000000,.000000000000000,-3.788985758379106,3.788985758379106
982,2,256,-7.577971516758278,15.15594303351656,-3.837134765938223,-3.740836750820054
982,3,10,-.9629801511824763E-01,.1925960302364953,-.4814900755911478E-01,-.4814900755913286E-01
983,1,784,.000000000000000,.000000000000000,-3.792251089057580,3.792251089057580
983,2,256,-7.584502178115345,15.16900435623069,-3.834975992657980,-3.749526185457367
983,3,10,-.8544980720082163E-01,.1708996144016433,-.4272490360039719E-01,-.4272490360042443E-01
984,1,784,.000000000000000,.000000000000000,-3.786729222784758,3.786729222784758
984,2,256,-7.573458445569158,15.14691689113832,-3.828478045324241,-3.744980400244917
984,3,10,-.8349764507896959E-01,.1669952901579392,-.4174882253948627E-01,-.4174882253948331E-01
985,1,784,.000000000000000,.000000000000000,-3.790341781292958,3.790341781292958
985,2,256,-7.580683562586485,15.16136712517297,-3.834311530461190,-3.746372032125291
985,3,10,-.8793949833645960E-01,.1758789966729192,-.4396974916823003E-01,-.4396974916822956E-01
986,1,784,.000000000000000,.000000000000000,-3.783263752065838,3.783263752065838
986,2,256,-7.566527504131593,15.13305500826319,-3.830226754299799,-3.736300749831796
986,3,10,-.9392600446788552E-01,.1878520089357710,-.4696300223395920E-01,-.4696300223392633E-01
987,1,784,.000000000000000,.000000000000000,-3.788692691744540,3.788692691744540
987,2,256,-7.577385383489372,15.15477076697874,-3.834884264956105,-3.742501118533268
987,3,10,-.9238314642315898E-01,.1847662928463180,-.4619157321155989E-01,-.4619157321159909E-01
988,1,784,.000000000000000,.000000000000000,-3.786144392389542,3.786144392389542
988,2,256,-7.572288784779555,15.14457756955911,-3.837396184850376,-3.734892599929184
988,3,10,-.1025035849216901,.2050071698433802,-.5125179246083449E-01,-.5125179246085561E-01
989,1,784,.000000000000000,.000000000000000,-3.788823617604335,3.788823617604335
989,2,256,-7.577647235209187,15.15529447041837,-3.831115994972374,-3.746531240236815
989,3,10,-.8458475473609497E-01,.1691695094721899,-.4229237736803507E-01,-.4229237736805990E-01
990,1,784,.000000000000000,.000000000000000,-3.788659767615115,3.788659767615115
990,2,256,-7.577319535230516,15.15463907046103,-3.837022558652198,-3.740296976578315
990,3,10,-.9672558207414431E-01,.1934511641482886,-.4836279103708498E-01,-.4836279103705933E-01
991,1,784,.000000000000000,.000000000000000,-3.790390796219416,3.790390796219416
991,2,256,-7.580781592438964,15.16156318487793,-3.839532287486290,-3.741249304952672
991,3,10,-.9828298253378037E-01,.1965659650675607,-.4914149126687928E-01,-.4914149126690107E-01
992,1,784,.000000000000000,.000000000000000,-3.779904017327567,3.779904017327567
992,2,256,-7.559808034655396,15.11961606931079,-3.832140607055028,-3.727667427600373
992,3,10,-.1044731794548857,.2089463589097713,-.5223658972745826E-01,-.5223658972742741E-01
993,1,784,.000000000000000,.000000000000000,-3.782345060026526,3.782345060026526
993,2,256,-7.564690120053217,15.12938024010643,-3.829225698369615,-3.735464421683599
993,3,10,-.9376127668615379E-01,.1875225533723076,-.4688063834309268E-01,-.4688063834306112E-01
994,1,784,.000000000000000,.000000000000000,-3.778728737552807,3.778728737552807
994,2,256,-7.557457475105041,15.11491495021008,-3.833769832622961,-3.723687642482076
994,3,10,-.1100821901403202,.2201643802806405,-.5504109507015187E-01,-.5504109507016836E-01
995,1,784,.000000000000000,.000000000000000,-3.789267602740837,3.789267602740837
995,2,256,-7.578535205481754,15.15707041096351,-3.832948894352625,-3.745586311129125
995,3,10,-.8736258322360275E-01,.1747251664472055,-.4368129161179567E-01,-.4368129161180707E-01
996,1,784,.000000000000000,.000000000000000,-3.790028329244101,3.790028329244101
996,2,256,-7.580056658488164,15.16011331697633,-3.828978443481442,-3.751078215006724
996,3,10,-.7790022847466115E-01,.1558004569493223,-.3895011423733846E-01,-.3895011423732270E-01
997,1,784,.000000000000000,.000000000000000,-3.785152597629963,3.785152597629963
997,2,256,-7.570305195259853,15.14061039051971,-3.834199187991208,-3.736106007268647
997,3,10,-.9809318072248975E-01,.1961863614449795,-.4904659036124593E-01,-.4904659036124381E-01
998,1,784,.000000000000000,.000000000000000,-3.794697587989559,3.794697587989559
998,2,256,-7.589395175978767,15.17879035195753,-3.836481713288591,-3.752913462690167
998,3,10,-.8356825059807801E-01,.1671365011961560,-.4178412529903332E-01,-.4178412529904469E-01
999,1,784,.000000000000000,.000000000000000,-3.792621846072695,3.792621846072695
999,2,256,-7.585243692146167,15.17048738429233,-3.836154423909379,-3.749089268236787
999,3,10,-.8706515567334867E-01,.1741303113466973,-.4353257783668513E-01,-.4353257783666357E-01
1000,1,784,.000000000000000,.000000000000000,-3.792644293187931,3.792644293187931
1000,2,256,-7.585288586375746,15.17057717275149,-3.835203023301549,-3.750085563074204
1000,3,10,-.8511746022723182E-01,.1702349204544636,-.4255873011362148E-01,-.4255873011361036E-01
