id,stability,max_real_part,max_kappa_in,min_kappa_in,max_kappa_out,min_kappa_out
1,stable,-1.000000000000000,5.319253463196219,-2.729367266547342,1.939514431171119,-1.837624323437922
2,stable,-1.000000000000000,7.339816189223711,-3.694537666899123,2.047484017268289,-1.561398783291224
3,stable,-1.000000000000000,4.487255315514631,-2.530733832405531,2.248521866975352,-1.582055511407816
4,stable,-1.000000000000000,6.548764085906441,-3.351797426843405,1.852380466647446,-1.989223706186749
5,stable,-1.000000000000000,5.767645287211280,-3.040584649126686,1.933803781026654,-2.025894928883645
6,stable,-1.000000000000000,6.024312260982697,-4.746080603537848,1.941825518530095,-1.761287261877442
7,stable,-1.000000000000000,6.360261665657163,-4.621421701973304,2.066850399656687,-2.173647461953806
8,stable,-1.000000000000000,8.094187345188402,-4.344674333042349,1.791656233312096,-1.698339944588952
9,stable,-1.000000000000000,6.316054901813914,-3.971393299900228,2.924645975173917,-1.606528302596416
10,stable,-1.000000000000000,5.982698931031337,-3.884068716805814,1.697734343964839,-1.623961072007660
11,stable,-1.000000000000000,6.399857945694748,-3.266251798901067,1.865478293300839,-2.123996400507167
12,stable,-1.000000000000000,11.06515182794828,-4.057449766285572,2.038683483282512,-2.525973685435019
13,stable,-1.000000000000000,5.911837062369159,-1.884190380448672,2.536483848700300,-1.864249028323684
14,stable,-1.000000000000000,5.616669640243344,-4.109220432685106,2.121654207003303,-1.520574297468556
15,stable,-1.000000000000000,6.389263145228142,-3.226914337428752,1.989455557428300,-1.549744109666790
16,stable,-1.000000000000000,6.113148318108870,-2.888702558742807,1.747528802137822,-1.822214227220684
17,stable,-1.000000000000000,6.935768721823479,-2.005923943535890,2.173677215323551,-1.749301994510461
18,stable,-1.000000000000000,4.654179600333009,-3.399804233482428,1.762317296350375,-2.299014845280908
19,stable,-1.000000000000000,6.565079761556262,-4.579493223831378,1.936681458028033,-2.604445276607294
20,stable,-1.000000000000000,5.211394158526673,-2.740652024818701,1.898115355637856,-2.083424916956574
21,stable,-1.000000000000000,4.775187693527187,-3.211663096379198,2.127527063363232,-1.881248159159441
22,stable,-1.000000000000000,5.558634692715714,-2.565116811168991,2.047654530178988,-1.544706063519698
23,stable,-1.000000000000000,5.607675905537690,-3.127483816489985,2.248262430250179,-1.938383398810402
24,stable,-1.000000000000000,5.519114092798191,-2.413858887110109,1.792639398830943,-1.587331301358063
25,stable,-1.000000000000000,5.433779479952364,-1.266323238378391,2.117022714017367,-1.538532012491487
26,stable,-1.000000000000000,5.072252725481690,-2.729857551064015,1.776656936912332,-1.985028353286907
27,stable,-1.000000000000000,7.142802435093472,-4.059795532230055,1.918415194086265,-1.695950691515463
28,stable,-1.000000000000000,5.726975925936131,-4.396669746589396,2.353560564457439,-1.957700003142236
29,stable,-1.000000000000000,6.574494668835541,-3.541673859879666,2.116629117663251,-1.414679340610746
30,stable,-1.000000000000000,5.560889950756973,-3.287558818396064,1.832972460259043,-1.510475341230631
31,stable,-1.000000000000000,6.609600678071729,-2.974081626254701,1.912741885869764,-1.495793994516134
32,stable,-1.000000000000000,5.611447493422020,-2.932078578356595,1.837272940203547,-1.792571178521030
33,stable,-1.000000000000000,6.281750264024595,-2.269175855908543,2.220455853734165,-1.465042753115995
34,stable,-1.000000000000000,7.141342476581485,-1.689639364674804,2.529588795849122,-1.596451331279241
35,stable,-1.000000000000000,7.166652301355498,-1.833224947658891,2.104916530617629,-2.036348022724269
36,stable,-1.000000000000000,6.246062297948811,-3.265815768798348,1.917541238246486,-1.449785131262615
37,stable,-1.000000000000000,5.693661571491248,-3.692791010711517,1.990795505495043,-1.918869830435142
38,stable,-1.000000000000000,5.036664062436103,-2.949920178327375,2.297551343741361,-1.824101185469772
39,stable,-1.000000000000000,6.957681485815556,-3.629522296985670,1.973467242845800,-1.847614364345645
40,stable,-1.000000000000000,6.045212863864435,-1.491968857146276,2.152602856047451,-1.519492277177051
41,stable,-1.000000000000000,4.837018756112229,-3.717527738777790,2.784418083989294,-2.163536128675332
42,stable,-1.000000000000000,5.326305395882855,-3.355493405484594,1.916732511625014,-1.368752732989378
43,stable,-1.000000000000000,6.538215882809254,-2.248158116610284,2.297605096449843,-1.634832661977271
44,stable,-1.000000000000000,6.101097154634772,-2.249596476787701,1.935780565487221,-1.844784348737448
45,stable,-1.000000000000000,5.211606134085741,-3.042752922665386,1.791050908737816,-1.719514386495575
46,stable,-1.000000000000000,7.193737737674383,-2.646672121692973,2.186546132434160,-1.472772378358059
47,stable,-1.000000000000000,7.251876552812973,-3.494151842083738,1.901484832720598,-1.503046037745662
48,stable,-1.000000000000000,6.114421426336776,-2.367464264544651,2.143820217577741,-1.892430374136893
49,stable,-1.000000000000000,5.595608288429503,-2.338408355765750,2.416950391605496,-1.495394467725419
50,stable,-1.000000000000000,5.698804939558613,-2.827755846097716,1.857317045112723,-1.525820159993600
51,stable,-1.000000000000000,6.230464316715370,-1.790130685185432,1.895604481454939,-1.578269228048157
52,stable,-1.000000000000000,5.929296535762660,-3.022394197716494,1.962075690622441,-1.764469811867457
53,stable,-1.000000000000000,6.838080835688743,-3.212992749344266,2.412781334482133,-1.613265563501045
54,stable,-1.000000000000000,7.218062844121278,-2.469196300371550,2.090947637945646,-1.612745007383637
55,stable,-1.000000000000000,6.717412285608589,-3.387866195143943,1.588794540424715,-1.682167341292370
56,stable,-1.000000000000000,6.689570729940442,-2.123305230446931,2.197066577384248,-2.115715788648231
57,stable,-1.000000000000000,5.231260319382272,-2.534048091603836,2.113414671213832,-1.678533671190962
58,stable,-1.000000000000000,6.566662298406300,-2.628536886812071,1.841904371423880,-2.184716229210608
59,stable,-1.000000000000000,5.122259586860309,-2.468354044380249,2.557781259005424,-1.843409833847545
60,stable,-1.000000000000000,6.794008876662701,-5.148617461978574,2.213904696982354,-1.809166880819248
61,stable,-1.000000000000000,5.306627332351354,-2.128297806804767,2.434087091212859,-1.574594409670681
62,stable,-1.000000000000000,6.482628764659239,-2.348550729857379,2.601906114687154,-1.512224124468048
63,stable,-1.000000000000000,5.630302046355609,-3.209612733156973,1.823145469068550,-2.721894170739688
64,stable,-1.000000000000000,5.488505852545131,-1.639677912229672,1.919539159876877,-1.217452026263345
65,stable,-1.000000000000000,7.330146687238084,-2.947975751705599,2.074005969538121,-1.898848083568737
66,stable,-1.000000000000000,5.978825939237140,-1.941860465100035,1.952366969460854,-1.556913731177701
67,stable,-1.000000000000000,6.571917093334605,-2.265796490906268,2.058134002698353,-1.963883092219476
68,stable,-1.000000000000000,5.561302913878535,-2.176969956664834,1.864709617919289,-1.779931916389614
69,stable,-1.000000000000000,4.197686152205279,-3.500385187042411,1.829919084673747,-2.575894678375334
70,stable,-1.000000000000000,4.936249554644746,-2.874041496276163,2.484288581530564,-1.629352159681730
71,stable,-1.000000000000000,5.432233385137806,-2.085020179358253,2.081432789331302,-1.584859397902619
72,stable,-1.000000000000000,6.276329495558457,-3.506533199635669,1.892215661617229,-1.560007432723069
73,stable,-1.000000000000000,7.567938589298137,-2.169602007066715,1.868065895116160,-1.864786825724877
74,stable,-1.000000000000000,4.946445019264502,-2.928329172205849,2.041926102479920,-1.665005347225815
75,stable,-1.000000000000000,5.798456173972227,-3.331080685653433,2.137724650325254,-1.630880308337510
76,stable,-1.000000000000000,5.293478542910634,-3.688472507117694,1.710416546149645,-1.676505093986634
77,stable,-1.000000000000000,6.021081208922624,-2.704262174465839,1.915999422199093,-1.784991753753275
78,stable,-1.000000000000000,5.405190180998943,-2.631985148593230,2.492429668549448,-1.733236842963379
79,stable,-1.000000000000000,5.728945143979217,-3.949999533291702,2.323201753199100,-1.561938614497194
80,stable,-1.000000000000000,5.427361697926244,-2.998764115269296,2.494387072678364,-1.849977997044334
81,stable,-1.000000000000000,5.101254850555051,-2.708468713579350,2.270725194306578,-1.523838048684411
82,stable,-1.000000000000000,5.983559952612268,-3.743110005816561,2.293156189465662,-1.846929400955560
83,stable,-1.000000000000000,5.887546555528388,-3.652636700368021,1.977088626503246,-1.430411686156731
84,stable,-1.000000000000000,7.663551750896659,-2.307192436883270,1.738786961883307,-1.673604239476845
85,stable,-1.000000000000000,6.375997747720248,-5.066021634275330,1.859682248323224,-2.060655491426587
86,stable,-1.000000000000000,5.264044409284224,-2.089766496314041,1.726868564262986,-1.568197445369151
87,stable,-1.000000000000000,6.335650155957410,-2.303423483793040,1.934148729720619,-1.895221932056302
88,stable,-1.000000000000000,5.687797460779620,-4.262361963192234,2.251908370526507,-1.538067921559559
89,stable,-1.000000000000000,6.270374747400638,-3.973793104822107,2.007000142475590,-1.688541685914970
90,stable,-1.000000000000000,6.811037622894219,-2.150195209127560,1.860993004331249,-1.534049878362566
91,stable,-1.000000000000000,6.382437754960847,-2.548777496835100,2.171322399779456,-1.853225953178480
92,stable,-1.000000000000000,5.971178493282423,-2.331585650479610,2.053571477426885,-1.880316938506439
93,stable,-1.000000000000000,4.765134307339395,-3.460961355427571,1.725463545299135,-1.593304359346803
94,stable,-1.000000000000000,6.070705051137338,-2.375318872766002,2.081798427854665,-1.942712442151560
95,stable,-1.000000000000000,5.233339526870623,-1.785822216449560,2.104909402609337,-1.668478776467964
96,stable,-1.000000000000000,5.079834673844744,-3.604396200495103,1.808881763019599,-1.739965426735580
97,stable,-1.000000000000000,10.09526474606901,-5.484780527520343,2.255134951046784,-1.506144249811769
98,stable,-1.000000000000000,6.117304850951768,-3.174177569220774,2.238139025794226,-1.690602868562564
99,stable,-1.000000000000000,9.073965659317764,-2.297185766484063,1.876184788648970,-1.576138905118569
100,stable,-1.000000000000000,5.765747842728160,-2.788910456336453,2.009282628918299,-1.722790580068249
101,stable,-1.000000000000000,4.971463037818467,-2.858344302037949,2.014692312572151,-2.061679014004767
102,stable,-1.000000000000000,5.454888775435393,-4.026290318688552,2.303771493083332,-1.898743147961795
103,stable,-1.000000000000000,7.208351627319644,-4.375193581741769,2.426596411794890,-1.914705579772999
104,stable,-1.000000000000000,7.062289945228258,-3.458063549398503,1.804426642018370,-1.726618882035837
105,stable,-1.000000000000000,6.536472246658377,-3.803584190602123,1.974898570217192,-2.107338034227723
106,stable,-1.000000000000000,7.010404113098502,-2.392741783070960,1.914924395638081,-1.876070133672329
107,stable,-1.000000000000000,7.184572964881227,-3.701519359354279,2.014754218398593,-2.215011283056810
108,stable,-1.000000000000000,5.448064627387794,-3.036838276006165,2.018093123275321,-1.802526699291775
109,stable,-1.000000000000000,5.477568666661682,-2.566653653684625,2.899388720666138,-2.213249343782081
110,stable,-1.000000000000000,6.079511169285979,-3.176075502331514,1.945228088181466,-1.507658127542527
111,stable,-1.000000000000000,6.680326470239379,-3.624614420266880,1.933791580144316,-1.617936203838326
112,stable,-1.000000000000000,5.608508122946660,-1.937814063740007,1.913274277350865,-1.631822143812769
113,stable,-1.000000000000000,6.224790365814442,-2.795786201399096,1.951706561376341,-1.915470606647432
114,stable,-1.000000000000000,6.391733963653678,-3.382716607406110,1.881532713538036,-1.507847039727494
115,stable,-1.000000000000000,5.885793773530168,-2.283834069605291,2.104849715833552,-1.652318224267219
116,stable,-1.000000000000000,5.683375574914862,-2.925244991685759,2.129456997412490,-1.556502890918637
117,stable,-1.000000000000000,7.047162672570266,-1.914875751521322,1.962467230187031,-1.588094329636078
118,stable,-1.000000000000000,6.208800355670974,-2.677462957384705,2.078250705322716,-1.752463705939590
119,stable,-1.000000000000000,4.953830868078512,-1.513631610309403,1.900410097092390,-1.736469747498631
120,stable,-1.000000000000000,5.663731490407372,-1.900938805818441,2.224186661478598,-1.525566432974301
121,stable,-1.000000000000000,6.370267681391852,-3.110197168403829,2.087640979967546,-2.404678755789064
122,stable,-1.000000000000000,6.877254926599562,-2.874709054900450,1.937188839656301,-2.014542332355632
123,stable,-1.000000000000000,5.458994204702321,-2.669367505717673,2.061012383383058,-1.869393563829362
124,stable,-1.000000000000000,5.559915750935033,-1.983948807290290,2.585754739586264,-1.672460848174524
125,stable,-1.000000000000000,5.696225260425308,-3.129230478363752,1.994247337104753,-1.473443964525359
126,stable,-1.000000000000000,5.021640575419951,-2.281561541769406,2.421286844764836,-1.677773835806875
127,stable,-1.000000000000000,6.514975116195274,-3.769947529644924,2.144044679414947,-2.093158675081213
128,stable,-1.000000000000000,4.851011176564498,-3.309825971922692,2.309537245426327,-1.520642044371925
129,stable,-1.000000000000000,6.749306027631974,-4.159827465766284,2.080026416224428,-1.669003962655552
130,stable,-1.000000000000000,5.392925601758179,-4.566284792621445,2.156473234877922,-2.435651141739072
131,stable,-1.000000000000000,5.130872808407730,-3.303556353312160,2.171850918733981,-2.013946790135378
132,stable,-1.000000000000000,4.656011274495540,-3.042252197366906,2.318233552607126,-1.747703766799532
133,stable,-1.000000000000000,7.189720892431978,-2.315331446006894,2.643400154280243,-1.550659613800235
134,stable,-1.000000000000000,5.742662416512758,-3.421771771259955,2.494640141958371,-1.669315790961264
135,stable,-1.000000000000000,6.002369031011767,-2.664623783781281,2.644181766081601,-2.892091446439736
136,stable,-1.000000000000000,6.962297105295875,-1.497704221032109,2.005548917222768,-1.726035318628419
137,stable,-1.000000000000000,6.740000569048789,-2.441961903212359,2.009607500396669,-1.622532712150132
138,stable,-1.000000000000000,6.430173352955535,-3.943980636147899,2.122868201928213,-2.094673494262679
139,stable,-1.000000000000000,7.258650736112031,-5.142475636912422,3.119092081789859,-1.904477605843567
140,stable,-1.000000000000000,5.875822775886263,-2.831186409523070,1.980052421713481,-1.902466569095850
141,stable,-1.000000000000000,6.283169556020766,-3.842464706940518,1.808903402532451,-1.798514431924559
142,stable,-1.000000000000000,6.382082902928232,-3.533371828427335,2.004895847436273,-1.840786394604947
143,stable,-1.000000000000000,6.207708412614011,-2.104943836777238,2.417488991079153,-1.581184860260691
144,stable,-1.000000000000000,4.454752234429179,-3.488760857907437,2.247340330461157,-1.762794394337106
145,stable,-1.000000000000000,4.899704644913641,-2.733939947467661,2.006699690595269,-1.387979213763174
146,stable,-1.000000000000000,6.884085584184504,-3.499284922530933,2.219921623589471,-1.836065339506604
147,stable,-1.000000000000000,6.773397023376674,-2.400167368077746,2.042062733438797,-1.675237247385667
148,stable,-1.000000000000000,5.812745436596742,-2.419950106579336,2.324878145831462,-1.935552063514479
149,stable,-1.000000000000000,4.657944383805443,-3.437114676700730,2.661326647023088,-1.566815817786846
150,stable,-1.000000000000000,5.974740644262056,-2.738890868757153,1.969562897458673,-1.933199148756103
151,stable,-1.000000000000000,5.420315060761823,-3.640728975384263,2.366260034614243,-1.870680966956570
152,stable,-1.000000000000000,8.225261151232189,-3.494284145985148,2.169668936985545,-2.008597332111094
153,stable,-1.000000000000000,6.987348759411361,-3.693217685933632,2.156843922450207,-1.776740468339995
154,stable,-1.000000000000000,6.623031055542015,-3.544178470074257,2.288342078769347,-2.012150236741945
155,stable,-1.000000000000000,6.515117479321816,-2.708693363492785,2.354952056251932,-1.583238242950756
156,stable,-1.000000000000000,4.867109177903330,-2.310388064179278,2.239118294950458,-1.784421173419105
157,stable,-1.000000000000000,5.363944483169689,-2.250465809163870,2.112060629355256,-1.813639847619925
158,stable,-1.000000000000000,6.037137145423912,-2.154635117280122,2.342186849680729,-1.750026947906008
159,stable,-1.000000000000000,5.530316416239657,-2.785447273468890,2.444818873191252,-1.665245894808322
160,stable,-1.000000000000000,5.789885860343929,-4.058368814874484,2.314026715001091,-1.546609695098596
161,stable,-1.000000000000000,5.437375077017350,-1.892083375707443,1.950450476768310,-2.135898555803578
162,stable,-1.000000000000000,6.343807188241044,-2.517610528455407,2.153480525390478,-1.463552680448629
163,stable,-1.000000000000000,5.470576489183713,-3.140682297287640,1.925014622393064,-1.496524293557741
164,stable,-1.000000000000000,6.194603048556019,-1.835659825177572,2.007393242442049,-1.572145220256061
165,stable,-1.000000000000000,4.855951756857394,-3.501403574009601,2.124012614018284,-1.765688225539634
166,stable,-1.000000000000000,7.594313492227229,-2.656458045719774,2.113761793996673,-1.705682743879152
167,stable,-1.000000000000000,5.629400776735565,-1.958582741412101,1.822550659766421,-1.316170332545880
168,stable,-1.000000000000000,5.236752255070314,-3.864346146667003,2.160237627220340,-1.498284061934100
169,stable,-1.000000000000000,5.457564967800863,-4.460251267644708,1.779655875521712,-1.651054508387460
170,stable,-1.000000000000000,5.583980665802301,-1.271571920580755,1.960436910041608,-1.670025020954199
171,stable,-1.000000000000000,4.373228916963853,-2.215345298470311,1.882745557493763,-1.879739059979329
172,stable,-1.000000000000000,6.190759252689190,-2.758075447163719,2.161972345944378,-1.495706364963553
173,stable,-1.000000000000000,7.496013411342574,-1.568655741153634,2.360481854353566,-1.552488928660750
174,stable,-1.000000000000000,5.718560924142366,-2.813986197274062,2.020960447494872,-1.810796262259828
175,stable,-1.000000000000000,6.726636426225923,-3.894864381272782,1.969021039723884,-2.039434886421077
176,stable,-1.000000000000000,7.251079440196918,-1.833880561338447,2.336529779364355,-2.208148540579714
177,stable,-1.000000000000000,5.932842070993047,-2.819288783764932,1.986476595135173,-1.824950308262487
178,stable,-1.000000000000000,6.058218137882477,-3.120844051760741,2.239472868153825,-1.482358082263090
179,stable,-1.000000000000000,6.537606154077366,-2.995048465389118,2.217748437426053,-2.162354366853833
180,stable,-1.000000000000000,7.492327592242873,-2.211088734282384,2.131062736938475,-2.296622082270915
181,stable,-1.000000000000000,7.273942973799421,-2.856497303167998,2.502388268883806,-1.921021033718716
182,stable,-1.000000000000000,5.808728381321998,-1.963413074568962,1.828111776616424,-1.517999539966695
183,stable,-1.000000000000000,6.608817031161834,-3.340476693250821,2.558272182512155,-1.793099902570248
184,stable,-1.000000000000000,5.209634118131362,-2.961374433318269,2.585694919689558,-1.404169165267376
185,stable,-1.000000000000000,5.497986481554108,-3.359334340759233,1.813557842600858,-1.953798328759149
186,stable,-1.000000000000000,6.202413226063072,-3.745061283136238,1.978077400039183,-1.410103333328152
187,stable,-1.000000000000000,5.430859813874122,-3.491723893228482,2.026364720426500,-1.505011550732888
188,stable,-1.000000000000000,7.079554322852346,-3.818784287621384,2.284502860939028,-1.473818560814834
189,stable,-1.000000000000000,4.263176884367795,-2.893569573232526,2.092036563728470,-2.091996179107809
190,stable,-1.000000000000000,6.100551178278693,-2.810460317796242,2.185667698504403,-1.794774701294955
191,stable,-1.000000000000000,6.042696258511228,-4.286709427462483,2.006623471796047,-1.624292049304472
192,stable,-1.000000000000000,4.738217225625249,-2.665594346133730,1.876984744099900,-1.879301419554395
193,stable,-1.000000000000000,7.506914222140040,-2.902779617070337,2.075632108448190,-1.835293464551796
194,stable,-1.000000000000000,4.805911826000738,-2.546573261150115,2.111938992544310,-1.668894235044718
195,stable,-1.000000000000000,5.652229717044975,-3.362226857363567,2.955218118790071,-1.744190124503803
196,stable,-1.000000000000000,6.511816302627267,-2.987195555389917,1.807102467253571,-1.962418707786128
197,stable,-1.000000000000000,5.472699117673983,-2.935179145375514,2.309590195363853,-1.909790702164173
198,stable,-1.000000000000000,5.712730737042875,-3.078016911778832,2.309741260920418,-1.552081841509789
199,stable,-1.000000000000000,5.324468706602602,-2.921866362106812,1.810576613061130,-1.383539448492229
200,stable,-1.000000000000000,5.328080221988785,-4.411398439397090,2.062327786581591,-1.704087839403655
201,stable,-1.000000000000000,6.208396225192701,-6.269158358831191,2.170551665592939,-1.842600414238404
202,stable,-1.000000000000000,6.800507931904576,-3.469268428206078,2.002939490368590,-1.251433928031474
203,stable,-1.000000000000000,7.073520896519767,-2.973790796580033,1.882835968826839,-1.506815750151873
204,stable,-1.000000000000000,5.434836028682184,-3.385215005746431,2.014888184960000,-1.451635545352474
205,stable,-1.000000000000000,5.869756021376816,-4.101652373021352,2.437198730243836,-1.746789306518622
206,stable,-1.000000000000000,5.623632097720701,-3.280674400644784,1.731032632727874,-1.761017641634680
207,stable,-1.000000000000000,5.416517620789818,-3.217047653881309,2.227432061918080,-1.887981468811631
208,stable,-1.000000000000000,6.488442520105309,-2.606260310058133,2.041385728865862,-2.029587150946099
209,stable,-1.000000000000000,4.779664363592246,-4.437097203801386,1.856603731743235,-1.467284142359858
210,stable,-1.000000000000000,5.666211962277885,-2.691552283948113,1.953783758566715,-1.759580333507984
211,stable,-1.000000000000000,5.797720104757900,-4.614395934135246,2.157648912747391,-2.024003947342862
212,stable,-1.000000000000000,4.966479384233025,-3.308565928913595,2.183916833164403,-2.081379040144384
213,stable,-1.000000000000000,6.215657263669527,-3.706206774360908,2.065415151882917,-1.687469121297909
214,stable,-1.000000000000000,5.615709597506793,-2.263395961105743,1.836373703088611,-1.645336561894510
215,stable,-1.000000000000000,7.558256966396584,-2.782280585470289,1.964182519528549,-1.777946358137342
216,stable,-1.000000000000000,7.545756935017948,-4.274668508487593,2.225383706620050,-1.797456475440413
217,stable,-1.000000000000000,6.676743594713116,-4.981268495619588,2.255514911666978,-1.634021578822285
218,stable,-1.000000000000000,8.512903435435874,-3.135436517493872,1.836068329663249,-1.508720836311113
219,stable,-1.000000000000000,6.622649823679239,-5.300963424146175,2.646593763143755,-1.938178187003359
220,stable,-1.000000000000000,6.032354582437279,-2.821541582703503,2.096121404607402,-2.232651792466640
221,stable,-1.000000000000000,5.791570610177587,-2.804767109688669,1.950864412036026,-1.603052963677328
222,stable,-1.000000000000000,5.044625656077187,-2.557148253596097,1.787781907618410,-1.569296533940360
223,stable,-1.000000000000000,5.922692604843178,-2.695400104559667,2.441826223599492,-1.624085536575876
224,stable,-1.000000000000000,5.927965667174249,-1.673998344438587,2.123037939425558,-2.246894465701189
225,stable,-1.000000000000000,5.749216949050606,-4.253129601234832,1.822325862631260,-1.356005521141924
226,stable,-1.000000000000000,5.920583561975945,-3.096949178099749,1.895937379449606,-1.740984189382289
227,stable,-1.000000000000000,6.494771290927019,-2.571551067103428,2.470369154587388,-1.451868730364367
228,stable,-1.000000000000000,4.581547735953791,-1.600111119347275,2.176151204970665,-1.872763578547165
229,stable,-1.000000000000000,6.807035985155380,-2.659380319339107,2.202774145058356,-1.836923229042441
230,stable,-1.000000000000000,5.859672488892102,-2.461113464076334,1.991687877456570,-1.515259310137480
231,stable,-1.000000000000000,5.164159401318557,-1.530943792631660,2.002621706436912,-2.053550915610685
232,stable,-1.000000000000000,5.818897800982086,-3.180226390223652,2.173075894825161,-2.000662603757519
233,stable,-1.000000000000000,5.750391088583683,-5.139671448501758,2.693406625476200,-1.648919657571241
234,stable,-1.000000000000000,5.854384057254720,-2.356169550825143,2.214141332311556,-1.638288974645548
235,stable,-1.000000000000000,5.318732504739728,-2.868678161525168,2.235699562181253,-1.720519095659256
236,stable,-1.000000000000000,7.298114732448084,-3.892792100646147,2.279458649049047,-1.611969688092358
237,stable,-1.000000000000000,7.459213117930631,-3.441684276813248,2.327544520376250,-2.057017843704671
238,stable,-1.000000000000000,8.962841905246023,-2.536988928883147,1.955556578817777,-2.110708977736067
239,stable,-1.000000000000000,5.732104040427657,-3.196147784990899,3.057646116358228,-1.586477778502740
240,stable,-1.000000000000000,7.279346872499445,-3.128090490610248,1.989673553383909,-2.078951271658298
241,stable,-1.000000000000000,6.356841456397888,-2.725040110115515,1.921636750397738,-1.468584359623492
242,stable,-1.000000000000000,5.789008783904137,-2.489592461271968,2.048072415054776,-1.678799365588930
243,stable,-1.000000000000000,5.058988302327634,-3.270577394257089,2.224698380217887,-1.734337856061757
244,stable,-1.000000000000000,5.108465082121256,-3.672242221568013,2.151369401544798,-1.744351238070522
245,stable,-1.000000000000000,5.450058421491121,-2.483328919646738,1.728985646812362,-2.001455722376704
246,stable,-1.000000000000000,6.533312824423774,-2.379601105144502,2.218723138314090,-1.932677772012539
247,stable,-1.000000000000000,5.899021452714805,-2.224972650677955,1.774378868693020,-1.854121967568062
248,stable,-1.000000000000000,5.598193712998182,-4.378700683824718,2.075681772228563,-2.191122493692092
249,stable,-1.000000000000000,5.981686960411025,-2.877865442507755,2.218371711787768,-1.480464383959770
250,stable,-1.000000000000000,5.293263915806165,-2.222236987538054,1.808559037628584,-1.719627252081409
251,stable,-1.000000000000000,5.746151607034335,-3.362532056606142,2.467522872611880,-1.970060130232014
252,stable,-1.000000000000000,7.201982727900031,-2.816269697594180,1.866840798276826,-1.570780007983558
253,stable,-1.000000000000000,6.741105630368111,-4.430366849665006,1.854775912943296,-1.411097068339586
254,stable,-1.000000000000000,5.062302300659212,-3.626845122176746,2.142547862487845,-1.398507518140832
255,stable,-1.000000000000000,5.159689718122536,-2.688822059382801,1.970933697492001,-2.090552020963514
256,stable,-1.000000000000000,5.148512865121120,-3.254510633843893,1.789775290555554,-1.661363390972838
257,stable,-1.000000000000000,5.928937716087603,-2.467072169913081,2.576077769394033,-1.705852318264078
258,stable,-1.000000000000000,6.649566326712375,-2.794264785741689,2.191006970533635,-1.487580765809980
259,stable,-1.000000000000000,7.722583296112134,-2.894511093287292,2.078849820420146,-2.000744226970710
260,stable,-1.000000000000000,5.310434889232511,-3.461696191719966,1.916949478443712,-1.864895839360543
261,stable,-1.000000000000000,5.986336438800208,-2.094793096737703,1.987366796587594,-1.573341267561773
262,stable,-1.000000000000000,6.781986167043215,-2.865733366423228,1.800260894815437,-1.610886015114374
263,stable,-1.000000000000000,6.148773604264079,-4.048892165268626,1.818968093692092,-1.678429465508088
264,stable,-1.000000000000000,4.976723920262884,-2.841279158522184,2.205797369708307,-1.842472927994095
265,stable,-1.000000000000000,4.452681008096988,-3.184836644424649,2.383748212174396,-1.499521977908444
266,stable,-1.000000000000000,6.973061881973990,-2.841711264256446,2.624199683545157,-1.977598236233462
267,stable,-1.000000000000000,5.815406484127379,-3.452622774019801,1.831727563403547,-1.686493363871705
268,stable,-1.000000000000000,5.404029725046712,-4.670938135876895,1.815129819471622,-1.915382872764894
269,stable,-1.000000000000000,8.158288778893620,-2.195933744362264,1.991341488435864,-1.557834727689624
270,stable,-1.000000000000000,5.997833648929372,-3.863982243134160,2.342752706550527,-1.611864314661943
271,stable,-1.000000000000000,4.918703977105906,-1.315085940099380,1.950517733348534,-1.629886024195002
272,stable,-1.000000000000000,5.107376492789626,-3.237262395014113,1.906174177187495,-1.818267804685092
273,stable,-1.000000000000000,5.847994108904459,-3.050907893603267,1.800488202017732,-1.246182862880232
274,stable,-1.000000000000000,7.344292679572391,-2.613782911786984,2.168090516664961,-1.628238212666474
275,stable,-1.000000000000000,6.025011133653607,-3.060932489084735,2.247125424444675,-1.683067856003618
276,stable,-1.000000000000000,5.690567481336984,-3.624676719584386,1.746404235018417,-1.587311054812744
277,stable,-1.000000000000000,6.647979106564890,-3.946033008902305,2.147921366384253,-1.879164790909272
278,stable,-1.000000000000000,5.886908154323464,-5.072716862658126,2.172126421704888,-1.491172331327107
279,stable,-1.000000000000000,5.550377614184981,-2.406958966294042,1.990772728109732,-2.074739834293723
280,stable,-1.000000000000000,6.272092692379374,-1.576547147003112,2.117718195666384,-1.742886651249137
281,stable,-1.000000000000000,6.722592066620564,-5.387020220150589,1.881009123520926,-1.718104993924499
282,stable,-1.000000000000000,6.240532968005937,-2.308216118050041,1.821488200628664,-1.710289468261180
283,stable,-1.000000000000000,6.078429422264890,-3.683287246247346,1.775613407720812,-1.752170425490476
284,stable,-1.000000000000000,6.422219269514244,-4.300769017740095,1.809285478273523,-2.059935429506368
285,stable,-1.000000000000000,5.512520004118869,-3.733880468815187,1.811936906247865,-2.155845165907522
286,stable,-1.000000000000000,5.753433316245719,-3.473354565451700,2.184139755903743,-1.821752908173949
287,stable,-1.000000000000000,6.957857147579716,-3.950428703439684,1.938331723620649,-1.724228190432768
288,stable,-1.000000000000000,6.186792053864338,-4.348814966455279,2.216855033228057,-2.183031873195432
289,stable,-1.000000000000000,5.364140831483382,-2.099600977606315,1.796637146966532,-1.845452291745460
290,stable,-1.000000000000000,5.276435299769219,-3.178892626421657,2.202119290232076,-2.057923589600250
291,stable,-1.000000000000000,6.272561132456758,-3.286342412440717,1.792730694171041,-1.840148994349875
292,stable,-1.000000000000000,5.044961735770812,-1.907022361265263,1.892077917698771,-1.666688851953950
293,stable,-1.000000000000000,6.992563640102162,-3.002293274533031,1.875543215370271,-1.407881613005884
294,stable,-1.000000000000000,6.297841496714682,-2.923810649583174,2.096881788922474,-1.681864517042413
295,stable,-1.000000000000000,5.275518361700506,-3.520000856144179,2.145963453920558,-1.310745804890757
296,stable,-1.000000000000000,5.551863336404494,-2.394891116568033,1.971461404387810,-2.037916287983535
297,stable,-1.000000000000000,7.248223790697011,-3.335994237771956,2.108655653079040,-1.542225353165122
298,stable,-1.000000000000000,5.481276716715001,-2.491528316713811,1.786137649265584,-2.076674961484969
299,stable,-1.000000000000000,6.028219580121231,-3.123940215881703,2.315836691297591,-1.537740588421002
300,stable,-1.000000000000000,5.091267914271157,-1.399330046580872,1.844140831890400,-1.989707226799510
301,stable,-1.000000000000000,7.785783831590379,-3.967250149680694,1.876550093526021,-1.789418422733434
302,stable,-1.000000000000000,5.486423965584436,-2.564984321390511,1.947692552872468,-1.562182535453758
303,stable,-1.000000000000000,6.743050674740516,-1.862559278670233,2.295922532197437,-2.445141250587767
304,stable,-1.000000000000000,5.555987321007706,-3.558019674196657,2.635778321942780,-2.490772203949746
305,stable,-1.000000000000000,6.619347342315450,-2.163981848883850,1.890076122537721,-1.538643375155516
306,stable,-1.000000000000000,5.396545809511736,-2.477231541779474,1.843380483449437,-1.518930333812023
307,stable,-1.000000000000000,5.270362836541608,-3.141063091472461,3.062848590721842,-1.454316252260469
308,stable,-1.000000000000000,7.466354099844466,-3.721797285819775,2.094073967309669,-1.435846105101518
309,stable,-1.000000000000000,6.071202245031600,-3.149214566103183,1.982820533216000,-1.705518029746599
310,stable,-1.000000000000000,6.176476426335284,-3.006080320103138,1.879965201835148,-1.793065710415249
311,stable,-1.000000000000000,5.308437870764465,-2.018205952372227,1.986488859402016,-1.905989241087809
312,stable,-1.000000000000000,6.732154017387074,-2.299886110928128,1.900378729274962,-1.852147758356296
313,stable,-1.000000000000000,5.302672626541607,-2.926094105372613,2.170171014266089,-1.828112530754879
314,stable,-1.000000000000000,5.130452788638650,-3.467407383519458,2.068062399659539,-1.881350031588227
315,stable,-1.000000000000000,5.147853846181533,-2.730423666806018,1.807236018048570,-2.073150303913280
316,stable,-1.000000000000000,5.695982625180477,-3.305752757620212,2.343306243645202,-1.796952591044828
317,stable,-1.000000000000000,7.759158970031422,-2.897606624817854,2.395719065942103,-2.185442229616456
318,stable,-1.000000000000000,5.517700867319945,-2.548996074838215,2.570434569817735,-1.513400508731138
319,stable,-1.000000000000000,5.804403096139140,-3.001555009275762,2.392073190363590,-1.929108774522319
320,stable,-1.000000000000000,6.209004268472199,-2.568611976203101,1.651522926986217,-1.475088210543618
321,stable,-1.000000000000000,6.811348892358183,-4.879583686468322,2.344807840738213,-2.074350435286760
322,stable,-1.000000000000000,4.863203374636214,-3.650464865630056,1.951737240597140,-1.753376060893061
323,stable,-1.000000000000000,5.527405196451582,-2.786082981019717,2.444119243533351,-1.604661407061940
324,stable,-1.000000000000000,7.156913891040858,-2.789884699905087,2.328991216374561,-2.269329527716536
325,stable,-1.000000000000000,6.730338962279347,-2.070642658721226,2.609120567154605,-1.565220618620515
326,stable,-1.000000000000000,5.575222066381912,-1.801344840929232,1.713915070751682,-1.811480715958169
327,stable,-1.000000000000000,5.281467269199311,-2.935905503458343,2.183947830228135,-2.119285236112773
328,stable,-1.000000000000000,7.005901600425204,-2.188919877415174,1.957010635407642,-1.475021684163949
329,stable,-1.000000000000000,6.878044647812203,-3.935790099924361,1.838842067634687,-2.096271492453525
330,stable,-1.000000000000000,6.818827594041068,-2.305193073421833,2.124820472996362,-1.641257985611446
331,stable,-1.000000000000000,5.999154160934268,-2.916124558242927,1.977611331443768,-1.444446784036700
332,stable,-1.000000000000000,5.319461088751495,-3.821936986365472,2.155536547070369,-1.699768670601770
333,stable,-1.000000000000000,5.882958342052007,-2.304447490168968,2.010639474028721,-1.662368491597590
334,stable,-1.000000000000000,6.408561755539267,-2.946319770817354,2.175510087079601,-1.612840436166152
335,stable,-1.000000000000000,6.020907367470500,-2.813693181953568,2.269473460532026,-1.663351132396201
336,stable,-1.000000000000000,6.408598003356019,-2.871001678890934,1.817406158210360,-1.497753446688876
337,stable,-1.000000000000000,7.127839922031853,-3.809907674263513,1.856716448441148,-1.524756953935139
338,stable,-1.000000000000000,6.873738624530233,-2.347647446127667,1.854259974017623,-2.035363383938602
339,stable,-1.000000000000000,5.602347772917710,-2.897137149086120,2.150243004900403,-1.640515772596700
340,stable,-1.000000000000000,5.858446129927188,-2.615205705349581,1.846294606395531,-1.572669171058806
341,stable,-1.000000000000000,5.997188037385058,-1.765817613340914,2.015130144427530,-1.911251443962101
342,stable,-1.000000000000000,4.692004202384851,-2.065066651404777,2.285450171388220,-1.607398435138748
343,stable,-1.000000000000000,6.782472508508363,-3.547145352429652,2.239034356600314,-1.605909856516519
344,stable,-1.000000000000000,5.372111099306494,-2.601544800355441,1.904427937930450,-2.029509164276533
345,stable,-1.000000000000000,7.317332179445657,-2.853734413899474,2.478134231896547,-1.804365344396501
346,stable,-1.000000000000000,5.487243617602871,-4.550287272664718,1.692828506900696,-1.586800017073983
347,stable,-1.000000000000000,5.492384456720174,-2.864020373771837,1.980720884050243,-1.862484395387582
348,stable,-1.000000000000000,7.521032553358964,-4.888785446781185,2.178195883519948,-1.608256052015349
349,stable,-1.000000000000000,5.403429548061695,-4.573278442352603,1.653886149899336,-1.562847365385096
350,stable,-1.000000000000000,5.080771033029919,-3.098446753703683,2.049453808926046,-2.143203355160949
351,stable,-1.000000000000000,5.845887540599506,-3.443082787343883,1.766953410144197,-1.876506082480773
352,stable,-1.000000000000000,6.109170093310240,-2.666650082142951,2.556413632351905,-1.869473323691636
353,stable,-1.000000000000000,6.227684129161617,-2.223092612672190,2.160445623012492,-1.423815541423210
354,stable,-1.000000000000000,6.024026075761867,-4.139169548921927,2.648033720644889,-1.665006297058426
355,stable,-1.000000000000000,5.920397384528769,-2.551279784171129,1.931931078433990,-1.530870194546878
356,stable,-1.000000000000000,6.888259702311188,-3.326683588399646,2.298591486760415,-1.995508293039165
357,stable,-1.000000000000000,5.642848114166554,-4.230510016743210,1.824026515998412,-1.551696093869396
358,stable,-1.000000000000000,5.709948744766734,-2.503435783233726,2.120253088301979,-1.661657755626948
359,stable,-1.000000000000000,6.123367623639751,-4.087116439255624,1.788399362587370,-1.532333150622435
360,stable,-1.000000000000000,5.582174498973473,-2.686726483087114,2.411730438703671,-1.519318197446410
361,stable,-1.000000000000000,8.411348787129100,-2.636316464922857,2.402318813576130,-1.945828032679856
362,stable,-1.000000000000000,6.518831388236322,-2.212426821031841,1.871456447639503,-1.852741686278023
363,stable,-1.000000000000000,6.096764132445969,-1.493943971610861,2.024963709394797,-1.428574276069412
364,stable,-1.000000000000000,6.319551163993310,-7.610527788201580,2.252458084083628,-1.942230748943985
365,stable,-1.000000000000000,5.445063946775917,-2.469517507503042,2.135578665533103,-1.376242404337972
366,stable,-1.000000000000000,7.339147996382962,-3.222149999675821,1.962305189576000,-1.585484238574281
367,stable,-1.000000000000000,6.965564992380678,-3.288816410709842,1.794845446071122,-1.625589846749790
368,stable,-1.000000000000000,5.714668438196895,-4.197007321408819,2.284194143139757,-2.072715592941677
369,stable,-1.000000000000000,6.002259537790451,-3.964562179564382,2.454627078841440,-2.025968077767175
370,stable,-1.000000000000000,7.832161347287183,-2.784938972225063,2.012839152419474,-1.933205419802107
371,stable,-1.000000000000000,5.237013086256411,-1.852109338331502,1.701750825275667,-1.842383823357522
372,stable,-1.000000000000000,5.126213199837366,-3.154892686761741,2.060321581651806,-1.666307298815809
373,stable,-1.000000000000000,7.044073669821955,-4.581185976952838,2.210449433419853,-1.751496604061686
374,stable,-1.000000000000000,5.860593039991727,-2.318836681959510,2.543015460832976,-1.850555755605455
375,stable,-1.000000000000000,5.149281010777486,-2.743968294587830,2.137634067796171,-1.691893267328851
376,stable,-1.000000000000000,6.714901863622799,-4.613220548116942,1.911304781096987,-1.824455162684899
377,stable,-1.000000000000000,4.668926244492468,-2.810262429571594,2.147696508443914,-1.715979895205237
378,stable,-1.000000000000000,5.852941914490657,-2.973945650397923,2.006861869939030,-1.936529830913059
379,stable,-1.000000000000000,6.010203907120740,-2.817360969187575,1.598051943234168,-2.043065690901130
380,stable,-1.000000000000000,5.773377438919852,-2.466442828881554,2.120013024366926,-2.270862142984697
381,stable,-1.000000000000000,5.143405551363685,-4.247103575060464,2.185273661161773,-1.829577243013773
382,stable,-1.000000000000000,5.759481306520684,-2.585209749333444,2.373180476832204,-1.673293231753632
383,stable,-1.000000000000000,5.574796251705266,-2.664091016104067,1.891302416799590,-1.454625873593614
384,stable,-1.000000000000000,6.051239416250610,-3.346385427234054,2.351952708559111,-1.751696452731267
385,stable,-1.000000000000000,6.760805420792167,-2.136500801576403,2.133839135523885,-2.016184452048037
386,stable,-1.000000000000000,5.636916866265892,-4.788486301204102,1.818327677872730,-1.531009286991321
387,stable,-1.000000000000000,5.735389182020754,-3.142261922970647,1.982722987908346,-1.695212026585068
388,stable,-1.000000000000000,6.656492102789343,-2.330720608901174,1.935141701658722,-1.558549673296511
389,stable,-1.000000000000000,5.532889935523599,-2.319380259108584,2.139881442446494,-1.613740412780317
390,stable,-1.000000000000000,7.117934659569983,-1.627293181089044,2.022301992168650,-1.868489131331444
391,stable,-1.000000000000000,5.006424496772524,-3.329578701772334,2.029967517912155,-1.864510405885085
392,stable,-1.000000000000000,5.674845937210193,-2.559325268040993,2.032298943580827,-1.519682623311382
393,stable,-1.000000000000000,4.936623405308637,-3.931989418069861,1.986736878672673,-1.839013227538089
394,stable,-1.000000000000000,6.702071832129150,-3.439999477159290,1.829317706229631,-1.428840716253035
395,stable,-1.000000000000000,5.934940616978565,-3.723281023727395,2.465245903935283,-1.750263543741312
396,stable,-1.000000000000000,6.103633067752526,-3.826853369795572,1.852766877971590,-1.637147711007856
397,stable,-1.000000000000000,6.013215437415056,-3.191694120225293,1.909460557515558,-1.466773089618073
398,stable,-1.000000000000000,6.815805478137918,-3.769758477828873,1.791121936985292,-1.424701028503478
399,stable,-1.000000000000000,5.208601713286043,-2.916047594831980,1.665095642674714,-1.620017899258528
400,stable,-1.000000000000000,7.042673718227888,-3.361846829615388,1.940332654980011,-1.549311590613797
401,stable,-1.000000000000000,6.171902400703402,-2.994760526649770,2.183740685577504,-1.772241189610213
402,stable,-1.000000000000000,6.997882961124560,-3.226734123652022,1.904607632633997,-1.569879134418443
403,stable,-1.000000000000000,5.374984324564139,-2.245802946317326,2.104387993167620,-2.159913178591523
404,stable,-1.000000000000000,5.623379945708621,-5.753510804374855,1.667720758676296,-1.712537075029104
405,stable,-1.000000000000000,5.500910131719138,-1.963428395374649,2.024456549901515,-1.638118239876349
406,stable,-1.000000000000000,7.863774353831104,-3.377829478435160,2.331710121710785,-1.574620971921831
407,stable,-1.000000000000000,5.868561201496050,-2.186154599308793,2.217640230315737,-1.685728389242286
408,stable,-1.000000000000000,5.263427570944259,-2.020198355574394,1.888448171361233,-1.653166159638204
409,stable,-1.000000000000000,6.714591016435406,-2.220513828404364,1.869373343812185,-1.635032294103439
410,stable,-1.000000000000000,5.224110723380363,-3.539074240504988,2.407361855315685,-1.767421767028281
411,stable,-1.000000000000000,6.069326310849647,-3.796259121940238,1.965606725076213,-1.870948817100725
412,stable,-1.000000000000000,5.697526932417531,-3.534627375941454,2.004345407418441,-1.624583541066386
413,stable,-1.000000000000000,6.152911798742934,-2.803729115414853,2.465596136753447,-2.478712924290448
414,stable,-1.000000000000000,6.146256361553469,-3.634162680740701,2.191630831803195,-2.675548298750073
415,stable,-1.000000000000000,5.777195181187608,-3.298599045796436,1.974880845285952,-1.583155236672610
416,stable,-1.000000000000000,5.464786614516925,-2.908175875883899,1.943628593697213,-1.588041948140017
417,stable,-1.000000000000000,5.479745557349815,-2.714959962002467,1.835341086785775,-1.583539897030278
418,stable,-1.000000000000000,6.327188778638629,-3.543560289928791,2.204662513337098,-1.671938480518293
419,stable,-1.000000000000000,5.453718648619542,-2.483944794206764,2.731507807387970,-1.672754374099895
420,stable,-1.000000000000000,6.523489253362641,-2.370412121556001,2.041002259589732,-2.063110074843280
421,stable,-1.000000000000000,7.017122052187915,-2.467945205297838,1.679836142691784,-1.560697759443428
422,stable,-1.000000000000000,5.237646700509686,-3.469370552833425,1.888072609668598,-2.169933576718904
423,stable,-1.000000000000000,5.438217235219781,-4.092772058247647,1.969598084280733,-1.513533521327190
424,stable,-1.000000000000000,6.352370707074442,-2.315255329486718,2.021616831829306,-1.783024222706445
425,stable,-1.000000000000000,6.081225914065726,-2.476840283052297,2.182423539226875,-2.151600659824908
426,stable,-1.000000000000000,6.181755507408525,-2.598694351196173,1.889476089130767,-1.846363490680233
427,stable,-1.000000000000000,6.057248051924034,-2.111795667340630,1.728694638586603,-2.406624494295102
428,stable,-1.000000000000000,6.918572494934779,-3.270749354720465,1.781490702880546,-1.726206170329533
429,stable,-1.000000000000000,5.568490130111059,-3.194586397363310,2.268269968742970,-1.952790486393496
430,stable,-1.000000000000000,6.238898881902287,-3.203173970652642,1.839258138114019,-1.417155333328992
431,stable,-1.000000000000000,4.321100378554547,-2.774303151426011,2.280613574665040,-1.515163873189522
432,stable,-1.000000000000000,6.819685126538388,-2.443024079751922,1.803593957389239,-2.245327045005979
433,stable,-1.000000000000000,4.992166564139552,-1.888006327892072,1.961036640597740,-1.900309482589364
434,stable,-1.000000000000000,6.379047696354974,-3.188516966063617,1.862447463121498,-1.378549744724296
435,stable,-1.000000000000000,5.860619491497346,-3.335193629591231,2.097822528390680,-2.437431498838123
436,stable,-1.000000000000000,5.473091540919768,-3.191902033722727,1.949159926123684,-1.801676968781976
437,stable,-1.000000000000000,6.593124839597294,-4.527251614297711,1.876120529603213,-1.935774581041187
438,stable,-1.000000000000000,5.819308165871917,-3.315765072467912,2.021715243856306,-1.899027916311752
439,stable,-1.000000000000000,7.647500191170366,-2.980216900490632,2.518246455292683,-1.634809455972572
440,stable,-1.000000000000000,6.268222066089947,-2.283842035271391,2.160649768251460,-1.715253637870774
441,stable,-1.000000000000000,5.936549513698992,-2.906252942306310,1.737160171178402,-1.883318834625243
442,stable,-1.000000000000000,6.120198935917415,-2.889881733193761,2.188467959407717,-1.740302615799010
443,stable,-1.000000000000000,5.747890202328563,-2.206778151870822,1.764716216595843,-1.641787311993539
444,stable,-1.000000000000000,7.114511020299688,-2.415909827381256,1.685626675258391,-1.744090532884002
445,stable,-1.000000000000000,7.038934597914931,-2.788963434384641,2.067822043129127,-1.932401556172408
446,stable,-1.000000000000000,5.520105672874706,-2.853319097594067,1.961396534927189,-1.595676220138557
447,stable,-1.000000000000000,8.059774312067020,-2.531625237719254,2.505678905119566,-1.581927127204835
448,stable,-1.000000000000000,5.645346304860141,-3.914134506598202,2.130638454633299,-1.391956162959104
449,stable,-1.000000000000000,5.311111180972148,-3.179513474355190,1.900536143715726,-1.557721466990188
450,stable,-1.000000000000000,5.499777319129862,-4.482463316744543,2.667046833666973,-1.578790769875923
451,stable,-1.000000000000000,7.295214013871373,-2.327165508402686,2.064274815144017,-1.971241498016752
452,stable,-1.000000000000000,5.242927741237509,-2.873969274623960,2.289729432326567,-2.458656959875952
453,stable,-1.000000000000000,5.239698209825292,-3.325926630306640,2.220978537225164,-2.019702850200702
454,stable,-1.000000000000000,5.936564616249598,-5.822501569768065,1.623769749305211,-1.980192202929175
455,stable,-1.000000000000000,5.714773770949250,-3.651039007797408,1.744084334146464,-1.895729073112307
456,stable,-1.000000000000000,5.830949206216246,-5.755676381464582,1.868784164544195,-2.021518148365431
457,stable,-1.000000000000000,5.713160365972726,-2.721375523058668,2.431924214382889,-1.994764877774287
458,stable,-1.000000000000000,5.596673250227468,-2.995515692888148,2.123971430599340,-1.984153345961204
459,stable,-1.000000000000000,5.948366202777834,-3.963061760749383,2.081700772105251,-1.908637324027950
460,stable,-1.000000000000000,5.310938367561903,-2.275373135687914,2.314161107060499,-1.662495668802876
461,stable,-1.000000000000000,5.217863197198312,-2.335890408999148,2.387196200550534,-1.464217178174295
462,stable,-1.000000000000000,5.139420769759454,-1.949902088177623,2.343646215042099,-1.760303338931408
463,stable,-1.000000000000000,5.367704658267030,-2.621289335065740,1.745449117792305,-2.000677309988532
464,stable,-1.000000000000000,6.080743399692665,-3.347220672342701,2.048510284046642,-2.099538146867417
465,stable,-1.000000000000000,6.508594878570875,-3.226631349862146,2.374816025141627,-1.496790687320754
466,stable,-1.000000000000000,5.191079734489904,-2.607894166069855,2.024779601721093,-1.595872575795511
467,stable,-1.000000000000000,6.081089107785374,-4.733752457485025,1.946192879287992,-2.204642033902928
468,stable,-1.000000000000000,5.344031660330074,-3.931504186261009,1.915988616441609,-1.595017985440791
469,stable,-1.000000000000000,5.976740109210368,-3.711481570782780,1.934107656008564,-1.780352496367414
470,stable,-1.000000000000000,6.458347395840974,-2.828279049212142,2.145196247467538,-2.112833655439317
471,stable,-1.000000000000000,4.998033374261922,-1.463528330076542,2.076485657948069,-1.257281053345650
472,stable,-1.000000000000000,5.651797090518812,-2.987628484155721,1.767788101162296,-1.532033151714131
473,stable,-1.000000000000000,5.262967048140126,-2.315837196205393,1.881899716769112,-1.718047168105841
474,stable,-1.000000000000000,6.210520667735182,-2.125312511125230,2.289956253625860,-1.663899052771740
475,stable,-1.000000000000000,5.889934213268134,-2.523556463100249,1.956311322166584,-1.612283726324677
476,stable,-1.000000000000000,6.432684789108862,-2.798104308534676,1.806500898368540,-1.493202357203700
477,stable,-1.000000000000000,5.786444132849283,-2.835229975346010,2.384197148436215,-1.515596431796439
478,stable,-1.000000000000000,7.092391836267780,-2.091264695594873,2.140294572222047,-2.339480560855009
479,stable,-1.000000000000000,5.935856158161187,-2.025689300196973,1.957396600861102,-1.768365633557551
480,stable,-1.000000000000000,7.276969595912306,-2.941408344868250,1.932706494466402,-1.396267416901537
481,stable,-1.000000000000000,6.212198150175027,-3.126313697386649,1.864703048311640,-1.577654488335611
482,stable,-1.000000000000000,5.093989834756940,-3.347028325944848,2.237339933722978,-1.749480347411009
483,stable,-1.000000000000000,4.990482421417255,-4.086938369800919,2.112947505549528,-1.587961947312579
484,stable,-1.000000000000000,5.741587442567834,-3.591694323311458,2.566663186240476,-1.621219475287944
485,stable,-1.000000000000000,5.710160344558972,-2.351414073143133,2.661122108809650,-1.899630165775307
486,stable,-1.000000000000000,5.265934413633659,-3.161687210262244,1.883965348737547,-1.549831408774480
487,stable,-1.000000000000000,6.418412166431153,-2.110149624274527,1.991947093963972,-1.990309271262959
488,stable,-1.000000000000000,5.716210487904391,-2.552413742145291,1.888500121247489,-1.981373338494450
489,stable,-1.000000000000000,5.627976690739160,-2.437236271786787,2.074743616656633,-1.515413801418617
490,stable,-1.000000000000000,6.668648178780131,-4.342061665651272,1.678612254647305,-1.505993017257424
491,stable,-1.000000000000000,5.064098940559802,-3.682842612314744,1.889831750202575,-1.879464821889997
492,stable,-1.000000000000000,4.990053453278506,-2.368876019670779,1.824829546385445,-1.832864739597426
493,stable,-1.000000000000000,4.888407147351245,-3.116962765394419,1.881453822250478,-1.680269835866056
494,stable,-1.000000000000000,4.824981268393458,-2.856764845000498,2.216386349798995,-1.915676730684936
495,stable,-1.000000000000000,6.598894506169017,-2.791344938485963,2.213648623786867,-1.517904923937749
496,stable,-1.000000000000000,5.286659308403614,-3.462348446460965,2.477015807766293,-1.929126659009853
497,stable,-1.000000000000000,4.926454174208629,-1.843364633288729,1.921914499536797,-1.454663244647236
498,stable,-1.000000000000000,4.297755880048499,-3.657987894272082,1.831404716460383,-1.743916050938424
499,stable,-1.000000000000000,5.846086123705390,-1.947029057781037,1.905792715493590,-1.673374821199104
500,stable,-1.000000000000000,5.166337867107359,-2.517285375353822,2.231108306441456,-1.947324893786572
501,stable,-1.000000000000000,6.232366755401017,-5.140221516705424,1.831130778300576,-1.901902187149972
502,stable,-1.000000000000000,7.426468606114213,-2.022407201086025,1.884203060340951,-1.665185277408455
503,stable,-1.000000000000000,5.211439324292769,-2.481915300922992,1.766008381498978,-2.172140352718998
504,stable,-1.000000000000000,5.087369441152987,-1.687112002404319,2.174714376393240,-1.649818727775710
505,stable,-1.000000000000000,4.669749666541975,-3.867824145241684,2.044624135759477,-1.510511833388591
506,stable,-1.000000000000000,6.458894427758651,-2.846585364868588,2.192839680938050,-1.706498601881322
507,stable,-1.000000000000000,7.515528431562416,-2.788489018945256,2.048274639528245,-1.758213736071411
508,stable,-1.000000000000000,6.144954290235546,-2.096803745338548,1.875570037445868,-1.730781422687869
509,stable,-1.000000000000000,7.260980788257257,-2.603744244586778,1.921691787574673,-2.184825689182617
510,stable,-1.000000000000000,5.908030951348564,-2.808420275854587,2.463963392179721,-1.840566599857993
511,stable,-1.000000000000000,6.693482420734654,-3.942739933773737,2.127277491395944,-2.071422953449655
512,stable,-1.000000000000000,5.248421819269424,-3.464012169286434,1.992574059753679,-1.893829296750482
513,stable,-1.000000000000000,5.106783098076676,-3.146778551759780,2.104893639683723,-2.194190089590847
514,stable,-1.000000000000000,7.583411284518661,-2.410059279907728,2.151067997358041,-2.101194367394783
515,stable,-1.000000000000000,5.558166036847979,-2.991692133346078,2.429371063306462,-1.542708577006124
516,stable,-1.000000000000000,6.979875017524137,-4.567069898058890,1.769012562581338,-1.740850319125457
517,stable,-1.000000000000000,6.327976734201002,-3.304760329127021,1.933302825782448,-1.745125008164905
518,stable,-1.000000000000000,5.359141969987832,-4.123715606714541,2.299628822365776,-2.152476657414809
519,stable,-1.000000000000000,5.918529219690754,-2.614204077623981,1.888136426190613,-1.872267782688141
520,stable,-1.000000000000000,6.862752049444680,-2.897050722172480,2.267874700715765,-1.727270541596226
521,stable,-1.000000000000000,5.998900403108564,-2.728590685692325,2.380638898373945,-1.650286122749094
522,stable,-1.000000000000000,4.962113027395390,-2.531289033591747,2.061160814744653,-1.665567745571025
523,stable,-1.000000000000000,6.459522082545845,-3.265634268773738,2.316877022676636,-1.920403531752527
524,stable,-1.000000000000000,5.652763364441853,-3.473963660784648,2.172518646679237,-1.619593247865851
525,stable,-1.000000000000000,7.800812978115573,-2.167209858911519,1.743804317724425,-1.930487757024821
526,stable,-1.000000000000000,6.357266979459382,-4.473749428374504,1.908841997385025,-1.523657409474254
527,stable,-1.000000000000000,5.359094951665611,-3.047095589325181,2.289005989674479,-1.576102145132609
528,stable,-1.000000000000000,6.173861477407627,-2.853212480229558,2.237423653015867,-1.691465833631810
529,stable,-1.000000000000000,6.240304618862410,-2.104470976308221,2.022431336401496,-1.563932146877050
530,stable,-1.000000000000000,5.014007056163791,-2.138019341029576,2.436688184636296,-1.658857986488783
531,stable,-1.000000000000000,6.715181352861691,-3.783359265072249,1.933864887512755,-1.695999607676640
532,stable,-1.000000000000000,5.214555436119554,-2.912981351004419,1.882344229728915,-1.895477449754253
533,stable,-1.000000000000000,6.005139966502611,-3.163610474926827,1.954554779455066,-2.294944188673981
534,stable,-1.000000000000000,5.182539249970432,-2.395785394663108,2.083505954244174,-2.010480414144695
535,stable,-1.000000000000000,4.995027345608833,-2.580894254166196,2.235796953522367,-1.784168488869909
536,stable,-1.000000000000000,6.093871878380014,-2.074802518396609,2.125568777497392,-1.880333549692295
537,stable,-1.000000000000000,4.341688548513048,-1.781205434643198,2.107078068045666,-1.584619503497379
538,stable,-1.000000000000000,5.683164587266219,-2.329184899728716,2.123123880068306,-1.461055537394714
539,stable,-1.000000000000000,5.817777552543703,-2.424113894521724,2.079126791591989,-2.039878192706965
540,stable,-1.000000000000000,5.055784874333767,-1.928764901425893,1.796231339452788,-1.594765997491777
541,stable,-1.000000000000000,6.748242608579403,-2.352794638813066,2.125806118070614,-1.858248999094940
542,stable,-1.000000000000000,5.353632259095320,-3.566834938300190,1.708507612231188,-1.810998832486803
543,stable,-1.000000000000000,6.174861313687870,-3.134461308373830,1.796684758592164,-1.753970974008553
544,stable,-1.000000000000000,5.082851432802272,-1.817189413774031,1.965516188764013,-1.728739395570301
545,stable,-1.000000000000000,5.981012010473933,-3.129767642269144,2.079939263116103,-1.803399462252855
546,stable,-1.000000000000000,6.270322701402620,-3.163076561011621,2.521141772274859,-1.644959806231782
547,stable,-1.000000000000000,5.637120358413085,-4.373064457418877,2.367594014853239,-2.046836970766890
548,stable,-1.000000000000000,6.364349548326572,-2.718150717137178,1.763797728344798,-1.407499947003089
549,stable,-1.000000000000000,6.504470726762520,-3.001256482100871,2.405882370425388,-1.826889116855455
550,stable,-1.000000000000000,6.850461712172546,-2.275326396003948,1.771225964184850,-1.607558332209010
551,stable,-1.000000000000000,5.295967972415383,-2.609009925494320,1.960250306758098,-1.891010122140869
552,stable,-1.000000000000000,5.887163977467935,-3.665008892749029,1.832565848599188,-2.047714638800244
553,stable,-1.000000000000000,6.665719735225139,-3.437539774675315,1.793103196323500,-1.947740716917906
554,stable,-1.000000000000000,6.117651053121335,-3.899121238000589,1.935444170434494,-1.582410963907023
555,stable,-1.000000000000000,4.871810852356816,-1.912673459664802,2.091907326073851,-1.840924568371520
556,stable,-1.000000000000000,5.495410363415431,-4.453979476253153,2.430996213835897,-1.985152926485171
557,stable,-1.000000000000000,5.202180679894809,-2.493631061084670,1.697940335980093,-1.791762365028262
558,stable,-1.000000000000000,5.130787447871626,-2.668984185134832,2.424202705966309,-1.961273382301442
559,stable,-1.000000000000000,5.002489173202775,-2.840429887892242,1.993594197090715,-1.586923280869087
560,stable,-1.000000000000000,7.003089904539593,-2.870506367376038,2.050057992688380,-2.486566963518271
561,stable,-1.000000000000000,6.431931457215114,-5.058650888808188,2.252798629051540,-2.022025382844731
562,stable,-1.000000000000000,6.012863674812252,-2.513738179921347,2.199060530110728,-1.929325763019733
563,stable,-1.000000000000000,5.288065902692324,-1.690032753245760,2.423862914176425,-1.773912030090287
564,stable,-1.000000000000000,6.300602566327143,-2.179068653274044,2.146930866176262,-1.770379107678309
565,stable,-1.000000000000000,5.997280853836855,-2.252324076641344,2.073633854912487,-2.004985482781194
566,stable,-1.000000000000000,6.882726093167548,-3.120660734784906,1.585110259300563,-2.084836090332828
567,stable,-1.000000000000000,7.161994499549110,-3.329253558840719,1.746336583247285,-1.574813426937908
568,stable,-1.000000000000000,4.737826116946962,-3.523820078640711,2.233441609278088,-1.968066847679438
569,stable,-1.000000000000000,6.347359859864810,-2.817712097705225,2.174582592677325,-1.511553354561329
570,stable,-1.000000000000000,5.434760085052403,-2.756167771862238,2.339458171802107,-1.445543622947298
571,stable,-1.000000000000000,6.331799099243653,-2.686674555661739,1.932559404056519,-1.908457414654549
572,stable,-1.000000000000000,5.620786342828069,-2.337734461514628,1.914880808210000,-1.738747888532089
573,stable,-1.000000000000000,7.836579645649181,-3.763172521515799,2.299321900623909,-1.694423908367753
574,stable,-1.000000000000000,6.733271125791362,-2.423982230891852,2.077546276152134,-1.905226422357373
575,stable,-1.000000000000000,4.489666861576552,-4.178731513347884,1.713099165994208,-1.489080072307843
576,stable,-1.000000000000000,6.532176321794395,-2.050179084129923,2.284271033364348,-2.116424994834233
577,stable,-1.000000000000000,6.544276458544118,-2.825293520739251,1.969539888666304,-2.023132849717513
578,stable,-1.000000000000000,7.236139006919984,-1.877869928997825,2.107185325992759,-1.555767392623238
579,stable,-1.000000000000000,5.998326049957768,-2.157524864436709,2.295943788980367,-1.674532983481186
580,stable,-1.000000000000000,6.191389872269610,-3.269619511069322,2.249799337645527,-1.945963078400382
581,stable,-1.000000000000000,5.731268010408712,-2.511793632653735,2.259010313195176,-1.474044214875903
582,stable,-1.000000000000000,4.838611334567759,-3.154585645115731,1.877415094117168,-1.709460877231322
583,stable,-1.000000000000000,7.102113426553842,-3.743007684955955,2.144322948835907,-1.939417100806168
584,stable,-1.000000000000000,5.820565782451922,-3.135775402530271,2.120859533781186,-1.587215389125049
585,stable,-1.000000000000000,6.325110664807653,-2.672186486757710,2.144266926450655,-1.535639146200992
586,stable,-1.000000000000000,5.165219499416708,-2.088703193108586,1.957011432870786,-1.846314079826698
587,stable,-1.000000000000000,4.993938113824697,-1.734162658918649,2.343293005622400,-1.757494555320591
588,stable,-1.000000000000000,5.173831472240636,-2.487613426154894,1.633839076734148,-1.782139001355972
589,stable,-1.000000000000000,6.680347482571960,-2.490821132836572,1.647055577021092,-1.511447998447693
590,stable,-1.000000000000000,5.721639505120038,-4.109924949309061,1.889664379297756,-1.696310558239929
591,stable,-1.000000000000000,5.487573136677383,-2.968322448927211,2.185831360795419,-1.750695118083968
592,stable,-1.000000000000000,4.510379927087342,-3.085214741136951,1.757424045033986,-1.544938146951608
593,stable,-1.000000000000000,6.291353750624694,-3.861862436593583,2.397917781083379,-2.952243225765415
594,stable,-1.000000000000000,5.816900191050081,-2.160607159217761,1.740349546191283,-1.516655701445416
595,stable,-1.000000000000000,6.077570544200171,-3.768691119525101,2.003450326388702,-2.052817923075054
596,stable,-1.000000000000000,6.632342898687057,-3.904450691468810,2.665041818749160,-1.652144966181368
597,stable,-1.000000000000000,5.734749483082851,-3.311828592977690,2.915983814035371,-1.749072327766044
598,stable,-1.000000000000000,5.643697336025070,-4.844583468882774,2.064241155982018,-1.593583315203432
599,stable,-1.000000000000000,7.040710840667543,-1.711902581286267,2.293903207348194,-1.428608619375154
600,stable,-1.000000000000000,5.049764284976845,-1.662063937401854,1.890255378079019,-1.882477488776203
601,stable,-1.000000000000000,5.424433439929999,-1.808139428074355,1.992515389341861,-1.778400460549165
602,stable,-1.000000000000000,5.356979838703410,-3.137520506148121,2.131331414217129,-2.147370013291948
603,stable,-1.000000000000000,7.756661851537501,-3.279434690666676,2.059688164823456,-1.496972912573256
604,stable,-1.000000000000000,5.166979130506661,-3.715372428668843,2.089624011656269,-1.792285208241083
605,stable,-1.000000000000000,5.640622543985955,-3.181042477269102,1.787329864571802,-1.803878981620073
606,stable,-1.000000000000000,7.271472324529896,-3.875291666336125,2.428224948955176,-1.519125949242152
607,stable,-1.000000000000000,6.426336095202714,-5.319826759143780,2.031010375882033,-1.667117383934965
608,stable,-1.000000000000000,7.290682791070140,-2.968117478070781,1.726266895768276,-1.784865965368226
609,stable,-1.000000000000000,5.065822931625007,-3.413156778874509,1.828793100838084,-1.418293443333823
610,stable,-1.000000000000000,6.981373098991753,-1.909894205065712,1.897054201050196,-1.960620007943362
611,stable,-1.000000000000000,6.636054120492190,-3.174914727598662,1.807938633835874,-1.958712737716269
612,stable,-1.000000000000000,5.681246793814353,-2.854293393524131,2.242667384503875,-1.493214224930853
613,stable,-1.000000000000000,10.90502436782845,-2.603102147073514,1.887124208617024,-1.539653642510530
614,stable,-1.000000000000000,5.034305059678445,-2.982132806547270,2.006143900507595,-1.720765698992182
615,stable,-1.000000000000000,7.314365855381766,-3.391523508398677,2.264629095923738,-2.299938712501898
616,stable,-1.000000000000000,5.847997910808772,-3.793995655136314,2.177485704683932,-2.045471679884940
617,stable,-1.000000000000000,5.660002683896892,-2.923520388943871,1.647506481291202,-1.512330931785982
618,stable,-1.000000000000000,6.535854648719578,-2.708113863965991,2.180934607167728,-1.400863761664368
619,stable,-1.000000000000000,5.058328719088422,-2.789905727593577,2.240331126900855,-1.691900937934406
620,stable,-1.000000000000000,6.068356169649633,-3.084628034133857,1.776933295594063,-1.611292154761031
621,stable,-1.000000000000000,5.226995677308878,-2.856808536522294,1.822466938407160,-1.804573229732341
622,stable,-1.000000000000000,5.679037475430960,-2.014717105656018,1.773340875202848,-2.027337183797499
623,stable,-1.000000000000000,5.486961970949778,-3.040165463811718,2.477436519679031,-1.837399417068809
624,stable,-1.000000000000000,5.153908513830174,-2.955170743833150,2.301530580210965,-1.712457344983704
625,stable,-1.000000000000000,5.519569609536120,-4.129571132464662,2.038640149741695,-2.212400043630623
626,stable,-1.000000000000000,6.102059208405080,-4.162639300375304,2.122928796103224,-1.571395670413040
627,stable,-1.000000000000000,5.270867670304142,-2.751389039457536,2.436998625518754,-1.407381988188718
628,stable,-1.000000000000000,6.642148887790427,-3.116939035582618,2.433491032681786,-1.663406920153648
629,stable,-1.000000000000000,6.340029232128700,-2.369211930400525,1.771978058211971,-1.905146193952532
630,stable,-1.000000000000000,7.086676445542253,-4.080616330575140,2.182600058964454,-1.629758956347359
631,stable,-1.000000000000000,5.222324931100957,-2.975109723163769,1.820996441878378,-1.603102425258840
632,stable,-1.000000000000000,5.993623656460841,-3.593674018080492,2.776942274824250,-1.898572224963573
633,stable,-1.000000000000000,5.837815897408518,-1.989659593995384,2.098410201768274,-1.784037906589219
634,stable,-1.000000000000000,4.181088971003192,-2.813781491272493,2.253420054217713,-1.948361976072192
635,stable,-1.000000000000000,6.869032458002039,-3.132934789442515,2.282385556900408,-1.889564952813089
636,stable,-1.000000000000000,6.735018046019832,-3.471179030420899,1.919573471823242,-1.764308245794382
637,stable,-1.000000000000000,6.179786525855889,-2.605867697107897,2.065507014573086,-2.354641360929236
638,stable,-1.000000000000000,5.024392483843258,-2.222726409483585,1.946156677324325,-1.519978591211839
639,stable,-1.000000000000000,4.878068156467634,-2.521579841981293,2.138321627564437,-1.782931925088633
640,stable,-1.000000000000000,5.737888098856502,-3.536879279163259,1.611135772545822,-1.281100886175409
641,stable,-1.000000000000000,5.314429293503963,-1.881514931186757,1.762518300325610,-1.657540771411732
642,stable,-1.000000000000000,5.029412226237582,-2.854870377763746,2.057857868145220,-2.041458299325313
643,stable,-1.000000000000000,6.695976176783006,-3.556841123820050,2.085939724929631,-1.460554938588757
644,stable,-1.000000000000000,8.604481788821431,-3.256817222249083,2.189061946810398,-1.760053128702566
645,stable,-1.000000000000000,5.469260980054969,-3.759319827004219,2.160497552482411,-1.677958552609198
646,stable,-1.000000000000000,5.320797557404148,-2.776185369099039,1.740936401183717,-1.517973655485548
647,stable,-1.000000000000000,6.219567644388007,-2.975748695760558,2.210323534323834,-1.828629115014337
648,stable,-1.000000000000000,7.699343919899547,-3.225592742124718,2.299765519623179,-1.602333887421992
649,stable,-1.000000000000000,5.704073259061261,-3.234269878215855,1.935923737815756,-1.777142037433805
650,stable,-1.000000000000000,6.108406817816103,-2.487098824785562,1.914557694195537,-1.579124798998237
651,stable,-1.000000000000000,5.518768008558254,-2.350469097465975,1.719263818493346,-1.704474794096313
652,stable,-1.000000000000000,5.027822546044263,-3.260040678483165,1.913295865582768,-1.472109406488016
653,stable,-1.000000000000000,5.256261549031478,-2.958957030021338,2.230525100720115,-1.404926165938377
654,stable,-1.000000000000000,5.156875062484687,-2.143944939947687,2.850165737094358,-1.329500555410050
655,stable,-1.000000000000000,5.738478818997464,-2.772079089121689,1.895320118172094,-1.448633560677990
656,stable,-1.000000000000000,5.990276291224291,-2.679388623133491,2.228167704422958,-2.138153208135918
657,stable,-1.000000000000000,6.069131238868067,-3.332647807023022,1.849854176514782,-1.758721040445380
658,stable,-1.000000000000000,5.952878396021788,-4.321650115098237,1.845224272663472,-1.518446608766681
659,stable,-1.000000000000000,4.961091213985583,-3.389415096942685,2.107227618573233,-1.602820949454326
660,stable,-1.000000000000000,5.817397955044953,-3.361478090904711,2.468112559407018,-1.659026487672236
661,stable,-1.000000000000000,4.850876324984711,-3.534025660439511,1.919424646766856,-1.668223891620414
662,stable,-1.000000000000000,5.183398646280693,-2.297561444580424,1.986793344432954,-1.911143822246231
663,stable,-1.000000000000000,5.911538626973197,-2.707544285261974,1.640274904153557,-1.576808346901089
664,stable,-1.000000000000000,6.635032226848125,-1.771718512393818,2.199229252742953,-1.351950356591260
665,stable,-1.000000000000000,4.924154262011143,-2.697288057890546,2.301422876655124,-2.009686725214124
666,stable,-1.000000000000000,5.765505495059188,-3.550820400483644,2.111540060939660,-2.493798626586795
667,stable,-1.000000000000000,5.156705001565570,-1.944811135261261,1.900608714480768,-1.689319891476771
668,stable,-1.000000000000000,6.584957788370957,-3.295565525612801,1.833577581855934,-2.028314476250671
669,stable,-1.000000000000000,5.554621649807814,-2.836855499612284,2.466727544291643,-1.853291289453409
670,stable,-1.000000000000000,7.000798755047072,-3.789430769235878,2.443839883140754,-1.945854224453797
671,stable,-1.000000000000000,6.320013238429965,-2.692425896457280,2.067116862279363,-1.515057710177643
672,stable,-1.000000000000000,6.773180048890936,-3.214936344033958,1.648484914447181,-1.370620635134401
673,stable,-1.000000000000000,5.672843845291936,-3.484378604258382,2.005115439256770,-1.563360975589603
674,stable,-1.000000000000000,5.458734918919845,-3.573321777628735,2.059745986189228,-2.213864496327005
675,stable,-1.000000000000000,6.576264685607612,-3.329181948694895,2.138343584330869,-1.739598877888056
676,stable,-1.000000000000000,5.217901002346480,-1.768733765957222,1.837662850157358,-1.789525881024019
677,stable,-1.000000000000000,5.953384241362983,-3.625867373020810,2.252001409360673,-1.911825793795288
678,stable,-1.000000000000000,5.505175236312425,-2.011507645931488,2.018392428683001,-1.789386631833622
679,stable,-1.000000000000000,5.503724358750333,-2.805529846529680,2.012280421025935,-1.816170568112284
680,stable,-1.000000000000000,7.239220808049140,-2.472370333278377,1.901295690448023,-1.910547167266486
681,stable,-1.000000000000000,5.503093823207564,-3.419069688927266,2.072525288269389,-1.569571871892549
682,stable,-1.000000000000000,4.995573391417565,-1.633223232605815,1.706904247657803,-1.692190997899161
683,stable,-1.000000000000000,5.581901627629122,-2.714414598916846,1.756531614839332,-1.572964083519764
684,stable,-1.000000000000000,6.694125489520957,-2.080959285907738,2.282890623901039,-1.719794061151333
685,stable,-1.000000000000000,5.901520546653046,-3.394592266144173,2.062999977584695,-2.303578751860186
686,stable,-1.000000000000000,5.787033462214822,-4.011844823620777,2.010114308868651,-1.717197606572881
687,stable,-1.000000000000000,7.236471486576193,-4.657464985753904,1.988847496220842,-1.878675087005831
688,stable,-1.000000000000000,5.916947680915655,-3.598826723846287,1.839436493144603,-1.824580259097274
689,stable,-1.000000000000000,5.916723872265720,-2.137581612791109,2.006242156450753,-1.732707071678306
690,stable,-1.000000000000000,6.224000345267996,-3.782266672730657,2.186718192795524,-1.761149412137456
691,stable,-1.000000000000000,6.229906487104017,-2.908876792091178,1.754046976378049,-1.846358631821204
692,stable,-1.000000000000000,5.901589679073368,-1.966625080303857,1.969767198315822,-1.810437536711106
693,stable,-1.000000000000000,6.328072375081319,-3.323392763425545,2.356140005402267,-1.654688730603084
694,stable,-1.000000000000000,6.685003022401361,-2.893886846526925,2.246573096723296,-1.850652275024913
695,stable,-1.000000000000000,6.388771602592897,-3.070960042692604,1.894012014847249,-1.845382893458009
696,stable,-1.000000000000000,5.332990580815022,-2.186937196587678,2.372419488790911,-2.184155932976864
697,stable,-1.000000000000000,5.459733742906792,-2.872310599697812,2.040721374040004,-1.434214360313490
698,stable,-1.000000000000000,7.836738829933893,-2.241409445216050,2.522459535626695,-1.852447209319507
699,stable,-1.000000000000000,4.590061859937123,-2.057361910321561,2.170705295953667,-1.721296126255766
700,stable,-1.000000000000000,5.725463905167999,-3.198307692919116,2.085248063405743,-1.856074527313467
701,stable,-1.000000000000000,5.587425665664341,-3.001609316255781,1.969998120795935,-1.629889590345556
702,stable,-1.000000000000000,6.281565620331094,-2.464605226243293,1.795210911077447,-1.962569077441003
703,stable,-1.000000000000000,5.345674656860865,-2.627557793399319,1.886788211937528,-1.769242809241405
704,stable,-1.000000000000000,6.393705361660977,-2.979036758973962,2.210621045436710,-1.729101133882068
705,stable,-1.000000000000000,6.502165371552110,-2.840365129901329,1.968168623512611,-1.834260319446912
706,stable,-1.000000000000000,5.575252590871969,-4.008577252305713,1.953117016004398,-1.727099676500075
707,stable,-1.000000000000000,5.277864702613442,-1.843191303896674,1.780920988327125,-2.090608343016356
708,stable,-1.000000000000000,6.875246650139161,-2.310414015133574,2.020150842581643,-2.268912487692432
709,stable,-1.000000000000000,6.038121249835967,-4.291753978257475,1.763424592791125,-1.804344360833056
710,stable,-1.000000000000000,4.969794922690198,-2.544714372614180,2.138625696476083,-2.184371255105361
711,stable,-1.000000000000000,6.479334608585305,-2.152657725669997,1.653403157251887,-1.786798235261813
712,stable,-1.000000000000000,5.363546350985416,-1.480476445422028,2.664909484563395,-1.714511797938030
713,stable,-1.000000000000000,8.592756027428550,-3.009010250363417,1.754475761554204,-1.740650028572418
714,stable,-1.000000000000000,5.919698675752443,-2.506076864185161,1.821760536520742,-1.743089890223928
715,stable,-1.000000000000000,4.538203749383683,-3.446540529802405,2.005288514890708,-1.875911546871066
716,stable,-1.000000000000000,6.601704074426380,-3.239570643927436,1.877962817321531,-2.157668130152160
717,stable,-1.000000000000000,5.641049273843237,-3.533612980463658,1.964720480842516,-1.783772133523598
718,stable,-1.000000000000000,5.724436366768373,-3.997861028568877,2.499955851673803,-1.819627326098271
719,stable,-1.000000000000000,5.283356419444317,-2.767031286628480,1.933806976303458,-1.931614345405251
720,stable,-1.000000000000000,4.675124047942518,-2.810739778331936,2.170686698518693,-1.283416021964513
721,stable,-1.000000000000000,5.898255109977981,-1.943559779250791,2.042394495205372,-1.430709465814289
722,stable,-1.000000000000000,4.874417160910525,-3.629359686965472,1.901725055213319,-1.600908029591665
723,stable,-1.000000000000000,6.514705574727486,-1.570846494703801,1.720280959736556,-1.415965757609229
724,stable,-1.000000000000000,5.551163677591830,-3.117631655404693,2.241634480655193,-2.126423090929165
725,stable,-1.000000000000000,7.524069646395219,-2.339106600010382,2.294532651372720,-1.587843908229843
726,stable,-1.000000000000000,6.162391102396214,-2.373891577884933,2.148818650515750,-1.987472651759163
727,stable,-1.000000000000000,5.202226022767718,-3.455766313563799,1.828176374518080,-1.807660936610773
728,stable,-1.000000000000000,4.886375505506294,-2.579599265016441,2.100560941849835,-1.704343543387949
729,stable,-1.000000000000000,5.860271719765933,-2.884198846722938,2.267296371050179,-1.946788834979088
730,stable,-1.000000000000000,5.898644326785870,-2.659961208719324,2.142313815794296,-1.885499983778573
731,stable,-1.000000000000000,5.708082078584994,-4.072952023765538,1.913121444289573,-1.626495601842180
732,stable,-1.000000000000000,5.864323774887453,-1.772450014268543,1.860842557493015,-1.632012119389401
733,stable,-1.000000000000000,6.476092164092734,-2.819256818344002,1.817726606503129,-1.347027444164269
734,stable,-1.000000000000000,6.108659822210029,-1.752161167909435,2.992052779278310,-1.578308151219971
735,stable,-1.000000000000000,5.807203178699638,-3.431773897169478,1.791839729703497,-1.821720903622918
736,stable,-1.000000000000000,5.369231523804046,-4.856129443160171,3.043081390656880,-1.553235324099660
737,stable,-1.000000000000000,5.311923095964630,-2.547938573285137,2.272236788761802,-2.196190151269548
738,stable,-1.000000000000000,5.437450193505356,-2.542350503779744,1.849165063118562,-1.515785270370543
739,stable,-1.000000000000000,6.866334360969631,-3.693187188127013,1.997640924077132,-2.345963772851974
740,stable,-1.000000000000000,6.327147909541964,-4.022414310478780,1.715888539591106,-1.841161838012340
741,stable,-1.000000000000000,5.866509134288208,-5.441291702642957,1.929355152416974,-1.369707818361348
742,stable,-1.000000000000000,5.641818625074848,-3.119985875320708,1.957928348876521,-1.818994715227745
743,stable,-1.000000000000000,5.992912558162061,-2.028114848108089,1.933805804797885,-2.110447065555491
744,stable,-1.000000000000000,6.634818881419051,-3.415621980333526,1.626763689360814,-1.769373384362552
745,stable,-1.000000000000000,6.168033904592448,-4.206385541634518,2.388027984066866,-1.548288006742951
746,stable,-1.000000000000000,7.184092474983117,-3.467755512887379,2.346053855129867,-1.373306576919276
747,stable,-1.000000000000000,6.623463937450651,-2.792413790029968,2.196163819229696,-2.132231814553961
748,stable,-1.000000000000000,6.513649854212417,-1.664099179000914,2.289301445445744,-1.739279625704512
749,stable,-1.000000000000000,7.213222851380124,-2.134376978283399,2.123255371894629,-1.698024561861530
750,stable,-1.000000000000000,5.380247363136732,-5.786571523141902,2.199695827439427,-1.734404479153454
751,stable,-1.000000000000000,6.047187272859446,-2.560313789908832,1.817498737145797,-1.621217758729472
752,stable,-1.000000000000000,4.847140650283109,-2.487760610867554,1.889422614127398,-1.961411678814329
753,stable,-1.000000000000000,5.748254597140658,-1.627597666676593,2.282486821932252,-1.755660743103363
754,stable,-1.000000000000000,5.036867261701673,-3.517989085561567,2.160426815535175,-1.623350661269797
755,stable,-1.000000000000000,6.191182532817038,-2.043755667085861,1.881765524158254,-1.677612707047956
756,stable,-1.000000000000000,6.583406945384922,-2.683446567272767,1.849650413525524,-1.777344984264346
757,stable,-1.000000000000000,5.659577704351250,-3.899314040024365,2.039450154916267,-1.656264049437596
758,stable,-1.000000000000000,4.955445695624803,-1.700399764211397,1.922219295403920,-1.869530619522266
759,stable,-1.000000000000000,5.948733867240321,-2.531607470902600,2.355373483704170,-2.092558863107115
760,stable,-1.000000000000000,5.404248196906337,-5.944186860971968,2.031717471836600,-1.822046081622830
761,stable,-1.000000000000000,4.994283943949995,-2.997562482218200,2.340157164217089,-2.419315065548290
762,stable,-1.000000000000000,5.052529095606587,-3.545245817189425,1.907604338426609,-1.546591075588367
763,stable,-1.000000000000000,6.558317855722862,-4.440124017244671,2.392016285593854,-1.578538457921240
764,stable,-1.000000000000000,4.753412810307054,-3.716018902585347,2.073879005038179,-2.134145246800472
765,stable,-1.000000000000000,6.214817101433255,-2.769186009500118,1.841979141405318,-1.576042936067097
766,stable,-1.000000000000000,6.302065709773160,-3.855543697529356,2.120433607022278,-1.819867205798801
767,stable,-1.000000000000000,5.309861323845553,-3.172516087819531,2.036959942313842,-1.721977715962566
768,stable,-1.000000000000000,5.938950285555620,-2.341567111349832,1.763098700903356,-1.669248293095734
769,stable,-1.000000000000000,7.325564441601273,-4.036522962884192,2.057493234897265,-1.625992639921606
770,stable,-1.000000000000000,5.071235632596654,-2.613017207448138,2.259799890976865,-1.706100430361403
771,stable,-1.000000000000000,9.310350000632752,-2.979341879436106,1.922008536639623,-1.672189265256748
772,stable,-1.000000000000000,6.988958430003549,-2.578325325572223,2.241294575200300,-1.401782951907080
773,stable,-1.000000000000000,5.025001863223224,-2.576738831063267,2.308770853793249,-1.446246627834626
774,stable,-1.000000000000000,6.513376409126067,-1.950269412205671,2.087831689255836,-1.286888941074722
775,stable,-1.000000000000000,5.900439158860536,-3.617480541659461,1.872944355243817,-1.906676946673542
776,stable,-1.000000000000000,7.055338388927339,-2.755443170226499,2.093022822518833,-1.499775055533974
777,stable,-1.000000000000000,8.085041483253008,-2.874179021163400,2.125921885324715,-1.847932719441815
778,stable,-1.000000000000000,7.238774641220516,-3.814327366961493,2.315548725309782,-1.805533941747854
779,stable,-1.000000000000000,4.343674965090258,-4.304590264546277,2.066297166282311,-1.719221580511658
780,stable,-1.000000000000000,7.812686576753549,-3.219095192130226,2.157105153266457,-1.795283313142136
781,stable,-1.000000000000000,6.155352949572261,-2.955753606755025,2.179819180746563,-1.868336125044152
782,stable,-1.000000000000000,6.481567696657294,-2.412058292413349,1.630106861121021,-1.992056847899221
783,stable,-1.000000000000000,5.856682858484419,-2.916184749992681,1.641328405588865,-1.855757127923425
784,stable,-1.000000000000000,5.423100719087870,-4.048314943378500,1.763658552228662,-1.619493343554495
785,stable,-1.000000000000000,6.360478398346459,-2.490404520298398,1.871634071459994,-1.858029306866229
786,stable,-1.000000000000000,5.500688929863827,-2.835844150133198,2.352130578394281,-2.137799928663298
787,stable,-1.000000000000000,6.726699485909194,-2.982392472833453,1.853500770521350,-1.945387881525676
788,stable,-1.000000000000000,4.999688542833610,-3.237927015261448,1.916184156143572,-1.794096080710005
789,stable,-1.000000000000000,5.380747936413400,-2.705729794047329,2.168261036335025,-1.454523789696395
790,stable,-1.000000000000000,6.814134018957702,-2.594894833870057,1.909700670219536,-1.434985506813973
791,stable,-1.000000000000000,6.297567323410476,-2.561944839501848,2.088179002283141,-2.025885932787787
792,stable,-1.000000000000000,5.558384518416460,-3.070194582514887,1.798432387426146,-1.651984022930264
793,stable,-1.000000000000000,5.644365262938663,-3.982256329010852,1.966996048809960,-2.216302533888665
794,stable,-1.000000000000000,6.547410325758392,-3.113759931591630,2.061848446239310,-2.377923679130618
795,stable,-1.000000000000000,5.603490218356455,-3.359203282143426,2.429223368875682,-1.942172603448853
796,stable,-1.000000000000000,6.108093690512760,-2.979930614688783,2.216862142784521,-1.571364751551300
797,stable,-1.000000000000000,5.821777327764721,-2.949894176334055,2.219478989733034,-2.165298894702573
798,stable,-1.000000000000000,7.355106584524037,-4.699314074561698,1.920469152886653,-2.097919498977717
799,stable,-1.000000000000000,5.059542020377194,-2.057228205536376,1.833762606271193,-1.610358181991614
800,stable,-1.000000000000000,6.283895428761753,-2.592170280451683,2.364134899253258,-1.452320771641098
801,stable,-1.000000000000000,5.936719828350761,-1.852859182599786,1.985115808973205,-1.564726798795164
802,stable,-1.000000000000000,7.844800271686836,-2.924621084941464,1.942683142842725,-2.238947763107717
803,stable,-1.000000000000000,6.300479566249123,-4.225877202466108,1.668045944214100,-1.397941267874558
804,stable,-1.000000000000000,5.237838728964562,-4.208438329282217,1.953547565412009,-1.438819570808846
805,stable,-1.000000000000000,6.219613980721988,-2.959125460918585,2.537139298134207,-2.541894775698893
806,stable,-1.000000000000000,5.039710470802675,-3.220148308999342,2.131259219953790,-1.564585566447931
807,stable,-1.000000000000000,5.553137494345719,-2.586437991783896,2.102726308541605,-1.603094559075544
808,stable,-1.000000000000000,5.728055667379522,-3.474020600466247,2.203454567672452,-1.808950254519004
809,stable,-1.000000000000000,4.804406169723734,-4.315520784242835,1.877504985292035,-1.939242474443745
810,stable,-1.000000000000000,7.019566076050978,-3.489823530737340,1.748318844533060,-1.658017450172338
811,stable,-1.000000000000000,7.213245289778570,-3.309612133813062,1.848015443654731,-2.388224684866145
812,stable,-1.000000000000000,6.427492285836706,-3.252013879231527,1.970262250106316,-1.775827680190559
813,stable,-1.000000000000000,5.297779015490278,-3.335293315011540,1.880056876689196,-1.852883873623796
814,stable,-1.000000000000000,4.330855315260123,-3.780172017824952,1.836956939747324,-1.566284361295402
815,stable,-1.000000000000000,6.065220230015257,-1.732436565567696,2.224507005124906,-2.188413623043743
816,stable,-1.000000000000000,4.848652579468762,-1.896364478729083,2.054935370571911,-1.592507258974365
817,stable,-1.000000000000000,5.669465392334132,-3.505374261570978,2.067268197890371,-2.014470493537374
818,stable,-1.000000000000000,4.894292056138511,-1.624807986430824,1.938346978553454,-2.161338420934044
819,stable,-1.000000000000000,6.998883014435705,-2.509111218668977,2.179169385839486,-1.739079654682428
820,stable,-1.000000000000000,4.298036822962786,-2.133719259920326,1.934030414893641,-1.827458534273319
821,stable,-1.000000000000000,6.047113027671003,-2.877338874326369,2.017204288858920,-1.498621337581426
822,stable,-1.000000000000000,6.903195268721902,-3.920225742574985,2.081142361101229,-1.900578659842722
823,stable,-1.000000000000000,7.197551629556983,-2.926433086482575,2.162150839460082,-1.451262733433396
824,stable,-1.000000000000000,5.553501959843743,-3.150844534757198,1.957603964299778,-1.661818142019911
825,stable,-1.000000000000000,5.804287686980388,-3.092524014320588,2.497263286088128,-1.812365912948735
826,stable,-1.000000000000000,5.562582674116129,-2.474482304749017,2.130981902242638,-1.475861540646292
827,stable,-1.000000000000000,5.508998021359730,-4.186208035230720,1.901778641826240,-1.691496550887678
828,stable,-1.000000000000000,5.526220116940749,-3.490157452366475,2.229433226748370,-1.876838788622990
829,stable,-1.000000000000000,6.130717119172914,-1.588066534038262,2.006079166370910,-2.309676894510631
830,stable,-1.000000000000000,4.868310408153775,-4.238495423433051,2.058221035753377,-1.384843320352957
831,stable,-1.000000000000000,5.756253676921915,-4.463152897635496,2.332034479128197,-2.073848474843544
832,stable,-1.000000000000000,6.293192558259761,-4.668743328747951,1.862146499130176,-1.973591951653361
833,stable,-1.000000000000000,5.178682816541823,-3.720862078072969,1.777071452001110,-1.654769135777315
834,stable,-1.000000000000000,5.894503642070049,-3.393665492207219,1.948262452424387,-1.563954607234336
835,stable,-1.000000000000000,6.307433747631876,-2.724465380513720,2.056070268503390,-1.732634289539419
836,stable,-1.000000000000000,5.589731419860982,-1.704617735693319,1.798850007064175,-1.625601349282078
837,stable,-1.000000000000000,8.891739469905588,-3.647684198072966,2.324577611754648,-1.623922880506143
838,stable,-1.000000000000000,5.139346071955515,-3.368741421963932,2.143737897196843,-1.617492391029373
839,stable,-1.000000000000000,5.099850201040681,-2.986381506903854,2.102697323076427,-1.791007708005054
840,stable,-1.000000000000000,5.262391770811519,-2.603268298562739,2.077759583364241,-1.638846130808815
841,stable,-1.000000000000000,4.614052553652073,-3.367642254592624,2.107980513479561,-1.698788600944681
842,stable,-1.000000000000000,5.669943633427465,-3.384728254500260,2.488266132437275,-1.552712661694386
843,stable,-1.000000000000000,6.268567421779153,-2.122078684027656,2.063068262126762,-1.992207896045329
844,stable,-1.000000000000000,4.658336893931846,-3.895393221802806,2.399861259968020,-2.111896649701521
845,stable,-1.000000000000000,7.588667163727223,-3.342290213699016,2.759635839145631,-1.613523979482125
846,stable,-1.000000000000000,5.517847128050789,-4.260876390391786,1.981399476237129,-1.534398406627588
847,stable,-1.000000000000000,6.610604283170687,-2.485896688493085,1.796522468444891,-2.001490095659392
848,stable,-1.000000000000000,5.231042673935917,-2.995280610950431,1.746749262470985,-2.412511534057558
849,stable,-1.000000000000000,6.201228121950408,-2.311813803280529,2.391766524055129,-1.569678561878391
850,stable,-1.000000000000000,4.694117537582315,-1.941663661225903,2.267590703224414,-2.001533824659418
851,stable,-1.000000000000000,6.860918262364066,-3.172134596039541,1.872158538899384,-1.897282451987849
852,stable,-1.000000000000000,5.819194125331705,-3.252677053626030,1.886182474205270,-1.796300311281811
853,stable,-1.000000000000000,5.975590791045761,-2.702399230387527,2.176540096290410,-1.780471442070848
854,stable,-1.000000000000000,4.684445885208561,-2.673514359266846,2.431775224744342,-1.691203511087224
855,stable,-1.000000000000000,9.681836480085167,-3.973267242463407,2.261629635002464,-1.700571124209091
856,stable,-1.000000000000000,6.487746820541361,-3.938222190578017,2.195871060393983,-1.571754323784262
857,stable,-1.000000000000000,5.833679719521115,-4.118147409102676,1.602574894925056,-1.535717887862120
858,stable,-1.000000000000000,5.905902815795343,-3.887778809479641,2.497934896557126,-1.811802194133634
859,stable,-1.000000000000000,5.764420467123273,-3.852200611680018,2.325821978680324,-1.810089118080214
860,stable,-1.000000000000000,5.027250345876382,-2.401919182342681,2.082398167403881,-2.454732023135875
861,stable,-1.000000000000000,5.474040417691867,-2.983502151204448,1.841673949267715,-1.807100170131889
862,stable,-1.000000000000000,7.142627444911341,-3.675717448561045,2.014405705733225,-1.669819804490544
863,stable,-1.000000000000000,5.032053771972642,-2.851267261779867,1.674474878585897,-1.656129315058934
864,stable,-1.000000000000000,8.521073278507174,-3.722460579811013,2.116635005782882,-1.759721482172608
865,stable,-1.000000000000000,5.897596128314035,-1.855477983786841,2.085406333731953,-1.767385254614055
866,stable,-1.000000000000000,5.935485153111586,-3.734331908848617,2.289774157688953,-1.526607454143232
867,stable,-1.000000000000000,5.359563882346265,-2.011279894832114,1.996881290455349,-1.873396448034327
868,stable,-1.000000000000000,6.004823882631172,-5.530358075182448,2.102240046719089,-1.965813674032688
869,stable,-1.000000000000000,5.874222457969154,-2.105118061423127,2.208062146557495,-1.535959371307399
870,stable,-1.000000000000000,6.140200942470983,-3.166562009959307,2.161439192015678,-1.531761433965585
871,stable,-1.000000000000000,5.475465698502376,-2.343281388224568,2.605229773558676,-1.874890729552135
872,stable,-1.000000000000000,4.920917761240162,-2.441108716669987,2.082898551201652,-1.452029363979818
873,stable,-1.000000000000000,5.993980284176359,-4.193428389724431,2.432282583264168,-1.777928692230489
874,stable,-1.000000000000000,4.987368967806106,-2.808797067641308,1.889199954617652,-1.850138105102815
875,stable,-1.000000000000000,6.328198209965194,-4.831071679562228,1.719556786236353,-1.867185531358700
876,stable,-1.000000000000000,6.446923742099898,-2.386453510467618,1.853518964519026,-1.545329946558923
877,stable,-1.000000000000000,5.681584904832562,-2.730089275341015,1.761646347702481,-1.961106339702383
878,stable,-1.000000000000000,5.219019466654572,-3.185088903752330,2.041728966869414,-1.690674130572006
879,stable,-1.000000000000000,4.685944001657845,-1.839512376209314,2.282180563488510,-1.660916545697546
880,stable,-1.000000000000000,7.791732909132406,-1.925265636347831,2.216067148518050,-1.810504819508424
881,stable,-1.000000000000000,6.637867475340499,-2.436192580688385,2.077195225869218,-1.614697291399352
882,stable,-1.000000000000000,5.141719776955142,-2.396727086368628,2.131096628727391,-1.856515108724125
883,stable,-1.000000000000000,5.698386500720517,-2.204016110068551,2.449305581860244,-1.659868257644121
884,stable,-1.000000000000000,5.320990293855175,-2.964591005757029,2.073546262923628,-2.001574952737428
885,stable,-1.000000000000000,4.557874389496646,-1.967902150630835,2.300711170479190,-2.009055641668965
886,stable,-1.000000000000000,7.044398383308362,-2.277081412743428,2.248315425473265,-1.727407480691909
887,stable,-1.000000000000000,5.316159747108031,-2.013643604441313,1.840703272377141,-1.589486382261384
888,stable,-1.000000000000000,4.926467751687596,-2.879238697467372,2.501608707658306,-1.887800807700842
889,stable,-1.000000000000000,5.660862673154043,-2.212262777395836,1.898314410951571,-1.982678932603449
890,stable,-1.000000000000000,6.229008541660733,-5.328875398517994,1.948391949481447,-2.065593317965977
891,stable,-1.000000000000000,6.316395622314303,-3.256077693058614,2.150671212235466,-1.797831252566539
892,stable,-1.000000000000000,7.619284619409882,-3.221511853396805,1.808586363680661,-1.740264939231565
893,stable,-1.000000000000000,6.178660587589548,-3.345236351120548,1.821390493190847,-1.410519985598512
894,stable,-1.000000000000000,6.627206565405913,-2.096432851612917,1.994110052008182,-1.483330206363462
895,stable,-1.000000000000000,4.468203010037541,-1.952493502016296,2.322435997193679,-2.491648998344317
896,stable,-1.000000000000000,5.584993239492178,-2.579993639999884,2.827501669351477,-1.626618133217562
897,stable,-1.000000000000000,4.632452322315658,-2.342391157020757,1.828513120533898,-1.543802551110275
898,stable,-1.000000000000000,6.753979706845712,-2.704695694998009,1.846651641302742,-1.490870534609712
899,stable,-1.000000000000000,7.022122395566839,-2.825750936601025,2.075458689243533,-1.543090381543152
900,stable,-1.000000000000000,5.620268983700953,-2.829025486137425,1.942216051160358,-1.521273766469676
901,stable,-1.000000000000000,5.768271021557666,-2.141478683617606,2.146563508576946,-1.823640096088639
902,stable,-1.000000000000000,5.418260573871521,-2.571409356482036,2.057659029844217,-2.037727980521595
903,stable,-1.000000000000000,5.394947982837039,-2.559631196832925,2.109939323971048,-1.552232545334846
904,stable,-1.000000000000000,7.311378639298709,-4.308745442773215,2.082035803236067,-2.098355477150108
905,stable,-1.000000000000000,7.331758483735030,-3.664010621218040,1.708608013552293,-1.444298578441249
906,stable,-1.000000000000000,5.532514934444862,-1.776566029184323,2.408694443038257,-2.418159442837350
907,stable,-1.000000000000000,5.614180697206393,-4.529551217403423,2.028034826682415,-1.893651356251212
908,stable,-1.000000000000000,5.067739906466159,-3.506722302938215,2.290829326302628,-1.576930780429393
909,stable,-1.000000000000000,5.760982008813244,-4.105858256161810,2.187650521285832,-1.372765723965131
910,stable,-1.000000000000000,4.832166349322506,-2.535414401223534,2.500520368572325,-1.766249360538495
911,stable,-1.000000000000000,5.117241292900871,-2.739551933433177,1.781395379686728,-1.630483330227435
912,stable,-1.000000000000000,5.038593064793531,-3.212342644252203,2.259137909626588,-1.384784734138520
913,stable,-1.000000000000000,4.990862543199910,-3.378552376285370,1.990176676365081,-1.731356167629201
914,stable,-1.000000000000000,7.177927820172044,-3.144814551760646,1.962135016627144,-1.497560343705118
915,stable,-1.000000000000000,6.137983770420760,-2.366437234013574,1.843569783542307,-1.590248127235100
916,stable,-1.000000000000000,7.812094523311316,-3.767429958437788,2.201902294298634,-2.369832265860168
917,stable,-1.000000000000000,7.713453802498407,-2.726731803610164,2.082368822069839,-1.440029843477532
918,stable,-1.000000000000000,4.974868656609033,-3.223980738561295,1.985216798144393,-1.653172872427604
919,stable,-1.000000000000000,5.164159757929156,-2.200429191827425,1.983987358398736,-1.879212515865220
920,stable,-1.000000000000000,6.682528084154910,-3.154153483252230,2.284206631858979,-1.948284480829898
921,stable,-1.000000000000000,5.033659160808838,-3.309688289038604,1.832173354225233,-1.854704817873426
922,stable,-1.000000000000000,6.543125866672199,-2.707518672099468,2.462525337323314,-1.648233012296259
923,stable,-1.000000000000000,7.822098616772564,-4.281401670657033,2.339420639360469,-1.531473693205044
924,stable,-1.000000000000000,5.360469669991289,-1.815730449954572,1.887489402724896,-1.830981720711861
925,stable,-1.000000000000000,6.078565664771304,-1.628991323290393,1.907039854042523,-1.818030262831599
926,stable,-1.000000000000000,5.676989833006701,-3.674592678180488,1.840088328463025,-1.479893080802867
927,stable,-1.000000000000000,6.036265587237722,-1.920740511013719,1.913006189861335,-1.716000109445304
928,stable,-1.000000000000000,5.413834110362586,-3.414019830120878,1.770677332286141,-1.917714896844700
929,stable,-1.000000000000000,5.505995685431117,-2.398766940487803,1.894214934582124,-1.421361731539946
930,stable,-1.000000000000000,5.838271448545129,-3.238965643880874,1.752335513701837,-1.538789442827692
931,stable,-1.000000000000000,7.014423048143726,-4.169919210290345,2.437781931716017,-2.794778257724829
932,stable,-1.000000000000000,6.682663753446832,-2.363096141136339,1.701495977467857,-1.799786337709520
933,stable,-1.000000000000000,6.285217557793658,-3.119311628128344,1.996249075251399,-1.372400095395278
934,stable,-1.000000000000000,4.226699215985718,-2.195265770010110,2.463592213811353,-2.114161728182808
935,stable,-1.000000000000000,6.277560449485463,-2.820603794379849,2.488656583082047,-1.848769383126637
936,stable,-1.000000000000000,6.556890406372986,-3.508946071160608,2.381666890389170,-1.771983010239637
937,stable,-1.000000000000000,5.604252597382583,-3.844134396513255,2.247721106861718,-1.823462264845148
938,stable,-1.000000000000000,4.765016156925412,-3.861461474100906,1.971760896500200,-1.982427638024092
939,stable,-1.000000000000000,6.325964830592056,-4.817410662211842,2.242942963610403,-1.597535893437453
940,stable,-1.000000000000000,6.227911871746073,-3.212585986846534,2.661287911701947,-2.038444615085609
941,stable,-1.000000000000000,7.248255962338590,-4.042878676169494,1.972467170679010,-1.790231729741208
942,stable,-1.000000000000000,5.270065418988452,-3.202277307584154,1.972927923663519,-1.818897450837540
943,stable,-1.000000000000000,5.301202750415541,-3.291273671864474,2.108076857461128,-1.715660620335257
944,stable,-1.000000000000000,6.422613546383218,-3.518664155860279,1.878795398049988,-2.201717444928363
945,stable,-1.000000000000000,5.604348909437249,-3.896294397208067,2.024054499110207,-1.753563263016986
946,stable,-1.000000000000000,5.749071461515996,-2.842815331758175,2.158374667083990,-2.072696783186984
947,stable,-1.000000000000000,6.805349364440190,-2.295139061251575,1.806449364114087,-1.854722450952977
948,stable,-1.000000000000000,5.221957130124792,-1.937972750190966,1.967585171572864,-1.640236472638207
949,stable,-1.000000000000000,6.480971495471749,-2.852232052369800,2.381482324097306,-1.643646415788680
950,stable,-1.000000000000000,5.485966643065694,-2.849743973405566,1.601544420933351,-2.020871526794508
951,stable,-1.000000000000000,6.570358192533604,-3.557850159839290,2.147171614109538,-1.445826852865139
952,stable,-1.000000000000000,5.745478889992228,-3.225444390140183,1.777164886705577,-1.605225155944936
953,stable,-1.000000000000000,5.562142858383595,-3.483931749695330,2.017034131160472,-1.547217228013324
954,stable,-1.000000000000000,6.444606166685844,-2.937339312273252,2.410040996219323,-2.167593857215252
955,stable,-1.000000000000000,3.952472324523114,-2.104019027981849,1.994353472604416,-2.023385964508634
956,stable,-1.000000000000000,6.060893778636455,-2.487264364273869,1.913726133323507,-1.758639042964205
957,stable,-1.000000000000000,5.724163069664655,-1.836296917742402,2.163159993884619,-1.908374504404492
958,stable,-1.000000000000000,6.128302405410068,-1.586156151603063,2.395292199333198,-1.784825740032829
959,stable,-1.000000000000000,5.561674808742282,-2.715304452693090,2.273057569211232,-2.012199251388665
960,stable,-1.000000000000000,4.617330402936204,-2.983689521378892,2.348099409718998,-1.513255758931336
961,stable,-1.000000000000000,5.076793027110398,-2.737708534015837,2.795775491336826,-1.430068003828637
962,stable,-1.000000000000000,5.463307495195295,-4.041107157027000,2.148216897156090,-2.023044946603477
963,stable,-1.000000000000000,6.997794654093013,-4.192038474197034,2.193102307675872,-1.639322175178677
964,stable,-1.000000000000000,6.539777794023394,-2.442492399393814,2.036428949679248,-2.374947938136756
965,stable,-1.000000000000000,5.153767304262146,-3.441744790368830,2.130513235402759,-1.481363312661415
966,stable,-1.000000000000000,5.660031458613958,-1.904090760723193,2.064665000536479,-1.746565549634397
967,stable,-1.000000000000000,6.909071113630489,-3.685472691975519,2.559776765177958,-1.601645327289589
968,stable,-1.000000000000000,6.892070861599223,-3.420527960413892,1.938977610436268,-1.604342350416118
969,stable,-1.000000000000000,7.824807056365898,-2.574058436439373,2.209909673198126,-1.843247703451198
970,stable,-1.000000000000000,6.351942038010748,-4.786921545095538,1.855749732814729,-1.633261866154498
971,stable,-1.000000000000000,6.497339026813279,-3.252020842961429,2.209720558883419,-1.582508650491945
972,stable,-1.000000000000000,6.642159644557978,-2.617025135999938,2.045909823034890,-1.525229617269360
973,stable,-1.000000000000000,5.961277376394719,-1.757805753225512,1.746980591269676,-2.283539488096721
974,stable,-1.000000000000000,5.573664123010531,-4.697240846617206,1.696926555712707,-2.722307981108315
975,stable,-1.000000000000000,6.686558633235109,-3.467725071270252,2.175409564864822,-1.927370349818375
976,stable,-1.000000000000000,5.456653029146764,-2.449749779569174,2.060308417771012,-1.635252615844365
977,stable,-1.000000000000000,5.796088091476122,-2.684520612805500,2.188776622540900,-1.508136530203046
978,stable,-1.000000000000000,6.769662219650854,-2.196137078542733,2.395316063659266,-1.639637085841969
979,stable,-1.000000000000000,5.826032198783196,-2.748828846183414,2.348343651508912,-2.088808846543543
980,stable,-1.000000000000000,6.366167107571528,-4.245280926640589,2.178920965990983,-1.463896361819934
981,stable,-1.000000000000000,5.659438249249433,-2.218137918821412,2.042359602171928,-1.748633704002714
982,stable,-1.000000000000000,5.073735376994591,-2.541753784542379,2.299082323093899,-1.575608594113874
983,stable,-1.000000000000000,5.974611532665222,-1.727422938183736,2.265004136692369,-1.767130582506070
984,stable,-1.000000000000000,5.684481469681486,-3.516676772107530,2.054852232744452,-2.034678636453464
985,stable,-1.000000000000000,4.860808467225070,-3.372707751594135,2.133212404325604,-1.945691655157134
986,stable,-1.000000000000000,6.057847904801747,-4.809227914585563,1.830884597984550,-1.783500857185572
987,stable,-1.000000000000000,5.133476558359689,-3.558651091241700,2.604615892283618,-1.862640967592597
988,stable,-1.000000000000000,6.458277862639079,-3.779618890817801,1.957877651089802,-1.507426927681081
989,stable,-1.000000000000000,6.335008718502650,-2.759763795977051,2.314064294769196,-2.134835596603807
990,stable,-1.000000000000000,6.569363302043712,-3.081731405647588,2.071894435764989,-1.575430550394231
991,stable,-1.000000000000000,5.858092641334224,-2.391570681309531,2.060857899719849,-1.702948996957275
992,stable,-1.000000000000000,5.189263266962371,-5.679095771818993,1.798730682639871,-1.812079312629066
993,stable,-1.000000000000000,5.437218887294875,-2.275016340703587,2.846513398479146,-1.619896989373956
994,stable,-1.000000000000000,7.055981501611313,-3.763778691625703,2.794283440511208,-2.137471139896661
995,stable,-1.000000000000000,6.652408912568717,-1.235776827010341,2.340574590913548,-1.312203449895605
996,stable,-1.000000000000000,6.825706461677328,-3.376449816976674,2.022892060223967,-1.658644765382633
997,stable,-1.000000000000000,5.928641203154257,-3.025573874863767,2.083766793293762,-1.598498124629259
998,stable,-1.000000000000000,5.552786010030104,-2.225625788480102,2.246263245491718,-1.479163907897600
999,stable,-1.000000000000000,4.809396596327133,-2.516561724532949,2.034975451570062,-1.858664268394932
1000,stable,-1.000000000000000,7.602456013461051,-4.579860188187013,2.280953148496337,-1.401827319525182
