id,Layer,node_count,HR_total,EPR_total,WR_total,UR_total
0,1,784,.000000000000000,.000000000000000,-2.477941287312253,2.477941287312253
0,2,256,-4.955882574622667,9.911765149245333,-3.913759481692479,-1.042123092930189
0,3,10,-2.871636388760426,5.743272777520852,-1.435818194380221,-1.435818194380205
1,1,784,.000000000000000,.000000000000000,-2.477941287312256,2.477941287312256
1,2,256,-4.955882574622639,9.911765149245278,-3.911922104287170,-1.043960470335471
1,3,10,-2.867961633949847,5.735923267899694,-1.433980816974912,-1.433980816974936
2,1,784,.000000000000000,.000000000000000,-2.477941287312259,2.477941287312259
2,2,256,-4.955882574622628,9.911765149245255,-3.911848916448703,-1.044033658173922
2,3,10,-2.867815258272916,5.735630516545832,-1.433907629136447,-1.433907629136469
3,1,784,.000000000000000,.000000000000000,-2.477941287312260,2.477941287312260
3,2,256,-4.955882574622646,9.911765149245293,-3.912120130960337,-1.043762443662309
3,3,10,-2.868357687296196,5.736715374592391,-1.434178843648081,-1.434178843648114
4,1,784,.000000000000000,.000000000000000,-2.477941287312259,2.477941287312259
4,2,256,-4.955882574622639,9.911765149245278,-3.911874847730377,-1.044007726892263
4,3,10,-2.867867120836244,5.735734241672488,-1.433933560418121,-1.433933560418123
5,1,784,.000000000000000,.000000000000000,-2.477941287312260,2.477941287312260
5,2,256,-4.955882574622626,9.911765149245252,-3.911930347319156,-1.043952227303468
5,3,10,-2.867978120013800,5.735956240027599,-1.433989060006901,-1.433989060006899
6,1,784,.000000000000000,.000000000000000,-2.477941287312257,2.477941287312257
6,2,256,-4.955882574622660,9.911765149245319,-3.911795208247496,-1.044087366375169
6,3,10,-2.867707841870487,5.735415683740975,-1.433853920935237,-1.433853920935250
7,1,784,.000000000000000,.000000000000000,-2.477941287312257,2.477941287312257
7,2,256,-4.955882574622669,9.911765149245339,-3.912184894620747,-1.043697680001928
7,3,10,-2.868487214616934,5.736974429233867,-1.434243607308490,-1.434243607308443
8,1,784,.000000000000000,.000000000000000,-2.477941287312259,2.477941287312259
8,2,256,-4.955882574622660,9.911765149245319,-3.911838513840796,-1.044044060781863
8,3,10,-2.867794453057070,5.735588906114141,-1.433897226528541,-1.433897226528530
9,1,784,.000000000000000,.000000000000000,-2.477941287312254,2.477941287312254
9,2,256,-4.955882574622636,9.911765149245271,-3.911666421936516,-1.044216152686122
9,3,10,-2.867450269248495,5.734900538496990,-1.433725134624259,-1.433725134624235
10,1,784,.000000000000000,.000000000000000,-2.477941287312255,2.477941287312255
10,2,256,-4.955882574622686,9.911765149245372,-3.911861412803070,-1.044021161819615
10,3,10,-2.867840250981632,5.735680501963263,-1.433920125490813,-1.433920125490818
11,1,784,.000000000000000,.000000000000000,-2.477941287312255,2.477941287312255
11,2,256,-4.955882574622651,9.911765149245301,-3.911970247064141,-1.043912327558508
11,3,10,-2.868057919503773,5.736115839007545,-1.434028959751884,-1.434028959751888
12,1,784,.000000000000000,.000000000000000,-2.477941287312258,2.477941287312258
12,2,256,-4.955882574622700,9.911765149245399,-3.911815212990388,-1.044067361632314
12,3,10,-2.867747851356254,5.735495702712507,-1.433873925678133,-1.433873925678121
13,1,784,.000000000000000,.000000000000000,-2.477941287312255,2.477941287312255
13,2,256,-4.955882574622692,9.911765149245385,-3.911909189275188,-1.043973385347507
13,3,10,-2.867935803925866,5.735871607851731,-1.433967901962931,-1.433967901962934
14,1,784,.000000000000000,.000000000000000,-2.477941287312254,2.477941287312254
14,2,256,-4.955882574622676,9.911765149245353,-3.912079877031062,-1.043802697591615
14,3,10,-2.868277179437585,5.736554358875170,-1.434138589718807,-1.434138589718778
15,1,784,.000000000000000,.000000000000000,-2.477941287312254,2.477941287312254
15,2,256,-4.955882574622663,9.911765149245326,-3.911756500038533,-1.044126074584135
15,3,10,-2.867630425452564,5.735260850905129,-1.433815212726276,-1.433815212726289
16,1,784,.000000000000000,.000000000000000,-2.477941287312260,2.477941287312260
16,2,256,-4.955882574622637,9.911765149245275,-3.911758248323712,-1.044124326298926
16,3,10,-2.867633922022906,5.735267844045811,-1.433816961011453,-1.433816961011452
17,1,784,.000000000000000,.000000000000000,-2.477941287312259,2.477941287312259
17,2,256,-4.955882574622672,9.911765149245344,-3.911831774017703,-1.044050800604972
17,3,10,-2.867780973410884,5.735561946821768,-1.433890486705445,-1.433890486705439
18,1,784,.000000000000000,.000000000000000,-2.477941287312256,2.477941287312256
18,2,256,-4.955882574622631,9.911765149245262,-3.912122641058002,-1.043759933564635
18,3,10,-2.868362707491499,5.736725414982998,-1.434181353745744,-1.434181353745755
19,1,784,.000000000000000,.000000000000000,-2.477941287312258,2.477941287312258
19,2,256,-4.955882574622668,9.911765149245335,-3.912112312459694,-1.043770262162970
19,3,10,-2.868342050294884,5.736684100589768,-1.434171025147438,-1.434171025147446
20,1,784,.000000000000000,.000000000000000,-2.477941287312257,2.477941287312257
20,2,256,-4.955882574622661,9.911765149245323,-3.911909264378980,-1.043973310243681
20,3,10,-2.867935954133465,5.735871908266930,-1.433967977066724,-1.433967977066741
21,1,784,.000000000000000,.000000000000000,-2.477941287312258,2.477941287312258
21,2,256,-4.955882574622636,9.911765149245271,-3.911745007823932,-1.044137566798702
21,3,10,-2.867607441023340,5.735214882046679,-1.433803720511678,-1.433803720511661
22,1,784,.000000000000000,.000000000000000,-2.477941287312257,2.477941287312257
22,2,256,-4.955882574622655,9.911765149245310,-3.911935033174681,-1.043947541447973
22,3,10,-2.867987491724814,5.735974983449627,-1.433993745862428,-1.433993745862385
23,1,784,.000000000000000,.000000000000000,-2.477941287312255,2.477941287312255
23,2,256,-4.955882574622653,9.911765149245307,-3.911823520876364,-1.044059053746289
23,3,10,-2.867764467128223,5.735528934256447,-1.433882233564108,-1.433882233564115
24,1,784,.000000000000000,.000000000000000,-2.477941287312258,2.477941287312258
24,2,256,-4.955882574622665,9.911765149245330,-3.912053813633769,-1.043828760988894
24,3,10,-2.868225052643024,5.736450105286048,-1.434112526321516,-1.434112526321509
25,1,784,.000000000000000,.000000000000000,-2.477941287312259,2.477941287312259
25,2,256,-4.955882574622670,9.911765149245340,-3.912000872484404,-1.043881702138265
25,3,10,-2.868119170344275,5.736238340688550,-1.434059585172150,-1.434059585172125
26,1,784,.000000000000000,.000000000000000,-2.477941287312259,2.477941287312259
26,2,256,-4.955882574622619,9.911765149245237,-3.912094379507488,-1.043788195115132
26,3,10,-2.868306184390469,5.736612368780937,-1.434153092195231,-1.434153092195237
27,1,784,.000000000000000,.000000000000000,-2.477941287312255,2.477941287312255
27,2,256,-4.955882574622658,9.911765149245316,-3.911828155075683,-1.044054419546978
27,3,10,-2.867773735526856,5.735547471053712,-1.433886867763425,-1.433886867763431
28,1,784,.000000000000000,.000000000000000,-2.477941287312263,2.477941287312263
28,2,256,-4.955882574622635,9.911765149245269,-3.911705656637893,-1.044176917984742
28,3,10,-2.867528738651322,5.735057477302643,-1.433764369325637,-1.433764369325685
29,1,784,.000000000000000,.000000000000000,-2.477941287312258,2.477941287312258
29,2,256,-4.955882574622634,9.911765149245268,-3.911723982188930,-1.044158592433702
29,3,10,-2.867565389753352,5.735130779506704,-1.433782694876676,-1.433782694876676
30,1,784,.000000000000000,.000000000000000,-2.477941287312261,2.477941287312261
30,2,256,-4.955882574622675,9.911765149245349,-3.912065289907218,-1.043817284715453
30,3,10,-2.868248005189943,5.736496010379886,-1.434124002594963,-1.434124002594980
31,1,784,.000000000000000,.000000000000000,-2.477941287312254,2.477941287312254
31,2,256,-4.955882574622660,9.911765149245319,-3.911708416941343,-1.044174157681317
31,3,10,-2.867534259258169,5.735068518516338,-1.433767129629088,-1.433767129629081
32,1,784,.000000000000000,.000000000000000,-2.477941287312256,2.477941287312256
32,2,256,-4.955882574622673,9.911765149245346,-3.911671434972504,-1.044211139650172
32,3,10,-2.867460295320468,5.734920590640935,-1.433730147660249,-1.433730147660219
33,1,784,.000000000000000,.000000000000000,-2.477941287312262,2.477941287312262
33,2,256,-4.955882574622661,9.911765149245323,-3.911651208392711,-1.044231366229951
33,3,10,-2.867419842160938,5.734839684321877,-1.433709921080453,-1.433709921080486
34,1,784,.000000000000000,.000000000000000,-2.477941287312259,2.477941287312259
34,2,256,-4.955882574622637,9.911765149245275,-3.911967826150530,-1.043914748472105
34,3,10,-2.868053077676552,5.736106155353103,-1.434026538838277,-1.434026538838275
35,1,784,.000000000000000,.000000000000000,-2.477941287312258,2.477941287312258
35,2,256,-4.955882574622636,9.911765149245271,-3.911962729150864,-1.043919845471774
35,3,10,-2.868042883677232,5.736085767354464,-1.434021441838610,-1.434021441838622
36,1,784,.000000000000000,.000000000000000,-2.477941287312260,2.477941287312260
36,2,256,-4.955882574622629,9.911765149245259,-3.912171615640148,-1.043710958982478
36,3,10,-2.868460656655755,5.736921313311511,-1.434230328327893,-1.434230328327862
37,1,784,.000000000000000,.000000000000000,-2.477941287312258,2.477941287312258
37,2,256,-4.955882574622661,9.911765149245323,-3.911496009437698,-1.044386565184962
37,3,10,-2.867109444250900,5.734218888501800,-1.433554722125443,-1.433554722125458
38,1,784,.000000000000000,.000000000000000,-2.477941287312255,2.477941287312255
38,2,256,-4.955882574622658,9.911765149245316,-3.912010716228604,-1.043871858394052
38,3,10,-2.868138857832691,5.736277715665382,-1.434069428916348,-1.434069428916343
39,1,784,.000000000000000,.000000000000000,-2.477941287312262,2.477941287312262
39,2,256,-4.955882574622636,9.911765149245271,-3.911727138994885,-1.044155435627749
39,3,10,-2.867571703365257,5.735143406730515,-1.433785851682630,-1.433785851682627
40,1,784,.000000000000000,.000000000000000,-2.477941287312255,2.477941287312255
40,2,256,-4.955882574622622,9.911765149245245,-3.911774635668653,-1.044107938953974
40,3,10,-2.867666696712796,5.735333393425592,-1.433833348356399,-1.433833348356397
41,1,784,.000000000000000,.000000000000000,-2.477941287312257,2.477941287312257
41,2,256,-4.955882574622672,9.911765149245344,-3.911845698963218,-1.044036875659456
41,3,10,-2.867808823301915,5.735617646603830,-1.433904411650963,-1.433904411650952
42,1,784,.000000000000000,.000000000000000,-2.477941287312257,2.477941287312257
42,2,256,-4.955882574622652,9.911765149245305,-3.911772217823670,-1.044110356798980
42,3,10,-2.867661861022828,5.735323722045655,-1.433830930511414,-1.433830930511414
43,1,784,.000000000000000,.000000000000000,-2.477941287312259,2.477941287312259
43,2,256,-4.955882574622651,9.911765149245301,-3.911811312413133,-1.044071262209514
43,3,10,-2.867740050201773,5.735480100403547,-1.433870025100879,-1.433870025100894
44,1,784,.000000000000000,.000000000000000,-2.477941287312254,2.477941287312254
44,2,256,-4.955882574622655,9.911765149245310,-3.911393373575352,-1.044489201047305
44,3,10,-2.866904172526161,5.733808345052322,-1.433452086263095,-1.433452086263066
45,1,784,.000000000000000,.000000000000000,-2.477941287312258,2.477941287312258
45,2,256,-4.955882574622672,9.911765149245344,-3.911827699234818,-1.044054875387853
45,3,10,-2.867772823845117,5.735545647690235,-1.433886411922560,-1.433886411922558
46,1,784,.000000000000000,.000000000000000,-2.477941287312256,2.477941287312256
46,2,256,-4.955882574622642,9.911765149245284,-3.911489560072291,-1.044393014550354
46,3,10,-2.867096545520091,5.734193091040183,-1.433548272760035,-1.433548272760056
47,1,784,.000000000000000,.000000000000000,-2.477941287312258,2.477941287312258
47,2,256,-4.955882574622628,9.911765149245257,-3.911208186698505,-1.044674387924126
47,3,10,-2.866533798772513,5.733067597545025,-1.433266899386249,-1.433266899386263
48,1,784,.000000000000000,.000000000000000,-2.477941287312257,2.477941287312257
48,2,256,-4.955882574622614,9.911765149245229,-3.911559030926713,-1.044323543695900
48,3,10,-2.867235487228944,5.734470974457889,-1.433617743614459,-1.433617743614485
49,1,784,.000000000000000,.000000000000000,-2.477941287312259,2.477941287312259
49,2,256,-4.955882574622642,9.911765149245284,-3.911707726358920,-1.044174848263724
49,3,10,-2.867532878093352,5.735065756186705,-1.433766439046662,-1.433766439046690
50,1,784,.000000000000000,.000000000000000,-2.477941287312255,2.477941287312255
50,2,256,-4.955882574622647,9.911765149245294,-3.911926508135350,-1.043956066487294
50,3,10,-2.867970441646164,5.735940883292328,-1.433985220823096,-1.433985220823067
51,1,784,.000000000000000,.000000000000000,-2.477941287312259,2.477941287312259
51,2,256,-4.955882574622657,9.911765149245314,-3.912026114545395,-1.043856460077261
51,3,10,-2.868169654466294,5.736339308932587,-1.434084827233138,-1.434084827233156
52,1,784,.000000000000000,.000000000000000,-2.477941287312257,2.477941287312257
52,2,256,-4.955882574622668,9.911765149245335,-3.911676254333289,-1.044206320289378
52,3,10,-2.867469934042062,5.734939868084124,-1.433734967021032,-1.433734967021030
53,1,784,.000000000000000,.000000000000000,-2.477941287312255,2.477941287312255
53,2,256,-4.955882574622667,9.911765149245333,-3.911521018423036,-1.044361556199628
53,3,10,-2.867159462221605,5.734318924443209,-1.433579731110781,-1.433579731110824
54,1,784,.000000000000000,.000000000000000,-2.477941287312255,2.477941287312255
54,2,256,-4.955882574622643,9.911765149245285,-3.911837251967700,-1.044045322654947
54,3,10,-2.867791929310906,5.735583858621812,-1.433895964655445,-1.433895964655461
55,1,784,.000000000000000,.000000000000000,-2.477941287312256,2.477941287312256
55,2,256,-4.955882574622656,9.911765149245312,-3.911700574720269,-1.044181999902388
55,3,10,-2.867518574816034,5.735037149632069,-1.433759287408014,-1.433759287408020
56,1,784,.000000000000000,.000000000000000,-2.477941287312257,2.477941287312257
56,2,256,-4.955882574622634,9.911765149245268,-3.911939713928011,-1.043942860694624
56,3,10,-2.867996853231496,5.735993706462993,-1.433998426615755,-1.433998426615742
57,1,784,.000000000000000,.000000000000000,-2.477941287312256,2.477941287312256
57,2,256,-4.955882574622668,9.911765149245335,-3.912099496093746,-1.043783078528925
57,3,10,-2.868316417562981,5.736632835125962,-1.434158208781490,-1.434158208781491
58,1,784,.000000000000000,.000000000000000,-2.477941287312254,2.477941287312254
58,2,256,-4.955882574622634,9.911765149245268,-3.911943572520367,-1.043939002102266
58,3,10,-2.868004570416250,5.736009140832500,-1.434002285208112,-1.434002285208139
59,1,784,.000000000000000,.000000000000000,-2.477941287312256,2.477941287312256
59,2,256,-4.955882574622665,9.911765149245330,-3.911485252740557,-1.044397321882106
59,3,10,-2.867087930856608,5.734175861713215,-1.433543965428302,-1.433543965428305
60,1,784,.000000000000000,.000000000000000,-2.477941287312260,2.477941287312260
60,2,256,-4.955882574622627,9.911765149245253,-3.912012851117146,-1.043869723505473
60,3,10,-2.868143127609792,5.736286255219584,-1.434071563804896,-1.434071563804896
61,1,784,.000000000000000,.000000000000000,-2.477941287312257,2.477941287312257
61,2,256,-4.955882574622681,9.911765149245362,-3.912064610840834,-1.043817963781844
61,3,10,-2.868246647057144,5.736493294114288,-1.434123323528580,-1.434123323528563
62,1,784,.000000000000000,.000000000000000,-2.477941287312259,2.477941287312259
62,2,256,-4.955882574622666,9.911765149245332,-3.911737800450013,-1.044144774172650
62,3,10,-2.867593026275521,5.735186052551041,-1.433796513137756,-1.433796513137764
63,1,784,.000000000000000,.000000000000000,-2.477941287312258,2.477941287312258
63,2,256,-4.955882574622646,9.911765149245293,-3.912160173043455,-1.043722401579196
63,3,10,-2.868437771462339,5.736875542924679,-1.434218885731199,-1.434218885731141
64,1,784,.000000000000000,.000000000000000,-2.477941287312254,2.477941287312254
64,2,256,-4.955882574622638,9.911765149245277,-3.911900771553197,-1.043981803069443
64,3,10,-2.867918968481894,5.735837936963788,-1.433959484240940,-1.433959484240954
65,1,784,.000000000000000,.000000000000000,-2.477941287312256,2.477941287312256
65,2,256,-4.955882574622627,9.911765149245253,-3.911664237920151,-1.044218336702472
65,3,10,-2.867445901215765,5.734891802431530,-1.433722950607894,-1.433722950607871
66,1,784,.000000000000000,.000000000000000,-2.477941287312256,2.477941287312256
66,2,256,-4.955882574622668,9.911765149245335,-3.911817787341124,-1.044064787281543
66,3,10,-2.867753000057741,5.735506000115483,-1.433876500028871,-1.433876500028871
67,1,784,.000000000000000,.000000000000000,-2.477941287312257,2.477941287312257
67,2,256,-4.955882574622652,9.911765149245303,-3.911840478745234,-1.044042095877417
67,3,10,-2.867798382865963,5.735596765731925,-1.433899191432976,-1.433899191432987
68,1,784,.000000000000000,.000000000000000,-2.477941287312255,2.477941287312255
68,2,256,-4.955882574622653,9.911765149245307,-3.911853766928626,-1.044028807694028
68,3,10,-2.867824959232746,5.735649918465493,-1.433912479616370,-1.433912479616376
69,1,784,.000000000000000,.000000000000000,-2.477941287312257,2.477941287312257
69,2,256,-4.955882574622668,9.911765149245335,-3.911709401920494,-1.044173172702174
69,3,10,-2.867536229216438,5.735072458432876,-1.433768114608238,-1.433768114608200
70,1,784,.000000000000000,.000000000000000,-2.477941287312254,2.477941287312254
70,2,256,-4.955882574622644,9.911765149245287,-3.911994171965385,-1.043888402657258
70,3,10,-2.868105769306262,5.736211538612523,-1.434052884653128,-1.434052884653134
71,1,784,.000000000000000,.000000000000000,-2.477941287312257,2.477941287312257
71,2,256,-4.955882574622685,9.911765149245371,-3.911733204441625,-1.044149370181057
71,3,10,-2.867583834258768,5.735167668517535,-1.433791917129370,-1.433791917129398
72,1,784,.000000000000000,.000000000000000,-2.477941287312251,2.477941287312251
72,2,256,-4.955882574622695,9.911765149245390,-3.911720465873129,-1.044162108749568
72,3,10,-2.867558357121752,5.735116714243504,-1.433779178560875,-1.433779178560877
73,1,784,.000000000000000,.000000000000000,-2.477941287312257,2.477941287312257
73,2,256,-4.955882574622645,9.911765149245291,-3.911810727692580,-1.044071846930068
73,3,10,-2.867738880760630,5.735477761521261,-1.433869440380323,-1.433869440380308
74,1,784,.000000000000000,.000000000000000,-2.477941287312255,2.477941287312255
74,2,256,-4.955882574622628,9.911765149245257,-3.911614552843952,-1.044268021778679
74,3,10,-2.867346531063396,5.734693062126793,-1.433673265531693,-1.433673265531703
75,1,784,.000000000000000,.000000000000000,-2.477941287312260,2.477941287312260
75,2,256,-4.955882574622697,9.911765149245394,-3.912313920103752,-1.043568654518948
75,3,10,-2.868745265583005,5.737490531166009,-1.434372632791497,-1.434372632791507
76,1,784,.000000000000000,.000000000000000,-2.477941287312252,2.477941287312252
76,2,256,-4.955882574622663,9.911765149245326,-3.912171511184270,-1.043711063438393
76,3,10,-2.868460447744060,5.736920895488120,-1.434230223872014,-1.434230223872047
77,1,784,.000000000000000,.000000000000000,-2.477941287312256,2.477941287312256
77,2,256,-4.955882574622660,9.911765149245321,-3.911874628970266,-1.044007945652393
77,3,10,-2.867866683315997,5.735733366631994,-1.433933341658013,-1.433933341657983
78,1,784,.000000000000000,.000000000000000,-2.477941287312257,2.477941287312257
78,2,256,-4.955882574622657,9.911765149245314,-3.912031006774197,-1.043851567848460
78,3,10,-2.868179438923951,5.736358877847901,-1.434089719461940,-1.434089719462010
79,1,784,.000000000000000,.000000000000000,-2.477941287312257,2.477941287312257
79,2,256,-4.955882574622668,9.911765149245337,-3.911943078330113,-1.043939496292556
79,3,10,-2.868003582035727,5.736007164071453,-1.434001791017858,-1.434001791017869
80,1,784,.000000000000000,.000000000000000,-2.477941287312259,2.477941287312259
80,2,256,-4.955882574622648,9.911765149245296,-3.911723541883124,-1.044159032739524
80,3,10,-2.867564509141736,5.735129018283472,-1.433782254570868,-1.433782254570868
81,1,784,.000000000000000,.000000000000000,-2.477941287312257,2.477941287312257
81,2,256,-4.955882574622694,9.911765149245388,-3.911507942296774,-1.044374632325921
81,3,10,-2.867133309969056,5.734266619938112,-1.433566654984519,-1.433566654984537
82,1,784,.000000000000000,.000000000000000,-2.477941287312257,2.477941287312257
82,2,256,-4.955882574622660,9.911765149245319,-3.911673090227025,-1.044209484395632
82,3,10,-2.867463605829556,5.734927211659112,-1.433731802914770,-1.433731802914786
83,1,784,.000000000000000,.000000000000000,-2.477941287312257,2.477941287312257
83,2,256,-4.955882574622673,9.911765149245346,-3.911823993282020,-1.044058581340652
83,3,10,-2.867765411939529,5.735530823879058,-1.433882705969764,-1.433882705969766
84,1,784,.000000000000000,.000000000000000,-2.477941287312260,2.477941287312260
84,2,256,-4.955882574622643,9.911765149245285,-3.911959215904278,-1.043923358718367
84,3,10,-2.868035857184025,5.736071714368050,-1.434017928592020,-1.434017928592005
85,1,784,.000000000000000,.000000000000000,-2.477941287312255,2.477941287312255
85,2,256,-4.955882574622641,9.911765149245282,-3.911437160013779,-1.044445414608858
85,3,10,-2.866991745403050,5.733983490806101,-1.433495872701525,-1.433495872701525
86,1,784,.000000000000000,.000000000000000,-2.477941287312257,2.477941287312257
86,2,256,-4.955882574622610,9.911765149245220,-3.912103105752993,-1.043779468869617
86,3,10,-2.868323636881468,5.736647273762936,-1.434161818440738,-1.434161818440731
87,1,784,.000000000000000,.000000000000000,-2.477941287312257,2.477941287312257
87,2,256,-4.955882574622651,9.911765149245301,-3.912140587744890,-1.043741986877766
87,3,10,-2.868398600865273,5.736797201730545,-1.434199300432630,-1.434199300432642
88,1,784,.000000000000000,.000000000000000,-2.477941287312260,2.477941287312260
88,2,256,-4.955882574622652,9.911765149245303,-3.911717193245544,-1.044165381377111
88,3,10,-2.867551811866558,5.735103623733116,-1.433775905933286,-1.433775905933271
89,1,784,.000000000000000,.000000000000000,-2.477941287312258,2.477941287312258
89,2,256,-4.955882574622648,9.911765149245296,-3.911971701154044,-1.043910873468608
89,3,10,-2.868060827683579,5.736121655367159,-1.434030413841785,-1.434030413841794
90,1,784,.000000000000000,.000000000000000,-2.477941287312257,2.477941287312257
90,2,256,-4.955882574622670,9.911765149245340,-3.912055746113690,-1.043826828508984
90,3,10,-2.868228917602857,5.736457835205715,-1.434114458801435,-1.434114458801423
91,1,784,.000000000000000,.000000000000000,-2.477941287312256,2.477941287312256
91,2,256,-4.955882574622666,9.911765149245332,-3.911970366656624,-1.043912207966041
91,3,10,-2.868058158688731,5.736116317377463,-1.434029079344369,-1.434029079344362
92,1,784,.000000000000000,.000000000000000,-2.477941287312258,2.477941287312258
92,2,256,-4.955882574622661,9.911765149245323,-3.911817932516907,-1.044064642105759
92,3,10,-2.867753290409293,5.735506580818586,-1.433876645204648,-1.433876645204645
93,1,784,.000000000000000,.000000000000000,-2.477941287312254,2.477941287312254
93,2,256,-4.955882574622635,9.911765149245269,-3.911682783339191,-1.044199791283447
93,3,10,-2.867482992053898,5.734965984107796,-1.433741496026934,-1.433741496026963
94,1,784,.000000000000000,.000000000000000,-2.477941287312258,2.477941287312258
94,2,256,-4.955882574622641,9.911765149245282,-3.911896330841075,-1.043986243781563
94,3,10,-2.867910087057643,5.735820174115286,-1.433955043528819,-1.433955043528824
95,1,784,.000000000000000,.000000000000000,-2.477941287312258,2.477941287312258
95,2,256,-4.955882574622652,9.911765149245305,-3.911716689530869,-1.044165885091786
95,3,10,-2.867550804437238,5.735101608874476,-1.433775402218614,-1.433775402218624
96,1,784,.000000000000000,.000000000000000,-2.477941287312255,2.477941287312255
96,2,256,-4.955882574622652,9.911765149245305,-3.911916039402542,-1.043966535220110
96,3,10,-2.867949504180609,5.735899008361218,-1.433974752090286,-1.433974752090323
97,1,784,.000000000000000,.000000000000000,-2.477941287312257,2.477941287312257
97,2,256,-4.955882574622630,9.911765149245261,-3.911726066651736,-1.044156507970894
97,3,10,-2.867569558678960,5.735139117357921,-1.433784779339477,-1.433784779339483
98,1,784,.000000000000000,.000000000000000,-2.477941287312256,2.477941287312256
98,2,256,-4.955882574622647,9.911765149245294,-3.911643276136338,-1.044239298486306
98,3,10,-2.867403977648147,5.734807955296295,-1.433701988824083,-1.433701988824064
99,1,784,.000000000000000,.000000000000000,-2.477941287312257,2.477941287312257
99,2,256,-4.955882574622656,9.911765149245312,-3.911765491904020,-1.044117082718633
99,3,10,-2.867648409183525,5.735296818367051,-1.433824204591764,-1.433824204591761
100,1,784,.000000000000000,.000000000000000,-2.477941287312260,2.477941287312260
100,2,256,-4.955882574622672,9.911765149245344,-3.912005144121920,-1.043877430500751
100,3,10,-2.868127713619315,5.736255427238630,-1.434063856809665,-1.434063856809650
101,1,784,.000000000000000,.000000000000000,-2.477941287312258,2.477941287312258
101,2,256,-4.955882574622669,9.911765149245339,-3.911925484443090,-1.043957090179579
101,3,10,-2.867968394261720,5.735936788523440,-1.433984197130836,-1.433984197130884
102,1,784,.000000000000000,.000000000000000,-2.477941287312253,2.477941287312253
102,2,256,-4.955882574622666,9.911765149245332,-3.911926747725853,-1.043955826896819
102,3,10,-2.867970920827195,5.735941841654389,-1.433985460413597,-1.433985460413597
103,1,784,.000000000000000,.000000000000000,-2.477941287312260,2.477941287312260
103,2,256,-4.955882574622654,9.911765149245308,-3.911636564268354,-1.044246010354299
103,3,10,-2.867390553912158,5.734781107824316,-1.433695276956097,-1.433695276956061
104,1,784,.000000000000000,.000000000000000,-2.477941287312260,2.477941287312260
104,2,256,-4.955882574622582,9.911765149245165,-3.912238774191648,-1.043643800430934
104,3,10,-2.868594973758826,5.737189947517652,-1.434297486879394,-1.434297486879432
105,1,784,.000000000000000,.000000000000000,-2.477941287312258,2.477941287312258
105,2,256,-4.955882574622646,9.911765149245293,-3.911920328299323,-1.043962246323323
105,3,10,-2.867958081974129,5.735916163948257,-1.433979040987066,-1.433979040987063
106,1,784,.000000000000000,.000000000000000,-2.477941287312257,2.477941287312257
106,2,256,-4.955882574622660,9.911765149245319,-3.911872444905975,-1.044010129716685
106,3,10,-2.867862315187459,5.735724630374918,-1.433931157593718,-1.433931157593741
107,1,784,.000000000000000,.000000000000000,-2.477941287312257,2.477941287312257
107,2,256,-4.955882574622660,9.911765149245319,-3.911647508488643,-1.044235066134013
107,3,10,-2.867412442352764,5.734824884705529,-1.433706221176390,-1.433706221176375
108,1,784,.000000000000000,.000000000000000,-2.477941287312257,2.477941287312257
108,2,256,-4.955882574622602,9.911765149245204,-3.911850567087507,-1.044032007535098
108,3,10,-2.867818559550506,5.735637119101012,-1.433909279775248,-1.433909279775258
109,1,784,.000000000000000,.000000000000000,-2.477941287312257,2.477941287312257
109,2,256,-4.955882574622664,9.911765149245328,-3.911876366755429,-1.044006207867235
109,3,10,-2.867870158886340,5.735740317772681,-1.433935079443174,-1.433935079443166
110,1,784,.000000000000000,.000000000000000,-2.477941287312256,2.477941287312256
110,2,256,-4.955882574622649,9.911765149245298,-3.911631516737030,-1.044251057885618
110,3,10,-2.867380458849529,5.734760917699058,-1.433690229424773,-1.433690229424756
111,1,784,.000000000000000,.000000000000000,-2.477941287312258,2.477941287312258
111,2,256,-4.955882574622631,9.911765149245262,-3.911970686775502,-1.043911887847132
111,3,10,-2.868058798926479,5.736117597852958,-1.434029399463246,-1.434029399463233
112,1,784,.000000000000000,.000000000000000,-2.477941287312258,2.477941287312258
112,2,256,-4.955882574622632,9.911765149245264,-3.911977901523501,-1.043904673099129
112,3,10,-2.868073228422455,5.736146456844911,-1.434036614211243,-1.434036614211213
113,1,784,.000000000000000,.000000000000000,-2.477941287312252,2.477941287312252
113,2,256,-4.955882574622629,9.911765149245259,-3.911998388673651,-1.043884185948980
113,3,10,-2.868114202722746,5.736228405445491,-1.434057101361393,-1.434057101361353
114,1,784,.000000000000000,.000000000000000,-2.477941287312261,2.477941287312261
114,2,256,-4.955882574622643,9.911765149245285,-3.912212890276330,-1.043669684346313
114,3,10,-2.868543205928138,5.737086411856276,-1.434271602964077,-1.434271602964061
115,1,784,.000000000000000,.000000000000000,-2.477941287312253,2.477941287312253
115,2,256,-4.955882574622631,9.911765149245262,-3.912164860381651,-1.043717714240979
115,3,10,-2.868447146138815,5.736894292277629,-1.434223573069397,-1.434223573069417
116,1,784,.000000000000000,.000000000000000,-2.477941287312260,2.477941287312260
116,2,256,-4.955882574622613,9.911765149245227,-3.912066180897815,-1.043816393724799
116,3,10,-2.868249787171131,5.736499574342261,-1.434124893585559,-1.434124893585571
117,1,784,.000000000000000,.000000000000000,-2.477941287312261,2.477941287312261
117,2,256,-4.955882574622627,9.911765149245253,-3.911797037857453,-1.044085536765178
117,3,10,-2.867711501090370,5.735423002180740,-1.433855750545196,-1.433855750545174
118,1,784,.000000000000000,.000000000000000,-2.477941287312257,2.477941287312257
118,2,256,-4.955882574622622,9.911765149245245,-3.912042082447822,-1.043840492174806
118,3,10,-2.868201590271113,5.736403180542227,-1.434100795135565,-1.434100795135548
119,1,784,.000000000000000,.000000000000000,-2.477941287312253,2.477941287312253
119,2,256,-4.955882574622647,9.911765149245294,-3.911556531967480,-1.044326042655170
119,3,10,-2.867230489310439,5.734460978620878,-1.433615244655223,-1.433615244655216
120,1,784,.000000000000000,.000000000000000,-2.477941287312258,2.477941287312258
120,2,256,-4.955882574622652,9.911765149245305,-3.911807474525622,-1.044075100097029
120,3,10,-2.867732374426736,5.735464748853471,-1.433866187213366,-1.433866187213370
121,1,784,.000000000000000,.000000000000000,-2.477941287312254,2.477941287312254
121,2,256,-4.955882574622646,9.911765149245293,-3.911882521272681,-1.044000053349958
121,3,10,-2.867882467920869,5.735764935841738,-1.433941233960427,-1.433941233960442
122,1,784,.000000000000000,.000000000000000,-2.477941287312254,2.477941287312254
122,2,256,-4.955882574622643,9.911765149245285,-3.911684905780149,-1.044197668842491
122,3,10,-2.867487236935828,5.734974473871657,-1.433743618467892,-1.433743618467937
123,1,784,.000000000000000,.000000000000000,-2.477941287312256,2.477941287312256
123,2,256,-4.955882574622637,9.911765149245275,-3.911956828892156,-1.043925745730480
123,3,10,-2.868031083159806,5.736062166319613,-1.434015541579902,-1.434015541579905
124,1,784,.000000000000000,.000000000000000,-2.477941287312256,2.477941287312256
124,2,256,-4.955882574622650,9.911765149245300,-3.911668803216283,-1.044213771406364
124,3,10,-2.867455031808053,5.734910063616105,-1.433727515904030,-1.433727515904022
125,1,784,.000000000000000,.000000000000000,-2.477941287312256,2.477941287312256
125,2,256,-4.955882574622604,9.911765149245207,-3.911979342551263,-1.043903232071336
125,3,10,-2.868076110477982,5.736152220955964,-1.434038055239008,-1.434038055238974
126,1,784,.000000000000000,.000000000000000,-2.477941287312256,2.477941287312256
126,2,256,-4.955882574622643,9.911765149245285,-3.911994171049535,-1.043888403573114
126,3,10,-2.868105767474504,5.736211534949009,-1.434052883737275,-1.434052883737230
127,1,784,.000000000000000,.000000000000000,-2.477941287312257,2.477941287312257
127,2,256,-4.955882574622671,9.911765149245342,-3.911976485968361,-1.043906088654311
127,3,10,-2.868070397312198,5.736140794624396,-1.434035198656103,-1.434035198656095
128,1,784,.000000000000000,.000000000000000,-2.477941287312259,2.477941287312259
128,2,256,-4.955882574622679,9.911765149245358,-3.911774721658167,-1.044107852964514
128,3,10,-2.867666868691829,5.735333737383658,-1.433833434345910,-1.433833434345919
129,1,784,.000000000000000,.000000000000000,-2.477941287312257,2.477941287312257
129,2,256,-4.955882574622633,9.911765149245266,-3.911811064829676,-1.044071509792957
129,3,10,-2.867739555034830,5.735479110069660,-1.433869777517420,-1.433869777517410
130,1,784,.000000000000000,.000000000000000,-2.477941287312257,2.477941287312257
130,2,256,-4.955882574622664,9.911765149245328,-3.912032057971529,-1.043850516651139
130,3,10,-2.868181541318520,5.736363082637039,-1.434090770659275,-1.434090770659244
131,1,784,.000000000000000,.000000000000000,-2.477941287312256,2.477941287312256
131,2,256,-4.955882574622644,9.911765149245289,-3.911877294954961,-1.044005279667682
131,3,10,-2.867872015285426,5.735744030570853,-1.433936007642704,-1.433936007642723
132,1,784,.000000000000000,.000000000000000,-2.477941287312256,2.477941287312256
132,2,256,-4.955882574622649,9.911765149245298,-3.911747272473987,-1.044135302148665
132,3,10,-2.867611970323477,5.735223940646955,-1.433805985161728,-1.433805985161749
133,1,784,.000000000000000,.000000000000000,-2.477941287312259,2.477941287312259
133,2,256,-4.955882574622707,9.911765149245413,-3.911908838420454,-1.043973736202255
133,3,10,-2.867935102216419,5.735870204432839,-1.433967551108197,-1.433967551108223
134,1,784,.000000000000000,.000000000000000,-2.477941287312258,2.477941287312258
134,2,256,-4.955882574622645,9.911765149245291,-3.912061029847319,-1.043821544775327
134,3,10,-2.868239485070127,5.736478970140253,-1.434119742535062,-1.434119742535065
135,1,784,.000000000000000,.000000000000000,-2.477941287312257,2.477941287312257
135,2,256,-4.955882574622598,9.911765149245197,-3.911694407829101,-1.044188166793497
135,3,10,-2.867506241033668,5.735012482067336,-1.433753120516845,-1.433753120516823
136,1,784,.000000000000000,.000000000000000,-2.477941287312256,2.477941287312256
136,2,256,-4.955882574622672,9.911765149245344,-3.911999356328927,-1.043883218293748
136,3,10,-2.868116138033352,5.736232276066703,-1.434058069016671,-1.434058069016681
137,1,784,.000000000000000,.000000000000000,-2.477941287312257,2.477941287312257
137,2,256,-4.955882574622646,9.911765149245293,-3.912054403959950,-1.043828170662697
137,3,10,-2.868226233295346,5.736452466590691,-1.434113116647695,-1.434113116647651
138,1,784,.000000000000000,.000000000000000,-2.477941287312254,2.477941287312254
138,2,256,-4.955882574622692,9.911765149245383,-3.911721310326560,-1.044161264296132
138,3,10,-2.867560046028604,5.735120092057208,-1.433780023014302,-1.433780023014302
139,1,784,.000000000000000,.000000000000000,-2.477941287312261,2.477941287312261
139,2,256,-4.955882574622676,9.911765149245351,-3.911735818613568,-1.044146756009111
139,3,10,-2.867589062602649,5.735178125205297,-1.433794531301309,-1.433794531301340
140,1,784,.000000000000000,.000000000000000,-2.477941287312254,2.477941287312254
140,2,256,-4.955882574622663,9.911765149245326,-3.911935378061739,-1.043947196560919
140,3,10,-2.867988181499001,5.735976362998001,-1.433994090749484,-1.433994090749516
141,1,784,.000000000000000,.000000000000000,-2.477941287312257,2.477941287312257
141,2,256,-4.955882574622628,9.911765149245255,-3.912142931046934,-1.043739643575697
141,3,10,-2.868403287469356,5.736806574938711,-1.434201643734675,-1.434201643734681
142,1,784,.000000000000000,.000000000000000,-2.477941287312255,2.477941287312255
142,2,256,-4.955882574622628,9.911765149245255,-3.912022348353651,-1.043860226268975
142,3,10,-2.868162122082813,5.736324244165625,-1.434081061041396,-1.434081061041417
143,1,784,.000000000000000,.000000000000000,-2.477941287312258,2.477941287312258
143,2,256,-4.955882574622644,9.911765149245289,-3.911826206531175,-1.044056368091471
143,3,10,-2.867769838437860,5.735539676875719,-1.433884919218918,-1.433884919218942
144,1,784,.000000000000000,.000000000000000,-2.477941287312258,2.477941287312258
144,2,256,-4.955882574622651,9.911765149245301,-3.911985226934830,-1.043897347687818
144,3,10,-2.868087879245149,5.736175758490297,-1.434043939622572,-1.434043939622576
145,1,784,.000000000000000,.000000000000000,-2.477941287312259,2.477941287312259
145,2,256,-4.955882574622645,9.911765149245291,-3.911985558467317,-1.043897016155327
145,3,10,-2.868088542310129,5.736177084620259,-1.434044271155064,-1.434044271155065
146,1,784,.000000000000000,.000000000000000,-2.477941287312259,2.477941287312259
146,2,256,-4.955882574622653,9.911765149245307,-3.911551510141574,-1.044331064481077
146,3,10,-2.867220445658607,5.734440891317214,-1.433610222829318,-1.433610222829288
147,1,784,.000000000000000,.000000000000000,-2.477941287312259,2.477941287312259
147,2,256,-4.955882574622629,9.911765149245259,-3.911493892277726,-1.044388682344901
147,3,10,-2.867105209930895,5.734210419861791,-1.433552604965470,-1.433552604965425
148,1,784,.000000000000000,.000000000000000,-2.477941287312257,2.477941287312257
148,2,256,-4.955882574622686,9.911765149245372,-3.911872774927101,-1.044009799695588
148,3,10,-2.867862975229694,5.735725950459389,-1.433931487614842,-1.433931487614852
149,1,784,.000000000000000,.000000000000000,-2.477941287312256,2.477941287312256
149,2,256,-4.955882574622635,9.911765149245269,-3.911824691198470,-1.044057883424161
149,3,10,-2.867766807772368,5.735533615544736,-1.433883403886216,-1.433883403886152
150,1,784,.000000000000000,.000000000000000,-2.477941287312255,2.477941287312255
150,2,256,-4.955882574622642,9.911765149245284,-3.911838854034005,-1.044043720588641
150,3,10,-2.867795133443532,5.735590266887065,-1.433897566721749,-1.433897566721783
151,1,784,.000000000000000,.000000000000000,-2.477941287312259,2.477941287312259
151,2,256,-4.955882574622655,9.911765149245310,-3.912105152478945,-1.043777422143712
151,3,10,-2.868327730333409,5.736655460666818,-1.434163865166690,-1.434163865166720
152,1,784,.000000000000000,.000000000000000,-2.477941287312253,2.477941287312253
152,2,256,-4.955882574622692,9.911765149245383,-3.911975229447077,-1.043907345175608
152,3,10,-2.868067884269664,5.736135768539328,-1.434033942134824,-1.434033942134839
153,1,784,.000000000000000,.000000000000000,-2.477941287312255,2.477941287312255
153,2,256,-4.955882574622651,9.911765149245301,-3.911602035277185,-1.044280539345467
153,3,10,-2.867321495929870,5.734642991859739,-1.433660747964929,-1.433660747964940
154,1,784,.000000000000000,.000000000000000,-2.477941287312260,2.477941287312260
154,2,256,-4.955882574622679,9.911765149245358,-3.911571581811719,-1.044310992810964
154,3,10,-2.867260588998936,5.734521177997872,-1.433630294499461,-1.433630294499475
155,1,784,.000000000000000,.000000000000000,-2.477941287312256,2.477941287312256
155,2,256,-4.955882574622643,9.911765149245285,-3.911869686259165,-1.044012888363480
155,3,10,-2.867856797893797,5.735713595787594,-1.433928398946910,-1.433928398946887
156,1,784,.000000000000000,.000000000000000,-2.477941287312254,2.477941287312254
156,2,256,-4.955882574622622,9.911765149245245,-3.911496456036488,-1.044386118586135
156,3,10,-2.867110337448463,5.734220674896926,-1.433555168724234,-1.433555168724229
157,1,784,.000000000000000,.000000000000000,-2.477941287312256,2.477941287312256
157,2,256,-4.955882574622641,9.911765149245282,-3.911896763173815,-1.043985811448823
157,3,10,-2.867910951723133,5.735821903446266,-1.433955475861560,-1.433955475861573
158,1,784,.000000000000000,.000000000000000,-2.477941287312255,2.477941287312255
158,2,256,-4.955882574622638,9.911765149245277,-3.912038971321583,-1.043843603301057
158,3,10,-2.868195368018672,5.736390736037343,-1.434097684009324,-1.434097684009347
159,1,784,.000000000000000,.000000000000000,-2.477941287312256,2.477941287312256
159,2,256,-4.955882574622627,9.911765149245253,-3.912039454656097,-1.043843119966529
159,3,10,-2.868196334687700,5.736392669375400,-1.434098167343840,-1.434098167343860
160,1,784,.000000000000000,.000000000000000,-2.477941287312258,2.477941287312258
160,2,256,-4.955882574622699,9.911765149245397,-3.912045661764838,-1.043836912857860
160,3,10,-2.868208748905205,5.736417497810409,-1.434104374452583,-1.434104374452621
161,1,784,.000000000000000,.000000000000000,-2.477941287312256,2.477941287312256
161,2,256,-4.955882574622656,9.911765149245312,-3.911851004263760,-1.044031570358896
161,3,10,-2.867819433903007,5.735638867806014,-1.433909716951504,-1.433909716951503
162,1,784,.000000000000000,.000000000000000,-2.477941287312258,2.477941287312258
162,2,256,-4.955882574622669,9.911765149245339,-3.911827996244717,-1.044054578377954
162,3,10,-2.867773417864914,5.735546835729828,-1.433886708932458,-1.433886708932456
163,1,784,.000000000000000,.000000000000000,-2.477941287312260,2.477941287312260
163,2,256,-4.955882574622644,9.911765149245287,-3.911941470687335,-1.043941103935310
163,3,10,-2.868000366750171,5.736000733500341,-1.434000183375078,-1.434000183375093
164,1,784,.000000000000000,.000000000000000,-2.477941287312256,2.477941287312256
164,2,256,-4.955882574622628,9.911765149245255,-3.911944932300890,-1.043937642321738
164,3,10,-2.868007289977279,5.736014579954557,-1.434003644988635,-1.434003644988643
165,1,784,.000000000000000,.000000000000000,-2.477941287312262,2.477941287312262
165,2,256,-4.955882574622687,9.911765149245374,-3.911695692109578,-1.044186882513103
165,3,10,-2.867508809594631,5.735017619189262,-1.433754404797324,-1.433754404797307
166,1,784,.000000000000000,.000000000000000,-2.477941287312261,2.477941287312261
166,2,256,-4.955882574622635,9.911765149245269,-3.911756327253610,-1.044126247369026
166,3,10,-2.867630079882633,5.735260159765265,-1.433815039941352,-1.433815039941281
167,1,784,.000000000000000,.000000000000000,-2.477941287312257,2.477941287312257
167,2,256,-4.955882574622659,9.911765149245317,-3.912152804566293,-1.043729770056364
167,3,10,-2.868423034508091,5.736846069016183,-1.434211517254038,-1.434211517254055
168,1,784,.000000000000000,.000000000000000,-2.477941287312257,2.477941287312257
168,2,256,-4.955882574622622,9.911765149245245,-3.911826207585656,-1.044056367036966
168,3,10,-2.867769840546802,5.735539681093605,-1.433884920273399,-1.433884920273403
169,1,784,.000000000000000,.000000000000000,-2.477941287312254,2.477941287312254
169,2,256,-4.955882574622628,9.911765149245255,-3.911772394492115,-1.044110180130513
169,3,10,-2.867662214359658,5.735324428719316,-1.433831107179858,-1.433831107179800
170,1,784,.000000000000000,.000000000000000,-2.477941287312257,2.477941287312257
170,2,256,-4.955882574622628,9.911765149245257,-3.911588367393054,-1.044294207229575
170,3,10,-2.867294160161615,5.734588320323231,-1.433647080080798,-1.433647080080817
171,1,784,.000000000000000,.000000000000000,-2.477941287312261,2.477941287312261
171,2,256,-4.955882574622666,9.911765149245332,-3.912075816176564,-1.043806758446099
171,3,10,-2.868269057728643,5.736538115457287,-1.434134528864309,-1.434134528864335
172,1,784,.000000000000000,.000000000000000,-2.477941287312258,2.477941287312258
172,2,256,-4.955882574622647,9.911765149245294,-3.911816977062870,-1.044065597559777
172,3,10,-2.867751379501232,5.735502759002464,-1.433875689750615,-1.433875689750617
173,1,784,.000000000000000,.000000000000000,-2.477941287312255,2.477941287312255
173,2,256,-4.955882574622699,9.911765149245397,-3.911676943799878,-1.044205630822819
173,3,10,-2.867471312975243,5.734942625950485,-1.433735656487623,-1.433735656487619
174,1,784,.000000000000000,.000000000000000,-2.477941287312257,2.477941287312257
174,2,256,-4.955882574622636,9.911765149245271,-3.911683194906435,-1.044199379716198
174,3,10,-2.867483815188383,5.734967630376765,-1.433741907594180,-1.433741907594203
175,1,784,.000000000000000,.000000000000000,-2.477941287312257,2.477941287312257
175,2,256,-4.955882574622659,9.911765149245317,-3.911615467888228,-1.044267106734430
175,3,10,-2.867348361151900,5.734696722303800,-1.433674180575973,-1.433674180575928
176,1,784,.000000000000000,.000000000000000,-2.477941287312259,2.477941287312259
176,2,256,-4.955882574622621,9.911765149245243,-3.911959213746275,-1.043923360876347
176,3,10,-2.868035852868027,5.736071705736054,-1.434017926434019,-1.434017926434007
177,1,784,.000000000000000,.000000000000000,-2.477941287312257,2.477941287312257
177,2,256,-4.955882574622661,9.911765149245323,-3.911661768621780,-1.044220806000877
177,3,10,-2.867440962619042,5.734881925238085,-1.433720481309523,-1.433720481309521
178,1,784,.000000000000000,.000000000000000,-2.477941287312254,2.477941287312254
178,2,256,-4.955882574622620,9.911765149245241,-3.912032428587549,-1.043850146035074
178,3,10,-2.868182282550571,5.736364565101143,-1.434091141275291,-1.434091141275280
179,1,784,.000000000000000,.000000000000000,-2.477941287312255,2.477941287312255
179,2,256,-4.955882574622616,9.911765149245232,-3.911877157874015,-1.044005416748602
179,3,10,-2.867871741123551,5.735743482247103,-1.433935870561759,-1.433935870561793
180,1,784,.000000000000000,.000000000000000,-2.477941287312259,2.477941287312259
180,2,256,-4.955882574622622,9.911765149245245,-3.911686975425929,-1.044195599196693
180,3,10,-2.867491376227345,5.734982752454689,-1.433745688113673,-1.433745688113672
181,1,784,.000000000000000,.000000000000000,-2.477941287312260,2.477941287312260
181,2,256,-4.955882574622662,9.911765149245324,-3.911555255502457,-1.044327319120208
181,3,10,-2.867227936380352,5.734455872760703,-1.433613968190202,-1.433613968190150
182,1,784,.000000000000000,.000000000000000,-2.477941287312257,2.477941287312257
182,2,256,-4.955882574622652,9.911765149245303,-3.911878360861263,-1.044004213761388
182,3,10,-2.867874147098008,5.735748294196016,-1.433937073549005,-1.433937073549002
183,1,784,.000000000000000,.000000000000000,-2.477941287312252,2.477941287312252
183,2,256,-4.955882574622674,9.911765149245348,-3.911861852102561,-1.044020722520111
183,3,10,-2.867841129580645,5.735682259161290,-1.433920564790303,-1.433920564790342
184,1,784,.000000000000000,.000000000000000,-2.477941287312259,2.477941287312259
184,2,256,-4.955882574622612,9.911765149245223,-3.911702273831752,-1.044180300790858
184,3,10,-2.867521973038993,5.735043946077987,-1.433760986519495,-1.433760986519499
185,1,784,.000000000000000,.000000000000000,-2.477941287312259,2.477941287312259
185,2,256,-4.955882574622659,9.911765149245317,-3.912080150584382,-1.043802424038276
185,3,10,-2.868277726544269,5.736555453088538,-1.434138863272125,-1.434138863272144
186,1,784,.000000000000000,.000000000000000,-2.477941287312257,2.477941287312257
186,2,256,-4.955882574622624,9.911765149245248,-3.912021885356127,-1.043860689266496
186,3,10,-2.868161196087772,5.736322392175543,-1.434080598043871,-1.434080598043901
187,1,784,.000000000000000,.000000000000000,-2.477941287312256,2.477941287312256
187,2,256,-4.955882574622667,9.911765149245333,-3.911807628430822,-1.044074946191841
187,3,10,-2.867732682237150,5.735465364474299,-1.433866341118567,-1.433866341118583
188,1,784,.000000000000000,.000000000000000,-2.477941287312262,2.477941287312262
188,2,256,-4.955882574622654,9.911765149245308,-3.911827796953798,-1.044054777668856
188,3,10,-2.867773019283110,5.735546038566220,-1.433886509641540,-1.433886509641570
189,1,784,.000000000000000,.000000000000000,-2.477941287312253,2.477941287312253
189,2,256,-4.955882574622658,9.911765149245316,-3.912173484592300,-1.043709090030359
189,3,10,-2.868464394560109,5.736928789120218,-1.434232197280047,-1.434232197280062
190,1,784,.000000000000000,.000000000000000,-2.477941287312262,2.477941287312262
190,2,256,-4.955882574622654,9.911765149245308,-3.911766782801172,-1.044115791821483
190,3,10,-2.867650990977855,5.735301981955709,-1.433825495488919,-1.433825495488936
191,1,784,.000000000000000,.000000000000000,-2.477941287312259,2.477941287312259
191,2,256,-4.955882574622654,9.911765149245308,-3.911888549248484,-1.043994025374168
191,3,10,-2.867894523872467,5.735789047744935,-1.433947261936228,-1.433947261936239
192,1,784,.000000000000000,.000000000000000,-2.477941287312251,2.477941287312251
192,2,256,-4.955882574622658,9.911765149245316,-3.911665979923813,-1.044216594698851
192,3,10,-2.867449385223099,5.734898770446198,-1.433724692611553,-1.433724692611545
193,1,784,.000000000000000,.000000000000000,-2.477941287312256,2.477941287312256
193,2,256,-4.955882574622662,9.911765149245324,-3.911643399219961,-1.044239175402701
193,3,10,-2.867404223815386,5.734808447630773,-1.433702111907703,-1.433702111907683
194,1,784,.000000000000000,.000000000000000,-2.477941287312260,2.477941287312260
194,2,256,-4.955882574622655,9.911765149245310,-3.912157608449557,-1.043724966173095
194,3,10,-2.868432642274604,5.736865284549208,-1.434216321137304,-1.434216321137301
195,1,784,.000000000000000,.000000000000000,-2.477941287312259,2.477941287312259
195,2,256,-4.955882574622644,9.911765149245289,-3.911815147716703,-1.044067426905939
195,3,10,-2.867747720808883,5.735495441617767,-1.433873860404449,-1.433873860404434
196,1,784,.000000000000000,.000000000000000,-2.477941287312258,2.477941287312258
196,2,256,-4.955882574622638,9.911765149245277,-3.911768072511406,-1.044114502111230
196,3,10,-2.867653570398309,5.735307140796618,-1.433826785199150,-1.433826785199159
197,1,784,.000000000000000,.000000000000000,-2.477941287312257,2.477941287312257
197,2,256,-4.955882574622647,9.911765149245294,-3.912131422937630,-1.043751151685014
197,3,10,-2.868380271250761,5.736760542501521,-1.434190135625375,-1.434190135625385
198,1,784,.000000000000000,.000000000000000,-2.477941287312251,2.477941287312251
198,2,256,-4.955882574622676,9.911765149245353,-3.911827773820310,-1.044054800802366
198,3,10,-2.867772973016137,5.735545946032273,-1.433886486508057,-1.433886486508080
199,1,784,.000000000000000,.000000000000000,-2.477941287312254,2.477941287312254
199,2,256,-4.955882574622608,9.911765149245216,-3.911956169467476,-1.043926405155129
199,3,10,-2.868029764310441,5.736059528620882,-1.434014882155220,-1.434014882155221
200,1,784,.000000000000000,.000000000000000,-2.477941287312260,2.477941287312260
200,2,256,-4.955882574622622,9.911765149245245,-3.911707228055266,-1.044175346567360
200,3,10,-2.867531881485996,5.735063762971992,-1.433765940743010,-1.433765940742986
201,1,784,.000000000000000,.000000000000000,-2.477941287312257,2.477941287312257
201,2,256,-4.955882574622684,9.911765149245369,-3.911859121537745,-1.044023453084939
201,3,10,-2.867835668450969,5.735671336901938,-1.433917834225489,-1.433917834225480
202,1,784,.000000000000000,.000000000000000,-2.477941287312258,2.477941287312258
202,2,256,-4.955882574622647,9.911765149245294,-3.912076684230815,-1.043805890391830
202,3,10,-2.868270793837111,5.736541587674223,-1.434135396918559,-1.434135396918553
203,1,784,.000000000000000,.000000000000000,-2.477941287312259,2.477941287312259
203,2,256,-4.955882574622676,9.911765149245351,-3.911919675010386,-1.043962899612292
203,3,10,-2.867956775396225,5.735913550792449,-1.433978387698130,-1.433978387698095
204,1,784,.000000000000000,.000000000000000,-2.477941287312257,2.477941287312257
204,2,256,-4.955882574622660,9.911765149245321,-3.911740665791210,-1.044141908831444
204,3,10,-2.867598756957900,5.735197513915800,-1.433799378478956,-1.433799378478943
205,1,784,.000000000000000,.000000000000000,-2.477941287312259,2.477941287312259
205,2,256,-4.955882574622693,9.911765149245387,-3.911972739202673,-1.043909835420021
205,3,10,-2.868062903780805,5.736125807561610,-1.434031451890418,-1.434031451890387
206,1,784,.000000000000000,.000000000000000,-2.477941287312260,2.477941287312260
206,2,256,-4.955882574622657,9.911765149245314,-3.911932093399331,-1.043950481223333
206,3,10,-2.867981612174144,5.735963224348287,-1.433990806087072,-1.433990806087072
207,1,784,.000000000000000,.000000000000000,-2.477941287312254,2.477941287312254
207,2,256,-4.955882574622643,9.911765149245285,-3.911517945113964,-1.044364629508683
207,3,10,-2.867153315603393,5.734306631206786,-1.433576657801707,-1.433576657801686
208,1,784,.000000000000000,.000000000000000,-2.477941287312259,2.477941287312259
208,2,256,-4.955882574622680,9.911765149245360,-3.911617123520895,-1.044265451101786
208,3,10,-2.867351672417286,5.734703344834571,-1.433675836208640,-1.433675836208646
209,1,784,.000000000000000,.000000000000000,-2.477941287312257,2.477941287312257
209,2,256,-4.955882574622636,9.911765149245271,-3.912080087291849,-1.043802487330782
209,3,10,-2.868277599959205,5.736555199918410,-1.434138799979594,-1.434138799979611
210,1,784,.000000000000000,.000000000000000,-2.477941287312256,2.477941287312256
210,2,256,-4.955882574622680,9.911765149245360,-3.911715917448898,-1.044166657173782
210,3,10,-2.867549260273262,5.735098520546524,-1.433774630136643,-1.433774630136619
211,1,784,.000000000000000,.000000000000000,-2.477941287312254,2.477941287312254
211,2,256,-4.955882574622658,9.911765149245316,-3.911869186213589,-1.044013388409074
211,3,10,-2.867855797802662,5.735711595605324,-1.433927898901331,-1.433927898901330
212,1,784,.000000000000000,.000000000000000,-2.477941287312258,2.477941287312258
212,2,256,-4.955882574622657,9.911765149245314,-3.912130438815301,-1.043752135807351
212,3,10,-2.868378303006103,5.736756606012205,-1.434189151503047,-1.434189151503055
213,1,784,.000000000000000,.000000000000000,-2.477941287312261,2.477941287312261
213,2,256,-4.955882574622620,9.911765149245241,-3.911875508646008,-1.044007065976615
213,3,10,-2.867868442667475,5.735736885334950,-1.433934221333750,-1.433934221333725
214,1,784,.000000000000000,.000000000000000,-2.477941287312260,2.477941287312260
214,2,256,-4.955882574622634,9.911765149245268,-3.911885018915750,-1.043997555706883
214,3,10,-2.867887463206950,5.735774926413900,-1.433943731603494,-1.433943731603456
215,1,784,.000000000000000,.000000000000000,-2.477941287312260,2.477941287312260
215,2,256,-4.955882574622652,9.911765149245303,-3.911668841153693,-1.044213733468961
215,3,10,-2.867455107682880,5.734910215365759,-1.433727553841437,-1.433727553841443
216,1,784,.000000000000000,.000000000000000,-2.477941287312256,2.477941287312256
216,2,256,-4.955882574622632,9.911765149245264,-3.912010803925728,-1.043871770696903
216,3,10,-2.868139033226956,5.736278066453911,-1.434069516613471,-1.434069516613485
217,1,784,.000000000000000,.000000000000000,-2.477941287312257,2.477941287312257
217,2,256,-4.955882574622608,9.911765149245216,-3.912005485592623,-1.043877089029986
217,3,10,-2.868128396560704,5.736256793121408,-1.434064198280364,-1.434064198280340
218,1,784,.000000000000000,.000000000000000,-2.477941287312257,2.477941287312257
218,2,256,-4.955882574622639,9.911765149245278,-3.911634440997744,-1.044248133624896
218,3,10,-2.867386307371009,5.734772614742019,-1.433693153685486,-1.433693153685523
219,1,784,.000000000000000,.000000000000000,-2.477941287312257,2.477941287312257
219,2,256,-4.955882574622668,9.911765149245335,-3.911886648925139,-1.043995925697528
219,3,10,-2.867890723225764,5.735781446451528,-1.433945361612883,-1.433945361612881
220,1,784,.000000000000000,.000000000000000,-2.477941287312257,2.477941287312257
220,2,256,-4.955882574622662,9.911765149245324,-3.912094249354393,-1.043788325268270
220,3,10,-2.868305924084289,5.736611848168579,-1.434152962042134,-1.434152962042155
221,1,784,.000000000000000,.000000000000000,-2.477941287312259,2.477941287312259
221,2,256,-4.955882574622642,9.911765149245284,-3.911737610013285,-1.044144964609355
221,3,10,-2.867592645402081,5.735185290804163,-1.433796322701031,-1.433796322701050
222,1,784,.000000000000000,.000000000000000,-2.477941287312254,2.477941287312254
222,2,256,-4.955882574622644,9.911765149245289,-3.911828023378169,-1.044054551244475
222,3,10,-2.867773472131847,5.735546944263693,-1.433886736065914,-1.433886736065932
223,1,784,.000000000000000,.000000000000000,-2.477941287312257,2.477941287312257
223,2,256,-4.955882574622653,9.911765149245307,-3.911576026383369,-1.044306548239290
223,3,10,-2.867269478142194,5.734538956284388,-1.433634739071113,-1.433634739071081
224,1,784,.000000000000000,.000000000000000,-2.477941287312257,2.477941287312257
224,2,256,-4.955882574622631,9.911765149245262,-3.911902688487344,-1.043979886135289
224,3,10,-2.867922802350164,5.735845604700328,-1.433961401175088,-1.433961401175077
225,1,784,.000000000000000,.000000000000000,-2.477941287312254,2.477941287312254
225,2,256,-4.955882574622660,9.911765149245319,-3.911733537541053,-1.044149037081609
225,3,10,-2.867584500457590,5.735169000915181,-1.433792250228797,-1.433792250228793
226,1,784,.000000000000000,.000000000000000,-2.477941287312257,2.477941287312257
226,2,256,-4.955882574622640,9.911765149245280,-3.911683568131011,-1.044199006491631
226,3,10,-2.867484561637541,5.734969123275082,-1.433742280818755,-1.433742280818786
227,1,784,.000000000000000,.000000000000000,-2.477941287312256,2.477941287312256
227,2,256,-4.955882574622633,9.911765149245266,-3.911922286782746,-1.043960287839884
227,3,10,-2.867961998940982,5.735923997881963,-1.433980999470490,-1.433980999470492
228,1,784,.000000000000000,.000000000000000,-2.477941287312257,2.477941287312257
228,2,256,-4.955882574622636,9.911765149245271,-3.912013324469275,-1.043869250153362
228,3,10,-2.868144074314027,5.736288148628055,-1.434072037157019,-1.434072037157008
229,1,784,.000000000000000,.000000000000000,-2.477941287312260,2.477941287312260
229,2,256,-4.955882574622649,9.911765149245298,-3.912123876039070,-1.043758698583572
229,3,10,-2.868365177453661,5.736730354907322,-1.434182588726816,-1.434182588726845
230,1,784,.000000000000000,.000000000000000,-2.477941287312255,2.477941287312255
230,2,256,-4.955882574622669,9.911765149245339,-3.911585257933331,-1.044297316689331
230,3,10,-2.867287941242138,5.734575882484275,-1.433643970621078,-1.433643970621060
231,1,784,.000000000000000,.000000000000000,-2.477941287312256,2.477941287312256
231,2,256,-4.955882574622613,9.911765149245225,-3.912116931138121,-1.043765643484494
231,3,10,-2.868351287651709,5.736702575303418,-1.434175643825863,-1.434175643825845
232,1,784,.000000000000000,.000000000000000,-2.477941287312260,2.477941287312260
232,2,256,-4.955882574622667,9.911765149245333,-3.911896305665779,-1.043986268956890
232,3,10,-2.867910036707065,5.735820073414129,-1.433955018353523,-1.433955018353541
233,1,784,.000000000000000,.000000000000000,-2.477941287312258,2.477941287312258
233,2,256,-4.955882574622676,9.911765149245351,-3.911877041488931,-1.044005533133741
233,3,10,-2.867871508353374,5.735743016706748,-1.433935754176675,-1.433935754176699
234,1,784,.000000000000000,.000000000000000,-2.477941287312260,2.477941287312260
234,2,256,-4.955882574622645,9.911765149245291,-3.912072055071703,-1.043810519550944
234,3,10,-2.868261535518876,5.736523071037752,-1.434130767759448,-1.434130767759428
235,1,784,.000000000000000,.000000000000000,-2.477941287312257,2.477941287312257
235,2,256,-4.955882574622646,9.911765149245293,-3.912222313648888,-1.043660260973765
235,3,10,-2.868562052673281,5.737124105346561,-1.434281026336630,-1.434281026336651
236,1,784,.000000000000000,.000000000000000,-2.477941287312258,2.477941287312258
236,2,256,-4.955882574622657,9.911765149245314,-3.911974052705291,-1.043908521917361
236,3,10,-2.868065530786047,5.736131061572094,-1.434032765393036,-1.434032765393010
237,1,784,.000000000000000,.000000000000000,-2.477941287312256,2.477941287312256
237,2,256,-4.955882574622636,9.911765149245271,-3.911766110575023,-1.044116464047612
237,3,10,-2.867649646525483,5.735299293050965,-1.433824823262765,-1.433824823262718
238,1,784,.000000000000000,.000000000000000,-2.477941287312260,2.477941287312260
238,2,256,-4.955882574622659,9.911765149245317,-3.911973385913539,-1.043909188709120
238,3,10,-2.868064197202575,5.736128394405149,-1.434032098601282,-1.434032098601292
239,1,784,.000000000000000,.000000000000000,-2.477941287312260,2.477941287312260
239,2,256,-4.955882574622672,9.911765149245344,-3.911667451553413,-1.044215123069256
239,3,10,-2.867452328482315,5.734904656964630,-1.433726164241158,-1.433726164241157
240,1,784,.000000000000000,.000000000000000,-2.477941287312256,2.477941287312256
240,2,256,-4.955882574622665,9.911765149245330,-3.911751118156195,-1.044131456466471
240,3,10,-2.867619661687887,5.735239323375773,-1.433809830843937,-1.433809830843949
241,1,784,.000000000000000,.000000000000000,-2.477941287312258,2.477941287312258
241,2,256,-4.955882574622644,9.911765149245289,-3.911730648639700,-1.044151925982950
241,3,10,-2.867578722654892,5.735157445309785,-1.433789361327442,-1.433789361327450
242,1,784,.000000000000000,.000000000000000,-2.477941287312258,2.477941287312258
242,2,256,-4.955882574622685,9.911765149245371,-3.911892583900957,-1.043989990721726
242,3,10,-2.867902593177420,5.735805186354839,-1.433951296588703,-1.433951296588716
243,1,784,.000000000000000,.000000000000000,-2.477941287312260,2.477941287312260
243,2,256,-4.955882574622676,9.911765149245351,-3.911585067334395,-1.044297507288281
243,3,10,-2.867287560044267,5.734575120088534,-1.433643780022142,-1.433643780022125
244,1,784,.000000000000000,.000000000000000,-2.477941287312260,2.477941287312260
244,2,256,-4.955882574622651,9.911765149245301,-3.911972237445625,-1.043910337177026
244,3,10,-2.868061900266723,5.736123800533447,-1.434030950133369,-1.434030950133354
245,1,784,.000000000000000,.000000000000000,-2.477941287312258,2.477941287312258
245,2,256,-4.955882574622677,9.911765149245355,-3.911743313019479,-1.044139261603202
245,3,10,-2.867604051414421,5.735208102828842,-1.433802025707223,-1.433802025707199
246,1,784,.000000000000000,.000000000000000,-2.477941287312257,2.477941287312257
246,2,256,-4.955882574622615,9.911765149245230,-3.911707745600709,-1.044174829021909
246,3,10,-2.867532916576928,5.735065833153856,-1.433766458288452,-1.433766458288476
247,1,784,.000000000000000,.000000000000000,-2.477941287312257,2.477941287312257
247,2,256,-4.955882574622644,9.911765149245289,-3.911943008091969,-1.043939566530676
247,3,10,-2.868003441559448,5.736006883118896,-1.434001720779715,-1.434001720779733
248,1,784,.000000000000000,.000000000000000,-2.477941287312259,2.477941287312259
248,2,256,-4.955882574622663,9.911765149245326,-3.911758327798666,-1.044124246823998
248,3,10,-2.867634080972843,5.735268161945686,-1.433817040486410,-1.433817040486434
249,1,784,.000000000000000,.000000000000000,-2.477941287312254,2.477941287312254
249,2,256,-4.955882574622653,9.911765149245307,-3.912125815177795,-1.043756759444858
249,3,10,-2.868369055731089,5.736738111462178,-1.434184527865539,-1.434184527865550
250,1,784,.000000000000000,.000000000000000,-2.477941287312257,2.477941287312257
250,2,256,-4.955882574622652,9.911765149245303,-3.911830875111590,-1.044051699511062
250,3,10,-2.867779175598681,5.735558351197362,-1.433889587799336,-1.433889587799345
251,1,784,.000000000000000,.000000000000000,-2.477941287312254,2.477941287312254
251,2,256,-4.955882574622653,9.911765149245307,-3.912154784791720,-1.043727789830932
251,3,10,-2.868426994958915,5.736853989917829,-1.434213497479465,-1.434213497479451
252,1,784,.000000000000000,.000000000000000,-2.477941287312256,2.477941287312256
252,2,256,-4.955882574622635,9.911765149245269,-3.911981956202107,-1.043900618420527
252,3,10,-2.868081337779700,5.736162675559401,-1.434040668889851,-1.434040668889849
253,1,784,.000000000000000,.000000000000000,-2.477941287312257,2.477941287312257
253,2,256,-4.955882574622628,9.911765149245255,-3.911883283931546,-1.043999290691080
253,3,10,-2.867883993238598,5.735767986477195,-1.433941996619290,-1.433941996619307
254,1,784,.000000000000000,.000000000000000,-2.477941287312253,2.477941287312253
254,2,256,-4.955882574622617,9.911765149245234,-3.911689772600440,-1.044192802022174
254,3,10,-2.867496970576371,5.734993941152742,-1.433748485288183,-1.433748485288188
255,1,784,.000000000000000,.000000000000000,-2.477941287312261,2.477941287312261
255,2,256,-4.955882574622664,9.911765149245328,-3.911630047094022,-1.044252527528642
255,3,10,-2.867377519563538,5.734755039127077,-1.433688759781767,-1.433688759781771
256,1,784,.000000000000000,.000000000000000,-2.477941287312257,2.477941287312257
256,2,256,-4.955882574622614,9.911765149245229,-3.911973823566602,-1.043908751056007
256,3,10,-2.868065072508700,5.736130145017400,-1.434032536254347,-1.434032536254353
257,1,784,.000000000000000,.000000000000000,-2.477941287312259,2.477941287312259
257,2,256,-4.955882574622610,9.911765149245220,-3.912174697760452,-1.043707876862157
257,3,10,-2.868466820896363,5.736933641792725,-1.434233410448195,-1.434233410448168
258,1,784,.000000000000000,.000000000000000,-2.477941287312256,2.477941287312256
258,2,256,-4.955882574622682,9.911765149245364,-3.912014510777039,-1.043868063845643
258,3,10,-2.868146446929607,5.736292893859214,-1.434073223464783,-1.434073223464823
259,1,784,.000000000000000,.000000000000000,-2.477941287312256,2.477941287312256
259,2,256,-4.955882574622623,9.911765149245246,-3.911533033386211,-1.044349541236411
259,3,10,-2.867183492147914,5.734366984295828,-1.433591746073955,-1.433591746073958
260,1,784,.000000000000000,.000000000000000,-2.477941287312263,2.477941287312263
260,2,256,-4.955882574622656,9.911765149245312,-3.912057466246760,-1.043825108375898
260,3,10,-2.868232357868988,5.736464715737976,-1.434116178934503,-1.434116178934485
261,1,784,.000000000000000,.000000000000000,-2.477941287312261,2.477941287312261
261,2,256,-4.955882574622691,9.911765149245381,-3.911766850049166,-1.044115724573529
261,3,10,-2.867651125473830,5.735302250947661,-1.433825562736909,-1.433825562736921
262,1,784,.000000000000000,.000000000000000,-2.477941287312256,2.477941287312256
262,2,256,-4.955882574622629,9.911765149245259,-3.911507983080175,-1.044374591542455
262,3,10,-2.867133391535858,5.734266783071716,-1.433566695767917,-1.433566695767941
263,1,784,.000000000000000,.000000000000000,-2.477941287312254,2.477941287312254
263,2,256,-4.955882574622638,9.911765149245277,-3.911793167297538,-1.044089407325096
263,3,10,-2.867703759970584,5.735407519941169,-1.433851879985284,-1.433851879985300
264,1,784,.000000000000000,.000000000000000,-2.477941287312257,2.477941287312257
264,2,256,-4.955882574622636,9.911765149245273,-3.912261138378371,-1.043621436244266
264,3,10,-2.868639702132234,5.737279404264468,-1.434319851066115,-1.434319851066120
265,1,784,.000000000000000,.000000000000000,-2.477941287312254,2.477941287312254
265,2,256,-4.955882574622619,9.911765149245237,-3.911947900861107,-1.043934673761514
265,3,10,-2.868013227097684,5.736026454195368,-1.434006613548850,-1.434006613548834
266,1,784,.000000000000000,.000000000000000,-2.477941287312259,2.477941287312259
266,2,256,-4.955882574622695,9.911765149245390,-3.911523420110685,-1.044359154512003
266,3,10,-2.867164265596867,5.734328531193733,-1.433582132798432,-1.433582132798435
267,1,784,.000000000000000,.000000000000000,-2.477941287312257,2.477941287312257
267,2,256,-4.955882574622659,9.911765149245317,-3.911386773009915,-1.044495801612745
267,3,10,-2.866890971395351,5.733781942790702,-1.433445485697656,-1.433445485697695
268,1,784,.000000000000000,.000000000000000,-2.477941287312259,2.477941287312259
268,2,256,-4.955882574622641,9.911765149245282,-3.910949848681074,-1.044932725941562
268,3,10,-2.866017122737678,5.732034245475356,-1.433008561368822,-1.433008561368856
269,1,784,.000000000000000,.000000000000000,-2.477941287312257,2.477941287312257
269,2,256,-4.955882574622665,9.911765149245330,-3.911600224106443,-1.044282350516223
269,3,10,-2.867317873588377,5.734635747176753,-1.433658936794187,-1.433658936794190
270,1,784,.000000000000000,.000000000000000,-2.477941287312257,2.477941287312257
270,2,256,-4.955882574622674,9.911765149245348,-3.912126856159939,-1.043755718462733
270,3,10,-2.868371137695353,5.736742275390705,-1.434185568847684,-1.434185568847668
271,1,784,.000000000000000,.000000000000000,-2.477941287312257,2.477941287312257
271,2,256,-4.955882574622627,9.911765149245253,-3.911515078476954,-1.044367496145677
271,3,10,-2.867147582329376,5.734295164658753,-1.433573791164695,-1.433573791164681
272,1,784,.000000000000000,.000000000000000,-2.477941287312257,2.477941287312257
272,2,256,-4.955882574622636,9.911765149245271,-3.911747143454117,-1.044135431168520
272,3,10,-2.867611712283685,5.735223424567371,-1.433805856141861,-1.433805856141824
273,1,784,.000000000000000,.000000000000000,-2.477941287312259,2.477941287312259
273,2,256,-4.955882574622659,9.911765149245317,-3.911760281793096,-1.044122292829562
273,3,10,-2.867637988961671,5.735275977923341,-1.433818994480841,-1.433818994480830
274,1,784,.000000000000000,.000000000000000,-2.477941287312256,2.477941287312256
274,2,256,-4.955882574622686,9.911765149245372,-3.911886756687750,-1.043995817934932
274,3,10,-2.867890938750978,5.735781877501956,-1.433945469375495,-1.433945469375483
275,1,784,.000000000000000,.000000000000000,-2.477941287312258,2.477941287312258
275,2,256,-4.955882574622670,9.911765149245340,-3.911743355930757,-1.044139218691915
275,3,10,-2.867604137237004,5.735208274474007,-1.433802068618503,-1.433802068618501
276,1,784,.000000000000000,.000000000000000,-2.477941287312259,2.477941287312259
276,2,256,-4.955882574622680,9.911765149245360,-3.911837729359074,-1.044044845263603
276,3,10,-2.867792884093601,5.735585768187201,-1.433896442046817,-1.433896442046783
277,1,784,.000000000000000,.000000000000000,-2.477941287312257,2.477941287312257
277,2,256,-4.955882574622661,9.911765149245323,-3.911932783372606,-1.043949791250054
277,3,10,-2.867982992120685,5.735965984241370,-1.433991496060349,-1.433991496060337
278,1,784,.000000000000000,.000000000000000,-2.477941287312257,2.477941287312257
278,2,256,-4.955882574622625,9.911765149245250,-3.912052804378705,-1.043829770243921
278,3,10,-2.868223034132882,5.736446068265765,-1.434111517066446,-1.434111517066436
279,1,784,.000000000000000,.000000000000000,-2.477941287312259,2.477941287312259
279,2,256,-4.955882574622646,9.911765149245293,-3.912065024688285,-1.043817549934365
279,3,10,-2.868247474752066,5.736494949504133,-1.434123737376028,-1.434123737376039
280,1,784,.000000000000000,.000000000000000,-2.477941287312260,2.477941287312260
280,2,256,-4.955882574622671,9.911765149245342,-3.911759569158429,-1.044123005464240
280,3,10,-2.867636563692356,5.735273127384713,-1.433818281846172,-1.433818281846185
281,1,784,.000000000000000,.000000000000000,-2.477941287312255,2.477941287312255
281,2,256,-4.955882574622635,9.911765149245269,-3.911648778817054,-1.044233795805580
281,3,10,-2.867414983009582,5.734829966019165,-1.433707491504801,-1.433707491504781
282,1,784,.000000000000000,.000000000000000,-2.477941287312258,2.477941287312258
282,2,256,-4.955882574622628,9.911765149245257,-3.911748952350004,-1.044133622272624
282,3,10,-2.867615330075492,5.735230660150984,-1.433807665037745,-1.433807665037746
283,1,784,.000000000000000,.000000000000000,-2.477941287312257,2.477941287312257
283,2,256,-4.955882574622668,9.911765149245337,-3.911955676860428,-1.043926897762243
283,3,10,-2.868028779096390,5.736057558192781,-1.434014389548170,-1.434014389548220
284,1,784,.000000000000000,.000000000000000,-2.477941287312259,2.477941287312259
284,2,256,-4.955882574622639,9.911765149245278,-3.911729787082481,-1.044152787540158
284,3,10,-2.867576999540404,5.735153999080808,-1.433788499770225,-1.433788499770178
285,1,784,.000000000000000,.000000000000000,-2.477941287312254,2.477941287312254
285,2,256,-4.955882574622611,9.911765149245221,-3.911851335091569,-1.044031239531044
285,3,10,-2.867820095558633,5.735640191117267,-1.433910047779313,-1.433910047779321
286,1,784,.000000000000000,.000000000000000,-2.477941287312257,2.477941287312257
286,2,256,-4.955882574622628,9.911765149245255,-3.912017469888564,-1.043865104734063
286,3,10,-2.868152365152621,5.736304730305243,-1.434076182576311,-1.434076182576311
287,1,784,.000000000000000,.000000000000000,-2.477941287312257,2.477941287312257
287,2,256,-4.955882574622645,9.911765149245291,-3.912285849141770,-1.043596725480874
287,3,10,-2.868689123659057,5.737378247318115,-1.434344561829513,-1.434344561829544
288,1,784,.000000000000000,.000000000000000,-2.477941287312258,2.477941287312258
288,2,256,-4.955882574622663,9.911765149245326,-3.911896435740257,-1.043986138882396
288,3,10,-2.867910296856030,5.735820593712060,-1.433955148428005,-1.433955148428025
289,1,784,.000000000000000,.000000000000000,-2.477941287312256,2.477941287312256
289,2,256,-4.955882574622631,9.911765149245262,-3.911718245639592,-1.044164328983036
289,3,10,-2.867553916654699,5.735107833309398,-1.433776958327336,-1.433776958327363
290,1,784,.000000000000000,.000000000000000,-2.477941287312261,2.477941287312261
290,2,256,-4.955882574622652,9.911765149245303,-3.911816805774435,-1.044065768848214
290,3,10,-2.867751036924295,5.735502073848590,-1.433875518462179,-1.433875518462116
291,1,784,.000000000000000,.000000000000000,-2.477941287312255,2.477941287312255
291,2,256,-4.955882574622657,9.911765149245314,-3.911857908968205,-1.044024665654452
291,3,10,-2.867833243311868,5.735666486623735,-1.433916621655948,-1.433916621655920
292,1,784,.000000000000000,.000000000000000,-2.477941287312260,2.477941287312260
292,2,256,-4.955882574622632,9.911765149245264,-3.911987151720434,-1.043895422902198
292,3,10,-2.868091728816343,5.736183457632685,-1.434045864408179,-1.434045864408164
293,1,784,.000000000000000,.000000000000000,-2.477941287312257,2.477941287312257
293,2,256,-4.955882574622644,9.911765149245287,-3.911387762602754,-1.044494812019894
293,3,10,-2.866892950580985,5.733785901161971,-1.433446475290496,-1.433446475290489
294,1,784,.000000000000000,.000000000000000,-2.477941287312255,2.477941287312255
294,2,256,-4.955882574622617,9.911765149245234,-3.911925549060000,-1.043957025562617
294,3,10,-2.867968523495535,5.735937046991070,-1.433984261747743,-1.433984261747791
295,1,784,.000000000000000,.000000000000000,-2.477941287312256,2.477941287312256
295,2,256,-4.955882574622627,9.911765149245253,-3.911797900997543,-1.044084673625087
295,3,10,-2.867713227370572,5.735426454741144,-1.433856613685285,-1.433856613685287
296,1,784,.000000000000000,.000000000000000,-2.477941287312258,2.477941287312258
296,2,256,-4.955882574622652,9.911765149245305,-3.911956018969454,-1.043926555653195
296,3,10,-2.868029463314385,5.736058926628769,-1.434014731657198,-1.434014731657187
297,1,784,.000000000000000,.000000000000000,-2.477941287312259,2.477941287312259
297,2,256,-4.955882574622679,9.911765149245358,-3.911672505958687,-1.044210068663989
297,3,10,-2.867462437292868,5.734924874585736,-1.433731218646429,-1.433731218646438
298,1,784,.000000000000000,.000000000000000,-2.477941287312253,2.477941287312253
298,2,256,-4.955882574622645,9.911765149245291,-3.911967314169631,-1.043915260453020
298,3,10,-2.868052053714733,5.736104107429466,-1.434026026857374,-1.434026026857359
299,1,784,.000000000000000,.000000000000000,-2.477941287312249,2.477941287312249
299,2,256,-4.955882574622646,9.911765149245293,-3.912027232863068,-1.043855341759575
299,3,10,-2.868171891101621,5.736343782203241,-1.434085945550813,-1.434085945550808
300,1,784,.000000000000000,.000000000000000,-2.477941287312259,2.477941287312259
300,2,256,-4.955882574622663,9.911765149245326,-3.911675856928693,-1.044206717693971
300,3,10,-2.867469139232865,5.734938278465729,-1.433734569616438,-1.433734569616427
301,1,784,.000000000000000,.000000000000000,-2.477941287312259,2.477941287312259
301,2,256,-4.955882574622651,9.911765149245301,-3.912168330387944,-1.043714244234709
301,3,10,-2.868454086151368,5.736908172302736,-1.434227043075688,-1.434227043075680
302,1,784,.000000000000000,.000000000000000,-2.477941287312254,2.477941287312254
302,2,256,-4.955882574622627,9.911765149245253,-3.911518831564686,-1.044363743057941
302,3,10,-2.867155088504865,5.734310177009730,-1.433577544252429,-1.433577544252436
303,1,784,.000000000000000,.000000000000000,-2.477941287312256,2.477941287312256
303,2,256,-4.955882574622666,9.911765149245332,-3.911748339583176,-1.044134235039491
303,3,10,-2.867614104541841,5.735228209083681,-1.433807052270918,-1.433807052270923
304,1,784,.000000000000000,.000000000000000,-2.477941287312259,2.477941287312259
304,2,256,-4.955882574622701,9.911765149245403,-3.911844683969162,-1.044037890653543
304,3,10,-2.867806793313807,5.735613586627615,-1.433903396656904,-1.433903396656903
305,1,784,.000000000000000,.000000000000000,-2.477941287312257,2.477941287312257
305,2,256,-4.955882574622651,9.911765149245301,-3.911650760917821,-1.044231813704831
305,3,10,-2.867418947211109,5.734837894422218,-1.433709473605564,-1.433709473605545
306,1,784,.000000000000000,.000000000000000,-2.477941287312253,2.477941287312253
306,2,256,-4.955882574622634,9.911765149245268,-3.911789141399601,-1.044093433223028
306,3,10,-2.867695708174666,5.735391416349333,-1.433847854087346,-1.433847854087320
307,1,784,.000000000000000,.000000000000000,-2.477941287312256,2.477941287312256
307,2,256,-4.955882574622632,9.911765149245264,-3.911958560594901,-1.043924014027730
307,3,10,-2.868034546565292,5.736069093130584,-1.434017273282644,-1.434017273282648
308,1,784,.000000000000000,.000000000000000,-2.477941287312253,2.477941287312253
308,2,256,-4.955882574622648,9.911765149245296,-3.911481827764728,-1.044400746857918
308,3,10,-2.867081080904941,5.734162161809881,-1.433540540452472,-1.433540540452469
309,1,784,.000000000000000,.000000000000000,-2.477941287312257,2.477941287312257
309,2,256,-4.955882574622643,9.911765149245285,-3.911463726920736,-1.044418847701908
309,3,10,-2.867044879216934,5.734089758433868,-1.433522439608481,-1.433522439608453
310,1,784,.000000000000000,.000000000000000,-2.477941287312259,2.477941287312259
310,2,256,-4.955882574622638,9.911765149245277,-3.912036803527754,-1.043845771094886
310,3,10,-2.868191032431008,5.736382064862016,-1.434095516215498,-1.434095516215510
311,1,784,.000000000000000,.000000000000000,-2.477941287312261,2.477941287312261
311,2,256,-4.955882574622654,9.911765149245308,-3.911644919138427,-1.044237655484229
311,3,10,-2.867407263652330,5.734814527304660,-1.433703631826170,-1.433703631826159
312,1,784,.000000000000000,.000000000000000,-2.477941287312257,2.477941287312257
312,2,256,-4.955882574622654,9.911765149245308,-3.911956473143818,-1.043926101478838
312,3,10,-2.868030371663103,5.736060743326205,-1.434015185831562,-1.434015185831541
313,1,784,.000000000000000,.000000000000000,-2.477941287312258,2.477941287312258
313,2,256,-4.955882574622657,9.911765149245314,-3.911510310213103,-1.044372264409553
313,3,10,-2.867138045801697,5.734276091603394,-1.433569022900848,-1.433569022900849
314,1,784,.000000000000000,.000000000000000,-2.477941287312264,2.477941287312264
314,2,256,-4.955882574622641,9.911765149245282,-3.911754596433151,-1.044127978189494
314,3,10,-2.867626618241790,5.735253236483580,-1.433813309120892,-1.433813309120898
315,1,784,.000000000000000,.000000000000000,-2.477941287312260,2.477941287312260
315,2,256,-4.955882574622635,9.911765149245269,-3.911789949152859,-1.044092625469775
315,3,10,-2.867697323681186,5.735394647362372,-1.433848661840602,-1.433848661840584
316,1,784,.000000000000000,.000000000000000,-2.477941287312258,2.477941287312258
316,2,256,-4.955882574622613,9.911765149245227,-3.911625757029119,-1.044256817593491
316,3,10,-2.867368939433741,5.734737878867483,-1.433684469716863,-1.433684469716878
317,1,784,.000000000000000,.000000000000000,-2.477941287312258,2.477941287312258
317,2,256,-4.955882574622632,9.911765149245264,-3.911941531631226,-1.043941042991407
317,3,10,-2.868000488637964,5.736000977275928,-1.434000244318971,-1.434000244318994
318,1,784,.000000000000000,.000000000000000,-2.477941287312260,2.477941287312260
318,2,256,-4.955882574622623,9.911765149245246,-3.911868659193025,-1.044013915429602
318,3,10,-2.867854743761558,5.735709487523117,-1.433927371880768,-1.433927371880790
319,1,784,.000000000000000,.000000000000000,-2.477941287312256,2.477941287312256
319,2,256,-4.955882574622665,9.911765149245330,-3.911768450045161,-1.044114124577504
319,3,10,-2.867654325465813,5.735308650931626,-1.433827162732906,-1.433827162732907
320,1,784,.000000000000000,.000000000000000,-2.477941287312256,2.477941287312256
320,2,256,-4.955882574622684,9.911765149245367,-3.911947347247605,-1.043935227375080
320,3,10,-2.868012119870720,5.736024239741440,-1.434006059935348,-1.434006059935372
321,1,784,.000000000000000,.000000000000000,-2.477941287312257,2.477941287312257
321,2,256,-4.955882574622688,9.911765149245376,-3.912005665618065,-1.043876909004623
321,3,10,-2.868128756611586,5.736257513223172,-1.434064378305808,-1.434064378305778
322,1,784,.000000000000000,.000000000000000,-2.477941287312257,2.477941287312257
322,2,256,-4.955882574622650,9.911765149245300,-3.911508935941236,-1.044373638681423
322,3,10,-2.867135297257968,5.734270594515936,-1.433567648628976,-1.433567648628992
323,1,784,.000000000000000,.000000000000000,-2.477941287312258,2.477941287312258
323,2,256,-4.955882574622676,9.911765149245353,-3.911820988876873,-1.044061585745800
323,3,10,-2.867759403129241,5.735518806258483,-1.433879701564619,-1.433879701564623
324,1,784,.000000000000000,.000000000000000,-2.477941287312257,2.477941287312257
324,2,256,-4.955882574622687,9.911765149245374,-3.911509621155702,-1.044372953466982
324,3,10,-2.867136667686883,5.734273335373766,-1.433568333843447,-1.433568333843436
325,1,784,.000000000000000,.000000000000000,-2.477941287312254,2.477941287312254
325,2,256,-4.955882574622638,9.911765149245277,-3.911506609274726,-1.044375965347909
325,3,10,-2.867130643924930,5.734261287849860,-1.433565321962469,-1.433565321962461
326,1,784,.000000000000000,.000000000000000,-2.477941287312256,2.477941287312256
326,2,256,-4.955882574622638,9.911765149245277,-3.911602216197051,-1.044280358425585
326,3,10,-2.867321857769606,5.734643715539212,-1.433660928884797,-1.433660928884809
327,1,784,.000000000000000,.000000000000000,-2.477941287312257,2.477941287312257
327,2,256,-4.955882574622653,9.911765149245307,-3.912172894997569,-1.043709679625084
327,3,10,-2.868463215370630,5.736926430741259,-1.434231607685315,-1.434231607685315
328,1,784,.000000000000000,.000000000000000,-2.477941287312260,2.477941287312260
328,2,256,-4.955882574622645,9.911765149245291,-3.911855108488915,-1.044027466133732
328,3,10,-2.867827642353327,5.735655284706654,-1.433913821176658,-1.433913821176669
329,1,784,.000000000000000,.000000000000000,-2.477941287312256,2.477941287312256
329,2,256,-4.955882574622633,9.911765149245266,-3.912022337241857,-1.043860237380778
329,3,10,-2.868162099859234,5.736324199718467,-1.434081049929600,-1.434081049929634
330,1,784,.000000000000000,.000000000000000,-2.477941287312259,2.477941287312259
330,2,256,-4.955882574622650,9.911765149245300,-3.911829758835413,-1.044052815787239
330,3,10,-2.867776943046303,5.735553886092606,-1.433888471523159,-1.433888471523144
331,1,784,.000000000000000,.000000000000000,-2.477941287312258,2.477941287312258
331,2,256,-4.955882574622642,9.911765149245284,-3.911931178402831,-1.043951396219807
331,3,10,-2.867979782181167,5.735959564362333,-1.433989891090578,-1.433989891090588
332,1,784,.000000000000000,.000000000000000,-2.477941287312257,2.477941287312257
332,2,256,-4.955882574622647,9.911765149245294,-3.911561080442645,-1.044321494180003
332,3,10,-2.867239586260788,5.734479172521577,-1.433619793130389,-1.433619793130399
333,1,784,.000000000000000,.000000000000000,-2.477941287312258,2.477941287312258
333,2,256,-4.955882574622669,9.911765149245339,-3.911955815749828,-1.043926758872843
333,3,10,-2.868029056875167,5.736058113750333,-1.434014528437572,-1.434014528437595
334,1,784,.000000000000000,.000000000000000,-2.477941287312257,2.477941287312257
334,2,256,-4.955882574622644,9.911765149245287,-3.911977476683086,-1.043905097939552
334,3,10,-2.868072378741688,5.736144757483375,-1.434036189370832,-1.434036189370855
335,1,784,.000000000000000,.000000000000000,-2.477941287312256,2.477941287312256
335,2,256,-4.955882574622621,9.911765149245243,-3.911694998756195,-1.044187575866425
335,3,10,-2.867507422887857,5.735014845775714,-1.433753711443940,-1.433753711443917
336,1,784,.000000000000000,.000000000000000,-2.477941287312257,2.477941287312257
336,2,256,-4.955882574622625,9.911765149245250,-3.912127589641294,-1.043754984981336
336,3,10,-2.868372604658060,5.736745209316121,-1.434186302329036,-1.434186302329024
337,1,784,.000000000000000,.000000000000000,-2.477941287312255,2.477941287312255
337,2,256,-4.955882574622665,9.911765149245330,-3.911960732110204,-1.043921842512457
337,3,10,-2.868038889595927,5.736077779191855,-1.434019444797949,-1.434019444797979
338,1,784,.000000000000000,.000000000000000,-2.477941287312259,2.477941287312259
338,2,256,-4.955882574622665,9.911765149245330,-3.911831847337197,-1.044050727285464
338,3,10,-2.867781120049919,5.735562240099838,-1.433890560024943,-1.433890560024976
339,1,784,.000000000000000,.000000000000000,-2.477941287312256,2.477941287312256
339,2,256,-4.955882574622638,9.911765149245277,-3.912074296284803,-1.043808278337835
339,3,10,-2.868266017945055,5.736532035890110,-1.434133008972549,-1.434133008972506
340,1,784,.000000000000000,.000000000000000,-2.477941287312253,2.477941287312253
340,2,256,-4.955882574622605,9.911765149245211,-3.911965363687710,-1.043917210934895
340,3,10,-2.868048152750905,5.736096305501809,-1.434024076375454,-1.434024076375451
341,1,784,.000000000000000,.000000000000000,-2.477941287312254,2.477941287312254
341,2,256,-4.955882574622643,9.911765149245285,-3.912092981233243,-1.043789593389403
341,3,10,-2.868303387842007,5.736606775684014,-1.434151693920986,-1.434151693921021
342,1,784,.000000000000000,.000000000000000,-2.477941287312253,2.477941287312253
342,2,256,-4.955882574622614,9.911765149245229,-3.912066267343551,-1.043816307279067
342,3,10,-2.868249960062613,5.736499920125225,-1.434124980031295,-1.434124980031317
343,1,784,.000000000000000,.000000000000000,-2.477941287312258,2.477941287312258
343,2,256,-4.955882574622644,9.911765149245287,-3.911643965106742,-1.044238609515901
343,3,10,-2.867405355588964,5.734810711177929,-1.433702677794485,-1.433702677794479
344,1,784,.000000000000000,.000000000000000,-2.477941287312260,2.477941287312260
344,2,256,-4.955882574622645,9.911765149245291,-3.911773892809217,-1.044108681813432
344,3,10,-2.867665210993889,5.735330421987778,-1.433832605496960,-1.433832605496929
345,1,784,.000000000000000,.000000000000000,-2.477941287312262,2.477941287312262
345,2,256,-4.955882574622660,9.911765149245319,-3.911785803027388,-1.044096771595270
345,3,10,-2.867689031430288,5.735378062860576,-1.433844515715132,-1.433844515715156
346,1,784,.000000000000000,.000000000000000,-2.477941287312254,2.477941287312254
346,2,256,-4.955882574622631,9.911765149245262,-3.911504394482344,-1.044378180140286
346,3,10,-2.867126214340206,5.734252428680413,-1.433563107170088,-1.433563107170118
347,1,784,.000000000000000,.000000000000000,-2.477941287312261,2.477941287312261
347,2,256,-4.955882574622635,9.911765149245269,-3.911845493600365,-1.044037081022265
347,3,10,-2.867808412576223,5.735616825152446,-1.433904206288112,-1.433904206288111
348,1,784,.000000000000000,.000000000000000,-2.477941287312254,2.477941287312254
348,2,256,-4.955882574622660,9.911765149245321,-3.911353068692994,-1.044529505929664
348,3,10,-2.866823562761470,5.733647125522939,-1.433411781380739,-1.433411781380731
349,1,784,.000000000000000,.000000000000000,-2.477941287312256,2.477941287312256
349,2,256,-4.955882574622636,9.911765149245271,-3.911994209353048,-1.043888365269590
349,3,10,-2.868105844081557,5.736211688163115,-1.434052922040789,-1.434052922040769
350,1,784,.000000000000000,.000000000000000,-2.477941287312252,2.477941287312252
350,2,256,-4.955882574622619,9.911765149245237,-3.911782689977648,-1.044099884644970
350,3,10,-2.867682805330804,5.735365610661608,-1.433841402665392,-1.433841402665412
351,1,784,.000000000000000,.000000000000000,-2.477941287312254,2.477941287312254
351,2,256,-4.955882574622645,9.911765149245291,-3.912023495363921,-1.043859079258725
351,3,10,-2.868164416103315,5.736328832206629,-1.434082208051663,-1.434082208051651
352,1,784,.000000000000000,.000000000000000,-2.477941287312257,2.477941287312257
352,2,256,-4.955882574622658,9.911765149245316,-3.911784116828354,-1.044098457794302
352,3,10,-2.867685659032200,5.735371318064400,-1.433842829516099,-1.433842829516102
353,1,784,.000000000000000,.000000000000000,-2.477941287312255,2.477941287312255
353,2,256,-4.955882574622659,9.911765149245317,-3.911943086599485,-1.043939488023173
353,3,10,-2.868003598574464,5.736007197148927,-1.434001799287228,-1.434001799287236
354,1,784,.000000000000000,.000000000000000,-2.477941287312260,2.477941287312260
354,2,256,-4.955882574622647,9.911765149245294,-3.911841374034890,-1.044041200587762
354,3,10,-2.867800173445280,5.735600346890561,-1.433900086722632,-1.433900086722647
355,1,784,.000000000000000,.000000000000000,-2.477941287312258,2.477941287312258
355,2,256,-4.955882574622633,9.911765149245266,-3.911512240361114,-1.044370334261518
355,3,10,-2.867141906097737,5.734283812195474,-1.433570953048857,-1.433570953048880
356,1,784,.000000000000000,.000000000000000,-2.477941287312255,2.477941287312255
356,2,256,-4.955882574622674,9.911765149245348,-3.911889401154536,-1.043993173468139
356,3,10,-2.867896227684576,5.735792455369152,-1.433948113842279,-1.433948113842297
357,1,784,.000000000000000,.000000000000000,-2.477941287312257,2.477941287312257
357,2,256,-4.955882574622675,9.911765149245349,-3.912179089275424,-1.043703485347249
357,3,10,-2.868475603926319,5.736951207852639,-1.434237801963167,-1.434237801963153
358,1,784,.000000000000000,.000000000000000,-2.477941287312261,2.477941287312261
358,2,256,-4.955882574622636,9.911765149245271,-3.911985829929482,-1.043896744693150
358,3,10,-2.868089085234462,5.736178170468923,-1.434044542617226,-1.434044542617236
359,1,784,.000000000000000,.000000000000000,-2.477941287312259,2.477941287312259
359,2,256,-4.955882574622643,9.911765149245285,-3.911763475991597,-1.044119098631046
359,3,10,-2.867644377358670,5.735288754717341,-1.433822188679340,-1.433822188679330
360,1,784,.000000000000000,.000000000000000,-2.477941287312260,2.477941287312260
360,2,256,-4.955882574622628,9.911765149245255,-3.911350255735684,-1.044532318886946
360,3,10,-2.866817936846876,5.733635873693752,-1.433408968423430,-1.433408968423447
361,1,784,.000000000000000,.000000000000000,-2.477941287312257,2.477941287312257
361,2,256,-4.955882574622671,9.911765149245342,-3.911909158391397,-1.043973416231272
361,3,10,-2.867935742158289,5.735871484316577,-1.433967871079142,-1.433967871079147
362,1,784,.000000000000000,.000000000000000,-2.477941287312258,2.477941287312258
362,2,256,-4.955882574622708,9.911765149245417,-3.911744955123774,-1.044137619498935
362,3,10,-2.867607335623031,5.735214671246062,-1.433803667811518,-1.433803667811513
363,1,784,.000000000000000,.000000000000000,-2.477941287312255,2.477941287312255
363,2,256,-4.955882574622637,9.911765149245275,-3.911889397296970,-1.043993177325663
363,3,10,-2.867896219969432,5.735792439938863,-1.433948109984716,-1.433948109984716
364,1,784,.000000000000000,.000000000000000,-2.477941287312254,2.477941287312254
364,2,256,-4.955882574622667,9.911765149245333,-3.911979596879766,-1.043902977742898
364,3,10,-2.868076619135005,5.736153238270010,-1.434038309567508,-1.434038309567497
365,1,784,.000000000000000,.000000000000000,-2.477941287312260,2.477941287312260
365,2,256,-4.955882574622668,9.911765149245337,-3.911793879050327,-1.044088695572346
365,3,10,-2.867705183476134,5.735410366952268,-1.433852591738070,-1.433852591738064
366,1,784,.000000000000000,.000000000000000,-2.477941287312256,2.477941287312256
366,2,256,-4.955882574622650,9.911765149245300,-3.911547168210884,-1.044335406411764
366,3,10,-2.867211761797281,5.734423523594563,-1.433605880898629,-1.433605880898653
367,1,784,.000000000000000,.000000000000000,-2.477941287312255,2.477941287312255
367,2,256,-4.955882574622661,9.911765149245323,-3.911991055015736,-1.043891519606921
367,3,10,-2.868099535406982,5.736199070813965,-1.434049767703482,-1.434049767703500
368,1,784,.000000000000000,.000000000000000,-2.477941287312256,2.477941287312256
368,2,256,-4.955882574622644,9.911765149245289,-3.911733109294884,-1.044149465327760
368,3,10,-2.867583643965280,5.735167287930561,-1.433791821982628,-1.433791821982652
369,1,784,.000000000000000,.000000000000000,-2.477941287312258,2.477941287312258
369,2,256,-4.955882574622680,9.911765149245360,-3.911787847951214,-1.044094726671468
369,3,10,-2.867693121277900,5.735386242555800,-1.433846560638957,-1.433846560638943
370,1,784,.000000000000000,.000000000000000,-2.477941287312258,2.477941287312258
370,2,256,-4.955882574622701,9.911765149245403,-3.911928498814754,-1.043954075807950
370,3,10,-2.867974423005007,5.735948846010015,-1.433987211502496,-1.433987211502511
371,1,784,.000000000000000,.000000000000000,-2.477941287312259,2.477941287312259
371,2,256,-4.955882574622647,9.911765149245294,-3.911867022300723,-1.044015552321922
371,3,10,-2.867851469976881,5.735702939953763,-1.433925734988465,-1.433925734988416
372,1,784,.000000000000000,.000000000000000,-2.477941287312256,2.477941287312256
372,2,256,-4.955882574622647,9.911765149245294,-3.912143671083478,-1.043738903539169
372,3,10,-2.868404767542486,5.736809535084973,-1.434202383771223,-1.434202383771264
373,1,784,.000000000000000,.000000000000000,-2.477941287312256,2.477941287312256
373,2,256,-4.955882574622636,9.911765149245271,-3.911968797650598,-1.043913776972038
373,3,10,-2.868055020676664,5.736110041353328,-1.434027510338343,-1.434027510338321
374,1,784,.000000000000000,.000000000000000,-2.477941287312257,2.477941287312257
374,2,256,-4.955882574622663,9.911765149245326,-3.911810509022462,-1.044072065600205
374,3,10,-2.867738443420414,5.735476886840829,-1.433869221710207,-1.433869221710207
375,1,784,.000000000000000,.000000000000000,-2.477941287312257,2.477941287312257
375,2,256,-4.955882574622643,9.911765149245285,-3.911675917033619,-1.044206657589023
375,3,10,-2.867469259442710,5.734938518885420,-1.433734629721362,-1.433734629721347
376,1,784,.000000000000000,.000000000000000,-2.477941287312261,2.477941287312261
376,2,256,-4.955882574622644,9.911765149245287,-3.911191066601854,-1.044691508020785
376,3,10,-2.866499558579201,5.732999117158402,-1.433249779289601,-1.433249779289600
377,1,784,.000000000000000,.000000000000000,-2.477941287312261,2.477941287312261
377,2,256,-4.955882574622621,9.911765149245243,-3.911627412608484,-1.044255162014143
377,3,10,-2.867372250592461,5.734744501184922,-1.433686125296227,-1.433686125296234
378,1,784,.000000000000000,.000000000000000,-2.477941287312257,2.477941287312257
378,2,256,-4.955882574622648,9.911765149245296,-3.911796283647845,-1.044086290974803
378,3,10,-2.867709992671195,5.735419985342389,-1.433854996335590,-1.433854996335604
379,1,784,.000000000000000,.000000000000000,-2.477941287312260,2.477941287312260
379,2,256,-4.955882574622633,9.911765149245266,-3.911659825869769,-1.044222748752864
379,3,10,-2.867437077115013,5.734874154230027,-1.433718538557513,-1.433718538557500
380,1,784,.000000000000000,.000000000000000,-2.477941287312258,2.477941287312258
380,2,256,-4.955882574622633,9.911765149245266,-3.911851590391261,-1.044030984231369
380,3,10,-2.867820606158040,5.735641212316080,-1.433910303079009,-1.433910303079031
381,1,784,.000000000000000,.000000000000000,-2.477941287312255,2.477941287312255
381,2,256,-4.955882574622652,9.911765149245305,-3.911733420129220,-1.044149154493431
381,3,10,-2.867584265633936,5.735168531267872,-1.433792132816966,-1.433792132816970
382,1,784,.000000000000000,.000000000000000,-2.477941287312254,2.477941287312254
382,2,256,-4.955882574622652,9.911765149245303,-3.911801467623853,-1.044081106998798
382,3,10,-2.867720360623156,5.735440721246311,-1.433860180311596,-1.433860180311559
383,1,784,.000000000000000,.000000000000000,-2.477941287312257,2.477941287312257
383,2,256,-4.955882574622649,9.911765149245298,-3.911797672080326,-1.044084902542323
383,3,10,-2.867712769536136,5.735425539072271,-1.433856384768070,-1.433856384768065
384,1,784,.000000000000000,.000000000000000,-2.477941287312257,2.477941287312257
384,2,256,-4.955882574622654,9.911765149245308,-3.911620009808161,-1.044262564814494
384,3,10,-2.867357444991798,5.734714889983596,-1.433678722495902,-1.433678722495896
385,1,784,.000000000000000,.000000000000000,-2.477941287312254,2.477941287312254
385,2,256,-4.955882574622634,9.911765149245268,-3.911846246840012,-1.044036327782621
385,3,10,-2.867809919055528,5.735619838111055,-1.433904959527758,-1.433904959527770
386,1,784,.000000000000000,.000000000000000,-2.477941287312259,2.477941287312259
386,2,256,-4.955882574622633,9.911765149245266,-3.912009581525763,-1.043872993096870
386,3,10,-2.868136588427028,5.736273176854056,-1.434068294213508,-1.434068294213519
387,1,784,.000000000000000,.000000000000000,-2.477941287312256,2.477941287312256
387,2,256,-4.955882574622667,9.911765149245333,-3.911832472078934,-1.044050102543731
387,3,10,-2.867782369533330,5.735564739066660,-1.433891184766676,-1.433891184766655
388,1,784,.000000000000000,.000000000000000,-2.477941287312260,2.477941287312260
388,2,256,-4.955882574622634,9.911765149245268,-3.911837705160499,-1.044044869462135
388,3,10,-2.867792835696503,5.735585671393006,-1.433896417848242,-1.433896417848261
389,1,784,.000000000000000,.000000000000000,-2.477941287312258,2.477941287312258
389,2,256,-4.955882574622629,9.911765149245259,-3.911798348283999,-1.044084226338632
389,3,10,-2.867714121943534,5.735428243887068,-1.433857060971741,-1.433857060971793
390,1,784,.000000000000000,.000000000000000,-2.477941287312255,2.477941287312255
390,2,256,-4.955882574622667,9.911765149245333,-3.911720587170550,-1.044161987452122
390,3,10,-2.867558599716604,5.735117199433208,-1.433779299858293,-1.433779299858311
391,1,784,.000000000000000,.000000000000000,-2.477941287312259,2.477941287312259
391,2,256,-4.955882574622662,9.911765149245324,-3.912177822257045,-1.043704752365613
391,3,10,-2.868473069889579,5.736946139779158,-1.434236534944791,-1.434236534944789
392,1,784,.000000000000000,.000000000000000,-2.477941287312263,2.477941287312263
392,2,256,-4.955882574622697,9.911765149245394,-3.911699649408519,-1.044182925214179
392,3,10,-2.867516724192546,5.735033448385091,-1.433758362096261,-1.433758362096285
393,1,784,.000000000000000,.000000000000000,-2.477941287312259,2.477941287312259
393,2,256,-4.955882574622643,9.911765149245285,-3.911628790888699,-1.044253783733943
393,3,10,-2.867375007152889,5.734750014305778,-1.433687503576443,-1.433687503576446
394,1,784,.000000000000000,.000000000000000,-2.477941287312258,2.477941287312258
394,2,256,-4.955882574622693,9.911765149245387,-3.911589994860190,-1.044292579762502
394,3,10,-2.867297415095854,5.734594830191709,-1.433648707547934,-1.433648707547921
395,1,784,.000000000000000,.000000000000000,-2.477941287312258,2.477941287312258
395,2,256,-4.955882574622652,9.911765149245305,-3.911475072178200,-1.044407502444447
395,3,10,-2.867067569731920,5.734135139463841,-1.433533784865947,-1.433533784865974
396,1,784,.000000000000000,.000000000000000,-2.477941287312259,2.477941287312259
396,2,256,-4.955882574622666,9.911765149245332,-3.911923432539444,-1.043959142083223
396,3,10,-2.867964290454343,5.735928580908686,-1.433982145227187,-1.433982145227157
397,1,784,.000000000000000,.000000000000000,-2.477941287312258,2.477941287312258
397,2,256,-4.955882574622631,9.911765149245262,-3.911965859947738,-1.043916714674894
397,3,10,-2.868049145270947,5.736098290541895,-1.434024572635483,-1.434024572635464
398,1,784,.000000000000000,.000000000000000,-2.477941287312255,2.477941287312255
398,2,256,-4.955882574622626,9.911765149245252,-3.912120199251685,-1.043762375370938
398,3,10,-2.868357823878819,5.736715647757639,-1.434178911939429,-1.434178911939391
399,1,784,.000000000000000,.000000000000000,-2.477941287312253,2.477941287312253
399,2,256,-4.955882574622660,9.911765149245319,-3.911635946980641,-1.044246627642025
399,3,10,-2.867389319336746,5.734778638673491,-1.433694659668383,-1.433694659668362
400,1,784,.000000000000000,.000000000000000,-2.477941287312258,2.477941287312258
400,2,256,-4.955882574622647,9.911765149245294,-3.912139011997479,-1.043743562625169
400,3,10,-2.868395449370475,5.736790898740950,-1.434197724685223,-1.434197724685251
401,1,784,.000000000000000,.000000000000000,-2.477941287312259,2.477941287312259
401,2,256,-4.955882574622632,9.911765149245264,-3.911833552840012,-1.044049021782620
401,3,10,-2.867784531055479,5.735569062110958,-1.433892265527757,-1.433892265527722
402,1,784,.000000000000000,.000000000000000,-2.477941287312259,2.477941287312259
402,2,256,-4.955882574622635,9.911765149245269,-3.911854806024677,-1.044027768597954
402,3,10,-2.867827037424862,5.735654074849725,-1.433913518712423,-1.433913518712440
403,1,784,.000000000000000,.000000000000000,-2.477941287312258,2.477941287312258
403,2,256,-4.955882574622644,9.911765149245289,-3.912110556742448,-1.043772017880195
403,3,10,-2.868338538860368,5.736677077720737,-1.434169269430192,-1.434169269430176
404,1,784,.000000000000000,.000000000000000,-2.477941287312257,2.477941287312257
404,2,256,-4.955882574622664,9.911765149245328,-3.911927954746933,-1.043954619875731
404,3,10,-2.867973334869378,5.735946669738756,-1.433986667434675,-1.433986667434703
405,1,784,.000000000000000,.000000000000000,-2.477941287312256,2.477941287312256
405,2,256,-4.955882574622673,9.911765149245346,-3.911703581170753,-1.044178993451923
405,3,10,-2.867524587717002,5.735049175434003,-1.433762293858493,-1.433762293858509
406,1,784,.000000000000000,.000000000000000,-2.477941287312256,2.477941287312256
406,2,256,-4.955882574622627,9.911765149245253,-3.911773399700325,-1.044109174922299
406,3,10,-2.867664224776138,5.735328449552276,-1.433832112388070,-1.433832112388068
407,1,784,.000000000000000,.000000000000000,-2.477941287312255,2.477941287312255
407,2,256,-4.955882574622648,9.911765149245296,-3.911896591539207,-1.043985983083438
407,3,10,-2.867910608453898,5.735821216907796,-1.433955304226953,-1.433955304226945
408,1,784,.000000000000000,.000000000000000,-2.477941287312254,2.477941287312254
408,2,256,-4.955882574622641,9.911765149245282,-3.912100187401609,-1.043782387221032
408,3,10,-2.868317800178704,5.736635600357409,-1.434158900089356,-1.434158900089348
409,1,784,.000000000000000,.000000000000000,-2.477941287312260,2.477941287312260
409,2,256,-4.955882574622630,9.911765149245261,-3.911759023430317,-1.044123551192317
409,3,10,-2.867635472236096,5.735270944472193,-1.433817736118061,-1.433817736118035
410,1,784,.000000000000000,.000000000000000,-2.477941287312253,2.477941287312253
410,2,256,-4.955882574622679,9.911765149245358,-3.911996515675531,-1.043886058947150
410,3,10,-2.868110456726576,5.736220913453153,-1.434055228363275,-1.434055228363302
411,1,784,.000000000000000,.000000000000000,-2.477941287312260,2.477941287312260
411,2,256,-4.955882574622627,9.911765149245253,-3.912286288660371,-1.043596285962254
411,3,10,-2.868690002696221,5.737380005392443,-1.434345001348117,-1.434345001348104
412,1,784,.000000000000000,.000000000000000,-2.477941287312257,2.477941287312257
412,2,256,-4.955882574622652,9.911765149245303,-3.911864148151642,-1.044018426471012
412,3,10,-2.867845721678748,5.735691443357496,-1.433922860839385,-1.433922860839363
413,1,784,.000000000000000,.000000000000000,-2.477941287312257,2.477941287312257
413,2,256,-4.955882574622660,9.911765149245319,-3.911903501829060,-1.043979072793598
413,3,10,-2.867924429033609,5.735848858067218,-1.433962214516805,-1.433962214516804
414,1,784,.000000000000000,.000000000000000,-2.477941287312261,2.477941287312261
414,2,256,-4.955882574622659,9.911765149245317,-3.911725751267110,-1.044156823355549
414,3,10,-2.867568927909652,5.735137855819303,-1.433784463954853,-1.433784463954799
415,1,784,.000000000000000,.000000000000000,-2.477941287312259,2.477941287312259
415,2,256,-4.955882574622676,9.911765149245353,-3.911662621914217,-1.044219952708456
415,3,10,-2.867442669203905,5.734885338407810,-1.433721334601961,-1.433721334601943
416,1,784,.000000000000000,.000000000000000,-2.477941287312256,2.477941287312256
416,2,256,-4.955882574622626,9.911765149245252,-3.911940087577479,-1.043942487045142
416,3,10,-2.867997600530461,5.735995201060923,-1.433998800265223,-1.433998800265238
417,1,784,.000000000000000,.000000000000000,-2.477941287312258,2.477941287312258
417,2,256,-4.955882574622666,9.911765149245332,-3.911758728337565,-1.044123846285103
417,3,10,-2.867634882050609,5.735269764101218,-1.433817441025309,-1.433817441025299
418,1,784,.000000000000000,.000000000000000,-2.477941287312257,2.477941287312257
418,2,256,-4.955882574622651,9.911765149245301,-3.911807952375002,-1.044074622247653
418,3,10,-2.867733330125487,5.735466660250975,-1.433866665062745,-1.433866665062742
419,1,784,.000000000000000,.000000000000000,-2.477941287312255,2.477941287312255
419,2,256,-4.955882574622645,9.911765149245291,-3.911945125991389,-1.043937448631256
419,3,10,-2.868007677358263,5.736015354716526,-1.434003838679133,-1.434003838679130
420,1,784,.000000000000000,.000000000000000,-2.477941287312257,2.477941287312257
420,2,256,-4.955882574622643,9.911765149245285,-3.911533937143941,-1.044348637478700
420,3,10,-2.867185299663351,5.734370599326701,-1.433592649831686,-1.433592649831665
421,1,784,.000000000000000,.000000000000000,-2.477941287312254,2.477941287312254
421,2,256,-4.955882574622630,9.911765149245261,-3.911977023013103,-1.043905551609530
421,3,10,-2.868071471401702,5.736142942803404,-1.434035735700845,-1.434035735700857
422,1,784,.000000000000000,.000000000000000,-2.477941287312254,2.477941287312254
422,2,256,-4.955882574622652,9.911765149245303,-3.911896598053066,-1.043985976569581
422,3,10,-2.867910621481628,5.735821242963255,-1.433955310740811,-1.433955310740816
423,1,784,.000000000000000,.000000000000000,-2.477941287312260,2.477941287312260
423,2,256,-4.955882574622651,9.911765149245301,-3.911887465252055,-1.043995109370598
423,3,10,-2.867892355879543,5.735784711759086,-1.433946177939796,-1.433946177939748
424,1,784,.000000000000000,.000000000000000,-2.477941287312255,2.477941287312255
424,2,256,-4.955882574622666,9.911765149245332,-3.911882778829189,-1.043999795793473
424,3,10,-2.867882983033860,5.735765966067720,-1.433941491516934,-1.433941491516926
425,1,784,.000000000000000,.000000000000000,-2.477941287312254,2.477941287312254
425,2,256,-4.955882574622673,9.911765149245346,-3.912223469623092,-1.043659104999577
425,3,10,-2.868564364621660,5.737128729243320,-1.434282182310837,-1.434282182310823
426,1,784,.000000000000000,.000000000000000,-2.477941287312261,2.477941287312261
426,2,256,-4.955882574622685,9.911765149245371,-3.911727250309591,-1.044155324313092
426,3,10,-2.867571925994645,5.735143851989290,-1.433785962997336,-1.433785962997310
427,1,784,.000000000000000,.000000000000000,-2.477941287312257,2.477941287312257
427,2,256,-4.955882574622618,9.911765149245236,-3.912065005735931,-1.043817568886688
427,3,10,-2.868247436847332,5.736494873694665,-1.434123718423673,-1.434123718423659
428,1,784,.000000000000000,.000000000000000,-2.477941287312256,2.477941287312256
428,2,256,-4.955882574622619,9.911765149245237,-3.911572913242497,-1.044309661380124
428,3,10,-2.867263251860489,5.734526503720978,-1.433631625930241,-1.433631625930248
429,1,784,.000000000000000,.000000000000000,-2.477941287312253,2.477941287312253
429,2,256,-4.955882574622670,9.911765149245340,-3.911860091931015,-1.044022482691653
429,3,10,-2.867837609237560,5.735675218475119,-1.433918804618759,-1.433918804618800
430,1,784,.000000000000000,.000000000000000,-2.477941287312258,2.477941287312258
430,2,256,-4.955882574622701,9.911765149245403,-3.911770264202646,-1.044112310420055
430,3,10,-2.867657953780772,5.735315907561543,-1.433828976890390,-1.433828976890381
431,1,784,.000000000000000,.000000000000000,-2.477941287312259,2.477941287312259
431,2,256,-4.955882574622644,9.911765149245289,-3.911885749446905,-1.043996825175738
431,3,10,-2.867888924269302,5.735777848538604,-1.433944462134651,-1.433944462134652
432,1,784,.000000000000000,.000000000000000,-2.477941287312261,2.477941287312261
432,2,256,-4.955882574622676,9.911765149245353,-3.911827919028499,-1.044054655594179
432,3,10,-2.867773263432464,5.735546526864929,-1.433886631716241,-1.433886631716223
433,1,784,.000000000000000,.000000000000000,-2.477941287312258,2.477941287312258
433,2,256,-4.955882574622622,9.911765149245245,-3.911853149300411,-1.044029425322215
433,3,10,-2.867823723976295,5.735647447952590,-1.433911861988153,-1.433911861988141
434,1,784,.000000000000000,.000000000000000,-2.477941287312257,2.477941287312257
434,2,256,-4.955882574622619,9.911765149245237,-3.911514769225504,-1.044367805397115
434,3,10,-2.867146963826498,5.734293927652995,-1.433573481913249,-1.433573481913248
435,1,784,.000000000000000,.000000000000000,-2.477941287312257,2.477941287312257
435,2,256,-4.955882574622636,9.911765149245273,-3.911763248427162,-1.044119326195474
435,3,10,-2.867643922229826,5.735287844459651,-1.433821961114905,-1.433821961114920
436,1,784,.000000000000000,.000000000000000,-2.477941287312255,2.477941287312255
436,2,256,-4.955882574622628,9.911765149245255,-3.912118238712566,-1.043764335910064
436,3,10,-2.868353902800605,5.736707805601211,-1.434176951400310,-1.434176951400296
437,1,784,.000000000000000,.000000000000000,-2.477941287312257,2.477941287312257
437,2,256,-4.955882574622631,9.911765149245262,-3.911809681913946,-1.044072892708682
437,3,10,-2.867736789203378,5.735473578406755,-1.433868394601691,-1.433868394601687
438,1,784,.000000000000000,.000000000000000,-2.477941287312255,2.477941287312255
438,2,256,-4.955882574622677,9.911765149245355,-3.911568602202625,-1.044313972420052
438,3,10,-2.867254629780727,5.734509259561453,-1.433627314890371,-1.433627314890356
439,1,784,.000000000000000,.000000000000000,-2.477941287312257,2.477941287312257
439,2,256,-4.955882574622680,9.911765149245360,-3.911718338793211,-1.044164235829469
439,3,10,-2.867554102961896,5.735108205923792,-1.433777051480954,-1.433777051480943
440,1,784,.000000000000000,.000000000000000,-2.477941287312258,2.477941287312258
440,2,256,-4.955882574622668,9.911765149245337,-3.911950624526974,-1.043931950095693
440,3,10,-2.868018674429432,5.736037348858865,-1.434009337214716,-1.434009337214716
441,1,784,.000000000000000,.000000000000000,-2.477941287312256,2.477941287312256
441,2,256,-4.955882574622651,9.911765149245301,-3.911862030615684,-1.044020544006962
441,3,10,-2.867841486606850,5.735682973213700,-1.433920743303431,-1.433920743303419
442,1,784,.000000000000000,.000000000000000,-2.477941287312256,2.477941287312256
442,2,256,-4.955882574622631,9.911765149245262,-3.911633363623692,-1.044249210998939
442,3,10,-2.867384152622865,5.734768305245729,-1.433692076311436,-1.433692076311429
443,1,784,.000000000000000,.000000000000000,-2.477941287312255,2.477941287312255
443,2,256,-4.955882574622630,9.911765149245261,-3.911892386701307,-1.043990187921319
443,3,10,-2.867902198778077,5.735804397556154,-1.433951099389055,-1.433951099389023
444,1,784,.000000000000000,.000000000000000,-2.477941287312260,2.477941287312260
444,2,256,-4.955882574622636,9.911765149245271,-3.912051807393029,-1.043830767229606
444,3,10,-2.868221040161544,5.736442080323089,-1.434110520080772,-1.434110520080772
445,1,784,.000000000000000,.000000000000000,-2.477941287312257,2.477941287312257
445,2,256,-4.955882574622628,9.911765149245257,-3.911793484976804,-1.044089089645824
445,3,10,-2.867704395329140,5.735408790658280,-1.433852197664549,-1.433852197664591
446,1,784,.000000000000000,.000000000000000,-2.477941287312255,2.477941287312255
446,2,256,-4.955882574622649,9.911765149245298,-3.911721142026687,-1.044161432595959
446,3,10,-2.867559709428837,5.735119418857675,-1.433779854714430,-1.433779854714408
447,1,784,.000000000000000,.000000000000000,-2.477941287312260,2.477941287312260
447,2,256,-4.955882574622620,9.911765149245241,-3.911836195496845,-1.044046379125776
447,3,10,-2.867789816369192,5.735579632738383,-1.433894908184588,-1.433894908184604
448,1,784,.000000000000000,.000000000000000,-2.477941287312261,2.477941287312261
448,2,256,-4.955882574622661,9.911765149245323,-3.911925611723133,-1.043956962899532
448,3,10,-2.867968648821765,5.735937297643529,-1.433984324410875,-1.433984324410889
449,1,784,.000000000000000,.000000000000000,-2.477941287312259,2.477941287312259
449,2,256,-4.955882574622660,9.911765149245319,-3.912007492479211,-1.043875082143448
449,3,10,-2.868132410333924,5.736264820667849,-1.434066205166954,-1.434066205166970
450,1,784,.000000000000000,.000000000000000,-2.477941287312261,2.477941287312261
450,2,256,-4.955882574622628,9.911765149245255,-3.911539680060812,-1.044342894561812
450,3,10,-2.867196785497074,5.734393570994148,-1.433598392748557,-1.433598392748517
451,1,784,.000000000000000,.000000000000000,-2.477941287312262,2.477941287312262
451,2,256,-4.955882574622647,9.911765149245294,-3.911821756033261,-1.044060818589389
451,3,10,-2.867760937441973,5.735521874883947,-1.433880468721004,-1.433880468720970
452,1,784,.000000000000000,.000000000000000,-2.477941287312259,2.477941287312259
452,2,256,-4.955882574622666,9.911765149245332,-3.911937967454311,-1.043944607168355
452,3,10,-2.867993360284080,5.735986720568159,-1.433996680142056,-1.433996680142024
453,1,784,.000000000000000,.000000000000000,-2.477941287312257,2.477941287312257
453,2,256,-4.955882574622626,9.911765149245252,-3.911901103213600,-1.043981471409027
453,3,10,-2.867919631802727,5.735839263605454,-1.433959815901344,-1.433959815901383
454,1,784,.000000000000000,.000000000000000,-2.477941287312257,2.477941287312257
454,2,256,-4.955882574622621,9.911765149245243,-3.911829961657213,-1.044052612965406
454,3,10,-2.867777348689914,5.735554697379827,-1.433888674344958,-1.433888674344956
455,1,784,.000000000000000,.000000000000000,-2.477941287312256,2.477941287312256
455,2,256,-4.955882574622651,9.911765149245301,-3.911613155865151,-1.044269418757500
455,3,10,-2.867343737105772,5.734687474211545,-1.433671868552893,-1.433671868552880
456,1,784,.000000000000000,.000000000000000,-2.477941287312256,2.477941287312256
456,2,256,-4.955882574622642,9.911765149245284,-3.912023266178070,-1.043859308444572
456,3,10,-2.868163957731594,5.736327915463188,-1.434081978865815,-1.434081978865779
457,1,784,.000000000000000,.000000000000000,-2.477941287312257,2.477941287312257
457,2,256,-4.955882574622628,9.911765149245255,-3.912045499483319,-1.043837075139308
457,3,10,-2.868208424342131,5.736416848684263,-1.434104212171062,-1.434104212171069
458,1,784,.000000000000000,.000000000000000,-2.477941287312258,2.477941287312258
458,2,256,-4.955882574622642,9.911765149245284,-3.911847921381727,-1.044034653240913
458,3,10,-2.867813268138918,5.735626536277836,-1.433906634069472,-1.433906634069446
459,1,784,.000000000000000,.000000000000000,-2.477941287312254,2.477941287312254
459,2,256,-4.955882574622654,9.911765149245308,-3.911721458380421,-1.044161116242241
459,3,10,-2.867560342136314,5.735120684272628,-1.433780171068163,-1.433780171068151
460,1,784,.000000000000000,.000000000000000,-2.477941287312256,2.477941287312256
460,2,256,-4.955882574622667,9.911765149245333,-3.911694980022044,-1.044187594600624
460,3,10,-2.867507385419556,5.735014770839112,-1.433753692709788,-1.433753692709768
461,1,784,.000000000000000,.000000000000000,-2.477941287312258,2.477941287312258
461,2,256,-4.955882574622648,9.911765149245296,-3.912094248956251,-1.043788325666397
461,3,10,-2.868305923287990,5.736611846575980,-1.434152961643993,-1.434152961643998
462,1,784,.000000000000000,.000000000000000,-2.477941287312256,2.477941287312256
462,2,256,-4.955882574622663,9.911765149245326,-3.911685625949452,-1.044196948673211
462,3,10,-2.867488677274408,5.734977354548817,-1.433744338637196,-1.433744338637212
463,1,784,.000000000000000,.000000000000000,-2.477941287312255,2.477941287312255
463,2,256,-4.955882574622631,9.911765149245262,-3.911791142961433,-1.044091431661203
463,3,10,-2.867699711298369,5.735399422596738,-1.433849855649176,-1.433849855649193
464,1,784,.000000000000000,.000000000000000,-2.477941287312255,2.477941287312255
464,2,256,-4.955882574622620,9.911765149245241,-3.912037222375685,-1.043845352246936
464,3,10,-2.868191870126859,5.736383740253719,-1.434095935063430,-1.434095935063430
465,1,784,.000000000000000,.000000000000000,-2.477941287312255,2.477941287312255
465,2,256,-4.955882574622671,9.911765149245342,-3.911903803528440,-1.043978771094226
465,3,10,-2.867925032432361,5.735850064864723,-1.433962516216188,-1.433962516216174
466,1,784,.000000000000000,.000000000000000,-2.477941287312257,2.477941287312257
466,2,256,-4.955882574622621,9.911765149245243,-3.911837637565889,-1.044044937056733
466,3,10,-2.867792700507222,5.735585401014444,-1.433896350253634,-1.433896350253588
467,1,784,.000000000000000,.000000000000000,-2.477941287312260,2.477941287312260
467,2,256,-4.955882574622637,9.911765149245275,-3.911603138013923,-1.044279436608711
467,3,10,-2.867323701403373,5.734647402806747,-1.433661850701668,-1.433661850701705
468,1,784,.000000000000000,.000000000000000,-2.477941287312259,2.477941287312259
468,2,256,-4.955882574622639,9.911765149245278,-3.911466380025266,-1.044416194597376
468,3,10,-2.867050185426006,5.734100370852013,-1.433525092713008,-1.433525092712999
469,1,784,.000000000000000,.000000000000000,-2.477941287312257,2.477941287312257
469,2,256,-4.955882574622652,9.911765149245303,-3.911954881855165,-1.043927692767490
469,3,10,-2.868027189085831,5.736054378171661,-1.434013594542909,-1.434013594542922
470,1,784,.000000000000000,.000000000000000,-2.477941287312257,2.477941287312257
470,2,256,-4.955882574622667,9.911765149245333,-3.911958719223854,-1.043923855398813
470,3,10,-2.868034863823227,5.736069727646454,-1.434017431911598,-1.434017431911629
471,1,784,.000000000000000,.000000000000000,-2.477941287312257,2.477941287312257
471,2,256,-4.955882574622651,9.911765149245301,-3.911882776623626,-1.043999797999020
471,3,10,-2.867882978622748,5.735765957245496,-1.433941489311370,-1.433941489311378
472,1,784,.000000000000000,.000000000000000,-2.477941287312258,2.477941287312258
472,2,256,-4.955882574622668,9.911765149245335,-3.911974897641220,-1.043907676981449
472,3,10,-2.868067220657907,5.736134441315814,-1.434033610328964,-1.434033610328943
473,1,784,.000000000000000,.000000000000000,-2.477941287312256,2.477941287312256
473,2,256,-4.955882574622637,9.911765149245275,-3.911856985708554,-1.044025588914089
473,3,10,-2.867831396792610,5.735662793585219,-1.433915698396297,-1.433915698396313
474,1,784,.000000000000000,.000000000000000,-2.477941287312258,2.477941287312258
474,2,256,-4.955882574622673,9.911765149245346,-3.911754494858503,-1.044128079764173
474,3,10,-2.867626415092497,5.735252830184995,-1.433813207546245,-1.433813207546252
475,1,784,.000000000000000,.000000000000000,-2.477941287312258,2.477941287312258
475,2,256,-4.955882574622621,9.911765149245243,-3.911959658972374,-1.043922915650248
475,3,10,-2.868036743320231,5.736073486640461,-1.434018371660120,-1.434018371660111
476,1,784,.000000000000000,.000000000000000,-2.477941287312256,2.477941287312256
476,2,256,-4.955882574622643,9.911765149245285,-3.912112390929731,-1.043770183692908
476,3,10,-2.868342207234916,5.736684414469831,-1.434171103617476,-1.434171103617439
477,1,784,.000000000000000,.000000000000000,-2.477941287312255,2.477941287312255
477,2,256,-4.955882574622670,9.911765149245340,-3.911840669123557,-1.044041905499114
477,3,10,-2.867798763622630,5.735597527245260,-1.433899381811301,-1.433899381811329
478,1,784,.000000000000000,.000000000000000,-2.477941287312256,2.477941287312256
478,2,256,-4.955882574622620,9.911765149245241,-3.911911052041546,-1.043971522581071
478,3,10,-2.867939529458551,5.735879058917103,-1.433969764729291,-1.433969764729260
479,1,784,.000000000000000,.000000000000000,-2.477941287312256,2.477941287312256
479,2,256,-4.955882574622654,9.911765149245308,-3.911515850472841,-1.044366724149814
479,3,10,-2.867149126321158,5.734298252642316,-1.433574563160585,-1.433574563160573
480,1,784,.000000000000000,.000000000000000,-2.477941287312257,2.477941287312257
480,2,256,-4.955882574622653,9.911765149245307,-3.911778196778353,-1.044104377844295
480,3,10,-2.867673818932201,5.735347637864402,-1.433836909466098,-1.433836909466103
481,1,784,.000000000000000,.000000000000000,-2.477941287312257,2.477941287312257
481,2,256,-4.955882574622635,9.911765149245269,-3.911744489614247,-1.044138085008388
481,3,10,-2.867606404603960,5.735212809207919,-1.433803202301992,-1.433803202301967
482,1,784,.000000000000000,.000000000000000,-2.477941287312260,2.477941287312260
482,2,256,-4.955882574622644,9.911765149245287,-3.912083646533039,-1.043798928089603
482,3,10,-2.868284718441596,5.736569436883193,-1.434142359220782,-1.434142359220815
483,1,784,.000000000000000,.000000000000000,-2.477941287312253,2.477941287312253
483,2,256,-4.955882574622615,9.911765149245230,-3.911858892071604,-1.044023682551015
483,3,10,-2.867835209518708,5.735670419037415,-1.433917604759347,-1.433917604759360
484,1,784,.000000000000000,.000000000000000,-2.477941287312259,2.477941287312259
484,2,256,-4.955882574622643,9.911765149245285,-3.911965441016616,-1.043917133606031
484,3,10,-2.868048307408706,5.736096614817413,-1.434024153704359,-1.434024153704347
485,1,784,.000000000000000,.000000000000000,-2.477941287312258,2.477941287312258
485,2,256,-4.955882574622646,9.911765149245293,-3.911761181314222,-1.044121393308420
485,3,10,-2.867639788003892,5.735279576007785,-1.433819894001968,-1.433819894001924
486,1,784,.000000000000000,.000000000000000,-2.477941287312256,2.477941287312256
486,2,256,-4.955882574622666,9.911765149245332,-3.911655900363056,-1.044226674259614
486,3,10,-2.867429226101597,5.734858452203194,-1.433714613050800,-1.433714613050797
487,1,784,.000000000000000,.000000000000000,-2.477941287312253,2.477941287312253
487,2,256,-4.955882574622616,9.911765149245232,-3.911637367214471,-1.044245207408148
487,3,10,-2.867392159804408,5.734784319608816,-1.433696079902213,-1.433696079902194
488,1,784,.000000000000000,.000000000000000,-2.477941287312255,2.477941287312255
488,2,256,-4.955882574622642,9.911765149245284,-3.912026324948078,-1.043856249674563
488,3,10,-2.868170075271686,5.736340150543373,-1.434085037635823,-1.434085037635864
489,1,784,.000000000000000,.000000000000000,-2.477941287312258,2.477941287312258
489,2,256,-4.955882574622663,9.911765149245326,-3.911964796810206,-1.043917777812458
489,3,10,-2.868047018995866,5.736094037991732,-1.434023509497951,-1.434023509497915
490,1,784,.000000000000000,.000000000000000,-2.477941287312260,2.477941287312260
490,2,256,-4.955882574622614,9.911765149245229,-3.911911068381410,-1.043971506241202
490,3,10,-2.867939562138316,5.735879124276632,-1.433969781069152,-1.433969781069164
491,1,784,.000000000000000,.000000000000000,-2.477941287312255,2.477941287312255
491,2,256,-4.955882574622653,9.911765149245307,-3.911805897074561,-1.044076677548093
491,3,10,-2.867729219524590,5.735458439049180,-1.433864609762304,-1.433864609762286
492,1,784,.000000000000000,.000000000000000,-2.477941287312257,2.477941287312257
492,2,256,-4.955882574622650,9.911765149245300,-3.912053626986231,-1.043828947636416
492,3,10,-2.868224679347970,5.736449358695941,-1.434112339673974,-1.434112339673997
493,1,784,.000000000000000,.000000000000000,-2.477941287312260,2.477941287312260
493,2,256,-4.955882574622666,9.911765149245332,-3.911284323767808,-1.044598250854862
493,3,10,-2.866686072911076,5.733372145822152,-1.433343036455549,-1.433343036455527
494,1,784,.000000000000000,.000000000000000,-2.477941287312258,2.477941287312258
494,2,256,-4.955882574622671,9.911765149245342,-3.911966582023777,-1.043915992598897
494,3,10,-2.868050589423047,5.736101178846095,-1.434025294711519,-1.434025294711529
495,1,784,.000000000000000,.000000000000000,-2.477941287312259,2.477941287312259
495,2,256,-4.955882574622681,9.911765149245362,-3.911886019965851,-1.043996554656825
495,3,10,-2.867889465307223,5.735778930614446,-1.433944732653596,-1.433944732653627
496,1,784,.000000000000000,.000000000000000,-2.477941287312256,2.477941287312256
496,2,256,-4.955882574622670,9.911765149245340,-3.911586266526586,-1.044296308096087
496,3,10,-2.867289958428663,5.734579916857326,-1.433644979214331,-1.433644979214332
497,1,784,.000000000000000,.000000000000000,-2.477941287312257,2.477941287312257
497,2,256,-4.955882574622628,9.911765149245257,-3.911699180583919,-1.044183394038703
497,3,10,-2.867515786543339,5.735031573086678,-1.433757893271662,-1.433757893271677
498,1,784,.000000000000000,.000000000000000,-2.477941287312259,2.477941287312259
498,2,256,-4.955882574622639,9.911765149245278,-3.911870661562984,-1.044011913059654
498,3,10,-2.867858748501467,5.735717497002934,-1.433929374250726,-1.433929374250741
499,1,784,.000000000000000,.000000000000000,-2.477941287312256,2.477941287312256
499,2,256,-4.955882574622676,9.911765149245353,-3.911918907432238,-1.043963667190440
499,3,10,-2.867955240239990,5.735910480479980,-1.433977620119982,-1.433977620120008
500,1,784,.000000000000000,.000000000000000,-2.477941287312256,2.477941287312256
500,2,256,-4.955882574622667,9.911765149245333,-3.911734847819277,-1.044147726803391
500,3,10,-2.867587121014050,5.735174242028100,-1.433793560507020,-1.433793560507031
501,1,784,.000000000000000,.000000000000000,-2.477941287312258,2.477941287312258
501,2,256,-4.955882574622648,9.911765149245296,-3.912182240138521,-1.043700334484129
501,3,10,-2.868481905652530,5.736963811305060,-1.434240952826264,-1.434240952826266
502,1,784,.000000000000000,.000000000000000,-2.477941287312257,2.477941287312257
502,2,256,-4.955882574622640,9.911765149245280,-3.911640182982702,-1.044242391639933
502,3,10,-2.867397791340894,5.734795582681787,-1.433698895670448,-1.433698895670446
503,1,784,.000000000000000,.000000000000000,-2.477941287312255,2.477941287312255
503,2,256,-4.955882574622644,9.911765149245289,-3.911539713683343,-1.044342860939305
503,3,10,-2.867196852742202,5.734393705484403,-1.433598426371087,-1.433598426371115
504,1,784,.000000000000000,.000000000000000,-2.477941287312258,2.477941287312258
504,2,256,-4.955882574622671,9.911765149245342,-3.911669579490128,-1.044212995132545
504,3,10,-2.867456584355724,5.734913168711449,-1.433728292177874,-1.433728292177850
505,1,784,.000000000000000,.000000000000000,-2.477941287312259,2.477941287312259
505,2,256,-4.955882574622611,9.911765149245221,-3.912205664533581,-1.043676910089030
505,3,10,-2.868528754442655,5.737057508885311,-1.434264377221326,-1.434264377221329
506,1,784,.000000000000000,.000000000000000,-2.477941287312258,2.477941287312258
506,2,256,-4.955882574622649,9.911765149245298,-3.911803652741721,-1.044078921880923
506,3,10,-2.867724730858918,5.735449461717836,-1.433862365429468,-1.433862365429450
507,1,784,.000000000000000,.000000000000000,-2.477941287312256,2.477941287312256
507,2,256,-4.955882574622684,9.911765149245367,-3.911685994054098,-1.044196580568585
507,3,10,-2.867489413483667,5.734978826967334,-1.433744706741844,-1.433744706741824
508,1,784,.000000000000000,.000000000000000,-2.477941287312255,2.477941287312255
508,2,256,-4.955882574622631,9.911765149245262,-3.911573459968678,-1.044309114653952
508,3,10,-2.867264345312847,5.734528690625694,-1.433632172656423,-1.433632172656424
509,1,784,.000000000000000,.000000000000000,-2.477941287312260,2.477941287312260
509,2,256,-4.955882574622676,9.911765149245351,-3.911883133634078,-1.043999440988596
509,3,10,-2.867883692643669,5.735767385287337,-1.433941846321825,-1.433941846321844
510,1,784,.000000000000000,.000000000000000,-2.477941287312258,2.477941287312258
510,2,256,-4.955882574622688,9.911765149245376,-3.911699616082472,-1.044182958540214
510,3,10,-2.867516657540437,5.735033315080875,-1.433758328770217,-1.433758328770220
511,1,784,.000000000000000,.000000000000000,-2.477941287312257,2.477941287312257
511,2,256,-4.955882574622659,9.911765149245317,-3.911768557299751,-1.044114017322912
511,3,10,-2.867654539975018,5.735309079950036,-1.433827269987494,-1.433827269987523
512,1,784,.000000000000000,.000000000000000,-2.477941287312257,2.477941287312257
512,2,256,-4.955882574622663,9.911765149245326,-3.911630156233879,-1.044252418388785
512,3,10,-2.867377737843222,5.734755475686444,-1.433688868921623,-1.433688868921599
513,1,784,.000000000000000,.000000000000000,-2.477941287312259,2.477941287312259
513,2,256,-4.955882574622667,9.911765149245333,-3.911962540069685,-1.043920034552986
513,3,10,-2.868042505514842,5.736085011029684,-1.434021252757430,-1.434021252757412
514,1,784,.000000000000000,.000000000000000,-2.477941287312258,2.477941287312258
514,2,256,-4.955882574622627,9.911765149245253,-3.911613808872385,-1.044268765750247
514,3,10,-2.867345043120255,5.734690086240509,-1.433672521560123,-1.433672521560132
515,1,784,.000000000000000,.000000000000000,-2.477941287312260,2.477941287312260
515,2,256,-4.955882574622667,9.911765149245333,-3.911894324204345,-1.043988250418322
515,3,10,-2.867906073784168,5.735812147568335,-1.433953036892089,-1.433953036892078
516,1,784,.000000000000000,.000000000000000,-2.477941287312259,2.477941287312259
516,2,256,-4.955882574622642,9.911765149245284,-3.911935632610954,-1.043946942011690
516,3,10,-2.867988690597427,5.735977381194854,-1.433994345298698,-1.433994345298728
517,1,784,.000000000000000,.000000000000000,-2.477941287312257,2.477941287312257
517,2,256,-4.955882574622669,9.911765149245339,-3.911837554945405,-1.044045019677261
517,3,10,-2.867792535266293,5.735585070532585,-1.433896267633149,-1.433896267633144
518,1,784,.000000000000000,.000000000000000,-2.477941287312255,2.477941287312255
518,2,256,-4.955882574622628,9.911765149245255,-3.911836868240874,-1.044045706381754
518,3,10,-2.867791161857224,5.735582323714448,-1.433895580928616,-1.433895580928607
519,1,784,.000000000000000,.000000000000000,-2.477941287312257,2.477941287312257
519,2,256,-4.955882574622659,9.911765149245317,-3.911674950163447,-1.044207624459214
519,3,10,-2.867467325702380,5.734934651404759,-1.433733662851191,-1.433733662851189
520,1,784,.000000000000000,.000000000000000,-2.477941287312259,2.477941287312259
520,2,256,-4.955882574622653,9.911765149245307,-3.911848231575830,-1.044034343046821
520,3,10,-2.867813888527126,5.735627777054251,-1.433906944263575,-1.433906944263551
521,1,784,.000000000000000,.000000000000000,-2.477941287312258,2.477941287312258
521,2,256,-4.955882574622646,9.911765149245293,-3.912139482894171,-1.043743091728470
521,3,10,-2.868396391163832,5.736792782327663,-1.434198195581915,-1.434198195581917
522,1,784,.000000000000000,.000000000000000,-2.477941287312257,2.477941287312257
522,2,256,-4.955882574622647,9.911765149245294,-3.911634342166150,-1.044248232456499
522,3,10,-2.867386109707815,5.734772219415629,-1.433693054853893,-1.433693054853922
523,1,784,.000000000000000,.000000000000000,-2.477941287312257,2.477941287312257
523,2,256,-4.955882574622639,9.911765149245278,-3.911714974369549,-1.044167600253094
523,3,10,-2.867547374114586,5.735094748229172,-1.433773687057292,-1.433773687057295
524,1,784,.000000000000000,.000000000000000,-2.477941287312255,2.477941287312255
524,2,256,-4.955882574622658,9.911765149245316,-3.911654232461629,-1.044228342161023
524,3,10,-2.867425890298709,5.734851780597419,-1.433712945149374,-1.433712945149336
525,1,784,.000000000000000,.000000000000000,-2.477941287312256,2.477941287312256
525,2,256,-4.955882574622630,9.911765149245261,-3.911996401086935,-1.043886173535695
525,3,10,-2.868110227549343,5.736220455098686,-1.434055113774678,-1.434055113774664
526,1,784,.000000000000000,.000000000000000,-2.477941287312255,2.477941287312255
526,2,256,-4.955882574622638,9.911765149245277,-3.912082937708605,-1.043799636914032
526,3,10,-2.868283300792712,5.736566601585425,-1.434141650396348,-1.434141650396364
527,1,784,.000000000000000,.000000000000000,-2.477941287312256,2.477941287312256
527,2,256,-4.955882574622668,9.911765149245337,-3.911528008035261,-1.044354566587402
527,3,10,-2.867173441445989,5.734346882891978,-1.433586720723006,-1.433586720722983
528,1,784,.000000000000000,.000000000000000,-2.477941287312256,2.477941287312256
528,2,256,-4.955882574622640,9.911765149245280,-3.911852582816858,-1.044029991805788
528,3,10,-2.867822591009184,5.735645182018368,-1.433911295504599,-1.433911295504585
529,1,784,.000000000000000,.000000000000000,-2.477941287312257,2.477941287312257
529,2,256,-4.955882574622638,9.911765149245277,-3.911650925799317,-1.044231648823322
529,3,10,-2.867419276974124,5.734838553948248,-1.433709638487063,-1.433709638487061
530,1,784,.000000000000000,.000000000000000,-2.477941287312253,2.477941287312253
530,2,256,-4.955882574622661,9.911765149245323,-3.911840072345991,-1.044042502276670
530,3,10,-2.867797570067480,5.735595140134961,-1.433898785033734,-1.433898785033747
531,1,784,.000000000000000,.000000000000000,-2.477941287312260,2.477941287312260
531,2,256,-4.955882574622654,9.911765149245308,-3.911979640087140,-1.043902934535515
531,3,10,-2.868076705549772,5.736153411099544,-1.434038352774883,-1.434038352774889
532,1,784,.000000000000000,.000000000000000,-2.477941287312259,2.477941287312259
532,2,256,-4.955882574622676,9.911765149245351,-3.911903993402475,-1.043978581220201
532,3,10,-2.867925412180446,5.735850824360893,-1.433962706090220,-1.433962706090227
533,1,784,.000000000000000,.000000000000000,-2.477941287312256,2.477941287312256
533,2,256,-4.955882574622647,9.911765149245294,-3.911795570831193,-1.044087003791459
533,3,10,-2.867708567037869,5.735417134075738,-1.433854283518936,-1.433854283518933
534,1,784,.000000000000000,.000000000000000,-2.477941287312255,2.477941287312255
534,2,256,-4.955882574622603,9.911765149245205,-3.911419089147308,-1.044463485475296
534,3,10,-2.866955603670112,5.733911207340224,-1.433477801835052,-1.433477801835060
535,1,784,.000000000000000,.000000000000000,-2.477941287312255,2.477941287312255
535,2,256,-4.955882574622636,9.911765149245273,-3.911827317348627,-1.044055257274015
535,3,10,-2.867772060072759,5.735544120145518,-1.433886030036371,-1.433886030036387
536,1,784,.000000000000000,.000000000000000,-2.477941287312255,2.477941287312255
536,2,256,-4.955882574622636,9.911765149245273,-3.911689632992396,-1.044192941630247
536,3,10,-2.867496691360278,5.734993382720555,-1.433748345680139,-1.433748345680138
537,1,784,.000000000000000,.000000000000000,-2.477941287312260,2.477941287312260
537,2,256,-4.955882574622689,9.911765149245378,-3.911726088694717,-1.044156485927973
537,3,10,-2.867569602764939,5.735139205529878,-1.433784801382461,-1.433784801382478
538,1,784,.000000000000000,.000000000000000,-2.477941287312257,2.477941287312257
538,2,256,-4.955882574622642,9.911765149245284,-3.911881865684574,-1.044000708938074
538,3,10,-2.867881156744593,5.735762313489186,-1.433940578372313,-1.433940578372280
539,1,784,.000000000000000,.000000000000000,-2.477941287312256,2.477941287312256
539,2,256,-4.955882574622656,9.911765149245312,-3.911748668808875,-1.044133905813777
539,3,10,-2.867614762993243,5.735229525986486,-1.433807381496619,-1.433807381496624
540,1,784,.000000000000000,.000000000000000,-2.477941287312257,2.477941287312257
540,2,256,-4.955882574622657,9.911765149245314,-3.912109152787105,-1.043773421835549
540,3,10,-2.868335730949725,5.736671461899451,-1.434167865474850,-1.434167865474875
541,1,784,.000000000000000,.000000000000000,-2.477941287312258,2.477941287312258
541,2,256,-4.955882574622651,9.911765149245301,-3.911912197524864,-1.043970377097787
541,3,10,-2.867941820425233,5.735883640850465,-1.433970910212608,-1.433970910212625
542,1,784,.000000000000000,.000000000000000,-2.477941287312259,2.477941287312259
542,2,256,-4.955882574622609,9.911765149245218,-3.912474611549438,-1.043407963073169
542,3,10,-2.869066648474381,5.738133296948763,-1.434533324237183,-1.434533324237199
543,1,784,.000000000000000,.000000000000000,-2.477941287312256,2.477941287312256
543,2,256,-4.955882574622636,9.911765149245273,-3.912020015960139,-1.043862558662495
543,3,10,-2.868157457295740,5.736314914591480,-1.434078728647884,-1.434078728647855
544,1,784,.000000000000000,.000000000000000,-2.477941287312257,2.477941287312257
544,2,256,-4.955882574622674,9.911765149245348,-3.911647077162309,-1.044235497460367
544,3,10,-2.867411579700141,5.734823159400282,-1.433705789850051,-1.433705789850089
545,1,784,.000000000000000,.000000000000000,-2.477941287312257,2.477941287312257
545,2,256,-4.955882574622627,9.911765149245253,-3.911553965270556,-1.044328609352069
545,3,10,-2.867225355916609,5.734450711833219,-1.433612677958302,-1.433612677958308
546,1,784,.000000000000000,.000000000000000,-2.477941287312259,2.477941287312259
546,2,256,-4.955882574622656,9.911765149245312,-3.911725209448420,-1.044157365174236
546,3,10,-2.867567844272329,5.735135688544658,-1.433783922136166,-1.433783922136164
547,1,784,.000000000000000,.000000000000000,-2.477941287312256,2.477941287312256
547,2,256,-4.955882574622640,9.911765149245280,-3.911551207682206,-1.044331366940431
547,3,10,-2.867219840739892,5.734439681479785,-1.433609920369954,-1.433609920369939
548,1,784,.000000000000000,.000000000000000,-2.477941287312256,2.477941287312256
548,2,256,-4.955882574622662,9.911765149245324,-3.911695451310807,-1.044187123311851
548,3,10,-2.867508327997132,5.735016655994264,-1.433754163998554,-1.433754163998578
549,1,784,.000000000000000,.000000000000000,-2.477941287312259,2.477941287312259
549,2,256,-4.955882574622634,9.911765149245268,-3.911894925728796,-1.043987648893833
549,3,10,-2.867907276833122,5.735814553666243,-1.433953638416543,-1.433953638416579
550,1,784,.000000000000000,.000000000000000,-2.477941287312259,2.477941287312259
550,2,256,-4.955882574622660,9.911765149245319,-3.911847891669454,-1.044034682953209
550,3,10,-2.867813208714421,5.735626417428842,-1.433906604357198,-1.433906604357223
551,1,784,.000000000000000,.000000000000000,-2.477941287312253,2.477941287312253
551,2,256,-4.955882574622638,9.911765149245277,-3.912086116251552,-1.043796458371084
551,3,10,-2.868289657878607,5.736579315757215,-1.434144828939298,-1.434144828939310
552,1,784,.000000000000000,.000000000000000,-2.477941287312258,2.477941287312258
552,2,256,-4.955882574622652,9.911765149245305,-3.912097765746478,-1.043784808876166
552,3,10,-2.868312956868428,5.736625913736856,-1.434156478434224,-1.434156478434205
553,1,784,.000000000000000,.000000000000000,-2.477941287312255,2.477941287312255
553,2,256,-4.955882574622669,9.911765149245339,-3.911864746411924,-1.044017828210748
553,3,10,-2.867846918199334,5.735693836398668,-1.433923459099667,-1.433923459099668
554,1,784,.000000000000000,.000000000000000,-2.477941287312264,2.477941287312264
554,2,256,-4.955882574622636,9.911765149245273,-3.911762840940106,-1.044119733682533
554,3,10,-2.867643107255675,5.735286214511349,-1.433821553627849,-1.433821553627827
555,1,784,.000000000000000,.000000000000000,-2.477941287312252,2.477941287312252
555,2,256,-4.955882574622614,9.911765149245229,-3.911722871751875,-1.044159702870739
555,3,10,-2.867563168879247,5.735126337758494,-1.433781584439619,-1.433781584439628
556,1,784,.000000000000000,.000000000000000,-2.477941287312257,2.477941287312257
556,2,256,-4.955882574622688,9.911765149245376,-3.911611768398507,-1.044270806224184
556,3,10,-2.867340962172485,5.734681924344970,-1.433670481086252,-1.433670481086233
557,1,784,.000000000000000,.000000000000000,-2.477941287312261,2.477941287312261
557,2,256,-4.955882574622669,9.911765149245339,-3.911813180636738,-1.044069393985928
557,3,10,-2.867743786648988,5.735487573297976,-1.433871893324482,-1.433871893324506
558,1,784,.000000000000000,.000000000000000,-2.477941287312261,2.477941287312261
558,2,256,-4.955882574622659,9.911765149245317,-3.911964065103745,-1.043918509518916
558,3,10,-2.868045555583008,5.736091111166016,-1.434022777791490,-1.434022777791518
559,1,784,.000000000000000,.000000000000000,-2.477941287312256,2.477941287312256
559,2,256,-4.955882574622605,9.911765149245209,-3.911965620746206,-1.043916953876397
559,3,10,-2.868048666867862,5.736097333735724,-1.434024333433950,-1.434024333433913
560,1,784,.000000000000000,.000000000000000,-2.477941287312259,2.477941287312259
560,2,256,-4.955882574622593,9.911765149245186,-3.911806745822779,-1.044075828799817
560,3,10,-2.867730917021073,5.735461834042146,-1.433865458510523,-1.433865458510550
561,1,784,.000000000000000,.000000000000000,-2.477941287312258,2.477941287312258
561,2,256,-4.955882574622649,9.911765149245298,-3.911615221259737,-1.044267353362914
561,3,10,-2.867347867894919,5.734695735789837,-1.433673933947477,-1.433673933947441
562,1,784,.000000000000000,.000000000000000,-2.477941287312261,2.477941287312261
562,2,256,-4.955882574622623,9.911765149245246,-3.911674125983526,-1.044208448639103
562,3,10,-2.867465677342505,5.734931354685010,-1.433732838671268,-1.433732838671237
563,1,784,.000000000000000,.000000000000000,-2.477941287312255,2.477941287312255
563,2,256,-4.955882574622683,9.911765149245365,-3.911577376303483,-1.044305198319198
563,3,10,-2.867272177982461,5.734544355964922,-1.433636088991227,-1.433636088991235
564,1,784,.000000000000000,.000000000000000,-2.477941287312260,2.477941287312260
564,2,256,-4.955882574622632,9.911765149245264,-3.912063794891714,-1.043818779730924
564,3,10,-2.868245015158938,5.736490030317877,-1.434122507579457,-1.434122507579481
565,1,784,.000000000000000,.000000000000000,-2.477941287312261,2.477941287312261
565,2,256,-4.955882574622641,9.911765149245282,-3.912220366539890,-1.043662208082750
565,3,10,-2.868558158455309,5.737116316910619,-1.434279079227634,-1.434279079227675
566,1,784,.000000000000000,.000000000000000,-2.477941287312259,2.477941287312259
566,2,256,-4.955882574622660,9.911765149245321,-3.912609208263876,-1.043273366358784
566,3,10,-2.869335841903279,5.738671683806557,-1.434667920951620,-1.434667920951658
567,1,784,.000000000000000,.000000000000000,-2.477941287312260,2.477941287312260
567,2,256,-4.955882574622644,9.911765149245289,-3.911839058581818,-1.044043516040825
567,3,10,-2.867795542539116,5.735591085078233,-1.433897771269562,-1.433897771269553
568,1,784,.000000000000000,.000000000000000,-2.477941287312257,2.477941287312257
568,2,256,-4.955882574622650,9.911765149245300,-3.911799783643849,-1.044082790978798
568,3,10,-2.867716992663180,5.735433985326361,-1.433858496331595,-1.433858496331585
569,1,784,.000000000000000,.000000000000000,-2.477941287312258,2.477941287312258
569,2,256,-4.955882574622691,9.911765149245381,-3.911541865506217,-1.044340709116478
569,3,10,-2.867201156387953,5.734402312775906,-1.433600578193962,-1.433600578193992
570,1,784,.000000000000000,.000000000000000,-2.477941287312256,2.477941287312256
570,2,256,-4.955882574622636,9.911765149245271,-3.911648380993807,-1.044234193628831
570,3,10,-2.867414187363106,5.734828374726211,-1.433707093681551,-1.433707093681555
571,1,784,.000000000000000,.000000000000000,-2.477941287312255,2.477941287312255
571,2,256,-4.955882574622674,9.911765149245348,-3.912051875979393,-1.043830698643280
571,3,10,-2.868221177334267,5.736442354668534,-1.434110588667139,-1.434110588667127
572,1,784,.000000000000000,.000000000000000,-2.477941287312259,2.477941287312259
572,2,256,-4.955882574622644,9.911765149245289,-3.911441795482389,-1.044440779140259
572,3,10,-2.867001016340297,5.734002032680594,-1.433500508170131,-1.433500508170167
573,1,784,.000000000000000,.000000000000000,-2.477941287312256,2.477941287312256
573,2,256,-4.955882574622672,9.911765149245344,-3.911729557495825,-1.044153017126848
573,3,10,-2.867576540367137,5.735153080734275,-1.433788270183568,-1.433788270183569
574,1,784,.000000000000000,.000000000000000,-2.477941287312256,2.477941287312256
574,2,256,-4.955882574622636,9.911765149245273,-3.911685270342790,-1.044197304279852
574,3,10,-2.867487966061059,5.734975932122119,-1.433743983030530,-1.433743983030529
575,1,784,.000000000000000,.000000000000000,-2.477941287312255,2.477941287312255
575,2,256,-4.955882574622630,9.911765149245261,-3.911749899915287,-1.044132674707345
575,3,10,-2.867617225206073,5.735234450412145,-1.433808612603029,-1.433808612603043
576,1,784,.000000000000000,.000000000000000,-2.477941287312258,2.477941287312258
576,2,256,-4.955882574622642,9.911765149245284,-3.911858215708127,-1.044024358914521
576,3,10,-2.867833856791780,5.735667713583560,-1.433916928395869,-1.433916928395911
577,1,784,.000000000000000,.000000000000000,-2.477941287312257,2.477941287312257
577,2,256,-4.955882574622655,9.911765149245310,-3.911933306968594,-1.043949267654063
577,3,10,-2.867984039312642,5.735968078625284,-1.433992019656335,-1.433992019656308
578,1,784,.000000000000000,.000000000000000,-2.477941287312259,2.477941287312259
578,2,256,-4.955882574622649,9.911765149245298,-3.911720400656548,-1.044162173966097
578,3,10,-2.867558226688563,5.735116453377126,-1.433779113344293,-1.433779113344270
579,1,784,.000000000000000,.000000000000000,-2.477941287312256,2.477941287312256
579,2,256,-4.955882574622666,9.911765149245332,-3.911842965234615,-1.044039609388049
579,3,10,-2.867803355844748,5.735606711689496,-1.433901677922361,-1.433901677922388
580,1,784,.000000000000000,.000000000000000,-2.477941287312258,2.477941287312258
580,2,256,-4.955882574622692,9.911765149245383,-3.911916419043041,-1.043966155579649
580,3,10,-2.867950263461563,5.735900526923126,-1.433975131730785,-1.433975131730778
581,1,784,.000000000000000,.000000000000000,-2.477941287312259,2.477941287312259
581,2,256,-4.955882574622636,9.911765149245271,-3.911934671922071,-1.043947902700566
581,3,10,-2.867986769219634,5.735973538439268,-1.433993384609814,-1.433993384609820
582,1,784,.000000000000000,.000000000000000,-2.477941287312258,2.477941287312258
582,2,256,-4.955882574622669,9.911765149245339,-3.911923423118271,-1.043959151504398
582,3,10,-2.867964271612004,5.735928543224008,-1.433982135806016,-1.433982135805989
583,1,784,.000000000000000,.000000000000000,-2.477941287312259,2.477941287312259
583,2,256,-4.955882574622651,9.911765149245301,-3.911996735951884,-1.043885838670769
583,3,10,-2.868110897279286,5.736221794558572,-1.434055448639627,-1.434055448639659
584,1,784,.000000000000000,.000000000000000,-2.477941287312257,2.477941287312257
584,2,256,-4.955882574622618,9.911765149245236,-3.911517600997017,-1.044364973625600
584,3,10,-2.867152627369534,5.734305254739067,-1.433576313684762,-1.433576313684771
585,1,784,.000000000000000,.000000000000000,-2.477941287312259,2.477941287312259
585,2,256,-4.955882574622669,9.911765149245339,-3.912187776912091,-1.043694797710577
585,3,10,-2.868492979199657,5.736985958399314,-1.434246489599836,-1.434246489599821
586,1,784,.000000000000000,.000000000000000,-2.477941287312258,2.477941287312258
586,2,256,-4.955882574622676,9.911765149245351,-3.911999917203232,-1.043882657419443
586,3,10,-2.868117259781948,5.736234519563896,-1.434058629890978,-1.434058629890970
587,1,784,.000000000000000,.000000000000000,-2.477941287312257,2.477941287312257
587,2,256,-4.955882574622652,9.911765149245305,-3.912018591059485,-1.043863983563166
587,3,10,-2.868154607494462,5.736309214988924,-1.434077303747229,-1.434077303747233
588,1,784,.000000000000000,.000000000000000,-2.477941287312258,2.477941287312258
588,2,256,-4.955882574622603,9.911765149245205,-3.911605052849813,-1.044277521772792
588,3,10,-2.867327531075124,5.734655062150248,-1.433663765537559,-1.433663765537566
589,1,784,.000000000000000,.000000000000000,-2.477941287312256,2.477941287312256
589,2,256,-4.955882574622628,9.911765149245255,-3.911934079582153,-1.043948495040476
589,3,10,-2.867985584539785,5.735971169079569,-1.433992792269899,-1.433992792269885
590,1,784,.000000000000000,.000000000000000,-2.477941287312258,2.477941287312258
590,2,256,-4.955882574622672,9.911765149245344,-3.911794624949302,-1.044087949673370
590,3,10,-2.867706675274099,5.735413350548198,-1.433853337637045,-1.433853337637054
591,1,784,.000000000000000,.000000000000000,-2.477941287312260,2.477941287312260
591,2,256,-4.955882574622643,9.911765149245285,-3.911800912628471,-1.044081661994168
591,3,10,-2.867719250632451,5.735438501264902,-1.433859625316213,-1.433859625316237
592,1,784,.000000000000000,.000000000000000,-2.477941287312259,2.477941287312259
592,2,256,-4.955882574622650,9.911765149245300,-3.911459823732995,-1.044422750889654
592,3,10,-2.867037072841478,5.734074145682955,-1.433518536420739,-1.433518536420738
593,1,784,.000000000000000,.000000000000000,-2.477941287312258,2.477941287312258
593,2,256,-4.955882574622649,9.911765149245298,-3.912112325842678,-1.043770248779977
593,3,10,-2.868342077060872,5.736684154121744,-1.434171038530422,-1.434171038530450
594,1,784,.000000000000000,.000000000000000,-2.477941287312257,2.477941287312257
594,2,256,-4.955882574622667,9.911765149245333,-3.911571867969846,-1.044310706652817
594,3,10,-2.867261161315172,5.734522322630345,-1.433630580657591,-1.433630580657582
595,1,784,.000000000000000,.000000000000000,-2.477941287312261,2.477941287312261
595,2,256,-4.955882574622659,9.911765149245317,-3.911672452647073,-1.044210121975587
595,3,10,-2.867462330669584,5.734924661339168,-1.433731165334816,-1.433731165334768
596,1,784,.000000000000000,.000000000000000,-2.477941287312259,2.477941287312259
596,2,256,-4.955882574622630,9.911765149245261,-3.911636679451429,-1.044245895171200
596,3,10,-2.867390784278320,5.734781568556641,-1.433695392139172,-1.433695392139149
597,1,784,.000000000000000,.000000000000000,-2.477941287312257,2.477941287312257
597,2,256,-4.955882574622649,9.911765149245298,-3.911959302408904,-1.043923272213742
597,3,10,-2.868036030193314,5.736072060386627,-1.434018015096648,-1.434018015096665
598,1,784,.000000000000000,.000000000000000,-2.477941287312255,2.477941287312255
598,2,256,-4.955882574622669,9.911765149245339,-3.911958115115818,-1.043924459506856
598,3,10,-2.868033655607118,5.736067311214235,-1.434016827803559,-1.434016827803558
599,1,784,.000000000000000,.000000000000000,-2.477941287312256,2.477941287312256
599,2,256,-4.955882574622628,9.911765149245255,-3.911566218013288,-1.044316356609346
599,3,10,-2.867249861402055,5.734499722804110,-1.433624930701030,-1.433624930701026
600,1,784,.000000000000000,.000000000000000,-2.477941287312258,2.477941287312258
600,2,256,-4.955882574622704,9.911765149245408,-3.912052300791680,-1.043830273831020
600,3,10,-2.868222026958850,5.736444053917699,-1.434111013479425,-1.434111013479424
601,1,784,.000000000000000,.000000000000000,-2.477941287312257,2.477941287312257
601,2,256,-4.955882574622638,9.911765149245277,-3.911880482683881,-1.044002091938756
601,3,10,-2.867878390743260,5.735756781486520,-1.433939195371626,-1.433939195371634
602,1,784,.000000000000000,.000000000000000,-2.477941287312256,2.477941287312256
602,2,256,-4.955882574622608,9.911765149245216,-3.911843765697768,-1.044038808924842
602,3,10,-2.867804956770996,5.735609913541992,-1.433902478385511,-1.433902478385485
603,1,784,.000000000000000,.000000000000000,-2.477941287312257,2.477941287312257
603,2,256,-4.955882574622671,9.911765149245342,-3.912150183569823,-1.043732391052849
603,3,10,-2.868417792515136,5.736835585030272,-1.434208896257566,-1.434208896257570
604,1,784,.000000000000000,.000000000000000,-2.477941287312262,2.477941287312262
604,2,256,-4.955882574622655,9.911765149245310,-3.912310610011615,-1.043571964611040
604,3,10,-2.868738645398736,5.737477290797472,-1.434369322699358,-1.434369322699378
605,1,784,.000000000000000,.000000000000000,-2.477941287312258,2.477941287312258
605,2,256,-4.955882574622647,9.911765149245294,-3.911674090228353,-1.044208484394288
605,3,10,-2.867465605832224,5.734931211664448,-1.433732802916099,-1.433732802916125
606,1,784,.000000000000000,.000000000000000,-2.477941287312256,2.477941287312256
606,2,256,-4.955882574622631,9.911765149245262,-3.911784660504328,-1.044097914118305
606,3,10,-2.867686746384138,5.735373492768277,-1.433843373192072,-1.433843373192067
607,1,784,.000000000000000,.000000000000000,-2.477941287312258,2.477941287312258
607,2,256,-4.955882574622625,9.911765149245250,-3.911912341841889,-1.043970232780736
607,3,10,-2.867942109059217,5.735884218118435,-1.433971054529633,-1.433971054529585
608,1,784,.000000000000000,.000000000000000,-2.477941287312257,2.477941287312257
608,2,256,-4.955882574622605,9.911765149245211,-3.911763728459765,-1.044118846162841
608,3,10,-2.867644882294972,5.735289764589944,-1.433822441147511,-1.433822441147461
609,1,784,.000000000000000,.000000000000000,-2.477941287312259,2.477941287312259
609,2,256,-4.955882574622639,9.911765149245278,-3.912051326458190,-1.043831248164456
609,3,10,-2.868220078291869,5.736440156583737,-1.434110039145932,-1.434110039145937
610,1,784,.000000000000000,.000000000000000,-2.477941287312259,2.477941287312259
610,2,256,-4.955882574622672,9.911765149245344,-3.911787675229401,-1.044094899393276
610,3,10,-2.867692775834261,5.735385551668521,-1.433846387917142,-1.433846387917119
611,1,784,.000000000000000,.000000000000000,-2.477941287312255,2.477941287312255
611,2,256,-4.955882574622608,9.911765149245216,-3.911770226862000,-1.044112347760607
611,3,10,-2.867657879099483,5.735315758198966,-1.433828939549742,-1.433828939549740
612,1,784,.000000000000000,.000000000000000,-2.477941287312256,2.477941287312256
612,2,256,-4.955882574622668,9.911765149245335,-3.911771351349624,-1.044111223273038
612,3,10,-2.867660128074712,5.735320256149425,-1.433830064037369,-1.433830064037344
613,1,784,.000000000000000,.000000000000000,-2.477941287312257,2.477941287312257
613,2,256,-4.955882574622636,9.911765149245271,-3.911862918009458,-1.044019656613180
613,3,10,-2.867843261394444,5.735686522788887,-1.433921630697200,-1.433921630697244
614,1,784,.000000000000000,.000000000000000,-2.477941287312255,2.477941287312255
614,2,256,-4.955882574622641,9.911765149245282,-3.911817911403658,-1.044064663218984
614,3,10,-2.867753248182788,5.735506496365576,-1.433876624091401,-1.433876624091387
615,1,784,.000000000000000,.000000000000000,-2.477941287312257,2.477941287312257
615,2,256,-4.955882574622654,9.911765149245308,-3.911935650772814,-1.043946923849839
615,3,10,-2.867988726921141,5.735977453842281,-1.433994363460557,-1.433994363460584
616,1,784,.000000000000000,.000000000000000,-2.477941287312258,2.477941287312258
616,2,256,-4.955882574622641,9.911765149245282,-3.911884112771215,-1.043998461851418
616,3,10,-2.867885650917953,5.735771301835906,-1.433942825458961,-1.433942825458993
617,1,784,.000000000000000,.000000000000000,-2.477941287312258,2.477941287312258
617,2,256,-4.955882574622644,9.911765149245287,-3.911984923520969,-1.043897651101673
617,3,10,-2.868087272417415,5.736174544834831,-1.434043636208714,-1.434043636208702
618,1,784,.000000000000000,.000000000000000,-2.477941287312257,2.477941287312257
618,2,256,-4.955882574622662,9.911765149245324,-3.911641775539425,-1.044240799083238
618,3,10,-2.867400976454351,5.734801952908701,-1.433700488227167,-1.433700488227184
619,1,784,.000000000000000,.000000000000000,-2.477941287312258,2.477941287312258
619,2,256,-4.955882574622680,9.911765149245360,-3.911853880939094,-1.044028693683587
619,3,10,-2.867825187253665,5.735650374507331,-1.433912593626840,-1.433912593626826
620,1,784,.000000000000000,.000000000000000,-2.477941287312257,2.477941287312257
620,2,256,-4.955882574622614,9.911765149245229,-3.911523967266764,-1.044358607355850
620,3,10,-2.867165359908996,5.734330719817993,-1.433582679954508,-1.433582679954488
621,1,784,.000000000000000,.000000000000000,-2.477941287312261,2.477941287312261
621,2,256,-4.955882574622654,9.911765149245308,-3.912016481569681,-1.043866093052974
621,3,10,-2.868150388514881,5.736300777029762,-1.434075194257427,-1.434075194257455
622,1,784,.000000000000000,.000000000000000,-2.477941287312257,2.477941287312257
622,2,256,-4.955882574622638,9.911765149245277,-3.911936076288075,-1.043946498334565
622,3,10,-2.867989577951616,5.735979155903233,-1.433994788975818,-1.433994788975799
623,1,784,.000000000000000,.000000000000000,-2.477941287312258,2.477941287312258
623,2,256,-4.955882574622629,9.911765149245259,-3.912044394767705,-1.043838179854920
623,3,10,-2.868206214910915,5.736412429821830,-1.434103107455450,-1.434103107455464
624,1,784,.000000000000000,.000000000000000,-2.477941287312262,2.477941287312262
624,2,256,-4.955882574622666,9.911765149245332,-3.911789757335699,-1.044092817286967
624,3,10,-2.867696940046861,5.735393880093723,-1.433848470023441,-1.433848470023420
625,1,784,.000000000000000,.000000000000000,-2.477941287312259,2.477941287312259
625,2,256,-4.955882574622618,9.911765149245236,-3.912045951286615,-1.043836623336006
625,3,10,-2.868209327948696,5.736418655897392,-1.434104663974355,-1.434104663974340
626,1,784,.000000000000000,.000000000000000,-2.477941287312258,2.477941287312258
626,2,256,-4.955882574622658,9.911765149245316,-3.911563196416751,-1.044319378205907
626,3,10,-2.867243818209014,5.734487636418028,-1.433621909104497,-1.433621909104518
627,1,784,.000000000000000,.000000000000000,-2.477941287312254,2.477941287312254
627,2,256,-4.955882574622667,9.911765149245333,-3.911756462385551,-1.044126112237114
627,3,10,-2.867630350146621,5.735260700293242,-1.433815175073295,-1.433815175073326
628,1,784,.000000000000000,.000000000000000,-2.477941287312255,2.477941287312255
628,2,256,-4.955882574622689,9.911765149245378,-3.911638779690083,-1.044243794932604
628,3,10,-2.867394984755669,5.734789969511339,-1.433697492377827,-1.433697492377842
629,1,784,.000000000000000,.000000000000000,-2.477941287312257,2.477941287312257
629,2,256,-4.955882574622704,9.911765149245408,-3.911988289509714,-1.043894285112991
629,3,10,-2.868094004394901,5.736188008789803,-1.434047002197460,-1.434047002197441
630,1,784,.000000000000000,.000000000000000,-2.477941287312257,2.477941287312257
630,2,256,-4.955882574622665,9.911765149245330,-3.911896533652365,-1.043986040970299
630,3,10,-2.867910492680229,5.735820985360458,-1.433955246340109,-1.433955246340121
631,1,784,.000000000000000,.000000000000000,-2.477941287312258,2.477941287312258
631,2,256,-4.955882574622648,9.911765149245296,-3.911532766671716,-1.044349807950932
631,3,10,-2.867182958718883,5.734365917437765,-1.433591479359460,-1.433591479359423
632,1,784,.000000000000000,.000000000000000,-2.477941287312257,2.477941287312257
632,2,256,-4.955882574622646,9.911765149245293,-3.912070160772066,-1.043812413850580
632,3,10,-2.868257746919620,5.736515493839240,-1.434128873459809,-1.434128873459811
633,1,784,.000000000000000,.000000000000000,-2.477941287312259,2.477941287312259
633,2,256,-4.955882574622637,9.911765149245275,-3.912147051792299,-1.043735522830339
633,3,10,-2.868411528960106,5.736823057920213,-1.434205764480046,-1.434205764480060
634,1,784,.000000000000000,.000000000000000,-2.477941287312257,2.477941287312257
634,2,256,-4.955882574622668,9.911765149245335,-3.911923667969003,-1.043958906653664
634,3,10,-2.867964761313485,5.735929522626970,-1.433982380656746,-1.433982380656739
635,1,784,.000000000000000,.000000000000000,-2.477941287312257,2.477941287312257
635,2,256,-4.955882574622634,9.911765149245268,-3.911810843714933,-1.044071730907694
635,3,10,-2.867739112805372,5.735478225610745,-1.433869556402680,-1.433869556402692
636,1,784,.000000000000000,.000000000000000,-2.477941287312257,2.477941287312257
636,2,256,-4.955882574622651,9.911765149245301,-3.912051228032841,-1.043831346589810
636,3,10,-2.868219881441173,5.736439762882346,-1.434109940720584,-1.434109940720588
637,1,784,.000000000000000,.000000000000000,-2.477941287312255,2.477941287312255
637,2,256,-4.955882574622662,9.911765149245324,-3.911845767564469,-1.044036807058192
637,3,10,-2.867808960504443,5.735617921008886,-1.433904480252213,-1.433904480252230
638,1,784,.000000000000000,.000000000000000,-2.477941287312255,2.477941287312255
638,2,256,-4.955882574622630,9.911765149245261,-3.911580103617490,-1.044302471005140
638,3,10,-2.867277632610480,5.734555265220960,-1.433638816305234,-1.433638816305245
639,1,784,.000000000000000,.000000000000000,-2.477941287312253,2.477941287312253
639,2,256,-4.955882574622680,9.911765149245360,-3.911775436912080,-1.044107137710600
639,3,10,-2.867668299199673,5.735336598399346,-1.433834149599823,-1.433834149599850
640,1,784,.000000000000000,.000000000000000,-2.477941287312261,2.477941287312261
640,2,256,-4.955882574622688,9.911765149245376,-3.911589360391451,-1.044293214231240
640,3,10,-2.867296146158351,5.734592292316702,-1.433648073079194,-1.433648073079157
641,1,784,.000000000000000,.000000000000000,-2.477941287312253,2.477941287312253
641,2,256,-4.955882574622653,9.911765149245307,-3.911631177912875,-1.044251396709774
641,3,10,-2.867379781201240,5.734759562402480,-1.433689890600618,-1.433689890600622
642,1,784,.000000000000000,.000000000000000,-2.477941287312259,2.477941287312259
642,2,256,-4.955882574622668,9.911765149245337,-3.911832449135408,-1.044050125487261
642,3,10,-2.867782323646285,5.735564647292571,-1.433891161823154,-1.433891161823132
643,1,784,.000000000000000,.000000000000000,-2.477941287312260,2.477941287312260
643,2,256,-4.955882574622652,9.911765149245303,-3.911876305005074,-1.044006269617580
643,3,10,-2.867870035385629,5.735740070771258,-1.433935017692820,-1.433935017692810
644,1,784,.000000000000000,.000000000000000,-2.477941287312258,2.477941287312258
644,2,256,-4.955882574622638,9.911765149245277,-3.912041803992529,-1.043840770630109
644,3,10,-2.868201033360535,5.736402066721070,-1.434100516680273,-1.434100516680262
645,1,784,.000000000000000,.000000000000000,-2.477941287312258,2.477941287312258
645,2,256,-4.955882574622686,9.911765149245372,-3.912007263418310,-1.043875311204372
645,3,10,-2.868131952212136,5.736263904424272,-1.434065976106055,-1.434065976106080
646,1,784,.000000000000000,.000000000000000,-2.477941287312256,2.477941287312256
646,2,256,-4.955882574622650,9.911765149245300,-3.911619769628424,-1.044262804994222
646,3,10,-2.867356964632324,5.734713929264649,-1.433678482316169,-1.433678482316155
647,1,784,.000000000000000,.000000000000000,-2.477941287312258,2.477941287312258
647,2,256,-4.955882574622684,9.911765149245369,-3.911773314941074,-1.044109259681611
647,3,10,-2.867664055257644,5.735328110515288,-1.433832027628815,-1.433832027628829
648,1,784,.000000000000000,.000000000000000,-2.477941287312257,2.477941287312257
648,2,256,-4.955882574622639,9.911765149245278,-3.911892893523380,-1.043989681099261
648,3,10,-2.867903212422235,5.735806424844470,-1.433951606211123,-1.433951606211112
649,1,784,.000000000000000,.000000000000000,-2.477941287312256,2.477941287312256
649,2,256,-4.955882574622648,9.911765149245296,-3.911413858172274,-1.044468716450377
649,3,10,-2.866945141720038,5.733890283440076,-1.433472570860016,-1.433472570860022
650,1,784,.000000000000000,.000000000000000,-2.477941287312257,2.477941287312257
650,2,256,-4.955882574622632,9.911765149245264,-3.911827750095358,-1.044054824527273
650,3,10,-2.867772925566238,5.735545851132477,-1.433886462783102,-1.433886462783136
651,1,784,.000000000000000,.000000000000000,-2.477941287312258,2.477941287312258
651,2,256,-4.955882574622645,9.911765149245291,-3.911753901420311,-1.044128673202333
651,3,10,-2.867625228216109,5.735250456432217,-1.433812614108055,-1.433812614108054
652,1,784,.000000000000000,.000000000000000,-2.477941287312257,2.477941287312257
652,2,256,-4.955882574622644,9.911765149245287,-3.911997592347142,-1.043884982275502
652,3,10,-2.868112610069780,5.736225220139561,-1.434056305034886,-1.434056305034894
653,1,784,.000000000000000,.000000000000000,-2.477941287312258,2.477941287312258
653,2,256,-4.955882574622670,9.911765149245340,-3.912198939391299,-1.043683635231377
653,3,10,-2.868515304158054,5.737030608316108,-1.434257652079044,-1.434257652079010
654,1,784,.000000000000000,.000000000000000,-2.477941287312258,2.477941287312258
654,2,256,-4.955882574622613,9.911765149245225,-3.911735891417123,-1.044146683205488
654,3,10,-2.867589208209750,5.735178416419500,-1.433794604104866,-1.433794604104884
655,1,784,.000000000000000,.000000000000000,-2.477941287312260,2.477941287312260
655,2,256,-4.955882574622639,9.911765149245278,-3.911638127666376,-1.044244446956261
655,3,10,-2.867393680708275,5.734787361416551,-1.433696840354120,-1.433696840354156
656,1,784,.000000000000000,.000000000000000,-2.477941287312257,2.477941287312257
656,2,256,-4.955882574622677,9.911765149245355,-3.911938053089796,-1.043944521532882
656,3,10,-2.867993531555087,5.735987063110175,-1.433996765777541,-1.433996765777547
657,1,784,.000000000000000,.000000000000000,-2.477941287312257,2.477941287312257
657,2,256,-4.955882574622658,9.911765149245316,-3.911933059085344,-1.043949515537316
657,3,10,-2.867983543546152,5.735967087092304,-1.433991771773091,-1.433991771773062
658,1,784,.000000000000000,.000000000000000,-2.477941287312256,2.477941287312256
658,2,256,-4.955882574622656,9.911765149245312,-3.911887273940067,-1.043995300682594
658,3,10,-2.867891973255591,5.735783946511182,-1.433945986627809,-1.433945986627782
659,1,784,.000000000000000,.000000000000000,-2.477941287312258,2.477941287312258
659,2,256,-4.955882574622662,9.911765149245324,-3.911820185732596,-1.044062388890062
659,3,10,-2.867757796840669,5.735515593681338,-1.433878898420341,-1.433878898420328
660,1,784,.000000000000000,.000000000000000,-2.477941287312260,2.477941287312260
660,2,256,-4.955882574622627,9.911765149245253,-3.911620645569307,-1.044261929053321
660,3,10,-2.867358716514061,5.734717433028123,-1.433679358257051,-1.433679358257010
661,1,784,.000000000000000,.000000000000000,-2.477941287312257,2.477941287312257
661,2,256,-4.955882574622661,9.911765149245323,-3.911932813758657,-1.043949760864002
661,3,10,-2.867983052892792,5.735966105785583,-1.433991526446402,-1.433991526446389
662,1,784,.000000000000000,.000000000000000,-2.477941287312257,2.477941287312257
662,2,256,-4.955882574622641,9.911765149245282,-3.911903394635715,-1.043979179986927
662,3,10,-2.867924214646901,5.735848429293801,-1.433962107323457,-1.433962107323444
663,1,784,.000000000000000,.000000000000000,-2.477941287312253,2.477941287312253
663,2,256,-4.955882574622651,9.911765149245301,-3.911757332371520,-1.044125242251135
663,3,10,-2.867632090118524,5.735264180237047,-1.433816045059263,-1.433816045059261
664,1,784,.000000000000000,.000000000000000,-2.477941287312256,2.477941287312256
664,2,256,-4.955882574622665,9.911765149245330,-3.912015817598697,-1.043866757023965
664,3,10,-2.868149060572891,5.736298121145781,-1.434074530286443,-1.434074530286447
665,1,784,.000000000000000,.000000000000000,-2.477941287312255,2.477941287312255
665,2,256,-4.955882574622660,9.911765149245319,-3.911665692934012,-1.044216881688648
665,3,10,-2.867448811243543,5.734897622487086,-1.433724405621757,-1.433724405621786
666,1,784,.000000000000000,.000000000000000,-2.477941287312259,2.477941287312259
666,2,256,-4.955882574622691,9.911765149245381,-3.911741427853495,-1.044141146769198
666,3,10,-2.867600281082455,5.735200562164909,-1.433800140541238,-1.433800140541217
667,1,784,.000000000000000,.000000000000000,-2.477941287312258,2.477941287312258
667,2,256,-4.955882574622645,9.911765149245291,-3.911796211188568,-1.044086363434080
667,3,10,-2.867709847752680,5.735419695505360,-1.433854923876311,-1.433854923876369
668,1,784,.000000000000000,.000000000000000,-2.477941287312258,2.477941287312258
668,2,256,-4.955882574622617,9.911765149245234,-3.911693821345689,-1.044188753276923
668,3,10,-2.867505068066881,5.735010136133761,-1.433752534033436,-1.433752534033445
669,1,784,.000000000000000,.000000000000000,-2.477941287312255,2.477941287312255
669,2,256,-4.955882574622675,9.911765149245349,-3.911900101813047,-1.043982472809628
669,3,10,-2.867917629001591,5.735835258003182,-1.433958814500792,-1.433958814500799
670,1,784,.000000000000000,.000000000000000,-2.477941287312255,2.477941287312255
670,2,256,-4.955882574622628,9.911765149245257,-3.911940616971196,-1.043941957651431
670,3,10,-2.867998659317831,5.735997318635663,-1.433999329658940,-1.433999329658892
671,1,784,.000000000000000,.000000000000000,-2.477941287312258,2.477941287312258
671,2,256,-4.955882574622616,9.911765149245232,-3.911829697695899,-1.044052876926713
671,3,10,-2.867776820767252,5.735553641534503,-1.433888410383645,-1.433888410383607
672,1,784,.000000000000000,.000000000000000,-2.477941287312256,2.477941287312256
672,2,256,-4.955882574622664,9.911765149245328,-3.911748204293142,-1.044134370329523
672,3,10,-2.867613833961742,5.735227667923485,-1.433806916980886,-1.433806916980856
673,1,784,.000000000000000,.000000000000000,-2.477941287312257,2.477941287312257
673,2,256,-4.955882574622659,9.911765149245317,-3.912017086194189,-1.043865488428466
673,3,10,-2.868151597763858,5.736303195527715,-1.434075798881933,-1.434075798881925
674,1,784,.000000000000000,.000000000000000,-2.477941287312257,2.477941287312257
674,2,256,-4.955882574622684,9.911765149245369,-3.912087130283189,-1.043795444339497
674,3,10,-2.868291685941895,5.736583371883789,-1.434145842970934,-1.434145842970961
675,1,784,.000000000000000,.000000000000000,-2.477941287312259,2.477941287312259
675,2,256,-4.955882574622640,9.911765149245280,-3.911747744441042,-1.044134830181600
675,3,10,-2.867612914257552,5.735225828515103,-1.433806457128787,-1.433806457128765
676,1,784,.000000000000000,.000000000000000,-2.477941287312256,2.477941287312256
676,2,256,-4.955882574622655,9.911765149245310,-3.912159419851737,-1.043723154770916
676,3,10,-2.868436265078994,5.736872530157989,-1.434218132539479,-1.434218132539515
677,1,784,.000000000000000,.000000000000000,-2.477941287312257,2.477941287312257
677,2,256,-4.955882574622695,9.911765149245390,-3.911776846447513,-1.044105728175182
677,3,10,-2.867671118270502,5.735342236541004,-1.433835559135256,-1.433835559135246
678,1,784,.000000000000000,.000000000000000,-2.477941287312258,2.477941287312258
678,2,256,-4.955882574622644,9.911765149245289,-3.911900986031841,-1.043981588590804
678,3,10,-2.867919397439174,5.735838794878348,-1.433959698719587,-1.433959698719587
679,1,784,.000000000000000,.000000000000000,-2.477941287312260,2.477941287312260
679,2,256,-4.955882574622668,9.911765149245335,-3.911511978108423,-1.044370596514240
679,3,10,-2.867141381592344,5.734282763184687,-1.433570690796167,-1.433570690796177
680,1,784,.000000000000000,.000000000000000,-2.477941287312257,2.477941287312257
680,2,256,-4.955882574622667,9.911765149245333,-3.911914462249580,-1.043968112373085
680,3,10,-2.867946349874670,5.735892699749340,-1.433973174937323,-1.433973174937347
681,1,784,.000000000000000,.000000000000000,-2.477941287312261,2.477941287312261
681,2,256,-4.955882574622686,9.911765149245372,-3.911692962923306,-1.044189611699381
681,3,10,-2.867503351222136,5.735006702444273,-1.433751675611051,-1.433751675611085
682,1,784,.000000000000000,.000000000000000,-2.477941287312255,2.477941287312255
682,2,256,-4.955882574622644,9.911765149245289,-3.911930059604955,-1.043952515017692
682,3,10,-2.867977544585381,5.735955089170762,-1.433988772292700,-1.433988772292682
683,1,784,.000000000000000,.000000000000000,-2.477941287312257,2.477941287312257
683,2,256,-4.955882574622641,9.911765149245282,-3.912011161609125,-1.043871413013515
683,3,10,-2.868139748593713,5.736279497187425,-1.434069874296868,-1.434069874296845
684,1,784,.000000000000000,.000000000000000,-2.477941287312257,2.477941287312257
684,2,256,-4.955882574622674,9.911765149245348,-3.911891957938613,-1.043990616684061
684,3,10,-2.867901341252685,5.735802682505371,-1.433950670626356,-1.433950670626329
685,1,784,.000000000000000,.000000000000000,-2.477941287312257,2.477941287312257
685,2,256,-4.955882574622628,9.911765149245255,-3.911432163952302,-1.044450410670329
685,3,10,-2.866981753280091,5.733963506560182,-1.433490876640046,-1.433490876640045
686,1,784,.000000000000000,.000000000000000,-2.477941287312257,2.477941287312257
686,2,256,-4.955882574622679,9.911765149245358,-3.911930094708194,-1.043952479914485
686,3,10,-2.867977614791879,5.735955229583758,-1.433988807395937,-1.433988807395942
687,1,784,.000000000000000,.000000000000000,-2.477941287312257,2.477941287312257
687,2,256,-4.955882574622629,9.911765149245259,-3.911847493828660,-1.044035080793966
687,3,10,-2.867812413032805,5.735624826065610,-1.433906206516407,-1.433906206516399
688,1,784,.000000000000000,.000000000000000,-2.477941287312257,2.477941287312257
688,2,256,-4.955882574622661,9.911765149245323,-3.911848251241171,-1.044034323381489
688,3,10,-2.867813927857831,5.735627855715661,-1.433906963928914,-1.433906963928917
689,1,784,.000000000000000,.000000000000000,-2.477941287312260,2.477941287312260
689,2,256,-4.955882574622622,9.911765149245245,-3.911901991459322,-1.043980583163299
689,3,10,-2.867921408294121,5.735842816588242,-1.433960704147065,-1.433960704147055
690,1,784,.000000000000000,.000000000000000,-2.477941287312257,2.477941287312257
690,2,256,-4.955882574622637,9.911765149245275,-3.912066957640222,-1.043815616982415
690,3,10,-2.868251340655934,5.736502681311868,-1.434125670327969,-1.434125670327965
691,1,784,.000000000000000,.000000000000000,-2.477941287312258,2.477941287312258
691,2,256,-4.955882574622642,9.911765149245284,-3.911994399046955,-1.043888175575687
691,3,10,-2.868106223469398,5.736212446938796,-1.434053111734698,-1.434053111734700
692,1,784,.000000000000000,.000000000000000,-2.477941287312255,2.477941287312255
692,2,256,-4.955882574622616,9.911765149245232,-3.911685111165708,-1.044197463456906
692,3,10,-2.867487647706885,5.734975295413770,-1.433743823853452,-1.433743823853434
693,1,784,.000000000000000,.000000000000000,-2.477941287312255,2.477941287312255
693,2,256,-4.955882574622636,9.911765149245271,-3.912219981558223,-1.043662593064414
693,3,10,-2.868557388491976,5.737114776983953,-1.434278694245966,-1.434278694246010
694,1,784,.000000000000000,.000000000000000,-2.477941287312257,2.477941287312257
694,2,256,-4.955882574622645,9.911765149245291,-3.911709641038899,-1.044172933583744
694,3,10,-2.867536707453303,5.735073414906607,-1.433768353726646,-1.433768353726657
695,1,784,.000000000000000,.000000000000000,-2.477941287312259,2.477941287312259
695,2,256,-4.955882574622645,9.911765149245291,-3.911526398798731,-1.044356175823916
695,3,10,-2.867170222972956,5.734340445945913,-1.433585111486474,-1.433585111486481
696,1,784,.000000000000000,.000000000000000,-2.477941287312254,2.477941287312254
696,2,256,-4.955882574622636,9.911765149245273,-3.911615659605748,-1.044266915016886
696,3,10,-2.867348744586988,5.734697489173976,-1.433674372293492,-1.433674372293496
697,1,784,.000000000000000,.000000000000000,-2.477941287312256,2.477941287312256
697,2,256,-4.955882574622671,9.911765149245342,-3.912042147963230,-1.043840426659444
697,3,10,-2.868201721301926,5.736403442603851,-1.434100860650973,-1.434100860650953
698,1,784,.000000000000000,.000000000000000,-2.477941287312254,2.477941287312254
698,2,256,-4.955882574622668,9.911765149245335,-3.911738505151583,-1.044144069471086
698,3,10,-2.867594435678648,5.735188871357296,-1.433797217839326,-1.433797217839323
699,1,784,.000000000000000,.000000000000000,-2.477941287312257,2.477941287312257
699,2,256,-4.955882574622660,9.911765149245321,-3.911386632890306,-1.044495941732356
699,3,10,-2.866890691156089,5.733781382312178,-1.433445345578051,-1.433445345578038
700,1,784,.000000000000000,.000000000000000,-2.477941287312259,2.477941287312259
700,2,256,-4.955882574622660,9.911765149245321,-3.912109491984056,-1.043773082638602
700,3,10,-2.868336409343593,5.736672818687185,-1.434168204671799,-1.434168204671793
701,1,784,.000000000000000,.000000000000000,-2.477941287312258,2.477941287312258
701,2,256,-4.955882574622636,9.911765149245271,-3.911666709061957,-1.044215865560679
701,3,10,-2.867450843499390,5.734901686998779,-1.433725421749700,-1.433725421749690
702,1,784,.000000000000000,.000000000000000,-2.477941287312254,2.477941287312254
702,2,256,-4.955882574622646,9.911765149245293,-3.911728323945585,-1.044154250677063
702,3,10,-2.867574073266685,5.735148146533371,-1.433787036633330,-1.433787036633355
703,1,784,.000000000000000,.000000000000000,-2.477941287312259,2.477941287312259
703,2,256,-4.955882574622674,9.911765149245348,-3.911887903407860,-1.043994671214816
703,3,10,-2.867893232191175,5.735786464382350,-1.433946616095602,-1.433946616095573
704,1,784,.000000000000000,.000000000000000,-2.477941287312259,2.477941287312259
704,2,256,-4.955882574622613,9.911765149245225,-3.911928372217132,-1.043954202405477
704,3,10,-2.867974169809788,5.735948339619576,-1.433987084904878,-1.433987084904911
705,1,784,.000000000000000,.000000000000000,-2.477941287312258,2.477941287312258
705,2,256,-4.955882574622633,9.911765149245266,-3.911673401823532,-1.044209172799099
705,3,10,-2.867464229022577,5.734928458045154,-1.433732114511275,-1.433732114511302
706,1,784,.000000000000000,.000000000000000,-2.477941287312255,2.477941287312255
706,2,256,-4.955882574622654,9.911765149245308,-3.911684227881798,-1.044198346740859
706,3,10,-2.867485881139070,5.734971762278141,-1.433742940569542,-1.433742940569528
707,1,784,.000000000000000,.000000000000000,-2.477941287312260,2.477941287312260
707,2,256,-4.955882574622658,9.911765149245316,-3.912247248033084,-1.043635326589573
707,3,10,-2.868611921441677,5.737223842883354,-1.434305960720829,-1.434305960720848
708,1,784,.000000000000000,.000000000000000,-2.477941287312255,2.477941287312255
708,2,256,-4.955882574622680,9.911765149245360,-3.912020716322211,-1.043861858300471
708,3,10,-2.868158858019912,5.736317716039824,-1.434079429009955,-1.434079429009958
709,1,784,.000000000000000,.000000000000000,-2.477941287312259,2.477941287312259
709,2,256,-4.955882574622659,9.911765149245317,-3.911607218183183,-1.044275356439475
709,3,10,-2.867331861741885,5.734663723483770,-1.433665930870926,-1.433665930870959
710,1,784,.000000000000000,.000000000000000,-2.477941287312255,2.477941287312255
710,2,256,-4.955882574622653,9.911765149245307,-3.911847864913211,-1.044034709709438
710,3,10,-2.867813155201897,5.735626310403794,-1.433906577600956,-1.433906577600941
711,1,784,.000000000000000,.000000000000000,-2.477941287312256,2.477941287312256
711,2,256,-4.955882574622635,9.911765149245269,-3.912169578392252,-1.043712996230384
711,3,10,-2.868456582159970,5.736913164319939,-1.434228291079995,-1.434228291079974
712,1,784,.000000000000000,.000000000000000,-2.477941287312258,2.477941287312258
712,2,256,-4.955882574622663,9.911765149245326,-3.912010737137654,-1.043871837485012
712,3,10,-2.868138899650809,5.736277799301618,-1.434069449825397,-1.434069449825412
713,1,784,.000000000000000,.000000000000000,-2.477941287312250,2.477941287312250
713,2,256,-4.955882574622605,9.911765149245209,-3.911886721327817,-1.043995853294791
713,3,10,-2.867890868031126,5.735781736062252,-1.433945434015560,-1.433945434015567
714,1,784,.000000000000000,.000000000000000,-2.477941287312257,2.477941287312257
714,2,256,-4.955882574622644,9.911765149245289,-3.911983805799386,-1.043898768823257
714,3,10,-2.868085036974295,5.736170073948590,-1.434042518487131,-1.434042518487165
715,1,784,.000000000000000,.000000000000000,-2.477941287312260,2.477941287312260
715,2,256,-4.955882574622625,9.911765149245250,-3.911821193447064,-1.044061381175555
715,3,10,-2.867759812269634,5.735519624539268,-1.433879906134810,-1.433879906134824
716,1,784,.000000000000000,.000000000000000,-2.477941287312257,2.477941287312257
716,2,256,-4.955882574622646,9.911765149245293,-3.912043798148230,-1.043838776474416
716,3,10,-2.868205021671935,5.736410043343870,-1.434102510835975,-1.434102510835960
717,1,784,.000000000000000,.000000000000000,-2.477941287312258,2.477941287312258
717,2,256,-4.955882574622683,9.911765149245365,-3.911824010546808,-1.044058564075874
717,3,10,-2.867765446469090,5.735530892938181,-1.433882723234552,-1.433882723234539
718,1,784,.000000000000000,.000000000000000,-2.477941287312257,2.477941287312257
718,2,256,-4.955882574622668,9.911765149245337,-3.911906889101621,-1.043975685521051
718,3,10,-2.867931203578713,5.735862407157426,-1.433965601789363,-1.433965601789350
719,1,784,.000000000000000,.000000000000000,-2.477941287312259,2.477941287312259
719,2,256,-4.955882574622618,9.911765149245236,-3.912097312148017,-1.043785262474598
719,3,10,-2.868312049671533,5.736624099343065,-1.434156024835762,-1.434156024835771
720,1,784,.000000000000000,.000000000000000,-2.477941287312255,2.477941287312255
720,2,256,-4.955882574622675,9.911765149245349,-3.912041874117090,-1.043840700505587
720,3,10,-2.868201173609655,5.736402347219309,-1.434100586804832,-1.434100586804822
721,1,784,.000000000000000,.000000000000000,-2.477941287312255,2.477941287312255
721,2,256,-4.955882574622622,9.911765149245245,-3.911514444412156,-1.044368130210467
721,3,10,-2.867146314199779,5.734292628399558,-1.433573157099899,-1.433573157099880
722,1,784,.000000000000000,.000000000000000,-2.477941287312256,2.477941287312256
722,2,256,-4.955882574622644,9.911765149245287,-3.911830940841472,-1.044051633781171
722,3,10,-2.867779307058437,5.735558614116874,-1.433889653529216,-1.433889653529221
723,1,784,.000000000000000,.000000000000000,-2.477941287312259,2.477941287312259
723,2,256,-4.955882574622700,9.911765149245399,-3.911874270828116,-1.044008303794582
723,3,10,-2.867865967031753,5.735731934063507,-1.433932983515861,-1.433932983515892
724,1,784,.000000000000000,.000000000000000,-2.477941287312256,2.477941287312256
724,2,256,-4.955882574622644,9.911765149245289,-3.911418054364963,-1.044464520257680
724,3,10,-2.866953534105428,5.733907068210856,-1.433476767052710,-1.433476767052718
725,1,784,.000000000000000,.000000000000000,-2.477941287312259,2.477941287312259
725,2,256,-4.955882574622659,9.911765149245317,-3.911812032944904,-1.044070541677751
725,3,10,-2.867741491265351,5.735482982530702,-1.433870745632651,-1.433870745632700
726,1,784,.000000000000000,.000000000000000,-2.477941287312256,2.477941287312256
726,2,256,-4.955882574622656,9.911765149245312,-3.911594638984753,-1.044287935637899
726,3,10,-2.867306703345033,5.734613406690067,-1.433653351672497,-1.433653351672536
727,1,784,.000000000000000,.000000000000000,-2.477941287312258,2.477941287312258
727,2,256,-4.955882574622656,9.911765149245312,-3.911725813247336,-1.044156761375320
727,3,10,-2.867569051870138,5.735138103740275,-1.433784525935079,-1.433784525935059
728,1,784,.000000000000000,.000000000000000,-2.477941287312257,2.477941287312257
728,2,256,-4.955882574622632,9.911765149245264,-3.911604090152951,-1.044278484469682
728,3,10,-2.867325605681392,5.734651211362784,-1.433662802840696,-1.433662802840696
729,1,784,.000000000000000,.000000000000000,-2.477941287312258,2.477941287312258
729,2,256,-4.955882574622594,9.911765149245188,-3.911630418444878,-1.044252156177714
729,3,10,-2.867378262265274,5.734756524530548,-1.433689131132623,-1.433689131132652
730,1,784,.000000000000000,.000000000000000,-2.477941287312261,2.477941287312261
730,2,256,-4.955882574622676,9.911765149245351,-3.911952380717986,-1.043930193904689
730,3,10,-2.868022186811438,5.736044373622876,-1.434011093405730,-1.434011093405709
731,1,784,.000000000000000,.000000000000000,-2.477941287312255,2.477941287312255
731,2,256,-4.955882574622666,9.911765149245332,-3.912210565248449,-1.043672009374215
731,3,10,-2.868538555872358,5.737077111744715,-1.434269277936195,-1.434269277936162
732,1,784,.000000000000000,.000000000000000,-2.477941287312259,2.477941287312259
732,2,256,-4.955882574622648,9.911765149245296,-3.912294094424333,-1.043588480198318
732,3,10,-2.868705614224121,5.737411228448241,-1.434352807112072,-1.434352807112048
733,1,784,.000000000000000,.000000000000000,-2.477941287312258,2.477941287312258
733,2,256,-4.955882574622605,9.911765149245209,-3.911829656371397,-1.044052918251214
733,3,10,-2.867776738118263,5.735553476236526,-1.433888369059137,-1.433888369059126
734,1,784,.000000000000000,.000000000000000,-2.477941287312256,2.477941287312256
734,2,256,-4.955882574622667,9.911765149245333,-3.911703606421627,-1.044178968201041
734,3,10,-2.867524638218729,5.735049276437459,-1.433762319109371,-1.433762319109358
735,1,784,.000000000000000,.000000000000000,-2.477941287312253,2.477941287312253
735,2,256,-4.955882574622659,9.911765149245317,-3.911435578475670,-1.044446996146992
735,3,10,-2.866988582326844,5.733977164653687,-1.433494291163412,-1.433494291163432
736,1,784,.000000000000000,.000000000000000,-2.477941287312258,2.477941287312258
736,2,256,-4.955882574622670,9.911765149245340,-3.911640739809084,-1.044241834813586
736,3,10,-2.867398904993659,5.734797809987318,-1.433699452496829,-1.433699452496831
737,1,784,.000000000000000,.000000000000000,-2.477941287312255,2.477941287312255
737,2,256,-4.955882574622651,9.911765149245301,-3.911532278986508,-1.044350295636136
737,3,10,-2.867181983348522,5.734363966697043,-1.433590991674255,-1.433590991674267
738,1,784,.000000000000000,.000000000000000,-2.477941287312258,2.477941287312258
738,2,256,-4.955882574622652,9.911765149245303,-3.911617573547757,-1.044265001074895
738,3,10,-2.867352572470979,5.734705144941959,-1.433676286235499,-1.433676286235480
739,1,784,.000000000000000,.000000000000000,-2.477941287312257,2.477941287312257
739,2,256,-4.955882574622660,9.911765149245319,-3.911824381277536,-1.044058193345121
739,3,10,-2.867766187930540,5.735532375861080,-1.433883093965281,-1.433883093965259
740,1,784,.000000000000000,.000000000000000,-2.477941287312255,2.477941287312255
740,2,256,-4.955882574622684,9.911765149245367,-3.912249061521394,-1.043633513101287
740,3,10,-2.868615548418298,5.737231096836595,-1.434307774209139,-1.434307774209159
741,1,784,.000000000000000,.000000000000000,-2.477941287312255,2.477941287312255
741,2,256,-4.955882574622650,9.911765149245300,-3.911701758241576,-1.044180816381075
741,3,10,-2.867520941858685,5.735041883717369,-1.433760470929323,-1.433760470929362
742,1,784,.000000000000000,.000000000000000,-2.477941287312257,2.477941287312257
742,2,256,-4.955882574622670,9.911765149245340,-3.911841134783793,-1.044041439838878
742,3,10,-2.867799694943088,5.735599389886176,-1.433899847471535,-1.433899847471553
743,1,784,.000000000000000,.000000000000000,-2.477941287312255,2.477941287312255
743,2,256,-4.955882574622647,9.911765149245294,-3.912039835950754,-1.043842738671890
743,3,10,-2.868197097276973,5.736394194553947,-1.434098548638499,-1.434098548638474
744,1,784,.000000000000000,.000000000000000,-2.477941287312255,2.477941287312255
744,2,256,-4.955882574622666,9.911765149245332,-3.912229543829937,-1.043653030792728
744,3,10,-2.868576513035394,5.737153026070788,-1.434288256517681,-1.434288256517713
745,1,784,.000000000000000,.000000000000000,-2.477941287312260,2.477941287312260
745,2,256,-4.955882574622663,9.911765149245326,-3.911377859750491,-1.044504714872172
745,3,10,-2.866873144876469,5.733746289752939,-1.433436572438235,-1.433436572438234
746,1,784,.000000000000000,.000000000000000,-2.477941287312260,2.477941287312260
746,2,256,-4.955882574622652,9.911765149245303,-3.911443625213070,-1.044438949409578
746,3,10,-2.867004675801666,5.734009351603333,-1.433502337900815,-1.433502337900852
747,1,784,.000000000000000,.000000000000000,-2.477941287312258,2.477941287312258
747,2,256,-4.955882574622634,9.911765149245268,-3.911786076088124,-1.044096498534508
747,3,10,-2.867689577551706,5.735379155103413,-1.433844788775871,-1.433844788775836
748,1,784,.000000000000000,.000000000000000,-2.477941287312258,2.477941287312258
748,2,256,-4.955882574622660,9.911765149245321,-3.911453391448607,-1.044429183174050
748,3,10,-2.867024208272642,5.734048416545283,-1.433512104136350,-1.433512104136291
749,1,784,.000000000000000,.000000000000000,-2.477941287312257,2.477941287312257
749,2,256,-4.955882574622656,9.911765149245312,-3.911681182512436,-1.044201392110222
749,3,10,-2.867479790400340,5.734959580800680,-1.433739895200178,-1.433739895200163
750,1,784,.000000000000000,.000000000000000,-2.477941287312258,2.477941287312258
750,2,256,-4.955882574622657,9.911765149245314,-3.911939673186366,-1.043942901436292
750,3,10,-2.867996771748234,5.735993543496468,-1.433998385874111,-1.433998385874123
751,1,784,.000000000000000,.000000000000000,-2.477941287312257,2.477941287312257
751,2,256,-4.955882574622645,9.911765149245291,-3.911369134581934,-1.044513440040710
751,3,10,-2.866855694539366,5.733711389078732,-1.433427847269679,-1.433427847269688
752,1,784,.000000000000000,.000000000000000,-2.477941287312257,2.477941287312257
752,2,256,-4.955882574622629,9.911765149245259,-3.911757242332696,-1.044125332289937
752,3,10,-2.867631910040922,5.735263820081845,-1.433815955020440,-1.433815955020483
753,1,784,.000000000000000,.000000000000000,-2.477941287312261,2.477941287312261
753,2,256,-4.955882574622638,9.911765149245277,-3.912081970353933,-1.043800604268701
753,3,10,-2.868281366083350,5.736562732166701,-1.434140683041675,-1.434140683041675
754,1,784,.000000000000000,.000000000000000,-2.477941287312259,2.477941287312259
754,2,256,-4.955882574622671,9.911765149245342,-3.911954675589034,-1.043927899033638
754,3,10,-2.868026776553581,5.736053553107163,-1.434013388276777,-1.434013388276804
755,1,784,.000000000000000,.000000000000000,-2.477941287312260,2.477941287312260
755,2,256,-4.955882574622650,9.911765149245300,-3.911595082479790,-1.044287492142863
755,3,10,-2.867307590335066,5.734615180670132,-1.433653795167534,-1.433653795167533
756,1,784,.000000000000000,.000000000000000,-2.477941287312259,2.477941287312259
756,2,256,-4.955882574622639,9.911765149245278,-3.911518650666230,-1.044363923956411
756,3,10,-2.867154726707933,5.734309453415865,-1.433577363353973,-1.433577363353960
757,1,784,.000000000000000,.000000000000000,-2.477941287312259,2.477941287312259
757,2,256,-4.955882574622636,9.911765149245271,-3.911894277637604,-1.043988296985031
757,3,10,-2.867905980650687,5.735811961301374,-1.433952990325347,-1.433952990325340
758,1,784,.000000000000000,.000000000000000,-2.477941287312258,2.477941287312258
758,2,256,-4.955882574622684,9.911765149245369,-3.912123038153121,-1.043759536469559
758,3,10,-2.868363501681750,5.736727003363500,-1.434181750840867,-1.434181750840883
759,1,784,.000000000000000,.000000000000000,-2.477941287312258,2.477941287312258
759,2,256,-4.955882574622642,9.911765149245284,-3.911998974301861,-1.043883600320782
759,3,10,-2.868115373979194,5.736230747958388,-1.434057686989603,-1.434057686989591
760,1,784,.000000000000000,.000000000000000,-2.477941287312256,2.477941287312256
760,2,256,-4.955882574622630,9.911765149245261,-3.911555407197503,-1.044327167425133
760,3,10,-2.867228239770512,5.734456479541024,-1.433614119885248,-1.433614119885264
761,1,784,.000000000000000,.000000000000000,-2.477941287312256,2.477941287312256
761,2,256,-4.955882574622652,9.911765149245303,-3.911809402849951,-1.044073171772701
761,3,10,-2.867736231075390,5.735472462150780,-1.433868115537694,-1.433868115537696
762,1,784,.000000000000000,.000000000000000,-2.477941287312258,2.477941287312258
762,2,256,-4.955882574622656,9.911765149245312,-3.911932105622682,-1.043950468999974
762,3,10,-2.867981636620807,5.735963273241614,-1.433990818310427,-1.433990818310381
763,1,784,.000000000000000,.000000000000000,-2.477941287312258,2.477941287312258
763,2,256,-4.955882574622611,9.911765149245221,-3.911660492386918,-1.044222082235695
763,3,10,-2.867438410149348,5.734876820298695,-1.433719205074664,-1.433719205074684
764,1,784,.000000000000000,.000000000000000,-2.477941287312257,2.477941287312257
764,2,256,-4.955882574622643,9.911765149245285,-3.911600040690053,-1.044282533932589
764,3,10,-2.867317506755537,5.734635013511075,-1.433658753377797,-1.433658753377739
765,1,784,.000000000000000,.000000000000000,-2.477941287312255,2.477941287312255
765,2,256,-4.955882574622674,9.911765149245348,-3.911780924837521,-1.044101649785153
765,3,10,-2.867679275050514,5.735358550101028,-1.433839637525265,-1.433839637525249
766,1,784,.000000000000000,.000000000000000,-2.477941287312257,2.477941287312257
766,2,256,-4.955882574622612,9.911765149245223,-3.911425631686563,-1.044456942936046
766,3,10,-2.866968688748603,5.733937377497207,-1.433484344374308,-1.433484344374295
767,1,784,.000000000000000,.000000000000000,-2.477941287312259,2.477941287312259
767,2,256,-4.955882574622701,9.911765149245403,-3.911538546955363,-1.044344027667333
767,3,10,-2.867194519286220,5.734389038572441,-1.433597259643108,-1.433597259643113
768,1,784,.000000000000000,.000000000000000,-2.477941287312258,2.477941287312258
768,2,256,-4.955882574622627,9.911765149245253,-3.911940349266729,-1.043942225355902
768,3,10,-2.867998123908973,5.735996247817947,-1.433999061954468,-1.433999061954506
769,1,784,.000000000000000,.000000000000000,-2.477941287312258,2.477941287312258
769,2,256,-4.955882574622671,9.911765149245342,-3.912033849562795,-1.043848725059873
769,3,10,-2.868185124501084,5.736370249002167,-1.434092562250542,-1.434092562250542
770,1,784,.000000000000000,.000000000000000,-2.477941287312254,2.477941287312254
770,2,256,-4.955882574622655,9.911765149245310,-3.911857083654993,-1.044025490967662
770,3,10,-2.867831592685495,5.735663185370989,-1.433915796342736,-1.433915796342758
771,1,784,.000000000000000,.000000000000000,-2.477941287312257,2.477941287312257
771,2,256,-4.955882574622626,9.911765149245252,-3.911702590799815,-1.044179983822812
771,3,10,-2.867522606975135,5.735045213950270,-1.433761303487558,-1.433761303487577
772,1,784,.000000000000000,.000000000000000,-2.477941287312255,2.477941287312255
772,2,256,-4.955882574622667,9.911765149245333,-3.911867880663750,-1.044014693958914
772,3,10,-2.867853186702944,5.735706373405888,-1.433926593351493,-1.433926593351451
773,1,784,.000000000000000,.000000000000000,-2.477941287312253,2.477941287312253
773,2,256,-4.955882574622646,9.911765149245293,-3.912059450644491,-1.043823123978155
773,3,10,-2.868236326664454,5.736472653328908,-1.434118163332233,-1.434118163332221
774,1,784,.000000000000000,.000000000000000,-2.477941287312258,2.477941287312258
774,2,256,-4.955882574622627,9.911765149245253,-3.912048051462434,-1.043834523160190
774,3,10,-2.868213528300372,5.736427056600744,-1.434106764150179,-1.434106764150192
775,1,784,.000000000000000,.000000000000000,-2.477941287312252,2.477941287312252
775,2,256,-4.955882574622626,9.911765149245252,-3.911962584095162,-1.043919990527469
775,3,10,-2.868042593565800,5.736085187131599,-1.434021296782904,-1.434021296782896
776,1,784,.000000000000000,.000000000000000,-2.477941287312256,2.477941287312256
776,2,256,-4.955882574622644,9.911765149245289,-3.911354577356290,-1.044527997266359
776,3,10,-2.866826580088093,5.733653160176186,-1.433413290044031,-1.433413290044061
777,1,784,.000000000000000,.000000000000000,-2.477941287312258,2.477941287312258
777,2,256,-4.955882574622650,9.911765149245300,-3.912183176403115,-1.043699398219534
777,3,10,-2.868483778181699,5.736967556363397,-1.434241889090863,-1.434241889090836
778,1,784,.000000000000000,.000000000000000,-2.477941287312258,2.477941287312258
778,2,256,-4.955882574622643,9.911765149245285,-3.911544003826903,-1.044338570795741
778,3,10,-2.867205433029287,5.734410866058574,-1.433602716514645,-1.433602716514642
779,1,784,.000000000000000,.000000000000000,-2.477941287312257,2.477941287312257
779,2,256,-4.955882574622637,9.911765149245275,-3.911748460201903,-1.044134114420730
779,3,10,-2.867614345779303,5.735228691558605,-1.433807172889648,-1.433807172889655
780,1,784,.000000000000000,.000000000000000,-2.477941287312258,2.477941287312258
780,2,256,-4.955882574622628,9.911765149245257,-3.912213600648636,-1.043668973973995
780,3,10,-2.868544626672694,5.737089253345388,-1.434272313336378,-1.434272313336316
781,1,784,.000000000000000,.000000000000000,-2.477941287312259,2.477941287312259
781,2,256,-4.955882574622695,9.911765149245390,-3.911568403373262,-1.044314171249431
781,3,10,-2.867254232122002,5.734508464244005,-1.433627116061006,-1.433627116060997
782,1,784,.000000000000000,.000000000000000,-2.477941287312257,2.477941287312257
782,2,256,-4.955882574622668,9.911765149245335,-3.911523889203129,-1.044358685419537
782,3,10,-2.867165203781731,5.734330407563463,-1.433582601890870,-1.433582601890862
783,1,784,.000000000000000,.000000000000000,-2.477941287312256,2.477941287312256
783,2,256,-4.955882574622631,9.911765149245262,-3.911826659000824,-1.044055915621806
783,3,10,-2.867770743377120,5.735541486754241,-1.433885371688568,-1.433885371688553
784,1,784,.000000000000000,.000000000000000,-2.477941287312260,2.477941287312260
784,2,256,-4.955882574622676,9.911765149245353,-3.911828305063714,-1.044054269558959
784,3,10,-2.867774035502935,5.735548071005869,-1.433887017751456,-1.433887017751478
785,1,784,.000000000000000,.000000000000000,-2.477941287312260,2.477941287312260
785,2,256,-4.955882574622652,9.911765149245303,-3.911331367563270,-1.044551207059380
785,3,10,-2.866780160502041,5.733560321004083,-1.433390080251014,-1.433390080251027
786,1,784,.000000000000000,.000000000000000,-2.477941287312262,2.477941287312262
786,2,256,-4.955882574622621,9.911765149245243,-3.912000861771573,-1.043881712851050
786,3,10,-2.868119148918621,5.736238297837242,-1.434059574459319,-1.434059574459303
787,1,784,.000000000000000,.000000000000000,-2.477941287312257,2.477941287312257
787,2,256,-4.955882574622624,9.911765149245248,-3.911897651024378,-1.043984923598247
787,3,10,-2.867912727424240,5.735825454848481,-1.433956363712122,-1.433956363712119
788,1,784,.000000000000000,.000000000000000,-2.477941287312257,2.477941287312257
788,2,256,-4.955882574622642,9.911765149245284,-3.911649681547511,-1.044232893075135
788,3,10,-2.867416788470577,5.734833576941154,-1.433708394235257,-1.433708394235321
789,1,784,.000000000000000,.000000000000000,-2.477941287312256,2.477941287312256
789,2,256,-4.955882574622645,9.911765149245291,-3.911503812066759,-1.044378762555886
789,3,10,-2.867125049509003,5.734250099018006,-1.433562524754503,-1.433562524754500
790,1,784,.000000000000000,.000000000000000,-2.477941287312260,2.477941287312260
790,2,256,-4.955882574622655,9.911765149245310,-3.911891764953032,-1.043990809669622
790,3,10,-2.867900955281531,5.735801910563062,-1.433950477640774,-1.433950477640757
791,1,784,.000000000000000,.000000000000000,-2.477941287312258,2.477941287312258
791,2,256,-4.955882574622605,9.911765149245209,-3.911971407112248,-1.043911167510353
791,3,10,-2.868060239600011,5.736120479200022,-1.434030119799991,-1.434030119800020
792,1,784,.000000000000000,.000000000000000,-2.477941287312259,2.477941287312259
792,2,256,-4.955882574622648,9.911765149245296,-3.911529208913522,-1.044353365709126
792,3,10,-2.867175843202519,5.734351686405039,-1.433587921601267,-1.433587921601252
793,1,784,.000000000000000,.000000000000000,-2.477941287312259,2.477941287312259
793,2,256,-4.955882574622665,9.911765149245330,-3.911489429834486,-1.044393144788177
793,3,10,-2.867096285044443,5.734192570088886,-1.433548142522230,-1.433548142522213
794,1,784,.000000000000000,.000000000000000,-2.477941287312257,2.477941287312257
794,2,256,-4.955882574622597,9.911765149245195,-3.911759666234615,-1.044122908387987
794,3,10,-2.867636757844714,5.735273515689427,-1.433818378922358,-1.433818378922356
795,1,784,.000000000000000,.000000000000000,-2.477941287312257,2.477941287312257
795,2,256,-4.955882574622660,9.911765149245319,-3.911633797439431,-1.044248777183229
795,3,10,-2.867385020254349,5.734770040508699,-1.433692510127171,-1.433692510127178
796,1,784,.000000000000000,.000000000000000,-2.477941287312257,2.477941287312257
796,2,256,-4.955882574622623,9.911765149245246,-3.911762390079723,-1.044120184542901
796,3,10,-2.867642205534973,5.735284411069946,-1.433821102767465,-1.433821102767508
797,1,784,.000000000000000,.000000000000000,-2.477941287312261,2.477941287312261
797,2,256,-4.955882574622668,9.911765149245335,-3.911394436510041,-1.044488138112625
797,3,10,-2.866906298395557,5.733812596791115,-1.433453149197785,-1.433453149197772
798,1,784,.000000000000000,.000000000000000,-2.477941287312256,2.477941287312256
798,2,256,-4.955882574622652,9.911765149245303,-3.911747703007203,-1.044134871615452
798,3,10,-2.867612831389914,5.735225662779828,-1.433806415694946,-1.433806415694967
799,1,784,.000000000000000,.000000000000000,-2.477941287312258,2.477941287312258
799,2,256,-4.955882574622645,9.911765149245291,-3.911742269187116,-1.044140305435528
799,3,10,-2.867601963749725,5.735203927499450,-1.433800981874859,-1.433800981874866
800,1,784,.000000000000000,.000000000000000,-2.477941287312257,2.477941287312257
800,2,256,-4.955882574622644,9.911765149245287,-3.911780248934016,-1.044102325688624
800,3,10,-2.867677923243468,5.735355846486937,-1.433838961621759,-1.433838961621710
801,1,784,.000000000000000,.000000000000000,-2.477941287312259,2.477941287312259
801,2,256,-4.955882574622661,9.911765149245323,-3.911773978313577,-1.044108596309081
801,3,10,-2.867665382002630,5.735330764005259,-1.433832691001323,-1.433832691001307
802,1,784,.000000000000000,.000000000000000,-2.477941287312258,2.477941287312258
802,2,256,-4.955882574622643,9.911765149245285,-3.911884890247630,-1.043997684375013
802,3,10,-2.867887205870743,5.735774411741486,-1.433943602935374,-1.433943602935370
803,1,784,.000000000000000,.000000000000000,-2.477941287312255,2.477941287312255
803,2,256,-4.955882574622641,9.911765149245282,-3.911789255092561,-1.044093319530079
803,3,10,-2.867695935560622,5.735391871121244,-1.433847967780305,-1.433847967780316
804,1,784,.000000000000000,.000000000000000,-2.477941287312258,2.477941287312258
804,2,256,-4.955882574622642,9.911765149245284,-3.911242424174521,-1.044640150448122
804,3,10,-2.866602273724521,5.733204547449042,-1.433301136862264,-1.433301136862257
805,1,784,.000000000000000,.000000000000000,-2.477941287312257,2.477941287312257
805,2,256,-4.955882574622642,9.911765149245284,-3.911792292449156,-1.044090282173485
805,3,10,-2.867702010273790,5.735404020547580,-1.433851005136898,-1.433851005136891
806,1,784,.000000000000000,.000000000000000,-2.477941287312257,2.477941287312257
806,2,256,-4.955882574622657,9.911765149245314,-3.911663167519473,-1.044219407103180
806,3,10,-2.867443760414418,5.734887520828837,-1.433721880207220,-1.433721880207198
807,1,784,.000000000000000,.000000000000000,-2.477941287312258,2.477941287312258
807,2,256,-4.955882574622668,9.911765149245337,-3.911747757019199,-1.044134817603467
807,3,10,-2.867612939413874,5.735225878827747,-1.433806469706943,-1.433806469706930
808,1,784,.000000000000000,.000000000000000,-2.477941287312260,2.477941287312260
808,2,256,-4.955882574622630,9.911765149245261,-3.911729713996402,-1.044152860626227
808,3,10,-2.867576853368321,5.735153706736641,-1.433788426684148,-1.433788426684172
809,1,784,.000000000000000,.000000000000000,-2.477941287312258,2.477941287312258
809,2,256,-4.955882574622651,9.911765149245301,-3.911771827204666,-1.044110747417988
809,3,10,-2.867661079784813,5.735322159569625,-1.433830539892408,-1.433830539892404
810,1,784,.000000000000000,.000000000000000,-2.477941287312256,2.477941287312256
810,2,256,-4.955882574622614,9.911765149245229,-3.911453642903391,-1.044428931719225
810,3,10,-2.867024711182259,5.734049422364518,-1.433512355591134,-1.433512355591125
811,1,784,.000000000000000,.000000000000000,-2.477941287312258,2.477941287312258
811,2,256,-4.955882574622652,9.911765149245305,-3.911403655919782,-1.044478918702867
811,3,10,-2.866924737215049,5.733849474430098,-1.433462368607527,-1.433462368607522
812,1,784,.000000000000000,.000000000000000,-2.477941287312257,2.477941287312257
812,2,256,-4.955882574622667,9.911765149245333,-3.911767608403866,-1.044114966218797
812,3,10,-2.867652642183197,5.735305284366394,-1.433826321091611,-1.433826321091586
813,1,784,.000000000000000,.000000000000000,-2.477941287312261,2.477941287312261
813,2,256,-4.955882574622683,9.911765149245365,-3.911806401861398,-1.044076172761289
813,3,10,-2.867730229098304,5.735460458196608,-1.433865114549140,-1.433865114549164
814,1,784,.000000000000000,.000000000000000,-2.477941287312257,2.477941287312257
814,2,256,-4.955882574622605,9.911765149245211,-3.911804053774334,-1.044078520848270
814,3,10,-2.867725532924158,5.735451065848316,-1.433862766462077,-1.433862766462081
815,1,784,.000000000000000,.000000000000000,-2.477941287312257,2.477941287312257
815,2,256,-4.955882574622620,9.911765149245241,-3.912263838153049,-1.043618736469566
815,3,10,-2.868645101681611,5.737290203363221,-1.434322550840798,-1.434322550840813
816,1,784,.000000000000000,.000000000000000,-2.477941287312255,2.477941287312255
816,2,256,-4.955882574622667,9.911765149245333,-3.911740394375399,-1.044142180247266
816,3,10,-2.867598214126290,5.735196428252580,-1.433799107063141,-1.433799107063150
817,1,784,.000000000000000,.000000000000000,-2.477941287312255,2.477941287312255
817,2,256,-4.955882574622657,9.911765149245314,-3.911360148032294,-1.044522426590365
817,3,10,-2.866837721440086,5.733675442880172,-1.433418860720037,-1.433418860720049
818,1,784,.000000000000000,.000000000000000,-2.477941287312257,2.477941287312257
818,2,256,-4.955882574622646,9.911765149245293,-3.911654373998442,-1.044228200624208
818,3,10,-2.867426173372397,5.734852346744794,-1.433713086686184,-1.433713086686213
819,1,784,.000000000000000,.000000000000000,-2.477941287312259,2.477941287312259
819,2,256,-4.955882574622625,9.911765149245250,-3.911958678862810,-1.043923895759813
819,3,10,-2.868034783101089,5.736069566202177,-1.434017391550555,-1.434017391550534
820,1,784,.000000000000000,.000000000000000,-2.477941287312258,2.477941287312258
820,2,256,-4.955882574622622,9.911765149245245,-3.911820406926013,-1.044062167696609
820,3,10,-2.867758239227547,5.735516478455094,-1.433879119613755,-1.433879119613791
821,1,784,.000000000000000,.000000000000000,-2.477941287312258,2.477941287312258
821,2,256,-4.955882574622621,9.911765149245243,-3.912022844559298,-1.043859730063325
821,3,10,-2.868163114494108,5.736326228988215,-1.434081557247043,-1.434081557247065
822,1,784,.000000000000000,.000000000000000,-2.477941287312254,2.477941287312254
822,2,256,-4.955882574622621,9.911765149245243,-3.912014606738849,-1.043867967883777
822,3,10,-2.868146638853200,5.736293277706399,-1.434073319426594,-1.434073319426605
823,1,784,.000000000000000,.000000000000000,-2.477941287312256,2.477941287312256
823,2,256,-4.955882574622661,9.911765149245323,-3.911892249050601,-1.043990325572062
823,3,10,-2.867901923476678,5.735803846953355,-1.433950961738345,-1.433950961738333
824,1,784,.000000000000000,.000000000000000,-2.477941287312260,2.477941287312260
824,2,256,-4.955882574622660,9.911765149245319,-3.912049008956916,-1.043833565665745
824,3,10,-2.868215443289316,5.736430886578631,-1.434107721644658,-1.434107721644658
825,1,784,.000000000000000,.000000000000000,-2.477941287312254,2.477941287312254
825,2,256,-4.955882574622612,9.911765149245223,-3.911881648648563,-1.044000925974051
825,3,10,-2.867880722672598,5.735761445345195,-1.433940361336307,-1.433940361336291
826,1,784,.000000000000000,.000000000000000,-2.477941287312256,2.477941287312256
826,2,256,-4.955882574622686,9.911765149245372,-3.911922370803100,-1.043960203819584
826,3,10,-2.867962166981646,5.735924333963291,-1.433981083490844,-1.433981083490802
827,1,784,.000000000000000,.000000000000000,-2.477941287312257,2.477941287312257
827,2,256,-4.955882574622668,9.911765149245335,-3.912125038977476,-1.043757535645191
827,3,10,-2.868367503330419,5.736735006660838,-1.434183751665222,-1.434183751665197
828,1,784,.000000000000000,.000000000000000,-2.477941287312257,2.477941287312257
828,2,256,-4.955882574622643,9.911765149245285,-3.912231067705365,-1.043651506917277
828,3,10,-2.868579560786228,5.737159121572456,-1.434289780393108,-1.434289780393120
829,1,784,.000000000000000,.000000000000000,-2.477941287312259,2.477941287312259
829,2,256,-4.955882574622639,9.911765149245278,-3.911766922065532,-1.044115652557105
829,3,10,-2.867651269506537,5.735302539013074,-1.433825634753276,-1.433825634753261
830,1,784,.000000000000000,.000000000000000,-2.477941287312257,2.477941287312257
830,2,256,-4.955882574622660,9.911765149245319,-3.911632236009789,-1.044250338612870
830,3,10,-2.867381897395036,5.734763794790073,-1.433690948697534,-1.433690948697503
831,1,784,.000000000000000,.000000000000000,-2.477941287312260,2.477941287312260
831,2,256,-4.955882574622660,9.911765149245321,-3.911988595473522,-1.043893979149142
831,3,10,-2.868094616322522,5.736189232645044,-1.434047308161264,-1.434047308161257
832,1,784,.000000000000000,.000000000000000,-2.477941287312257,2.477941287312257
832,2,256,-4.955882574622676,9.911765149245353,-3.911594879289486,-1.044287695333192
832,3,10,-2.867307183954448,5.734614367908896,-1.433653591977231,-1.433653591977217
833,1,784,.000000000000000,.000000000000000,-2.477941287312257,2.477941287312257
833,2,256,-4.955882574622636,9.911765149245271,-3.911544471483293,-1.044338103139342
833,3,10,-2.867206368342007,5.734412736684015,-1.433603184171036,-1.433603184170971
834,1,784,.000000000000000,.000000000000000,-2.477941287312261,2.477941287312261
834,2,256,-4.955882574622665,9.911765149245330,-3.911694355984746,-1.044188218637916
834,3,10,-2.867506137344974,5.735012274689947,-1.433753068672491,-1.433753068672482
835,1,784,.000000000000000,.000000000000000,-2.477941287312260,2.477941287312260
835,2,256,-4.955882574622656,9.911765149245312,-3.911860388878281,-1.044022185744367
835,3,10,-2.867838203132047,5.735676406264094,-1.433919101566026,-1.433919101566020
836,1,784,.000000000000000,.000000000000000,-2.477941287312257,2.477941287312257
836,2,256,-4.955882574622654,9.911765149245308,-3.911714582437317,-1.044167992185339
836,3,10,-2.867546590250125,5.735093180500249,-1.433773295125059,-1.433773295125065
837,1,784,.000000000000000,.000000000000000,-2.477941287312256,2.477941287312256
837,2,256,-4.955882574622676,9.911765149245351,-3.911739980180825,-1.044142594441846
837,3,10,-2.867597385737159,5.735194771474318,-1.433798692868572,-1.433798692868587
838,1,784,.000000000000000,.000000000000000,-2.477941287312260,2.477941287312260
838,2,256,-4.955882574622687,9.911765149245374,-3.912200757131912,-1.043681817490778
838,3,10,-2.868518939639325,5.737037879278650,-1.434259469819655,-1.434259469819670
839,1,784,.000000000000000,.000000000000000,-2.477941287312259,2.477941287312259
839,2,256,-4.955882574622632,9.911765149245264,-3.911796798883250,-1.044085775739380
839,3,10,-2.867711023141998,5.735422046283997,-1.433855511570995,-1.433855511571003
840,1,784,.000000000000000,.000000000000000,-2.477941287312255,2.477941287312255
840,2,256,-4.955882574622614,9.911765149245229,-3.911984243972592,-1.043898330650021
840,3,10,-2.868085913320681,5.736171826641361,-1.434042956660335,-1.434042956660345
841,1,784,.000000000000000,.000000000000000,-2.477941287312257,2.477941287312257
841,2,256,-4.955882574622631,9.911765149245262,-3.911848418422325,-1.044034156200309
841,3,10,-2.867814262220157,5.735628524440314,-1.433907131110068,-1.433907131110089
842,1,784,.000000000000000,.000000000000000,-2.477941287312256,2.477941287312256
842,2,256,-4.955882574622650,9.911765149245300,-3.911764398669441,-1.044118175953208
842,3,10,-2.867646222714362,5.735292445428724,-1.433823111357185,-1.433823111357177
843,1,784,.000000000000000,.000000000000000,-2.477941287312260,2.477941287312260
843,2,256,-4.955882574622689,9.911765149245378,-3.912081397062613,-1.043801177560080
843,3,10,-2.868280219500688,5.736560439001376,-1.434140109750354,-1.434140109750334
844,1,784,.000000000000000,.000000000000000,-2.477941287312256,2.477941287312256
844,2,256,-4.955882574622646,9.911765149245293,-3.911625004584882,-1.044257570037766
844,3,10,-2.867367434545248,5.734734869090496,-1.433683717272627,-1.433683717272621
845,1,784,.000000000000000,.000000000000000,-2.477941287312256,2.477941287312256
845,2,256,-4.955882574622668,9.911765149245337,-3.911828250813287,-1.044054323809384
845,3,10,-2.867773927002121,5.735547854004242,-1.433886963501032,-1.433886963501089
846,1,784,.000000000000000,.000000000000000,-2.477941287312260,2.477941287312260
846,2,256,-4.955882574622636,9.911765149245271,-3.911694441680666,-1.044188132941972
846,3,10,-2.867506308736798,5.735012617473595,-1.433753154368410,-1.433753154368387
847,1,784,.000000000000000,.000000000000000,-2.477941287312258,2.477941287312258
847,2,256,-4.955882574622617,9.911765149245234,-3.911818725211045,-1.044063849411574
847,3,10,-2.867754875797588,5.735509751595176,-1.433877437898788,-1.433877437898800
848,1,784,.000000000000000,.000000000000000,-2.477941287312257,2.477941287312257
848,2,256,-4.955882574622644,9.911765149245287,-3.911856364609340,-1.044026210013305
848,3,10,-2.867830154594151,5.735660309188302,-1.433915077297084,-1.433915077297067
849,1,784,.000000000000000,.000000000000000,-2.477941287312257,2.477941287312257
849,2,256,-4.955882574622663,9.911765149245326,-3.911549074670354,-1.044333499952306
849,3,10,-2.867215574716185,5.734431149432370,-1.433607787358098,-1.433607787358087
850,1,784,.000000000000000,.000000000000000,-2.477941287312256,2.477941287312256
850,2,256,-4.955882574622695,9.911765149245390,-3.911725382433419,-1.044157192189276
850,3,10,-2.867568190242348,5.735136380484697,-1.433784095121164,-1.433784095121184
851,1,784,.000000000000000,.000000000000000,-2.477941287312257,2.477941287312257
851,2,256,-4.955882574622651,9.911765149245301,-3.912171106593539,-1.043711468029109
851,3,10,-2.868459638562557,5.736919277125114,-1.434229819281283,-1.434229819281274
852,1,784,.000000000000000,.000000000000000,-2.477941287312257,2.477941287312257
852,2,256,-4.955882574622652,9.911765149245303,-3.911400901843198,-1.044481672779456
852,3,10,-2.866919229061851,5.733838458123703,-1.433459614530942,-1.433459614530909
853,1,784,.000000000000000,.000000000000000,-2.477941287312260,2.477941287312260
853,2,256,-4.955882574622621,9.911765149245243,-3.911671903032796,-1.044210671589823
853,3,10,-2.867461231441081,5.734922462882162,-1.433730615720542,-1.433730615720539
854,1,784,.000000000000000,.000000000000000,-2.477941287312258,2.477941287312258
854,2,256,-4.955882574622616,9.911765149245232,-3.911654740093648,-1.044227834528967
854,3,10,-2.867426905562745,5.734853811125491,-1.433713452781396,-1.433713452781350
855,1,784,.000000000000000,.000000000000000,-2.477941287312258,2.477941287312258
855,2,256,-4.955882574622644,9.911765149245287,-3.912208188560399,-1.043674386062245
855,3,10,-2.868533802496283,5.737067604992566,-1.434266901248144,-1.434266901248139
856,1,784,.000000000000000,.000000000000000,-2.477941287312256,2.477941287312256
856,2,256,-4.955882574622659,9.911765149245317,-3.912007252064528,-1.043875322558130
856,3,10,-2.868131929504530,5.736263859009060,-1.434065964752270,-1.434065964752260
857,1,784,.000000000000000,.000000000000000,-2.477941287312260,2.477941287312260
857,2,256,-4.955882574622672,9.911765149245344,-3.911733182998483,-1.044149391624186
857,3,10,-2.867583791372456,5.735167582744912,-1.433791895686230,-1.433791895686226
858,1,784,.000000000000000,.000000000000000,-2.477941287312258,2.477941287312258
858,2,256,-4.955882574622666,9.911765149245332,-3.911860038752105,-1.044022535870563
858,3,10,-2.867837502879699,5.735675005759399,-1.433918751439848,-1.433918751439851
859,1,784,.000000000000000,.000000000000000,-2.477941287312255,2.477941287312255
859,2,256,-4.955882574622631,9.911765149245262,-3.911948412497591,-1.043934162125039
859,3,10,-2.868014250370670,5.736028500741339,-1.434007125185334,-1.434007125185336
860,1,784,.000000000000000,.000000000000000,-2.477941287312257,2.477941287312257
860,2,256,-4.955882574622648,9.911765149245296,-3.912027955958334,-1.043854618664319
860,3,10,-2.868173337292127,5.736346674584254,-1.434086668646075,-1.434086668646053
861,1,784,.000000000000000,.000000000000000,-2.477941287312258,2.477941287312258
861,2,256,-4.955882574622648,9.911765149245296,-3.911788849412853,-1.044093725209798
861,3,10,-2.867695124201218,5.735390248402435,-1.433847562100597,-1.433847562100620
862,1,784,.000000000000000,.000000000000000,-2.477941287312254,2.477941287312254
862,2,256,-4.955882574622636,9.911765149245273,-3.911883176314948,-1.043999398307687
862,3,10,-2.867883778005340,5.735767556010680,-1.433941889002693,-1.433941889002647
863,1,784,.000000000000000,.000000000000000,-2.477941287312261,2.477941287312261
863,2,256,-4.955882574622644,9.911765149245289,-3.911811162821767,-1.044071411800874
863,3,10,-2.867739751019028,5.735479502038056,-1.433869875509513,-1.433869875509516
864,1,784,.000000000000000,.000000000000000,-2.477941287312255,2.477941287312255
864,2,256,-4.955882574622660,9.911765149245321,-3.911760356436151,-1.044122218186506
864,3,10,-2.867638138247781,5.735276276495562,-1.433819069123897,-1.433819069123884
865,1,784,.000000000000000,.000000000000000,-2.477941287312258,2.477941287312258
865,2,256,-4.955882574622636,9.911765149245271,-3.911713034330643,-1.044169540291992
865,3,10,-2.867543494036759,5.735086988073517,-1.433771747018386,-1.433771747018372
866,1,784,.000000000000000,.000000000000000,-2.477941287312257,2.477941287312257
866,2,256,-4.955882574622670,9.911765149245340,-3.911848819503369,-1.044033755119301
866,3,10,-2.867815064382239,5.735630128764478,-1.433907532191112,-1.433907532191127
867,1,784,.000000000000000,.000000000000000,-2.477941287312257,2.477941287312257
867,2,256,-4.955882574622646,9.911765149245293,-3.911749835730747,-1.044132738891898
867,3,10,-2.867617096836976,5.735234193673953,-1.433808548418492,-1.433808548418483
868,1,784,.000000000000000,.000000000000000,-2.477941287312260,2.477941287312260
868,2,256,-4.955882574622657,9.911765149245314,-3.911708784468612,-1.044173790154044
868,3,10,-2.867534994312675,5.735069988625350,-1.433767497156355,-1.433767497156320
869,1,784,.000000000000000,.000000000000000,-2.477941287312258,2.477941287312258
869,2,256,-4.955882574622630,9.911765149245261,-3.911736357508303,-1.044146217114329
869,3,10,-2.867590140392052,5.735180280784103,-1.433795070196047,-1.433795070196005
870,1,784,.000000000000000,.000000000000000,-2.477941287312256,2.477941287312256
870,2,256,-4.955882574622672,9.911765149245344,-3.911773222015407,-1.044109352607266
870,3,10,-2.867663869406295,5.735327738812591,-1.433831934703152,-1.433831934703143
871,1,784,.000000000000000,.000000000000000,-2.477941287312258,2.477941287312258
871,2,256,-4.955882574622637,9.911765149245275,-3.911926870113118,-1.043955704509519
871,3,10,-2.867971165601756,5.735942331203512,-1.433985582800860,-1.433985582800896
872,1,784,.000000000000000,.000000000000000,-2.477941287312260,2.477941287312260
872,2,256,-4.955882574622628,9.911765149245255,-3.912195952149543,-1.043686622473085
872,3,10,-2.868509329674604,5.737018659349208,-1.434254664837287,-1.434254664837317
873,1,784,.000000000000000,.000000000000000,-2.477941287312256,2.477941287312256
873,2,256,-4.955882574622647,9.911765149245294,-3.911728643245177,-1.044153931377469
873,3,10,-2.867574711865845,5.735149423731690,-1.433787355932921,-1.433787355932924
874,1,784,.000000000000000,.000000000000000,-2.477941287312254,2.477941287312254
874,2,256,-4.955882574622636,9.911765149245273,-3.911671038240858,-1.044211536381778
874,3,10,-2.867459501857220,5.734919003714439,-1.433729750928602,-1.433729750928618
875,1,784,.000000000000000,.000000000000000,-2.477941287312256,2.477941287312256
875,2,256,-4.955882574622643,9.911765149245285,-3.911470653987462,-1.044411920635183
875,3,10,-2.867058733350387,5.734117466700774,-1.433529366675204,-1.433529366675183
876,1,784,.000000000000000,.000000000000000,-2.477941287312259,2.477941287312259
876,2,256,-4.955882574622648,9.911765149245296,-3.911676002300946,-1.044206572321701
876,3,10,-2.867469429977413,5.734938859954827,-1.433734714988689,-1.433734714988725
877,1,784,.000000000000000,.000000000000000,-2.477941287312257,2.477941287312257
877,2,256,-4.955882574622659,9.911765149245317,-3.911867833810291,-1.044014740812364
877,3,10,-2.867853092996061,5.735706185992123,-1.433926546498037,-1.433926546498024
878,1,784,.000000000000000,.000000000000000,-2.477941287312254,2.477941287312254
878,2,256,-4.955882574622649,9.911765149245298,-3.912081720779425,-1.043800853843226
878,3,10,-2.868280866934344,5.736561733868688,-1.434140433467170,-1.434140433467173
879,1,784,.000000000000000,.000000000000000,-2.477941287312261,2.477941287312261
879,2,256,-4.955882574622642,9.911765149245284,-3.912019890101022,-1.043862684521621
879,3,10,-2.868157205577547,5.736314411155095,-1.434078602788766,-1.434078602788782
880,1,784,.000000000000000,.000000000000000,-2.477941287312256,2.477941287312256
880,2,256,-4.955882574622664,9.911765149245328,-3.911527188674436,-1.044355385948223
880,3,10,-2.867171802724350,5.734343605448700,-1.433585901362182,-1.433585901362168
881,1,784,.000000000000000,.000000000000000,-2.477941287312256,2.477941287312256
881,2,256,-4.955882574622629,9.911765149245259,-3.912182793303169,-1.043699781319460
881,3,10,-2.868483011981835,5.736966023963670,-1.434241505990912,-1.434241505990923
882,1,784,.000000000000000,.000000000000000,-2.477941287312257,2.477941287312257
882,2,256,-4.955882574622632,9.911765149245264,-3.912136767215662,-1.043745807406973
882,3,10,-2.868390959806839,5.736781919613677,-1.434195479903404,-1.434195479903435
883,1,784,.000000000000000,.000000000000000,-2.477941287312253,2.477941287312253
883,2,256,-4.955882574622698,9.911765149245396,-3.911686400717160,-1.044196173905533
883,3,10,-2.867490226809806,5.734980453619612,-1.433745113404904,-1.433745113404902
884,1,784,.000000000000000,.000000000000000,-2.477941287312257,2.477941287312257
884,2,256,-4.955882574622599,9.911765149245198,-3.911919743663449,-1.043962830959154
884,3,10,-2.867956912702355,5.735913825404711,-1.433978456351193,-1.433978456351162
885,1,784,.000000000000000,.000000000000000,-2.477941287312260,2.477941287312260
885,2,256,-4.955882574622642,9.911765149245284,-3.911709719773799,-1.044172854848846
885,3,10,-2.867536864923089,5.735073729846178,-1.433768432461540,-1.433768432461549
886,1,784,.000000000000000,.000000000000000,-2.477941287312257,2.477941287312257
886,2,256,-4.955882574622614,9.911765149245229,-3.911884818951019,-1.043997755671601
886,3,10,-2.867887063277550,5.735774126555100,-1.433943531638764,-1.433943531638786
887,1,784,.000000000000000,.000000000000000,-2.477941287312257,2.477941287312257
887,2,256,-4.955882574622646,9.911765149245293,-3.911951211619942,-1.043931363002705
887,3,10,-2.868019848615396,5.736039697230791,-1.434009924307686,-1.434009924307710
888,1,784,.000000000000000,.000000000000000,-2.477941287312259,2.477941287312259
888,2,256,-4.955882574622641,9.911765149245282,-3.911774056499364,-1.044108518123276
888,3,10,-2.867665538374213,5.735331076748427,-1.433832769187107,-1.433832769187107
889,1,784,.000000000000000,.000000000000000,-2.477941287312257,2.477941287312257
889,2,256,-4.955882574622694,9.911765149245388,-3.911734861140371,-1.044147713482323
889,3,10,-2.867587147656232,5.735174295312465,-1.433793573828113,-1.433793573828120
890,1,784,.000000000000000,.000000000000000,-2.477941287312260,2.477941287312260
890,2,256,-4.955882574622606,9.911765149245213,-3.911950635725364,-1.043931938897243
890,3,10,-2.868018696826209,5.736037393652419,-1.434009348413106,-1.434009348413103
891,1,784,.000000000000000,.000000000000000,-2.477941287312255,2.477941287312255
891,2,256,-4.955882574622670,9.911765149245340,-3.911017410595558,-1.044865164027117
891,3,10,-2.866152246566595,5.732304493133190,-1.433076123283301,-1.433076123283294
892,1,784,.000000000000000,.000000000000000,-2.477941287312257,2.477941287312257
892,2,256,-4.955882574622658,9.911765149245316,-3.912236073868675,-1.043646500753984
892,3,10,-2.868589573112828,5.737179146225657,-1.434294786556419,-1.434294786556410
893,1,784,.000000000000000,.000000000000000,-2.477941287312257,2.477941287312257
893,2,256,-4.955882574622704,9.911765149245408,-3.911703197134914,-1.044179377487788
893,3,10,-2.867523819645318,5.735047639290635,-1.433761909822658,-1.433761909822659
894,1,784,.000000000000000,.000000000000000,-2.477941287312258,2.477941287312258
894,2,256,-4.955882574622669,9.911765149245339,-3.911494575079606,-1.044387999543063
894,3,10,-2.867106575534714,5.734213151069428,-1.433553287767351,-1.433553287767363
895,1,784,.000000000000000,.000000000000000,-2.477941287312261,2.477941287312261
895,2,256,-4.955882574622647,9.911765149245294,-3.911317091120968,-1.044565483501680
895,3,10,-2.866751607617405,5.733503215234809,-1.433375803808712,-1.433375803808693
896,1,784,.000000000000000,.000000000000000,-2.477941287312254,2.477941287312254
896,2,256,-4.955882574622682,9.911765149245364,-3.911625404770244,-1.044257169852437
896,3,10,-2.867368234915996,5.734736469831993,-1.433684117457987,-1.433684117458009
897,1,784,.000000000000000,.000000000000000,-2.477941287312257,2.477941287312257
897,2,256,-4.955882574622684,9.911765149245369,-3.911982962230158,-1.043899612392526
897,3,10,-2.868083349835783,5.736166699671566,-1.434041674917900,-1.434041674917883
898,1,784,.000000000000000,.000000000000000,-2.477941287312257,2.477941287312257
898,2,256,-4.955882574622605,9.911765149245211,-3.911695418900794,-1.044187155721813
898,3,10,-2.867508263177104,5.735016526354209,-1.433754131588541,-1.433754131588563
899,1,784,.000000000000000,.000000000000000,-2.477941287312256,2.477941287312256
899,2,256,-4.955882574622647,9.911765149245294,-3.911835397133596,-1.044047177489051
899,3,10,-2.867788219642688,5.735576439285375,-1.433894109821339,-1.433894109821348
900,1,784,.000000000000000,.000000000000000,-2.477941287312259,2.477941287312259
900,2,256,-4.955882574622639,9.911765149245278,-3.912083539616788,-1.043799035005853
900,3,10,-2.868284504609077,5.736569009218154,-1.434142252304531,-1.434142252304546
901,1,784,.000000000000000,.000000000000000,-2.477941287312258,2.477941287312258
901,2,256,-4.955882574622612,9.911765149245223,-3.911622703335159,-1.044259871287457
901,3,10,-2.867362832045784,5.734725664091568,-1.433681416022903,-1.433681416022881
902,1,784,.000000000000000,.000000000000000,-2.477941287312259,2.477941287312259
902,2,256,-4.955882574622641,9.911765149245282,-3.911838691544610,-1.044043883078035
902,3,10,-2.867794808464716,5.735589616929433,-1.433897404232350,-1.433897404232366
903,1,784,.000000000000000,.000000000000000,-2.477941287312256,2.477941287312256
903,2,256,-4.955882574622643,9.911765149245285,-3.911721503360507,-1.044161071262136
903,3,10,-2.867560432096519,5.735120864193037,-1.433780216048250,-1.433780216048268
904,1,784,.000000000000000,.000000000000000,-2.477941287312254,2.477941287312254
904,2,256,-4.955882574622649,9.911765149245298,-3.912051876947029,-1.043830697675621
904,3,10,-2.868221179269556,5.736442358539112,-1.434110589634772,-1.434110589634784
905,1,784,.000000000000000,.000000000000000,-2.477941287312254,2.477941287312254
905,2,256,-4.955882574622667,9.911765149245333,-3.911780586852030,-1.044101987770640
905,3,10,-2.867678599079546,5.735357198159091,-1.433839299539772,-1.433839299539774
906,1,784,.000000000000000,.000000000000000,-2.477941287312258,2.477941287312258
906,2,256,-4.955882574622639,9.911765149245278,-3.911739327888212,-1.044143246734429
906,3,10,-2.867596081151886,5.735192162303773,-1.433798040575956,-1.433798040575930
907,1,784,.000000000000000,.000000000000000,-2.477941287312263,2.477941287312263
907,2,256,-4.955882574622637,9.911765149245275,-3.911631739159277,-1.044250835463357
907,3,10,-2.867380903694076,5.734761807388152,-1.433690451847022,-1.433690451847054
908,1,784,.000000000000000,.000000000000000,-2.477941287312257,2.477941287312257
908,2,256,-4.955882574622664,9.911765149245328,-3.911985655367393,-1.043896919255268
908,3,10,-2.868088736110270,5.736177472220540,-1.434044368055137,-1.434044368055133
909,1,784,.000000000000000,.000000000000000,-2.477941287312258,2.477941287312258
909,2,256,-4.955882574622614,9.911765149245229,-3.911863904548998,-1.044018670073618
909,3,10,-2.867845234473461,5.735690468946922,-1.433922617236742,-1.433922617236719
910,1,784,.000000000000000,.000000000000000,-2.477941287312256,2.477941287312256
910,2,256,-4.955882574622663,9.911765149245326,-3.911909974095409,-1.043972600527256
910,3,10,-2.867937373566305,5.735874747132609,-1.433968686783151,-1.433968686783153
911,1,784,.000000000000000,.000000000000000,-2.477941287312257,2.477941287312257
911,2,256,-4.955882574622619,9.911765149245237,-3.911933148341886,-1.043949426280739
911,3,10,-2.867983722059232,5.735967444118464,-1.433991861029628,-1.433991861029604
912,1,784,.000000000000000,.000000000000000,-2.477941287312260,2.477941287312260
912,2,256,-4.955882574622664,9.911765149245328,-3.911728656767146,-1.044153917855519
912,3,10,-2.867574738909809,5.735149477819617,-1.433787369454888,-1.433787369454921
913,1,784,.000000000000000,.000000000000000,-2.477941287312257,2.477941287312257
913,2,256,-4.955882574622664,9.911765149245328,-3.911805993773936,-1.044076580848729
913,3,10,-2.867729412923360,5.735458825846719,-1.433864706461678,-1.433864706461681
914,1,784,.000000000000000,.000000000000000,-2.477941287312261,2.477941287312261
914,2,256,-4.955882574622689,9.911765149245378,-3.911859645665542,-1.044022928957143
914,3,10,-2.867836716706559,5.735673433413119,-1.433918358353286,-1.433918358353274
915,1,784,.000000000000000,.000000000000000,-2.477941287312256,2.477941287312256
915,2,256,-4.955882574622632,9.911765149245264,-3.912008430361373,-1.043874144261257
915,3,10,-2.868134286098216,5.736268572196432,-1.434067143049120,-1.434067143049096
916,1,784,.000000000000000,.000000000000000,-2.477941287312257,2.477941287312257
916,2,256,-4.955882574622628,9.911765149245255,-3.911967137187521,-1.043915437435110
916,3,10,-2.868051699750561,5.736103399501121,-1.434025849875265,-1.434025849875296
917,1,784,.000000000000000,.000000000000000,-2.477941287312257,2.477941287312257
917,2,256,-4.955882574622650,9.911765149245300,-3.911715188612544,-1.044167386010109
917,3,10,-2.867547802600572,5.735095605201145,-1.433773901300285,-1.433773901300287
918,1,784,.000000000000000,.000000000000000,-2.477941287312257,2.477941287312257
918,2,256,-4.955882574622657,9.911765149245314,-3.912105746011104,-1.043776828611552
918,3,10,-2.868328917397690,5.736657834795380,-1.434164458698851,-1.434164458698839
919,1,784,.000000000000000,.000000000000000,-2.477941287312257,2.477941287312257
919,2,256,-4.955882574622678,9.911765149245356,-3.912147745450419,-1.043734829172255
919,3,10,-2.868412916276364,5.736825832552728,-1.434206458138165,-1.434206458138199
920,1,784,.000000000000000,.000000000000000,-2.477941287312258,2.477941287312258
920,2,256,-4.955882574622635,9.911765149245269,-3.911751367144596,-1.044131207478036
920,3,10,-2.867620159664689,5.735240319329377,-1.433810079832343,-1.433810079832346
921,1,784,.000000000000000,.000000000000000,-2.477941287312257,2.477941287312257
921,2,256,-4.955882574622660,9.911765149245321,-3.911845699918906,-1.044036874703754
921,3,10,-2.867808825213327,5.735617650426653,-1.433904412606649,-1.433904412606677
922,1,784,.000000000000000,.000000000000000,-2.477941287312257,2.477941287312257
922,2,256,-4.955882574622675,9.911765149245349,-3.911580611201181,-1.044301963421498
922,3,10,-2.867278647777852,5.734557295555704,-1.433639323888924,-1.433639323888928
923,1,784,.000000000000000,.000000000000000,-2.477941287312257,2.477941287312257
923,2,256,-4.955882574622644,9.911765149245287,-3.911695568623434,-1.044187005999212
923,3,10,-2.867508562622352,5.735017125244704,-1.433754281311178,-1.433754281311174
924,1,784,.000000000000000,.000000000000000,-2.477941287312256,2.477941287312256
924,2,256,-4.955882574622655,9.911765149245310,-3.911527682085036,-1.044354892537613
924,3,10,-2.867172789545579,5.734345579091158,-1.433586394772782,-1.433586394772798
925,1,784,.000000000000000,.000000000000000,-2.477941287312253,2.477941287312253
925,2,256,-4.955882574622634,9.911765149245268,-3.911548327750857,-1.044334246871774
925,3,10,-2.867214080877217,5.734428161754433,-1.433607040438602,-1.433607040438615
926,1,784,.000000000000000,.000000000000000,-2.477941287312259,2.477941287312259
926,2,256,-4.955882574622674,9.911765149245348,-3.912148431714087,-1.043734142908586
926,3,10,-2.868414288803640,5.736828577607280,-1.434207144401833,-1.434207144401807
927,1,784,.000000000000000,.000000000000000,-2.477941287312260,2.477941287312260
927,2,256,-4.955882574622666,9.911765149245332,-3.911826157259904,-1.044056417362763
927,3,10,-2.867769739895310,5.735539479790620,-1.433884869947647,-1.433884869947663
928,1,784,.000000000000000,.000000000000000,-2.477941287312261,2.477941287312261
928,2,256,-4.955882574622626,9.911765149245252,-3.911825099974036,-1.044057474648589
928,3,10,-2.867767625323568,5.735535250647136,-1.433883812661781,-1.433883812661787
929,1,784,.000000000000000,.000000000000000,-2.477941287312259,2.477941287312259
929,2,256,-4.955882574622655,9.911765149245310,-3.911693046699763,-1.044189527922889
929,3,10,-2.867503518775032,5.735007037550064,-1.433751759387507,-1.433751759387525
930,1,784,.000000000000000,.000000000000000,-2.477941287312254,2.477941287312254
930,2,256,-4.955882574622649,9.911765149245298,-3.911927911362683,-1.043954663259966
930,3,10,-2.867973248100883,5.735946496201765,-1.433986624050428,-1.433986624050455
931,1,784,.000000000000000,.000000000000000,-2.477941287312258,2.477941287312258
931,2,256,-4.955882574622705,9.911765149245410,-3.912045664585217,-1.043836910037491
931,3,10,-2.868208754545919,5.736417509091838,-1.434104377272959,-1.434104377272960
932,1,784,.000000000000000,.000000000000000,-2.477941287312260,2.477941287312260
932,2,256,-4.955882574622635,9.911765149245269,-3.911855039634520,-1.044027534988115
932,3,10,-2.867827504644494,5.735655009288988,-1.433913752322262,-1.433913752322231
933,1,784,.000000000000000,.000000000000000,-2.477941287312254,2.477941287312254
933,2,256,-4.955882574622633,9.911765149245266,-3.911725681511818,-1.044156893110813
933,3,10,-2.867568788399125,5.735137576798251,-1.433784394199562,-1.433784394199563
934,1,784,.000000000000000,.000000000000000,-2.477941287312257,2.477941287312257
934,2,256,-4.955882574622656,9.911765149245312,-3.911845872840820,-1.044036701781834
934,3,10,-2.867809171057175,5.735618342114350,-1.433904585528562,-1.433904585528613
935,1,784,.000000000000000,.000000000000000,-2.477941287312258,2.477941287312258
935,2,256,-4.955882574622640,9.911765149245280,-3.911910637853259,-1.043971936769380
935,3,10,-2.867938701082010,5.735877402164021,-1.433969350541005,-1.433969350541005
936,1,784,.000000000000000,.000000000000000,-2.477941287312257,2.477941287312257
936,2,256,-4.955882574622627,9.911765149245253,-3.911553472528759,-1.044329102093868
936,3,10,-2.867224370433005,5.734448740866010,-1.433612185216502,-1.433612185216503
937,1,784,.000000000000000,.000000000000000,-2.477941287312257,2.477941287312257
937,2,256,-4.955882574622682,9.911765149245364,-3.911683719858658,-1.044198854764025
937,3,10,-2.867484865092838,5.734969730185676,-1.433742432546403,-1.433742432546435
938,1,784,.000000000000000,.000000000000000,-2.477941287312255,2.477941287312255
938,2,256,-4.955882574622646,9.911765149245293,-3.911399123817870,-1.044483450804776
938,3,10,-2.866915673011271,5.733831346022542,-1.433457836505610,-1.433457836505660
939,1,784,.000000000000000,.000000000000000,-2.477941287312257,2.477941287312257
939,2,256,-4.955882574622617,9.911765149245234,-3.911802760398055,-1.044079814224565
939,3,10,-2.867722946171625,5.735445892343249,-1.433861473085797,-1.433861473085828
940,1,784,.000000000000000,.000000000000000,-2.477941287312258,2.477941287312258
940,2,256,-4.955882574622673,9.911765149245346,-3.912000831395992,-1.043881743226685
940,3,10,-2.868119088167464,5.736238176334928,-1.434059544083731,-1.434059544083732
941,1,784,.000000000000000,.000000000000000,-2.477941287312259,2.477941287312259
941,2,256,-4.955882574622669,9.911765149245339,-3.911940917868530,-1.043941656754140
941,3,10,-2.867999261112526,5.735998522225051,-1.433999630556273,-1.433999630556253
942,1,784,.000000000000000,.000000000000000,-2.477941287312258,2.477941287312258
942,2,256,-4.955882574622624,9.911765149245248,-3.911771286792807,-1.044111287829822
942,3,10,-2.867659998961087,5.735319997922174,-1.433829999480550,-1.433829999480537
943,1,784,.000000000000000,.000000000000000,-2.477941287312258,2.477941287312258
943,2,256,-4.955882574622636,9.911765149245271,-3.911936690689343,-1.043945883933297
943,3,10,-2.867990806754144,5.735981613508288,-1.433995403377086,-1.433995403377059
944,1,784,.000000000000000,.000000000000000,-2.477941287312257,2.477941287312257
944,2,256,-4.955882574622643,9.911765149245285,-3.911505281338448,-1.044377293284197
944,3,10,-2.867127988052352,5.734255976104704,-1.433563994026192,-1.433563994026159
945,1,784,.000000000000000,.000000000000000,-2.477941287312258,2.477941287312258
945,2,256,-4.955882574622639,9.911765149245278,-3.912048316163818,-1.043834258458822
945,3,10,-2.868214057703114,5.736428115406228,-1.434107028851561,-1.434107028851553
946,1,784,.000000000000000,.000000000000000,-2.477941287312253,2.477941287312253
946,2,256,-4.955882574622674,9.911765149245348,-3.911693524295725,-1.044189050326945
946,3,10,-2.867504473966939,5.735008947933879,-1.433752236983469,-1.433752236983471
947,1,784,.000000000000000,.000000000000000,-2.477941287312255,2.477941287312255
947,2,256,-4.955882574622633,9.911765149245266,-3.911846921104486,-1.044035653518150
947,3,10,-2.867811267584469,5.735622535168938,-1.433905633792229,-1.433905633792240
948,1,784,.000000000000000,.000000000000000,-2.477941287312256,2.477941287312256
948,2,256,-4.955882574622665,9.911765149245330,-3.911498626638427,-1.044383947984238
948,3,10,-2.867114678652330,5.734229357304660,-1.433557339326172,-1.433557339326158
949,1,784,.000000000000000,.000000000000000,-2.477941287312259,2.477941287312259
949,2,256,-4.955882574622674,9.911765149245348,-3.911675045568799,-1.044207529053875
949,3,10,-2.867467516513085,5.734935033026170,-1.433733758256542,-1.433733758256543
950,1,784,.000000000000000,.000000000000000,-2.477941287312257,2.477941287312257
950,2,256,-4.955882574622680,9.911765149245360,-3.911932086428949,-1.043950488193725
950,3,10,-2.867981598233403,5.735963196466806,-1.433990799116693,-1.433990799116710
951,1,784,.000000000000000,.000000000000000,-2.477941287312254,2.477941287312254
951,2,256,-4.955882574622646,9.911765149245293,-3.911652442619959,-1.044230132002686
951,3,10,-2.867422310615400,5.734844621230800,-1.433711155307702,-1.433711155307697
952,1,784,.000000000000000,.000000000000000,-2.477941287312258,2.477941287312258
952,2,256,-4.955882574622659,9.911765149245317,-3.911508575434952,-1.044373999187708
952,3,10,-2.867134576245377,5.734269152490754,-1.433567288122698,-1.433567288122680
953,1,784,.000000000000000,.000000000000000,-2.477941287312261,2.477941287312261
953,2,256,-4.955882574622642,9.911765149245284,-3.911514308494128,-1.044368266128513
953,3,10,-2.867146042363745,5.734292084727490,-1.433573021181871,-1.433573021181874
954,1,784,.000000000000000,.000000000000000,-2.477941287312258,2.477941287312258
954,2,256,-4.955882574622631,9.911765149245262,-3.912297429211073,-1.043585145411561
954,3,10,-2.868712283797651,5.737424567595302,-1.434356141898818,-1.434356141898834
955,1,784,.000000000000000,.000000000000000,-2.477941287312257,2.477941287312257
955,2,256,-4.955882574622641,9.911765149245282,-3.911612506154077,-1.044270068468565
955,3,10,-2.867342437683605,5.734684875367210,-1.433671218841821,-1.433671218841785
956,1,784,.000000000000000,.000000000000000,-2.477941287312257,2.477941287312257
956,2,256,-4.955882574622636,9.911765149245271,-3.911831685669583,-1.044050888953054
956,3,10,-2.867780796714637,5.735561593429273,-1.433890398357325,-1.433890398357313
957,1,784,.000000000000000,.000000000000000,-2.477941287312258,2.477941287312258
957,2,256,-4.955882574622683,9.911765149245365,-3.911802605083885,-1.044079969538795
957,3,10,-2.867722635543296,5.735445271086593,-1.433861317771631,-1.433861317771665
958,1,784,.000000000000000,.000000000000000,-2.477941287312259,2.477941287312259
958,2,256,-4.955882574622602,9.911765149245204,-3.912162345474268,-1.043720229148340
958,3,10,-2.868442116324047,5.736884232648094,-1.434221058162010,-1.434221058162037
959,1,784,.000000000000000,.000000000000000,-2.477941287312257,2.477941287312257
959,2,256,-4.955882574622621,9.911765149245243,-3.911932160165917,-1.043950414456703
959,3,10,-2.867981745707298,5.735963491414596,-1.433990872853658,-1.433990872853640
960,1,784,.000000000000000,.000000000000000,-2.477941287312257,2.477941287312257
960,2,256,-4.955882574622644,9.911765149245287,-3.911881334045979,-1.044001240576662
960,3,10,-2.867880093467460,5.735760186934920,-1.433940046733724,-1.433940046733736
961,1,784,.000000000000000,.000000000000000,-2.477941287312261,2.477941287312261
961,2,256,-4.955882574622644,9.911765149245289,-3.911647325055415,-1.044235249567226
961,3,10,-2.867412075486326,5.734824150972653,-1.433706037743159,-1.433706037743167
962,1,784,.000000000000000,.000000000000000,-2.477941287312258,2.477941287312258
962,2,256,-4.955882574622628,9.911765149245257,-3.911612957921387,-1.044269616701235
962,3,10,-2.867343341218307,5.734686682436614,-1.433671670609134,-1.433671670609174
963,1,784,.000000000000000,.000000000000000,-2.477941287312259,2.477941287312259
963,2,256,-4.955882574622647,9.911765149245294,-3.911713085776309,-1.044169488846340
963,3,10,-2.867543596928125,5.735087193856250,-1.433771798464054,-1.433771798464070
964,1,784,.000000000000000,.000000000000000,-2.477941287312257,2.477941287312257
964,2,256,-4.955882574622632,9.911765149245264,-3.911834609586627,-1.044047965036005
964,3,10,-2.867786644548755,5.735573289097511,-1.433893322274369,-1.433893322274385
965,1,784,.000000000000000,.000000000000000,-2.477941287312253,2.477941287312253
965,2,256,-4.955882574622646,9.911765149245293,-3.911925021561512,-1.043957553061134
965,3,10,-2.867967468498515,5.735934936997030,-1.433983734249256,-1.433983734249259
966,1,784,.000000000000000,.000000000000000,-2.477941287312256,2.477941287312256
966,2,256,-4.955882574622684,9.911765149245367,-3.911663737812199,-1.044218836810485
966,3,10,-2.867444900999888,5.734889801999776,-1.433722450499945,-1.433722450499943
967,1,784,.000000000000000,.000000000000000,-2.477941287312257,2.477941287312257
967,2,256,-4.955882574622657,9.911765149245314,-3.911480367675447,-1.044402206947212
967,3,10,-2.867078160726345,5.734156321452690,-1.433539080363191,-1.433539080363154
968,1,784,.000000000000000,.000000000000000,-2.477941287312256,2.477941287312256
968,2,256,-4.955882574622661,9.911765149245323,-3.912009289574664,-1.043873285047997
968,3,10,-2.868136004524827,5.736272009049655,-1.434068002262407,-1.434068002262420
969,1,784,.000000000000000,.000000000000000,-2.477941287312262,2.477941287312262
969,2,256,-4.955882574622691,9.911765149245381,-3.911667140890855,-1.044215433731835
969,3,10,-2.867451707157186,5.734903414314371,-1.433725853578598,-1.433725853578588
970,1,784,.000000000000000,.000000000000000,-2.477941287312257,2.477941287312257
970,2,256,-4.955882574622640,9.911765149245280,-3.912059139980982,-1.043823434641655
970,3,10,-2.868235705337471,5.736471410674942,-1.434117852668725,-1.434117852668745
971,1,784,.000000000000000,.000000000000000,-2.477941287312260,2.477941287312260
971,2,256,-4.955882574622640,9.911765149245280,-3.911309934292421,-1.044572640330216
971,3,10,-2.866737293960306,5.733474587920611,-1.433368646980165,-1.433368646980141
972,1,784,.000000000000000,.000000000000000,-2.477941287312257,2.477941287312257
972,2,256,-4.955882574622649,9.911765149245298,-3.911438169345100,-1.044444405277552
972,3,10,-2.866993764065710,5.733987528131419,-1.433496882032843,-1.433496882032866
973,1,784,.000000000000000,.000000000000000,-2.477941287312257,2.477941287312257
973,2,256,-4.955882574622678,9.911765149245356,-3.911746010502017,-1.044136564120660
973,3,10,-2.867609446379508,5.735218892759016,-1.433804723189762,-1.433804723189747
974,1,784,.000000000000000,.000000000000000,-2.477941287312259,2.477941287312259
974,2,256,-4.955882574622636,9.911765149245271,-3.911904853644353,-1.043977720978284
974,3,10,-2.867927132664199,5.735854265328398,-1.433963566332099,-1.433963566332100
975,1,784,.000000000000000,.000000000000000,-2.477941287312256,2.477941287312256
975,2,256,-4.955882574622651,9.911765149245301,-3.911877374723038,-1.044005199899614
975,3,10,-2.867872174821533,5.735744349643067,-1.433936087410779,-1.433936087410754
976,1,784,.000000000000000,.000000000000000,-2.477941287312258,2.477941287312258
976,2,256,-4.955882574622609,9.911765149245218,-3.911878998562453,-1.044003576060157
976,3,10,-2.867875422500399,5.735750845000799,-1.433937711250197,-1.433937711250202
977,1,784,.000000000000000,.000000000000000,-2.477941287312254,2.477941287312254
977,2,256,-4.955882574622676,9.911765149245351,-3.911754204627734,-1.044128369994934
977,3,10,-2.867625834630938,5.735251669261875,-1.433812917315478,-1.433812917315460
978,1,784,.000000000000000,.000000000000000,-2.477941287312259,2.477941287312259
978,2,256,-4.955882574622648,9.911765149245296,-3.911710940125021,-1.044171634497628
978,3,10,-2.867539305625547,5.735078611251094,-1.433769652812765,-1.433769652812782
979,1,784,.000000000000000,.000000000000000,-2.477941287312258,2.477941287312258
979,2,256,-4.955882574622628,9.911765149245257,-3.911926749201034,-1.043955825421598
979,3,10,-2.867970923777529,5.735941847555058,-1.433985461888777,-1.433985461888752
980,1,784,.000000000000000,.000000000000000,-2.477941287312253,2.477941287312253
980,2,256,-4.955882574622639,9.911765149245278,-3.911707840818198,-1.044174733804441
980,3,10,-2.867533107011909,5.735066214023818,-1.433766553505944,-1.433766553505965
981,1,784,.000000000000000,.000000000000000,-2.477941287312261,2.477941287312261
981,2,256,-4.955882574622652,9.911765149245305,-3.911877718447956,-1.044004856174698
981,3,10,-2.867872862271395,5.735745724542790,-1.433936431135701,-1.433936431135694
982,1,784,.000000000000000,.000000000000000,-2.477941287312258,2.477941287312258
982,2,256,-4.955882574622646,9.911765149245293,-3.911672246731216,-1.044210327891431
982,3,10,-2.867461918837889,5.734923837675778,-1.433730959418960,-1.433730959418929
983,1,784,.000000000000000,.000000000000000,-2.477941287312257,2.477941287312257
983,2,256,-4.955882574622647,9.911765149245294,-3.911706792583748,-1.044175782038897
983,3,10,-2.867531010543002,5.735062021086003,-1.433765505271492,-1.433765505271509
984,1,784,.000000000000000,.000000000000000,-2.477941287312257,2.477941287312257
984,2,256,-4.955882574622644,9.911765149245289,-3.912198390840970,-1.043684183781674
984,3,10,-2.868514207057420,5.737028414114840,-1.434257103528714,-1.434257103528706
985,1,784,.000000000000000,.000000000000000,-2.477941287312256,2.477941287312256
985,2,256,-4.955882574622628,9.911765149245255,-3.912119024669756,-1.043763549952873
985,3,10,-2.868355474714974,5.736710949429948,-1.434177737357498,-1.434177737357476
986,1,784,.000000000000000,.000000000000000,-2.477941287312258,2.477941287312258
986,2,256,-4.955882574622651,9.911765149245301,-3.911745877140204,-1.044136697482449
986,3,10,-2.867609179655870,5.735218359311741,-1.433804589827949,-1.433804589827922
987,1,784,.000000000000000,.000000000000000,-2.477941287312255,2.477941287312255
987,2,256,-4.955882574622658,9.911765149245316,-3.911422090249232,-1.044460484373425
987,3,10,-2.866961605873948,5.733923211747896,-1.433480802936977,-1.433480802936971
988,1,784,.000000000000000,.000000000000000,-2.477941287312252,2.477941287312252
988,2,256,-4.955882574622624,9.911765149245248,-3.911553704667856,-1.044328869954767
988,3,10,-2.867224834711227,5.734449669422453,-1.433612417355601,-1.433612417355626
989,1,784,.000000000000000,.000000000000000,-2.477941287312258,2.477941287312258
989,2,256,-4.955882574622665,9.911765149245330,-3.911843767075343,-1.044038807547327
989,3,10,-2.867804959526169,5.735609919052338,-1.433902479763085,-1.433902479763085
990,1,784,.000000000000000,.000000000000000,-2.477941287312253,2.477941287312253
990,2,256,-4.955882574622671,9.911765149245342,-3.911753711260101,-1.044128863362564
990,3,10,-2.867624847895665,5.735249695791330,-1.433812423947846,-1.433812423947819
991,1,784,.000000000000000,.000000000000000,-2.477941287312256,2.477941287312256
991,2,256,-4.955882574622698,9.911765149245396,-3.911873800719056,-1.044008773903639
991,3,10,-2.867865026813588,5.735730053627176,-1.433932513406799,-1.433932513406789
992,1,784,.000000000000000,.000000000000000,-2.477941287312262,2.477941287312262
992,2,256,-4.955882574622651,9.911765149245301,-3.911732791919023,-1.044149782703630
992,3,10,-2.867583009213531,5.735166018427061,-1.433791504606766,-1.433791504606765
993,1,784,.000000000000000,.000000000000000,-2.477941287312254,2.477941287312254
993,2,256,-4.955882574622657,9.911765149245314,-3.911966629972995,-1.043915944649668
993,3,10,-2.868050685321467,5.736101370642935,-1.434025342660736,-1.434025342660731
994,1,784,.000000000000000,.000000000000000,-2.477941287312258,2.477941287312258
994,2,256,-4.955882574622597,9.911765149245195,-3.911819788491773,-1.044062786130827
994,3,10,-2.867757002359042,5.735514004718084,-1.433878501179515,-1.433878501179527
995,1,784,.000000000000000,.000000000000000,-2.477941287312258,2.477941287312258
995,2,256,-4.955882574622644,9.911765149245287,-3.911986311614087,-1.043896263008558
995,3,10,-2.868090048603652,5.736180097207304,-1.434045024301829,-1.434045024301823
996,1,784,.000000000000000,.000000000000000,-2.477941287312258,2.477941287312258
996,2,256,-4.955882574622691,9.911765149245381,-3.911625297140338,-1.044257277482358
996,3,10,-2.867368019656153,5.734736039312306,-1.433684009828081,-1.433684009828072
997,1,784,.000000000000000,.000000000000000,-2.477941287312253,2.477941287312253
997,2,256,-4.955882574622630,9.911765149245261,-3.912094827411837,-1.043787747210795
997,3,10,-2.868307080199123,5.736614160398246,-1.434153540099577,-1.434153540099546
998,1,784,.000000000000000,.000000000000000,-2.477941287312257,2.477941287312257
998,2,256,-4.955882574622681,9.911765149245362,-3.911739836963767,-1.044142737658910
998,3,10,-2.867597099303021,5.735194198606042,-1.433798549651510,-1.433798549651510
999,1,784,.000000000000000,.000000000000000,-2.477941287312256,2.477941287312256
999,2,256,-4.955882574622637,9.911765149245275,-3.911732741374799,-1.044149833247842
999,3,10,-2.867582908125067,5.735165816250134,-1.433791454062542,-1.433791454062526
1000,1,784,.000000000000000,.000000000000000,-2.477941287312252,2.477941287312252
1000,2,256,-4.955882574622669,9.911765149245339,-3.911393755949484,-1.044488818673184
1000,3,10,-2.866904937274469,5.733809874548938,-1.433452468637229,-1.433452468637239
